dataset,sample_id,source_id,label,dataset_revision
DeepVoice,DEEPVOICE_REAL_biden-original_frag0,DEEPVOICE_REAL_biden-original_frag0,0,cc3bdf544cfc09bd9cc788f7f022ba1af9daf701
DeepVoice,DEEPVOICE_REAL_biden-original_frag1,DEEPVOICE_REAL_biden-original_frag1,0,cc3bdf544cfc09bd9cc788f7f022ba1af9daf701
DeepVoice,DEEPVOICE_REAL_biden-original_frag10,DEEPVOICE_REAL_biden-original_frag10,0,cc3bdf544cfc09bd9cc788f7f022ba1af9daf701
DeepVoice,DEEPVOICE_REAL_biden-original_frag100,DEEPVOICE_REAL_biden-original_frag100,0,cc3bdf544cfc09bd9cc788f7f022ba1af9daf701
DeepVoice,DEEPVOICE_REAL_biden-original_frag11,DEEPVOICE_REAL_biden-original_frag11,0,cc3bdf544cfc09bd9cc788f7f022ba1af9daf701
DeepVoice,DEEPVOICE_REAL_biden-original_frag12,DEEPVOICE_REAL_biden-original_frag12,0,cc3bdf544cfc09bd9cc788f7f022ba1af9daf701
DeepVoice,DEEPVOICE_REAL_biden-original_frag13,DEEPVOICE_REAL_biden-original_frag13,0,cc3bdf544cfc09bd9cc788f7f022ba1af9daf701
DeepVoice,DEEPVOICE_REAL_biden-original_frag14,DEEPVOICE_REAL_biden-original_frag14,0,cc3bdf544cfc09bd9cc788f7f022ba1af9daf701
DeepVoice,DEEPVOICE_REAL_biden-original_frag15,DEEPVOICE_REAL_biden-original_frag15,0,cc3bdf544cfc09bd9cc788f7f022ba1af9daf701
DeepVoice,DEEPVOICE_REAL_biden-original_frag16,DEEPVOICE_REAL_biden-original_frag16,0,cc3bdf544cfc09bd9cc788f7f022ba1af9daf701
DeepVoice,DEEPVOICE_REAL_biden-original_frag17,DEEPVOICE_REAL_biden-original_frag17,0,cc3bdf544cfc09bd9cc788f7f022ba1af9daf701
DeepVoice,DEEPVOICE_REAL_biden-original_frag18,DEEPVOICE_REAL_biden-original_frag18,0,cc3bdf544cfc09bd9cc788f7f022ba1af9daf701
DeepVoice,DEEPVOICE_REAL_biden-original_frag19,DEEPVOICE_REAL_biden-original_frag19,0,cc3bdf544cfc09bd9cc788f7f022ba1af9daf701
DeepVoice,DEEPVOICE_REAL_biden-original_frag2,DEEPVOICE_REAL_biden-original_frag2,0,cc3bdf544cfc09bd9cc788f7f022ba1af9daf701
DeepVoice,DEEPVOICE_REAL_biden-original_frag20,DEEPVOICE_REAL_biden-original_frag20,0,cc3bdf544cfc09bd9cc788f7f022ba1af9daf701
DeepVoice,DEEPVOICE_REAL_biden-original_frag21,DEEPVOICE_REAL_biden-original_frag21,0,cc3bdf544cfc09bd9cc788f7f022ba1af9daf701
DeepVoice,DEEPVOICE_REAL_biden-original_frag22,DEEPVOICE_REAL_biden-original_frag22,0,cc3bdf544cfc09bd9cc788f7f022ba1af9daf701
DeepVoice,DEEPVOICE_REAL_biden-original_frag23,DEEPVOICE_REAL_biden-original_frag23,0,cc3bdf544cfc09bd9cc788f7f022ba1af9daf701
DeepVoice,DEEPVOICE_REAL_biden-original_frag24,DEEPVOICE_REAL_biden-original_frag24,0,cc3bdf544cfc09bd9cc788f7f022ba1af9daf701
DeepVoice,DEEPVOICE_REAL_biden-original_frag25,DEEPVOICE_REAL_biden-original_frag25,0,cc3bdf544cfc09bd9cc788f7f022ba1af9daf701
DeepVoice,DEEPVOICE_REAL_biden-original_frag26,DEEPVOICE_REAL_biden-original_frag26,0,cc3bdf544cfc09bd9cc788f7f022ba1af9daf701
DeepVoice,DEEPVOICE_REAL_biden-original_frag27,DEEPVOICE_REAL_biden-original_frag27,0,cc3bdf544cfc09bd9cc788f7f022ba1af9daf701
DeepVoice,DEEPVOICE_REAL_biden-original_frag28,DEEPVOICE_REAL_biden-original_frag28,0,cc3bdf544cfc09bd9cc788f7f022ba1af9daf701
DeepVoice,DEEPVOICE_REAL_biden-original_frag29,DEEPVOICE_REAL_biden-original_frag29,0,cc3bdf544cfc09bd9cc788f7f022ba1af9daf701
DeepVoice,DEEPVOICE_REAL_biden-original_frag3,DEEPVOICE_REAL_biden-original_frag3,0,cc3bdf544cfc09bd9cc788f7f022ba1af9daf701
DeepVoice,DEEPVOICE_REAL_biden-original_frag30,DEEPVOICE_REAL_biden-original_frag30,0,cc3bdf544cfc09bd9cc788f7f022ba1af9daf701
DeepVoice,DEEPVOICE_REAL_biden-original_frag31,DEEPVOICE_REAL_biden-original_frag31,0,cc3bdf544cfc09bd9cc788f7f022ba1af9daf701
DeepVoice,DEEPVOICE_REAL_biden-original_frag32,DEEPVOICE_REAL_biden-original_frag32,0,cc3bdf544cfc09bd9cc788f7f022ba1af9daf701
DeepVoice,DEEPVOICE_REAL_biden-original_frag33,DEEPVOICE_REAL_biden-original_frag33,0,cc3bdf544cfc09bd9cc788f7f022ba1af9daf701
DeepVoice,DEEPVOICE_REAL_biden-original_frag34,DEEPVOICE_REAL_biden-original_frag34,0,cc3bdf544cfc09bd9cc788f7f022ba1af9daf701
DeepVoice,DEEPVOICE_REAL_biden-original_frag35,DEEPVOICE_REAL_biden-original_frag35,0,cc3bdf544cfc09bd9cc788f7f022ba1af9daf701
DeepVoice,DEEPVOICE_REAL_biden-original_frag36,DEEPVOICE_REAL_biden-original_frag36,0,cc3bdf544cfc09bd9cc788f7f022ba1af9daf701
DeepVoice,DEEPVOICE_REAL_biden-original_frag37,DEEPVOICE_REAL_biden-original_frag37,0,cc3bdf544cfc09bd9cc788f7f022ba1af9daf701
DeepVoice,DEEPVOICE_REAL_biden-original_frag38,DEEPVOICE_REAL_biden-original_frag38,0,cc3bdf544cfc09bd9cc788f7f022ba1af9daf701
DeepVoice,DEEPVOICE_REAL_biden-original_frag39,DEEPVOICE_REAL_biden-original_frag39,0,cc3bdf544cfc09bd9cc788f7f022ba1af9daf701
DeepVoice,DEEPVOICE_REAL_biden-original_frag4,DEEPVOICE_REAL_biden-original_frag4,0,cc3bdf544cfc09bd9cc788f7f022ba1af9daf701
DeepVoice,DEEPVOICE_REAL_biden-original_frag40,DEEPVOICE_REAL_biden-original_frag40,0,cc3bdf544cfc09bd9cc788f7f022ba1af9daf701
DeepVoice,DEEPVOICE_REAL_biden-original_frag41,DEEPVOICE_REAL_biden-original_frag41,0,cc3bdf544cfc09bd9cc788f7f022ba1af9daf701
DeepVoice,DEEPVOICE_REAL_biden-original_frag42,DEEPVOICE_REAL_biden-original_frag42,0,cc3bdf544cfc09bd9cc788f7f022ba1af9daf701
DeepVoice,DEEPVOICE_REAL_biden-original_frag43,DEEPVOICE_REAL_biden-original_frag43,0,cc3bdf544cfc09bd9cc788f7f022ba1af9daf701
DeepVoice,DEEPVOICE_REAL_biden-original_frag44,DEEPVOICE_REAL_biden-original_frag44,0,cc3bdf544cfc09bd9cc788f7f022ba1af9daf701
DeepVoice,DEEPVOICE_REAL_biden-original_frag45,DEEPVOICE_REAL_biden-original_frag45,0,cc3bdf544cfc09bd9cc788f7f022ba1af9daf701
DeepVoice,DEEPVOICE_REAL_biden-original_frag46,DEEPVOICE_REAL_biden-original_frag46,0,cc3bdf544cfc09bd9cc788f7f022ba1af9daf701
DeepVoice,DEEPVOICE_REAL_biden-original_frag47,DEEPVOICE_REAL_biden-original_frag47,0,cc3bdf544cfc09bd9cc788f7f022ba1af9daf701
DeepVoice,DEEPVOICE_REAL_biden-original_frag48,DEEPVOICE_REAL_biden-original_frag48,0,cc3bdf544cfc09bd9cc788f7f022ba1af9daf701
DeepVoice,DEEPVOICE_REAL_biden-original_frag49,DEEPVOICE_REAL_biden-original_frag49,0,cc3bdf544cfc09bd9cc788f7f022ba1af9daf701
DeepVoice,DEEPVOICE_REAL_biden-original_frag5,DEEPVOICE_REAL_biden-original_frag5,0,cc3bdf544cfc09bd9cc788f7f022ba1af9daf701
DeepVoice,DEEPVOICE_REAL_biden-original_frag50,DEEPVOICE_REAL_biden-original_frag50,0,cc3bdf544cfc09bd9cc788f7f022ba1af9daf701
DeepVoice,DEEPVOICE_REAL_biden-original_frag51,DEEPVOICE_REAL_biden-original_frag51,0,cc3bdf544cfc09bd9cc788f7f022ba1af9daf701
DeepVoice,DEEPVOICE_REAL_biden-original_frag52,DEEPVOICE_REAL_biden-original_frag52,0,cc3bdf544cfc09bd9cc788f7f022ba1af9daf701
DeepVoice,DEEPVOICE_REAL_biden-original_frag53,DEEPVOICE_REAL_biden-original_frag53,0,cc3bdf544cfc09bd9cc788f7f022ba1af9daf701
DeepVoice,DEEPVOICE_REAL_biden-original_frag54,DEEPVOICE_REAL_biden-original_frag54,0,cc3bdf544cfc09bd9cc788f7f022ba1af9daf701
DeepVoice,DEEPVOICE_REAL_biden-original_frag55,DEEPVOICE_REAL_biden-original_frag55,0,cc3bdf544cfc09bd9cc788f7f022ba1af9daf701
DeepVoice,DEEPVOICE_REAL_biden-original_frag56,DEEPVOICE_REAL_biden-original_frag56,0,cc3bdf544cfc09bd9cc788f7f022ba1af9daf701
DeepVoice,DEEPVOICE_REAL_biden-original_frag57,DEEPVOICE_REAL_biden-original_frag57,0,cc3bdf544cfc09bd9cc788f7f022ba1af9daf701
DeepVoice,DEEPVOICE_REAL_biden-original_frag58,DEEPVOICE_REAL_biden-original_frag58,0,cc3bdf544cfc09bd9cc788f7f022ba1af9daf701
DeepVoice,DEEPVOICE_REAL_biden-original_frag59,DEEPVOICE_REAL_biden-original_frag59,0,cc3bdf544cfc09bd9cc788f7f022ba1af9daf701
DeepVoice,DEEPVOICE_REAL_biden-original_frag6,DEEPVOICE_REAL_biden-original_frag6,0,cc3bdf544cfc09bd9cc788f7f022ba1af9daf701
DeepVoice,DEEPVOICE_REAL_biden-original_frag60,DEEPVOICE_REAL_biden-original_frag60,0,cc3bdf544cfc09bd9cc788f7f022ba1af9daf701
DeepVoice,DEEPVOICE_REAL_biden-original_frag61,DEEPVOICE_REAL_biden-original_frag61,0,cc3bdf544cfc09bd9cc788f7f022ba1af9daf701
DeepVoice,DEEPVOICE_REAL_biden-original_frag62,DEEPVOICE_REAL_biden-original_frag62,0,cc3bdf544cfc09bd9cc788f7f022ba1af9daf701
DeepVoice,DEEPVOICE_REAL_biden-original_frag63,DEEPVOICE_REAL_biden-original_frag63,0,cc3bdf544cfc09bd9cc788f7f022ba1af9daf701
DeepVoice,DEEPVOICE_REAL_biden-original_frag64,DEEPVOICE_REAL_biden-original_frag64,0,cc3bdf544cfc09bd9cc788f7f022ba1af9daf701
DeepVoice,DEEPVOICE_REAL_biden-original_frag65,DEEPVOICE_REAL_biden-original_frag65,0,cc3bdf544cfc09bd9cc788f7f022ba1af9daf701
DeepVoice,DEEPVOICE_REAL_biden-original_frag66,DEEPVOICE_REAL_biden-original_frag66,0,cc3bdf544cfc09bd9cc788f7f022ba1af9daf701
DeepVoice,DEEPVOICE_REAL_biden-original_frag67,DEEPVOICE_REAL_biden-original_frag67,0,cc3bdf544cfc09bd9cc788f7f022ba1af9daf701
DeepVoice,DEEPVOICE_REAL_biden-original_frag68,DEEPVOICE_REAL_biden-original_frag68,0,cc3bdf544cfc09bd9cc788f7f022ba1af9daf701
DeepVoice,DEEPVOICE_REAL_biden-original_frag69,DEEPVOICE_REAL_biden-original_frag69,0,cc3bdf544cfc09bd9cc788f7f022ba1af9daf701
DeepVoice,DEEPVOICE_REAL_biden-original_frag7,DEEPVOICE_REAL_biden-original_frag7,0,cc3bdf544cfc09bd9cc788f7f022ba1af9daf701
DeepVoice,DEEPVOICE_REAL_biden-original_frag70,DEEPVOICE_REAL_biden-original_frag70,0,cc3bdf544cfc09bd9cc788f7f022ba1af9daf701
DeepVoice,DEEPVOICE_REAL_biden-original_frag71,DEEPVOICE_REAL_biden-original_frag71,0,cc3bdf544cfc09bd9cc788f7f022ba1af9daf701
DeepVoice,DEEPVOICE_REAL_biden-original_frag72,DEEPVOICE_REAL_biden-original_frag72,0,cc3bdf544cfc09bd9cc788f7f022ba1af9daf701
DeepVoice,DEEPVOICE_REAL_biden-original_frag73,DEEPVOICE_REAL_biden-original_frag73,0,cc3bdf544cfc09bd9cc788f7f022ba1af9daf701
DeepVoice,DEEPVOICE_REAL_biden-original_frag74,DEEPVOICE_REAL_biden-original_frag74,0,cc3bdf544cfc09bd9cc788f7f022ba1af9daf701
DeepVoice,DEEPVOICE_REAL_biden-original_frag75,DEEPVOICE_REAL_biden-original_frag75,0,cc3bdf544cfc09bd9cc788f7f022ba1af9daf701
DeepVoice,DEEPVOICE_REAL_biden-original_frag76,DEEPVOICE_REAL_biden-original_frag76,0,cc3bdf544cfc09bd9cc788f7f022ba1af9daf701
DeepVoice,DEEPVOICE_REAL_biden-original_frag77,DEEPVOICE_REAL_biden-original_frag77,0,cc3bdf544cfc09bd9cc788f7f022ba1af9daf701
DeepVoice,DEEPVOICE_REAL_biden-original_frag78,DEEPVOICE_REAL_biden-original_frag78,0,cc3bdf544cfc09bd9cc788f7f022ba1af9daf701
DeepVoice,DEEPVOICE_REAL_biden-original_frag79,DEEPVOICE_REAL_biden-original_frag79,0,cc3bdf544cfc09bd9cc788f7f022ba1af9daf701
DeepVoice,DEEPVOICE_REAL_biden-original_frag8,DEEPVOICE_REAL_biden-original_frag8,0,cc3bdf544cfc09bd9cc788f7f022ba1af9daf701
DeepVoice,DEEPVOICE_REAL_biden-original_frag80,DEEPVOICE_REAL_biden-original_frag80,0,cc3bdf544cfc09bd9cc788f7f022ba1af9daf701
DeepVoice,DEEPVOICE_REAL_biden-original_frag81,DEEPVOICE_REAL_biden-original_frag81,0,cc3bdf544cfc09bd9cc788f7f022ba1af9daf701
DeepVoice,DEEPVOICE_REAL_biden-original_frag82,DEEPVOICE_REAL_biden-original_frag82,0,cc3bdf544cfc09bd9cc788f7f022ba1af9daf701
DeepVoice,DEEPVOICE_REAL_biden-original_frag83,DEEPVOICE_REAL_biden-original_frag83,0,cc3bdf544cfc09bd9cc788f7f022ba1af9daf701
DeepVoice,DEEPVOICE_REAL_biden-original_frag84,DEEPVOICE_REAL_biden-original_frag84,0,cc3bdf544cfc09bd9cc788f7f022ba1af9daf701
DeepVoice,DEEPVOICE_REAL_biden-original_frag85,DEEPVOICE_REAL_biden-original_frag85,0,cc3bdf544cfc09bd9cc788f7f022ba1af9daf701
DeepVoice,DEEPVOICE_REAL_biden-original_frag86,DEEPVOICE_REAL_biden-original_frag86,0,cc3bdf544cfc09bd9cc788f7f022ba1af9daf701
DeepVoice,DEEPVOICE_REAL_biden-original_frag87,DEEPVOICE_REAL_biden-original_frag87,0,cc3bdf544cfc09bd9cc788f7f022ba1af9daf701
DeepVoice,DEEPVOICE_REAL_biden-original_frag88,DEEPVOICE_REAL_biden-original_frag88,0,cc3bdf544cfc09bd9cc788f7f022ba1af9daf701
DeepVoice,DEEPVOICE_REAL_biden-original_frag89,DEEPVOICE_REAL_biden-original_frag89,0,cc3bdf544cfc09bd9cc788f7f022ba1af9daf701
DeepVoice,DEEPVOICE_REAL_biden-original_frag9,DEEPVOICE_REAL_biden-original_frag9,0,cc3bdf544cfc09bd9cc788f7f022ba1af9daf701
DeepVoice,DEEPVOICE_REAL_biden-original_frag90,DEEPVOICE_REAL_biden-original_frag90,0,cc3bdf544cfc09bd9cc788f7f022ba1af9daf701
DeepVoice,DEEPVOICE_REAL_biden-original_frag91,DEEPVOICE_REAL_biden-original_frag91,0,cc3bdf544cfc09bd9cc788f7f022ba1af9daf701
DeepVoice,DEEPVOICE_REAL_biden-original_frag92,DEEPVOICE_REAL_biden-original_frag92,0,cc3bdf544cfc09bd9cc788f7f022ba1af9daf701
DeepVoice,DEEPVOICE_REAL_biden-original_frag93,DEEPVOICE_REAL_biden-original_frag93,0,cc3bdf544cfc09bd9cc788f7f022ba1af9daf701
DeepVoice,DEEPVOICE_REAL_biden-original_frag94,DEEPVOICE_REAL_biden-original_frag94,0,cc3bdf544cfc09bd9cc788f7f022ba1af9daf701
DeepVoice,DEEPVOICE_REAL_biden-original_frag95,DEEPVOICE_REAL_biden-original_frag95,0,cc3bdf544cfc09bd9cc788f7f022ba1af9daf701
DeepVoice,DEEPVOICE_REAL_biden-original_frag96,DEEPVOICE_REAL_biden-original_frag96,0,cc3bdf544cfc09bd9cc788f7f022ba1af9daf701
DeepVoice,DEEPVOICE_REAL_biden-original_frag97,DEEPVOICE_REAL_biden-original_frag97,0,cc3bdf544cfc09bd9cc788f7f022ba1af9daf701
DeepVoice,DEEPVOICE_REAL_biden-original_frag98,DEEPVOICE_REAL_biden-original_frag98,0,cc3bdf544cfc09bd9cc788f7f022ba1af9daf701
DeepVoice,DEEPVOICE_REAL_biden-original_frag99,DEEPVOICE_REAL_biden-original_frag99,0,cc3bdf544cfc09bd9cc788f7f022ba1af9daf701
DeepVoice,DEEPVOICE_REAL_linus-original_frag0,DEEPVOICE_REAL_linus-original_frag0,0,cc3bdf544cfc09bd9cc788f7f022ba1af9daf701
DeepVoice,DEEPVOICE_REAL_linus-original_frag1,DEEPVOICE_REAL_linus-original_frag1,0,cc3bdf544cfc09bd9cc788f7f022ba1af9daf701
DeepVoice,DEEPVOICE_REAL_linus-original_frag10,DEEPVOICE_REAL_linus-original_frag10,0,cc3bdf544cfc09bd9cc788f7f022ba1af9daf701
DeepVoice,DEEPVOICE_REAL_linus-original_frag11,DEEPVOICE_REAL_linus-original_frag11,0,cc3bdf544cfc09bd9cc788f7f022ba1af9daf701
DeepVoice,DEEPVOICE_REAL_linus-original_frag12,DEEPVOICE_REAL_linus-original_frag12,0,cc3bdf544cfc09bd9cc788f7f022ba1af9daf701
DeepVoice,DEEPVOICE_REAL_linus-original_frag13,DEEPVOICE_REAL_linus-original_frag13,0,cc3bdf544cfc09bd9cc788f7f022ba1af9daf701
DeepVoice,DEEPVOICE_REAL_linus-original_frag14,DEEPVOICE_REAL_linus-original_frag14,0,cc3bdf544cfc09bd9cc788f7f022ba1af9daf701
DeepVoice,DEEPVOICE_REAL_linus-original_frag15,DEEPVOICE_REAL_linus-original_frag15,0,cc3bdf544cfc09bd9cc788f7f022ba1af9daf701
DeepVoice,DEEPVOICE_REAL_linus-original_frag16,DEEPVOICE_REAL_linus-original_frag16,0,cc3bdf544cfc09bd9cc788f7f022ba1af9daf701
DeepVoice,DEEPVOICE_REAL_linus-original_frag17,DEEPVOICE_REAL_linus-original_frag17,0,cc3bdf544cfc09bd9cc788f7f022ba1af9daf701
DeepVoice,DEEPVOICE_REAL_linus-original_frag18,DEEPVOICE_REAL_linus-original_frag18,0,cc3bdf544cfc09bd9cc788f7f022ba1af9daf701
DeepVoice,DEEPVOICE_REAL_linus-original_frag19,DEEPVOICE_REAL_linus-original_frag19,0,cc3bdf544cfc09bd9cc788f7f022ba1af9daf701
DeepVoice,DEEPVOICE_REAL_linus-original_frag2,DEEPVOICE_REAL_linus-original_frag2,0,cc3bdf544cfc09bd9cc788f7f022ba1af9daf701
DeepVoice,DEEPVOICE_REAL_linus-original_frag20,DEEPVOICE_REAL_linus-original_frag20,0,cc3bdf544cfc09bd9cc788f7f022ba1af9daf701
DeepVoice,DEEPVOICE_REAL_linus-original_frag21,DEEPVOICE_REAL_linus-original_frag21,0,cc3bdf544cfc09bd9cc788f7f022ba1af9daf701
DeepVoice,DEEPVOICE_REAL_linus-original_frag22,DEEPVOICE_REAL_linus-original_frag22,0,cc3bdf544cfc09bd9cc788f7f022ba1af9daf701
DeepVoice,DEEPVOICE_REAL_linus-original_frag23,DEEPVOICE_REAL_linus-original_frag23,0,cc3bdf544cfc09bd9cc788f7f022ba1af9daf701
DeepVoice,DEEPVOICE_REAL_linus-original_frag24,DEEPVOICE_REAL_linus-original_frag24,0,cc3bdf544cfc09bd9cc788f7f022ba1af9daf701
DeepVoice,DEEPVOICE_REAL_linus-original_frag25,DEEPVOICE_REAL_linus-original_frag25,0,cc3bdf544cfc09bd9cc788f7f022ba1af9daf701
DeepVoice,DEEPVOICE_REAL_linus-original_frag26,DEEPVOICE_REAL_linus-original_frag26,0,cc3bdf544cfc09bd9cc788f7f022ba1af9daf701
DeepVoice,DEEPVOICE_REAL_linus-original_frag27,DEEPVOICE_REAL_linus-original_frag27,0,cc3bdf544cfc09bd9cc788f7f022ba1af9daf701
DeepVoice,DEEPVOICE_REAL_linus-original_frag28,DEEPVOICE_REAL_linus-original_frag28,0,cc3bdf544cfc09bd9cc788f7f022ba1af9daf701
DeepVoice,DEEPVOICE_REAL_linus-original_frag29,DEEPVOICE_REAL_linus-original_frag29,0,cc3bdf544cfc09bd9cc788f7f022ba1af9daf701
DeepVoice,DEEPVOICE_REAL_linus-original_frag3,DEEPVOICE_REAL_linus-original_frag3,0,cc3bdf544cfc09bd9cc788f7f022ba1af9daf701
DeepVoice,DEEPVOICE_REAL_linus-original_frag30,DEEPVOICE_REAL_linus-original_frag30,0,cc3bdf544cfc09bd9cc788f7f022ba1af9daf701
DeepVoice,DEEPVOICE_REAL_linus-original_frag31,DEEPVOICE_REAL_linus-original_frag31,0,cc3bdf544cfc09bd9cc788f7f022ba1af9daf701
DeepVoice,DEEPVOICE_REAL_linus-original_frag32,DEEPVOICE_REAL_linus-original_frag32,0,cc3bdf544cfc09bd9cc788f7f022ba1af9daf701
DeepVoice,DEEPVOICE_REAL_linus-original_frag33,DEEPVOICE_REAL_linus-original_frag33,0,cc3bdf544cfc09bd9cc788f7f022ba1af9daf701
DeepVoice,DEEPVOICE_REAL_linus-original_frag34,DEEPVOICE_REAL_linus-original_frag34,0,cc3bdf544cfc09bd9cc788f7f022ba1af9daf701
DeepVoice,DEEPVOICE_REAL_linus-original_frag35,DEEPVOICE_REAL_linus-original_frag35,0,cc3bdf544cfc09bd9cc788f7f022ba1af9daf701
DeepVoice,DEEPVOICE_REAL_linus-original_frag36,DEEPVOICE_REAL_linus-original_frag36,0,cc3bdf544cfc09bd9cc788f7f022ba1af9daf701
DeepVoice,DEEPVOICE_REAL_linus-original_frag37,DEEPVOICE_REAL_linus-original_frag37,0,cc3bdf544cfc09bd9cc788f7f022ba1af9daf701
DeepVoice,DEEPVOICE_REAL_linus-original_frag38,DEEPVOICE_REAL_linus-original_frag38,0,cc3bdf544cfc09bd9cc788f7f022ba1af9daf701
DeepVoice,DEEPVOICE_REAL_linus-original_frag39,DEEPVOICE_REAL_linus-original_frag39,0,cc3bdf544cfc09bd9cc788f7f022ba1af9daf701
DeepVoice,DEEPVOICE_REAL_linus-original_frag4,DEEPVOICE_REAL_linus-original_frag4,0,cc3bdf544cfc09bd9cc788f7f022ba1af9daf701
DeepVoice,DEEPVOICE_REAL_linus-original_frag40,DEEPVOICE_REAL_linus-original_frag40,0,cc3bdf544cfc09bd9cc788f7f022ba1af9daf701
DeepVoice,DEEPVOICE_REAL_linus-original_frag41,DEEPVOICE_REAL_linus-original_frag41,0,cc3bdf544cfc09bd9cc788f7f022ba1af9daf701
DeepVoice,DEEPVOICE_REAL_linus-original_frag42,DEEPVOICE_REAL_linus-original_frag42,0,cc3bdf544cfc09bd9cc788f7f022ba1af9daf701
DeepVoice,DEEPVOICE_REAL_linus-original_frag43,DEEPVOICE_REAL_linus-original_frag43,0,cc3bdf544cfc09bd9cc788f7f022ba1af9daf701
DeepVoice,DEEPVOICE_REAL_linus-original_frag44,DEEPVOICE_REAL_linus-original_frag44,0,cc3bdf544cfc09bd9cc788f7f022ba1af9daf701
DeepVoice,DEEPVOICE_REAL_linus-original_frag45,DEEPVOICE_REAL_linus-original_frag45,0,cc3bdf544cfc09bd9cc788f7f022ba1af9daf701
DeepVoice,DEEPVOICE_REAL_linus-original_frag46,DEEPVOICE_REAL_linus-original_frag46,0,cc3bdf544cfc09bd9cc788f7f022ba1af9daf701
DeepVoice,DEEPVOICE_REAL_linus-original_frag47,DEEPVOICE_REAL_linus-original_frag47,0,cc3bdf544cfc09bd9cc788f7f022ba1af9daf701
DeepVoice,DEEPVOICE_REAL_linus-original_frag48,DEEPVOICE_REAL_linus-original_frag48,0,cc3bdf544cfc09bd9cc788f7f022ba1af9daf701
DeepVoice,DEEPVOICE_REAL_linus-original_frag49,DEEPVOICE_REAL_linus-original_frag49,0,cc3bdf544cfc09bd9cc788f7f022ba1af9daf701
DeepVoice,DEEPVOICE_REAL_linus-original_frag5,DEEPVOICE_REAL_linus-original_frag5,0,cc3bdf544cfc09bd9cc788f7f022ba1af9daf701
DeepVoice,DEEPVOICE_REAL_linus-original_frag50,DEEPVOICE_REAL_linus-original_frag50,0,cc3bdf544cfc09bd9cc788f7f022ba1af9daf701
DeepVoice,DEEPVOICE_REAL_linus-original_frag51,DEEPVOICE_REAL_linus-original_frag51,0,cc3bdf544cfc09bd9cc788f7f022ba1af9daf701
DeepVoice,DEEPVOICE_REAL_linus-original_frag52,DEEPVOICE_REAL_linus-original_frag52,0,cc3bdf544cfc09bd9cc788f7f022ba1af9daf701
DeepVoice,DEEPVOICE_REAL_linus-original_frag53,DEEPVOICE_REAL_linus-original_frag53,0,cc3bdf544cfc09bd9cc788f7f022ba1af9daf701
DeepVoice,DEEPVOICE_REAL_linus-original_frag54,DEEPVOICE_REAL_linus-original_frag54,0,cc3bdf544cfc09bd9cc788f7f022ba1af9daf701
DeepVoice,DEEPVOICE_REAL_linus-original_frag55,DEEPVOICE_REAL_linus-original_frag55,0,cc3bdf544cfc09bd9cc788f7f022ba1af9daf701
DeepVoice,DEEPVOICE_REAL_linus-original_frag56,DEEPVOICE_REAL_linus-original_frag56,0,cc3bdf544cfc09bd9cc788f7f022ba1af9daf701
DeepVoice,DEEPVOICE_REAL_linus-original_frag57,DEEPVOICE_REAL_linus-original_frag57,0,cc3bdf544cfc09bd9cc788f7f022ba1af9daf701
DeepVoice,DEEPVOICE_REAL_linus-original_frag58,DEEPVOICE_REAL_linus-original_frag58,0,cc3bdf544cfc09bd9cc788f7f022ba1af9daf701
DeepVoice,DEEPVOICE_REAL_linus-original_frag59,DEEPVOICE_REAL_linus-original_frag59,0,cc3bdf544cfc09bd9cc788f7f022ba1af9daf701
DeepVoice,DEEPVOICE_REAL_linus-original_frag6,DEEPVOICE_REAL_linus-original_frag6,0,cc3bdf544cfc09bd9cc788f7f022ba1af9daf701
DeepVoice,DEEPVOICE_REAL_linus-original_frag60,DEEPVOICE_REAL_linus-original_frag60,0,cc3bdf544cfc09bd9cc788f7f022ba1af9daf701
DeepVoice,DEEPVOICE_REAL_linus-original_frag61,DEEPVOICE_REAL_linus-original_frag61,0,cc3bdf544cfc09bd9cc788f7f022ba1af9daf701
DeepVoice,DEEPVOICE_REAL_linus-original_frag62,DEEPVOICE_REAL_linus-original_frag62,0,cc3bdf544cfc09bd9cc788f7f022ba1af9daf701
DeepVoice,DEEPVOICE_REAL_linus-original_frag63,DEEPVOICE_REAL_linus-original_frag63,0,cc3bdf544cfc09bd9cc788f7f022ba1af9daf701
DeepVoice,DEEPVOICE_REAL_linus-original_frag64,DEEPVOICE_REAL_linus-original_frag64,0,cc3bdf544cfc09bd9cc788f7f022ba1af9daf701
DeepVoice,DEEPVOICE_REAL_linus-original_frag65,DEEPVOICE_REAL_linus-original_frag65,0,cc3bdf544cfc09bd9cc788f7f022ba1af9daf701
DeepVoice,DEEPVOICE_REAL_linus-original_frag66,DEEPVOICE_REAL_linus-original_frag66,0,cc3bdf544cfc09bd9cc788f7f022ba1af9daf701
DeepVoice,DEEPVOICE_REAL_linus-original_frag67,DEEPVOICE_REAL_linus-original_frag67,0,cc3bdf544cfc09bd9cc788f7f022ba1af9daf701
DeepVoice,DEEPVOICE_REAL_linus-original_frag68,DEEPVOICE_REAL_linus-original_frag68,0,cc3bdf544cfc09bd9cc788f7f022ba1af9daf701
DeepVoice,DEEPVOICE_REAL_linus-original_frag69,DEEPVOICE_REAL_linus-original_frag69,0,cc3bdf544cfc09bd9cc788f7f022ba1af9daf701
DeepVoice,DEEPVOICE_REAL_linus-original_frag7,DEEPVOICE_REAL_linus-original_frag7,0,cc3bdf544cfc09bd9cc788f7f022ba1af9daf701
DeepVoice,DEEPVOICE_REAL_linus-original_frag70,DEEPVOICE_REAL_linus-original_frag70,0,cc3bdf544cfc09bd9cc788f7f022ba1af9daf701
DeepVoice,DEEPVOICE_REAL_linus-original_frag71,DEEPVOICE_REAL_linus-original_frag71,0,cc3bdf544cfc09bd9cc788f7f022ba1af9daf701
DeepVoice,DEEPVOICE_REAL_linus-original_frag72,DEEPVOICE_REAL_linus-original_frag72,0,cc3bdf544cfc09bd9cc788f7f022ba1af9daf701
DeepVoice,DEEPVOICE_REAL_linus-original_frag73,DEEPVOICE_REAL_linus-original_frag73,0,cc3bdf544cfc09bd9cc788f7f022ba1af9daf701
DeepVoice,DEEPVOICE_REAL_linus-original_frag74,DEEPVOICE_REAL_linus-original_frag74,0,cc3bdf544cfc09bd9cc788f7f022ba1af9daf701
DeepVoice,DEEPVOICE_REAL_linus-original_frag75,DEEPVOICE_REAL_linus-original_frag75,0,cc3bdf544cfc09bd9cc788f7f022ba1af9daf701
DeepVoice,DEEPVOICE_REAL_linus-original_frag76,DEEPVOICE_REAL_linus-original_frag76,0,cc3bdf544cfc09bd9cc788f7f022ba1af9daf701
DeepVoice,DEEPVOICE_REAL_linus-original_frag77,DEEPVOICE_REAL_linus-original_frag77,0,cc3bdf544cfc09bd9cc788f7f022ba1af9daf701
DeepVoice,DEEPVOICE_REAL_linus-original_frag78,DEEPVOICE_REAL_linus-original_frag78,0,cc3bdf544cfc09bd9cc788f7f022ba1af9daf701
DeepVoice,DEEPVOICE_REAL_linus-original_frag79,DEEPVOICE_REAL_linus-original_frag79,0,cc3bdf544cfc09bd9cc788f7f022ba1af9daf701
DeepVoice,DEEPVOICE_REAL_linus-original_frag8,DEEPVOICE_REAL_linus-original_frag8,0,cc3bdf544cfc09bd9cc788f7f022ba1af9daf701
DeepVoice,DEEPVOICE_REAL_linus-original_frag80,DEEPVOICE_REAL_linus-original_frag80,0,cc3bdf544cfc09bd9cc788f7f022ba1af9daf701
DeepVoice,DEEPVOICE_REAL_linus-original_frag81,DEEPVOICE_REAL_linus-original_frag81,0,cc3bdf544cfc09bd9cc788f7f022ba1af9daf701
DeepVoice,DEEPVOICE_REAL_linus-original_frag82,DEEPVOICE_REAL_linus-original_frag82,0,cc3bdf544cfc09bd9cc788f7f022ba1af9daf701
DeepVoice,DEEPVOICE_REAL_linus-original_frag83,DEEPVOICE_REAL_linus-original_frag83,0,cc3bdf544cfc09bd9cc788f7f022ba1af9daf701
DeepVoice,DEEPVOICE_REAL_linus-original_frag84,DEEPVOICE_REAL_linus-original_frag84,0,cc3bdf544cfc09bd9cc788f7f022ba1af9daf701
DeepVoice,DEEPVOICE_REAL_linus-original_frag85,DEEPVOICE_REAL_linus-original_frag85,0,cc3bdf544cfc09bd9cc788f7f022ba1af9daf701
DeepVoice,DEEPVOICE_REAL_linus-original_frag86,DEEPVOICE_REAL_linus-original_frag86,0,cc3bdf544cfc09bd9cc788f7f022ba1af9daf701
DeepVoice,DEEPVOICE_REAL_linus-original_frag87,DEEPVOICE_REAL_linus-original_frag87,0,cc3bdf544cfc09bd9cc788f7f022ba1af9daf701
DeepVoice,DEEPVOICE_REAL_linus-original_frag88,DEEPVOICE_REAL_linus-original_frag88,0,cc3bdf544cfc09bd9cc788f7f022ba1af9daf701
DeepVoice,DEEPVOICE_REAL_linus-original_frag89,DEEPVOICE_REAL_linus-original_frag89,0,cc3bdf544cfc09bd9cc788f7f022ba1af9daf701
DeepVoice,DEEPVOICE_REAL_linus-original_frag9,DEEPVOICE_REAL_linus-original_frag9,0,cc3bdf544cfc09bd9cc788f7f022ba1af9daf701
DeepVoice,DEEPVOICE_REAL_linus-original_frag90,DEEPVOICE_REAL_linus-original_frag90,0,cc3bdf544cfc09bd9cc788f7f022ba1af9daf701
DeepVoice,DEEPVOICE_REAL_linus-original_frag91,DEEPVOICE_REAL_linus-original_frag91,0,cc3bdf544cfc09bd9cc788f7f022ba1af9daf701
DeepVoice,DEEPVOICE_REAL_linus-original_frag92,DEEPVOICE_REAL_linus-original_frag92,0,cc3bdf544cfc09bd9cc788f7f022ba1af9daf701
DeepVoice,DEEPVOICE_REAL_linus-original_frag93,DEEPVOICE_REAL_linus-original_frag93,0,cc3bdf544cfc09bd9cc788f7f022ba1af9daf701
DeepVoice,DEEPVOICE_REAL_linus-original_frag94,DEEPVOICE_REAL_linus-original_frag94,0,cc3bdf544cfc09bd9cc788f7f022ba1af9daf701
DeepVoice,DEEPVOICE_REAL_margot-original_frag0,DEEPVOICE_REAL_margot-original_frag0,0,cc3bdf544cfc09bd9cc788f7f022ba1af9daf701
DeepVoice,DEEPVOICE_REAL_margot-original_frag1,DEEPVOICE_REAL_margot-original_frag1,0,cc3bdf544cfc09bd9cc788f7f022ba1af9daf701
DeepVoice,DEEPVOICE_REAL_margot-original_frag10,DEEPVOICE_REAL_margot-original_frag10,0,cc3bdf544cfc09bd9cc788f7f022ba1af9daf701
DeepVoice,DEEPVOICE_REAL_margot-original_frag11,DEEPVOICE_REAL_margot-original_frag11,0,cc3bdf544cfc09bd9cc788f7f022ba1af9daf701
DeepVoice,DEEPVOICE_REAL_margot-original_frag12,DEEPVOICE_REAL_margot-original_frag12,0,cc3bdf544cfc09bd9cc788f7f022ba1af9daf701
DeepVoice,DEEPVOICE_REAL_margot-original_frag13,DEEPVOICE_REAL_margot-original_frag13,0,cc3bdf544cfc09bd9cc788f7f022ba1af9daf701
DeepVoice,DEEPVOICE_REAL_margot-original_frag14,DEEPVOICE_REAL_margot-original_frag14,0,cc3bdf544cfc09bd9cc788f7f022ba1af9daf701
DeepVoice,DEEPVOICE_REAL_margot-original_frag2,DEEPVOICE_REAL_margot-original_frag2,0,cc3bdf544cfc09bd9cc788f7f022ba1af9daf701
DeepVoice,DEEPVOICE_REAL_margot-original_frag3,DEEPVOICE_REAL_margot-original_frag3,0,cc3bdf544cfc09bd9cc788f7f022ba1af9daf701
DeepVoice,DEEPVOICE_REAL_margot-original_frag4,DEEPVOICE_REAL_margot-original_frag4,0,cc3bdf544cfc09bd9cc788f7f022ba1af9daf701
DeepVoice,DEEPVOICE_REAL_margot-original_frag5,DEEPVOICE_REAL_margot-original_frag5,0,cc3bdf544cfc09bd9cc788f7f022ba1af9daf701
DeepVoice,DEEPVOICE_REAL_margot-original_frag6,DEEPVOICE_REAL_margot-original_frag6,0,cc3bdf544cfc09bd9cc788f7f022ba1af9daf701
DeepVoice,DEEPVOICE_REAL_margot-original_frag7,DEEPVOICE_REAL_margot-original_frag7,0,cc3bdf544cfc09bd9cc788f7f022ba1af9daf701
DeepVoice,DEEPVOICE_REAL_margot-original_frag8,DEEPVOICE_REAL_margot-original_frag8,0,cc3bdf544cfc09bd9cc788f7f022ba1af9daf701
DeepVoice,DEEPVOICE_REAL_margot-original_frag9,DEEPVOICE_REAL_margot-original_frag9,0,cc3bdf544cfc09bd9cc788f7f022ba1af9daf701
DeepVoice,DEEPVOICE_REAL_musk-original_frag0,DEEPVOICE_REAL_musk-original_frag0,0,cc3bdf544cfc09bd9cc788f7f022ba1af9daf701
DeepVoice,DEEPVOICE_REAL_musk-original_frag1,DEEPVOICE_REAL_musk-original_frag1,0,cc3bdf544cfc09bd9cc788f7f022ba1af9daf701
DeepVoice,DEEPVOICE_REAL_musk-original_frag10,DEEPVOICE_REAL_musk-original_frag10,0,cc3bdf544cfc09bd9cc788f7f022ba1af9daf701
DeepVoice,DEEPVOICE_REAL_musk-original_frag100,DEEPVOICE_REAL_musk-original_frag100,0,cc3bdf544cfc09bd9cc788f7f022ba1af9daf701
DeepVoice,DEEPVOICE_REAL_musk-original_frag101,DEEPVOICE_REAL_musk-original_frag101,0,cc3bdf544cfc09bd9cc788f7f022ba1af9daf701
DeepVoice,DEEPVOICE_REAL_musk-original_frag11,DEEPVOICE_REAL_musk-original_frag11,0,cc3bdf544cfc09bd9cc788f7f022ba1af9daf701
DeepVoice,DEEPVOICE_REAL_musk-original_frag12,DEEPVOICE_REAL_musk-original_frag12,0,cc3bdf544cfc09bd9cc788f7f022ba1af9daf701
DeepVoice,DEEPVOICE_REAL_musk-original_frag13,DEEPVOICE_REAL_musk-original_frag13,0,cc3bdf544cfc09bd9cc788f7f022ba1af9daf701
DeepVoice,DEEPVOICE_REAL_musk-original_frag14,DEEPVOICE_REAL_musk-original_frag14,0,cc3bdf544cfc09bd9cc788f7f022ba1af9daf701
DeepVoice,DEEPVOICE_REAL_musk-original_frag15,DEEPVOICE_REAL_musk-original_frag15,0,cc3bdf544cfc09bd9cc788f7f022ba1af9daf701
DeepVoice,DEEPVOICE_REAL_musk-original_frag16,DEEPVOICE_REAL_musk-original_frag16,0,cc3bdf544cfc09bd9cc788f7f022ba1af9daf701
DeepVoice,DEEPVOICE_REAL_musk-original_frag17,DEEPVOICE_REAL_musk-original_frag17,0,cc3bdf544cfc09bd9cc788f7f022ba1af9daf701
DeepVoice,DEEPVOICE_REAL_musk-original_frag18,DEEPVOICE_REAL_musk-original_frag18,0,cc3bdf544cfc09bd9cc788f7f022ba1af9daf701
DeepVoice,DEEPVOICE_REAL_musk-original_frag19,DEEPVOICE_REAL_musk-original_frag19,0,cc3bdf544cfc09bd9cc788f7f022ba1af9daf701
DeepVoice,DEEPVOICE_REAL_musk-original_frag2,DEEPVOICE_REAL_musk-original_frag2,0,cc3bdf544cfc09bd9cc788f7f022ba1af9daf701
DeepVoice,DEEPVOICE_REAL_musk-original_frag20,DEEPVOICE_REAL_musk-original_frag20,0,cc3bdf544cfc09bd9cc788f7f022ba1af9daf701
DeepVoice,DEEPVOICE_REAL_musk-original_frag21,DEEPVOICE_REAL_musk-original_frag21,0,cc3bdf544cfc09bd9cc788f7f022ba1af9daf701
DeepVoice,DEEPVOICE_REAL_musk-original_frag22,DEEPVOICE_REAL_musk-original_frag22,0,cc3bdf544cfc09bd9cc788f7f022ba1af9daf701
DeepVoice,DEEPVOICE_REAL_musk-original_frag23,DEEPVOICE_REAL_musk-original_frag23,0,cc3bdf544cfc09bd9cc788f7f022ba1af9daf701
DeepVoice,DEEPVOICE_REAL_musk-original_frag24,DEEPVOICE_REAL_musk-original_frag24,0,cc3bdf544cfc09bd9cc788f7f022ba1af9daf701
DeepVoice,DEEPVOICE_REAL_musk-original_frag25,DEEPVOICE_REAL_musk-original_frag25,0,cc3bdf544cfc09bd9cc788f7f022ba1af9daf701
DeepVoice,DEEPVOICE_REAL_musk-original_frag26,DEEPVOICE_REAL_musk-original_frag26,0,cc3bdf544cfc09bd9cc788f7f022ba1af9daf701
DeepVoice,DEEPVOICE_REAL_musk-original_frag27,DEEPVOICE_REAL_musk-original_frag27,0,cc3bdf544cfc09bd9cc788f7f022ba1af9daf701
DeepVoice,DEEPVOICE_REAL_musk-original_frag28,DEEPVOICE_REAL_musk-original_frag28,0,cc3bdf544cfc09bd9cc788f7f022ba1af9daf701
DeepVoice,DEEPVOICE_REAL_musk-original_frag29,DEEPVOICE_REAL_musk-original_frag29,0,cc3bdf544cfc09bd9cc788f7f022ba1af9daf701
DeepVoice,DEEPVOICE_REAL_musk-original_frag3,DEEPVOICE_REAL_musk-original_frag3,0,cc3bdf544cfc09bd9cc788f7f022ba1af9daf701
DeepVoice,DEEPVOICE_REAL_musk-original_frag30,DEEPVOICE_REAL_musk-original_frag30,0,cc3bdf544cfc09bd9cc788f7f022ba1af9daf701
DeepVoice,DEEPVOICE_REAL_musk-original_frag31,DEEPVOICE_REAL_musk-original_frag31,0,cc3bdf544cfc09bd9cc788f7f022ba1af9daf701
DeepVoice,DEEPVOICE_REAL_musk-original_frag32,DEEPVOICE_REAL_musk-original_frag32,0,cc3bdf544cfc09bd9cc788f7f022ba1af9daf701
DeepVoice,DEEPVOICE_REAL_musk-original_frag33,DEEPVOICE_REAL_musk-original_frag33,0,cc3bdf544cfc09bd9cc788f7f022ba1af9daf701
DeepVoice,DEEPVOICE_REAL_musk-original_frag34,DEEPVOICE_REAL_musk-original_frag34,0,cc3bdf544cfc09bd9cc788f7f022ba1af9daf701
DeepVoice,DEEPVOICE_REAL_musk-original_frag35,DEEPVOICE_REAL_musk-original_frag35,0,cc3bdf544cfc09bd9cc788f7f022ba1af9daf701
DeepVoice,DEEPVOICE_REAL_musk-original_frag36,DEEPVOICE_REAL_musk-original_frag36,0,cc3bdf544cfc09bd9cc788f7f022ba1af9daf701
DeepVoice,DEEPVOICE_REAL_musk-original_frag37,DEEPVOICE_REAL_musk-original_frag37,0,cc3bdf544cfc09bd9cc788f7f022ba1af9daf701
DeepVoice,DEEPVOICE_REAL_musk-original_frag38,DEEPVOICE_REAL_musk-original_frag38,0,cc3bdf544cfc09bd9cc788f7f022ba1af9daf701
DeepVoice,DEEPVOICE_REAL_musk-original_frag39,DEEPVOICE_REAL_musk-original_frag39,0,cc3bdf544cfc09bd9cc788f7f022ba1af9daf701
DeepVoice,DEEPVOICE_REAL_musk-original_frag4,DEEPVOICE_REAL_musk-original_frag4,0,cc3bdf544cfc09bd9cc788f7f022ba1af9daf701
DeepVoice,DEEPVOICE_REAL_musk-original_frag40,DEEPVOICE_REAL_musk-original_frag40,0,cc3bdf544cfc09bd9cc788f7f022ba1af9daf701
DeepVoice,DEEPVOICE_REAL_musk-original_frag41,DEEPVOICE_REAL_musk-original_frag41,0,cc3bdf544cfc09bd9cc788f7f022ba1af9daf701
DeepVoice,DEEPVOICE_REAL_musk-original_frag42,DEEPVOICE_REAL_musk-original_frag42,0,cc3bdf544cfc09bd9cc788f7f022ba1af9daf701
DeepVoice,DEEPVOICE_REAL_musk-original_frag43,DEEPVOICE_REAL_musk-original_frag43,0,cc3bdf544cfc09bd9cc788f7f022ba1af9daf701
DeepVoice,DEEPVOICE_REAL_musk-original_frag44,DEEPVOICE_REAL_musk-original_frag44,0,cc3bdf544cfc09bd9cc788f7f022ba1af9daf701
DeepVoice,DEEPVOICE_REAL_musk-original_frag45,DEEPVOICE_REAL_musk-original_frag45,0,cc3bdf544cfc09bd9cc788f7f022ba1af9daf701
DeepVoice,DEEPVOICE_REAL_musk-original_frag46,DEEPVOICE_REAL_musk-original_frag46,0,cc3bdf544cfc09bd9cc788f7f022ba1af9daf701
DeepVoice,DEEPVOICE_REAL_musk-original_frag47,DEEPVOICE_REAL_musk-original_frag47,0,cc3bdf544cfc09bd9cc788f7f022ba1af9daf701
DeepVoice,DEEPVOICE_REAL_musk-original_frag48,DEEPVOICE_REAL_musk-original_frag48,0,cc3bdf544cfc09bd9cc788f7f022ba1af9daf701
DeepVoice,DEEPVOICE_REAL_musk-original_frag49,DEEPVOICE_REAL_musk-original_frag49,0,cc3bdf544cfc09bd9cc788f7f022ba1af9daf701
DeepVoice,DEEPVOICE_REAL_musk-original_frag5,DEEPVOICE_REAL_musk-original_frag5,0,cc3bdf544cfc09bd9cc788f7f022ba1af9daf701
DeepVoice,DEEPVOICE_REAL_musk-original_frag50,DEEPVOICE_REAL_musk-original_frag50,0,cc3bdf544cfc09bd9cc788f7f022ba1af9daf701
DeepVoice,DEEPVOICE_REAL_musk-original_frag51,DEEPVOICE_REAL_musk-original_frag51,0,cc3bdf544cfc09bd9cc788f7f022ba1af9daf701
DeepVoice,DEEPVOICE_REAL_musk-original_frag52,DEEPVOICE_REAL_musk-original_frag52,0,cc3bdf544cfc09bd9cc788f7f022ba1af9daf701
DeepVoice,DEEPVOICE_REAL_musk-original_frag53,DEEPVOICE_REAL_musk-original_frag53,0,cc3bdf544cfc09bd9cc788f7f022ba1af9daf701
DeepVoice,DEEPVOICE_REAL_musk-original_frag54,DEEPVOICE_REAL_musk-original_frag54,0,cc3bdf544cfc09bd9cc788f7f022ba1af9daf701
DeepVoice,DEEPVOICE_REAL_musk-original_frag55,DEEPVOICE_REAL_musk-original_frag55,0,cc3bdf544cfc09bd9cc788f7f022ba1af9daf701
DeepVoice,DEEPVOICE_REAL_musk-original_frag56,DEEPVOICE_REAL_musk-original_frag56,0,cc3bdf544cfc09bd9cc788f7f022ba1af9daf701
DeepVoice,DEEPVOICE_REAL_musk-original_frag57,DEEPVOICE_REAL_musk-original_frag57,0,cc3bdf544cfc09bd9cc788f7f022ba1af9daf701
DeepVoice,DEEPVOICE_REAL_musk-original_frag58,DEEPVOICE_REAL_musk-original_frag58,0,cc3bdf544cfc09bd9cc788f7f022ba1af9daf701
DeepVoice,DEEPVOICE_REAL_musk-original_frag59,DEEPVOICE_REAL_musk-original_frag59,0,cc3bdf544cfc09bd9cc788f7f022ba1af9daf701
DeepVoice,DEEPVOICE_REAL_musk-original_frag6,DEEPVOICE_REAL_musk-original_frag6,0,cc3bdf544cfc09bd9cc788f7f022ba1af9daf701
DeepVoice,DEEPVOICE_REAL_musk-original_frag60,DEEPVOICE_REAL_musk-original_frag60,0,cc3bdf544cfc09bd9cc788f7f022ba1af9daf701
DeepVoice,DEEPVOICE_REAL_musk-original_frag61,DEEPVOICE_REAL_musk-original_frag61,0,cc3bdf544cfc09bd9cc788f7f022ba1af9daf701
DeepVoice,DEEPVOICE_REAL_musk-original_frag62,DEEPVOICE_REAL_musk-original_frag62,0,cc3bdf544cfc09bd9cc788f7f022ba1af9daf701
DeepVoice,DEEPVOICE_REAL_musk-original_frag63,DEEPVOICE_REAL_musk-original_frag63,0,cc3bdf544cfc09bd9cc788f7f022ba1af9daf701
DeepVoice,DEEPVOICE_REAL_musk-original_frag64,DEEPVOICE_REAL_musk-original_frag64,0,cc3bdf544cfc09bd9cc788f7f022ba1af9daf701
DeepVoice,DEEPVOICE_REAL_musk-original_frag65,DEEPVOICE_REAL_musk-original_frag65,0,cc3bdf544cfc09bd9cc788f7f022ba1af9daf701
DeepVoice,DEEPVOICE_REAL_musk-original_frag66,DEEPVOICE_REAL_musk-original_frag66,0,cc3bdf544cfc09bd9cc788f7f022ba1af9daf701
DeepVoice,DEEPVOICE_REAL_musk-original_frag67,DEEPVOICE_REAL_musk-original_frag67,0,cc3bdf544cfc09bd9cc788f7f022ba1af9daf701
DeepVoice,DEEPVOICE_REAL_musk-original_frag68,DEEPVOICE_REAL_musk-original_frag68,0,cc3bdf544cfc09bd9cc788f7f022ba1af9daf701
DeepVoice,DEEPVOICE_REAL_musk-original_frag69,DEEPVOICE_REAL_musk-original_frag69,0,cc3bdf544cfc09bd9cc788f7f022ba1af9daf701
DeepVoice,DEEPVOICE_REAL_musk-original_frag7,DEEPVOICE_REAL_musk-original_frag7,0,cc3bdf544cfc09bd9cc788f7f022ba1af9daf701
DeepVoice,DEEPVOICE_REAL_musk-original_frag70,DEEPVOICE_REAL_musk-original_frag70,0,cc3bdf544cfc09bd9cc788f7f022ba1af9daf701
DeepVoice,DEEPVOICE_REAL_musk-original_frag71,DEEPVOICE_REAL_musk-original_frag71,0,cc3bdf544cfc09bd9cc788f7f022ba1af9daf701
DeepVoice,DEEPVOICE_REAL_musk-original_frag72,DEEPVOICE_REAL_musk-original_frag72,0,cc3bdf544cfc09bd9cc788f7f022ba1af9daf701
DeepVoice,DEEPVOICE_REAL_musk-original_frag73,DEEPVOICE_REAL_musk-original_frag73,0,cc3bdf544cfc09bd9cc788f7f022ba1af9daf701
DeepVoice,DEEPVOICE_REAL_musk-original_frag74,DEEPVOICE_REAL_musk-original_frag74,0,cc3bdf544cfc09bd9cc788f7f022ba1af9daf701
DeepVoice,DEEPVOICE_REAL_musk-original_frag75,DEEPVOICE_REAL_musk-original_frag75,0,cc3bdf544cfc09bd9cc788f7f022ba1af9daf701
DeepVoice,DEEPVOICE_REAL_musk-original_frag76,DEEPVOICE_REAL_musk-original_frag76,0,cc3bdf544cfc09bd9cc788f7f022ba1af9daf701
DeepVoice,DEEPVOICE_REAL_musk-original_frag77,DEEPVOICE_REAL_musk-original_frag77,0,cc3bdf544cfc09bd9cc788f7f022ba1af9daf701
DeepVoice,DEEPVOICE_REAL_musk-original_frag78,DEEPVOICE_REAL_musk-original_frag78,0,cc3bdf544cfc09bd9cc788f7f022ba1af9daf701
DeepVoice,DEEPVOICE_REAL_musk-original_frag79,DEEPVOICE_REAL_musk-original_frag79,0,cc3bdf544cfc09bd9cc788f7f022ba1af9daf701
DeepVoice,DEEPVOICE_REAL_musk-original_frag8,DEEPVOICE_REAL_musk-original_frag8,0,cc3bdf544cfc09bd9cc788f7f022ba1af9daf701
DeepVoice,DEEPVOICE_REAL_musk-original_frag80,DEEPVOICE_REAL_musk-original_frag80,0,cc3bdf544cfc09bd9cc788f7f022ba1af9daf701
DeepVoice,DEEPVOICE_REAL_musk-original_frag81,DEEPVOICE_REAL_musk-original_frag81,0,cc3bdf544cfc09bd9cc788f7f022ba1af9daf701
DeepVoice,DEEPVOICE_REAL_musk-original_frag82,DEEPVOICE_REAL_musk-original_frag82,0,cc3bdf544cfc09bd9cc788f7f022ba1af9daf701
DeepVoice,DEEPVOICE_REAL_musk-original_frag83,DEEPVOICE_REAL_musk-original_frag83,0,cc3bdf544cfc09bd9cc788f7f022ba1af9daf701
DeepVoice,DEEPVOICE_REAL_musk-original_frag84,DEEPVOICE_REAL_musk-original_frag84,0,cc3bdf544cfc09bd9cc788f7f022ba1af9daf701
DeepVoice,DEEPVOICE_REAL_musk-original_frag85,DEEPVOICE_REAL_musk-original_frag85,0,cc3bdf544cfc09bd9cc788f7f022ba1af9daf701
DeepVoice,DEEPVOICE_REAL_musk-original_frag86,DEEPVOICE_REAL_musk-original_frag86,0,cc3bdf544cfc09bd9cc788f7f022ba1af9daf701
DeepVoice,DEEPVOICE_REAL_musk-original_frag87,DEEPVOICE_REAL_musk-original_frag87,0,cc3bdf544cfc09bd9cc788f7f022ba1af9daf701
DeepVoice,DEEPVOICE_REAL_musk-original_frag88,DEEPVOICE_REAL_musk-original_frag88,0,cc3bdf544cfc09bd9cc788f7f022ba1af9daf701
DeepVoice,DEEPVOICE_REAL_musk-original_frag89,DEEPVOICE_REAL_musk-original_frag89,0,cc3bdf544cfc09bd9cc788f7f022ba1af9daf701
DeepVoice,DEEPVOICE_REAL_musk-original_frag9,DEEPVOICE_REAL_musk-original_frag9,0,cc3bdf544cfc09bd9cc788f7f022ba1af9daf701
DeepVoice,DEEPVOICE_REAL_musk-original_frag90,DEEPVOICE_REAL_musk-original_frag90,0,cc3bdf544cfc09bd9cc788f7f022ba1af9daf701
DeepVoice,DEEPVOICE_REAL_musk-original_frag91,DEEPVOICE_REAL_musk-original_frag91,0,cc3bdf544cfc09bd9cc788f7f022ba1af9daf701
DeepVoice,DEEPVOICE_REAL_musk-original_frag92,DEEPVOICE_REAL_musk-original_frag92,0,cc3bdf544cfc09bd9cc788f7f022ba1af9daf701
DeepVoice,DEEPVOICE_REAL_musk-original_frag93,DEEPVOICE_REAL_musk-original_frag93,0,cc3bdf544cfc09bd9cc788f7f022ba1af9daf701
DeepVoice,DEEPVOICE_REAL_musk-original_frag94,DEEPVOICE_REAL_musk-original_frag94,0,cc3bdf544cfc09bd9cc788f7f022ba1af9daf701
DeepVoice,DEEPVOICE_REAL_musk-original_frag95,DEEPVOICE_REAL_musk-original_frag95,0,cc3bdf544cfc09bd9cc788f7f022ba1af9daf701
DeepVoice,DEEPVOICE_REAL_musk-original_frag96,DEEPVOICE_REAL_musk-original_frag96,0,cc3bdf544cfc09bd9cc788f7f022ba1af9daf701
DeepVoice,DEEPVOICE_REAL_musk-original_frag97,DEEPVOICE_REAL_musk-original_frag97,0,cc3bdf544cfc09bd9cc788f7f022ba1af9daf701
DeepVoice,DEEPVOICE_REAL_musk-original_frag98,DEEPVOICE_REAL_musk-original_frag98,0,cc3bdf544cfc09bd9cc788f7f022ba1af9daf701
DeepVoice,DEEPVOICE_REAL_musk-original_frag99,DEEPVOICE_REAL_musk-original_frag99,0,cc3bdf544cfc09bd9cc788f7f022ba1af9daf701
DeepVoice,DEEPVOICE_REAL_obama-original_frag0,DEEPVOICE_REAL_obama-original_frag0,0,cc3bdf544cfc09bd9cc788f7f022ba1af9daf701
DeepVoice,DEEPVOICE_REAL_obama-original_frag1,DEEPVOICE_REAL_obama-original_frag1,0,cc3bdf544cfc09bd9cc788f7f022ba1af9daf701
DeepVoice,DEEPVOICE_REAL_obama-original_frag10,DEEPVOICE_REAL_obama-original_frag10,0,cc3bdf544cfc09bd9cc788f7f022ba1af9daf701
DeepVoice,DEEPVOICE_REAL_obama-original_frag11,DEEPVOICE_REAL_obama-original_frag11,0,cc3bdf544cfc09bd9cc788f7f022ba1af9daf701
DeepVoice,DEEPVOICE_REAL_obama-original_frag12,DEEPVOICE_REAL_obama-original_frag12,0,cc3bdf544cfc09bd9cc788f7f022ba1af9daf701
DeepVoice,DEEPVOICE_REAL_obama-original_frag13,DEEPVOICE_REAL_obama-original_frag13,0,cc3bdf544cfc09bd9cc788f7f022ba1af9daf701
DeepVoice,DEEPVOICE_REAL_obama-original_frag14,DEEPVOICE_REAL_obama-original_frag14,0,cc3bdf544cfc09bd9cc788f7f022ba1af9daf701
DeepVoice,DEEPVOICE_REAL_obama-original_frag15,DEEPVOICE_REAL_obama-original_frag15,0,cc3bdf544cfc09bd9cc788f7f022ba1af9daf701
DeepVoice,DEEPVOICE_REAL_obama-original_frag16,DEEPVOICE_REAL_obama-original_frag16,0,cc3bdf544cfc09bd9cc788f7f022ba1af9daf701
DeepVoice,DEEPVOICE_REAL_obama-original_frag17,DEEPVOICE_REAL_obama-original_frag17,0,cc3bdf544cfc09bd9cc788f7f022ba1af9daf701
DeepVoice,DEEPVOICE_REAL_obama-original_frag18,DEEPVOICE_REAL_obama-original_frag18,0,cc3bdf544cfc09bd9cc788f7f022ba1af9daf701
DeepVoice,DEEPVOICE_REAL_obama-original_frag19,DEEPVOICE_REAL_obama-original_frag19,0,cc3bdf544cfc09bd9cc788f7f022ba1af9daf701
DeepVoice,DEEPVOICE_REAL_obama-original_frag2,DEEPVOICE_REAL_obama-original_frag2,0,cc3bdf544cfc09bd9cc788f7f022ba1af9daf701
DeepVoice,DEEPVOICE_REAL_obama-original_frag20,DEEPVOICE_REAL_obama-original_frag20,0,cc3bdf544cfc09bd9cc788f7f022ba1af9daf701
DeepVoice,DEEPVOICE_REAL_obama-original_frag21,DEEPVOICE_REAL_obama-original_frag21,0,cc3bdf544cfc09bd9cc788f7f022ba1af9daf701
DeepVoice,DEEPVOICE_REAL_obama-original_frag22,DEEPVOICE_REAL_obama-original_frag22,0,cc3bdf544cfc09bd9cc788f7f022ba1af9daf701
DeepVoice,DEEPVOICE_REAL_obama-original_frag23,DEEPVOICE_REAL_obama-original_frag23,0,cc3bdf544cfc09bd9cc788f7f022ba1af9daf701
DeepVoice,DEEPVOICE_REAL_obama-original_frag24,DEEPVOICE_REAL_obama-original_frag24,0,cc3bdf544cfc09bd9cc788f7f022ba1af9daf701
DeepVoice,DEEPVOICE_REAL_obama-original_frag25,DEEPVOICE_REAL_obama-original_frag25,0,cc3bdf544cfc09bd9cc788f7f022ba1af9daf701
DeepVoice,DEEPVOICE_REAL_obama-original_frag26,DEEPVOICE_REAL_obama-original_frag26,0,cc3bdf544cfc09bd9cc788f7f022ba1af9daf701
DeepVoice,DEEPVOICE_REAL_obama-original_frag27,DEEPVOICE_REAL_obama-original_frag27,0,cc3bdf544cfc09bd9cc788f7f022ba1af9daf701
DeepVoice,DEEPVOICE_REAL_obama-original_frag28,DEEPVOICE_REAL_obama-original_frag28,0,cc3bdf544cfc09bd9cc788f7f022ba1af9daf701
DeepVoice,DEEPVOICE_REAL_obama-original_frag29,DEEPVOICE_REAL_obama-original_frag29,0,cc3bdf544cfc09bd9cc788f7f022ba1af9daf701
DeepVoice,DEEPVOICE_REAL_obama-original_frag3,DEEPVOICE_REAL_obama-original_frag3,0,cc3bdf544cfc09bd9cc788f7f022ba1af9daf701
DeepVoice,DEEPVOICE_REAL_obama-original_frag30,DEEPVOICE_REAL_obama-original_frag30,0,cc3bdf544cfc09bd9cc788f7f022ba1af9daf701
DeepVoice,DEEPVOICE_REAL_obama-original_frag31,DEEPVOICE_REAL_obama-original_frag31,0,cc3bdf544cfc09bd9cc788f7f022ba1af9daf701
DeepVoice,DEEPVOICE_REAL_obama-original_frag32,DEEPVOICE_REAL_obama-original_frag32,0,cc3bdf544cfc09bd9cc788f7f022ba1af9daf701
DeepVoice,DEEPVOICE_REAL_obama-original_frag33,DEEPVOICE_REAL_obama-original_frag33,0,cc3bdf544cfc09bd9cc788f7f022ba1af9daf701
DeepVoice,DEEPVOICE_REAL_obama-original_frag34,DEEPVOICE_REAL_obama-original_frag34,0,cc3bdf544cfc09bd9cc788f7f022ba1af9daf701
DeepVoice,DEEPVOICE_REAL_obama-original_frag35,DEEPVOICE_REAL_obama-original_frag35,0,cc3bdf544cfc09bd9cc788f7f022ba1af9daf701
DeepVoice,DEEPVOICE_REAL_obama-original_frag36,DEEPVOICE_REAL_obama-original_frag36,0,cc3bdf544cfc09bd9cc788f7f022ba1af9daf701
DeepVoice,DEEPVOICE_REAL_obama-original_frag37,DEEPVOICE_REAL_obama-original_frag37,0,cc3bdf544cfc09bd9cc788f7f022ba1af9daf701
DeepVoice,DEEPVOICE_REAL_obama-original_frag38,DEEPVOICE_REAL_obama-original_frag38,0,cc3bdf544cfc09bd9cc788f7f022ba1af9daf701
DeepVoice,DEEPVOICE_REAL_obama-original_frag39,DEEPVOICE_REAL_obama-original_frag39,0,cc3bdf544cfc09bd9cc788f7f022ba1af9daf701
DeepVoice,DEEPVOICE_REAL_obama-original_frag4,DEEPVOICE_REAL_obama-original_frag4,0,cc3bdf544cfc09bd9cc788f7f022ba1af9daf701
DeepVoice,DEEPVOICE_REAL_obama-original_frag40,DEEPVOICE_REAL_obama-original_frag40,0,cc3bdf544cfc09bd9cc788f7f022ba1af9daf701
DeepVoice,DEEPVOICE_REAL_obama-original_frag41,DEEPVOICE_REAL_obama-original_frag41,0,cc3bdf544cfc09bd9cc788f7f022ba1af9daf701
DeepVoice,DEEPVOICE_REAL_obama-original_frag42,DEEPVOICE_REAL_obama-original_frag42,0,cc3bdf544cfc09bd9cc788f7f022ba1af9daf701
DeepVoice,DEEPVOICE_REAL_obama-original_frag43,DEEPVOICE_REAL_obama-original_frag43,0,cc3bdf544cfc09bd9cc788f7f022ba1af9daf701
DeepVoice,DEEPVOICE_REAL_obama-original_frag44,DEEPVOICE_REAL_obama-original_frag44,0,cc3bdf544cfc09bd9cc788f7f022ba1af9daf701
DeepVoice,DEEPVOICE_REAL_obama-original_frag45,DEEPVOICE_REAL_obama-original_frag45,0,cc3bdf544cfc09bd9cc788f7f022ba1af9daf701
DeepVoice,DEEPVOICE_REAL_obama-original_frag46,DEEPVOICE_REAL_obama-original_frag46,0,cc3bdf544cfc09bd9cc788f7f022ba1af9daf701
DeepVoice,DEEPVOICE_REAL_obama-original_frag47,DEEPVOICE_REAL_obama-original_frag47,0,cc3bdf544cfc09bd9cc788f7f022ba1af9daf701
DeepVoice,DEEPVOICE_REAL_obama-original_frag48,DEEPVOICE_REAL_obama-original_frag48,0,cc3bdf544cfc09bd9cc788f7f022ba1af9daf701
DeepVoice,DEEPVOICE_REAL_obama-original_frag49,DEEPVOICE_REAL_obama-original_frag49,0,cc3bdf544cfc09bd9cc788f7f022ba1af9daf701
DeepVoice,DEEPVOICE_REAL_obama-original_frag5,DEEPVOICE_REAL_obama-original_frag5,0,cc3bdf544cfc09bd9cc788f7f022ba1af9daf701
DeepVoice,DEEPVOICE_REAL_obama-original_frag50,DEEPVOICE_REAL_obama-original_frag50,0,cc3bdf544cfc09bd9cc788f7f022ba1af9daf701
DeepVoice,DEEPVOICE_REAL_obama-original_frag51,DEEPVOICE_REAL_obama-original_frag51,0,cc3bdf544cfc09bd9cc788f7f022ba1af9daf701
DeepVoice,DEEPVOICE_REAL_obama-original_frag52,DEEPVOICE_REAL_obama-original_frag52,0,cc3bdf544cfc09bd9cc788f7f022ba1af9daf701
DeepVoice,DEEPVOICE_REAL_obama-original_frag53,DEEPVOICE_REAL_obama-original_frag53,0,cc3bdf544cfc09bd9cc788f7f022ba1af9daf701
DeepVoice,DEEPVOICE_REAL_obama-original_frag54,DEEPVOICE_REAL_obama-original_frag54,0,cc3bdf544cfc09bd9cc788f7f022ba1af9daf701
DeepVoice,DEEPVOICE_REAL_obama-original_frag55,DEEPVOICE_REAL_obama-original_frag55,0,cc3bdf544cfc09bd9cc788f7f022ba1af9daf701
DeepVoice,DEEPVOICE_REAL_obama-original_frag56,DEEPVOICE_REAL_obama-original_frag56,0,cc3bdf544cfc09bd9cc788f7f022ba1af9daf701
DeepVoice,DEEPVOICE_REAL_obama-original_frag57,DEEPVOICE_REAL_obama-original_frag57,0,cc3bdf544cfc09bd9cc788f7f022ba1af9daf701
DeepVoice,DEEPVOICE_REAL_obama-original_frag58,DEEPVOICE_REAL_obama-original_frag58,0,cc3bdf544cfc09bd9cc788f7f022ba1af9daf701
DeepVoice,DEEPVOICE_REAL_obama-original_frag59,DEEPVOICE_REAL_obama-original_frag59,0,cc3bdf544cfc09bd9cc788f7f022ba1af9daf701
DeepVoice,DEEPVOICE_REAL_obama-original_frag6,DEEPVOICE_REAL_obama-original_frag6,0,cc3bdf544cfc09bd9cc788f7f022ba1af9daf701
DeepVoice,DEEPVOICE_REAL_obama-original_frag60,DEEPVOICE_REAL_obama-original_frag60,0,cc3bdf544cfc09bd9cc788f7f022ba1af9daf701
DeepVoice,DEEPVOICE_REAL_obama-original_frag61,DEEPVOICE_REAL_obama-original_frag61,0,cc3bdf544cfc09bd9cc788f7f022ba1af9daf701
DeepVoice,DEEPVOICE_REAL_obama-original_frag62,DEEPVOICE_REAL_obama-original_frag62,0,cc3bdf544cfc09bd9cc788f7f022ba1af9daf701
DeepVoice,DEEPVOICE_REAL_obama-original_frag63,DEEPVOICE_REAL_obama-original_frag63,0,cc3bdf544cfc09bd9cc788f7f022ba1af9daf701
DeepVoice,DEEPVOICE_REAL_obama-original_frag64,DEEPVOICE_REAL_obama-original_frag64,0,cc3bdf544cfc09bd9cc788f7f022ba1af9daf701
DeepVoice,DEEPVOICE_REAL_obama-original_frag65,DEEPVOICE_REAL_obama-original_frag65,0,cc3bdf544cfc09bd9cc788f7f022ba1af9daf701
DeepVoice,DEEPVOICE_REAL_obama-original_frag66,DEEPVOICE_REAL_obama-original_frag66,0,cc3bdf544cfc09bd9cc788f7f022ba1af9daf701
DeepVoice,DEEPVOICE_REAL_obama-original_frag67,DEEPVOICE_REAL_obama-original_frag67,0,cc3bdf544cfc09bd9cc788f7f022ba1af9daf701
DeepVoice,DEEPVOICE_REAL_obama-original_frag68,DEEPVOICE_REAL_obama-original_frag68,0,cc3bdf544cfc09bd9cc788f7f022ba1af9daf701
DeepVoice,DEEPVOICE_REAL_obama-original_frag69,DEEPVOICE_REAL_obama-original_frag69,0,cc3bdf544cfc09bd9cc788f7f022ba1af9daf701
DeepVoice,DEEPVOICE_REAL_obama-original_frag7,DEEPVOICE_REAL_obama-original_frag7,0,cc3bdf544cfc09bd9cc788f7f022ba1af9daf701
DeepVoice,DEEPVOICE_REAL_obama-original_frag70,DEEPVOICE_REAL_obama-original_frag70,0,cc3bdf544cfc09bd9cc788f7f022ba1af9daf701
DeepVoice,DEEPVOICE_REAL_obama-original_frag71,DEEPVOICE_REAL_obama-original_frag71,0,cc3bdf544cfc09bd9cc788f7f022ba1af9daf701
DeepVoice,DEEPVOICE_REAL_obama-original_frag72,DEEPVOICE_REAL_obama-original_frag72,0,cc3bdf544cfc09bd9cc788f7f022ba1af9daf701
DeepVoice,DEEPVOICE_REAL_obama-original_frag73,DEEPVOICE_REAL_obama-original_frag73,0,cc3bdf544cfc09bd9cc788f7f022ba1af9daf701
DeepVoice,DEEPVOICE_REAL_obama-original_frag74,DEEPVOICE_REAL_obama-original_frag74,0,cc3bdf544cfc09bd9cc788f7f022ba1af9daf701
DeepVoice,DEEPVOICE_REAL_obama-original_frag75,DEEPVOICE_REAL_obama-original_frag75,0,cc3bdf544cfc09bd9cc788f7f022ba1af9daf701
DeepVoice,DEEPVOICE_REAL_obama-original_frag76,DEEPVOICE_REAL_obama-original_frag76,0,cc3bdf544cfc09bd9cc788f7f022ba1af9daf701
DeepVoice,DEEPVOICE_REAL_obama-original_frag77,DEEPVOICE_REAL_obama-original_frag77,0,cc3bdf544cfc09bd9cc788f7f022ba1af9daf701
DeepVoice,DEEPVOICE_REAL_obama-original_frag78,DEEPVOICE_REAL_obama-original_frag78,0,cc3bdf544cfc09bd9cc788f7f022ba1af9daf701
DeepVoice,DEEPVOICE_REAL_obama-original_frag79,DEEPVOICE_REAL_obama-original_frag79,0,cc3bdf544cfc09bd9cc788f7f022ba1af9daf701
DeepVoice,DEEPVOICE_REAL_obama-original_frag8,DEEPVOICE_REAL_obama-original_frag8,0,cc3bdf544cfc09bd9cc788f7f022ba1af9daf701
DeepVoice,DEEPVOICE_REAL_obama-original_frag80,DEEPVOICE_REAL_obama-original_frag80,0,cc3bdf544cfc09bd9cc788f7f022ba1af9daf701
DeepVoice,DEEPVOICE_REAL_obama-original_frag81,DEEPVOICE_REAL_obama-original_frag81,0,cc3bdf544cfc09bd9cc788f7f022ba1af9daf701
DeepVoice,DEEPVOICE_REAL_obama-original_frag82,DEEPVOICE_REAL_obama-original_frag82,0,cc3bdf544cfc09bd9cc788f7f022ba1af9daf701
DeepVoice,DEEPVOICE_REAL_obama-original_frag83,DEEPVOICE_REAL_obama-original_frag83,0,cc3bdf544cfc09bd9cc788f7f022ba1af9daf701
DeepVoice,DEEPVOICE_REAL_obama-original_frag84,DEEPVOICE_REAL_obama-original_frag84,0,cc3bdf544cfc09bd9cc788f7f022ba1af9daf701
DeepVoice,DEEPVOICE_REAL_obama-original_frag85,DEEPVOICE_REAL_obama-original_frag85,0,cc3bdf544cfc09bd9cc788f7f022ba1af9daf701
DeepVoice,DEEPVOICE_REAL_obama-original_frag86,DEEPVOICE_REAL_obama-original_frag86,0,cc3bdf544cfc09bd9cc788f7f022ba1af9daf701
DeepVoice,DEEPVOICE_REAL_obama-original_frag87,DEEPVOICE_REAL_obama-original_frag87,0,cc3bdf544cfc09bd9cc788f7f022ba1af9daf701
DeepVoice,DEEPVOICE_REAL_obama-original_frag88,DEEPVOICE_REAL_obama-original_frag88,0,cc3bdf544cfc09bd9cc788f7f022ba1af9daf701
DeepVoice,DEEPVOICE_REAL_obama-original_frag89,DEEPVOICE_REAL_obama-original_frag89,0,cc3bdf544cfc09bd9cc788f7f022ba1af9daf701
DeepVoice,DEEPVOICE_REAL_obama-original_frag9,DEEPVOICE_REAL_obama-original_frag9,0,cc3bdf544cfc09bd9cc788f7f022ba1af9daf701
DeepVoice,DEEPVOICE_REAL_obama-original_frag90,DEEPVOICE_REAL_obama-original_frag90,0,cc3bdf544cfc09bd9cc788f7f022ba1af9daf701
DeepVoice,DEEPVOICE_REAL_obama-original_frag91,DEEPVOICE_REAL_obama-original_frag91,0,cc3bdf544cfc09bd9cc788f7f022ba1af9daf701
DeepVoice,DEEPVOICE_REAL_obama-original_frag92,DEEPVOICE_REAL_obama-original_frag92,0,cc3bdf544cfc09bd9cc788f7f022ba1af9daf701
DeepVoice,DEEPVOICE_REAL_obama-original_frag93,DEEPVOICE_REAL_obama-original_frag93,0,cc3bdf544cfc09bd9cc788f7f022ba1af9daf701
DeepVoice,DEEPVOICE_REAL_obama-original_frag94,DEEPVOICE_REAL_obama-original_frag94,0,cc3bdf544cfc09bd9cc788f7f022ba1af9daf701
DeepVoice,DEEPVOICE_REAL_obama-original_frag95,DEEPVOICE_REAL_obama-original_frag95,0,cc3bdf544cfc09bd9cc788f7f022ba1af9daf701
DeepVoice,DEEPVOICE_REAL_obama-original_frag96,DEEPVOICE_REAL_obama-original_frag96,0,cc3bdf544cfc09bd9cc788f7f022ba1af9daf701
DeepVoice,DEEPVOICE_REAL_obama-original_frag97,DEEPVOICE_REAL_obama-original_frag97,0,cc3bdf544cfc09bd9cc788f7f022ba1af9daf701
DeepVoice,DEEPVOICE_REAL_ryan-original_frag0,DEEPVOICE_REAL_ryan-original_frag0,0,cc3bdf544cfc09bd9cc788f7f022ba1af9daf701
DeepVoice,DEEPVOICE_REAL_ryan-original_frag1,DEEPVOICE_REAL_ryan-original_frag1,0,cc3bdf544cfc09bd9cc788f7f022ba1af9daf701
DeepVoice,DEEPVOICE_REAL_ryan-original_frag10,DEEPVOICE_REAL_ryan-original_frag10,0,cc3bdf544cfc09bd9cc788f7f022ba1af9daf701
DeepVoice,DEEPVOICE_REAL_ryan-original_frag11,DEEPVOICE_REAL_ryan-original_frag11,0,cc3bdf544cfc09bd9cc788f7f022ba1af9daf701
DeepVoice,DEEPVOICE_REAL_ryan-original_frag12,DEEPVOICE_REAL_ryan-original_frag12,0,cc3bdf544cfc09bd9cc788f7f022ba1af9daf701
DeepVoice,DEEPVOICE_REAL_ryan-original_frag13,DEEPVOICE_REAL_ryan-original_frag13,0,cc3bdf544cfc09bd9cc788f7f022ba1af9daf701
DeepVoice,DEEPVOICE_REAL_ryan-original_frag14,DEEPVOICE_REAL_ryan-original_frag14,0,cc3bdf544cfc09bd9cc788f7f022ba1af9daf701
DeepVoice,DEEPVOICE_REAL_ryan-original_frag15,DEEPVOICE_REAL_ryan-original_frag15,0,cc3bdf544cfc09bd9cc788f7f022ba1af9daf701
DeepVoice,DEEPVOICE_REAL_ryan-original_frag2,DEEPVOICE_REAL_ryan-original_frag2,0,cc3bdf544cfc09bd9cc788f7f022ba1af9daf701
DeepVoice,DEEPVOICE_REAL_ryan-original_frag3,DEEPVOICE_REAL_ryan-original_frag3,0,cc3bdf544cfc09bd9cc788f7f022ba1af9daf701
DeepVoice,DEEPVOICE_REAL_ryan-original_frag4,DEEPVOICE_REAL_ryan-original_frag4,0,cc3bdf544cfc09bd9cc788f7f022ba1af9daf701
DeepVoice,DEEPVOICE_REAL_ryan-original_frag5,DEEPVOICE_REAL_ryan-original_frag5,0,cc3bdf544cfc09bd9cc788f7f022ba1af9daf701
DeepVoice,DEEPVOICE_REAL_ryan-original_frag6,DEEPVOICE_REAL_ryan-original_frag6,0,cc3bdf544cfc09bd9cc788f7f022ba1af9daf701
DeepVoice,DEEPVOICE_REAL_ryan-original_frag7,DEEPVOICE_REAL_ryan-original_frag7,0,cc3bdf544cfc09bd9cc788f7f022ba1af9daf701
DeepVoice,DEEPVOICE_REAL_ryan-original_frag8,DEEPVOICE_REAL_ryan-original_frag8,0,cc3bdf544cfc09bd9cc788f7f022ba1af9daf701
DeepVoice,DEEPVOICE_REAL_ryan-original_frag9,DEEPVOICE_REAL_ryan-original_frag9,0,cc3bdf544cfc09bd9cc788f7f022ba1af9daf701
DeepVoice,DEEPVOICE_REAL_taylor-original_frag0,DEEPVOICE_REAL_taylor-original_frag0,0,cc3bdf544cfc09bd9cc788f7f022ba1af9daf701
DeepVoice,DEEPVOICE_REAL_taylor-original_frag1,DEEPVOICE_REAL_taylor-original_frag1,0,cc3bdf544cfc09bd9cc788f7f022ba1af9daf701
DeepVoice,DEEPVOICE_REAL_taylor-original_frag10,DEEPVOICE_REAL_taylor-original_frag10,0,cc3bdf544cfc09bd9cc788f7f022ba1af9daf701
DeepVoice,DEEPVOICE_REAL_taylor-original_frag11,DEEPVOICE_REAL_taylor-original_frag11,0,cc3bdf544cfc09bd9cc788f7f022ba1af9daf701
DeepVoice,DEEPVOICE_REAL_taylor-original_frag12,DEEPVOICE_REAL_taylor-original_frag12,0,cc3bdf544cfc09bd9cc788f7f022ba1af9daf701
DeepVoice,DEEPVOICE_REAL_taylor-original_frag13,DEEPVOICE_REAL_taylor-original_frag13,0,cc3bdf544cfc09bd9cc788f7f022ba1af9daf701
DeepVoice,DEEPVOICE_REAL_taylor-original_frag14,DEEPVOICE_REAL_taylor-original_frag14,0,cc3bdf544cfc09bd9cc788f7f022ba1af9daf701
DeepVoice,DEEPVOICE_REAL_taylor-original_frag15,DEEPVOICE_REAL_taylor-original_frag15,0,cc3bdf544cfc09bd9cc788f7f022ba1af9daf701
DeepVoice,DEEPVOICE_REAL_taylor-original_frag16,DEEPVOICE_REAL_taylor-original_frag16,0,cc3bdf544cfc09bd9cc788f7f022ba1af9daf701
DeepVoice,DEEPVOICE_REAL_taylor-original_frag17,DEEPVOICE_REAL_taylor-original_frag17,0,cc3bdf544cfc09bd9cc788f7f022ba1af9daf701
DeepVoice,DEEPVOICE_REAL_taylor-original_frag18,DEEPVOICE_REAL_taylor-original_frag18,0,cc3bdf544cfc09bd9cc788f7f022ba1af9daf701
DeepVoice,DEEPVOICE_REAL_taylor-original_frag19,DEEPVOICE_REAL_taylor-original_frag19,0,cc3bdf544cfc09bd9cc788f7f022ba1af9daf701
DeepVoice,DEEPVOICE_REAL_taylor-original_frag2,DEEPVOICE_REAL_taylor-original_frag2,0,cc3bdf544cfc09bd9cc788f7f022ba1af9daf701
DeepVoice,DEEPVOICE_REAL_taylor-original_frag20,DEEPVOICE_REAL_taylor-original_frag20,0,cc3bdf544cfc09bd9cc788f7f022ba1af9daf701
DeepVoice,DEEPVOICE_REAL_taylor-original_frag21,DEEPVOICE_REAL_taylor-original_frag21,0,cc3bdf544cfc09bd9cc788f7f022ba1af9daf701
DeepVoice,DEEPVOICE_REAL_taylor-original_frag22,DEEPVOICE_REAL_taylor-original_frag22,0,cc3bdf544cfc09bd9cc788f7f022ba1af9daf701
DeepVoice,DEEPVOICE_REAL_taylor-original_frag23,DEEPVOICE_REAL_taylor-original_frag23,0,cc3bdf544cfc09bd9cc788f7f022ba1af9daf701
DeepVoice,DEEPVOICE_REAL_taylor-original_frag24,DEEPVOICE_REAL_taylor-original_frag24,0,cc3bdf544cfc09bd9cc788f7f022ba1af9daf701
DeepVoice,DEEPVOICE_REAL_taylor-original_frag25,DEEPVOICE_REAL_taylor-original_frag25,0,cc3bdf544cfc09bd9cc788f7f022ba1af9daf701
DeepVoice,DEEPVOICE_REAL_taylor-original_frag26,DEEPVOICE_REAL_taylor-original_frag26,0,cc3bdf544cfc09bd9cc788f7f022ba1af9daf701
DeepVoice,DEEPVOICE_REAL_taylor-original_frag27,DEEPVOICE_REAL_taylor-original_frag27,0,cc3bdf544cfc09bd9cc788f7f022ba1af9daf701
DeepVoice,DEEPVOICE_REAL_taylor-original_frag28,DEEPVOICE_REAL_taylor-original_frag28,0,cc3bdf544cfc09bd9cc788f7f022ba1af9daf701
DeepVoice,DEEPVOICE_REAL_taylor-original_frag29,DEEPVOICE_REAL_taylor-original_frag29,0,cc3bdf544cfc09bd9cc788f7f022ba1af9daf701
DeepVoice,DEEPVOICE_REAL_taylor-original_frag3,DEEPVOICE_REAL_taylor-original_frag3,0,cc3bdf544cfc09bd9cc788f7f022ba1af9daf701
DeepVoice,DEEPVOICE_REAL_taylor-original_frag30,DEEPVOICE_REAL_taylor-original_frag30,0,cc3bdf544cfc09bd9cc788f7f022ba1af9daf701
DeepVoice,DEEPVOICE_REAL_taylor-original_frag31,DEEPVOICE_REAL_taylor-original_frag31,0,cc3bdf544cfc09bd9cc788f7f022ba1af9daf701
DeepVoice,DEEPVOICE_REAL_taylor-original_frag32,DEEPVOICE_REAL_taylor-original_frag32,0,cc3bdf544cfc09bd9cc788f7f022ba1af9daf701
DeepVoice,DEEPVOICE_REAL_taylor-original_frag33,DEEPVOICE_REAL_taylor-original_frag33,0,cc3bdf544cfc09bd9cc788f7f022ba1af9daf701
DeepVoice,DEEPVOICE_REAL_taylor-original_frag34,DEEPVOICE_REAL_taylor-original_frag34,0,cc3bdf544cfc09bd9cc788f7f022ba1af9daf701
DeepVoice,DEEPVOICE_REAL_taylor-original_frag35,DEEPVOICE_REAL_taylor-original_frag35,0,cc3bdf544cfc09bd9cc788f7f022ba1af9daf701
DeepVoice,DEEPVOICE_REAL_taylor-original_frag36,DEEPVOICE_REAL_taylor-original_frag36,0,cc3bdf544cfc09bd9cc788f7f022ba1af9daf701
DeepVoice,DEEPVOICE_REAL_taylor-original_frag37,DEEPVOICE_REAL_taylor-original_frag37,0,cc3bdf544cfc09bd9cc788f7f022ba1af9daf701
DeepVoice,DEEPVOICE_REAL_taylor-original_frag38,DEEPVOICE_REAL_taylor-original_frag38,0,cc3bdf544cfc09bd9cc788f7f022ba1af9daf701
DeepVoice,DEEPVOICE_REAL_taylor-original_frag39,DEEPVOICE_REAL_taylor-original_frag39,0,cc3bdf544cfc09bd9cc788f7f022ba1af9daf701
DeepVoice,DEEPVOICE_REAL_taylor-original_frag4,DEEPVOICE_REAL_taylor-original_frag4,0,cc3bdf544cfc09bd9cc788f7f022ba1af9daf701
DeepVoice,DEEPVOICE_REAL_taylor-original_frag40,DEEPVOICE_REAL_taylor-original_frag40,0,cc3bdf544cfc09bd9cc788f7f022ba1af9daf701
DeepVoice,DEEPVOICE_REAL_taylor-original_frag41,DEEPVOICE_REAL_taylor-original_frag41,0,cc3bdf544cfc09bd9cc788f7f022ba1af9daf701
DeepVoice,DEEPVOICE_REAL_taylor-original_frag42,DEEPVOICE_REAL_taylor-original_frag42,0,cc3bdf544cfc09bd9cc788f7f022ba1af9daf701
DeepVoice,DEEPVOICE_REAL_taylor-original_frag43,DEEPVOICE_REAL_taylor-original_frag43,0,cc3bdf544cfc09bd9cc788f7f022ba1af9daf701
DeepVoice,DEEPVOICE_REAL_taylor-original_frag44,DEEPVOICE_REAL_taylor-original_frag44,0,cc3bdf544cfc09bd9cc788f7f022ba1af9daf701
DeepVoice,DEEPVOICE_REAL_taylor-original_frag45,DEEPVOICE_REAL_taylor-original_frag45,0,cc3bdf544cfc09bd9cc788f7f022ba1af9daf701
DeepVoice,DEEPVOICE_REAL_taylor-original_frag46,DEEPVOICE_REAL_taylor-original_frag46,0,cc3bdf544cfc09bd9cc788f7f022ba1af9daf701
DeepVoice,DEEPVOICE_REAL_taylor-original_frag47,DEEPVOICE_REAL_taylor-original_frag47,0,cc3bdf544cfc09bd9cc788f7f022ba1af9daf701
DeepVoice,DEEPVOICE_REAL_taylor-original_frag48,DEEPVOICE_REAL_taylor-original_frag48,0,cc3bdf544cfc09bd9cc788f7f022ba1af9daf701
DeepVoice,DEEPVOICE_REAL_taylor-original_frag49,DEEPVOICE_REAL_taylor-original_frag49,0,cc3bdf544cfc09bd9cc788f7f022ba1af9daf701
DeepVoice,DEEPVOICE_REAL_taylor-original_frag5,DEEPVOICE_REAL_taylor-original_frag5,0,cc3bdf544cfc09bd9cc788f7f022ba1af9daf701
DeepVoice,DEEPVOICE_REAL_taylor-original_frag50,DEEPVOICE_REAL_taylor-original_frag50,0,cc3bdf544cfc09bd9cc788f7f022ba1af9daf701
DeepVoice,DEEPVOICE_REAL_taylor-original_frag51,DEEPVOICE_REAL_taylor-original_frag51,0,cc3bdf544cfc09bd9cc788f7f022ba1af9daf701
DeepVoice,DEEPVOICE_REAL_taylor-original_frag52,DEEPVOICE_REAL_taylor-original_frag52,0,cc3bdf544cfc09bd9cc788f7f022ba1af9daf701
DeepVoice,DEEPVOICE_REAL_taylor-original_frag53,DEEPVOICE_REAL_taylor-original_frag53,0,cc3bdf544cfc09bd9cc788f7f022ba1af9daf701
DeepVoice,DEEPVOICE_REAL_taylor-original_frag54,DEEPVOICE_REAL_taylor-original_frag54,0,cc3bdf544cfc09bd9cc788f7f022ba1af9daf701
DeepVoice,DEEPVOICE_REAL_taylor-original_frag55,DEEPVOICE_REAL_taylor-original_frag55,0,cc3bdf544cfc09bd9cc788f7f022ba1af9daf701
DeepVoice,DEEPVOICE_REAL_taylor-original_frag56,DEEPVOICE_REAL_taylor-original_frag56,0,cc3bdf544cfc09bd9cc788f7f022ba1af9daf701
DeepVoice,DEEPVOICE_REAL_taylor-original_frag57,DEEPVOICE_REAL_taylor-original_frag57,0,cc3bdf544cfc09bd9cc788f7f022ba1af9daf701
DeepVoice,DEEPVOICE_REAL_taylor-original_frag58,DEEPVOICE_REAL_taylor-original_frag58,0,cc3bdf544cfc09bd9cc788f7f022ba1af9daf701
DeepVoice,DEEPVOICE_REAL_taylor-original_frag59,DEEPVOICE_REAL_taylor-original_frag59,0,cc3bdf544cfc09bd9cc788f7f022ba1af9daf701
DeepVoice,DEEPVOICE_REAL_taylor-original_frag6,DEEPVOICE_REAL_taylor-original_frag6,0,cc3bdf544cfc09bd9cc788f7f022ba1af9daf701
DeepVoice,DEEPVOICE_REAL_taylor-original_frag60,DEEPVOICE_REAL_taylor-original_frag60,0,cc3bdf544cfc09bd9cc788f7f022ba1af9daf701
DeepVoice,DEEPVOICE_REAL_taylor-original_frag61,DEEPVOICE_REAL_taylor-original_frag61,0,cc3bdf544cfc09bd9cc788f7f022ba1af9daf701
DeepVoice,DEEPVOICE_REAL_taylor-original_frag62,DEEPVOICE_REAL_taylor-original_frag62,0,cc3bdf544cfc09bd9cc788f7f022ba1af9daf701
DeepVoice,DEEPVOICE_REAL_taylor-original_frag63,DEEPVOICE_REAL_taylor-original_frag63,0,cc3bdf544cfc09bd9cc788f7f022ba1af9daf701
DeepVoice,DEEPVOICE_REAL_taylor-original_frag64,DEEPVOICE_REAL_taylor-original_frag64,0,cc3bdf544cfc09bd9cc788f7f022ba1af9daf701
DeepVoice,DEEPVOICE_REAL_taylor-original_frag65,DEEPVOICE_REAL_taylor-original_frag65,0,cc3bdf544cfc09bd9cc788f7f022ba1af9daf701
DeepVoice,DEEPVOICE_REAL_taylor-original_frag66,DEEPVOICE_REAL_taylor-original_frag66,0,cc3bdf544cfc09bd9cc788f7f022ba1af9daf701
DeepVoice,DEEPVOICE_REAL_taylor-original_frag67,DEEPVOICE_REAL_taylor-original_frag67,0,cc3bdf544cfc09bd9cc788f7f022ba1af9daf701
DeepVoice,DEEPVOICE_REAL_taylor-original_frag68,DEEPVOICE_REAL_taylor-original_frag68,0,cc3bdf544cfc09bd9cc788f7f022ba1af9daf701
DeepVoice,DEEPVOICE_REAL_taylor-original_frag69,DEEPVOICE_REAL_taylor-original_frag69,0,cc3bdf544cfc09bd9cc788f7f022ba1af9daf701
DeepVoice,DEEPVOICE_REAL_taylor-original_frag7,DEEPVOICE_REAL_taylor-original_frag7,0,cc3bdf544cfc09bd9cc788f7f022ba1af9daf701
DeepVoice,DEEPVOICE_REAL_taylor-original_frag70,DEEPVOICE_REAL_taylor-original_frag70,0,cc3bdf544cfc09bd9cc788f7f022ba1af9daf701
DeepVoice,DEEPVOICE_REAL_taylor-original_frag71,DEEPVOICE_REAL_taylor-original_frag71,0,cc3bdf544cfc09bd9cc788f7f022ba1af9daf701
DeepVoice,DEEPVOICE_REAL_taylor-original_frag72,DEEPVOICE_REAL_taylor-original_frag72,0,cc3bdf544cfc09bd9cc788f7f022ba1af9daf701
DeepVoice,DEEPVOICE_REAL_taylor-original_frag73,DEEPVOICE_REAL_taylor-original_frag73,0,cc3bdf544cfc09bd9cc788f7f022ba1af9daf701
DeepVoice,DEEPVOICE_REAL_taylor-original_frag74,DEEPVOICE_REAL_taylor-original_frag74,0,cc3bdf544cfc09bd9cc788f7f022ba1af9daf701
DeepVoice,DEEPVOICE_REAL_taylor-original_frag75,DEEPVOICE_REAL_taylor-original_frag75,0,cc3bdf544cfc09bd9cc788f7f022ba1af9daf701
DeepVoice,DEEPVOICE_REAL_taylor-original_frag76,DEEPVOICE_REAL_taylor-original_frag76,0,cc3bdf544cfc09bd9cc788f7f022ba1af9daf701
DeepVoice,DEEPVOICE_REAL_taylor-original_frag77,DEEPVOICE_REAL_taylor-original_frag77,0,cc3bdf544cfc09bd9cc788f7f022ba1af9daf701
DeepVoice,DEEPVOICE_REAL_taylor-original_frag78,DEEPVOICE_REAL_taylor-original_frag78,0,cc3bdf544cfc09bd9cc788f7f022ba1af9daf701
DeepVoice,DEEPVOICE_REAL_taylor-original_frag79,DEEPVOICE_REAL_taylor-original_frag79,0,cc3bdf544cfc09bd9cc788f7f022ba1af9daf701
DeepVoice,DEEPVOICE_REAL_taylor-original_frag8,DEEPVOICE_REAL_taylor-original_frag8,0,cc3bdf544cfc09bd9cc788f7f022ba1af9daf701
DeepVoice,DEEPVOICE_REAL_taylor-original_frag80,DEEPVOICE_REAL_taylor-original_frag80,0,cc3bdf544cfc09bd9cc788f7f022ba1af9daf701
DeepVoice,DEEPVOICE_REAL_taylor-original_frag81,DEEPVOICE_REAL_taylor-original_frag81,0,cc3bdf544cfc09bd9cc788f7f022ba1af9daf701
DeepVoice,DEEPVOICE_REAL_taylor-original_frag82,DEEPVOICE_REAL_taylor-original_frag82,0,cc3bdf544cfc09bd9cc788f7f022ba1af9daf701
DeepVoice,DEEPVOICE_REAL_taylor-original_frag83,DEEPVOICE_REAL_taylor-original_frag83,0,cc3bdf544cfc09bd9cc788f7f022ba1af9daf701
DeepVoice,DEEPVOICE_REAL_taylor-original_frag84,DEEPVOICE_REAL_taylor-original_frag84,0,cc3bdf544cfc09bd9cc788f7f022ba1af9daf701
DeepVoice,DEEPVOICE_REAL_taylor-original_frag85,DEEPVOICE_REAL_taylor-original_frag85,0,cc3bdf544cfc09bd9cc788f7f022ba1af9daf701
DeepVoice,DEEPVOICE_REAL_taylor-original_frag86,DEEPVOICE_REAL_taylor-original_frag86,0,cc3bdf544cfc09bd9cc788f7f022ba1af9daf701
DeepVoice,DEEPVOICE_REAL_taylor-original_frag87,DEEPVOICE_REAL_taylor-original_frag87,0,cc3bdf544cfc09bd9cc788f7f022ba1af9daf701
DeepVoice,DEEPVOICE_REAL_taylor-original_frag88,DEEPVOICE_REAL_taylor-original_frag88,0,cc3bdf544cfc09bd9cc788f7f022ba1af9daf701
DeepVoice,DEEPVOICE_REAL_taylor-original_frag89,DEEPVOICE_REAL_taylor-original_frag89,0,cc3bdf544cfc09bd9cc788f7f022ba1af9daf701
DeepVoice,DEEPVOICE_REAL_taylor-original_frag9,DEEPVOICE_REAL_taylor-original_frag9,0,cc3bdf544cfc09bd9cc788f7f022ba1af9daf701
DeepVoice,DEEPVOICE_REAL_taylor-original_frag90,DEEPVOICE_REAL_taylor-original_frag90,0,cc3bdf544cfc09bd9cc788f7f022ba1af9daf701
DeepVoice,DEEPVOICE_REAL_taylor-original_frag91,DEEPVOICE_REAL_taylor-original_frag91,0,cc3bdf544cfc09bd9cc788f7f022ba1af9daf701
DeepVoice,DEEPVOICE_REAL_taylor-original_frag92,DEEPVOICE_REAL_taylor-original_frag92,0,cc3bdf544cfc09bd9cc788f7f022ba1af9daf701
DeepVoice,DEEPVOICE_REAL_taylor-original_frag93,DEEPVOICE_REAL_taylor-original_frag93,0,cc3bdf544cfc09bd9cc788f7f022ba1af9daf701
DeepVoice,DEEPVOICE_REAL_taylor-original_frag94,DEEPVOICE_REAL_taylor-original_frag94,0,cc3bdf544cfc09bd9cc788f7f022ba1af9daf701
DeepVoice,DEEPVOICE_REAL_taylor-original_frag95,DEEPVOICE_REAL_taylor-original_frag95,0,cc3bdf544cfc09bd9cc788f7f022ba1af9daf701
DeepVoice,DEEPVOICE_REAL_taylor-original_frag96,DEEPVOICE_REAL_taylor-original_frag96,0,cc3bdf544cfc09bd9cc788f7f022ba1af9daf701
DeepVoice,DEEPVOICE_REAL_taylor-original_frag97,DEEPVOICE_REAL_taylor-original_frag97,0,cc3bdf544cfc09bd9cc788f7f022ba1af9daf701
DeepVoice,DEEPVOICE_REAL_taylor-original_frag98,DEEPVOICE_REAL_taylor-original_frag98,0,cc3bdf544cfc09bd9cc788f7f022ba1af9daf701
DeepVoice,DEEPVOICE_REAL_taylor-original_frag99,DEEPVOICE_REAL_taylor-original_frag99,0,cc3bdf544cfc09bd9cc788f7f022ba1af9daf701
DeepVoice,DEEPVOICE_REAL_trump-original_frag0,DEEPVOICE_REAL_trump-original_frag0,0,cc3bdf544cfc09bd9cc788f7f022ba1af9daf701
DeepVoice,DEEPVOICE_REAL_trump-original_frag1,DEEPVOICE_REAL_trump-original_frag1,0,cc3bdf544cfc09bd9cc788f7f022ba1af9daf701
DeepVoice,DEEPVOICE_REAL_trump-original_frag10,DEEPVOICE_REAL_trump-original_frag10,0,cc3bdf544cfc09bd9cc788f7f022ba1af9daf701
DeepVoice,DEEPVOICE_REAL_trump-original_frag100,DEEPVOICE_REAL_trump-original_frag100,0,cc3bdf544cfc09bd9cc788f7f022ba1af9daf701
DeepVoice,DEEPVOICE_REAL_trump-original_frag11,DEEPVOICE_REAL_trump-original_frag11,0,cc3bdf544cfc09bd9cc788f7f022ba1af9daf701
DeepVoice,DEEPVOICE_REAL_trump-original_frag12,DEEPVOICE_REAL_trump-original_frag12,0,cc3bdf544cfc09bd9cc788f7f022ba1af9daf701
DeepVoice,DEEPVOICE_REAL_trump-original_frag13,DEEPVOICE_REAL_trump-original_frag13,0,cc3bdf544cfc09bd9cc788f7f022ba1af9daf701
DeepVoice,DEEPVOICE_REAL_trump-original_frag14,DEEPVOICE_REAL_trump-original_frag14,0,cc3bdf544cfc09bd9cc788f7f022ba1af9daf701
DeepVoice,DEEPVOICE_REAL_trump-original_frag15,DEEPVOICE_REAL_trump-original_frag15,0,cc3bdf544cfc09bd9cc788f7f022ba1af9daf701
DeepVoice,DEEPVOICE_REAL_trump-original_frag16,DEEPVOICE_REAL_trump-original_frag16,0,cc3bdf544cfc09bd9cc788f7f022ba1af9daf701
DeepVoice,DEEPVOICE_REAL_trump-original_frag17,DEEPVOICE_REAL_trump-original_frag17,0,cc3bdf544cfc09bd9cc788f7f022ba1af9daf701
DeepVoice,DEEPVOICE_REAL_trump-original_frag18,DEEPVOICE_REAL_trump-original_frag18,0,cc3bdf544cfc09bd9cc788f7f022ba1af9daf701
DeepVoice,DEEPVOICE_REAL_trump-original_frag19,DEEPVOICE_REAL_trump-original_frag19,0,cc3bdf544cfc09bd9cc788f7f022ba1af9daf701
DeepVoice,DEEPVOICE_REAL_trump-original_frag2,DEEPVOICE_REAL_trump-original_frag2,0,cc3bdf544cfc09bd9cc788f7f022ba1af9daf701
DeepVoice,DEEPVOICE_REAL_trump-original_frag20,DEEPVOICE_REAL_trump-original_frag20,0,cc3bdf544cfc09bd9cc788f7f022ba1af9daf701
DeepVoice,DEEPVOICE_REAL_trump-original_frag21,DEEPVOICE_REAL_trump-original_frag21,0,cc3bdf544cfc09bd9cc788f7f022ba1af9daf701
DeepVoice,DEEPVOICE_REAL_trump-original_frag22,DEEPVOICE_REAL_trump-original_frag22,0,cc3bdf544cfc09bd9cc788f7f022ba1af9daf701
DeepVoice,DEEPVOICE_REAL_trump-original_frag23,DEEPVOICE_REAL_trump-original_frag23,0,cc3bdf544cfc09bd9cc788f7f022ba1af9daf701
DeepVoice,DEEPVOICE_REAL_trump-original_frag24,DEEPVOICE_REAL_trump-original_frag24,0,cc3bdf544cfc09bd9cc788f7f022ba1af9daf701
DeepVoice,DEEPVOICE_REAL_trump-original_frag25,DEEPVOICE_REAL_trump-original_frag25,0,cc3bdf544cfc09bd9cc788f7f022ba1af9daf701
DeepVoice,DEEPVOICE_REAL_trump-original_frag26,DEEPVOICE_REAL_trump-original_frag26,0,cc3bdf544cfc09bd9cc788f7f022ba1af9daf701
DeepVoice,DEEPVOICE_REAL_trump-original_frag27,DEEPVOICE_REAL_trump-original_frag27,0,cc3bdf544cfc09bd9cc788f7f022ba1af9daf701
DeepVoice,DEEPVOICE_REAL_trump-original_frag28,DEEPVOICE_REAL_trump-original_frag28,0,cc3bdf544cfc09bd9cc788f7f022ba1af9daf701
DeepVoice,DEEPVOICE_REAL_trump-original_frag29,DEEPVOICE_REAL_trump-original_frag29,0,cc3bdf544cfc09bd9cc788f7f022ba1af9daf701
DeepVoice,DEEPVOICE_REAL_trump-original_frag3,DEEPVOICE_REAL_trump-original_frag3,0,cc3bdf544cfc09bd9cc788f7f022ba1af9daf701
DeepVoice,DEEPVOICE_REAL_trump-original_frag30,DEEPVOICE_REAL_trump-original_frag30,0,cc3bdf544cfc09bd9cc788f7f022ba1af9daf701
DeepVoice,DEEPVOICE_REAL_trump-original_frag31,DEEPVOICE_REAL_trump-original_frag31,0,cc3bdf544cfc09bd9cc788f7f022ba1af9daf701
DeepVoice,DEEPVOICE_REAL_trump-original_frag32,DEEPVOICE_REAL_trump-original_frag32,0,cc3bdf544cfc09bd9cc788f7f022ba1af9daf701
DeepVoice,DEEPVOICE_REAL_trump-original_frag33,DEEPVOICE_REAL_trump-original_frag33,0,cc3bdf544cfc09bd9cc788f7f022ba1af9daf701
DeepVoice,DEEPVOICE_REAL_trump-original_frag34,DEEPVOICE_REAL_trump-original_frag34,0,cc3bdf544cfc09bd9cc788f7f022ba1af9daf701
DeepVoice,DEEPVOICE_REAL_trump-original_frag35,DEEPVOICE_REAL_trump-original_frag35,0,cc3bdf544cfc09bd9cc788f7f022ba1af9daf701
DeepVoice,DEEPVOICE_REAL_trump-original_frag36,DEEPVOICE_REAL_trump-original_frag36,0,cc3bdf544cfc09bd9cc788f7f022ba1af9daf701
DeepVoice,DEEPVOICE_REAL_trump-original_frag37,DEEPVOICE_REAL_trump-original_frag37,0,cc3bdf544cfc09bd9cc788f7f022ba1af9daf701
DeepVoice,DEEPVOICE_REAL_trump-original_frag38,DEEPVOICE_REAL_trump-original_frag38,0,cc3bdf544cfc09bd9cc788f7f022ba1af9daf701
DeepVoice,DEEPVOICE_REAL_trump-original_frag39,DEEPVOICE_REAL_trump-original_frag39,0,cc3bdf544cfc09bd9cc788f7f022ba1af9daf701
DeepVoice,DEEPVOICE_REAL_trump-original_frag4,DEEPVOICE_REAL_trump-original_frag4,0,cc3bdf544cfc09bd9cc788f7f022ba1af9daf701
DeepVoice,DEEPVOICE_REAL_trump-original_frag40,DEEPVOICE_REAL_trump-original_frag40,0,cc3bdf544cfc09bd9cc788f7f022ba1af9daf701
DeepVoice,DEEPVOICE_REAL_trump-original_frag41,DEEPVOICE_REAL_trump-original_frag41,0,cc3bdf544cfc09bd9cc788f7f022ba1af9daf701
DeepVoice,DEEPVOICE_REAL_trump-original_frag42,DEEPVOICE_REAL_trump-original_frag42,0,cc3bdf544cfc09bd9cc788f7f022ba1af9daf701
DeepVoice,DEEPVOICE_REAL_trump-original_frag43,DEEPVOICE_REAL_trump-original_frag43,0,cc3bdf544cfc09bd9cc788f7f022ba1af9daf701
DeepVoice,DEEPVOICE_REAL_trump-original_frag44,DEEPVOICE_REAL_trump-original_frag44,0,cc3bdf544cfc09bd9cc788f7f022ba1af9daf701
DeepVoice,DEEPVOICE_REAL_trump-original_frag45,DEEPVOICE_REAL_trump-original_frag45,0,cc3bdf544cfc09bd9cc788f7f022ba1af9daf701
DeepVoice,DEEPVOICE_REAL_trump-original_frag46,DEEPVOICE_REAL_trump-original_frag46,0,cc3bdf544cfc09bd9cc788f7f022ba1af9daf701
DeepVoice,DEEPVOICE_REAL_trump-original_frag47,DEEPVOICE_REAL_trump-original_frag47,0,cc3bdf544cfc09bd9cc788f7f022ba1af9daf701
DeepVoice,DEEPVOICE_REAL_trump-original_frag48,DEEPVOICE_REAL_trump-original_frag48,0,cc3bdf544cfc09bd9cc788f7f022ba1af9daf701
DeepVoice,DEEPVOICE_REAL_trump-original_frag49,DEEPVOICE_REAL_trump-original_frag49,0,cc3bdf544cfc09bd9cc788f7f022ba1af9daf701
DeepVoice,DEEPVOICE_REAL_trump-original_frag5,DEEPVOICE_REAL_trump-original_frag5,0,cc3bdf544cfc09bd9cc788f7f022ba1af9daf701
DeepVoice,DEEPVOICE_REAL_trump-original_frag50,DEEPVOICE_REAL_trump-original_frag50,0,cc3bdf544cfc09bd9cc788f7f022ba1af9daf701
DeepVoice,DEEPVOICE_REAL_trump-original_frag51,DEEPVOICE_REAL_trump-original_frag51,0,cc3bdf544cfc09bd9cc788f7f022ba1af9daf701
DeepVoice,DEEPVOICE_REAL_trump-original_frag52,DEEPVOICE_REAL_trump-original_frag52,0,cc3bdf544cfc09bd9cc788f7f022ba1af9daf701
DeepVoice,DEEPVOICE_REAL_trump-original_frag53,DEEPVOICE_REAL_trump-original_frag53,0,cc3bdf544cfc09bd9cc788f7f022ba1af9daf701
DeepVoice,DEEPVOICE_REAL_trump-original_frag54,DEEPVOICE_REAL_trump-original_frag54,0,cc3bdf544cfc09bd9cc788f7f022ba1af9daf701
DeepVoice,DEEPVOICE_REAL_trump-original_frag55,DEEPVOICE_REAL_trump-original_frag55,0,cc3bdf544cfc09bd9cc788f7f022ba1af9daf701
DeepVoice,DEEPVOICE_REAL_trump-original_frag56,DEEPVOICE_REAL_trump-original_frag56,0,cc3bdf544cfc09bd9cc788f7f022ba1af9daf701
DeepVoice,DEEPVOICE_REAL_trump-original_frag57,DEEPVOICE_REAL_trump-original_frag57,0,cc3bdf544cfc09bd9cc788f7f022ba1af9daf701
DeepVoice,DEEPVOICE_REAL_trump-original_frag58,DEEPVOICE_REAL_trump-original_frag58,0,cc3bdf544cfc09bd9cc788f7f022ba1af9daf701
DeepVoice,DEEPVOICE_REAL_trump-original_frag59,DEEPVOICE_REAL_trump-original_frag59,0,cc3bdf544cfc09bd9cc788f7f022ba1af9daf701
DeepVoice,DEEPVOICE_REAL_trump-original_frag6,DEEPVOICE_REAL_trump-original_frag6,0,cc3bdf544cfc09bd9cc788f7f022ba1af9daf701
DeepVoice,DEEPVOICE_REAL_trump-original_frag60,DEEPVOICE_REAL_trump-original_frag60,0,cc3bdf544cfc09bd9cc788f7f022ba1af9daf701
DeepVoice,DEEPVOICE_REAL_trump-original_frag61,DEEPVOICE_REAL_trump-original_frag61,0,cc3bdf544cfc09bd9cc788f7f022ba1af9daf701
DeepVoice,DEEPVOICE_REAL_trump-original_frag62,DEEPVOICE_REAL_trump-original_frag62,0,cc3bdf544cfc09bd9cc788f7f022ba1af9daf701
DeepVoice,DEEPVOICE_REAL_trump-original_frag63,DEEPVOICE_REAL_trump-original_frag63,0,cc3bdf544cfc09bd9cc788f7f022ba1af9daf701
DeepVoice,DEEPVOICE_REAL_trump-original_frag64,DEEPVOICE_REAL_trump-original_frag64,0,cc3bdf544cfc09bd9cc788f7f022ba1af9daf701
DeepVoice,DEEPVOICE_REAL_trump-original_frag65,DEEPVOICE_REAL_trump-original_frag65,0,cc3bdf544cfc09bd9cc788f7f022ba1af9daf701
DeepVoice,DEEPVOICE_REAL_trump-original_frag66,DEEPVOICE_REAL_trump-original_frag66,0,cc3bdf544cfc09bd9cc788f7f022ba1af9daf701
DeepVoice,DEEPVOICE_REAL_trump-original_frag67,DEEPVOICE_REAL_trump-original_frag67,0,cc3bdf544cfc09bd9cc788f7f022ba1af9daf701
DeepVoice,DEEPVOICE_REAL_trump-original_frag68,DEEPVOICE_REAL_trump-original_frag68,0,cc3bdf544cfc09bd9cc788f7f022ba1af9daf701
DeepVoice,DEEPVOICE_REAL_trump-original_frag69,DEEPVOICE_REAL_trump-original_frag69,0,cc3bdf544cfc09bd9cc788f7f022ba1af9daf701
DeepVoice,DEEPVOICE_REAL_trump-original_frag7,DEEPVOICE_REAL_trump-original_frag7,0,cc3bdf544cfc09bd9cc788f7f022ba1af9daf701
DeepVoice,DEEPVOICE_REAL_trump-original_frag70,DEEPVOICE_REAL_trump-original_frag70,0,cc3bdf544cfc09bd9cc788f7f022ba1af9daf701
DeepVoice,DEEPVOICE_REAL_trump-original_frag71,DEEPVOICE_REAL_trump-original_frag71,0,cc3bdf544cfc09bd9cc788f7f022ba1af9daf701
DeepVoice,DEEPVOICE_REAL_trump-original_frag72,DEEPVOICE_REAL_trump-original_frag72,0,cc3bdf544cfc09bd9cc788f7f022ba1af9daf701
DeepVoice,DEEPVOICE_REAL_trump-original_frag73,DEEPVOICE_REAL_trump-original_frag73,0,cc3bdf544cfc09bd9cc788f7f022ba1af9daf701
DeepVoice,DEEPVOICE_REAL_trump-original_frag74,DEEPVOICE_REAL_trump-original_frag74,0,cc3bdf544cfc09bd9cc788f7f022ba1af9daf701
DeepVoice,DEEPVOICE_REAL_trump-original_frag75,DEEPVOICE_REAL_trump-original_frag75,0,cc3bdf544cfc09bd9cc788f7f022ba1af9daf701
DeepVoice,DEEPVOICE_REAL_trump-original_frag76,DEEPVOICE_REAL_trump-original_frag76,0,cc3bdf544cfc09bd9cc788f7f022ba1af9daf701
DeepVoice,DEEPVOICE_REAL_trump-original_frag77,DEEPVOICE_REAL_trump-original_frag77,0,cc3bdf544cfc09bd9cc788f7f022ba1af9daf701
DeepVoice,DEEPVOICE_REAL_trump-original_frag78,DEEPVOICE_REAL_trump-original_frag78,0,cc3bdf544cfc09bd9cc788f7f022ba1af9daf701
DeepVoice,DEEPVOICE_REAL_trump-original_frag79,DEEPVOICE_REAL_trump-original_frag79,0,cc3bdf544cfc09bd9cc788f7f022ba1af9daf701
DeepVoice,DEEPVOICE_REAL_trump-original_frag8,DEEPVOICE_REAL_trump-original_frag8,0,cc3bdf544cfc09bd9cc788f7f022ba1af9daf701
DeepVoice,DEEPVOICE_REAL_trump-original_frag80,DEEPVOICE_REAL_trump-original_frag80,0,cc3bdf544cfc09bd9cc788f7f022ba1af9daf701
DeepVoice,DEEPVOICE_REAL_trump-original_frag81,DEEPVOICE_REAL_trump-original_frag81,0,cc3bdf544cfc09bd9cc788f7f022ba1af9daf701
DeepVoice,DEEPVOICE_REAL_trump-original_frag82,DEEPVOICE_REAL_trump-original_frag82,0,cc3bdf544cfc09bd9cc788f7f022ba1af9daf701
DeepVoice,DEEPVOICE_REAL_trump-original_frag83,DEEPVOICE_REAL_trump-original_frag83,0,cc3bdf544cfc09bd9cc788f7f022ba1af9daf701
DeepVoice,DEEPVOICE_REAL_trump-original_frag84,DEEPVOICE_REAL_trump-original_frag84,0,cc3bdf544cfc09bd9cc788f7f022ba1af9daf701
DeepVoice,DEEPVOICE_REAL_trump-original_frag85,DEEPVOICE_REAL_trump-original_frag85,0,cc3bdf544cfc09bd9cc788f7f022ba1af9daf701
DeepVoice,DEEPVOICE_REAL_trump-original_frag86,DEEPVOICE_REAL_trump-original_frag86,0,cc3bdf544cfc09bd9cc788f7f022ba1af9daf701
DeepVoice,DEEPVOICE_REAL_trump-original_frag87,DEEPVOICE_REAL_trump-original_frag87,0,cc3bdf544cfc09bd9cc788f7f022ba1af9daf701
DeepVoice,DEEPVOICE_REAL_trump-original_frag88,DEEPVOICE_REAL_trump-original_frag88,0,cc3bdf544cfc09bd9cc788f7f022ba1af9daf701
DeepVoice,DEEPVOICE_REAL_trump-original_frag89,DEEPVOICE_REAL_trump-original_frag89,0,cc3bdf544cfc09bd9cc788f7f022ba1af9daf701
DeepVoice,DEEPVOICE_REAL_trump-original_frag9,DEEPVOICE_REAL_trump-original_frag9,0,cc3bdf544cfc09bd9cc788f7f022ba1af9daf701
DeepVoice,DEEPVOICE_REAL_trump-original_frag90,DEEPVOICE_REAL_trump-original_frag90,0,cc3bdf544cfc09bd9cc788f7f022ba1af9daf701
DeepVoice,DEEPVOICE_REAL_trump-original_frag91,DEEPVOICE_REAL_trump-original_frag91,0,cc3bdf544cfc09bd9cc788f7f022ba1af9daf701
DeepVoice,DEEPVOICE_REAL_trump-original_frag92,DEEPVOICE_REAL_trump-original_frag92,0,cc3bdf544cfc09bd9cc788f7f022ba1af9daf701
DeepVoice,DEEPVOICE_REAL_trump-original_frag93,DEEPVOICE_REAL_trump-original_frag93,0,cc3bdf544cfc09bd9cc788f7f022ba1af9daf701
DeepVoice,DEEPVOICE_REAL_trump-original_frag94,DEEPVOICE_REAL_trump-original_frag94,0,cc3bdf544cfc09bd9cc788f7f022ba1af9daf701
DeepVoice,DEEPVOICE_REAL_trump-original_frag95,DEEPVOICE_REAL_trump-original_frag95,0,cc3bdf544cfc09bd9cc788f7f022ba1af9daf701
DeepVoice,DEEPVOICE_REAL_trump-original_frag96,DEEPVOICE_REAL_trump-original_frag96,0,cc3bdf544cfc09bd9cc788f7f022ba1af9daf701
DeepVoice,DEEPVOICE_REAL_trump-original_frag97,DEEPVOICE_REAL_trump-original_frag97,0,cc3bdf544cfc09bd9cc788f7f022ba1af9daf701
DeepVoice,DEEPVOICE_REAL_trump-original_frag98,DEEPVOICE_REAL_trump-original_frag98,0,cc3bdf544cfc09bd9cc788f7f022ba1af9daf701
DeepVoice,DEEPVOICE_REAL_trump-original_frag99,DEEPVOICE_REAL_trump-original_frag99,0,cc3bdf544cfc09bd9cc788f7f022ba1af9daf701
DeepVoice,DEEPVOICE_FAKE_Obama-to-Biden_frag0,DEEPVOICE_FAKE_Obama-to-Biden_frag0,1,cc3bdf544cfc09bd9cc788f7f022ba1af9daf701
DeepVoice,DEEPVOICE_FAKE_Obama-to-Biden_frag1,DEEPVOICE_FAKE_Obama-to-Biden_frag1,1,cc3bdf544cfc09bd9cc788f7f022ba1af9daf701
DeepVoice,DEEPVOICE_FAKE_Obama-to-Biden_frag10,DEEPVOICE_FAKE_Obama-to-Biden_frag10,1,cc3bdf544cfc09bd9cc788f7f022ba1af9daf701
DeepVoice,DEEPVOICE_FAKE_Obama-to-Biden_frag100,DEEPVOICE_FAKE_Obama-to-Biden_frag100,1,cc3bdf544cfc09bd9cc788f7f022ba1af9daf701
DeepVoice,DEEPVOICE_FAKE_Obama-to-Biden_frag101,DEEPVOICE_FAKE_Obama-to-Biden_frag101,1,cc3bdf544cfc09bd9cc788f7f022ba1af9daf701
DeepVoice,DEEPVOICE_FAKE_Obama-to-Biden_frag102,DEEPVOICE_FAKE_Obama-to-Biden_frag102,1,cc3bdf544cfc09bd9cc788f7f022ba1af9daf701
DeepVoice,DEEPVOICE_FAKE_Obama-to-Biden_frag103,DEEPVOICE_FAKE_Obama-to-Biden_frag103,1,cc3bdf544cfc09bd9cc788f7f022ba1af9daf701
DeepVoice,DEEPVOICE_FAKE_Obama-to-Biden_frag11,DEEPVOICE_FAKE_Obama-to-Biden_frag11,1,cc3bdf544cfc09bd9cc788f7f022ba1af9daf701
DeepVoice,DEEPVOICE_FAKE_Obama-to-Biden_frag12,DEEPVOICE_FAKE_Obama-to-Biden_frag12,1,cc3bdf544cfc09bd9cc788f7f022ba1af9daf701
DeepVoice,DEEPVOICE_FAKE_Obama-to-Biden_frag13,DEEPVOICE_FAKE_Obama-to-Biden_frag13,1,cc3bdf544cfc09bd9cc788f7f022ba1af9daf701
DeepVoice,DEEPVOICE_FAKE_Obama-to-Biden_frag14,DEEPVOICE_FAKE_Obama-to-Biden_frag14,1,cc3bdf544cfc09bd9cc788f7f022ba1af9daf701
DeepVoice,DEEPVOICE_FAKE_Obama-to-Biden_frag15,DEEPVOICE_FAKE_Obama-to-Biden_frag15,1,cc3bdf544cfc09bd9cc788f7f022ba1af9daf701
DeepVoice,DEEPVOICE_FAKE_Obama-to-Biden_frag16,DEEPVOICE_FAKE_Obama-to-Biden_frag16,1,cc3bdf544cfc09bd9cc788f7f022ba1af9daf701
DeepVoice,DEEPVOICE_FAKE_Obama-to-Biden_frag17,DEEPVOICE_FAKE_Obama-to-Biden_frag17,1,cc3bdf544cfc09bd9cc788f7f022ba1af9daf701
DeepVoice,DEEPVOICE_FAKE_Obama-to-Biden_frag18,DEEPVOICE_FAKE_Obama-to-Biden_frag18,1,cc3bdf544cfc09bd9cc788f7f022ba1af9daf701
DeepVoice,DEEPVOICE_FAKE_Obama-to-Biden_frag19,DEEPVOICE_FAKE_Obama-to-Biden_frag19,1,cc3bdf544cfc09bd9cc788f7f022ba1af9daf701
DeepVoice,DEEPVOICE_FAKE_Obama-to-Biden_frag2,DEEPVOICE_FAKE_Obama-to-Biden_frag2,1,cc3bdf544cfc09bd9cc788f7f022ba1af9daf701
DeepVoice,DEEPVOICE_FAKE_Obama-to-Biden_frag20,DEEPVOICE_FAKE_Obama-to-Biden_frag20,1,cc3bdf544cfc09bd9cc788f7f022ba1af9daf701
DeepVoice,DEEPVOICE_FAKE_Obama-to-Biden_frag21,DEEPVOICE_FAKE_Obama-to-Biden_frag21,1,cc3bdf544cfc09bd9cc788f7f022ba1af9daf701
DeepVoice,DEEPVOICE_FAKE_Obama-to-Biden_frag22,DEEPVOICE_FAKE_Obama-to-Biden_frag22,1,cc3bdf544cfc09bd9cc788f7f022ba1af9daf701
DeepVoice,DEEPVOICE_FAKE_Obama-to-Biden_frag23,DEEPVOICE_FAKE_Obama-to-Biden_frag23,1,cc3bdf544cfc09bd9cc788f7f022ba1af9daf701
DeepVoice,DEEPVOICE_FAKE_Obama-to-Biden_frag24,DEEPVOICE_FAKE_Obama-to-Biden_frag24,1,cc3bdf544cfc09bd9cc788f7f022ba1af9daf701
DeepVoice,DEEPVOICE_FAKE_Obama-to-Biden_frag25,DEEPVOICE_FAKE_Obama-to-Biden_frag25,1,cc3bdf544cfc09bd9cc788f7f022ba1af9daf701
DeepVoice,DEEPVOICE_FAKE_Obama-to-Biden_frag26,DEEPVOICE_FAKE_Obama-to-Biden_frag26,1,cc3bdf544cfc09bd9cc788f7f022ba1af9daf701
DeepVoice,DEEPVOICE_FAKE_Obama-to-Biden_frag27,DEEPVOICE_FAKE_Obama-to-Biden_frag27,1,cc3bdf544cfc09bd9cc788f7f022ba1af9daf701
DeepVoice,DEEPVOICE_FAKE_Obama-to-Biden_frag28,DEEPVOICE_FAKE_Obama-to-Biden_frag28,1,cc3bdf544cfc09bd9cc788f7f022ba1af9daf701
DeepVoice,DEEPVOICE_FAKE_Obama-to-Biden_frag29,DEEPVOICE_FAKE_Obama-to-Biden_frag29,1,cc3bdf544cfc09bd9cc788f7f022ba1af9daf701
DeepVoice,DEEPVOICE_FAKE_Obama-to-Biden_frag3,DEEPVOICE_FAKE_Obama-to-Biden_frag3,1,cc3bdf544cfc09bd9cc788f7f022ba1af9daf701
DeepVoice,DEEPVOICE_FAKE_Obama-to-Biden_frag30,DEEPVOICE_FAKE_Obama-to-Biden_frag30,1,cc3bdf544cfc09bd9cc788f7f022ba1af9daf701
DeepVoice,DEEPVOICE_FAKE_Obama-to-Biden_frag31,DEEPVOICE_FAKE_Obama-to-Biden_frag31,1,cc3bdf544cfc09bd9cc788f7f022ba1af9daf701
DeepVoice,DEEPVOICE_FAKE_Obama-to-Biden_frag32,DEEPVOICE_FAKE_Obama-to-Biden_frag32,1,cc3bdf544cfc09bd9cc788f7f022ba1af9daf701
DeepVoice,DEEPVOICE_FAKE_Obama-to-Biden_frag33,DEEPVOICE_FAKE_Obama-to-Biden_frag33,1,cc3bdf544cfc09bd9cc788f7f022ba1af9daf701
DeepVoice,DEEPVOICE_FAKE_Obama-to-Biden_frag34,DEEPVOICE_FAKE_Obama-to-Biden_frag34,1,cc3bdf544cfc09bd9cc788f7f022ba1af9daf701
DeepVoice,DEEPVOICE_FAKE_Obama-to-Biden_frag35,DEEPVOICE_FAKE_Obama-to-Biden_frag35,1,cc3bdf544cfc09bd9cc788f7f022ba1af9daf701
DeepVoice,DEEPVOICE_FAKE_Obama-to-Biden_frag36,DEEPVOICE_FAKE_Obama-to-Biden_frag36,1,cc3bdf544cfc09bd9cc788f7f022ba1af9daf701
DeepVoice,DEEPVOICE_FAKE_Obama-to-Biden_frag37,DEEPVOICE_FAKE_Obama-to-Biden_frag37,1,cc3bdf544cfc09bd9cc788f7f022ba1af9daf701
DeepVoice,DEEPVOICE_FAKE_Obama-to-Biden_frag38,DEEPVOICE_FAKE_Obama-to-Biden_frag38,1,cc3bdf544cfc09bd9cc788f7f022ba1af9daf701
DeepVoice,DEEPVOICE_FAKE_Obama-to-Biden_frag39,DEEPVOICE_FAKE_Obama-to-Biden_frag39,1,cc3bdf544cfc09bd9cc788f7f022ba1af9daf701
DeepVoice,DEEPVOICE_FAKE_Obama-to-Biden_frag4,DEEPVOICE_FAKE_Obama-to-Biden_frag4,1,cc3bdf544cfc09bd9cc788f7f022ba1af9daf701
DeepVoice,DEEPVOICE_FAKE_Obama-to-Biden_frag40,DEEPVOICE_FAKE_Obama-to-Biden_frag40,1,cc3bdf544cfc09bd9cc788f7f022ba1af9daf701
DeepVoice,DEEPVOICE_FAKE_Obama-to-Biden_frag41,DEEPVOICE_FAKE_Obama-to-Biden_frag41,1,cc3bdf544cfc09bd9cc788f7f022ba1af9daf701
DeepVoice,DEEPVOICE_FAKE_Obama-to-Biden_frag42,DEEPVOICE_FAKE_Obama-to-Biden_frag42,1,cc3bdf544cfc09bd9cc788f7f022ba1af9daf701
DeepVoice,DEEPVOICE_FAKE_Obama-to-Biden_frag43,DEEPVOICE_FAKE_Obama-to-Biden_frag43,1,cc3bdf544cfc09bd9cc788f7f022ba1af9daf701
DeepVoice,DEEPVOICE_FAKE_Obama-to-Biden_frag44,DEEPVOICE_FAKE_Obama-to-Biden_frag44,1,cc3bdf544cfc09bd9cc788f7f022ba1af9daf701
DeepVoice,DEEPVOICE_FAKE_Obama-to-Biden_frag45,DEEPVOICE_FAKE_Obama-to-Biden_frag45,1,cc3bdf544cfc09bd9cc788f7f022ba1af9daf701
DeepVoice,DEEPVOICE_FAKE_Obama-to-Biden_frag46,DEEPVOICE_FAKE_Obama-to-Biden_frag46,1,cc3bdf544cfc09bd9cc788f7f022ba1af9daf701
DeepVoice,DEEPVOICE_FAKE_Obama-to-Biden_frag47,DEEPVOICE_FAKE_Obama-to-Biden_frag47,1,cc3bdf544cfc09bd9cc788f7f022ba1af9daf701
DeepVoice,DEEPVOICE_FAKE_Obama-to-Biden_frag48,DEEPVOICE_FAKE_Obama-to-Biden_frag48,1,cc3bdf544cfc09bd9cc788f7f022ba1af9daf701
DeepVoice,DEEPVOICE_FAKE_Obama-to-Biden_frag49,DEEPVOICE_FAKE_Obama-to-Biden_frag49,1,cc3bdf544cfc09bd9cc788f7f022ba1af9daf701
DeepVoice,DEEPVOICE_FAKE_Obama-to-Biden_frag5,DEEPVOICE_FAKE_Obama-to-Biden_frag5,1,cc3bdf544cfc09bd9cc788f7f022ba1af9daf701
DeepVoice,DEEPVOICE_FAKE_Obama-to-Biden_frag50,DEEPVOICE_FAKE_Obama-to-Biden_frag50,1,cc3bdf544cfc09bd9cc788f7f022ba1af9daf701
DeepVoice,DEEPVOICE_FAKE_Obama-to-Biden_frag51,DEEPVOICE_FAKE_Obama-to-Biden_frag51,1,cc3bdf544cfc09bd9cc788f7f022ba1af9daf701
DeepVoice,DEEPVOICE_FAKE_Obama-to-Biden_frag52,DEEPVOICE_FAKE_Obama-to-Biden_frag52,1,cc3bdf544cfc09bd9cc788f7f022ba1af9daf701
DeepVoice,DEEPVOICE_FAKE_Obama-to-Biden_frag53,DEEPVOICE_FAKE_Obama-to-Biden_frag53,1,cc3bdf544cfc09bd9cc788f7f022ba1af9daf701
DeepVoice,DEEPVOICE_FAKE_Obama-to-Biden_frag54,DEEPVOICE_FAKE_Obama-to-Biden_frag54,1,cc3bdf544cfc09bd9cc788f7f022ba1af9daf701
DeepVoice,DEEPVOICE_FAKE_Obama-to-Biden_frag55,DEEPVOICE_FAKE_Obama-to-Biden_frag55,1,cc3bdf544cfc09bd9cc788f7f022ba1af9daf701
DeepVoice,DEEPVOICE_FAKE_Obama-to-Biden_frag56,DEEPVOICE_FAKE_Obama-to-Biden_frag56,1,cc3bdf544cfc09bd9cc788f7f022ba1af9daf701
DeepVoice,DEEPVOICE_FAKE_Obama-to-Biden_frag57,DEEPVOICE_FAKE_Obama-to-Biden_frag57,1,cc3bdf544cfc09bd9cc788f7f022ba1af9daf701
DeepVoice,DEEPVOICE_FAKE_Obama-to-Biden_frag58,DEEPVOICE_FAKE_Obama-to-Biden_frag58,1,cc3bdf544cfc09bd9cc788f7f022ba1af9daf701
DeepVoice,DEEPVOICE_FAKE_Obama-to-Biden_frag59,DEEPVOICE_FAKE_Obama-to-Biden_frag59,1,cc3bdf544cfc09bd9cc788f7f022ba1af9daf701
DeepVoice,DEEPVOICE_FAKE_Obama-to-Biden_frag6,DEEPVOICE_FAKE_Obama-to-Biden_frag6,1,cc3bdf544cfc09bd9cc788f7f022ba1af9daf701
DeepVoice,DEEPVOICE_FAKE_Obama-to-Biden_frag60,DEEPVOICE_FAKE_Obama-to-Biden_frag60,1,cc3bdf544cfc09bd9cc788f7f022ba1af9daf701
DeepVoice,DEEPVOICE_FAKE_Obama-to-Biden_frag61,DEEPVOICE_FAKE_Obama-to-Biden_frag61,1,cc3bdf544cfc09bd9cc788f7f022ba1af9daf701
DeepVoice,DEEPVOICE_FAKE_Obama-to-Biden_frag62,DEEPVOICE_FAKE_Obama-to-Biden_frag62,1,cc3bdf544cfc09bd9cc788f7f022ba1af9daf701
DeepVoice,DEEPVOICE_FAKE_Obama-to-Biden_frag63,DEEPVOICE_FAKE_Obama-to-Biden_frag63,1,cc3bdf544cfc09bd9cc788f7f022ba1af9daf701
DeepVoice,DEEPVOICE_FAKE_Obama-to-Biden_frag64,DEEPVOICE_FAKE_Obama-to-Biden_frag64,1,cc3bdf544cfc09bd9cc788f7f022ba1af9daf701
DeepVoice,DEEPVOICE_FAKE_Obama-to-Biden_frag65,DEEPVOICE_FAKE_Obama-to-Biden_frag65,1,cc3bdf544cfc09bd9cc788f7f022ba1af9daf701
DeepVoice,DEEPVOICE_FAKE_Obama-to-Biden_frag66,DEEPVOICE_FAKE_Obama-to-Biden_frag66,1,cc3bdf544cfc09bd9cc788f7f022ba1af9daf701
DeepVoice,DEEPVOICE_FAKE_Obama-to-Biden_frag67,DEEPVOICE_FAKE_Obama-to-Biden_frag67,1,cc3bdf544cfc09bd9cc788f7f022ba1af9daf701
DeepVoice,DEEPVOICE_FAKE_Obama-to-Biden_frag68,DEEPVOICE_FAKE_Obama-to-Biden_frag68,1,cc3bdf544cfc09bd9cc788f7f022ba1af9daf701
DeepVoice,DEEPVOICE_FAKE_Obama-to-Biden_frag69,DEEPVOICE_FAKE_Obama-to-Biden_frag69,1,cc3bdf544cfc09bd9cc788f7f022ba1af9daf701
DeepVoice,DEEPVOICE_FAKE_Obama-to-Biden_frag7,DEEPVOICE_FAKE_Obama-to-Biden_frag7,1,cc3bdf544cfc09bd9cc788f7f022ba1af9daf701
DeepVoice,DEEPVOICE_FAKE_Obama-to-Biden_frag70,DEEPVOICE_FAKE_Obama-to-Biden_frag70,1,cc3bdf544cfc09bd9cc788f7f022ba1af9daf701
DeepVoice,DEEPVOICE_FAKE_Obama-to-Biden_frag71,DEEPVOICE_FAKE_Obama-to-Biden_frag71,1,cc3bdf544cfc09bd9cc788f7f022ba1af9daf701
DeepVoice,DEEPVOICE_FAKE_Obama-to-Biden_frag72,DEEPVOICE_FAKE_Obama-to-Biden_frag72,1,cc3bdf544cfc09bd9cc788f7f022ba1af9daf701
DeepVoice,DEEPVOICE_FAKE_Obama-to-Biden_frag73,DEEPVOICE_FAKE_Obama-to-Biden_frag73,1,cc3bdf544cfc09bd9cc788f7f022ba1af9daf701
DeepVoice,DEEPVOICE_FAKE_Obama-to-Biden_frag74,DEEPVOICE_FAKE_Obama-to-Biden_frag74,1,cc3bdf544cfc09bd9cc788f7f022ba1af9daf701
DeepVoice,DEEPVOICE_FAKE_Obama-to-Biden_frag75,DEEPVOICE_FAKE_Obama-to-Biden_frag75,1,cc3bdf544cfc09bd9cc788f7f022ba1af9daf701
DeepVoice,DEEPVOICE_FAKE_Obama-to-Biden_frag76,DEEPVOICE_FAKE_Obama-to-Biden_frag76,1,cc3bdf544cfc09bd9cc788f7f022ba1af9daf701
DeepVoice,DEEPVOICE_FAKE_Obama-to-Biden_frag77,DEEPVOICE_FAKE_Obama-to-Biden_frag77,1,cc3bdf544cfc09bd9cc788f7f022ba1af9daf701
DeepVoice,DEEPVOICE_FAKE_Obama-to-Biden_frag78,DEEPVOICE_FAKE_Obama-to-Biden_frag78,1,cc3bdf544cfc09bd9cc788f7f022ba1af9daf701
DeepVoice,DEEPVOICE_FAKE_Obama-to-Biden_frag79,DEEPVOICE_FAKE_Obama-to-Biden_frag79,1,cc3bdf544cfc09bd9cc788f7f022ba1af9daf701
DeepVoice,DEEPVOICE_FAKE_Obama-to-Biden_frag8,DEEPVOICE_FAKE_Obama-to-Biden_frag8,1,cc3bdf544cfc09bd9cc788f7f022ba1af9daf701
DeepVoice,DEEPVOICE_FAKE_Obama-to-Biden_frag80,DEEPVOICE_FAKE_Obama-to-Biden_frag80,1,cc3bdf544cfc09bd9cc788f7f022ba1af9daf701
DeepVoice,DEEPVOICE_FAKE_Obama-to-Biden_frag81,DEEPVOICE_FAKE_Obama-to-Biden_frag81,1,cc3bdf544cfc09bd9cc788f7f022ba1af9daf701
DeepVoice,DEEPVOICE_FAKE_Obama-to-Biden_frag82,DEEPVOICE_FAKE_Obama-to-Biden_frag82,1,cc3bdf544cfc09bd9cc788f7f022ba1af9daf701
DeepVoice,DEEPVOICE_FAKE_Obama-to-Biden_frag83,DEEPVOICE_FAKE_Obama-to-Biden_frag83,1,cc3bdf544cfc09bd9cc788f7f022ba1af9daf701
DeepVoice,DEEPVOICE_FAKE_Obama-to-Biden_frag84,DEEPVOICE_FAKE_Obama-to-Biden_frag84,1,cc3bdf544cfc09bd9cc788f7f022ba1af9daf701
DeepVoice,DEEPVOICE_FAKE_Obama-to-Biden_frag85,DEEPVOICE_FAKE_Obama-to-Biden_frag85,1,cc3bdf544cfc09bd9cc788f7f022ba1af9daf701
DeepVoice,DEEPVOICE_FAKE_Obama-to-Biden_frag86,DEEPVOICE_FAKE_Obama-to-Biden_frag86,1,cc3bdf544cfc09bd9cc788f7f022ba1af9daf701
DeepVoice,DEEPVOICE_FAKE_Obama-to-Biden_frag87,DEEPVOICE_FAKE_Obama-to-Biden_frag87,1,cc3bdf544cfc09bd9cc788f7f022ba1af9daf701
DeepVoice,DEEPVOICE_FAKE_Obama-to-Biden_frag88,DEEPVOICE_FAKE_Obama-to-Biden_frag88,1,cc3bdf544cfc09bd9cc788f7f022ba1af9daf701
DeepVoice,DEEPVOICE_FAKE_Obama-to-Biden_frag89,DEEPVOICE_FAKE_Obama-to-Biden_frag89,1,cc3bdf544cfc09bd9cc788f7f022ba1af9daf701
DeepVoice,DEEPVOICE_FAKE_Obama-to-Biden_frag9,DEEPVOICE_FAKE_Obama-to-Biden_frag9,1,cc3bdf544cfc09bd9cc788f7f022ba1af9daf701
DeepVoice,DEEPVOICE_FAKE_Obama-to-Biden_frag90,DEEPVOICE_FAKE_Obama-to-Biden_frag90,1,cc3bdf544cfc09bd9cc788f7f022ba1af9daf701
DeepVoice,DEEPVOICE_FAKE_Obama-to-Biden_frag91,DEEPVOICE_FAKE_Obama-to-Biden_frag91,1,cc3bdf544cfc09bd9cc788f7f022ba1af9daf701
DeepVoice,DEEPVOICE_FAKE_Obama-to-Biden_frag92,DEEPVOICE_FAKE_Obama-to-Biden_frag92,1,cc3bdf544cfc09bd9cc788f7f022ba1af9daf701
DeepVoice,DEEPVOICE_FAKE_Obama-to-Biden_frag93,DEEPVOICE_FAKE_Obama-to-Biden_frag93,1,cc3bdf544cfc09bd9cc788f7f022ba1af9daf701
DeepVoice,DEEPVOICE_FAKE_Obama-to-Biden_frag94,DEEPVOICE_FAKE_Obama-to-Biden_frag94,1,cc3bdf544cfc09bd9cc788f7f022ba1af9daf701
DeepVoice,DEEPVOICE_FAKE_Obama-to-Biden_frag95,DEEPVOICE_FAKE_Obama-to-Biden_frag95,1,cc3bdf544cfc09bd9cc788f7f022ba1af9daf701
DeepVoice,DEEPVOICE_FAKE_Obama-to-Biden_frag96,DEEPVOICE_FAKE_Obama-to-Biden_frag96,1,cc3bdf544cfc09bd9cc788f7f022ba1af9daf701
DeepVoice,DEEPVOICE_FAKE_Obama-to-Biden_frag97,DEEPVOICE_FAKE_Obama-to-Biden_frag97,1,cc3bdf544cfc09bd9cc788f7f022ba1af9daf701
DeepVoice,DEEPVOICE_FAKE_Obama-to-Biden_frag98,DEEPVOICE_FAKE_Obama-to-Biden_frag98,1,cc3bdf544cfc09bd9cc788f7f022ba1af9daf701
DeepVoice,DEEPVOICE_FAKE_Obama-to-Biden_frag99,DEEPVOICE_FAKE_Obama-to-Biden_frag99,1,cc3bdf544cfc09bd9cc788f7f022ba1af9daf701
DeepVoice,DEEPVOICE_FAKE_Obama-to-Trump_frag0,DEEPVOICE_FAKE_Obama-to-Trump_frag0,1,cc3bdf544cfc09bd9cc788f7f022ba1af9daf701
DeepVoice,DEEPVOICE_FAKE_Obama-to-Trump_frag1,DEEPVOICE_FAKE_Obama-to-Trump_frag1,1,cc3bdf544cfc09bd9cc788f7f022ba1af9daf701
DeepVoice,DEEPVOICE_FAKE_Obama-to-Trump_frag10,DEEPVOICE_FAKE_Obama-to-Trump_frag10,1,cc3bdf544cfc09bd9cc788f7f022ba1af9daf701
DeepVoice,DEEPVOICE_FAKE_Obama-to-Trump_frag11,DEEPVOICE_FAKE_Obama-to-Trump_frag11,1,cc3bdf544cfc09bd9cc788f7f022ba1af9daf701
DeepVoice,DEEPVOICE_FAKE_Obama-to-Trump_frag12,DEEPVOICE_FAKE_Obama-to-Trump_frag12,1,cc3bdf544cfc09bd9cc788f7f022ba1af9daf701
DeepVoice,DEEPVOICE_FAKE_Obama-to-Trump_frag13,DEEPVOICE_FAKE_Obama-to-Trump_frag13,1,cc3bdf544cfc09bd9cc788f7f022ba1af9daf701
DeepVoice,DEEPVOICE_FAKE_Obama-to-Trump_frag14,DEEPVOICE_FAKE_Obama-to-Trump_frag14,1,cc3bdf544cfc09bd9cc788f7f022ba1af9daf701
DeepVoice,DEEPVOICE_FAKE_Obama-to-Trump_frag15,DEEPVOICE_FAKE_Obama-to-Trump_frag15,1,cc3bdf544cfc09bd9cc788f7f022ba1af9daf701
DeepVoice,DEEPVOICE_FAKE_Obama-to-Trump_frag16,DEEPVOICE_FAKE_Obama-to-Trump_frag16,1,cc3bdf544cfc09bd9cc788f7f022ba1af9daf701
DeepVoice,DEEPVOICE_FAKE_Obama-to-Trump_frag17,DEEPVOICE_FAKE_Obama-to-Trump_frag17,1,cc3bdf544cfc09bd9cc788f7f022ba1af9daf701
DeepVoice,DEEPVOICE_FAKE_Obama-to-Trump_frag18,DEEPVOICE_FAKE_Obama-to-Trump_frag18,1,cc3bdf544cfc09bd9cc788f7f022ba1af9daf701
DeepVoice,DEEPVOICE_FAKE_Obama-to-Trump_frag19,DEEPVOICE_FAKE_Obama-to-Trump_frag19,1,cc3bdf544cfc09bd9cc788f7f022ba1af9daf701
DeepVoice,DEEPVOICE_FAKE_Obama-to-Trump_frag2,DEEPVOICE_FAKE_Obama-to-Trump_frag2,1,cc3bdf544cfc09bd9cc788f7f022ba1af9daf701
DeepVoice,DEEPVOICE_FAKE_Obama-to-Trump_frag20,DEEPVOICE_FAKE_Obama-to-Trump_frag20,1,cc3bdf544cfc09bd9cc788f7f022ba1af9daf701
DeepVoice,DEEPVOICE_FAKE_Obama-to-Trump_frag21,DEEPVOICE_FAKE_Obama-to-Trump_frag21,1,cc3bdf544cfc09bd9cc788f7f022ba1af9daf701
DeepVoice,DEEPVOICE_FAKE_Obama-to-Trump_frag22,DEEPVOICE_FAKE_Obama-to-Trump_frag22,1,cc3bdf544cfc09bd9cc788f7f022ba1af9daf701
DeepVoice,DEEPVOICE_FAKE_Obama-to-Trump_frag23,DEEPVOICE_FAKE_Obama-to-Trump_frag23,1,cc3bdf544cfc09bd9cc788f7f022ba1af9daf701
DeepVoice,DEEPVOICE_FAKE_Obama-to-Trump_frag24,DEEPVOICE_FAKE_Obama-to-Trump_frag24,1,cc3bdf544cfc09bd9cc788f7f022ba1af9daf701
DeepVoice,DEEPVOICE_FAKE_Obama-to-Trump_frag25,DEEPVOICE_FAKE_Obama-to-Trump_frag25,1,cc3bdf544cfc09bd9cc788f7f022ba1af9daf701
DeepVoice,DEEPVOICE_FAKE_Obama-to-Trump_frag26,DEEPVOICE_FAKE_Obama-to-Trump_frag26,1,cc3bdf544cfc09bd9cc788f7f022ba1af9daf701
DeepVoice,DEEPVOICE_FAKE_Obama-to-Trump_frag27,DEEPVOICE_FAKE_Obama-to-Trump_frag27,1,cc3bdf544cfc09bd9cc788f7f022ba1af9daf701
DeepVoice,DEEPVOICE_FAKE_Obama-to-Trump_frag28,DEEPVOICE_FAKE_Obama-to-Trump_frag28,1,cc3bdf544cfc09bd9cc788f7f022ba1af9daf701
DeepVoice,DEEPVOICE_FAKE_Obama-to-Trump_frag29,DEEPVOICE_FAKE_Obama-to-Trump_frag29,1,cc3bdf544cfc09bd9cc788f7f022ba1af9daf701
DeepVoice,DEEPVOICE_FAKE_Obama-to-Trump_frag3,DEEPVOICE_FAKE_Obama-to-Trump_frag3,1,cc3bdf544cfc09bd9cc788f7f022ba1af9daf701
DeepVoice,DEEPVOICE_FAKE_Obama-to-Trump_frag30,DEEPVOICE_FAKE_Obama-to-Trump_frag30,1,cc3bdf544cfc09bd9cc788f7f022ba1af9daf701
DeepVoice,DEEPVOICE_FAKE_Obama-to-Trump_frag31,DEEPVOICE_FAKE_Obama-to-Trump_frag31,1,cc3bdf544cfc09bd9cc788f7f022ba1af9daf701
DeepVoice,DEEPVOICE_FAKE_Obama-to-Trump_frag32,DEEPVOICE_FAKE_Obama-to-Trump_frag32,1,cc3bdf544cfc09bd9cc788f7f022ba1af9daf701
DeepVoice,DEEPVOICE_FAKE_Obama-to-Trump_frag33,DEEPVOICE_FAKE_Obama-to-Trump_frag33,1,cc3bdf544cfc09bd9cc788f7f022ba1af9daf701
DeepVoice,DEEPVOICE_FAKE_Obama-to-Trump_frag34,DEEPVOICE_FAKE_Obama-to-Trump_frag34,1,cc3bdf544cfc09bd9cc788f7f022ba1af9daf701
DeepVoice,DEEPVOICE_FAKE_Obama-to-Trump_frag35,DEEPVOICE_FAKE_Obama-to-Trump_frag35,1,cc3bdf544cfc09bd9cc788f7f022ba1af9daf701
DeepVoice,DEEPVOICE_FAKE_Obama-to-Trump_frag36,DEEPVOICE_FAKE_Obama-to-Trump_frag36,1,cc3bdf544cfc09bd9cc788f7f022ba1af9daf701
DeepVoice,DEEPVOICE_FAKE_Obama-to-Trump_frag37,DEEPVOICE_FAKE_Obama-to-Trump_frag37,1,cc3bdf544cfc09bd9cc788f7f022ba1af9daf701
DeepVoice,DEEPVOICE_FAKE_Obama-to-Trump_frag38,DEEPVOICE_FAKE_Obama-to-Trump_frag38,1,cc3bdf544cfc09bd9cc788f7f022ba1af9daf701
DeepVoice,DEEPVOICE_FAKE_Obama-to-Trump_frag39,DEEPVOICE_FAKE_Obama-to-Trump_frag39,1,cc3bdf544cfc09bd9cc788f7f022ba1af9daf701
DeepVoice,DEEPVOICE_FAKE_Obama-to-Trump_frag4,DEEPVOICE_FAKE_Obama-to-Trump_frag4,1,cc3bdf544cfc09bd9cc788f7f022ba1af9daf701
DeepVoice,DEEPVOICE_FAKE_Obama-to-Trump_frag40,DEEPVOICE_FAKE_Obama-to-Trump_frag40,1,cc3bdf544cfc09bd9cc788f7f022ba1af9daf701
DeepVoice,DEEPVOICE_FAKE_Obama-to-Trump_frag41,DEEPVOICE_FAKE_Obama-to-Trump_frag41,1,cc3bdf544cfc09bd9cc788f7f022ba1af9daf701
DeepVoice,DEEPVOICE_FAKE_Obama-to-Trump_frag42,DEEPVOICE_FAKE_Obama-to-Trump_frag42,1,cc3bdf544cfc09bd9cc788f7f022ba1af9daf701
DeepVoice,DEEPVOICE_FAKE_Obama-to-Trump_frag43,DEEPVOICE_FAKE_Obama-to-Trump_frag43,1,cc3bdf544cfc09bd9cc788f7f022ba1af9daf701
DeepVoice,DEEPVOICE_FAKE_Obama-to-Trump_frag44,DEEPVOICE_FAKE_Obama-to-Trump_frag44,1,cc3bdf544cfc09bd9cc788f7f022ba1af9daf701
DeepVoice,DEEPVOICE_FAKE_Obama-to-Trump_frag45,DEEPVOICE_FAKE_Obama-to-Trump_frag45,1,cc3bdf544cfc09bd9cc788f7f022ba1af9daf701
DeepVoice,DEEPVOICE_FAKE_Obama-to-Trump_frag46,DEEPVOICE_FAKE_Obama-to-Trump_frag46,1,cc3bdf544cfc09bd9cc788f7f022ba1af9daf701
DeepVoice,DEEPVOICE_FAKE_Obama-to-Trump_frag47,DEEPVOICE_FAKE_Obama-to-Trump_frag47,1,cc3bdf544cfc09bd9cc788f7f022ba1af9daf701
DeepVoice,DEEPVOICE_FAKE_Obama-to-Trump_frag48,DEEPVOICE_FAKE_Obama-to-Trump_frag48,1,cc3bdf544cfc09bd9cc788f7f022ba1af9daf701
DeepVoice,DEEPVOICE_FAKE_Obama-to-Trump_frag49,DEEPVOICE_FAKE_Obama-to-Trump_frag49,1,cc3bdf544cfc09bd9cc788f7f022ba1af9daf701
DeepVoice,DEEPVOICE_FAKE_Obama-to-Trump_frag5,DEEPVOICE_FAKE_Obama-to-Trump_frag5,1,cc3bdf544cfc09bd9cc788f7f022ba1af9daf701
DeepVoice,DEEPVOICE_FAKE_Obama-to-Trump_frag50,DEEPVOICE_FAKE_Obama-to-Trump_frag50,1,cc3bdf544cfc09bd9cc788f7f022ba1af9daf701
DeepVoice,DEEPVOICE_FAKE_Obama-to-Trump_frag51,DEEPVOICE_FAKE_Obama-to-Trump_frag51,1,cc3bdf544cfc09bd9cc788f7f022ba1af9daf701
DeepVoice,DEEPVOICE_FAKE_Obama-to-Trump_frag52,DEEPVOICE_FAKE_Obama-to-Trump_frag52,1,cc3bdf544cfc09bd9cc788f7f022ba1af9daf701
DeepVoice,DEEPVOICE_FAKE_Obama-to-Trump_frag53,DEEPVOICE_FAKE_Obama-to-Trump_frag53,1,cc3bdf544cfc09bd9cc788f7f022ba1af9daf701
DeepVoice,DEEPVOICE_FAKE_Obama-to-Trump_frag54,DEEPVOICE_FAKE_Obama-to-Trump_frag54,1,cc3bdf544cfc09bd9cc788f7f022ba1af9daf701
DeepVoice,DEEPVOICE_FAKE_Obama-to-Trump_frag55,DEEPVOICE_FAKE_Obama-to-Trump_frag55,1,cc3bdf544cfc09bd9cc788f7f022ba1af9daf701
DeepVoice,DEEPVOICE_FAKE_Obama-to-Trump_frag56,DEEPVOICE_FAKE_Obama-to-Trump_frag56,1,cc3bdf544cfc09bd9cc788f7f022ba1af9daf701
DeepVoice,DEEPVOICE_FAKE_Obama-to-Trump_frag57,DEEPVOICE_FAKE_Obama-to-Trump_frag57,1,cc3bdf544cfc09bd9cc788f7f022ba1af9daf701
DeepVoice,DEEPVOICE_FAKE_Obama-to-Trump_frag58,DEEPVOICE_FAKE_Obama-to-Trump_frag58,1,cc3bdf544cfc09bd9cc788f7f022ba1af9daf701
DeepVoice,DEEPVOICE_FAKE_Obama-to-Trump_frag59,DEEPVOICE_FAKE_Obama-to-Trump_frag59,1,cc3bdf544cfc09bd9cc788f7f022ba1af9daf701
DeepVoice,DEEPVOICE_FAKE_Obama-to-Trump_frag6,DEEPVOICE_FAKE_Obama-to-Trump_frag6,1,cc3bdf544cfc09bd9cc788f7f022ba1af9daf701
DeepVoice,DEEPVOICE_FAKE_Obama-to-Trump_frag60,DEEPVOICE_FAKE_Obama-to-Trump_frag60,1,cc3bdf544cfc09bd9cc788f7f022ba1af9daf701
DeepVoice,DEEPVOICE_FAKE_Obama-to-Trump_frag61,DEEPVOICE_FAKE_Obama-to-Trump_frag61,1,cc3bdf544cfc09bd9cc788f7f022ba1af9daf701
DeepVoice,DEEPVOICE_FAKE_Obama-to-Trump_frag62,DEEPVOICE_FAKE_Obama-to-Trump_frag62,1,cc3bdf544cfc09bd9cc788f7f022ba1af9daf701
DeepVoice,DEEPVOICE_FAKE_Obama-to-Trump_frag63,DEEPVOICE_FAKE_Obama-to-Trump_frag63,1,cc3bdf544cfc09bd9cc788f7f022ba1af9daf701
DeepVoice,DEEPVOICE_FAKE_Obama-to-Trump_frag64,DEEPVOICE_FAKE_Obama-to-Trump_frag64,1,cc3bdf544cfc09bd9cc788f7f022ba1af9daf701
DeepVoice,DEEPVOICE_FAKE_Obama-to-Trump_frag65,DEEPVOICE_FAKE_Obama-to-Trump_frag65,1,cc3bdf544cfc09bd9cc788f7f022ba1af9daf701
DeepVoice,DEEPVOICE_FAKE_Obama-to-Trump_frag66,DEEPVOICE_FAKE_Obama-to-Trump_frag66,1,cc3bdf544cfc09bd9cc788f7f022ba1af9daf701
DeepVoice,DEEPVOICE_FAKE_Obama-to-Trump_frag67,DEEPVOICE_FAKE_Obama-to-Trump_frag67,1,cc3bdf544cfc09bd9cc788f7f022ba1af9daf701
DeepVoice,DEEPVOICE_FAKE_Obama-to-Trump_frag68,DEEPVOICE_FAKE_Obama-to-Trump_frag68,1,cc3bdf544cfc09bd9cc788f7f022ba1af9daf701
DeepVoice,DEEPVOICE_FAKE_Obama-to-Trump_frag69,DEEPVOICE_FAKE_Obama-to-Trump_frag69,1,cc3bdf544cfc09bd9cc788f7f022ba1af9daf701
DeepVoice,DEEPVOICE_FAKE_Obama-to-Trump_frag7,DEEPVOICE_FAKE_Obama-to-Trump_frag7,1,cc3bdf544cfc09bd9cc788f7f022ba1af9daf701
DeepVoice,DEEPVOICE_FAKE_Obama-to-Trump_frag70,DEEPVOICE_FAKE_Obama-to-Trump_frag70,1,cc3bdf544cfc09bd9cc788f7f022ba1af9daf701
DeepVoice,DEEPVOICE_FAKE_Obama-to-Trump_frag71,DEEPVOICE_FAKE_Obama-to-Trump_frag71,1,cc3bdf544cfc09bd9cc788f7f022ba1af9daf701
DeepVoice,DEEPVOICE_FAKE_Obama-to-Trump_frag72,DEEPVOICE_FAKE_Obama-to-Trump_frag72,1,cc3bdf544cfc09bd9cc788f7f022ba1af9daf701
DeepVoice,DEEPVOICE_FAKE_Obama-to-Trump_frag73,DEEPVOICE_FAKE_Obama-to-Trump_frag73,1,cc3bdf544cfc09bd9cc788f7f022ba1af9daf701
DeepVoice,DEEPVOICE_FAKE_Obama-to-Trump_frag74,DEEPVOICE_FAKE_Obama-to-Trump_frag74,1,cc3bdf544cfc09bd9cc788f7f022ba1af9daf701
DeepVoice,DEEPVOICE_FAKE_Obama-to-Trump_frag75,DEEPVOICE_FAKE_Obama-to-Trump_frag75,1,cc3bdf544cfc09bd9cc788f7f022ba1af9daf701
DeepVoice,DEEPVOICE_FAKE_Obama-to-Trump_frag76,DEEPVOICE_FAKE_Obama-to-Trump_frag76,1,cc3bdf544cfc09bd9cc788f7f022ba1af9daf701
DeepVoice,DEEPVOICE_FAKE_Obama-to-Trump_frag77,DEEPVOICE_FAKE_Obama-to-Trump_frag77,1,cc3bdf544cfc09bd9cc788f7f022ba1af9daf701
DeepVoice,DEEPVOICE_FAKE_Obama-to-Trump_frag78,DEEPVOICE_FAKE_Obama-to-Trump_frag78,1,cc3bdf544cfc09bd9cc788f7f022ba1af9daf701
DeepVoice,DEEPVOICE_FAKE_Obama-to-Trump_frag79,DEEPVOICE_FAKE_Obama-to-Trump_frag79,1,cc3bdf544cfc09bd9cc788f7f022ba1af9daf701
DeepVoice,DEEPVOICE_FAKE_Obama-to-Trump_frag8,DEEPVOICE_FAKE_Obama-to-Trump_frag8,1,cc3bdf544cfc09bd9cc788f7f022ba1af9daf701
DeepVoice,DEEPVOICE_FAKE_Obama-to-Trump_frag80,DEEPVOICE_FAKE_Obama-to-Trump_frag80,1,cc3bdf544cfc09bd9cc788f7f022ba1af9daf701
DeepVoice,DEEPVOICE_FAKE_Obama-to-Trump_frag81,DEEPVOICE_FAKE_Obama-to-Trump_frag81,1,cc3bdf544cfc09bd9cc788f7f022ba1af9daf701
DeepVoice,DEEPVOICE_FAKE_Obama-to-Trump_frag82,DEEPVOICE_FAKE_Obama-to-Trump_frag82,1,cc3bdf544cfc09bd9cc788f7f022ba1af9daf701
DeepVoice,DEEPVOICE_FAKE_Obama-to-Trump_frag83,DEEPVOICE_FAKE_Obama-to-Trump_frag83,1,cc3bdf544cfc09bd9cc788f7f022ba1af9daf701
DeepVoice,DEEPVOICE_FAKE_Obama-to-Trump_frag84,DEEPVOICE_FAKE_Obama-to-Trump_frag84,1,cc3bdf544cfc09bd9cc788f7f022ba1af9daf701
DeepVoice,DEEPVOICE_FAKE_Obama-to-Trump_frag85,DEEPVOICE_FAKE_Obama-to-Trump_frag85,1,cc3bdf544cfc09bd9cc788f7f022ba1af9daf701
DeepVoice,DEEPVOICE_FAKE_Obama-to-Trump_frag86,DEEPVOICE_FAKE_Obama-to-Trump_frag86,1,cc3bdf544cfc09bd9cc788f7f022ba1af9daf701
DeepVoice,DEEPVOICE_FAKE_Obama-to-Trump_frag87,DEEPVOICE_FAKE_Obama-to-Trump_frag87,1,cc3bdf544cfc09bd9cc788f7f022ba1af9daf701
DeepVoice,DEEPVOICE_FAKE_Obama-to-Trump_frag88,DEEPVOICE_FAKE_Obama-to-Trump_frag88,1,cc3bdf544cfc09bd9cc788f7f022ba1af9daf701
DeepVoice,DEEPVOICE_FAKE_Obama-to-Trump_frag89,DEEPVOICE_FAKE_Obama-to-Trump_frag89,1,cc3bdf544cfc09bd9cc788f7f022ba1af9daf701
DeepVoice,DEEPVOICE_FAKE_Obama-to-Trump_frag9,DEEPVOICE_FAKE_Obama-to-Trump_frag9,1,cc3bdf544cfc09bd9cc788f7f022ba1af9daf701
DeepVoice,DEEPVOICE_FAKE_Obama-to-Trump_frag90,DEEPVOICE_FAKE_Obama-to-Trump_frag90,1,cc3bdf544cfc09bd9cc788f7f022ba1af9daf701
DeepVoice,DEEPVOICE_FAKE_Obama-to-Trump_frag91,DEEPVOICE_FAKE_Obama-to-Trump_frag91,1,cc3bdf544cfc09bd9cc788f7f022ba1af9daf701
DeepVoice,DEEPVOICE_FAKE_Obama-to-Trump_frag92,DEEPVOICE_FAKE_Obama-to-Trump_frag92,1,cc3bdf544cfc09bd9cc788f7f022ba1af9daf701
DeepVoice,DEEPVOICE_FAKE_Obama-to-Trump_frag93,DEEPVOICE_FAKE_Obama-to-Trump_frag93,1,cc3bdf544cfc09bd9cc788f7f022ba1af9daf701
DeepVoice,DEEPVOICE_FAKE_Obama-to-Trump_frag94,DEEPVOICE_FAKE_Obama-to-Trump_frag94,1,cc3bdf544cfc09bd9cc788f7f022ba1af9daf701
DeepVoice,DEEPVOICE_FAKE_Obama-to-Trump_frag95,DEEPVOICE_FAKE_Obama-to-Trump_frag95,1,cc3bdf544cfc09bd9cc788f7f022ba1af9daf701
DeepVoice,DEEPVOICE_FAKE_Obama-to-Trump_frag96,DEEPVOICE_FAKE_Obama-to-Trump_frag96,1,cc3bdf544cfc09bd9cc788f7f022ba1af9daf701
DeepVoice,DEEPVOICE_FAKE_Obama-to-Trump_frag97,DEEPVOICE_FAKE_Obama-to-Trump_frag97,1,cc3bdf544cfc09bd9cc788f7f022ba1af9daf701
DeepVoice,DEEPVOICE_FAKE_biden-to-Obama_frag0,DEEPVOICE_FAKE_biden-to-Obama_frag0,1,cc3bdf544cfc09bd9cc788f7f022ba1af9daf701
DeepVoice,DEEPVOICE_FAKE_biden-to-Obama_frag1,DEEPVOICE_FAKE_biden-to-Obama_frag1,1,cc3bdf544cfc09bd9cc788f7f022ba1af9daf701
DeepVoice,DEEPVOICE_FAKE_biden-to-Obama_frag10,DEEPVOICE_FAKE_biden-to-Obama_frag10,1,cc3bdf544cfc09bd9cc788f7f022ba1af9daf701
DeepVoice,DEEPVOICE_FAKE_biden-to-Obama_frag100,DEEPVOICE_FAKE_biden-to-Obama_frag100,1,cc3bdf544cfc09bd9cc788f7f022ba1af9daf701
DeepVoice,DEEPVOICE_FAKE_biden-to-Obama_frag11,DEEPVOICE_FAKE_biden-to-Obama_frag11,1,cc3bdf544cfc09bd9cc788f7f022ba1af9daf701
DeepVoice,DEEPVOICE_FAKE_biden-to-Obama_frag12,DEEPVOICE_FAKE_biden-to-Obama_frag12,1,cc3bdf544cfc09bd9cc788f7f022ba1af9daf701
DeepVoice,DEEPVOICE_FAKE_biden-to-Obama_frag13,DEEPVOICE_FAKE_biden-to-Obama_frag13,1,cc3bdf544cfc09bd9cc788f7f022ba1af9daf701
DeepVoice,DEEPVOICE_FAKE_biden-to-Obama_frag14,DEEPVOICE_FAKE_biden-to-Obama_frag14,1,cc3bdf544cfc09bd9cc788f7f022ba1af9daf701
DeepVoice,DEEPVOICE_FAKE_biden-to-Obama_frag15,DEEPVOICE_FAKE_biden-to-Obama_frag15,1,cc3bdf544cfc09bd9cc788f7f022ba1af9daf701
DeepVoice,DEEPVOICE_FAKE_biden-to-Obama_frag16,DEEPVOICE_FAKE_biden-to-Obama_frag16,1,cc3bdf544cfc09bd9cc788f7f022ba1af9daf701
DeepVoice,DEEPVOICE_FAKE_biden-to-Obama_frag17,DEEPVOICE_FAKE_biden-to-Obama_frag17,1,cc3bdf544cfc09bd9cc788f7f022ba1af9daf701
DeepVoice,DEEPVOICE_FAKE_biden-to-Obama_frag18,DEEPVOICE_FAKE_biden-to-Obama_frag18,1,cc3bdf544cfc09bd9cc788f7f022ba1af9daf701
DeepVoice,DEEPVOICE_FAKE_biden-to-Obama_frag19,DEEPVOICE_FAKE_biden-to-Obama_frag19,1,cc3bdf544cfc09bd9cc788f7f022ba1af9daf701
DeepVoice,DEEPVOICE_FAKE_biden-to-Obama_frag2,DEEPVOICE_FAKE_biden-to-Obama_frag2,1,cc3bdf544cfc09bd9cc788f7f022ba1af9daf701
DeepVoice,DEEPVOICE_FAKE_biden-to-Obama_frag20,DEEPVOICE_FAKE_biden-to-Obama_frag20,1,cc3bdf544cfc09bd9cc788f7f022ba1af9daf701
DeepVoice,DEEPVOICE_FAKE_biden-to-Obama_frag21,DEEPVOICE_FAKE_biden-to-Obama_frag21,1,cc3bdf544cfc09bd9cc788f7f022ba1af9daf701
DeepVoice,DEEPVOICE_FAKE_biden-to-Obama_frag22,DEEPVOICE_FAKE_biden-to-Obama_frag22,1,cc3bdf544cfc09bd9cc788f7f022ba1af9daf701
DeepVoice,DEEPVOICE_FAKE_biden-to-Obama_frag23,DEEPVOICE_FAKE_biden-to-Obama_frag23,1,cc3bdf544cfc09bd9cc788f7f022ba1af9daf701
DeepVoice,DEEPVOICE_FAKE_biden-to-Obama_frag24,DEEPVOICE_FAKE_biden-to-Obama_frag24,1,cc3bdf544cfc09bd9cc788f7f022ba1af9daf701
DeepVoice,DEEPVOICE_FAKE_biden-to-Obama_frag25,DEEPVOICE_FAKE_biden-to-Obama_frag25,1,cc3bdf544cfc09bd9cc788f7f022ba1af9daf701
DeepVoice,DEEPVOICE_FAKE_biden-to-Obama_frag26,DEEPVOICE_FAKE_biden-to-Obama_frag26,1,cc3bdf544cfc09bd9cc788f7f022ba1af9daf701
DeepVoice,DEEPVOICE_FAKE_biden-to-Obama_frag27,DEEPVOICE_FAKE_biden-to-Obama_frag27,1,cc3bdf544cfc09bd9cc788f7f022ba1af9daf701
DeepVoice,DEEPVOICE_FAKE_biden-to-Obama_frag28,DEEPVOICE_FAKE_biden-to-Obama_frag28,1,cc3bdf544cfc09bd9cc788f7f022ba1af9daf701
DeepVoice,DEEPVOICE_FAKE_biden-to-Obama_frag29,DEEPVOICE_FAKE_biden-to-Obama_frag29,1,cc3bdf544cfc09bd9cc788f7f022ba1af9daf701
DeepVoice,DEEPVOICE_FAKE_biden-to-Obama_frag3,DEEPVOICE_FAKE_biden-to-Obama_frag3,1,cc3bdf544cfc09bd9cc788f7f022ba1af9daf701
DeepVoice,DEEPVOICE_FAKE_biden-to-Obama_frag30,DEEPVOICE_FAKE_biden-to-Obama_frag30,1,cc3bdf544cfc09bd9cc788f7f022ba1af9daf701
DeepVoice,DEEPVOICE_FAKE_biden-to-Obama_frag31,DEEPVOICE_FAKE_biden-to-Obama_frag31,1,cc3bdf544cfc09bd9cc788f7f022ba1af9daf701
DeepVoice,DEEPVOICE_FAKE_biden-to-Obama_frag32,DEEPVOICE_FAKE_biden-to-Obama_frag32,1,cc3bdf544cfc09bd9cc788f7f022ba1af9daf701
DeepVoice,DEEPVOICE_FAKE_biden-to-Obama_frag33,DEEPVOICE_FAKE_biden-to-Obama_frag33,1,cc3bdf544cfc09bd9cc788f7f022ba1af9daf701
DeepVoice,DEEPVOICE_FAKE_biden-to-Obama_frag34,DEEPVOICE_FAKE_biden-to-Obama_frag34,1,cc3bdf544cfc09bd9cc788f7f022ba1af9daf701
DeepVoice,DEEPVOICE_FAKE_biden-to-Obama_frag35,DEEPVOICE_FAKE_biden-to-Obama_frag35,1,cc3bdf544cfc09bd9cc788f7f022ba1af9daf701
DeepVoice,DEEPVOICE_FAKE_biden-to-Obama_frag36,DEEPVOICE_FAKE_biden-to-Obama_frag36,1,cc3bdf544cfc09bd9cc788f7f022ba1af9daf701
DeepVoice,DEEPVOICE_FAKE_biden-to-Obama_frag37,DEEPVOICE_FAKE_biden-to-Obama_frag37,1,cc3bdf544cfc09bd9cc788f7f022ba1af9daf701
DeepVoice,DEEPVOICE_FAKE_biden-to-Obama_frag38,DEEPVOICE_FAKE_biden-to-Obama_frag38,1,cc3bdf544cfc09bd9cc788f7f022ba1af9daf701
DeepVoice,DEEPVOICE_FAKE_biden-to-Obama_frag39,DEEPVOICE_FAKE_biden-to-Obama_frag39,1,cc3bdf544cfc09bd9cc788f7f022ba1af9daf701
DeepVoice,DEEPVOICE_FAKE_biden-to-Obama_frag4,DEEPVOICE_FAKE_biden-to-Obama_frag4,1,cc3bdf544cfc09bd9cc788f7f022ba1af9daf701
DeepVoice,DEEPVOICE_FAKE_biden-to-Obama_frag40,DEEPVOICE_FAKE_biden-to-Obama_frag40,1,cc3bdf544cfc09bd9cc788f7f022ba1af9daf701
DeepVoice,DEEPVOICE_FAKE_biden-to-Obama_frag41,DEEPVOICE_FAKE_biden-to-Obama_frag41,1,cc3bdf544cfc09bd9cc788f7f022ba1af9daf701
DeepVoice,DEEPVOICE_FAKE_biden-to-Obama_frag42,DEEPVOICE_FAKE_biden-to-Obama_frag42,1,cc3bdf544cfc09bd9cc788f7f022ba1af9daf701
DeepVoice,DEEPVOICE_FAKE_biden-to-Obama_frag43,DEEPVOICE_FAKE_biden-to-Obama_frag43,1,cc3bdf544cfc09bd9cc788f7f022ba1af9daf701
DeepVoice,DEEPVOICE_FAKE_biden-to-Obama_frag44,DEEPVOICE_FAKE_biden-to-Obama_frag44,1,cc3bdf544cfc09bd9cc788f7f022ba1af9daf701
DeepVoice,DEEPVOICE_FAKE_biden-to-Obama_frag45,DEEPVOICE_FAKE_biden-to-Obama_frag45,1,cc3bdf544cfc09bd9cc788f7f022ba1af9daf701
DeepVoice,DEEPVOICE_FAKE_biden-to-Obama_frag46,DEEPVOICE_FAKE_biden-to-Obama_frag46,1,cc3bdf544cfc09bd9cc788f7f022ba1af9daf701
DeepVoice,DEEPVOICE_FAKE_biden-to-Obama_frag47,DEEPVOICE_FAKE_biden-to-Obama_frag47,1,cc3bdf544cfc09bd9cc788f7f022ba1af9daf701
DeepVoice,DEEPVOICE_FAKE_biden-to-Obama_frag48,DEEPVOICE_FAKE_biden-to-Obama_frag48,1,cc3bdf544cfc09bd9cc788f7f022ba1af9daf701
DeepVoice,DEEPVOICE_FAKE_biden-to-Obama_frag49,DEEPVOICE_FAKE_biden-to-Obama_frag49,1,cc3bdf544cfc09bd9cc788f7f022ba1af9daf701
DeepVoice,DEEPVOICE_FAKE_biden-to-Obama_frag5,DEEPVOICE_FAKE_biden-to-Obama_frag5,1,cc3bdf544cfc09bd9cc788f7f022ba1af9daf701
DeepVoice,DEEPVOICE_FAKE_biden-to-Obama_frag50,DEEPVOICE_FAKE_biden-to-Obama_frag50,1,cc3bdf544cfc09bd9cc788f7f022ba1af9daf701
DeepVoice,DEEPVOICE_FAKE_biden-to-Obama_frag51,DEEPVOICE_FAKE_biden-to-Obama_frag51,1,cc3bdf544cfc09bd9cc788f7f022ba1af9daf701
DeepVoice,DEEPVOICE_FAKE_biden-to-Obama_frag52,DEEPVOICE_FAKE_biden-to-Obama_frag52,1,cc3bdf544cfc09bd9cc788f7f022ba1af9daf701
DeepVoice,DEEPVOICE_FAKE_biden-to-Obama_frag53,DEEPVOICE_FAKE_biden-to-Obama_frag53,1,cc3bdf544cfc09bd9cc788f7f022ba1af9daf701
DeepVoice,DEEPVOICE_FAKE_biden-to-Obama_frag54,DEEPVOICE_FAKE_biden-to-Obama_frag54,1,cc3bdf544cfc09bd9cc788f7f022ba1af9daf701
DeepVoice,DEEPVOICE_FAKE_biden-to-Obama_frag55,DEEPVOICE_FAKE_biden-to-Obama_frag55,1,cc3bdf544cfc09bd9cc788f7f022ba1af9daf701
DeepVoice,DEEPVOICE_FAKE_biden-to-Obama_frag56,DEEPVOICE_FAKE_biden-to-Obama_frag56,1,cc3bdf544cfc09bd9cc788f7f022ba1af9daf701
DeepVoice,DEEPVOICE_FAKE_biden-to-Obama_frag57,DEEPVOICE_FAKE_biden-to-Obama_frag57,1,cc3bdf544cfc09bd9cc788f7f022ba1af9daf701
DeepVoice,DEEPVOICE_FAKE_biden-to-Obama_frag58,DEEPVOICE_FAKE_biden-to-Obama_frag58,1,cc3bdf544cfc09bd9cc788f7f022ba1af9daf701
DeepVoice,DEEPVOICE_FAKE_biden-to-Obama_frag59,DEEPVOICE_FAKE_biden-to-Obama_frag59,1,cc3bdf544cfc09bd9cc788f7f022ba1af9daf701
DeepVoice,DEEPVOICE_FAKE_biden-to-Obama_frag6,DEEPVOICE_FAKE_biden-to-Obama_frag6,1,cc3bdf544cfc09bd9cc788f7f022ba1af9daf701
DeepVoice,DEEPVOICE_FAKE_biden-to-Obama_frag60,DEEPVOICE_FAKE_biden-to-Obama_frag60,1,cc3bdf544cfc09bd9cc788f7f022ba1af9daf701
DeepVoice,DEEPVOICE_FAKE_biden-to-Obama_frag61,DEEPVOICE_FAKE_biden-to-Obama_frag61,1,cc3bdf544cfc09bd9cc788f7f022ba1af9daf701
DeepVoice,DEEPVOICE_FAKE_biden-to-Obama_frag62,DEEPVOICE_FAKE_biden-to-Obama_frag62,1,cc3bdf544cfc09bd9cc788f7f022ba1af9daf701
DeepVoice,DEEPVOICE_FAKE_biden-to-Obama_frag63,DEEPVOICE_FAKE_biden-to-Obama_frag63,1,cc3bdf544cfc09bd9cc788f7f022ba1af9daf701
DeepVoice,DEEPVOICE_FAKE_biden-to-Obama_frag64,DEEPVOICE_FAKE_biden-to-Obama_frag64,1,cc3bdf544cfc09bd9cc788f7f022ba1af9daf701
DeepVoice,DEEPVOICE_FAKE_biden-to-Obama_frag65,DEEPVOICE_FAKE_biden-to-Obama_frag65,1,cc3bdf544cfc09bd9cc788f7f022ba1af9daf701
DeepVoice,DEEPVOICE_FAKE_biden-to-Obama_frag66,DEEPVOICE_FAKE_biden-to-Obama_frag66,1,cc3bdf544cfc09bd9cc788f7f022ba1af9daf701
DeepVoice,DEEPVOICE_FAKE_biden-to-Obama_frag67,DEEPVOICE_FAKE_biden-to-Obama_frag67,1,cc3bdf544cfc09bd9cc788f7f022ba1af9daf701
DeepVoice,DEEPVOICE_FAKE_biden-to-Obama_frag68,DEEPVOICE_FAKE_biden-to-Obama_frag68,1,cc3bdf544cfc09bd9cc788f7f022ba1af9daf701
DeepVoice,DEEPVOICE_FAKE_biden-to-Obama_frag69,DEEPVOICE_FAKE_biden-to-Obama_frag69,1,cc3bdf544cfc09bd9cc788f7f022ba1af9daf701
DeepVoice,DEEPVOICE_FAKE_biden-to-Obama_frag7,DEEPVOICE_FAKE_biden-to-Obama_frag7,1,cc3bdf544cfc09bd9cc788f7f022ba1af9daf701
DeepVoice,DEEPVOICE_FAKE_biden-to-Obama_frag70,DEEPVOICE_FAKE_biden-to-Obama_frag70,1,cc3bdf544cfc09bd9cc788f7f022ba1af9daf701
DeepVoice,DEEPVOICE_FAKE_biden-to-Obama_frag71,DEEPVOICE_FAKE_biden-to-Obama_frag71,1,cc3bdf544cfc09bd9cc788f7f022ba1af9daf701
DeepVoice,DEEPVOICE_FAKE_biden-to-Obama_frag72,DEEPVOICE_FAKE_biden-to-Obama_frag72,1,cc3bdf544cfc09bd9cc788f7f022ba1af9daf701
DeepVoice,DEEPVOICE_FAKE_biden-to-Obama_frag73,DEEPVOICE_FAKE_biden-to-Obama_frag73,1,cc3bdf544cfc09bd9cc788f7f022ba1af9daf701
DeepVoice,DEEPVOICE_FAKE_biden-to-Obama_frag74,DEEPVOICE_FAKE_biden-to-Obama_frag74,1,cc3bdf544cfc09bd9cc788f7f022ba1af9daf701
DeepVoice,DEEPVOICE_FAKE_biden-to-Obama_frag75,DEEPVOICE_FAKE_biden-to-Obama_frag75,1,cc3bdf544cfc09bd9cc788f7f022ba1af9daf701
DeepVoice,DEEPVOICE_FAKE_biden-to-Obama_frag76,DEEPVOICE_FAKE_biden-to-Obama_frag76,1,cc3bdf544cfc09bd9cc788f7f022ba1af9daf701
DeepVoice,DEEPVOICE_FAKE_biden-to-Obama_frag77,DEEPVOICE_FAKE_biden-to-Obama_frag77,1,cc3bdf544cfc09bd9cc788f7f022ba1af9daf701
DeepVoice,DEEPVOICE_FAKE_biden-to-Obama_frag78,DEEPVOICE_FAKE_biden-to-Obama_frag78,1,cc3bdf544cfc09bd9cc788f7f022ba1af9daf701
DeepVoice,DEEPVOICE_FAKE_biden-to-Obama_frag79,DEEPVOICE_FAKE_biden-to-Obama_frag79,1,cc3bdf544cfc09bd9cc788f7f022ba1af9daf701
DeepVoice,DEEPVOICE_FAKE_biden-to-Obama_frag8,DEEPVOICE_FAKE_biden-to-Obama_frag8,1,cc3bdf544cfc09bd9cc788f7f022ba1af9daf701
DeepVoice,DEEPVOICE_FAKE_biden-to-Obama_frag80,DEEPVOICE_FAKE_biden-to-Obama_frag80,1,cc3bdf544cfc09bd9cc788f7f022ba1af9daf701
DeepVoice,DEEPVOICE_FAKE_biden-to-Obama_frag81,DEEPVOICE_FAKE_biden-to-Obama_frag81,1,cc3bdf544cfc09bd9cc788f7f022ba1af9daf701
DeepVoice,DEEPVOICE_FAKE_biden-to-Obama_frag82,DEEPVOICE_FAKE_biden-to-Obama_frag82,1,cc3bdf544cfc09bd9cc788f7f022ba1af9daf701
DeepVoice,DEEPVOICE_FAKE_biden-to-Obama_frag83,DEEPVOICE_FAKE_biden-to-Obama_frag83,1,cc3bdf544cfc09bd9cc788f7f022ba1af9daf701
DeepVoice,DEEPVOICE_FAKE_biden-to-Obama_frag84,DEEPVOICE_FAKE_biden-to-Obama_frag84,1,cc3bdf544cfc09bd9cc788f7f022ba1af9daf701
DeepVoice,DEEPVOICE_FAKE_biden-to-Obama_frag85,DEEPVOICE_FAKE_biden-to-Obama_frag85,1,cc3bdf544cfc09bd9cc788f7f022ba1af9daf701
DeepVoice,DEEPVOICE_FAKE_biden-to-Obama_frag86,DEEPVOICE_FAKE_biden-to-Obama_frag86,1,cc3bdf544cfc09bd9cc788f7f022ba1af9daf701
DeepVoice,DEEPVOICE_FAKE_biden-to-Obama_frag87,DEEPVOICE_FAKE_biden-to-Obama_frag87,1,cc3bdf544cfc09bd9cc788f7f022ba1af9daf701
DeepVoice,DEEPVOICE_FAKE_biden-to-Obama_frag88,DEEPVOICE_FAKE_biden-to-Obama_frag88,1,cc3bdf544cfc09bd9cc788f7f022ba1af9daf701
DeepVoice,DEEPVOICE_FAKE_biden-to-Obama_frag89,DEEPVOICE_FAKE_biden-to-Obama_frag89,1,cc3bdf544cfc09bd9cc788f7f022ba1af9daf701
DeepVoice,DEEPVOICE_FAKE_biden-to-Obama_frag9,DEEPVOICE_FAKE_biden-to-Obama_frag9,1,cc3bdf544cfc09bd9cc788f7f022ba1af9daf701
DeepVoice,DEEPVOICE_FAKE_biden-to-Obama_frag90,DEEPVOICE_FAKE_biden-to-Obama_frag90,1,cc3bdf544cfc09bd9cc788f7f022ba1af9daf701
DeepVoice,DEEPVOICE_FAKE_biden-to-Obama_frag91,DEEPVOICE_FAKE_biden-to-Obama_frag91,1,cc3bdf544cfc09bd9cc788f7f022ba1af9daf701
DeepVoice,DEEPVOICE_FAKE_biden-to-Obama_frag92,DEEPVOICE_FAKE_biden-to-Obama_frag92,1,cc3bdf544cfc09bd9cc788f7f022ba1af9daf701
DeepVoice,DEEPVOICE_FAKE_biden-to-Obama_frag93,DEEPVOICE_FAKE_biden-to-Obama_frag93,1,cc3bdf544cfc09bd9cc788f7f022ba1af9daf701
DeepVoice,DEEPVOICE_FAKE_biden-to-Obama_frag94,DEEPVOICE_FAKE_biden-to-Obama_frag94,1,cc3bdf544cfc09bd9cc788f7f022ba1af9daf701
DeepVoice,DEEPVOICE_FAKE_biden-to-Obama_frag95,DEEPVOICE_FAKE_biden-to-Obama_frag95,1,cc3bdf544cfc09bd9cc788f7f022ba1af9daf701
DeepVoice,DEEPVOICE_FAKE_biden-to-Obama_frag96,DEEPVOICE_FAKE_biden-to-Obama_frag96,1,cc3bdf544cfc09bd9cc788f7f022ba1af9daf701
DeepVoice,DEEPVOICE_FAKE_biden-to-Obama_frag97,DEEPVOICE_FAKE_biden-to-Obama_frag97,1,cc3bdf544cfc09bd9cc788f7f022ba1af9daf701
DeepVoice,DEEPVOICE_FAKE_biden-to-Obama_frag98,DEEPVOICE_FAKE_biden-to-Obama_frag98,1,cc3bdf544cfc09bd9cc788f7f022ba1af9daf701
DeepVoice,DEEPVOICE_FAKE_biden-to-Obama_frag99,DEEPVOICE_FAKE_biden-to-Obama_frag99,1,cc3bdf544cfc09bd9cc788f7f022ba1af9daf701
DeepVoice,DEEPVOICE_FAKE_biden-to-Trump_frag0,DEEPVOICE_FAKE_biden-to-Trump_frag0,1,cc3bdf544cfc09bd9cc788f7f022ba1af9daf701
DeepVoice,DEEPVOICE_FAKE_biden-to-Trump_frag1,DEEPVOICE_FAKE_biden-to-Trump_frag1,1,cc3bdf544cfc09bd9cc788f7f022ba1af9daf701
DeepVoice,DEEPVOICE_FAKE_biden-to-Trump_frag10,DEEPVOICE_FAKE_biden-to-Trump_frag10,1,cc3bdf544cfc09bd9cc788f7f022ba1af9daf701
DeepVoice,DEEPVOICE_FAKE_biden-to-Trump_frag11,DEEPVOICE_FAKE_biden-to-Trump_frag11,1,cc3bdf544cfc09bd9cc788f7f022ba1af9daf701
DeepVoice,DEEPVOICE_FAKE_biden-to-Trump_frag12,DEEPVOICE_FAKE_biden-to-Trump_frag12,1,cc3bdf544cfc09bd9cc788f7f022ba1af9daf701
DeepVoice,DEEPVOICE_FAKE_biden-to-Trump_frag13,DEEPVOICE_FAKE_biden-to-Trump_frag13,1,cc3bdf544cfc09bd9cc788f7f022ba1af9daf701
DeepVoice,DEEPVOICE_FAKE_biden-to-Trump_frag14,DEEPVOICE_FAKE_biden-to-Trump_frag14,1,cc3bdf544cfc09bd9cc788f7f022ba1af9daf701
DeepVoice,DEEPVOICE_FAKE_biden-to-Trump_frag15,DEEPVOICE_FAKE_biden-to-Trump_frag15,1,cc3bdf544cfc09bd9cc788f7f022ba1af9daf701
DeepVoice,DEEPVOICE_FAKE_biden-to-Trump_frag16,DEEPVOICE_FAKE_biden-to-Trump_frag16,1,cc3bdf544cfc09bd9cc788f7f022ba1af9daf701
DeepVoice,DEEPVOICE_FAKE_biden-to-Trump_frag17,DEEPVOICE_FAKE_biden-to-Trump_frag17,1,cc3bdf544cfc09bd9cc788f7f022ba1af9daf701
DeepVoice,DEEPVOICE_FAKE_biden-to-Trump_frag18,DEEPVOICE_FAKE_biden-to-Trump_frag18,1,cc3bdf544cfc09bd9cc788f7f022ba1af9daf701
DeepVoice,DEEPVOICE_FAKE_biden-to-Trump_frag19,DEEPVOICE_FAKE_biden-to-Trump_frag19,1,cc3bdf544cfc09bd9cc788f7f022ba1af9daf701
DeepVoice,DEEPVOICE_FAKE_biden-to-Trump_frag2,DEEPVOICE_FAKE_biden-to-Trump_frag2,1,cc3bdf544cfc09bd9cc788f7f022ba1af9daf701
DeepVoice,DEEPVOICE_FAKE_biden-to-Trump_frag20,DEEPVOICE_FAKE_biden-to-Trump_frag20,1,cc3bdf544cfc09bd9cc788f7f022ba1af9daf701
DeepVoice,DEEPVOICE_FAKE_biden-to-Trump_frag21,DEEPVOICE_FAKE_biden-to-Trump_frag21,1,cc3bdf544cfc09bd9cc788f7f022ba1af9daf701
DeepVoice,DEEPVOICE_FAKE_biden-to-Trump_frag22,DEEPVOICE_FAKE_biden-to-Trump_frag22,1,cc3bdf544cfc09bd9cc788f7f022ba1af9daf701
DeepVoice,DEEPVOICE_FAKE_biden-to-Trump_frag23,DEEPVOICE_FAKE_biden-to-Trump_frag23,1,cc3bdf544cfc09bd9cc788f7f022ba1af9daf701
DeepVoice,DEEPVOICE_FAKE_biden-to-Trump_frag24,DEEPVOICE_FAKE_biden-to-Trump_frag24,1,cc3bdf544cfc09bd9cc788f7f022ba1af9daf701
DeepVoice,DEEPVOICE_FAKE_biden-to-Trump_frag25,DEEPVOICE_FAKE_biden-to-Trump_frag25,1,cc3bdf544cfc09bd9cc788f7f022ba1af9daf701
DeepVoice,DEEPVOICE_FAKE_biden-to-Trump_frag26,DEEPVOICE_FAKE_biden-to-Trump_frag26,1,cc3bdf544cfc09bd9cc788f7f022ba1af9daf701
DeepVoice,DEEPVOICE_FAKE_biden-to-Trump_frag27,DEEPVOICE_FAKE_biden-to-Trump_frag27,1,cc3bdf544cfc09bd9cc788f7f022ba1af9daf701
DeepVoice,DEEPVOICE_FAKE_biden-to-Trump_frag28,DEEPVOICE_FAKE_biden-to-Trump_frag28,1,cc3bdf544cfc09bd9cc788f7f022ba1af9daf701
DeepVoice,DEEPVOICE_FAKE_biden-to-Trump_frag29,DEEPVOICE_FAKE_biden-to-Trump_frag29,1,cc3bdf544cfc09bd9cc788f7f022ba1af9daf701
DeepVoice,DEEPVOICE_FAKE_biden-to-Trump_frag3,DEEPVOICE_FAKE_biden-to-Trump_frag3,1,cc3bdf544cfc09bd9cc788f7f022ba1af9daf701
DeepVoice,DEEPVOICE_FAKE_biden-to-Trump_frag30,DEEPVOICE_FAKE_biden-to-Trump_frag30,1,cc3bdf544cfc09bd9cc788f7f022ba1af9daf701
DeepVoice,DEEPVOICE_FAKE_biden-to-Trump_frag31,DEEPVOICE_FAKE_biden-to-Trump_frag31,1,cc3bdf544cfc09bd9cc788f7f022ba1af9daf701
DeepVoice,DEEPVOICE_FAKE_biden-to-Trump_frag32,DEEPVOICE_FAKE_biden-to-Trump_frag32,1,cc3bdf544cfc09bd9cc788f7f022ba1af9daf701
DeepVoice,DEEPVOICE_FAKE_biden-to-Trump_frag33,DEEPVOICE_FAKE_biden-to-Trump_frag33,1,cc3bdf544cfc09bd9cc788f7f022ba1af9daf701
DeepVoice,DEEPVOICE_FAKE_biden-to-Trump_frag34,DEEPVOICE_FAKE_biden-to-Trump_frag34,1,cc3bdf544cfc09bd9cc788f7f022ba1af9daf701
DeepVoice,DEEPVOICE_FAKE_biden-to-Trump_frag35,DEEPVOICE_FAKE_biden-to-Trump_frag35,1,cc3bdf544cfc09bd9cc788f7f022ba1af9daf701
DeepVoice,DEEPVOICE_FAKE_biden-to-Trump_frag36,DEEPVOICE_FAKE_biden-to-Trump_frag36,1,cc3bdf544cfc09bd9cc788f7f022ba1af9daf701
DeepVoice,DEEPVOICE_FAKE_biden-to-Trump_frag37,DEEPVOICE_FAKE_biden-to-Trump_frag37,1,cc3bdf544cfc09bd9cc788f7f022ba1af9daf701
DeepVoice,DEEPVOICE_FAKE_biden-to-Trump_frag38,DEEPVOICE_FAKE_biden-to-Trump_frag38,1,cc3bdf544cfc09bd9cc788f7f022ba1af9daf701
DeepVoice,DEEPVOICE_FAKE_biden-to-Trump_frag39,DEEPVOICE_FAKE_biden-to-Trump_frag39,1,cc3bdf544cfc09bd9cc788f7f022ba1af9daf701
DeepVoice,DEEPVOICE_FAKE_biden-to-Trump_frag4,DEEPVOICE_FAKE_biden-to-Trump_frag4,1,cc3bdf544cfc09bd9cc788f7f022ba1af9daf701
DeepVoice,DEEPVOICE_FAKE_biden-to-Trump_frag40,DEEPVOICE_FAKE_biden-to-Trump_frag40,1,cc3bdf544cfc09bd9cc788f7f022ba1af9daf701
DeepVoice,DEEPVOICE_FAKE_biden-to-Trump_frag41,DEEPVOICE_FAKE_biden-to-Trump_frag41,1,cc3bdf544cfc09bd9cc788f7f022ba1af9daf701
DeepVoice,DEEPVOICE_FAKE_biden-to-Trump_frag42,DEEPVOICE_FAKE_biden-to-Trump_frag42,1,cc3bdf544cfc09bd9cc788f7f022ba1af9daf701
DeepVoice,DEEPVOICE_FAKE_biden-to-Trump_frag43,DEEPVOICE_FAKE_biden-to-Trump_frag43,1,cc3bdf544cfc09bd9cc788f7f022ba1af9daf701
DeepVoice,DEEPVOICE_FAKE_biden-to-Trump_frag44,DEEPVOICE_FAKE_biden-to-Trump_frag44,1,cc3bdf544cfc09bd9cc788f7f022ba1af9daf701
DeepVoice,DEEPVOICE_FAKE_biden-to-Trump_frag45,DEEPVOICE_FAKE_biden-to-Trump_frag45,1,cc3bdf544cfc09bd9cc788f7f022ba1af9daf701
DeepVoice,DEEPVOICE_FAKE_biden-to-Trump_frag46,DEEPVOICE_FAKE_biden-to-Trump_frag46,1,cc3bdf544cfc09bd9cc788f7f022ba1af9daf701
DeepVoice,DEEPVOICE_FAKE_biden-to-Trump_frag47,DEEPVOICE_FAKE_biden-to-Trump_frag47,1,cc3bdf544cfc09bd9cc788f7f022ba1af9daf701
DeepVoice,DEEPVOICE_FAKE_biden-to-Trump_frag48,DEEPVOICE_FAKE_biden-to-Trump_frag48,1,cc3bdf544cfc09bd9cc788f7f022ba1af9daf701
DeepVoice,DEEPVOICE_FAKE_biden-to-Trump_frag49,DEEPVOICE_FAKE_biden-to-Trump_frag49,1,cc3bdf544cfc09bd9cc788f7f022ba1af9daf701
DeepVoice,DEEPVOICE_FAKE_biden-to-Trump_frag5,DEEPVOICE_FAKE_biden-to-Trump_frag5,1,cc3bdf544cfc09bd9cc788f7f022ba1af9daf701
DeepVoice,DEEPVOICE_FAKE_biden-to-Trump_frag50,DEEPVOICE_FAKE_biden-to-Trump_frag50,1,cc3bdf544cfc09bd9cc788f7f022ba1af9daf701
DeepVoice,DEEPVOICE_FAKE_biden-to-Trump_frag51,DEEPVOICE_FAKE_biden-to-Trump_frag51,1,cc3bdf544cfc09bd9cc788f7f022ba1af9daf701
DeepVoice,DEEPVOICE_FAKE_biden-to-Trump_frag52,DEEPVOICE_FAKE_biden-to-Trump_frag52,1,cc3bdf544cfc09bd9cc788f7f022ba1af9daf701
DeepVoice,DEEPVOICE_FAKE_biden-to-Trump_frag53,DEEPVOICE_FAKE_biden-to-Trump_frag53,1,cc3bdf544cfc09bd9cc788f7f022ba1af9daf701
DeepVoice,DEEPVOICE_FAKE_biden-to-Trump_frag54,DEEPVOICE_FAKE_biden-to-Trump_frag54,1,cc3bdf544cfc09bd9cc788f7f022ba1af9daf701
DeepVoice,DEEPVOICE_FAKE_biden-to-Trump_frag55,DEEPVOICE_FAKE_biden-to-Trump_frag55,1,cc3bdf544cfc09bd9cc788f7f022ba1af9daf701
DeepVoice,DEEPVOICE_FAKE_biden-to-Trump_frag56,DEEPVOICE_FAKE_biden-to-Trump_frag56,1,cc3bdf544cfc09bd9cc788f7f022ba1af9daf701
DeepVoice,DEEPVOICE_FAKE_biden-to-Trump_frag57,DEEPVOICE_FAKE_biden-to-Trump_frag57,1,cc3bdf544cfc09bd9cc788f7f022ba1af9daf701
DeepVoice,DEEPVOICE_FAKE_biden-to-Trump_frag58,DEEPVOICE_FAKE_biden-to-Trump_frag58,1,cc3bdf544cfc09bd9cc788f7f022ba1af9daf701
DeepVoice,DEEPVOICE_FAKE_biden-to-Trump_frag59,DEEPVOICE_FAKE_biden-to-Trump_frag59,1,cc3bdf544cfc09bd9cc788f7f022ba1af9daf701
DeepVoice,DEEPVOICE_FAKE_biden-to-Trump_frag6,DEEPVOICE_FAKE_biden-to-Trump_frag6,1,cc3bdf544cfc09bd9cc788f7f022ba1af9daf701
DeepVoice,DEEPVOICE_FAKE_biden-to-Trump_frag60,DEEPVOICE_FAKE_biden-to-Trump_frag60,1,cc3bdf544cfc09bd9cc788f7f022ba1af9daf701
DeepVoice,DEEPVOICE_FAKE_biden-to-Trump_frag61,DEEPVOICE_FAKE_biden-to-Trump_frag61,1,cc3bdf544cfc09bd9cc788f7f022ba1af9daf701
DeepVoice,DEEPVOICE_FAKE_biden-to-Trump_frag62,DEEPVOICE_FAKE_biden-to-Trump_frag62,1,cc3bdf544cfc09bd9cc788f7f022ba1af9daf701
DeepVoice,DEEPVOICE_FAKE_biden-to-Trump_frag63,DEEPVOICE_FAKE_biden-to-Trump_frag63,1,cc3bdf544cfc09bd9cc788f7f022ba1af9daf701
DeepVoice,DEEPVOICE_FAKE_biden-to-Trump_frag64,DEEPVOICE_FAKE_biden-to-Trump_frag64,1,cc3bdf544cfc09bd9cc788f7f022ba1af9daf701
DeepVoice,DEEPVOICE_FAKE_biden-to-Trump_frag65,DEEPVOICE_FAKE_biden-to-Trump_frag65,1,cc3bdf544cfc09bd9cc788f7f022ba1af9daf701
DeepVoice,DEEPVOICE_FAKE_biden-to-Trump_frag66,DEEPVOICE_FAKE_biden-to-Trump_frag66,1,cc3bdf544cfc09bd9cc788f7f022ba1af9daf701
DeepVoice,DEEPVOICE_FAKE_biden-to-Trump_frag67,DEEPVOICE_FAKE_biden-to-Trump_frag67,1,cc3bdf544cfc09bd9cc788f7f022ba1af9daf701
DeepVoice,DEEPVOICE_FAKE_biden-to-Trump_frag68,DEEPVOICE_FAKE_biden-to-Trump_frag68,1,cc3bdf544cfc09bd9cc788f7f022ba1af9daf701
DeepVoice,DEEPVOICE_FAKE_biden-to-Trump_frag69,DEEPVOICE_FAKE_biden-to-Trump_frag69,1,cc3bdf544cfc09bd9cc788f7f022ba1af9daf701
DeepVoice,DEEPVOICE_FAKE_biden-to-Trump_frag7,DEEPVOICE_FAKE_biden-to-Trump_frag7,1,cc3bdf544cfc09bd9cc788f7f022ba1af9daf701
DeepVoice,DEEPVOICE_FAKE_biden-to-Trump_frag70,DEEPVOICE_FAKE_biden-to-Trump_frag70,1,cc3bdf544cfc09bd9cc788f7f022ba1af9daf701
DeepVoice,DEEPVOICE_FAKE_biden-to-Trump_frag71,DEEPVOICE_FAKE_biden-to-Trump_frag71,1,cc3bdf544cfc09bd9cc788f7f022ba1af9daf701
DeepVoice,DEEPVOICE_FAKE_biden-to-Trump_frag72,DEEPVOICE_FAKE_biden-to-Trump_frag72,1,cc3bdf544cfc09bd9cc788f7f022ba1af9daf701
DeepVoice,DEEPVOICE_FAKE_biden-to-Trump_frag73,DEEPVOICE_FAKE_biden-to-Trump_frag73,1,cc3bdf544cfc09bd9cc788f7f022ba1af9daf701
DeepVoice,DEEPVOICE_FAKE_biden-to-Trump_frag74,DEEPVOICE_FAKE_biden-to-Trump_frag74,1,cc3bdf544cfc09bd9cc788f7f022ba1af9daf701
DeepVoice,DEEPVOICE_FAKE_biden-to-Trump_frag75,DEEPVOICE_FAKE_biden-to-Trump_frag75,1,cc3bdf544cfc09bd9cc788f7f022ba1af9daf701
DeepVoice,DEEPVOICE_FAKE_biden-to-Trump_frag76,DEEPVOICE_FAKE_biden-to-Trump_frag76,1,cc3bdf544cfc09bd9cc788f7f022ba1af9daf701
DeepVoice,DEEPVOICE_FAKE_biden-to-Trump_frag77,DEEPVOICE_FAKE_biden-to-Trump_frag77,1,cc3bdf544cfc09bd9cc788f7f022ba1af9daf701
DeepVoice,DEEPVOICE_FAKE_biden-to-Trump_frag78,DEEPVOICE_FAKE_biden-to-Trump_frag78,1,cc3bdf544cfc09bd9cc788f7f022ba1af9daf701
DeepVoice,DEEPVOICE_FAKE_biden-to-Trump_frag79,DEEPVOICE_FAKE_biden-to-Trump_frag79,1,cc3bdf544cfc09bd9cc788f7f022ba1af9daf701
DeepVoice,DEEPVOICE_FAKE_biden-to-Trump_frag8,DEEPVOICE_FAKE_biden-to-Trump_frag8,1,cc3bdf544cfc09bd9cc788f7f022ba1af9daf701
DeepVoice,DEEPVOICE_FAKE_biden-to-Trump_frag80,DEEPVOICE_FAKE_biden-to-Trump_frag80,1,cc3bdf544cfc09bd9cc788f7f022ba1af9daf701
DeepVoice,DEEPVOICE_FAKE_biden-to-Trump_frag81,DEEPVOICE_FAKE_biden-to-Trump_frag81,1,cc3bdf544cfc09bd9cc788f7f022ba1af9daf701
DeepVoice,DEEPVOICE_FAKE_biden-to-Trump_frag82,DEEPVOICE_FAKE_biden-to-Trump_frag82,1,cc3bdf544cfc09bd9cc788f7f022ba1af9daf701
DeepVoice,DEEPVOICE_FAKE_biden-to-Trump_frag83,DEEPVOICE_FAKE_biden-to-Trump_frag83,1,cc3bdf544cfc09bd9cc788f7f022ba1af9daf701
DeepVoice,DEEPVOICE_FAKE_biden-to-Trump_frag84,DEEPVOICE_FAKE_biden-to-Trump_frag84,1,cc3bdf544cfc09bd9cc788f7f022ba1af9daf701
DeepVoice,DEEPVOICE_FAKE_biden-to-Trump_frag85,DEEPVOICE_FAKE_biden-to-Trump_frag85,1,cc3bdf544cfc09bd9cc788f7f022ba1af9daf701
DeepVoice,DEEPVOICE_FAKE_biden-to-Trump_frag86,DEEPVOICE_FAKE_biden-to-Trump_frag86,1,cc3bdf544cfc09bd9cc788f7f022ba1af9daf701
DeepVoice,DEEPVOICE_FAKE_biden-to-Trump_frag87,DEEPVOICE_FAKE_biden-to-Trump_frag87,1,cc3bdf544cfc09bd9cc788f7f022ba1af9daf701
DeepVoice,DEEPVOICE_FAKE_biden-to-Trump_frag88,DEEPVOICE_FAKE_biden-to-Trump_frag88,1,cc3bdf544cfc09bd9cc788f7f022ba1af9daf701
DeepVoice,DEEPVOICE_FAKE_biden-to-Trump_frag89,DEEPVOICE_FAKE_biden-to-Trump_frag89,1,cc3bdf544cfc09bd9cc788f7f022ba1af9daf701
DeepVoice,DEEPVOICE_FAKE_biden-to-Trump_frag9,DEEPVOICE_FAKE_biden-to-Trump_frag9,1,cc3bdf544cfc09bd9cc788f7f022ba1af9daf701
DeepVoice,DEEPVOICE_FAKE_biden-to-Trump_frag90,DEEPVOICE_FAKE_biden-to-Trump_frag90,1,cc3bdf544cfc09bd9cc788f7f022ba1af9daf701
DeepVoice,DEEPVOICE_FAKE_biden-to-Trump_frag91,DEEPVOICE_FAKE_biden-to-Trump_frag91,1,cc3bdf544cfc09bd9cc788f7f022ba1af9daf701
DeepVoice,DEEPVOICE_FAKE_biden-to-Trump_frag92,DEEPVOICE_FAKE_biden-to-Trump_frag92,1,cc3bdf544cfc09bd9cc788f7f022ba1af9daf701
DeepVoice,DEEPVOICE_FAKE_biden-to-Trump_frag93,DEEPVOICE_FAKE_biden-to-Trump_frag93,1,cc3bdf544cfc09bd9cc788f7f022ba1af9daf701
DeepVoice,DEEPVOICE_FAKE_biden-to-Trump_frag94,DEEPVOICE_FAKE_biden-to-Trump_frag94,1,cc3bdf544cfc09bd9cc788f7f022ba1af9daf701
DeepVoice,DEEPVOICE_FAKE_biden-to-Trump_frag95,DEEPVOICE_FAKE_biden-to-Trump_frag95,1,cc3bdf544cfc09bd9cc788f7f022ba1af9daf701
DeepVoice,DEEPVOICE_FAKE_biden-to-Trump_frag96,DEEPVOICE_FAKE_biden-to-Trump_frag96,1,cc3bdf544cfc09bd9cc788f7f022ba1af9daf701
DeepVoice,DEEPVOICE_FAKE_biden-to-Trump_frag97,DEEPVOICE_FAKE_biden-to-Trump_frag97,1,cc3bdf544cfc09bd9cc788f7f022ba1af9daf701
DeepVoice,DEEPVOICE_FAKE_biden-to-Trump_frag98,DEEPVOICE_FAKE_biden-to-Trump_frag98,1,cc3bdf544cfc09bd9cc788f7f022ba1af9daf701
DeepVoice,DEEPVOICE_FAKE_biden-to-linus_frag0,DEEPVOICE_FAKE_biden-to-linus_frag0,1,cc3bdf544cfc09bd9cc788f7f022ba1af9daf701
DeepVoice,DEEPVOICE_FAKE_biden-to-linus_frag1,DEEPVOICE_FAKE_biden-to-linus_frag1,1,cc3bdf544cfc09bd9cc788f7f022ba1af9daf701
DeepVoice,DEEPVOICE_FAKE_biden-to-linus_frag10,DEEPVOICE_FAKE_biden-to-linus_frag10,1,cc3bdf544cfc09bd9cc788f7f022ba1af9daf701
DeepVoice,DEEPVOICE_FAKE_biden-to-linus_frag100,DEEPVOICE_FAKE_biden-to-linus_frag100,1,cc3bdf544cfc09bd9cc788f7f022ba1af9daf701
DeepVoice,DEEPVOICE_FAKE_biden-to-linus_frag11,DEEPVOICE_FAKE_biden-to-linus_frag11,1,cc3bdf544cfc09bd9cc788f7f022ba1af9daf701
DeepVoice,DEEPVOICE_FAKE_biden-to-linus_frag12,DEEPVOICE_FAKE_biden-to-linus_frag12,1,cc3bdf544cfc09bd9cc788f7f022ba1af9daf701
DeepVoice,DEEPVOICE_FAKE_biden-to-linus_frag13,DEEPVOICE_FAKE_biden-to-linus_frag13,1,cc3bdf544cfc09bd9cc788f7f022ba1af9daf701
DeepVoice,DEEPVOICE_FAKE_biden-to-linus_frag14,DEEPVOICE_FAKE_biden-to-linus_frag14,1,cc3bdf544cfc09bd9cc788f7f022ba1af9daf701
DeepVoice,DEEPVOICE_FAKE_biden-to-linus_frag15,DEEPVOICE_FAKE_biden-to-linus_frag15,1,cc3bdf544cfc09bd9cc788f7f022ba1af9daf701
DeepVoice,DEEPVOICE_FAKE_biden-to-linus_frag16,DEEPVOICE_FAKE_biden-to-linus_frag16,1,cc3bdf544cfc09bd9cc788f7f022ba1af9daf701
DeepVoice,DEEPVOICE_FAKE_biden-to-linus_frag17,DEEPVOICE_FAKE_biden-to-linus_frag17,1,cc3bdf544cfc09bd9cc788f7f022ba1af9daf701
DeepVoice,DEEPVOICE_FAKE_biden-to-linus_frag18,DEEPVOICE_FAKE_biden-to-linus_frag18,1,cc3bdf544cfc09bd9cc788f7f022ba1af9daf701
DeepVoice,DEEPVOICE_FAKE_biden-to-linus_frag19,DEEPVOICE_FAKE_biden-to-linus_frag19,1,cc3bdf544cfc09bd9cc788f7f022ba1af9daf701
DeepVoice,DEEPVOICE_FAKE_biden-to-linus_frag2,DEEPVOICE_FAKE_biden-to-linus_frag2,1,cc3bdf544cfc09bd9cc788f7f022ba1af9daf701
DeepVoice,DEEPVOICE_FAKE_biden-to-linus_frag20,DEEPVOICE_FAKE_biden-to-linus_frag20,1,cc3bdf544cfc09bd9cc788f7f022ba1af9daf701
DeepVoice,DEEPVOICE_FAKE_biden-to-linus_frag21,DEEPVOICE_FAKE_biden-to-linus_frag21,1,cc3bdf544cfc09bd9cc788f7f022ba1af9daf701
DeepVoice,DEEPVOICE_FAKE_biden-to-linus_frag22,DEEPVOICE_FAKE_biden-to-linus_frag22,1,cc3bdf544cfc09bd9cc788f7f022ba1af9daf701
DeepVoice,DEEPVOICE_FAKE_biden-to-linus_frag23,DEEPVOICE_FAKE_biden-to-linus_frag23,1,cc3bdf544cfc09bd9cc788f7f022ba1af9daf701
DeepVoice,DEEPVOICE_FAKE_biden-to-linus_frag24,DEEPVOICE_FAKE_biden-to-linus_frag24,1,cc3bdf544cfc09bd9cc788f7f022ba1af9daf701
DeepVoice,DEEPVOICE_FAKE_biden-to-linus_frag25,DEEPVOICE_FAKE_biden-to-linus_frag25,1,cc3bdf544cfc09bd9cc788f7f022ba1af9daf701
DeepVoice,DEEPVOICE_FAKE_biden-to-linus_frag26,DEEPVOICE_FAKE_biden-to-linus_frag26,1,cc3bdf544cfc09bd9cc788f7f022ba1af9daf701
DeepVoice,DEEPVOICE_FAKE_biden-to-linus_frag27,DEEPVOICE_FAKE_biden-to-linus_frag27,1,cc3bdf544cfc09bd9cc788f7f022ba1af9daf701
DeepVoice,DEEPVOICE_FAKE_biden-to-linus_frag28,DEEPVOICE_FAKE_biden-to-linus_frag28,1,cc3bdf544cfc09bd9cc788f7f022ba1af9daf701
DeepVoice,DEEPVOICE_FAKE_biden-to-linus_frag29,DEEPVOICE_FAKE_biden-to-linus_frag29,1,cc3bdf544cfc09bd9cc788f7f022ba1af9daf701
DeepVoice,DEEPVOICE_FAKE_biden-to-linus_frag3,DEEPVOICE_FAKE_biden-to-linus_frag3,1,cc3bdf544cfc09bd9cc788f7f022ba1af9daf701
DeepVoice,DEEPVOICE_FAKE_biden-to-linus_frag30,DEEPVOICE_FAKE_biden-to-linus_frag30,1,cc3bdf544cfc09bd9cc788f7f022ba1af9daf701
DeepVoice,DEEPVOICE_FAKE_biden-to-linus_frag31,DEEPVOICE_FAKE_biden-to-linus_frag31,1,cc3bdf544cfc09bd9cc788f7f022ba1af9daf701
DeepVoice,DEEPVOICE_FAKE_biden-to-linus_frag32,DEEPVOICE_FAKE_biden-to-linus_frag32,1,cc3bdf544cfc09bd9cc788f7f022ba1af9daf701
DeepVoice,DEEPVOICE_FAKE_biden-to-linus_frag33,DEEPVOICE_FAKE_biden-to-linus_frag33,1,cc3bdf544cfc09bd9cc788f7f022ba1af9daf701
DeepVoice,DEEPVOICE_FAKE_biden-to-linus_frag34,DEEPVOICE_FAKE_biden-to-linus_frag34,1,cc3bdf544cfc09bd9cc788f7f022ba1af9daf701
DeepVoice,DEEPVOICE_FAKE_biden-to-linus_frag35,DEEPVOICE_FAKE_biden-to-linus_frag35,1,cc3bdf544cfc09bd9cc788f7f022ba1af9daf701
DeepVoice,DEEPVOICE_FAKE_biden-to-linus_frag36,DEEPVOICE_FAKE_biden-to-linus_frag36,1,cc3bdf544cfc09bd9cc788f7f022ba1af9daf701
DeepVoice,DEEPVOICE_FAKE_biden-to-linus_frag37,DEEPVOICE_FAKE_biden-to-linus_frag37,1,cc3bdf544cfc09bd9cc788f7f022ba1af9daf701
DeepVoice,DEEPVOICE_FAKE_biden-to-linus_frag38,DEEPVOICE_FAKE_biden-to-linus_frag38,1,cc3bdf544cfc09bd9cc788f7f022ba1af9daf701
DeepVoice,DEEPVOICE_FAKE_biden-to-linus_frag39,DEEPVOICE_FAKE_biden-to-linus_frag39,1,cc3bdf544cfc09bd9cc788f7f022ba1af9daf701
DeepVoice,DEEPVOICE_FAKE_biden-to-linus_frag4,DEEPVOICE_FAKE_biden-to-linus_frag4,1,cc3bdf544cfc09bd9cc788f7f022ba1af9daf701
DeepVoice,DEEPVOICE_FAKE_biden-to-linus_frag40,DEEPVOICE_FAKE_biden-to-linus_frag40,1,cc3bdf544cfc09bd9cc788f7f022ba1af9daf701
DeepVoice,DEEPVOICE_FAKE_biden-to-linus_frag41,DEEPVOICE_FAKE_biden-to-linus_frag41,1,cc3bdf544cfc09bd9cc788f7f022ba1af9daf701
DeepVoice,DEEPVOICE_FAKE_biden-to-linus_frag42,DEEPVOICE_FAKE_biden-to-linus_frag42,1,cc3bdf544cfc09bd9cc788f7f022ba1af9daf701
DeepVoice,DEEPVOICE_FAKE_biden-to-linus_frag43,DEEPVOICE_FAKE_biden-to-linus_frag43,1,cc3bdf544cfc09bd9cc788f7f022ba1af9daf701
DeepVoice,DEEPVOICE_FAKE_biden-to-linus_frag44,DEEPVOICE_FAKE_biden-to-linus_frag44,1,cc3bdf544cfc09bd9cc788f7f022ba1af9daf701
DeepVoice,DEEPVOICE_FAKE_biden-to-linus_frag45,DEEPVOICE_FAKE_biden-to-linus_frag45,1,cc3bdf544cfc09bd9cc788f7f022ba1af9daf701
DeepVoice,DEEPVOICE_FAKE_biden-to-linus_frag46,DEEPVOICE_FAKE_biden-to-linus_frag46,1,cc3bdf544cfc09bd9cc788f7f022ba1af9daf701
DeepVoice,DEEPVOICE_FAKE_biden-to-linus_frag47,DEEPVOICE_FAKE_biden-to-linus_frag47,1,cc3bdf544cfc09bd9cc788f7f022ba1af9daf701
DeepVoice,DEEPVOICE_FAKE_biden-to-linus_frag48,DEEPVOICE_FAKE_biden-to-linus_frag48,1,cc3bdf544cfc09bd9cc788f7f022ba1af9daf701
DeepVoice,DEEPVOICE_FAKE_biden-to-linus_frag49,DEEPVOICE_FAKE_biden-to-linus_frag49,1,cc3bdf544cfc09bd9cc788f7f022ba1af9daf701
DeepVoice,DEEPVOICE_FAKE_biden-to-linus_frag5,DEEPVOICE_FAKE_biden-to-linus_frag5,1,cc3bdf544cfc09bd9cc788f7f022ba1af9daf701
DeepVoice,DEEPVOICE_FAKE_biden-to-linus_frag50,DEEPVOICE_FAKE_biden-to-linus_frag50,1,cc3bdf544cfc09bd9cc788f7f022ba1af9daf701
DeepVoice,DEEPVOICE_FAKE_biden-to-linus_frag51,DEEPVOICE_FAKE_biden-to-linus_frag51,1,cc3bdf544cfc09bd9cc788f7f022ba1af9daf701
DeepVoice,DEEPVOICE_FAKE_biden-to-linus_frag52,DEEPVOICE_FAKE_biden-to-linus_frag52,1,cc3bdf544cfc09bd9cc788f7f022ba1af9daf701
DeepVoice,DEEPVOICE_FAKE_biden-to-linus_frag53,DEEPVOICE_FAKE_biden-to-linus_frag53,1,cc3bdf544cfc09bd9cc788f7f022ba1af9daf701
DeepVoice,DEEPVOICE_FAKE_biden-to-linus_frag54,DEEPVOICE_FAKE_biden-to-linus_frag54,1,cc3bdf544cfc09bd9cc788f7f022ba1af9daf701
DeepVoice,DEEPVOICE_FAKE_biden-to-linus_frag55,DEEPVOICE_FAKE_biden-to-linus_frag55,1,cc3bdf544cfc09bd9cc788f7f022ba1af9daf701
DeepVoice,DEEPVOICE_FAKE_biden-to-linus_frag56,DEEPVOICE_FAKE_biden-to-linus_frag56,1,cc3bdf544cfc09bd9cc788f7f022ba1af9daf701
DeepVoice,DEEPVOICE_FAKE_biden-to-linus_frag57,DEEPVOICE_FAKE_biden-to-linus_frag57,1,cc3bdf544cfc09bd9cc788f7f022ba1af9daf701
DeepVoice,DEEPVOICE_FAKE_biden-to-linus_frag58,DEEPVOICE_FAKE_biden-to-linus_frag58,1,cc3bdf544cfc09bd9cc788f7f022ba1af9daf701
DeepVoice,DEEPVOICE_FAKE_biden-to-linus_frag59,DEEPVOICE_FAKE_biden-to-linus_frag59,1,cc3bdf544cfc09bd9cc788f7f022ba1af9daf701
DeepVoice,DEEPVOICE_FAKE_biden-to-linus_frag6,DEEPVOICE_FAKE_biden-to-linus_frag6,1,cc3bdf544cfc09bd9cc788f7f022ba1af9daf701
DeepVoice,DEEPVOICE_FAKE_biden-to-linus_frag60,DEEPVOICE_FAKE_biden-to-linus_frag60,1,cc3bdf544cfc09bd9cc788f7f022ba1af9daf701
DeepVoice,DEEPVOICE_FAKE_biden-to-linus_frag61,DEEPVOICE_FAKE_biden-to-linus_frag61,1,cc3bdf544cfc09bd9cc788f7f022ba1af9daf701
DeepVoice,DEEPVOICE_FAKE_biden-to-linus_frag62,DEEPVOICE_FAKE_biden-to-linus_frag62,1,cc3bdf544cfc09bd9cc788f7f022ba1af9daf701
DeepVoice,DEEPVOICE_FAKE_biden-to-linus_frag63,DEEPVOICE_FAKE_biden-to-linus_frag63,1,cc3bdf544cfc09bd9cc788f7f022ba1af9daf701
DeepVoice,DEEPVOICE_FAKE_biden-to-linus_frag64,DEEPVOICE_FAKE_biden-to-linus_frag64,1,cc3bdf544cfc09bd9cc788f7f022ba1af9daf701
DeepVoice,DEEPVOICE_FAKE_biden-to-linus_frag65,DEEPVOICE_FAKE_biden-to-linus_frag65,1,cc3bdf544cfc09bd9cc788f7f022ba1af9daf701
DeepVoice,DEEPVOICE_FAKE_biden-to-linus_frag66,DEEPVOICE_FAKE_biden-to-linus_frag66,1,cc3bdf544cfc09bd9cc788f7f022ba1af9daf701
DeepVoice,DEEPVOICE_FAKE_biden-to-linus_frag67,DEEPVOICE_FAKE_biden-to-linus_frag67,1,cc3bdf544cfc09bd9cc788f7f022ba1af9daf701
DeepVoice,DEEPVOICE_FAKE_biden-to-linus_frag68,DEEPVOICE_FAKE_biden-to-linus_frag68,1,cc3bdf544cfc09bd9cc788f7f022ba1af9daf701
DeepVoice,DEEPVOICE_FAKE_biden-to-linus_frag69,DEEPVOICE_FAKE_biden-to-linus_frag69,1,cc3bdf544cfc09bd9cc788f7f022ba1af9daf701
DeepVoice,DEEPVOICE_FAKE_biden-to-linus_frag7,DEEPVOICE_FAKE_biden-to-linus_frag7,1,cc3bdf544cfc09bd9cc788f7f022ba1af9daf701
DeepVoice,DEEPVOICE_FAKE_biden-to-linus_frag70,DEEPVOICE_FAKE_biden-to-linus_frag70,1,cc3bdf544cfc09bd9cc788f7f022ba1af9daf701
DeepVoice,DEEPVOICE_FAKE_biden-to-linus_frag71,DEEPVOICE_FAKE_biden-to-linus_frag71,1,cc3bdf544cfc09bd9cc788f7f022ba1af9daf701
DeepVoice,DEEPVOICE_FAKE_biden-to-linus_frag72,DEEPVOICE_FAKE_biden-to-linus_frag72,1,cc3bdf544cfc09bd9cc788f7f022ba1af9daf701
DeepVoice,DEEPVOICE_FAKE_biden-to-linus_frag73,DEEPVOICE_FAKE_biden-to-linus_frag73,1,cc3bdf544cfc09bd9cc788f7f022ba1af9daf701
DeepVoice,DEEPVOICE_FAKE_biden-to-linus_frag74,DEEPVOICE_FAKE_biden-to-linus_frag74,1,cc3bdf544cfc09bd9cc788f7f022ba1af9daf701
DeepVoice,DEEPVOICE_FAKE_biden-to-linus_frag75,DEEPVOICE_FAKE_biden-to-linus_frag75,1,cc3bdf544cfc09bd9cc788f7f022ba1af9daf701
DeepVoice,DEEPVOICE_FAKE_biden-to-linus_frag76,DEEPVOICE_FAKE_biden-to-linus_frag76,1,cc3bdf544cfc09bd9cc788f7f022ba1af9daf701
DeepVoice,DEEPVOICE_FAKE_biden-to-linus_frag77,DEEPVOICE_FAKE_biden-to-linus_frag77,1,cc3bdf544cfc09bd9cc788f7f022ba1af9daf701
DeepVoice,DEEPVOICE_FAKE_biden-to-linus_frag78,DEEPVOICE_FAKE_biden-to-linus_frag78,1,cc3bdf544cfc09bd9cc788f7f022ba1af9daf701
DeepVoice,DEEPVOICE_FAKE_biden-to-linus_frag79,DEEPVOICE_FAKE_biden-to-linus_frag79,1,cc3bdf544cfc09bd9cc788f7f022ba1af9daf701
DeepVoice,DEEPVOICE_FAKE_biden-to-linus_frag8,DEEPVOICE_FAKE_biden-to-linus_frag8,1,cc3bdf544cfc09bd9cc788f7f022ba1af9daf701
DeepVoice,DEEPVOICE_FAKE_biden-to-linus_frag80,DEEPVOICE_FAKE_biden-to-linus_frag80,1,cc3bdf544cfc09bd9cc788f7f022ba1af9daf701
DeepVoice,DEEPVOICE_FAKE_biden-to-linus_frag81,DEEPVOICE_FAKE_biden-to-linus_frag81,1,cc3bdf544cfc09bd9cc788f7f022ba1af9daf701
DeepVoice,DEEPVOICE_FAKE_biden-to-linus_frag82,DEEPVOICE_FAKE_biden-to-linus_frag82,1,cc3bdf544cfc09bd9cc788f7f022ba1af9daf701
DeepVoice,DEEPVOICE_FAKE_biden-to-linus_frag83,DEEPVOICE_FAKE_biden-to-linus_frag83,1,cc3bdf544cfc09bd9cc788f7f022ba1af9daf701
DeepVoice,DEEPVOICE_FAKE_biden-to-linus_frag84,DEEPVOICE_FAKE_biden-to-linus_frag84,1,cc3bdf544cfc09bd9cc788f7f022ba1af9daf701
DeepVoice,DEEPVOICE_FAKE_biden-to-linus_frag85,DEEPVOICE_FAKE_biden-to-linus_frag85,1,cc3bdf544cfc09bd9cc788f7f022ba1af9daf701
DeepVoice,DEEPVOICE_FAKE_biden-to-linus_frag86,DEEPVOICE_FAKE_biden-to-linus_frag86,1,cc3bdf544cfc09bd9cc788f7f022ba1af9daf701
DeepVoice,DEEPVOICE_FAKE_biden-to-linus_frag87,DEEPVOICE_FAKE_biden-to-linus_frag87,1,cc3bdf544cfc09bd9cc788f7f022ba1af9daf701
DeepVoice,DEEPVOICE_FAKE_biden-to-linus_frag88,DEEPVOICE_FAKE_biden-to-linus_frag88,1,cc3bdf544cfc09bd9cc788f7f022ba1af9daf701
DeepVoice,DEEPVOICE_FAKE_biden-to-linus_frag89,DEEPVOICE_FAKE_biden-to-linus_frag89,1,cc3bdf544cfc09bd9cc788f7f022ba1af9daf701
DeepVoice,DEEPVOICE_FAKE_biden-to-linus_frag9,DEEPVOICE_FAKE_biden-to-linus_frag9,1,cc3bdf544cfc09bd9cc788f7f022ba1af9daf701
DeepVoice,DEEPVOICE_FAKE_biden-to-linus_frag90,DEEPVOICE_FAKE_biden-to-linus_frag90,1,cc3bdf544cfc09bd9cc788f7f022ba1af9daf701
DeepVoice,DEEPVOICE_FAKE_biden-to-linus_frag91,DEEPVOICE_FAKE_biden-to-linus_frag91,1,cc3bdf544cfc09bd9cc788f7f022ba1af9daf701
DeepVoice,DEEPVOICE_FAKE_biden-to-linus_frag92,DEEPVOICE_FAKE_biden-to-linus_frag92,1,cc3bdf544cfc09bd9cc788f7f022ba1af9daf701
DeepVoice,DEEPVOICE_FAKE_biden-to-linus_frag93,DEEPVOICE_FAKE_biden-to-linus_frag93,1,cc3bdf544cfc09bd9cc788f7f022ba1af9daf701
DeepVoice,DEEPVOICE_FAKE_biden-to-linus_frag94,DEEPVOICE_FAKE_biden-to-linus_frag94,1,cc3bdf544cfc09bd9cc788f7f022ba1af9daf701
DeepVoice,DEEPVOICE_FAKE_biden-to-linus_frag95,DEEPVOICE_FAKE_biden-to-linus_frag95,1,cc3bdf544cfc09bd9cc788f7f022ba1af9daf701
DeepVoice,DEEPVOICE_FAKE_biden-to-linus_frag96,DEEPVOICE_FAKE_biden-to-linus_frag96,1,cc3bdf544cfc09bd9cc788f7f022ba1af9daf701
DeepVoice,DEEPVOICE_FAKE_biden-to-linus_frag97,DEEPVOICE_FAKE_biden-to-linus_frag97,1,cc3bdf544cfc09bd9cc788f7f022ba1af9daf701
DeepVoice,DEEPVOICE_FAKE_biden-to-linus_frag98,DEEPVOICE_FAKE_biden-to-linus_frag98,1,cc3bdf544cfc09bd9cc788f7f022ba1af9daf701
DeepVoice,DEEPVOICE_FAKE_biden-to-linus_frag99,DEEPVOICE_FAKE_biden-to-linus_frag99,1,cc3bdf544cfc09bd9cc788f7f022ba1af9daf701
DeepVoice,DEEPVOICE_FAKE_biden-to-margot_frag0,DEEPVOICE_FAKE_biden-to-margot_frag0,1,cc3bdf544cfc09bd9cc788f7f022ba1af9daf701
DeepVoice,DEEPVOICE_FAKE_biden-to-margot_frag1,DEEPVOICE_FAKE_biden-to-margot_frag1,1,cc3bdf544cfc09bd9cc788f7f022ba1af9daf701
DeepVoice,DEEPVOICE_FAKE_biden-to-margot_frag10,DEEPVOICE_FAKE_biden-to-margot_frag10,1,cc3bdf544cfc09bd9cc788f7f022ba1af9daf701
DeepVoice,DEEPVOICE_FAKE_biden-to-margot_frag11,DEEPVOICE_FAKE_biden-to-margot_frag11,1,cc3bdf544cfc09bd9cc788f7f022ba1af9daf701
DeepVoice,DEEPVOICE_FAKE_biden-to-margot_frag12,DEEPVOICE_FAKE_biden-to-margot_frag12,1,cc3bdf544cfc09bd9cc788f7f022ba1af9daf701
DeepVoice,DEEPVOICE_FAKE_biden-to-margot_frag13,DEEPVOICE_FAKE_biden-to-margot_frag13,1,cc3bdf544cfc09bd9cc788f7f022ba1af9daf701
DeepVoice,DEEPVOICE_FAKE_biden-to-margot_frag14,DEEPVOICE_FAKE_biden-to-margot_frag14,1,cc3bdf544cfc09bd9cc788f7f022ba1af9daf701
DeepVoice,DEEPVOICE_FAKE_biden-to-margot_frag15,DEEPVOICE_FAKE_biden-to-margot_frag15,1,cc3bdf544cfc09bd9cc788f7f022ba1af9daf701
DeepVoice,DEEPVOICE_FAKE_biden-to-margot_frag16,DEEPVOICE_FAKE_biden-to-margot_frag16,1,cc3bdf544cfc09bd9cc788f7f022ba1af9daf701
DeepVoice,DEEPVOICE_FAKE_biden-to-margot_frag17,DEEPVOICE_FAKE_biden-to-margot_frag17,1,cc3bdf544cfc09bd9cc788f7f022ba1af9daf701
DeepVoice,DEEPVOICE_FAKE_biden-to-margot_frag18,DEEPVOICE_FAKE_biden-to-margot_frag18,1,cc3bdf544cfc09bd9cc788f7f022ba1af9daf701
DeepVoice,DEEPVOICE_FAKE_biden-to-margot_frag19,DEEPVOICE_FAKE_biden-to-margot_frag19,1,cc3bdf544cfc09bd9cc788f7f022ba1af9daf701
DeepVoice,DEEPVOICE_FAKE_biden-to-margot_frag2,DEEPVOICE_FAKE_biden-to-margot_frag2,1,cc3bdf544cfc09bd9cc788f7f022ba1af9daf701
DeepVoice,DEEPVOICE_FAKE_biden-to-margot_frag20,DEEPVOICE_FAKE_biden-to-margot_frag20,1,cc3bdf544cfc09bd9cc788f7f022ba1af9daf701
DeepVoice,DEEPVOICE_FAKE_biden-to-margot_frag21,DEEPVOICE_FAKE_biden-to-margot_frag21,1,cc3bdf544cfc09bd9cc788f7f022ba1af9daf701
DeepVoice,DEEPVOICE_FAKE_biden-to-margot_frag22,DEEPVOICE_FAKE_biden-to-margot_frag22,1,cc3bdf544cfc09bd9cc788f7f022ba1af9daf701
DeepVoice,DEEPVOICE_FAKE_biden-to-margot_frag23,DEEPVOICE_FAKE_biden-to-margot_frag23,1,cc3bdf544cfc09bd9cc788f7f022ba1af9daf701
DeepVoice,DEEPVOICE_FAKE_biden-to-margot_frag24,DEEPVOICE_FAKE_biden-to-margot_frag24,1,cc3bdf544cfc09bd9cc788f7f022ba1af9daf701
DeepVoice,DEEPVOICE_FAKE_biden-to-margot_frag25,DEEPVOICE_FAKE_biden-to-margot_frag25,1,cc3bdf544cfc09bd9cc788f7f022ba1af9daf701
DeepVoice,DEEPVOICE_FAKE_biden-to-margot_frag26,DEEPVOICE_FAKE_biden-to-margot_frag26,1,cc3bdf544cfc09bd9cc788f7f022ba1af9daf701
DeepVoice,DEEPVOICE_FAKE_biden-to-margot_frag27,DEEPVOICE_FAKE_biden-to-margot_frag27,1,cc3bdf544cfc09bd9cc788f7f022ba1af9daf701
DeepVoice,DEEPVOICE_FAKE_biden-to-margot_frag28,DEEPVOICE_FAKE_biden-to-margot_frag28,1,cc3bdf544cfc09bd9cc788f7f022ba1af9daf701
DeepVoice,DEEPVOICE_FAKE_biden-to-margot_frag29,DEEPVOICE_FAKE_biden-to-margot_frag29,1,cc3bdf544cfc09bd9cc788f7f022ba1af9daf701
DeepVoice,DEEPVOICE_FAKE_biden-to-margot_frag3,DEEPVOICE_FAKE_biden-to-margot_frag3,1,cc3bdf544cfc09bd9cc788f7f022ba1af9daf701
DeepVoice,DEEPVOICE_FAKE_biden-to-margot_frag30,DEEPVOICE_FAKE_biden-to-margot_frag30,1,cc3bdf544cfc09bd9cc788f7f022ba1af9daf701
DeepVoice,DEEPVOICE_FAKE_biden-to-margot_frag31,DEEPVOICE_FAKE_biden-to-margot_frag31,1,cc3bdf544cfc09bd9cc788f7f022ba1af9daf701
DeepVoice,DEEPVOICE_FAKE_biden-to-margot_frag32,DEEPVOICE_FAKE_biden-to-margot_frag32,1,cc3bdf544cfc09bd9cc788f7f022ba1af9daf701
DeepVoice,DEEPVOICE_FAKE_biden-to-margot_frag33,DEEPVOICE_FAKE_biden-to-margot_frag33,1,cc3bdf544cfc09bd9cc788f7f022ba1af9daf701
DeepVoice,DEEPVOICE_FAKE_biden-to-margot_frag34,DEEPVOICE_FAKE_biden-to-margot_frag34,1,cc3bdf544cfc09bd9cc788f7f022ba1af9daf701
DeepVoice,DEEPVOICE_FAKE_biden-to-margot_frag35,DEEPVOICE_FAKE_biden-to-margot_frag35,1,cc3bdf544cfc09bd9cc788f7f022ba1af9daf701
DeepVoice,DEEPVOICE_FAKE_biden-to-margot_frag36,DEEPVOICE_FAKE_biden-to-margot_frag36,1,cc3bdf544cfc09bd9cc788f7f022ba1af9daf701
DeepVoice,DEEPVOICE_FAKE_biden-to-margot_frag37,DEEPVOICE_FAKE_biden-to-margot_frag37,1,cc3bdf544cfc09bd9cc788f7f022ba1af9daf701
DeepVoice,DEEPVOICE_FAKE_biden-to-margot_frag38,DEEPVOICE_FAKE_biden-to-margot_frag38,1,cc3bdf544cfc09bd9cc788f7f022ba1af9daf701
DeepVoice,DEEPVOICE_FAKE_biden-to-margot_frag39,DEEPVOICE_FAKE_biden-to-margot_frag39,1,cc3bdf544cfc09bd9cc788f7f022ba1af9daf701
DeepVoice,DEEPVOICE_FAKE_biden-to-margot_frag4,DEEPVOICE_FAKE_biden-to-margot_frag4,1,cc3bdf544cfc09bd9cc788f7f022ba1af9daf701
DeepVoice,DEEPVOICE_FAKE_biden-to-margot_frag40,DEEPVOICE_FAKE_biden-to-margot_frag40,1,cc3bdf544cfc09bd9cc788f7f022ba1af9daf701
DeepVoice,DEEPVOICE_FAKE_biden-to-margot_frag41,DEEPVOICE_FAKE_biden-to-margot_frag41,1,cc3bdf544cfc09bd9cc788f7f022ba1af9daf701
DeepVoice,DEEPVOICE_FAKE_biden-to-margot_frag42,DEEPVOICE_FAKE_biden-to-margot_frag42,1,cc3bdf544cfc09bd9cc788f7f022ba1af9daf701
DeepVoice,DEEPVOICE_FAKE_biden-to-margot_frag43,DEEPVOICE_FAKE_biden-to-margot_frag43,1,cc3bdf544cfc09bd9cc788f7f022ba1af9daf701
DeepVoice,DEEPVOICE_FAKE_biden-to-margot_frag44,DEEPVOICE_FAKE_biden-to-margot_frag44,1,cc3bdf544cfc09bd9cc788f7f022ba1af9daf701
DeepVoice,DEEPVOICE_FAKE_biden-to-margot_frag45,DEEPVOICE_FAKE_biden-to-margot_frag45,1,cc3bdf544cfc09bd9cc788f7f022ba1af9daf701
DeepVoice,DEEPVOICE_FAKE_biden-to-margot_frag46,DEEPVOICE_FAKE_biden-to-margot_frag46,1,cc3bdf544cfc09bd9cc788f7f022ba1af9daf701
DeepVoice,DEEPVOICE_FAKE_biden-to-margot_frag47,DEEPVOICE_FAKE_biden-to-margot_frag47,1,cc3bdf544cfc09bd9cc788f7f022ba1af9daf701
DeepVoice,DEEPVOICE_FAKE_biden-to-margot_frag48,DEEPVOICE_FAKE_biden-to-margot_frag48,1,cc3bdf544cfc09bd9cc788f7f022ba1af9daf701
DeepVoice,DEEPVOICE_FAKE_biden-to-margot_frag49,DEEPVOICE_FAKE_biden-to-margot_frag49,1,cc3bdf544cfc09bd9cc788f7f022ba1af9daf701
DeepVoice,DEEPVOICE_FAKE_biden-to-margot_frag5,DEEPVOICE_FAKE_biden-to-margot_frag5,1,cc3bdf544cfc09bd9cc788f7f022ba1af9daf701
DeepVoice,DEEPVOICE_FAKE_biden-to-margot_frag50,DEEPVOICE_FAKE_biden-to-margot_frag50,1,cc3bdf544cfc09bd9cc788f7f022ba1af9daf701
DeepVoice,DEEPVOICE_FAKE_biden-to-margot_frag51,DEEPVOICE_FAKE_biden-to-margot_frag51,1,cc3bdf544cfc09bd9cc788f7f022ba1af9daf701
DeepVoice,DEEPVOICE_FAKE_biden-to-margot_frag52,DEEPVOICE_FAKE_biden-to-margot_frag52,1,cc3bdf544cfc09bd9cc788f7f022ba1af9daf701
DeepVoice,DEEPVOICE_FAKE_biden-to-margot_frag53,DEEPVOICE_FAKE_biden-to-margot_frag53,1,cc3bdf544cfc09bd9cc788f7f022ba1af9daf701
DeepVoice,DEEPVOICE_FAKE_biden-to-margot_frag54,DEEPVOICE_FAKE_biden-to-margot_frag54,1,cc3bdf544cfc09bd9cc788f7f022ba1af9daf701
DeepVoice,DEEPVOICE_FAKE_biden-to-margot_frag55,DEEPVOICE_FAKE_biden-to-margot_frag55,1,cc3bdf544cfc09bd9cc788f7f022ba1af9daf701
DeepVoice,DEEPVOICE_FAKE_biden-to-margot_frag56,DEEPVOICE_FAKE_biden-to-margot_frag56,1,cc3bdf544cfc09bd9cc788f7f022ba1af9daf701
DeepVoice,DEEPVOICE_FAKE_biden-to-margot_frag57,DEEPVOICE_FAKE_biden-to-margot_frag57,1,cc3bdf544cfc09bd9cc788f7f022ba1af9daf701
DeepVoice,DEEPVOICE_FAKE_biden-to-margot_frag58,DEEPVOICE_FAKE_biden-to-margot_frag58,1,cc3bdf544cfc09bd9cc788f7f022ba1af9daf701
DeepVoice,DEEPVOICE_FAKE_biden-to-margot_frag59,DEEPVOICE_FAKE_biden-to-margot_frag59,1,cc3bdf544cfc09bd9cc788f7f022ba1af9daf701
DeepVoice,DEEPVOICE_FAKE_biden-to-margot_frag6,DEEPVOICE_FAKE_biden-to-margot_frag6,1,cc3bdf544cfc09bd9cc788f7f022ba1af9daf701
DeepVoice,DEEPVOICE_FAKE_biden-to-margot_frag60,DEEPVOICE_FAKE_biden-to-margot_frag60,1,cc3bdf544cfc09bd9cc788f7f022ba1af9daf701
DeepVoice,DEEPVOICE_FAKE_biden-to-margot_frag61,DEEPVOICE_FAKE_biden-to-margot_frag61,1,cc3bdf544cfc09bd9cc788f7f022ba1af9daf701
DeepVoice,DEEPVOICE_FAKE_biden-to-margot_frag62,DEEPVOICE_FAKE_biden-to-margot_frag62,1,cc3bdf544cfc09bd9cc788f7f022ba1af9daf701
DeepVoice,DEEPVOICE_FAKE_biden-to-margot_frag63,DEEPVOICE_FAKE_biden-to-margot_frag63,1,cc3bdf544cfc09bd9cc788f7f022ba1af9daf701
DeepVoice,DEEPVOICE_FAKE_biden-to-margot_frag64,DEEPVOICE_FAKE_biden-to-margot_frag64,1,cc3bdf544cfc09bd9cc788f7f022ba1af9daf701
DeepVoice,DEEPVOICE_FAKE_biden-to-margot_frag65,DEEPVOICE_FAKE_biden-to-margot_frag65,1,cc3bdf544cfc09bd9cc788f7f022ba1af9daf701
DeepVoice,DEEPVOICE_FAKE_biden-to-margot_frag66,DEEPVOICE_FAKE_biden-to-margot_frag66,1,cc3bdf544cfc09bd9cc788f7f022ba1af9daf701
DeepVoice,DEEPVOICE_FAKE_biden-to-margot_frag67,DEEPVOICE_FAKE_biden-to-margot_frag67,1,cc3bdf544cfc09bd9cc788f7f022ba1af9daf701
DeepVoice,DEEPVOICE_FAKE_biden-to-margot_frag68,DEEPVOICE_FAKE_biden-to-margot_frag68,1,cc3bdf544cfc09bd9cc788f7f022ba1af9daf701
DeepVoice,DEEPVOICE_FAKE_biden-to-margot_frag69,DEEPVOICE_FAKE_biden-to-margot_frag69,1,cc3bdf544cfc09bd9cc788f7f022ba1af9daf701
DeepVoice,DEEPVOICE_FAKE_biden-to-margot_frag7,DEEPVOICE_FAKE_biden-to-margot_frag7,1,cc3bdf544cfc09bd9cc788f7f022ba1af9daf701
DeepVoice,DEEPVOICE_FAKE_biden-to-margot_frag70,DEEPVOICE_FAKE_biden-to-margot_frag70,1,cc3bdf544cfc09bd9cc788f7f022ba1af9daf701
DeepVoice,DEEPVOICE_FAKE_biden-to-margot_frag71,DEEPVOICE_FAKE_biden-to-margot_frag71,1,cc3bdf544cfc09bd9cc788f7f022ba1af9daf701
DeepVoice,DEEPVOICE_FAKE_biden-to-margot_frag72,DEEPVOICE_FAKE_biden-to-margot_frag72,1,cc3bdf544cfc09bd9cc788f7f022ba1af9daf701
DeepVoice,DEEPVOICE_FAKE_biden-to-margot_frag73,DEEPVOICE_FAKE_biden-to-margot_frag73,1,cc3bdf544cfc09bd9cc788f7f022ba1af9daf701
DeepVoice,DEEPVOICE_FAKE_biden-to-margot_frag74,DEEPVOICE_FAKE_biden-to-margot_frag74,1,cc3bdf544cfc09bd9cc788f7f022ba1af9daf701
DeepVoice,DEEPVOICE_FAKE_biden-to-margot_frag75,DEEPVOICE_FAKE_biden-to-margot_frag75,1,cc3bdf544cfc09bd9cc788f7f022ba1af9daf701
DeepVoice,DEEPVOICE_FAKE_biden-to-margot_frag76,DEEPVOICE_FAKE_biden-to-margot_frag76,1,cc3bdf544cfc09bd9cc788f7f022ba1af9daf701
DeepVoice,DEEPVOICE_FAKE_biden-to-margot_frag77,DEEPVOICE_FAKE_biden-to-margot_frag77,1,cc3bdf544cfc09bd9cc788f7f022ba1af9daf701
DeepVoice,DEEPVOICE_FAKE_biden-to-margot_frag78,DEEPVOICE_FAKE_biden-to-margot_frag78,1,cc3bdf544cfc09bd9cc788f7f022ba1af9daf701
DeepVoice,DEEPVOICE_FAKE_biden-to-margot_frag79,DEEPVOICE_FAKE_biden-to-margot_frag79,1,cc3bdf544cfc09bd9cc788f7f022ba1af9daf701
DeepVoice,DEEPVOICE_FAKE_biden-to-margot_frag8,DEEPVOICE_FAKE_biden-to-margot_frag8,1,cc3bdf544cfc09bd9cc788f7f022ba1af9daf701
DeepVoice,DEEPVOICE_FAKE_biden-to-margot_frag80,DEEPVOICE_FAKE_biden-to-margot_frag80,1,cc3bdf544cfc09bd9cc788f7f022ba1af9daf701
DeepVoice,DEEPVOICE_FAKE_biden-to-margot_frag81,DEEPVOICE_FAKE_biden-to-margot_frag81,1,cc3bdf544cfc09bd9cc788f7f022ba1af9daf701
DeepVoice,DEEPVOICE_FAKE_biden-to-margot_frag82,DEEPVOICE_FAKE_biden-to-margot_frag82,1,cc3bdf544cfc09bd9cc788f7f022ba1af9daf701
DeepVoice,DEEPVOICE_FAKE_biden-to-margot_frag83,DEEPVOICE_FAKE_biden-to-margot_frag83,1,cc3bdf544cfc09bd9cc788f7f022ba1af9daf701
DeepVoice,DEEPVOICE_FAKE_biden-to-margot_frag84,DEEPVOICE_FAKE_biden-to-margot_frag84,1,cc3bdf544cfc09bd9cc788f7f022ba1af9daf701
DeepVoice,DEEPVOICE_FAKE_biden-to-margot_frag85,DEEPVOICE_FAKE_biden-to-margot_frag85,1,cc3bdf544cfc09bd9cc788f7f022ba1af9daf701
DeepVoice,DEEPVOICE_FAKE_biden-to-margot_frag86,DEEPVOICE_FAKE_biden-to-margot_frag86,1,cc3bdf544cfc09bd9cc788f7f022ba1af9daf701
DeepVoice,DEEPVOICE_FAKE_biden-to-margot_frag87,DEEPVOICE_FAKE_biden-to-margot_frag87,1,cc3bdf544cfc09bd9cc788f7f022ba1af9daf701
DeepVoice,DEEPVOICE_FAKE_biden-to-margot_frag88,DEEPVOICE_FAKE_biden-to-margot_frag88,1,cc3bdf544cfc09bd9cc788f7f022ba1af9daf701
DeepVoice,DEEPVOICE_FAKE_biden-to-margot_frag89,DEEPVOICE_FAKE_biden-to-margot_frag89,1,cc3bdf544cfc09bd9cc788f7f022ba1af9daf701
DeepVoice,DEEPVOICE_FAKE_biden-to-margot_frag9,DEEPVOICE_FAKE_biden-to-margot_frag9,1,cc3bdf544cfc09bd9cc788f7f022ba1af9daf701
DeepVoice,DEEPVOICE_FAKE_biden-to-margot_frag90,DEEPVOICE_FAKE_biden-to-margot_frag90,1,cc3bdf544cfc09bd9cc788f7f022ba1af9daf701
DeepVoice,DEEPVOICE_FAKE_biden-to-margot_frag91,DEEPVOICE_FAKE_biden-to-margot_frag91,1,cc3bdf544cfc09bd9cc788f7f022ba1af9daf701
DeepVoice,DEEPVOICE_FAKE_biden-to-margot_frag92,DEEPVOICE_FAKE_biden-to-margot_frag92,1,cc3bdf544cfc09bd9cc788f7f022ba1af9daf701
DeepVoice,DEEPVOICE_FAKE_biden-to-margot_frag93,DEEPVOICE_FAKE_biden-to-margot_frag93,1,cc3bdf544cfc09bd9cc788f7f022ba1af9daf701
DeepVoice,DEEPVOICE_FAKE_biden-to-margot_frag94,DEEPVOICE_FAKE_biden-to-margot_frag94,1,cc3bdf544cfc09bd9cc788f7f022ba1af9daf701
DeepVoice,DEEPVOICE_FAKE_biden-to-margot_frag95,DEEPVOICE_FAKE_biden-to-margot_frag95,1,cc3bdf544cfc09bd9cc788f7f022ba1af9daf701
DeepVoice,DEEPVOICE_FAKE_biden-to-margot_frag96,DEEPVOICE_FAKE_biden-to-margot_frag96,1,cc3bdf544cfc09bd9cc788f7f022ba1af9daf701
DeepVoice,DEEPVOICE_FAKE_biden-to-margot_frag97,DEEPVOICE_FAKE_biden-to-margot_frag97,1,cc3bdf544cfc09bd9cc788f7f022ba1af9daf701
DeepVoice,DEEPVOICE_FAKE_biden-to-margot_frag98,DEEPVOICE_FAKE_biden-to-margot_frag98,1,cc3bdf544cfc09bd9cc788f7f022ba1af9daf701
DeepVoice,DEEPVOICE_FAKE_biden-to-musk_frag0,DEEPVOICE_FAKE_biden-to-musk_frag0,1,cc3bdf544cfc09bd9cc788f7f022ba1af9daf701
DeepVoice,DEEPVOICE_FAKE_biden-to-musk_frag1,DEEPVOICE_FAKE_biden-to-musk_frag1,1,cc3bdf544cfc09bd9cc788f7f022ba1af9daf701
DeepVoice,DEEPVOICE_FAKE_biden-to-musk_frag10,DEEPVOICE_FAKE_biden-to-musk_frag10,1,cc3bdf544cfc09bd9cc788f7f022ba1af9daf701
DeepVoice,DEEPVOICE_FAKE_biden-to-musk_frag11,DEEPVOICE_FAKE_biden-to-musk_frag11,1,cc3bdf544cfc09bd9cc788f7f022ba1af9daf701
DeepVoice,DEEPVOICE_FAKE_biden-to-musk_frag12,DEEPVOICE_FAKE_biden-to-musk_frag12,1,cc3bdf544cfc09bd9cc788f7f022ba1af9daf701
DeepVoice,DEEPVOICE_FAKE_biden-to-musk_frag13,DEEPVOICE_FAKE_biden-to-musk_frag13,1,cc3bdf544cfc09bd9cc788f7f022ba1af9daf701
DeepVoice,DEEPVOICE_FAKE_biden-to-musk_frag14,DEEPVOICE_FAKE_biden-to-musk_frag14,1,cc3bdf544cfc09bd9cc788f7f022ba1af9daf701
DeepVoice,DEEPVOICE_FAKE_biden-to-musk_frag15,DEEPVOICE_FAKE_biden-to-musk_frag15,1,cc3bdf544cfc09bd9cc788f7f022ba1af9daf701
DeepVoice,DEEPVOICE_FAKE_biden-to-musk_frag16,DEEPVOICE_FAKE_biden-to-musk_frag16,1,cc3bdf544cfc09bd9cc788f7f022ba1af9daf701
DeepVoice,DEEPVOICE_FAKE_biden-to-musk_frag17,DEEPVOICE_FAKE_biden-to-musk_frag17,1,cc3bdf544cfc09bd9cc788f7f022ba1af9daf701
DeepVoice,DEEPVOICE_FAKE_biden-to-musk_frag18,DEEPVOICE_FAKE_biden-to-musk_frag18,1,cc3bdf544cfc09bd9cc788f7f022ba1af9daf701
DeepVoice,DEEPVOICE_FAKE_biden-to-musk_frag19,DEEPVOICE_FAKE_biden-to-musk_frag19,1,cc3bdf544cfc09bd9cc788f7f022ba1af9daf701
DeepVoice,DEEPVOICE_FAKE_biden-to-musk_frag2,DEEPVOICE_FAKE_biden-to-musk_frag2,1,cc3bdf544cfc09bd9cc788f7f022ba1af9daf701
DeepVoice,DEEPVOICE_FAKE_biden-to-musk_frag20,DEEPVOICE_FAKE_biden-to-musk_frag20,1,cc3bdf544cfc09bd9cc788f7f022ba1af9daf701
DeepVoice,DEEPVOICE_FAKE_biden-to-musk_frag21,DEEPVOICE_FAKE_biden-to-musk_frag21,1,cc3bdf544cfc09bd9cc788f7f022ba1af9daf701
DeepVoice,DEEPVOICE_FAKE_biden-to-musk_frag22,DEEPVOICE_FAKE_biden-to-musk_frag22,1,cc3bdf544cfc09bd9cc788f7f022ba1af9daf701
DeepVoice,DEEPVOICE_FAKE_biden-to-musk_frag23,DEEPVOICE_FAKE_biden-to-musk_frag23,1,cc3bdf544cfc09bd9cc788f7f022ba1af9daf701
DeepVoice,DEEPVOICE_FAKE_biden-to-musk_frag24,DEEPVOICE_FAKE_biden-to-musk_frag24,1,cc3bdf544cfc09bd9cc788f7f022ba1af9daf701
DeepVoice,DEEPVOICE_FAKE_biden-to-musk_frag25,DEEPVOICE_FAKE_biden-to-musk_frag25,1,cc3bdf544cfc09bd9cc788f7f022ba1af9daf701
DeepVoice,DEEPVOICE_FAKE_biden-to-musk_frag26,DEEPVOICE_FAKE_biden-to-musk_frag26,1,cc3bdf544cfc09bd9cc788f7f022ba1af9daf701
DeepVoice,DEEPVOICE_FAKE_biden-to-musk_frag27,DEEPVOICE_FAKE_biden-to-musk_frag27,1,cc3bdf544cfc09bd9cc788f7f022ba1af9daf701
DeepVoice,DEEPVOICE_FAKE_biden-to-musk_frag28,DEEPVOICE_FAKE_biden-to-musk_frag28,1,cc3bdf544cfc09bd9cc788f7f022ba1af9daf701
DeepVoice,DEEPVOICE_FAKE_biden-to-musk_frag29,DEEPVOICE_FAKE_biden-to-musk_frag29,1,cc3bdf544cfc09bd9cc788f7f022ba1af9daf701
DeepVoice,DEEPVOICE_FAKE_biden-to-musk_frag3,DEEPVOICE_FAKE_biden-to-musk_frag3,1,cc3bdf544cfc09bd9cc788f7f022ba1af9daf701
DeepVoice,DEEPVOICE_FAKE_biden-to-musk_frag30,DEEPVOICE_FAKE_biden-to-musk_frag30,1,cc3bdf544cfc09bd9cc788f7f022ba1af9daf701
DeepVoice,DEEPVOICE_FAKE_biden-to-musk_frag31,DEEPVOICE_FAKE_biden-to-musk_frag31,1,cc3bdf544cfc09bd9cc788f7f022ba1af9daf701
DeepVoice,DEEPVOICE_FAKE_biden-to-musk_frag32,DEEPVOICE_FAKE_biden-to-musk_frag32,1,cc3bdf544cfc09bd9cc788f7f022ba1af9daf701
DeepVoice,DEEPVOICE_FAKE_biden-to-musk_frag33,DEEPVOICE_FAKE_biden-to-musk_frag33,1,cc3bdf544cfc09bd9cc788f7f022ba1af9daf701
DeepVoice,DEEPVOICE_FAKE_biden-to-musk_frag34,DEEPVOICE_FAKE_biden-to-musk_frag34,1,cc3bdf544cfc09bd9cc788f7f022ba1af9daf701
DeepVoice,DEEPVOICE_FAKE_biden-to-musk_frag35,DEEPVOICE_FAKE_biden-to-musk_frag35,1,cc3bdf544cfc09bd9cc788f7f022ba1af9daf701
DeepVoice,DEEPVOICE_FAKE_biden-to-musk_frag36,DEEPVOICE_FAKE_biden-to-musk_frag36,1,cc3bdf544cfc09bd9cc788f7f022ba1af9daf701
DeepVoice,DEEPVOICE_FAKE_biden-to-musk_frag37,DEEPVOICE_FAKE_biden-to-musk_frag37,1,cc3bdf544cfc09bd9cc788f7f022ba1af9daf701
DeepVoice,DEEPVOICE_FAKE_biden-to-musk_frag38,DEEPVOICE_FAKE_biden-to-musk_frag38,1,cc3bdf544cfc09bd9cc788f7f022ba1af9daf701
DeepVoice,DEEPVOICE_FAKE_biden-to-musk_frag39,DEEPVOICE_FAKE_biden-to-musk_frag39,1,cc3bdf544cfc09bd9cc788f7f022ba1af9daf701
DeepVoice,DEEPVOICE_FAKE_biden-to-musk_frag4,DEEPVOICE_FAKE_biden-to-musk_frag4,1,cc3bdf544cfc09bd9cc788f7f022ba1af9daf701
DeepVoice,DEEPVOICE_FAKE_biden-to-musk_frag40,DEEPVOICE_FAKE_biden-to-musk_frag40,1,cc3bdf544cfc09bd9cc788f7f022ba1af9daf701
DeepVoice,DEEPVOICE_FAKE_biden-to-musk_frag41,DEEPVOICE_FAKE_biden-to-musk_frag41,1,cc3bdf544cfc09bd9cc788f7f022ba1af9daf701
DeepVoice,DEEPVOICE_FAKE_biden-to-musk_frag42,DEEPVOICE_FAKE_biden-to-musk_frag42,1,cc3bdf544cfc09bd9cc788f7f022ba1af9daf701
DeepVoice,DEEPVOICE_FAKE_biden-to-musk_frag43,DEEPVOICE_FAKE_biden-to-musk_frag43,1,cc3bdf544cfc09bd9cc788f7f022ba1af9daf701
DeepVoice,DEEPVOICE_FAKE_biden-to-musk_frag44,DEEPVOICE_FAKE_biden-to-musk_frag44,1,cc3bdf544cfc09bd9cc788f7f022ba1af9daf701
DeepVoice,DEEPVOICE_FAKE_biden-to-musk_frag45,DEEPVOICE_FAKE_biden-to-musk_frag45,1,cc3bdf544cfc09bd9cc788f7f022ba1af9daf701
DeepVoice,DEEPVOICE_FAKE_biden-to-musk_frag46,DEEPVOICE_FAKE_biden-to-musk_frag46,1,cc3bdf544cfc09bd9cc788f7f022ba1af9daf701
DeepVoice,DEEPVOICE_FAKE_biden-to-musk_frag47,DEEPVOICE_FAKE_biden-to-musk_frag47,1,cc3bdf544cfc09bd9cc788f7f022ba1af9daf701
DeepVoice,DEEPVOICE_FAKE_biden-to-musk_frag48,DEEPVOICE_FAKE_biden-to-musk_frag48,1,cc3bdf544cfc09bd9cc788f7f022ba1af9daf701
DeepVoice,DEEPVOICE_FAKE_biden-to-musk_frag49,DEEPVOICE_FAKE_biden-to-musk_frag49,1,cc3bdf544cfc09bd9cc788f7f022ba1af9daf701
DeepVoice,DEEPVOICE_FAKE_biden-to-musk_frag5,DEEPVOICE_FAKE_biden-to-musk_frag5,1,cc3bdf544cfc09bd9cc788f7f022ba1af9daf701
DeepVoice,DEEPVOICE_FAKE_biden-to-musk_frag50,DEEPVOICE_FAKE_biden-to-musk_frag50,1,cc3bdf544cfc09bd9cc788f7f022ba1af9daf701
DeepVoice,DEEPVOICE_FAKE_biden-to-musk_frag51,DEEPVOICE_FAKE_biden-to-musk_frag51,1,cc3bdf544cfc09bd9cc788f7f022ba1af9daf701
DeepVoice,DEEPVOICE_FAKE_biden-to-musk_frag52,DEEPVOICE_FAKE_biden-to-musk_frag52,1,cc3bdf544cfc09bd9cc788f7f022ba1af9daf701
DeepVoice,DEEPVOICE_FAKE_biden-to-musk_frag53,DEEPVOICE_FAKE_biden-to-musk_frag53,1,cc3bdf544cfc09bd9cc788f7f022ba1af9daf701
DeepVoice,DEEPVOICE_FAKE_biden-to-musk_frag54,DEEPVOICE_FAKE_biden-to-musk_frag54,1,cc3bdf544cfc09bd9cc788f7f022ba1af9daf701
DeepVoice,DEEPVOICE_FAKE_biden-to-musk_frag55,DEEPVOICE_FAKE_biden-to-musk_frag55,1,cc3bdf544cfc09bd9cc788f7f022ba1af9daf701
DeepVoice,DEEPVOICE_FAKE_biden-to-musk_frag56,DEEPVOICE_FAKE_biden-to-musk_frag56,1,cc3bdf544cfc09bd9cc788f7f022ba1af9daf701
DeepVoice,DEEPVOICE_FAKE_biden-to-musk_frag57,DEEPVOICE_FAKE_biden-to-musk_frag57,1,cc3bdf544cfc09bd9cc788f7f022ba1af9daf701
DeepVoice,DEEPVOICE_FAKE_biden-to-musk_frag58,DEEPVOICE_FAKE_biden-to-musk_frag58,1,cc3bdf544cfc09bd9cc788f7f022ba1af9daf701
DeepVoice,DEEPVOICE_FAKE_biden-to-musk_frag59,DEEPVOICE_FAKE_biden-to-musk_frag59,1,cc3bdf544cfc09bd9cc788f7f022ba1af9daf701
DeepVoice,DEEPVOICE_FAKE_biden-to-musk_frag6,DEEPVOICE_FAKE_biden-to-musk_frag6,1,cc3bdf544cfc09bd9cc788f7f022ba1af9daf701
DeepVoice,DEEPVOICE_FAKE_biden-to-musk_frag60,DEEPVOICE_FAKE_biden-to-musk_frag60,1,cc3bdf544cfc09bd9cc788f7f022ba1af9daf701
DeepVoice,DEEPVOICE_FAKE_biden-to-musk_frag61,DEEPVOICE_FAKE_biden-to-musk_frag61,1,cc3bdf544cfc09bd9cc788f7f022ba1af9daf701
DeepVoice,DEEPVOICE_FAKE_biden-to-musk_frag62,DEEPVOICE_FAKE_biden-to-musk_frag62,1,cc3bdf544cfc09bd9cc788f7f022ba1af9daf701
DeepVoice,DEEPVOICE_FAKE_biden-to-musk_frag63,DEEPVOICE_FAKE_biden-to-musk_frag63,1,cc3bdf544cfc09bd9cc788f7f022ba1af9daf701
DeepVoice,DEEPVOICE_FAKE_biden-to-musk_frag64,DEEPVOICE_FAKE_biden-to-musk_frag64,1,cc3bdf544cfc09bd9cc788f7f022ba1af9daf701
DeepVoice,DEEPVOICE_FAKE_biden-to-musk_frag65,DEEPVOICE_FAKE_biden-to-musk_frag65,1,cc3bdf544cfc09bd9cc788f7f022ba1af9daf701
DeepVoice,DEEPVOICE_FAKE_biden-to-musk_frag66,DEEPVOICE_FAKE_biden-to-musk_frag66,1,cc3bdf544cfc09bd9cc788f7f022ba1af9daf701
DeepVoice,DEEPVOICE_FAKE_biden-to-musk_frag67,DEEPVOICE_FAKE_biden-to-musk_frag67,1,cc3bdf544cfc09bd9cc788f7f022ba1af9daf701
DeepVoice,DEEPVOICE_FAKE_biden-to-musk_frag68,DEEPVOICE_FAKE_biden-to-musk_frag68,1,cc3bdf544cfc09bd9cc788f7f022ba1af9daf701
DeepVoice,DEEPVOICE_FAKE_biden-to-musk_frag69,DEEPVOICE_FAKE_biden-to-musk_frag69,1,cc3bdf544cfc09bd9cc788f7f022ba1af9daf701
DeepVoice,DEEPVOICE_FAKE_biden-to-musk_frag7,DEEPVOICE_FAKE_biden-to-musk_frag7,1,cc3bdf544cfc09bd9cc788f7f022ba1af9daf701
DeepVoice,DEEPVOICE_FAKE_biden-to-musk_frag70,DEEPVOICE_FAKE_biden-to-musk_frag70,1,cc3bdf544cfc09bd9cc788f7f022ba1af9daf701
DeepVoice,DEEPVOICE_FAKE_biden-to-musk_frag71,DEEPVOICE_FAKE_biden-to-musk_frag71,1,cc3bdf544cfc09bd9cc788f7f022ba1af9daf701
DeepVoice,DEEPVOICE_FAKE_biden-to-musk_frag72,DEEPVOICE_FAKE_biden-to-musk_frag72,1,cc3bdf544cfc09bd9cc788f7f022ba1af9daf701
DeepVoice,DEEPVOICE_FAKE_biden-to-musk_frag73,DEEPVOICE_FAKE_biden-to-musk_frag73,1,cc3bdf544cfc09bd9cc788f7f022ba1af9daf701
DeepVoice,DEEPVOICE_FAKE_biden-to-musk_frag74,DEEPVOICE_FAKE_biden-to-musk_frag74,1,cc3bdf544cfc09bd9cc788f7f022ba1af9daf701
DeepVoice,DEEPVOICE_FAKE_biden-to-musk_frag75,DEEPVOICE_FAKE_biden-to-musk_frag75,1,cc3bdf544cfc09bd9cc788f7f022ba1af9daf701
DeepVoice,DEEPVOICE_FAKE_biden-to-musk_frag76,DEEPVOICE_FAKE_biden-to-musk_frag76,1,cc3bdf544cfc09bd9cc788f7f022ba1af9daf701
DeepVoice,DEEPVOICE_FAKE_biden-to-musk_frag77,DEEPVOICE_FAKE_biden-to-musk_frag77,1,cc3bdf544cfc09bd9cc788f7f022ba1af9daf701
DeepVoice,DEEPVOICE_FAKE_biden-to-musk_frag78,DEEPVOICE_FAKE_biden-to-musk_frag78,1,cc3bdf544cfc09bd9cc788f7f022ba1af9daf701
DeepVoice,DEEPVOICE_FAKE_biden-to-musk_frag79,DEEPVOICE_FAKE_biden-to-musk_frag79,1,cc3bdf544cfc09bd9cc788f7f022ba1af9daf701
DeepVoice,DEEPVOICE_FAKE_biden-to-musk_frag8,DEEPVOICE_FAKE_biden-to-musk_frag8,1,cc3bdf544cfc09bd9cc788f7f022ba1af9daf701
DeepVoice,DEEPVOICE_FAKE_biden-to-musk_frag80,DEEPVOICE_FAKE_biden-to-musk_frag80,1,cc3bdf544cfc09bd9cc788f7f022ba1af9daf701
DeepVoice,DEEPVOICE_FAKE_biden-to-musk_frag81,DEEPVOICE_FAKE_biden-to-musk_frag81,1,cc3bdf544cfc09bd9cc788f7f022ba1af9daf701
DeepVoice,DEEPVOICE_FAKE_biden-to-musk_frag82,DEEPVOICE_FAKE_biden-to-musk_frag82,1,cc3bdf544cfc09bd9cc788f7f022ba1af9daf701
DeepVoice,DEEPVOICE_FAKE_biden-to-musk_frag83,DEEPVOICE_FAKE_biden-to-musk_frag83,1,cc3bdf544cfc09bd9cc788f7f022ba1af9daf701
DeepVoice,DEEPVOICE_FAKE_biden-to-musk_frag84,DEEPVOICE_FAKE_biden-to-musk_frag84,1,cc3bdf544cfc09bd9cc788f7f022ba1af9daf701
DeepVoice,DEEPVOICE_FAKE_biden-to-musk_frag85,DEEPVOICE_FAKE_biden-to-musk_frag85,1,cc3bdf544cfc09bd9cc788f7f022ba1af9daf701
DeepVoice,DEEPVOICE_FAKE_biden-to-musk_frag86,DEEPVOICE_FAKE_biden-to-musk_frag86,1,cc3bdf544cfc09bd9cc788f7f022ba1af9daf701
DeepVoice,DEEPVOICE_FAKE_biden-to-musk_frag87,DEEPVOICE_FAKE_biden-to-musk_frag87,1,cc3bdf544cfc09bd9cc788f7f022ba1af9daf701
DeepVoice,DEEPVOICE_FAKE_biden-to-musk_frag88,DEEPVOICE_FAKE_biden-to-musk_frag88,1,cc3bdf544cfc09bd9cc788f7f022ba1af9daf701
DeepVoice,DEEPVOICE_FAKE_biden-to-musk_frag89,DEEPVOICE_FAKE_biden-to-musk_frag89,1,cc3bdf544cfc09bd9cc788f7f022ba1af9daf701
DeepVoice,DEEPVOICE_FAKE_biden-to-musk_frag9,DEEPVOICE_FAKE_biden-to-musk_frag9,1,cc3bdf544cfc09bd9cc788f7f022ba1af9daf701
DeepVoice,DEEPVOICE_FAKE_biden-to-musk_frag90,DEEPVOICE_FAKE_biden-to-musk_frag90,1,cc3bdf544cfc09bd9cc788f7f022ba1af9daf701
DeepVoice,DEEPVOICE_FAKE_biden-to-musk_frag91,DEEPVOICE_FAKE_biden-to-musk_frag91,1,cc3bdf544cfc09bd9cc788f7f022ba1af9daf701
DeepVoice,DEEPVOICE_FAKE_biden-to-musk_frag92,DEEPVOICE_FAKE_biden-to-musk_frag92,1,cc3bdf544cfc09bd9cc788f7f022ba1af9daf701
DeepVoice,DEEPVOICE_FAKE_biden-to-musk_frag93,DEEPVOICE_FAKE_biden-to-musk_frag93,1,cc3bdf544cfc09bd9cc788f7f022ba1af9daf701
DeepVoice,DEEPVOICE_FAKE_biden-to-musk_frag94,DEEPVOICE_FAKE_biden-to-musk_frag94,1,cc3bdf544cfc09bd9cc788f7f022ba1af9daf701
DeepVoice,DEEPVOICE_FAKE_biden-to-musk_frag95,DEEPVOICE_FAKE_biden-to-musk_frag95,1,cc3bdf544cfc09bd9cc788f7f022ba1af9daf701
DeepVoice,DEEPVOICE_FAKE_biden-to-musk_frag96,DEEPVOICE_FAKE_biden-to-musk_frag96,1,cc3bdf544cfc09bd9cc788f7f022ba1af9daf701
DeepVoice,DEEPVOICE_FAKE_biden-to-musk_frag97,DEEPVOICE_FAKE_biden-to-musk_frag97,1,cc3bdf544cfc09bd9cc788f7f022ba1af9daf701
DeepVoice,DEEPVOICE_FAKE_biden-to-ryan_frag0,DEEPVOICE_FAKE_biden-to-ryan_frag0,1,cc3bdf544cfc09bd9cc788f7f022ba1af9daf701
DeepVoice,DEEPVOICE_FAKE_biden-to-ryan_frag1,DEEPVOICE_FAKE_biden-to-ryan_frag1,1,cc3bdf544cfc09bd9cc788f7f022ba1af9daf701
DeepVoice,DEEPVOICE_FAKE_biden-to-ryan_frag10,DEEPVOICE_FAKE_biden-to-ryan_frag10,1,cc3bdf544cfc09bd9cc788f7f022ba1af9daf701
DeepVoice,DEEPVOICE_FAKE_biden-to-ryan_frag100,DEEPVOICE_FAKE_biden-to-ryan_frag100,1,cc3bdf544cfc09bd9cc788f7f022ba1af9daf701
DeepVoice,DEEPVOICE_FAKE_biden-to-ryan_frag101,DEEPVOICE_FAKE_biden-to-ryan_frag101,1,cc3bdf544cfc09bd9cc788f7f022ba1af9daf701
DeepVoice,DEEPVOICE_FAKE_biden-to-ryan_frag102,DEEPVOICE_FAKE_biden-to-ryan_frag102,1,cc3bdf544cfc09bd9cc788f7f022ba1af9daf701
DeepVoice,DEEPVOICE_FAKE_biden-to-ryan_frag11,DEEPVOICE_FAKE_biden-to-ryan_frag11,1,cc3bdf544cfc09bd9cc788f7f022ba1af9daf701
DeepVoice,DEEPVOICE_FAKE_biden-to-ryan_frag12,DEEPVOICE_FAKE_biden-to-ryan_frag12,1,cc3bdf544cfc09bd9cc788f7f022ba1af9daf701
DeepVoice,DEEPVOICE_FAKE_biden-to-ryan_frag13,DEEPVOICE_FAKE_biden-to-ryan_frag13,1,cc3bdf544cfc09bd9cc788f7f022ba1af9daf701
DeepVoice,DEEPVOICE_FAKE_biden-to-ryan_frag14,DEEPVOICE_FAKE_biden-to-ryan_frag14,1,cc3bdf544cfc09bd9cc788f7f022ba1af9daf701
DeepVoice,DEEPVOICE_FAKE_biden-to-ryan_frag15,DEEPVOICE_FAKE_biden-to-ryan_frag15,1,cc3bdf544cfc09bd9cc788f7f022ba1af9daf701
DeepVoice,DEEPVOICE_FAKE_biden-to-ryan_frag16,DEEPVOICE_FAKE_biden-to-ryan_frag16,1,cc3bdf544cfc09bd9cc788f7f022ba1af9daf701
DeepVoice,DEEPVOICE_FAKE_biden-to-ryan_frag17,DEEPVOICE_FAKE_biden-to-ryan_frag17,1,cc3bdf544cfc09bd9cc788f7f022ba1af9daf701
DeepVoice,DEEPVOICE_FAKE_biden-to-ryan_frag18,DEEPVOICE_FAKE_biden-to-ryan_frag18,1,cc3bdf544cfc09bd9cc788f7f022ba1af9daf701
DeepVoice,DEEPVOICE_FAKE_biden-to-ryan_frag19,DEEPVOICE_FAKE_biden-to-ryan_frag19,1,cc3bdf544cfc09bd9cc788f7f022ba1af9daf701
DeepVoice,DEEPVOICE_FAKE_biden-to-ryan_frag2,DEEPVOICE_FAKE_biden-to-ryan_frag2,1,cc3bdf544cfc09bd9cc788f7f022ba1af9daf701
DeepVoice,DEEPVOICE_FAKE_biden-to-ryan_frag20,DEEPVOICE_FAKE_biden-to-ryan_frag20,1,cc3bdf544cfc09bd9cc788f7f022ba1af9daf701
DeepVoice,DEEPVOICE_FAKE_biden-to-ryan_frag21,DEEPVOICE_FAKE_biden-to-ryan_frag21,1,cc3bdf544cfc09bd9cc788f7f022ba1af9daf701
DeepVoice,DEEPVOICE_FAKE_biden-to-ryan_frag22,DEEPVOICE_FAKE_biden-to-ryan_frag22,1,cc3bdf544cfc09bd9cc788f7f022ba1af9daf701
DeepVoice,DEEPVOICE_FAKE_biden-to-ryan_frag23,DEEPVOICE_FAKE_biden-to-ryan_frag23,1,cc3bdf544cfc09bd9cc788f7f022ba1af9daf701
DeepVoice,DEEPVOICE_FAKE_biden-to-ryan_frag24,DEEPVOICE_FAKE_biden-to-ryan_frag24,1,cc3bdf544cfc09bd9cc788f7f022ba1af9daf701
DeepVoice,DEEPVOICE_FAKE_biden-to-ryan_frag25,DEEPVOICE_FAKE_biden-to-ryan_frag25,1,cc3bdf544cfc09bd9cc788f7f022ba1af9daf701
DeepVoice,DEEPVOICE_FAKE_biden-to-ryan_frag26,DEEPVOICE_FAKE_biden-to-ryan_frag26,1,cc3bdf544cfc09bd9cc788f7f022ba1af9daf701
DeepVoice,DEEPVOICE_FAKE_biden-to-ryan_frag27,DEEPVOICE_FAKE_biden-to-ryan_frag27,1,cc3bdf544cfc09bd9cc788f7f022ba1af9daf701
DeepVoice,DEEPVOICE_FAKE_biden-to-ryan_frag28,DEEPVOICE_FAKE_biden-to-ryan_frag28,1,cc3bdf544cfc09bd9cc788f7f022ba1af9daf701
DeepVoice,DEEPVOICE_FAKE_biden-to-ryan_frag29,DEEPVOICE_FAKE_biden-to-ryan_frag29,1,cc3bdf544cfc09bd9cc788f7f022ba1af9daf701
DeepVoice,DEEPVOICE_FAKE_biden-to-ryan_frag3,DEEPVOICE_FAKE_biden-to-ryan_frag3,1,cc3bdf544cfc09bd9cc788f7f022ba1af9daf701
DeepVoice,DEEPVOICE_FAKE_biden-to-ryan_frag30,DEEPVOICE_FAKE_biden-to-ryan_frag30,1,cc3bdf544cfc09bd9cc788f7f022ba1af9daf701
DeepVoice,DEEPVOICE_FAKE_biden-to-ryan_frag31,DEEPVOICE_FAKE_biden-to-ryan_frag31,1,cc3bdf544cfc09bd9cc788f7f022ba1af9daf701
DeepVoice,DEEPVOICE_FAKE_biden-to-ryan_frag32,DEEPVOICE_FAKE_biden-to-ryan_frag32,1,cc3bdf544cfc09bd9cc788f7f022ba1af9daf701
DeepVoice,DEEPVOICE_FAKE_biden-to-ryan_frag33,DEEPVOICE_FAKE_biden-to-ryan_frag33,1,cc3bdf544cfc09bd9cc788f7f022ba1af9daf701
DeepVoice,DEEPVOICE_FAKE_biden-to-ryan_frag34,DEEPVOICE_FAKE_biden-to-ryan_frag34,1,cc3bdf544cfc09bd9cc788f7f022ba1af9daf701
DeepVoice,DEEPVOICE_FAKE_biden-to-ryan_frag35,DEEPVOICE_FAKE_biden-to-ryan_frag35,1,cc3bdf544cfc09bd9cc788f7f022ba1af9daf701
DeepVoice,DEEPVOICE_FAKE_biden-to-ryan_frag36,DEEPVOICE_FAKE_biden-to-ryan_frag36,1,cc3bdf544cfc09bd9cc788f7f022ba1af9daf701
DeepVoice,DEEPVOICE_FAKE_biden-to-ryan_frag37,DEEPVOICE_FAKE_biden-to-ryan_frag37,1,cc3bdf544cfc09bd9cc788f7f022ba1af9daf701
DeepVoice,DEEPVOICE_FAKE_biden-to-ryan_frag38,DEEPVOICE_FAKE_biden-to-ryan_frag38,1,cc3bdf544cfc09bd9cc788f7f022ba1af9daf701
DeepVoice,DEEPVOICE_FAKE_biden-to-ryan_frag39,DEEPVOICE_FAKE_biden-to-ryan_frag39,1,cc3bdf544cfc09bd9cc788f7f022ba1af9daf701
DeepVoice,DEEPVOICE_FAKE_biden-to-ryan_frag4,DEEPVOICE_FAKE_biden-to-ryan_frag4,1,cc3bdf544cfc09bd9cc788f7f022ba1af9daf701
DeepVoice,DEEPVOICE_FAKE_biden-to-ryan_frag40,DEEPVOICE_FAKE_biden-to-ryan_frag40,1,cc3bdf544cfc09bd9cc788f7f022ba1af9daf701
DeepVoice,DEEPVOICE_FAKE_biden-to-ryan_frag41,DEEPVOICE_FAKE_biden-to-ryan_frag41,1,cc3bdf544cfc09bd9cc788f7f022ba1af9daf701
DeepVoice,DEEPVOICE_FAKE_biden-to-ryan_frag42,DEEPVOICE_FAKE_biden-to-ryan_frag42,1,cc3bdf544cfc09bd9cc788f7f022ba1af9daf701
DeepVoice,DEEPVOICE_FAKE_biden-to-ryan_frag43,DEEPVOICE_FAKE_biden-to-ryan_frag43,1,cc3bdf544cfc09bd9cc788f7f022ba1af9daf701
DeepVoice,DEEPVOICE_FAKE_biden-to-ryan_frag44,DEEPVOICE_FAKE_biden-to-ryan_frag44,1,cc3bdf544cfc09bd9cc788f7f022ba1af9daf701
DeepVoice,DEEPVOICE_FAKE_biden-to-ryan_frag45,DEEPVOICE_FAKE_biden-to-ryan_frag45,1,cc3bdf544cfc09bd9cc788f7f022ba1af9daf701
DeepVoice,DEEPVOICE_FAKE_biden-to-ryan_frag46,DEEPVOICE_FAKE_biden-to-ryan_frag46,1,cc3bdf544cfc09bd9cc788f7f022ba1af9daf701
DeepVoice,DEEPVOICE_FAKE_biden-to-ryan_frag47,DEEPVOICE_FAKE_biden-to-ryan_frag47,1,cc3bdf544cfc09bd9cc788f7f022ba1af9daf701
DeepVoice,DEEPVOICE_FAKE_biden-to-ryan_frag48,DEEPVOICE_FAKE_biden-to-ryan_frag48,1,cc3bdf544cfc09bd9cc788f7f022ba1af9daf701
DeepVoice,DEEPVOICE_FAKE_biden-to-ryan_frag49,DEEPVOICE_FAKE_biden-to-ryan_frag49,1,cc3bdf544cfc09bd9cc788f7f022ba1af9daf701
DeepVoice,DEEPVOICE_FAKE_biden-to-ryan_frag5,DEEPVOICE_FAKE_biden-to-ryan_frag5,1,cc3bdf544cfc09bd9cc788f7f022ba1af9daf701
DeepVoice,DEEPVOICE_FAKE_biden-to-ryan_frag50,DEEPVOICE_FAKE_biden-to-ryan_frag50,1,cc3bdf544cfc09bd9cc788f7f022ba1af9daf701
DeepVoice,DEEPVOICE_FAKE_biden-to-ryan_frag51,DEEPVOICE_FAKE_biden-to-ryan_frag51,1,cc3bdf544cfc09bd9cc788f7f022ba1af9daf701
DeepVoice,DEEPVOICE_FAKE_biden-to-ryan_frag52,DEEPVOICE_FAKE_biden-to-ryan_frag52,1,cc3bdf544cfc09bd9cc788f7f022ba1af9daf701
DeepVoice,DEEPVOICE_FAKE_biden-to-ryan_frag53,DEEPVOICE_FAKE_biden-to-ryan_frag53,1,cc3bdf544cfc09bd9cc788f7f022ba1af9daf701
DeepVoice,DEEPVOICE_FAKE_biden-to-ryan_frag54,DEEPVOICE_FAKE_biden-to-ryan_frag54,1,cc3bdf544cfc09bd9cc788f7f022ba1af9daf701
DeepVoice,DEEPVOICE_FAKE_biden-to-ryan_frag55,DEEPVOICE_FAKE_biden-to-ryan_frag55,1,cc3bdf544cfc09bd9cc788f7f022ba1af9daf701
DeepVoice,DEEPVOICE_FAKE_biden-to-ryan_frag56,DEEPVOICE_FAKE_biden-to-ryan_frag56,1,cc3bdf544cfc09bd9cc788f7f022ba1af9daf701
DeepVoice,DEEPVOICE_FAKE_biden-to-ryan_frag57,DEEPVOICE_FAKE_biden-to-ryan_frag57,1,cc3bdf544cfc09bd9cc788f7f022ba1af9daf701
DeepVoice,DEEPVOICE_FAKE_biden-to-ryan_frag58,DEEPVOICE_FAKE_biden-to-ryan_frag58,1,cc3bdf544cfc09bd9cc788f7f022ba1af9daf701
DeepVoice,DEEPVOICE_FAKE_biden-to-ryan_frag59,DEEPVOICE_FAKE_biden-to-ryan_frag59,1,cc3bdf544cfc09bd9cc788f7f022ba1af9daf701
DeepVoice,DEEPVOICE_FAKE_biden-to-ryan_frag6,DEEPVOICE_FAKE_biden-to-ryan_frag6,1,cc3bdf544cfc09bd9cc788f7f022ba1af9daf701
DeepVoice,DEEPVOICE_FAKE_biden-to-ryan_frag60,DEEPVOICE_FAKE_biden-to-ryan_frag60,1,cc3bdf544cfc09bd9cc788f7f022ba1af9daf701
DeepVoice,DEEPVOICE_FAKE_biden-to-ryan_frag61,DEEPVOICE_FAKE_biden-to-ryan_frag61,1,cc3bdf544cfc09bd9cc788f7f022ba1af9daf701
DeepVoice,DEEPVOICE_FAKE_biden-to-ryan_frag62,DEEPVOICE_FAKE_biden-to-ryan_frag62,1,cc3bdf544cfc09bd9cc788f7f022ba1af9daf701
DeepVoice,DEEPVOICE_FAKE_biden-to-ryan_frag63,DEEPVOICE_FAKE_biden-to-ryan_frag63,1,cc3bdf544cfc09bd9cc788f7f022ba1af9daf701
DeepVoice,DEEPVOICE_FAKE_biden-to-ryan_frag64,DEEPVOICE_FAKE_biden-to-ryan_frag64,1,cc3bdf544cfc09bd9cc788f7f022ba1af9daf701
DeepVoice,DEEPVOICE_FAKE_biden-to-ryan_frag65,DEEPVOICE_FAKE_biden-to-ryan_frag65,1,cc3bdf544cfc09bd9cc788f7f022ba1af9daf701
DeepVoice,DEEPVOICE_FAKE_biden-to-ryan_frag66,DEEPVOICE_FAKE_biden-to-ryan_frag66,1,cc3bdf544cfc09bd9cc788f7f022ba1af9daf701
DeepVoice,DEEPVOICE_FAKE_biden-to-ryan_frag67,DEEPVOICE_FAKE_biden-to-ryan_frag67,1,cc3bdf544cfc09bd9cc788f7f022ba1af9daf701
DeepVoice,DEEPVOICE_FAKE_biden-to-ryan_frag68,DEEPVOICE_FAKE_biden-to-ryan_frag68,1,cc3bdf544cfc09bd9cc788f7f022ba1af9daf701
DeepVoice,DEEPVOICE_FAKE_biden-to-ryan_frag69,DEEPVOICE_FAKE_biden-to-ryan_frag69,1,cc3bdf544cfc09bd9cc788f7f022ba1af9daf701
DeepVoice,DEEPVOICE_FAKE_biden-to-ryan_frag7,DEEPVOICE_FAKE_biden-to-ryan_frag7,1,cc3bdf544cfc09bd9cc788f7f022ba1af9daf701
DeepVoice,DEEPVOICE_FAKE_biden-to-ryan_frag70,DEEPVOICE_FAKE_biden-to-ryan_frag70,1,cc3bdf544cfc09bd9cc788f7f022ba1af9daf701
DeepVoice,DEEPVOICE_FAKE_biden-to-ryan_frag71,DEEPVOICE_FAKE_biden-to-ryan_frag71,1,cc3bdf544cfc09bd9cc788f7f022ba1af9daf701
DeepVoice,DEEPVOICE_FAKE_biden-to-ryan_frag72,DEEPVOICE_FAKE_biden-to-ryan_frag72,1,cc3bdf544cfc09bd9cc788f7f022ba1af9daf701
DeepVoice,DEEPVOICE_FAKE_biden-to-ryan_frag73,DEEPVOICE_FAKE_biden-to-ryan_frag73,1,cc3bdf544cfc09bd9cc788f7f022ba1af9daf701
DeepVoice,DEEPVOICE_FAKE_biden-to-ryan_frag74,DEEPVOICE_FAKE_biden-to-ryan_frag74,1,cc3bdf544cfc09bd9cc788f7f022ba1af9daf701
DeepVoice,DEEPVOICE_FAKE_biden-to-ryan_frag75,DEEPVOICE_FAKE_biden-to-ryan_frag75,1,cc3bdf544cfc09bd9cc788f7f022ba1af9daf701
DeepVoice,DEEPVOICE_FAKE_biden-to-ryan_frag76,DEEPVOICE_FAKE_biden-to-ryan_frag76,1,cc3bdf544cfc09bd9cc788f7f022ba1af9daf701
DeepVoice,DEEPVOICE_FAKE_biden-to-ryan_frag77,DEEPVOICE_FAKE_biden-to-ryan_frag77,1,cc3bdf544cfc09bd9cc788f7f022ba1af9daf701
DeepVoice,DEEPVOICE_FAKE_biden-to-ryan_frag78,DEEPVOICE_FAKE_biden-to-ryan_frag78,1,cc3bdf544cfc09bd9cc788f7f022ba1af9daf701
DeepVoice,DEEPVOICE_FAKE_biden-to-ryan_frag79,DEEPVOICE_FAKE_biden-to-ryan_frag79,1,cc3bdf544cfc09bd9cc788f7f022ba1af9daf701
DeepVoice,DEEPVOICE_FAKE_biden-to-ryan_frag8,DEEPVOICE_FAKE_biden-to-ryan_frag8,1,cc3bdf544cfc09bd9cc788f7f022ba1af9daf701
DeepVoice,DEEPVOICE_FAKE_biden-to-ryan_frag80,DEEPVOICE_FAKE_biden-to-ryan_frag80,1,cc3bdf544cfc09bd9cc788f7f022ba1af9daf701
DeepVoice,DEEPVOICE_FAKE_biden-to-ryan_frag81,DEEPVOICE_FAKE_biden-to-ryan_frag81,1,cc3bdf544cfc09bd9cc788f7f022ba1af9daf701
DeepVoice,DEEPVOICE_FAKE_biden-to-ryan_frag82,DEEPVOICE_FAKE_biden-to-ryan_frag82,1,cc3bdf544cfc09bd9cc788f7f022ba1af9daf701
DeepVoice,DEEPVOICE_FAKE_biden-to-ryan_frag83,DEEPVOICE_FAKE_biden-to-ryan_frag83,1,cc3bdf544cfc09bd9cc788f7f022ba1af9daf701
DeepVoice,DEEPVOICE_FAKE_biden-to-ryan_frag84,DEEPVOICE_FAKE_biden-to-ryan_frag84,1,cc3bdf544cfc09bd9cc788f7f022ba1af9daf701
DeepVoice,DEEPVOICE_FAKE_biden-to-ryan_frag85,DEEPVOICE_FAKE_biden-to-ryan_frag85,1,cc3bdf544cfc09bd9cc788f7f022ba1af9daf701
DeepVoice,DEEPVOICE_FAKE_biden-to-ryan_frag86,DEEPVOICE_FAKE_biden-to-ryan_frag86,1,cc3bdf544cfc09bd9cc788f7f022ba1af9daf701
DeepVoice,DEEPVOICE_FAKE_biden-to-ryan_frag87,DEEPVOICE_FAKE_biden-to-ryan_frag87,1,cc3bdf544cfc09bd9cc788f7f022ba1af9daf701
DeepVoice,DEEPVOICE_FAKE_biden-to-ryan_frag88,DEEPVOICE_FAKE_biden-to-ryan_frag88,1,cc3bdf544cfc09bd9cc788f7f022ba1af9daf701
DeepVoice,DEEPVOICE_FAKE_biden-to-ryan_frag89,DEEPVOICE_FAKE_biden-to-ryan_frag89,1,cc3bdf544cfc09bd9cc788f7f022ba1af9daf701
DeepVoice,DEEPVOICE_FAKE_biden-to-ryan_frag9,DEEPVOICE_FAKE_biden-to-ryan_frag9,1,cc3bdf544cfc09bd9cc788f7f022ba1af9daf701
DeepVoice,DEEPVOICE_FAKE_biden-to-ryan_frag90,DEEPVOICE_FAKE_biden-to-ryan_frag90,1,cc3bdf544cfc09bd9cc788f7f022ba1af9daf701
DeepVoice,DEEPVOICE_FAKE_biden-to-ryan_frag91,DEEPVOICE_FAKE_biden-to-ryan_frag91,1,cc3bdf544cfc09bd9cc788f7f022ba1af9daf701
DeepVoice,DEEPVOICE_FAKE_biden-to-ryan_frag92,DEEPVOICE_FAKE_biden-to-ryan_frag92,1,cc3bdf544cfc09bd9cc788f7f022ba1af9daf701
DeepVoice,DEEPVOICE_FAKE_biden-to-ryan_frag93,DEEPVOICE_FAKE_biden-to-ryan_frag93,1,cc3bdf544cfc09bd9cc788f7f022ba1af9daf701
DeepVoice,DEEPVOICE_FAKE_biden-to-ryan_frag94,DEEPVOICE_FAKE_biden-to-ryan_frag94,1,cc3bdf544cfc09bd9cc788f7f022ba1af9daf701
DeepVoice,DEEPVOICE_FAKE_biden-to-ryan_frag95,DEEPVOICE_FAKE_biden-to-ryan_frag95,1,cc3bdf544cfc09bd9cc788f7f022ba1af9daf701
DeepVoice,DEEPVOICE_FAKE_biden-to-ryan_frag96,DEEPVOICE_FAKE_biden-to-ryan_frag96,1,cc3bdf544cfc09bd9cc788f7f022ba1af9daf701
DeepVoice,DEEPVOICE_FAKE_biden-to-ryan_frag97,DEEPVOICE_FAKE_biden-to-ryan_frag97,1,cc3bdf544cfc09bd9cc788f7f022ba1af9daf701
DeepVoice,DEEPVOICE_FAKE_biden-to-ryan_frag98,DEEPVOICE_FAKE_biden-to-ryan_frag98,1,cc3bdf544cfc09bd9cc788f7f022ba1af9daf701
DeepVoice,DEEPVOICE_FAKE_biden-to-ryan_frag99,DEEPVOICE_FAKE_biden-to-ryan_frag99,1,cc3bdf544cfc09bd9cc788f7f022ba1af9daf701
DeepVoice,DEEPVOICE_FAKE_biden-to-taylor_frag0,DEEPVOICE_FAKE_biden-to-taylor_frag0,1,cc3bdf544cfc09bd9cc788f7f022ba1af9daf701
DeepVoice,DEEPVOICE_FAKE_biden-to-taylor_frag1,DEEPVOICE_FAKE_biden-to-taylor_frag1,1,cc3bdf544cfc09bd9cc788f7f022ba1af9daf701
DeepVoice,DEEPVOICE_FAKE_biden-to-taylor_frag10,DEEPVOICE_FAKE_biden-to-taylor_frag10,1,cc3bdf544cfc09bd9cc788f7f022ba1af9daf701
DeepVoice,DEEPVOICE_FAKE_biden-to-taylor_frag100,DEEPVOICE_FAKE_biden-to-taylor_frag100,1,cc3bdf544cfc09bd9cc788f7f022ba1af9daf701
DeepVoice,DEEPVOICE_FAKE_biden-to-taylor_frag101,DEEPVOICE_FAKE_biden-to-taylor_frag101,1,cc3bdf544cfc09bd9cc788f7f022ba1af9daf701
DeepVoice,DEEPVOICE_FAKE_biden-to-taylor_frag102,DEEPVOICE_FAKE_biden-to-taylor_frag102,1,cc3bdf544cfc09bd9cc788f7f022ba1af9daf701
DeepVoice,DEEPVOICE_FAKE_biden-to-taylor_frag103,DEEPVOICE_FAKE_biden-to-taylor_frag103,1,cc3bdf544cfc09bd9cc788f7f022ba1af9daf701
DeepVoice,DEEPVOICE_FAKE_biden-to-taylor_frag104,DEEPVOICE_FAKE_biden-to-taylor_frag104,1,cc3bdf544cfc09bd9cc788f7f022ba1af9daf701
DeepVoice,DEEPVOICE_FAKE_biden-to-taylor_frag11,DEEPVOICE_FAKE_biden-to-taylor_frag11,1,cc3bdf544cfc09bd9cc788f7f022ba1af9daf701
DeepVoice,DEEPVOICE_FAKE_biden-to-taylor_frag12,DEEPVOICE_FAKE_biden-to-taylor_frag12,1,cc3bdf544cfc09bd9cc788f7f022ba1af9daf701
DeepVoice,DEEPVOICE_FAKE_biden-to-taylor_frag13,DEEPVOICE_FAKE_biden-to-taylor_frag13,1,cc3bdf544cfc09bd9cc788f7f022ba1af9daf701
DeepVoice,DEEPVOICE_FAKE_biden-to-taylor_frag14,DEEPVOICE_FAKE_biden-to-taylor_frag14,1,cc3bdf544cfc09bd9cc788f7f022ba1af9daf701
DeepVoice,DEEPVOICE_FAKE_biden-to-taylor_frag15,DEEPVOICE_FAKE_biden-to-taylor_frag15,1,cc3bdf544cfc09bd9cc788f7f022ba1af9daf701
DeepVoice,DEEPVOICE_FAKE_biden-to-taylor_frag16,DEEPVOICE_FAKE_biden-to-taylor_frag16,1,cc3bdf544cfc09bd9cc788f7f022ba1af9daf701
DeepVoice,DEEPVOICE_FAKE_biden-to-taylor_frag17,DEEPVOICE_FAKE_biden-to-taylor_frag17,1,cc3bdf544cfc09bd9cc788f7f022ba1af9daf701
DeepVoice,DEEPVOICE_FAKE_biden-to-taylor_frag18,DEEPVOICE_FAKE_biden-to-taylor_frag18,1,cc3bdf544cfc09bd9cc788f7f022ba1af9daf701
DeepVoice,DEEPVOICE_FAKE_biden-to-taylor_frag19,DEEPVOICE_FAKE_biden-to-taylor_frag19,1,cc3bdf544cfc09bd9cc788f7f022ba1af9daf701
DeepVoice,DEEPVOICE_FAKE_biden-to-taylor_frag2,DEEPVOICE_FAKE_biden-to-taylor_frag2,1,cc3bdf544cfc09bd9cc788f7f022ba1af9daf701
DeepVoice,DEEPVOICE_FAKE_biden-to-taylor_frag20,DEEPVOICE_FAKE_biden-to-taylor_frag20,1,cc3bdf544cfc09bd9cc788f7f022ba1af9daf701
DeepVoice,DEEPVOICE_FAKE_biden-to-taylor_frag21,DEEPVOICE_FAKE_biden-to-taylor_frag21,1,cc3bdf544cfc09bd9cc788f7f022ba1af9daf701
DeepVoice,DEEPVOICE_FAKE_biden-to-taylor_frag22,DEEPVOICE_FAKE_biden-to-taylor_frag22,1,cc3bdf544cfc09bd9cc788f7f022ba1af9daf701
DeepVoice,DEEPVOICE_FAKE_biden-to-taylor_frag23,DEEPVOICE_FAKE_biden-to-taylor_frag23,1,cc3bdf544cfc09bd9cc788f7f022ba1af9daf701
DeepVoice,DEEPVOICE_FAKE_biden-to-taylor_frag24,DEEPVOICE_FAKE_biden-to-taylor_frag24,1,cc3bdf544cfc09bd9cc788f7f022ba1af9daf701
DeepVoice,DEEPVOICE_FAKE_biden-to-taylor_frag25,DEEPVOICE_FAKE_biden-to-taylor_frag25,1,cc3bdf544cfc09bd9cc788f7f022ba1af9daf701
DeepVoice,DEEPVOICE_FAKE_biden-to-taylor_frag26,DEEPVOICE_FAKE_biden-to-taylor_frag26,1,cc3bdf544cfc09bd9cc788f7f022ba1af9daf701
DeepVoice,DEEPVOICE_FAKE_biden-to-taylor_frag27,DEEPVOICE_FAKE_biden-to-taylor_frag27,1,cc3bdf544cfc09bd9cc788f7f022ba1af9daf701
DeepVoice,DEEPVOICE_FAKE_biden-to-taylor_frag28,DEEPVOICE_FAKE_biden-to-taylor_frag28,1,cc3bdf544cfc09bd9cc788f7f022ba1af9daf701
DeepVoice,DEEPVOICE_FAKE_biden-to-taylor_frag29,DEEPVOICE_FAKE_biden-to-taylor_frag29,1,cc3bdf544cfc09bd9cc788f7f022ba1af9daf701
DeepVoice,DEEPVOICE_FAKE_biden-to-taylor_frag3,DEEPVOICE_FAKE_biden-to-taylor_frag3,1,cc3bdf544cfc09bd9cc788f7f022ba1af9daf701
DeepVoice,DEEPVOICE_FAKE_biden-to-taylor_frag30,DEEPVOICE_FAKE_biden-to-taylor_frag30,1,cc3bdf544cfc09bd9cc788f7f022ba1af9daf701
DeepVoice,DEEPVOICE_FAKE_biden-to-taylor_frag31,DEEPVOICE_FAKE_biden-to-taylor_frag31,1,cc3bdf544cfc09bd9cc788f7f022ba1af9daf701
DeepVoice,DEEPVOICE_FAKE_biden-to-taylor_frag32,DEEPVOICE_FAKE_biden-to-taylor_frag32,1,cc3bdf544cfc09bd9cc788f7f022ba1af9daf701
DeepVoice,DEEPVOICE_FAKE_biden-to-taylor_frag33,DEEPVOICE_FAKE_biden-to-taylor_frag33,1,cc3bdf544cfc09bd9cc788f7f022ba1af9daf701
DeepVoice,DEEPVOICE_FAKE_biden-to-taylor_frag34,DEEPVOICE_FAKE_biden-to-taylor_frag34,1,cc3bdf544cfc09bd9cc788f7f022ba1af9daf701
DeepVoice,DEEPVOICE_FAKE_biden-to-taylor_frag35,DEEPVOICE_FAKE_biden-to-taylor_frag35,1,cc3bdf544cfc09bd9cc788f7f022ba1af9daf701
DeepVoice,DEEPVOICE_FAKE_biden-to-taylor_frag36,DEEPVOICE_FAKE_biden-to-taylor_frag36,1,cc3bdf544cfc09bd9cc788f7f022ba1af9daf701
DeepVoice,DEEPVOICE_FAKE_biden-to-taylor_frag37,DEEPVOICE_FAKE_biden-to-taylor_frag37,1,cc3bdf544cfc09bd9cc788f7f022ba1af9daf701
DeepVoice,DEEPVOICE_FAKE_biden-to-taylor_frag38,DEEPVOICE_FAKE_biden-to-taylor_frag38,1,cc3bdf544cfc09bd9cc788f7f022ba1af9daf701
DeepVoice,DEEPVOICE_FAKE_biden-to-taylor_frag39,DEEPVOICE_FAKE_biden-to-taylor_frag39,1,cc3bdf544cfc09bd9cc788f7f022ba1af9daf701
DeepVoice,DEEPVOICE_FAKE_biden-to-taylor_frag4,DEEPVOICE_FAKE_biden-to-taylor_frag4,1,cc3bdf544cfc09bd9cc788f7f022ba1af9daf701
DeepVoice,DEEPVOICE_FAKE_biden-to-taylor_frag40,DEEPVOICE_FAKE_biden-to-taylor_frag40,1,cc3bdf544cfc09bd9cc788f7f022ba1af9daf701
DeepVoice,DEEPVOICE_FAKE_biden-to-taylor_frag41,DEEPVOICE_FAKE_biden-to-taylor_frag41,1,cc3bdf544cfc09bd9cc788f7f022ba1af9daf701
DeepVoice,DEEPVOICE_FAKE_biden-to-taylor_frag42,DEEPVOICE_FAKE_biden-to-taylor_frag42,1,cc3bdf544cfc09bd9cc788f7f022ba1af9daf701
DeepVoice,DEEPVOICE_FAKE_biden-to-taylor_frag43,DEEPVOICE_FAKE_biden-to-taylor_frag43,1,cc3bdf544cfc09bd9cc788f7f022ba1af9daf701
DeepVoice,DEEPVOICE_FAKE_biden-to-taylor_frag44,DEEPVOICE_FAKE_biden-to-taylor_frag44,1,cc3bdf544cfc09bd9cc788f7f022ba1af9daf701
DeepVoice,DEEPVOICE_FAKE_biden-to-taylor_frag45,DEEPVOICE_FAKE_biden-to-taylor_frag45,1,cc3bdf544cfc09bd9cc788f7f022ba1af9daf701
DeepVoice,DEEPVOICE_FAKE_biden-to-taylor_frag46,DEEPVOICE_FAKE_biden-to-taylor_frag46,1,cc3bdf544cfc09bd9cc788f7f022ba1af9daf701
DeepVoice,DEEPVOICE_FAKE_biden-to-taylor_frag47,DEEPVOICE_FAKE_biden-to-taylor_frag47,1,cc3bdf544cfc09bd9cc788f7f022ba1af9daf701
DeepVoice,DEEPVOICE_FAKE_biden-to-taylor_frag48,DEEPVOICE_FAKE_biden-to-taylor_frag48,1,cc3bdf544cfc09bd9cc788f7f022ba1af9daf701
DeepVoice,DEEPVOICE_FAKE_biden-to-taylor_frag49,DEEPVOICE_FAKE_biden-to-taylor_frag49,1,cc3bdf544cfc09bd9cc788f7f022ba1af9daf701
DeepVoice,DEEPVOICE_FAKE_biden-to-taylor_frag5,DEEPVOICE_FAKE_biden-to-taylor_frag5,1,cc3bdf544cfc09bd9cc788f7f022ba1af9daf701
DeepVoice,DEEPVOICE_FAKE_biden-to-taylor_frag50,DEEPVOICE_FAKE_biden-to-taylor_frag50,1,cc3bdf544cfc09bd9cc788f7f022ba1af9daf701
DeepVoice,DEEPVOICE_FAKE_biden-to-taylor_frag51,DEEPVOICE_FAKE_biden-to-taylor_frag51,1,cc3bdf544cfc09bd9cc788f7f022ba1af9daf701
DeepVoice,DEEPVOICE_FAKE_biden-to-taylor_frag52,DEEPVOICE_FAKE_biden-to-taylor_frag52,1,cc3bdf544cfc09bd9cc788f7f022ba1af9daf701
DeepVoice,DEEPVOICE_FAKE_biden-to-taylor_frag53,DEEPVOICE_FAKE_biden-to-taylor_frag53,1,cc3bdf544cfc09bd9cc788f7f022ba1af9daf701
DeepVoice,DEEPVOICE_FAKE_biden-to-taylor_frag54,DEEPVOICE_FAKE_biden-to-taylor_frag54,1,cc3bdf544cfc09bd9cc788f7f022ba1af9daf701
DeepVoice,DEEPVOICE_FAKE_biden-to-taylor_frag55,DEEPVOICE_FAKE_biden-to-taylor_frag55,1,cc3bdf544cfc09bd9cc788f7f022ba1af9daf701
DeepVoice,DEEPVOICE_FAKE_biden-to-taylor_frag56,DEEPVOICE_FAKE_biden-to-taylor_frag56,1,cc3bdf544cfc09bd9cc788f7f022ba1af9daf701
DeepVoice,DEEPVOICE_FAKE_biden-to-taylor_frag57,DEEPVOICE_FAKE_biden-to-taylor_frag57,1,cc3bdf544cfc09bd9cc788f7f022ba1af9daf701
DeepVoice,DEEPVOICE_FAKE_biden-to-taylor_frag58,DEEPVOICE_FAKE_biden-to-taylor_frag58,1,cc3bdf544cfc09bd9cc788f7f022ba1af9daf701
DeepVoice,DEEPVOICE_FAKE_biden-to-taylor_frag59,DEEPVOICE_FAKE_biden-to-taylor_frag59,1,cc3bdf544cfc09bd9cc788f7f022ba1af9daf701
DeepVoice,DEEPVOICE_FAKE_biden-to-taylor_frag6,DEEPVOICE_FAKE_biden-to-taylor_frag6,1,cc3bdf544cfc09bd9cc788f7f022ba1af9daf701
DeepVoice,DEEPVOICE_FAKE_biden-to-taylor_frag60,DEEPVOICE_FAKE_biden-to-taylor_frag60,1,cc3bdf544cfc09bd9cc788f7f022ba1af9daf701
DeepVoice,DEEPVOICE_FAKE_biden-to-taylor_frag61,DEEPVOICE_FAKE_biden-to-taylor_frag61,1,cc3bdf544cfc09bd9cc788f7f022ba1af9daf701
DeepVoice,DEEPVOICE_FAKE_biden-to-taylor_frag62,DEEPVOICE_FAKE_biden-to-taylor_frag62,1,cc3bdf544cfc09bd9cc788f7f022ba1af9daf701
DeepVoice,DEEPVOICE_FAKE_biden-to-taylor_frag63,DEEPVOICE_FAKE_biden-to-taylor_frag63,1,cc3bdf544cfc09bd9cc788f7f022ba1af9daf701
DeepVoice,DEEPVOICE_FAKE_biden-to-taylor_frag64,DEEPVOICE_FAKE_biden-to-taylor_frag64,1,cc3bdf544cfc09bd9cc788f7f022ba1af9daf701
DeepVoice,DEEPVOICE_FAKE_biden-to-taylor_frag65,DEEPVOICE_FAKE_biden-to-taylor_frag65,1,cc3bdf544cfc09bd9cc788f7f022ba1af9daf701
DeepVoice,DEEPVOICE_FAKE_biden-to-taylor_frag66,DEEPVOICE_FAKE_biden-to-taylor_frag66,1,cc3bdf544cfc09bd9cc788f7f022ba1af9daf701
DeepVoice,DEEPVOICE_FAKE_biden-to-taylor_frag67,DEEPVOICE_FAKE_biden-to-taylor_frag67,1,cc3bdf544cfc09bd9cc788f7f022ba1af9daf701
DeepVoice,DEEPVOICE_FAKE_biden-to-taylor_frag68,DEEPVOICE_FAKE_biden-to-taylor_frag68,1,cc3bdf544cfc09bd9cc788f7f022ba1af9daf701
DeepVoice,DEEPVOICE_FAKE_biden-to-taylor_frag69,DEEPVOICE_FAKE_biden-to-taylor_frag69,1,cc3bdf544cfc09bd9cc788f7f022ba1af9daf701
DeepVoice,DEEPVOICE_FAKE_biden-to-taylor_frag7,DEEPVOICE_FAKE_biden-to-taylor_frag7,1,cc3bdf544cfc09bd9cc788f7f022ba1af9daf701
DeepVoice,DEEPVOICE_FAKE_biden-to-taylor_frag70,DEEPVOICE_FAKE_biden-to-taylor_frag70,1,cc3bdf544cfc09bd9cc788f7f022ba1af9daf701
DeepVoice,DEEPVOICE_FAKE_biden-to-taylor_frag71,DEEPVOICE_FAKE_biden-to-taylor_frag71,1,cc3bdf544cfc09bd9cc788f7f022ba1af9daf701
DeepVoice,DEEPVOICE_FAKE_biden-to-taylor_frag72,DEEPVOICE_FAKE_biden-to-taylor_frag72,1,cc3bdf544cfc09bd9cc788f7f022ba1af9daf701
DeepVoice,DEEPVOICE_FAKE_biden-to-taylor_frag73,DEEPVOICE_FAKE_biden-to-taylor_frag73,1,cc3bdf544cfc09bd9cc788f7f022ba1af9daf701
DeepVoice,DEEPVOICE_FAKE_biden-to-taylor_frag74,DEEPVOICE_FAKE_biden-to-taylor_frag74,1,cc3bdf544cfc09bd9cc788f7f022ba1af9daf701
DeepVoice,DEEPVOICE_FAKE_biden-to-taylor_frag75,DEEPVOICE_FAKE_biden-to-taylor_frag75,1,cc3bdf544cfc09bd9cc788f7f022ba1af9daf701
DeepVoice,DEEPVOICE_FAKE_biden-to-taylor_frag76,DEEPVOICE_FAKE_biden-to-taylor_frag76,1,cc3bdf544cfc09bd9cc788f7f022ba1af9daf701
DeepVoice,DEEPVOICE_FAKE_biden-to-taylor_frag77,DEEPVOICE_FAKE_biden-to-taylor_frag77,1,cc3bdf544cfc09bd9cc788f7f022ba1af9daf701
DeepVoice,DEEPVOICE_FAKE_biden-to-taylor_frag78,DEEPVOICE_FAKE_biden-to-taylor_frag78,1,cc3bdf544cfc09bd9cc788f7f022ba1af9daf701
DeepVoice,DEEPVOICE_FAKE_biden-to-taylor_frag79,DEEPVOICE_FAKE_biden-to-taylor_frag79,1,cc3bdf544cfc09bd9cc788f7f022ba1af9daf701
DeepVoice,DEEPVOICE_FAKE_biden-to-taylor_frag8,DEEPVOICE_FAKE_biden-to-taylor_frag8,1,cc3bdf544cfc09bd9cc788f7f022ba1af9daf701
DeepVoice,DEEPVOICE_FAKE_biden-to-taylor_frag80,DEEPVOICE_FAKE_biden-to-taylor_frag80,1,cc3bdf544cfc09bd9cc788f7f022ba1af9daf701
DeepVoice,DEEPVOICE_FAKE_biden-to-taylor_frag81,DEEPVOICE_FAKE_biden-to-taylor_frag81,1,cc3bdf544cfc09bd9cc788f7f022ba1af9daf701
DeepVoice,DEEPVOICE_FAKE_biden-to-taylor_frag82,DEEPVOICE_FAKE_biden-to-taylor_frag82,1,cc3bdf544cfc09bd9cc788f7f022ba1af9daf701
DeepVoice,DEEPVOICE_FAKE_biden-to-taylor_frag83,DEEPVOICE_FAKE_biden-to-taylor_frag83,1,cc3bdf544cfc09bd9cc788f7f022ba1af9daf701
DeepVoice,DEEPVOICE_FAKE_biden-to-taylor_frag84,DEEPVOICE_FAKE_biden-to-taylor_frag84,1,cc3bdf544cfc09bd9cc788f7f022ba1af9daf701
DeepVoice,DEEPVOICE_FAKE_biden-to-taylor_frag85,DEEPVOICE_FAKE_biden-to-taylor_frag85,1,cc3bdf544cfc09bd9cc788f7f022ba1af9daf701
DeepVoice,DEEPVOICE_FAKE_biden-to-taylor_frag86,DEEPVOICE_FAKE_biden-to-taylor_frag86,1,cc3bdf544cfc09bd9cc788f7f022ba1af9daf701
DeepVoice,DEEPVOICE_FAKE_biden-to-taylor_frag87,DEEPVOICE_FAKE_biden-to-taylor_frag87,1,cc3bdf544cfc09bd9cc788f7f022ba1af9daf701
DeepVoice,DEEPVOICE_FAKE_biden-to-taylor_frag88,DEEPVOICE_FAKE_biden-to-taylor_frag88,1,cc3bdf544cfc09bd9cc788f7f022ba1af9daf701
DeepVoice,DEEPVOICE_FAKE_biden-to-taylor_frag89,DEEPVOICE_FAKE_biden-to-taylor_frag89,1,cc3bdf544cfc09bd9cc788f7f022ba1af9daf701
DeepVoice,DEEPVOICE_FAKE_biden-to-taylor_frag9,DEEPVOICE_FAKE_biden-to-taylor_frag9,1,cc3bdf544cfc09bd9cc788f7f022ba1af9daf701
DeepVoice,DEEPVOICE_FAKE_biden-to-taylor_frag90,DEEPVOICE_FAKE_biden-to-taylor_frag90,1,cc3bdf544cfc09bd9cc788f7f022ba1af9daf701
DeepVoice,DEEPVOICE_FAKE_biden-to-taylor_frag91,DEEPVOICE_FAKE_biden-to-taylor_frag91,1,cc3bdf544cfc09bd9cc788f7f022ba1af9daf701
DeepVoice,DEEPVOICE_FAKE_biden-to-taylor_frag92,DEEPVOICE_FAKE_biden-to-taylor_frag92,1,cc3bdf544cfc09bd9cc788f7f022ba1af9daf701
DeepVoice,DEEPVOICE_FAKE_biden-to-taylor_frag93,DEEPVOICE_FAKE_biden-to-taylor_frag93,1,cc3bdf544cfc09bd9cc788f7f022ba1af9daf701
DeepVoice,DEEPVOICE_FAKE_biden-to-taylor_frag94,DEEPVOICE_FAKE_biden-to-taylor_frag94,1,cc3bdf544cfc09bd9cc788f7f022ba1af9daf701
DeepVoice,DEEPVOICE_FAKE_biden-to-taylor_frag95,DEEPVOICE_FAKE_biden-to-taylor_frag95,1,cc3bdf544cfc09bd9cc788f7f022ba1af9daf701
DeepVoice,DEEPVOICE_FAKE_biden-to-taylor_frag96,DEEPVOICE_FAKE_biden-to-taylor_frag96,1,cc3bdf544cfc09bd9cc788f7f022ba1af9daf701
DeepVoice,DEEPVOICE_FAKE_biden-to-taylor_frag97,DEEPVOICE_FAKE_biden-to-taylor_frag97,1,cc3bdf544cfc09bd9cc788f7f022ba1af9daf701
DeepVoice,DEEPVOICE_FAKE_biden-to-taylor_frag98,DEEPVOICE_FAKE_biden-to-taylor_frag98,1,cc3bdf544cfc09bd9cc788f7f022ba1af9daf701
DeepVoice,DEEPVOICE_FAKE_biden-to-taylor_frag99,DEEPVOICE_FAKE_biden-to-taylor_frag99,1,cc3bdf544cfc09bd9cc788f7f022ba1af9daf701
DeepVoice,DEEPVOICE_FAKE_linus-to-biden_frag0,DEEPVOICE_FAKE_linus-to-biden_frag0,1,cc3bdf544cfc09bd9cc788f7f022ba1af9daf701
DeepVoice,DEEPVOICE_FAKE_linus-to-biden_frag1,DEEPVOICE_FAKE_linus-to-biden_frag1,1,cc3bdf544cfc09bd9cc788f7f022ba1af9daf701
DeepVoice,DEEPVOICE_FAKE_linus-to-biden_frag10,DEEPVOICE_FAKE_linus-to-biden_frag10,1,cc3bdf544cfc09bd9cc788f7f022ba1af9daf701
DeepVoice,DEEPVOICE_FAKE_linus-to-biden_frag11,DEEPVOICE_FAKE_linus-to-biden_frag11,1,cc3bdf544cfc09bd9cc788f7f022ba1af9daf701
DeepVoice,DEEPVOICE_FAKE_linus-to-biden_frag12,DEEPVOICE_FAKE_linus-to-biden_frag12,1,cc3bdf544cfc09bd9cc788f7f022ba1af9daf701
DeepVoice,DEEPVOICE_FAKE_linus-to-biden_frag13,DEEPVOICE_FAKE_linus-to-biden_frag13,1,cc3bdf544cfc09bd9cc788f7f022ba1af9daf701
DeepVoice,DEEPVOICE_FAKE_linus-to-biden_frag14,DEEPVOICE_FAKE_linus-to-biden_frag14,1,cc3bdf544cfc09bd9cc788f7f022ba1af9daf701
DeepVoice,DEEPVOICE_FAKE_linus-to-biden_frag15,DEEPVOICE_FAKE_linus-to-biden_frag15,1,cc3bdf544cfc09bd9cc788f7f022ba1af9daf701
DeepVoice,DEEPVOICE_FAKE_linus-to-biden_frag16,DEEPVOICE_FAKE_linus-to-biden_frag16,1,cc3bdf544cfc09bd9cc788f7f022ba1af9daf701
DeepVoice,DEEPVOICE_FAKE_linus-to-biden_frag17,DEEPVOICE_FAKE_linus-to-biden_frag17,1,cc3bdf544cfc09bd9cc788f7f022ba1af9daf701
DeepVoice,DEEPVOICE_FAKE_linus-to-biden_frag18,DEEPVOICE_FAKE_linus-to-biden_frag18,1,cc3bdf544cfc09bd9cc788f7f022ba1af9daf701
DeepVoice,DEEPVOICE_FAKE_linus-to-biden_frag19,DEEPVOICE_FAKE_linus-to-biden_frag19,1,cc3bdf544cfc09bd9cc788f7f022ba1af9daf701
DeepVoice,DEEPVOICE_FAKE_linus-to-biden_frag2,DEEPVOICE_FAKE_linus-to-biden_frag2,1,cc3bdf544cfc09bd9cc788f7f022ba1af9daf701
DeepVoice,DEEPVOICE_FAKE_linus-to-biden_frag20,DEEPVOICE_FAKE_linus-to-biden_frag20,1,cc3bdf544cfc09bd9cc788f7f022ba1af9daf701
DeepVoice,DEEPVOICE_FAKE_linus-to-biden_frag21,DEEPVOICE_FAKE_linus-to-biden_frag21,1,cc3bdf544cfc09bd9cc788f7f022ba1af9daf701
DeepVoice,DEEPVOICE_FAKE_linus-to-biden_frag22,DEEPVOICE_FAKE_linus-to-biden_frag22,1,cc3bdf544cfc09bd9cc788f7f022ba1af9daf701
DeepVoice,DEEPVOICE_FAKE_linus-to-biden_frag23,DEEPVOICE_FAKE_linus-to-biden_frag23,1,cc3bdf544cfc09bd9cc788f7f022ba1af9daf701
DeepVoice,DEEPVOICE_FAKE_linus-to-biden_frag24,DEEPVOICE_FAKE_linus-to-biden_frag24,1,cc3bdf544cfc09bd9cc788f7f022ba1af9daf701
DeepVoice,DEEPVOICE_FAKE_linus-to-biden_frag25,DEEPVOICE_FAKE_linus-to-biden_frag25,1,cc3bdf544cfc09bd9cc788f7f022ba1af9daf701
DeepVoice,DEEPVOICE_FAKE_linus-to-biden_frag26,DEEPVOICE_FAKE_linus-to-biden_frag26,1,cc3bdf544cfc09bd9cc788f7f022ba1af9daf701
DeepVoice,DEEPVOICE_FAKE_linus-to-biden_frag27,DEEPVOICE_FAKE_linus-to-biden_frag27,1,cc3bdf544cfc09bd9cc788f7f022ba1af9daf701
DeepVoice,DEEPVOICE_FAKE_linus-to-biden_frag28,DEEPVOICE_FAKE_linus-to-biden_frag28,1,cc3bdf544cfc09bd9cc788f7f022ba1af9daf701
DeepVoice,DEEPVOICE_FAKE_linus-to-biden_frag29,DEEPVOICE_FAKE_linus-to-biden_frag29,1,cc3bdf544cfc09bd9cc788f7f022ba1af9daf701
DeepVoice,DEEPVOICE_FAKE_linus-to-biden_frag3,DEEPVOICE_FAKE_linus-to-biden_frag3,1,cc3bdf544cfc09bd9cc788f7f022ba1af9daf701
DeepVoice,DEEPVOICE_FAKE_linus-to-biden_frag30,DEEPVOICE_FAKE_linus-to-biden_frag30,1,cc3bdf544cfc09bd9cc788f7f022ba1af9daf701
DeepVoice,DEEPVOICE_FAKE_linus-to-biden_frag31,DEEPVOICE_FAKE_linus-to-biden_frag31,1,cc3bdf544cfc09bd9cc788f7f022ba1af9daf701
DeepVoice,DEEPVOICE_FAKE_linus-to-biden_frag32,DEEPVOICE_FAKE_linus-to-biden_frag32,1,cc3bdf544cfc09bd9cc788f7f022ba1af9daf701
DeepVoice,DEEPVOICE_FAKE_linus-to-biden_frag33,DEEPVOICE_FAKE_linus-to-biden_frag33,1,cc3bdf544cfc09bd9cc788f7f022ba1af9daf701
DeepVoice,DEEPVOICE_FAKE_linus-to-biden_frag34,DEEPVOICE_FAKE_linus-to-biden_frag34,1,cc3bdf544cfc09bd9cc788f7f022ba1af9daf701
DeepVoice,DEEPVOICE_FAKE_linus-to-biden_frag35,DEEPVOICE_FAKE_linus-to-biden_frag35,1,cc3bdf544cfc09bd9cc788f7f022ba1af9daf701
DeepVoice,DEEPVOICE_FAKE_linus-to-biden_frag36,DEEPVOICE_FAKE_linus-to-biden_frag36,1,cc3bdf544cfc09bd9cc788f7f022ba1af9daf701
DeepVoice,DEEPVOICE_FAKE_linus-to-biden_frag37,DEEPVOICE_FAKE_linus-to-biden_frag37,1,cc3bdf544cfc09bd9cc788f7f022ba1af9daf701
DeepVoice,DEEPVOICE_FAKE_linus-to-biden_frag38,DEEPVOICE_FAKE_linus-to-biden_frag38,1,cc3bdf544cfc09bd9cc788f7f022ba1af9daf701
DeepVoice,DEEPVOICE_FAKE_linus-to-biden_frag39,DEEPVOICE_FAKE_linus-to-biden_frag39,1,cc3bdf544cfc09bd9cc788f7f022ba1af9daf701
DeepVoice,DEEPVOICE_FAKE_linus-to-biden_frag4,DEEPVOICE_FAKE_linus-to-biden_frag4,1,cc3bdf544cfc09bd9cc788f7f022ba1af9daf701
DeepVoice,DEEPVOICE_FAKE_linus-to-biden_frag40,DEEPVOICE_FAKE_linus-to-biden_frag40,1,cc3bdf544cfc09bd9cc788f7f022ba1af9daf701
DeepVoice,DEEPVOICE_FAKE_linus-to-biden_frag41,DEEPVOICE_FAKE_linus-to-biden_frag41,1,cc3bdf544cfc09bd9cc788f7f022ba1af9daf701
DeepVoice,DEEPVOICE_FAKE_linus-to-biden_frag42,DEEPVOICE_FAKE_linus-to-biden_frag42,1,cc3bdf544cfc09bd9cc788f7f022ba1af9daf701
DeepVoice,DEEPVOICE_FAKE_linus-to-biden_frag43,DEEPVOICE_FAKE_linus-to-biden_frag43,1,cc3bdf544cfc09bd9cc788f7f022ba1af9daf701
DeepVoice,DEEPVOICE_FAKE_linus-to-biden_frag44,DEEPVOICE_FAKE_linus-to-biden_frag44,1,cc3bdf544cfc09bd9cc788f7f022ba1af9daf701
DeepVoice,DEEPVOICE_FAKE_linus-to-biden_frag45,DEEPVOICE_FAKE_linus-to-biden_frag45,1,cc3bdf544cfc09bd9cc788f7f022ba1af9daf701
DeepVoice,DEEPVOICE_FAKE_linus-to-biden_frag46,DEEPVOICE_FAKE_linus-to-biden_frag46,1,cc3bdf544cfc09bd9cc788f7f022ba1af9daf701
DeepVoice,DEEPVOICE_FAKE_linus-to-biden_frag47,DEEPVOICE_FAKE_linus-to-biden_frag47,1,cc3bdf544cfc09bd9cc788f7f022ba1af9daf701
DeepVoice,DEEPVOICE_FAKE_linus-to-biden_frag48,DEEPVOICE_FAKE_linus-to-biden_frag48,1,cc3bdf544cfc09bd9cc788f7f022ba1af9daf701
DeepVoice,DEEPVOICE_FAKE_linus-to-biden_frag49,DEEPVOICE_FAKE_linus-to-biden_frag49,1,cc3bdf544cfc09bd9cc788f7f022ba1af9daf701
DeepVoice,DEEPVOICE_FAKE_linus-to-biden_frag5,DEEPVOICE_FAKE_linus-to-biden_frag5,1,cc3bdf544cfc09bd9cc788f7f022ba1af9daf701
DeepVoice,DEEPVOICE_FAKE_linus-to-biden_frag50,DEEPVOICE_FAKE_linus-to-biden_frag50,1,cc3bdf544cfc09bd9cc788f7f022ba1af9daf701
DeepVoice,DEEPVOICE_FAKE_linus-to-biden_frag51,DEEPVOICE_FAKE_linus-to-biden_frag51,1,cc3bdf544cfc09bd9cc788f7f022ba1af9daf701
DeepVoice,DEEPVOICE_FAKE_linus-to-biden_frag52,DEEPVOICE_FAKE_linus-to-biden_frag52,1,cc3bdf544cfc09bd9cc788f7f022ba1af9daf701
DeepVoice,DEEPVOICE_FAKE_linus-to-biden_frag53,DEEPVOICE_FAKE_linus-to-biden_frag53,1,cc3bdf544cfc09bd9cc788f7f022ba1af9daf701
DeepVoice,DEEPVOICE_FAKE_linus-to-biden_frag54,DEEPVOICE_FAKE_linus-to-biden_frag54,1,cc3bdf544cfc09bd9cc788f7f022ba1af9daf701
DeepVoice,DEEPVOICE_FAKE_linus-to-biden_frag55,DEEPVOICE_FAKE_linus-to-biden_frag55,1,cc3bdf544cfc09bd9cc788f7f022ba1af9daf701
DeepVoice,DEEPVOICE_FAKE_linus-to-biden_frag56,DEEPVOICE_FAKE_linus-to-biden_frag56,1,cc3bdf544cfc09bd9cc788f7f022ba1af9daf701
DeepVoice,DEEPVOICE_FAKE_linus-to-biden_frag57,DEEPVOICE_FAKE_linus-to-biden_frag57,1,cc3bdf544cfc09bd9cc788f7f022ba1af9daf701
DeepVoice,DEEPVOICE_FAKE_linus-to-biden_frag58,DEEPVOICE_FAKE_linus-to-biden_frag58,1,cc3bdf544cfc09bd9cc788f7f022ba1af9daf701
DeepVoice,DEEPVOICE_FAKE_linus-to-biden_frag59,DEEPVOICE_FAKE_linus-to-biden_frag59,1,cc3bdf544cfc09bd9cc788f7f022ba1af9daf701
DeepVoice,DEEPVOICE_FAKE_linus-to-biden_frag6,DEEPVOICE_FAKE_linus-to-biden_frag6,1,cc3bdf544cfc09bd9cc788f7f022ba1af9daf701
DeepVoice,DEEPVOICE_FAKE_linus-to-biden_frag60,DEEPVOICE_FAKE_linus-to-biden_frag60,1,cc3bdf544cfc09bd9cc788f7f022ba1af9daf701
DeepVoice,DEEPVOICE_FAKE_linus-to-biden_frag61,DEEPVOICE_FAKE_linus-to-biden_frag61,1,cc3bdf544cfc09bd9cc788f7f022ba1af9daf701
DeepVoice,DEEPVOICE_FAKE_linus-to-biden_frag62,DEEPVOICE_FAKE_linus-to-biden_frag62,1,cc3bdf544cfc09bd9cc788f7f022ba1af9daf701
DeepVoice,DEEPVOICE_FAKE_linus-to-biden_frag63,DEEPVOICE_FAKE_linus-to-biden_frag63,1,cc3bdf544cfc09bd9cc788f7f022ba1af9daf701
DeepVoice,DEEPVOICE_FAKE_linus-to-biden_frag64,DEEPVOICE_FAKE_linus-to-biden_frag64,1,cc3bdf544cfc09bd9cc788f7f022ba1af9daf701
DeepVoice,DEEPVOICE_FAKE_linus-to-biden_frag65,DEEPVOICE_FAKE_linus-to-biden_frag65,1,cc3bdf544cfc09bd9cc788f7f022ba1af9daf701
DeepVoice,DEEPVOICE_FAKE_linus-to-biden_frag66,DEEPVOICE_FAKE_linus-to-biden_frag66,1,cc3bdf544cfc09bd9cc788f7f022ba1af9daf701
DeepVoice,DEEPVOICE_FAKE_linus-to-biden_frag67,DEEPVOICE_FAKE_linus-to-biden_frag67,1,cc3bdf544cfc09bd9cc788f7f022ba1af9daf701
DeepVoice,DEEPVOICE_FAKE_linus-to-biden_frag68,DEEPVOICE_FAKE_linus-to-biden_frag68,1,cc3bdf544cfc09bd9cc788f7f022ba1af9daf701
DeepVoice,DEEPVOICE_FAKE_linus-to-biden_frag69,DEEPVOICE_FAKE_linus-to-biden_frag69,1,cc3bdf544cfc09bd9cc788f7f022ba1af9daf701
DeepVoice,DEEPVOICE_FAKE_linus-to-biden_frag7,DEEPVOICE_FAKE_linus-to-biden_frag7,1,cc3bdf544cfc09bd9cc788f7f022ba1af9daf701
DeepVoice,DEEPVOICE_FAKE_linus-to-biden_frag70,DEEPVOICE_FAKE_linus-to-biden_frag70,1,cc3bdf544cfc09bd9cc788f7f022ba1af9daf701
DeepVoice,DEEPVOICE_FAKE_linus-to-biden_frag71,DEEPVOICE_FAKE_linus-to-biden_frag71,1,cc3bdf544cfc09bd9cc788f7f022ba1af9daf701
DeepVoice,DEEPVOICE_FAKE_linus-to-biden_frag72,DEEPVOICE_FAKE_linus-to-biden_frag72,1,cc3bdf544cfc09bd9cc788f7f022ba1af9daf701
DeepVoice,DEEPVOICE_FAKE_linus-to-biden_frag73,DEEPVOICE_FAKE_linus-to-biden_frag73,1,cc3bdf544cfc09bd9cc788f7f022ba1af9daf701
DeepVoice,DEEPVOICE_FAKE_linus-to-biden_frag74,DEEPVOICE_FAKE_linus-to-biden_frag74,1,cc3bdf544cfc09bd9cc788f7f022ba1af9daf701
DeepVoice,DEEPVOICE_FAKE_linus-to-biden_frag75,DEEPVOICE_FAKE_linus-to-biden_frag75,1,cc3bdf544cfc09bd9cc788f7f022ba1af9daf701
DeepVoice,DEEPVOICE_FAKE_linus-to-biden_frag76,DEEPVOICE_FAKE_linus-to-biden_frag76,1,cc3bdf544cfc09bd9cc788f7f022ba1af9daf701
DeepVoice,DEEPVOICE_FAKE_linus-to-biden_frag77,DEEPVOICE_FAKE_linus-to-biden_frag77,1,cc3bdf544cfc09bd9cc788f7f022ba1af9daf701
DeepVoice,DEEPVOICE_FAKE_linus-to-biden_frag78,DEEPVOICE_FAKE_linus-to-biden_frag78,1,cc3bdf544cfc09bd9cc788f7f022ba1af9daf701
DeepVoice,DEEPVOICE_FAKE_linus-to-biden_frag79,DEEPVOICE_FAKE_linus-to-biden_frag79,1,cc3bdf544cfc09bd9cc788f7f022ba1af9daf701
DeepVoice,DEEPVOICE_FAKE_linus-to-biden_frag8,DEEPVOICE_FAKE_linus-to-biden_frag8,1,cc3bdf544cfc09bd9cc788f7f022ba1af9daf701
DeepVoice,DEEPVOICE_FAKE_linus-to-biden_frag80,DEEPVOICE_FAKE_linus-to-biden_frag80,1,cc3bdf544cfc09bd9cc788f7f022ba1af9daf701
DeepVoice,DEEPVOICE_FAKE_linus-to-biden_frag81,DEEPVOICE_FAKE_linus-to-biden_frag81,1,cc3bdf544cfc09bd9cc788f7f022ba1af9daf701
DeepVoice,DEEPVOICE_FAKE_linus-to-biden_frag82,DEEPVOICE_FAKE_linus-to-biden_frag82,1,cc3bdf544cfc09bd9cc788f7f022ba1af9daf701
DeepVoice,DEEPVOICE_FAKE_linus-to-biden_frag83,DEEPVOICE_FAKE_linus-to-biden_frag83,1,cc3bdf544cfc09bd9cc788f7f022ba1af9daf701
DeepVoice,DEEPVOICE_FAKE_linus-to-biden_frag84,DEEPVOICE_FAKE_linus-to-biden_frag84,1,cc3bdf544cfc09bd9cc788f7f022ba1af9daf701
DeepVoice,DEEPVOICE_FAKE_linus-to-biden_frag85,DEEPVOICE_FAKE_linus-to-biden_frag85,1,cc3bdf544cfc09bd9cc788f7f022ba1af9daf701
DeepVoice,DEEPVOICE_FAKE_linus-to-biden_frag86,DEEPVOICE_FAKE_linus-to-biden_frag86,1,cc3bdf544cfc09bd9cc788f7f022ba1af9daf701
DeepVoice,DEEPVOICE_FAKE_linus-to-biden_frag87,DEEPVOICE_FAKE_linus-to-biden_frag87,1,cc3bdf544cfc09bd9cc788f7f022ba1af9daf701
DeepVoice,DEEPVOICE_FAKE_linus-to-biden_frag88,DEEPVOICE_FAKE_linus-to-biden_frag88,1,cc3bdf544cfc09bd9cc788f7f022ba1af9daf701
DeepVoice,DEEPVOICE_FAKE_linus-to-biden_frag89,DEEPVOICE_FAKE_linus-to-biden_frag89,1,cc3bdf544cfc09bd9cc788f7f022ba1af9daf701
DeepVoice,DEEPVOICE_FAKE_linus-to-biden_frag9,DEEPVOICE_FAKE_linus-to-biden_frag9,1,cc3bdf544cfc09bd9cc788f7f022ba1af9daf701
DeepVoice,DEEPVOICE_FAKE_linus-to-biden_frag90,DEEPVOICE_FAKE_linus-to-biden_frag90,1,cc3bdf544cfc09bd9cc788f7f022ba1af9daf701
DeepVoice,DEEPVOICE_FAKE_linus-to-biden_frag91,DEEPVOICE_FAKE_linus-to-biden_frag91,1,cc3bdf544cfc09bd9cc788f7f022ba1af9daf701
DeepVoice,DEEPVOICE_FAKE_linus-to-biden_frag92,DEEPVOICE_FAKE_linus-to-biden_frag92,1,cc3bdf544cfc09bd9cc788f7f022ba1af9daf701
DeepVoice,DEEPVOICE_FAKE_linus-to-biden_frag93,DEEPVOICE_FAKE_linus-to-biden_frag93,1,cc3bdf544cfc09bd9cc788f7f022ba1af9daf701
DeepVoice,DEEPVOICE_FAKE_linus-to-biden_frag94,DEEPVOICE_FAKE_linus-to-biden_frag94,1,cc3bdf544cfc09bd9cc788f7f022ba1af9daf701
DeepVoice,DEEPVOICE_FAKE_linus-to-margot_frag0,DEEPVOICE_FAKE_linus-to-margot_frag0,1,cc3bdf544cfc09bd9cc788f7f022ba1af9daf701
DeepVoice,DEEPVOICE_FAKE_linus-to-margot_frag1,DEEPVOICE_FAKE_linus-to-margot_frag1,1,cc3bdf544cfc09bd9cc788f7f022ba1af9daf701
DeepVoice,DEEPVOICE_FAKE_linus-to-margot_frag10,DEEPVOICE_FAKE_linus-to-margot_frag10,1,cc3bdf544cfc09bd9cc788f7f022ba1af9daf701
DeepVoice,DEEPVOICE_FAKE_linus-to-margot_frag11,DEEPVOICE_FAKE_linus-to-margot_frag11,1,cc3bdf544cfc09bd9cc788f7f022ba1af9daf701
DeepVoice,DEEPVOICE_FAKE_linus-to-margot_frag12,DEEPVOICE_FAKE_linus-to-margot_frag12,1,cc3bdf544cfc09bd9cc788f7f022ba1af9daf701
DeepVoice,DEEPVOICE_FAKE_linus-to-margot_frag13,DEEPVOICE_FAKE_linus-to-margot_frag13,1,cc3bdf544cfc09bd9cc788f7f022ba1af9daf701
DeepVoice,DEEPVOICE_FAKE_linus-to-margot_frag14,DEEPVOICE_FAKE_linus-to-margot_frag14,1,cc3bdf544cfc09bd9cc788f7f022ba1af9daf701
DeepVoice,DEEPVOICE_FAKE_linus-to-margot_frag15,DEEPVOICE_FAKE_linus-to-margot_frag15,1,cc3bdf544cfc09bd9cc788f7f022ba1af9daf701
DeepVoice,DEEPVOICE_FAKE_linus-to-margot_frag16,DEEPVOICE_FAKE_linus-to-margot_frag16,1,cc3bdf544cfc09bd9cc788f7f022ba1af9daf701
DeepVoice,DEEPVOICE_FAKE_linus-to-margot_frag17,DEEPVOICE_FAKE_linus-to-margot_frag17,1,cc3bdf544cfc09bd9cc788f7f022ba1af9daf701
DeepVoice,DEEPVOICE_FAKE_linus-to-margot_frag18,DEEPVOICE_FAKE_linus-to-margot_frag18,1,cc3bdf544cfc09bd9cc788f7f022ba1af9daf701
DeepVoice,DEEPVOICE_FAKE_linus-to-margot_frag19,DEEPVOICE_FAKE_linus-to-margot_frag19,1,cc3bdf544cfc09bd9cc788f7f022ba1af9daf701
DeepVoice,DEEPVOICE_FAKE_linus-to-margot_frag2,DEEPVOICE_FAKE_linus-to-margot_frag2,1,cc3bdf544cfc09bd9cc788f7f022ba1af9daf701
DeepVoice,DEEPVOICE_FAKE_linus-to-margot_frag20,DEEPVOICE_FAKE_linus-to-margot_frag20,1,cc3bdf544cfc09bd9cc788f7f022ba1af9daf701
DeepVoice,DEEPVOICE_FAKE_linus-to-margot_frag21,DEEPVOICE_FAKE_linus-to-margot_frag21,1,cc3bdf544cfc09bd9cc788f7f022ba1af9daf701
DeepVoice,DEEPVOICE_FAKE_linus-to-margot_frag22,DEEPVOICE_FAKE_linus-to-margot_frag22,1,cc3bdf544cfc09bd9cc788f7f022ba1af9daf701
DeepVoice,DEEPVOICE_FAKE_linus-to-margot_frag23,DEEPVOICE_FAKE_linus-to-margot_frag23,1,cc3bdf544cfc09bd9cc788f7f022ba1af9daf701
DeepVoice,DEEPVOICE_FAKE_linus-to-margot_frag24,DEEPVOICE_FAKE_linus-to-margot_frag24,1,cc3bdf544cfc09bd9cc788f7f022ba1af9daf701
DeepVoice,DEEPVOICE_FAKE_linus-to-margot_frag25,DEEPVOICE_FAKE_linus-to-margot_frag25,1,cc3bdf544cfc09bd9cc788f7f022ba1af9daf701
DeepVoice,DEEPVOICE_FAKE_linus-to-margot_frag26,DEEPVOICE_FAKE_linus-to-margot_frag26,1,cc3bdf544cfc09bd9cc788f7f022ba1af9daf701
DeepVoice,DEEPVOICE_FAKE_linus-to-margot_frag27,DEEPVOICE_FAKE_linus-to-margot_frag27,1,cc3bdf544cfc09bd9cc788f7f022ba1af9daf701
DeepVoice,DEEPVOICE_FAKE_linus-to-margot_frag28,DEEPVOICE_FAKE_linus-to-margot_frag28,1,cc3bdf544cfc09bd9cc788f7f022ba1af9daf701
DeepVoice,DEEPVOICE_FAKE_linus-to-margot_frag29,DEEPVOICE_FAKE_linus-to-margot_frag29,1,cc3bdf544cfc09bd9cc788f7f022ba1af9daf701
DeepVoice,DEEPVOICE_FAKE_linus-to-margot_frag3,DEEPVOICE_FAKE_linus-to-margot_frag3,1,cc3bdf544cfc09bd9cc788f7f022ba1af9daf701
DeepVoice,DEEPVOICE_FAKE_linus-to-margot_frag30,DEEPVOICE_FAKE_linus-to-margot_frag30,1,cc3bdf544cfc09bd9cc788f7f022ba1af9daf701
DeepVoice,DEEPVOICE_FAKE_linus-to-margot_frag31,DEEPVOICE_FAKE_linus-to-margot_frag31,1,cc3bdf544cfc09bd9cc788f7f022ba1af9daf701
DeepVoice,DEEPVOICE_FAKE_linus-to-margot_frag32,DEEPVOICE_FAKE_linus-to-margot_frag32,1,cc3bdf544cfc09bd9cc788f7f022ba1af9daf701
DeepVoice,DEEPVOICE_FAKE_linus-to-margot_frag33,DEEPVOICE_FAKE_linus-to-margot_frag33,1,cc3bdf544cfc09bd9cc788f7f022ba1af9daf701
DeepVoice,DEEPVOICE_FAKE_linus-to-margot_frag34,DEEPVOICE_FAKE_linus-to-margot_frag34,1,cc3bdf544cfc09bd9cc788f7f022ba1af9daf701
DeepVoice,DEEPVOICE_FAKE_linus-to-margot_frag35,DEEPVOICE_FAKE_linus-to-margot_frag35,1,cc3bdf544cfc09bd9cc788f7f022ba1af9daf701
DeepVoice,DEEPVOICE_FAKE_linus-to-margot_frag36,DEEPVOICE_FAKE_linus-to-margot_frag36,1,cc3bdf544cfc09bd9cc788f7f022ba1af9daf701
DeepVoice,DEEPVOICE_FAKE_linus-to-margot_frag37,DEEPVOICE_FAKE_linus-to-margot_frag37,1,cc3bdf544cfc09bd9cc788f7f022ba1af9daf701
DeepVoice,DEEPVOICE_FAKE_linus-to-margot_frag38,DEEPVOICE_FAKE_linus-to-margot_frag38,1,cc3bdf544cfc09bd9cc788f7f022ba1af9daf701
DeepVoice,DEEPVOICE_FAKE_linus-to-margot_frag39,DEEPVOICE_FAKE_linus-to-margot_frag39,1,cc3bdf544cfc09bd9cc788f7f022ba1af9daf701
DeepVoice,DEEPVOICE_FAKE_linus-to-margot_frag4,DEEPVOICE_FAKE_linus-to-margot_frag4,1,cc3bdf544cfc09bd9cc788f7f022ba1af9daf701
DeepVoice,DEEPVOICE_FAKE_linus-to-margot_frag40,DEEPVOICE_FAKE_linus-to-margot_frag40,1,cc3bdf544cfc09bd9cc788f7f022ba1af9daf701
DeepVoice,DEEPVOICE_FAKE_linus-to-margot_frag41,DEEPVOICE_FAKE_linus-to-margot_frag41,1,cc3bdf544cfc09bd9cc788f7f022ba1af9daf701
DeepVoice,DEEPVOICE_FAKE_linus-to-margot_frag42,DEEPVOICE_FAKE_linus-to-margot_frag42,1,cc3bdf544cfc09bd9cc788f7f022ba1af9daf701
DeepVoice,DEEPVOICE_FAKE_linus-to-margot_frag43,DEEPVOICE_FAKE_linus-to-margot_frag43,1,cc3bdf544cfc09bd9cc788f7f022ba1af9daf701
DeepVoice,DEEPVOICE_FAKE_linus-to-margot_frag44,DEEPVOICE_FAKE_linus-to-margot_frag44,1,cc3bdf544cfc09bd9cc788f7f022ba1af9daf701
DeepVoice,DEEPVOICE_FAKE_linus-to-margot_frag45,DEEPVOICE_FAKE_linus-to-margot_frag45,1,cc3bdf544cfc09bd9cc788f7f022ba1af9daf701
DeepVoice,DEEPVOICE_FAKE_linus-to-margot_frag46,DEEPVOICE_FAKE_linus-to-margot_frag46,1,cc3bdf544cfc09bd9cc788f7f022ba1af9daf701
DeepVoice,DEEPVOICE_FAKE_linus-to-margot_frag47,DEEPVOICE_FAKE_linus-to-margot_frag47,1,cc3bdf544cfc09bd9cc788f7f022ba1af9daf701
DeepVoice,DEEPVOICE_FAKE_linus-to-margot_frag48,DEEPVOICE_FAKE_linus-to-margot_frag48,1,cc3bdf544cfc09bd9cc788f7f022ba1af9daf701
DeepVoice,DEEPVOICE_FAKE_linus-to-margot_frag49,DEEPVOICE_FAKE_linus-to-margot_frag49,1,cc3bdf544cfc09bd9cc788f7f022ba1af9daf701
DeepVoice,DEEPVOICE_FAKE_linus-to-margot_frag5,DEEPVOICE_FAKE_linus-to-margot_frag5,1,cc3bdf544cfc09bd9cc788f7f022ba1af9daf701
DeepVoice,DEEPVOICE_FAKE_linus-to-margot_frag50,DEEPVOICE_FAKE_linus-to-margot_frag50,1,cc3bdf544cfc09bd9cc788f7f022ba1af9daf701
DeepVoice,DEEPVOICE_FAKE_linus-to-margot_frag51,DEEPVOICE_FAKE_linus-to-margot_frag51,1,cc3bdf544cfc09bd9cc788f7f022ba1af9daf701
DeepVoice,DEEPVOICE_FAKE_linus-to-margot_frag52,DEEPVOICE_FAKE_linus-to-margot_frag52,1,cc3bdf544cfc09bd9cc788f7f022ba1af9daf701
DeepVoice,DEEPVOICE_FAKE_linus-to-margot_frag53,DEEPVOICE_FAKE_linus-to-margot_frag53,1,cc3bdf544cfc09bd9cc788f7f022ba1af9daf701
DeepVoice,DEEPVOICE_FAKE_linus-to-margot_frag54,DEEPVOICE_FAKE_linus-to-margot_frag54,1,cc3bdf544cfc09bd9cc788f7f022ba1af9daf701
DeepVoice,DEEPVOICE_FAKE_linus-to-margot_frag55,DEEPVOICE_FAKE_linus-to-margot_frag55,1,cc3bdf544cfc09bd9cc788f7f022ba1af9daf701
DeepVoice,DEEPVOICE_FAKE_linus-to-margot_frag56,DEEPVOICE_FAKE_linus-to-margot_frag56,1,cc3bdf544cfc09bd9cc788f7f022ba1af9daf701
DeepVoice,DEEPVOICE_FAKE_linus-to-margot_frag57,DEEPVOICE_FAKE_linus-to-margot_frag57,1,cc3bdf544cfc09bd9cc788f7f022ba1af9daf701
DeepVoice,DEEPVOICE_FAKE_linus-to-margot_frag58,DEEPVOICE_FAKE_linus-to-margot_frag58,1,cc3bdf544cfc09bd9cc788f7f022ba1af9daf701
DeepVoice,DEEPVOICE_FAKE_linus-to-margot_frag59,DEEPVOICE_FAKE_linus-to-margot_frag59,1,cc3bdf544cfc09bd9cc788f7f022ba1af9daf701
DeepVoice,DEEPVOICE_FAKE_linus-to-margot_frag6,DEEPVOICE_FAKE_linus-to-margot_frag6,1,cc3bdf544cfc09bd9cc788f7f022ba1af9daf701
DeepVoice,DEEPVOICE_FAKE_linus-to-margot_frag60,DEEPVOICE_FAKE_linus-to-margot_frag60,1,cc3bdf544cfc09bd9cc788f7f022ba1af9daf701
DeepVoice,DEEPVOICE_FAKE_linus-to-margot_frag61,DEEPVOICE_FAKE_linus-to-margot_frag61,1,cc3bdf544cfc09bd9cc788f7f022ba1af9daf701
DeepVoice,DEEPVOICE_FAKE_linus-to-margot_frag62,DEEPVOICE_FAKE_linus-to-margot_frag62,1,cc3bdf544cfc09bd9cc788f7f022ba1af9daf701
DeepVoice,DEEPVOICE_FAKE_linus-to-margot_frag63,DEEPVOICE_FAKE_linus-to-margot_frag63,1,cc3bdf544cfc09bd9cc788f7f022ba1af9daf701
DeepVoice,DEEPVOICE_FAKE_linus-to-margot_frag64,DEEPVOICE_FAKE_linus-to-margot_frag64,1,cc3bdf544cfc09bd9cc788f7f022ba1af9daf701
DeepVoice,DEEPVOICE_FAKE_linus-to-margot_frag65,DEEPVOICE_FAKE_linus-to-margot_frag65,1,cc3bdf544cfc09bd9cc788f7f022ba1af9daf701
DeepVoice,DEEPVOICE_FAKE_linus-to-margot_frag66,DEEPVOICE_FAKE_linus-to-margot_frag66,1,cc3bdf544cfc09bd9cc788f7f022ba1af9daf701
DeepVoice,DEEPVOICE_FAKE_linus-to-margot_frag67,DEEPVOICE_FAKE_linus-to-margot_frag67,1,cc3bdf544cfc09bd9cc788f7f022ba1af9daf701
DeepVoice,DEEPVOICE_FAKE_linus-to-margot_frag68,DEEPVOICE_FAKE_linus-to-margot_frag68,1,cc3bdf544cfc09bd9cc788f7f022ba1af9daf701
DeepVoice,DEEPVOICE_FAKE_linus-to-margot_frag69,DEEPVOICE_FAKE_linus-to-margot_frag69,1,cc3bdf544cfc09bd9cc788f7f022ba1af9daf701
DeepVoice,DEEPVOICE_FAKE_linus-to-margot_frag7,DEEPVOICE_FAKE_linus-to-margot_frag7,1,cc3bdf544cfc09bd9cc788f7f022ba1af9daf701
DeepVoice,DEEPVOICE_FAKE_linus-to-margot_frag70,DEEPVOICE_FAKE_linus-to-margot_frag70,1,cc3bdf544cfc09bd9cc788f7f022ba1af9daf701
DeepVoice,DEEPVOICE_FAKE_linus-to-margot_frag71,DEEPVOICE_FAKE_linus-to-margot_frag71,1,cc3bdf544cfc09bd9cc788f7f022ba1af9daf701
DeepVoice,DEEPVOICE_FAKE_linus-to-margot_frag72,DEEPVOICE_FAKE_linus-to-margot_frag72,1,cc3bdf544cfc09bd9cc788f7f022ba1af9daf701
DeepVoice,DEEPVOICE_FAKE_linus-to-margot_frag73,DEEPVOICE_FAKE_linus-to-margot_frag73,1,cc3bdf544cfc09bd9cc788f7f022ba1af9daf701
DeepVoice,DEEPVOICE_FAKE_linus-to-margot_frag74,DEEPVOICE_FAKE_linus-to-margot_frag74,1,cc3bdf544cfc09bd9cc788f7f022ba1af9daf701
DeepVoice,DEEPVOICE_FAKE_linus-to-margot_frag75,DEEPVOICE_FAKE_linus-to-margot_frag75,1,cc3bdf544cfc09bd9cc788f7f022ba1af9daf701
DeepVoice,DEEPVOICE_FAKE_linus-to-margot_frag76,DEEPVOICE_FAKE_linus-to-margot_frag76,1,cc3bdf544cfc09bd9cc788f7f022ba1af9daf701
DeepVoice,DEEPVOICE_FAKE_linus-to-margot_frag77,DEEPVOICE_FAKE_linus-to-margot_frag77,1,cc3bdf544cfc09bd9cc788f7f022ba1af9daf701
DeepVoice,DEEPVOICE_FAKE_linus-to-margot_frag78,DEEPVOICE_FAKE_linus-to-margot_frag78,1,cc3bdf544cfc09bd9cc788f7f022ba1af9daf701
DeepVoice,DEEPVOICE_FAKE_linus-to-margot_frag79,DEEPVOICE_FAKE_linus-to-margot_frag79,1,cc3bdf544cfc09bd9cc788f7f022ba1af9daf701
DeepVoice,DEEPVOICE_FAKE_linus-to-margot_frag8,DEEPVOICE_FAKE_linus-to-margot_frag8,1,cc3bdf544cfc09bd9cc788f7f022ba1af9daf701
DeepVoice,DEEPVOICE_FAKE_linus-to-margot_frag80,DEEPVOICE_FAKE_linus-to-margot_frag80,1,cc3bdf544cfc09bd9cc788f7f022ba1af9daf701
DeepVoice,DEEPVOICE_FAKE_linus-to-margot_frag81,DEEPVOICE_FAKE_linus-to-margot_frag81,1,cc3bdf544cfc09bd9cc788f7f022ba1af9daf701
DeepVoice,DEEPVOICE_FAKE_linus-to-margot_frag82,DEEPVOICE_FAKE_linus-to-margot_frag82,1,cc3bdf544cfc09bd9cc788f7f022ba1af9daf701
DeepVoice,DEEPVOICE_FAKE_linus-to-margot_frag83,DEEPVOICE_FAKE_linus-to-margot_frag83,1,cc3bdf544cfc09bd9cc788f7f022ba1af9daf701
DeepVoice,DEEPVOICE_FAKE_linus-to-margot_frag84,DEEPVOICE_FAKE_linus-to-margot_frag84,1,cc3bdf544cfc09bd9cc788f7f022ba1af9daf701
DeepVoice,DEEPVOICE_FAKE_linus-to-margot_frag85,DEEPVOICE_FAKE_linus-to-margot_frag85,1,cc3bdf544cfc09bd9cc788f7f022ba1af9daf701
DeepVoice,DEEPVOICE_FAKE_linus-to-margot_frag86,DEEPVOICE_FAKE_linus-to-margot_frag86,1,cc3bdf544cfc09bd9cc788f7f022ba1af9daf701
DeepVoice,DEEPVOICE_FAKE_linus-to-margot_frag87,DEEPVOICE_FAKE_linus-to-margot_frag87,1,cc3bdf544cfc09bd9cc788f7f022ba1af9daf701
DeepVoice,DEEPVOICE_FAKE_linus-to-margot_frag88,DEEPVOICE_FAKE_linus-to-margot_frag88,1,cc3bdf544cfc09bd9cc788f7f022ba1af9daf701
DeepVoice,DEEPVOICE_FAKE_linus-to-margot_frag89,DEEPVOICE_FAKE_linus-to-margot_frag89,1,cc3bdf544cfc09bd9cc788f7f022ba1af9daf701
DeepVoice,DEEPVOICE_FAKE_linus-to-margot_frag9,DEEPVOICE_FAKE_linus-to-margot_frag9,1,cc3bdf544cfc09bd9cc788f7f022ba1af9daf701
DeepVoice,DEEPVOICE_FAKE_linus-to-margot_frag90,DEEPVOICE_FAKE_linus-to-margot_frag90,1,cc3bdf544cfc09bd9cc788f7f022ba1af9daf701
DeepVoice,DEEPVOICE_FAKE_linus-to-margot_frag91,DEEPVOICE_FAKE_linus-to-margot_frag91,1,cc3bdf544cfc09bd9cc788f7f022ba1af9daf701
DeepVoice,DEEPVOICE_FAKE_linus-to-margot_frag92,DEEPVOICE_FAKE_linus-to-margot_frag92,1,cc3bdf544cfc09bd9cc788f7f022ba1af9daf701
DeepVoice,DEEPVOICE_FAKE_linus-to-margot_frag93,DEEPVOICE_FAKE_linus-to-margot_frag93,1,cc3bdf544cfc09bd9cc788f7f022ba1af9daf701
DeepVoice,DEEPVOICE_FAKE_linus-to-margot_frag94,DEEPVOICE_FAKE_linus-to-margot_frag94,1,cc3bdf544cfc09bd9cc788f7f022ba1af9daf701
DeepVoice,DEEPVOICE_FAKE_linus-to-margot_frag95,DEEPVOICE_FAKE_linus-to-margot_frag95,1,cc3bdf544cfc09bd9cc788f7f022ba1af9daf701
DeepVoice,DEEPVOICE_FAKE_linus-to-musk_frag0,DEEPVOICE_FAKE_linus-to-musk_frag0,1,cc3bdf544cfc09bd9cc788f7f022ba1af9daf701
DeepVoice,DEEPVOICE_FAKE_linus-to-musk_frag1,DEEPVOICE_FAKE_linus-to-musk_frag1,1,cc3bdf544cfc09bd9cc788f7f022ba1af9daf701
DeepVoice,DEEPVOICE_FAKE_linus-to-musk_frag10,DEEPVOICE_FAKE_linus-to-musk_frag10,1,cc3bdf544cfc09bd9cc788f7f022ba1af9daf701
DeepVoice,DEEPVOICE_FAKE_linus-to-musk_frag11,DEEPVOICE_FAKE_linus-to-musk_frag11,1,cc3bdf544cfc09bd9cc788f7f022ba1af9daf701
DeepVoice,DEEPVOICE_FAKE_linus-to-musk_frag12,DEEPVOICE_FAKE_linus-to-musk_frag12,1,cc3bdf544cfc09bd9cc788f7f022ba1af9daf701
DeepVoice,DEEPVOICE_FAKE_linus-to-musk_frag13,DEEPVOICE_FAKE_linus-to-musk_frag13,1,cc3bdf544cfc09bd9cc788f7f022ba1af9daf701
DeepVoice,DEEPVOICE_FAKE_linus-to-musk_frag14,DEEPVOICE_FAKE_linus-to-musk_frag14,1,cc3bdf544cfc09bd9cc788f7f022ba1af9daf701
DeepVoice,DEEPVOICE_FAKE_linus-to-musk_frag15,DEEPVOICE_FAKE_linus-to-musk_frag15,1,cc3bdf544cfc09bd9cc788f7f022ba1af9daf701
DeepVoice,DEEPVOICE_FAKE_linus-to-musk_frag16,DEEPVOICE_FAKE_linus-to-musk_frag16,1,cc3bdf544cfc09bd9cc788f7f022ba1af9daf701
DeepVoice,DEEPVOICE_FAKE_linus-to-musk_frag17,DEEPVOICE_FAKE_linus-to-musk_frag17,1,cc3bdf544cfc09bd9cc788f7f022ba1af9daf701
DeepVoice,DEEPVOICE_FAKE_linus-to-musk_frag18,DEEPVOICE_FAKE_linus-to-musk_frag18,1,cc3bdf544cfc09bd9cc788f7f022ba1af9daf701
DeepVoice,DEEPVOICE_FAKE_linus-to-musk_frag19,DEEPVOICE_FAKE_linus-to-musk_frag19,1,cc3bdf544cfc09bd9cc788f7f022ba1af9daf701
DeepVoice,DEEPVOICE_FAKE_linus-to-musk_frag2,DEEPVOICE_FAKE_linus-to-musk_frag2,1,cc3bdf544cfc09bd9cc788f7f022ba1af9daf701
DeepVoice,DEEPVOICE_FAKE_linus-to-musk_frag20,DEEPVOICE_FAKE_linus-to-musk_frag20,1,cc3bdf544cfc09bd9cc788f7f022ba1af9daf701
DeepVoice,DEEPVOICE_FAKE_linus-to-musk_frag21,DEEPVOICE_FAKE_linus-to-musk_frag21,1,cc3bdf544cfc09bd9cc788f7f022ba1af9daf701
DeepVoice,DEEPVOICE_FAKE_linus-to-musk_frag22,DEEPVOICE_FAKE_linus-to-musk_frag22,1,cc3bdf544cfc09bd9cc788f7f022ba1af9daf701
DeepVoice,DEEPVOICE_FAKE_linus-to-musk_frag23,DEEPVOICE_FAKE_linus-to-musk_frag23,1,cc3bdf544cfc09bd9cc788f7f022ba1af9daf701
DeepVoice,DEEPVOICE_FAKE_linus-to-musk_frag24,DEEPVOICE_FAKE_linus-to-musk_frag24,1,cc3bdf544cfc09bd9cc788f7f022ba1af9daf701
DeepVoice,DEEPVOICE_FAKE_linus-to-musk_frag25,DEEPVOICE_FAKE_linus-to-musk_frag25,1,cc3bdf544cfc09bd9cc788f7f022ba1af9daf701
DeepVoice,DEEPVOICE_FAKE_linus-to-musk_frag26,DEEPVOICE_FAKE_linus-to-musk_frag26,1,cc3bdf544cfc09bd9cc788f7f022ba1af9daf701
DeepVoice,DEEPVOICE_FAKE_linus-to-musk_frag27,DEEPVOICE_FAKE_linus-to-musk_frag27,1,cc3bdf544cfc09bd9cc788f7f022ba1af9daf701
DeepVoice,DEEPVOICE_FAKE_linus-to-musk_frag28,DEEPVOICE_FAKE_linus-to-musk_frag28,1,cc3bdf544cfc09bd9cc788f7f022ba1af9daf701
DeepVoice,DEEPVOICE_FAKE_linus-to-musk_frag29,DEEPVOICE_FAKE_linus-to-musk_frag29,1,cc3bdf544cfc09bd9cc788f7f022ba1af9daf701
DeepVoice,DEEPVOICE_FAKE_linus-to-musk_frag3,DEEPVOICE_FAKE_linus-to-musk_frag3,1,cc3bdf544cfc09bd9cc788f7f022ba1af9daf701
DeepVoice,DEEPVOICE_FAKE_linus-to-musk_frag30,DEEPVOICE_FAKE_linus-to-musk_frag30,1,cc3bdf544cfc09bd9cc788f7f022ba1af9daf701
DeepVoice,DEEPVOICE_FAKE_linus-to-musk_frag31,DEEPVOICE_FAKE_linus-to-musk_frag31,1,cc3bdf544cfc09bd9cc788f7f022ba1af9daf701
DeepVoice,DEEPVOICE_FAKE_linus-to-musk_frag32,DEEPVOICE_FAKE_linus-to-musk_frag32,1,cc3bdf544cfc09bd9cc788f7f022ba1af9daf701
DeepVoice,DEEPVOICE_FAKE_linus-to-musk_frag33,DEEPVOICE_FAKE_linus-to-musk_frag33,1,cc3bdf544cfc09bd9cc788f7f022ba1af9daf701
DeepVoice,DEEPVOICE_FAKE_linus-to-musk_frag34,DEEPVOICE_FAKE_linus-to-musk_frag34,1,cc3bdf544cfc09bd9cc788f7f022ba1af9daf701
DeepVoice,DEEPVOICE_FAKE_linus-to-musk_frag35,DEEPVOICE_FAKE_linus-to-musk_frag35,1,cc3bdf544cfc09bd9cc788f7f022ba1af9daf701
DeepVoice,DEEPVOICE_FAKE_linus-to-musk_frag36,DEEPVOICE_FAKE_linus-to-musk_frag36,1,cc3bdf544cfc09bd9cc788f7f022ba1af9daf701
DeepVoice,DEEPVOICE_FAKE_linus-to-musk_frag37,DEEPVOICE_FAKE_linus-to-musk_frag37,1,cc3bdf544cfc09bd9cc788f7f022ba1af9daf701
DeepVoice,DEEPVOICE_FAKE_linus-to-musk_frag38,DEEPVOICE_FAKE_linus-to-musk_frag38,1,cc3bdf544cfc09bd9cc788f7f022ba1af9daf701
DeepVoice,DEEPVOICE_FAKE_linus-to-musk_frag39,DEEPVOICE_FAKE_linus-to-musk_frag39,1,cc3bdf544cfc09bd9cc788f7f022ba1af9daf701
DeepVoice,DEEPVOICE_FAKE_linus-to-musk_frag4,DEEPVOICE_FAKE_linus-to-musk_frag4,1,cc3bdf544cfc09bd9cc788f7f022ba1af9daf701
DeepVoice,DEEPVOICE_FAKE_linus-to-musk_frag40,DEEPVOICE_FAKE_linus-to-musk_frag40,1,cc3bdf544cfc09bd9cc788f7f022ba1af9daf701
DeepVoice,DEEPVOICE_FAKE_linus-to-musk_frag41,DEEPVOICE_FAKE_linus-to-musk_frag41,1,cc3bdf544cfc09bd9cc788f7f022ba1af9daf701
DeepVoice,DEEPVOICE_FAKE_linus-to-musk_frag42,DEEPVOICE_FAKE_linus-to-musk_frag42,1,cc3bdf544cfc09bd9cc788f7f022ba1af9daf701
DeepVoice,DEEPVOICE_FAKE_linus-to-musk_frag43,DEEPVOICE_FAKE_linus-to-musk_frag43,1,cc3bdf544cfc09bd9cc788f7f022ba1af9daf701
DeepVoice,DEEPVOICE_FAKE_linus-to-musk_frag44,DEEPVOICE_FAKE_linus-to-musk_frag44,1,cc3bdf544cfc09bd9cc788f7f022ba1af9daf701
DeepVoice,DEEPVOICE_FAKE_linus-to-musk_frag45,DEEPVOICE_FAKE_linus-to-musk_frag45,1,cc3bdf544cfc09bd9cc788f7f022ba1af9daf701
DeepVoice,DEEPVOICE_FAKE_linus-to-musk_frag46,DEEPVOICE_FAKE_linus-to-musk_frag46,1,cc3bdf544cfc09bd9cc788f7f022ba1af9daf701
DeepVoice,DEEPVOICE_FAKE_linus-to-musk_frag47,DEEPVOICE_FAKE_linus-to-musk_frag47,1,cc3bdf544cfc09bd9cc788f7f022ba1af9daf701
DeepVoice,DEEPVOICE_FAKE_linus-to-musk_frag48,DEEPVOICE_FAKE_linus-to-musk_frag48,1,cc3bdf544cfc09bd9cc788f7f022ba1af9daf701
DeepVoice,DEEPVOICE_FAKE_linus-to-musk_frag49,DEEPVOICE_FAKE_linus-to-musk_frag49,1,cc3bdf544cfc09bd9cc788f7f022ba1af9daf701
DeepVoice,DEEPVOICE_FAKE_linus-to-musk_frag5,DEEPVOICE_FAKE_linus-to-musk_frag5,1,cc3bdf544cfc09bd9cc788f7f022ba1af9daf701
DeepVoice,DEEPVOICE_FAKE_linus-to-musk_frag50,DEEPVOICE_FAKE_linus-to-musk_frag50,1,cc3bdf544cfc09bd9cc788f7f022ba1af9daf701
DeepVoice,DEEPVOICE_FAKE_linus-to-musk_frag51,DEEPVOICE_FAKE_linus-to-musk_frag51,1,cc3bdf544cfc09bd9cc788f7f022ba1af9daf701
DeepVoice,DEEPVOICE_FAKE_linus-to-musk_frag52,DEEPVOICE_FAKE_linus-to-musk_frag52,1,cc3bdf544cfc09bd9cc788f7f022ba1af9daf701
DeepVoice,DEEPVOICE_FAKE_linus-to-musk_frag53,DEEPVOICE_FAKE_linus-to-musk_frag53,1,cc3bdf544cfc09bd9cc788f7f022ba1af9daf701
DeepVoice,DEEPVOICE_FAKE_linus-to-musk_frag54,DEEPVOICE_FAKE_linus-to-musk_frag54,1,cc3bdf544cfc09bd9cc788f7f022ba1af9daf701
DeepVoice,DEEPVOICE_FAKE_linus-to-musk_frag55,DEEPVOICE_FAKE_linus-to-musk_frag55,1,cc3bdf544cfc09bd9cc788f7f022ba1af9daf701
DeepVoice,DEEPVOICE_FAKE_linus-to-musk_frag56,DEEPVOICE_FAKE_linus-to-musk_frag56,1,cc3bdf544cfc09bd9cc788f7f022ba1af9daf701
DeepVoice,DEEPVOICE_FAKE_linus-to-musk_frag57,DEEPVOICE_FAKE_linus-to-musk_frag57,1,cc3bdf544cfc09bd9cc788f7f022ba1af9daf701
DeepVoice,DEEPVOICE_FAKE_linus-to-musk_frag58,DEEPVOICE_FAKE_linus-to-musk_frag58,1,cc3bdf544cfc09bd9cc788f7f022ba1af9daf701
DeepVoice,DEEPVOICE_FAKE_linus-to-musk_frag59,DEEPVOICE_FAKE_linus-to-musk_frag59,1,cc3bdf544cfc09bd9cc788f7f022ba1af9daf701
DeepVoice,DEEPVOICE_FAKE_linus-to-musk_frag6,DEEPVOICE_FAKE_linus-to-musk_frag6,1,cc3bdf544cfc09bd9cc788f7f022ba1af9daf701
DeepVoice,DEEPVOICE_FAKE_linus-to-musk_frag60,DEEPVOICE_FAKE_linus-to-musk_frag60,1,cc3bdf544cfc09bd9cc788f7f022ba1af9daf701
DeepVoice,DEEPVOICE_FAKE_linus-to-musk_frag61,DEEPVOICE_FAKE_linus-to-musk_frag61,1,cc3bdf544cfc09bd9cc788f7f022ba1af9daf701
DeepVoice,DEEPVOICE_FAKE_linus-to-musk_frag62,DEEPVOICE_FAKE_linus-to-musk_frag62,1,cc3bdf544cfc09bd9cc788f7f022ba1af9daf701
DeepVoice,DEEPVOICE_FAKE_linus-to-musk_frag63,DEEPVOICE_FAKE_linus-to-musk_frag63,1,cc3bdf544cfc09bd9cc788f7f022ba1af9daf701
DeepVoice,DEEPVOICE_FAKE_linus-to-musk_frag64,DEEPVOICE_FAKE_linus-to-musk_frag64,1,cc3bdf544cfc09bd9cc788f7f022ba1af9daf701
DeepVoice,DEEPVOICE_FAKE_linus-to-musk_frag65,DEEPVOICE_FAKE_linus-to-musk_frag65,1,cc3bdf544cfc09bd9cc788f7f022ba1af9daf701
DeepVoice,DEEPVOICE_FAKE_linus-to-musk_frag66,DEEPVOICE_FAKE_linus-to-musk_frag66,1,cc3bdf544cfc09bd9cc788f7f022ba1af9daf701
DeepVoice,DEEPVOICE_FAKE_linus-to-musk_frag67,DEEPVOICE_FAKE_linus-to-musk_frag67,1,cc3bdf544cfc09bd9cc788f7f022ba1af9daf701
DeepVoice,DEEPVOICE_FAKE_linus-to-musk_frag68,DEEPVOICE_FAKE_linus-to-musk_frag68,1,cc3bdf544cfc09bd9cc788f7f022ba1af9daf701
DeepVoice,DEEPVOICE_FAKE_linus-to-musk_frag69,DEEPVOICE_FAKE_linus-to-musk_frag69,1,cc3bdf544cfc09bd9cc788f7f022ba1af9daf701
DeepVoice,DEEPVOICE_FAKE_linus-to-musk_frag7,DEEPVOICE_FAKE_linus-to-musk_frag7,1,cc3bdf544cfc09bd9cc788f7f022ba1af9daf701
DeepVoice,DEEPVOICE_FAKE_linus-to-musk_frag70,DEEPVOICE_FAKE_linus-to-musk_frag70,1,cc3bdf544cfc09bd9cc788f7f022ba1af9daf701
DeepVoice,DEEPVOICE_FAKE_linus-to-musk_frag71,DEEPVOICE_FAKE_linus-to-musk_frag71,1,cc3bdf544cfc09bd9cc788f7f022ba1af9daf701
DeepVoice,DEEPVOICE_FAKE_linus-to-musk_frag72,DEEPVOICE_FAKE_linus-to-musk_frag72,1,cc3bdf544cfc09bd9cc788f7f022ba1af9daf701
DeepVoice,DEEPVOICE_FAKE_linus-to-musk_frag73,DEEPVOICE_FAKE_linus-to-musk_frag73,1,cc3bdf544cfc09bd9cc788f7f022ba1af9daf701
DeepVoice,DEEPVOICE_FAKE_linus-to-musk_frag74,DEEPVOICE_FAKE_linus-to-musk_frag74,1,cc3bdf544cfc09bd9cc788f7f022ba1af9daf701
DeepVoice,DEEPVOICE_FAKE_linus-to-musk_frag75,DEEPVOICE_FAKE_linus-to-musk_frag75,1,cc3bdf544cfc09bd9cc788f7f022ba1af9daf701
DeepVoice,DEEPVOICE_FAKE_linus-to-musk_frag76,DEEPVOICE_FAKE_linus-to-musk_frag76,1,cc3bdf544cfc09bd9cc788f7f022ba1af9daf701
DeepVoice,DEEPVOICE_FAKE_linus-to-musk_frag77,DEEPVOICE_FAKE_linus-to-musk_frag77,1,cc3bdf544cfc09bd9cc788f7f022ba1af9daf701
DeepVoice,DEEPVOICE_FAKE_linus-to-musk_frag78,DEEPVOICE_FAKE_linus-to-musk_frag78,1,cc3bdf544cfc09bd9cc788f7f022ba1af9daf701
DeepVoice,DEEPVOICE_FAKE_linus-to-musk_frag79,DEEPVOICE_FAKE_linus-to-musk_frag79,1,cc3bdf544cfc09bd9cc788f7f022ba1af9daf701
DeepVoice,DEEPVOICE_FAKE_linus-to-musk_frag8,DEEPVOICE_FAKE_linus-to-musk_frag8,1,cc3bdf544cfc09bd9cc788f7f022ba1af9daf701
DeepVoice,DEEPVOICE_FAKE_linus-to-musk_frag80,DEEPVOICE_FAKE_linus-to-musk_frag80,1,cc3bdf544cfc09bd9cc788f7f022ba1af9daf701
DeepVoice,DEEPVOICE_FAKE_linus-to-musk_frag81,DEEPVOICE_FAKE_linus-to-musk_frag81,1,cc3bdf544cfc09bd9cc788f7f022ba1af9daf701
DeepVoice,DEEPVOICE_FAKE_linus-to-musk_frag82,DEEPVOICE_FAKE_linus-to-musk_frag82,1,cc3bdf544cfc09bd9cc788f7f022ba1af9daf701
DeepVoice,DEEPVOICE_FAKE_linus-to-musk_frag83,DEEPVOICE_FAKE_linus-to-musk_frag83,1,cc3bdf544cfc09bd9cc788f7f022ba1af9daf701
DeepVoice,DEEPVOICE_FAKE_linus-to-musk_frag84,DEEPVOICE_FAKE_linus-to-musk_frag84,1,cc3bdf544cfc09bd9cc788f7f022ba1af9daf701
DeepVoice,DEEPVOICE_FAKE_linus-to-musk_frag85,DEEPVOICE_FAKE_linus-to-musk_frag85,1,cc3bdf544cfc09bd9cc788f7f022ba1af9daf701
DeepVoice,DEEPVOICE_FAKE_linus-to-musk_frag86,DEEPVOICE_FAKE_linus-to-musk_frag86,1,cc3bdf544cfc09bd9cc788f7f022ba1af9daf701
DeepVoice,DEEPVOICE_FAKE_linus-to-musk_frag87,DEEPVOICE_FAKE_linus-to-musk_frag87,1,cc3bdf544cfc09bd9cc788f7f022ba1af9daf701
DeepVoice,DEEPVOICE_FAKE_linus-to-musk_frag88,DEEPVOICE_FAKE_linus-to-musk_frag88,1,cc3bdf544cfc09bd9cc788f7f022ba1af9daf701
DeepVoice,DEEPVOICE_FAKE_linus-to-musk_frag89,DEEPVOICE_FAKE_linus-to-musk_frag89,1,cc3bdf544cfc09bd9cc788f7f022ba1af9daf701
DeepVoice,DEEPVOICE_FAKE_linus-to-musk_frag9,DEEPVOICE_FAKE_linus-to-musk_frag9,1,cc3bdf544cfc09bd9cc788f7f022ba1af9daf701
DeepVoice,DEEPVOICE_FAKE_linus-to-musk_frag90,DEEPVOICE_FAKE_linus-to-musk_frag90,1,cc3bdf544cfc09bd9cc788f7f022ba1af9daf701
DeepVoice,DEEPVOICE_FAKE_linus-to-musk_frag91,DEEPVOICE_FAKE_linus-to-musk_frag91,1,cc3bdf544cfc09bd9cc788f7f022ba1af9daf701
DeepVoice,DEEPVOICE_FAKE_linus-to-musk_frag92,DEEPVOICE_FAKE_linus-to-musk_frag92,1,cc3bdf544cfc09bd9cc788f7f022ba1af9daf701
DeepVoice,DEEPVOICE_FAKE_linus-to-musk_frag93,DEEPVOICE_FAKE_linus-to-musk_frag93,1,cc3bdf544cfc09bd9cc788f7f022ba1af9daf701
DeepVoice,DEEPVOICE_FAKE_linus-to-musk_frag94,DEEPVOICE_FAKE_linus-to-musk_frag94,1,cc3bdf544cfc09bd9cc788f7f022ba1af9daf701
DeepVoice,DEEPVOICE_FAKE_linus-to-musk_frag95,DEEPVOICE_FAKE_linus-to-musk_frag95,1,cc3bdf544cfc09bd9cc788f7f022ba1af9daf701
DeepVoice,DEEPVOICE_FAKE_linus-to-obama_frag0,DEEPVOICE_FAKE_linus-to-obama_frag0,1,cc3bdf544cfc09bd9cc788f7f022ba1af9daf701
DeepVoice,DEEPVOICE_FAKE_linus-to-obama_frag1,DEEPVOICE_FAKE_linus-to-obama_frag1,1,cc3bdf544cfc09bd9cc788f7f022ba1af9daf701
DeepVoice,DEEPVOICE_FAKE_linus-to-obama_frag10,DEEPVOICE_FAKE_linus-to-obama_frag10,1,cc3bdf544cfc09bd9cc788f7f022ba1af9daf701
DeepVoice,DEEPVOICE_FAKE_linus-to-obama_frag11,DEEPVOICE_FAKE_linus-to-obama_frag11,1,cc3bdf544cfc09bd9cc788f7f022ba1af9daf701
DeepVoice,DEEPVOICE_FAKE_linus-to-obama_frag12,DEEPVOICE_FAKE_linus-to-obama_frag12,1,cc3bdf544cfc09bd9cc788f7f022ba1af9daf701
DeepVoice,DEEPVOICE_FAKE_linus-to-obama_frag13,DEEPVOICE_FAKE_linus-to-obama_frag13,1,cc3bdf544cfc09bd9cc788f7f022ba1af9daf701
DeepVoice,DEEPVOICE_FAKE_linus-to-obama_frag14,DEEPVOICE_FAKE_linus-to-obama_frag14,1,cc3bdf544cfc09bd9cc788f7f022ba1af9daf701
DeepVoice,DEEPVOICE_FAKE_linus-to-obama_frag15,DEEPVOICE_FAKE_linus-to-obama_frag15,1,cc3bdf544cfc09bd9cc788f7f022ba1af9daf701
DeepVoice,DEEPVOICE_FAKE_linus-to-obama_frag16,DEEPVOICE_FAKE_linus-to-obama_frag16,1,cc3bdf544cfc09bd9cc788f7f022ba1af9daf701
DeepVoice,DEEPVOICE_FAKE_linus-to-obama_frag17,DEEPVOICE_FAKE_linus-to-obama_frag17,1,cc3bdf544cfc09bd9cc788f7f022ba1af9daf701
DeepVoice,DEEPVOICE_FAKE_linus-to-obama_frag18,DEEPVOICE_FAKE_linus-to-obama_frag18,1,cc3bdf544cfc09bd9cc788f7f022ba1af9daf701
DeepVoice,DEEPVOICE_FAKE_linus-to-obama_frag19,DEEPVOICE_FAKE_linus-to-obama_frag19,1,cc3bdf544cfc09bd9cc788f7f022ba1af9daf701
DeepVoice,DEEPVOICE_FAKE_linus-to-obama_frag2,DEEPVOICE_FAKE_linus-to-obama_frag2,1,cc3bdf544cfc09bd9cc788f7f022ba1af9daf701
DeepVoice,DEEPVOICE_FAKE_linus-to-obama_frag20,DEEPVOICE_FAKE_linus-to-obama_frag20,1,cc3bdf544cfc09bd9cc788f7f022ba1af9daf701
DeepVoice,DEEPVOICE_FAKE_linus-to-obama_frag21,DEEPVOICE_FAKE_linus-to-obama_frag21,1,cc3bdf544cfc09bd9cc788f7f022ba1af9daf701
DeepVoice,DEEPVOICE_FAKE_linus-to-obama_frag22,DEEPVOICE_FAKE_linus-to-obama_frag22,1,cc3bdf544cfc09bd9cc788f7f022ba1af9daf701
DeepVoice,DEEPVOICE_FAKE_linus-to-obama_frag23,DEEPVOICE_FAKE_linus-to-obama_frag23,1,cc3bdf544cfc09bd9cc788f7f022ba1af9daf701
DeepVoice,DEEPVOICE_FAKE_linus-to-obama_frag24,DEEPVOICE_FAKE_linus-to-obama_frag24,1,cc3bdf544cfc09bd9cc788f7f022ba1af9daf701
DeepVoice,DEEPVOICE_FAKE_linus-to-obama_frag25,DEEPVOICE_FAKE_linus-to-obama_frag25,1,cc3bdf544cfc09bd9cc788f7f022ba1af9daf701
DeepVoice,DEEPVOICE_FAKE_linus-to-obama_frag26,DEEPVOICE_FAKE_linus-to-obama_frag26,1,cc3bdf544cfc09bd9cc788f7f022ba1af9daf701
DeepVoice,DEEPVOICE_FAKE_linus-to-obama_frag27,DEEPVOICE_FAKE_linus-to-obama_frag27,1,cc3bdf544cfc09bd9cc788f7f022ba1af9daf701
DeepVoice,DEEPVOICE_FAKE_linus-to-obama_frag28,DEEPVOICE_FAKE_linus-to-obama_frag28,1,cc3bdf544cfc09bd9cc788f7f022ba1af9daf701
DeepVoice,DEEPVOICE_FAKE_linus-to-obama_frag29,DEEPVOICE_FAKE_linus-to-obama_frag29,1,cc3bdf544cfc09bd9cc788f7f022ba1af9daf701
DeepVoice,DEEPVOICE_FAKE_linus-to-obama_frag3,DEEPVOICE_FAKE_linus-to-obama_frag3,1,cc3bdf544cfc09bd9cc788f7f022ba1af9daf701
DeepVoice,DEEPVOICE_FAKE_linus-to-obama_frag30,DEEPVOICE_FAKE_linus-to-obama_frag30,1,cc3bdf544cfc09bd9cc788f7f022ba1af9daf701
DeepVoice,DEEPVOICE_FAKE_linus-to-obama_frag31,DEEPVOICE_FAKE_linus-to-obama_frag31,1,cc3bdf544cfc09bd9cc788f7f022ba1af9daf701
DeepVoice,DEEPVOICE_FAKE_linus-to-obama_frag32,DEEPVOICE_FAKE_linus-to-obama_frag32,1,cc3bdf544cfc09bd9cc788f7f022ba1af9daf701
DeepVoice,DEEPVOICE_FAKE_linus-to-obama_frag33,DEEPVOICE_FAKE_linus-to-obama_frag33,1,cc3bdf544cfc09bd9cc788f7f022ba1af9daf701
DeepVoice,DEEPVOICE_FAKE_linus-to-obama_frag34,DEEPVOICE_FAKE_linus-to-obama_frag34,1,cc3bdf544cfc09bd9cc788f7f022ba1af9daf701
DeepVoice,DEEPVOICE_FAKE_linus-to-obama_frag35,DEEPVOICE_FAKE_linus-to-obama_frag35,1,cc3bdf544cfc09bd9cc788f7f022ba1af9daf701
DeepVoice,DEEPVOICE_FAKE_linus-to-obama_frag36,DEEPVOICE_FAKE_linus-to-obama_frag36,1,cc3bdf544cfc09bd9cc788f7f022ba1af9daf701
DeepVoice,DEEPVOICE_FAKE_linus-to-obama_frag37,DEEPVOICE_FAKE_linus-to-obama_frag37,1,cc3bdf544cfc09bd9cc788f7f022ba1af9daf701
DeepVoice,DEEPVOICE_FAKE_linus-to-obama_frag38,DEEPVOICE_FAKE_linus-to-obama_frag38,1,cc3bdf544cfc09bd9cc788f7f022ba1af9daf701
DeepVoice,DEEPVOICE_FAKE_linus-to-obama_frag39,DEEPVOICE_FAKE_linus-to-obama_frag39,1,cc3bdf544cfc09bd9cc788f7f022ba1af9daf701
DeepVoice,DEEPVOICE_FAKE_linus-to-obama_frag4,DEEPVOICE_FAKE_linus-to-obama_frag4,1,cc3bdf544cfc09bd9cc788f7f022ba1af9daf701
DeepVoice,DEEPVOICE_FAKE_linus-to-obama_frag40,DEEPVOICE_FAKE_linus-to-obama_frag40,1,cc3bdf544cfc09bd9cc788f7f022ba1af9daf701
DeepVoice,DEEPVOICE_FAKE_linus-to-obama_frag41,DEEPVOICE_FAKE_linus-to-obama_frag41,1,cc3bdf544cfc09bd9cc788f7f022ba1af9daf701
DeepVoice,DEEPVOICE_FAKE_linus-to-obama_frag42,DEEPVOICE_FAKE_linus-to-obama_frag42,1,cc3bdf544cfc09bd9cc788f7f022ba1af9daf701
DeepVoice,DEEPVOICE_FAKE_linus-to-obama_frag43,DEEPVOICE_FAKE_linus-to-obama_frag43,1,cc3bdf544cfc09bd9cc788f7f022ba1af9daf701
DeepVoice,DEEPVOICE_FAKE_linus-to-obama_frag44,DEEPVOICE_FAKE_linus-to-obama_frag44,1,cc3bdf544cfc09bd9cc788f7f022ba1af9daf701
DeepVoice,DEEPVOICE_FAKE_linus-to-obama_frag45,DEEPVOICE_FAKE_linus-to-obama_frag45,1,cc3bdf544cfc09bd9cc788f7f022ba1af9daf701
DeepVoice,DEEPVOICE_FAKE_linus-to-obama_frag46,DEEPVOICE_FAKE_linus-to-obama_frag46,1,cc3bdf544cfc09bd9cc788f7f022ba1af9daf701
DeepVoice,DEEPVOICE_FAKE_linus-to-obama_frag47,DEEPVOICE_FAKE_linus-to-obama_frag47,1,cc3bdf544cfc09bd9cc788f7f022ba1af9daf701
DeepVoice,DEEPVOICE_FAKE_linus-to-obama_frag48,DEEPVOICE_FAKE_linus-to-obama_frag48,1,cc3bdf544cfc09bd9cc788f7f022ba1af9daf701
DeepVoice,DEEPVOICE_FAKE_linus-to-obama_frag49,DEEPVOICE_FAKE_linus-to-obama_frag49,1,cc3bdf544cfc09bd9cc788f7f022ba1af9daf701
DeepVoice,DEEPVOICE_FAKE_linus-to-obama_frag5,DEEPVOICE_FAKE_linus-to-obama_frag5,1,cc3bdf544cfc09bd9cc788f7f022ba1af9daf701
DeepVoice,DEEPVOICE_FAKE_linus-to-obama_frag50,DEEPVOICE_FAKE_linus-to-obama_frag50,1,cc3bdf544cfc09bd9cc788f7f022ba1af9daf701
DeepVoice,DEEPVOICE_FAKE_linus-to-obama_frag51,DEEPVOICE_FAKE_linus-to-obama_frag51,1,cc3bdf544cfc09bd9cc788f7f022ba1af9daf701
DeepVoice,DEEPVOICE_FAKE_linus-to-obama_frag52,DEEPVOICE_FAKE_linus-to-obama_frag52,1,cc3bdf544cfc09bd9cc788f7f022ba1af9daf701
DeepVoice,DEEPVOICE_FAKE_linus-to-obama_frag53,DEEPVOICE_FAKE_linus-to-obama_frag53,1,cc3bdf544cfc09bd9cc788f7f022ba1af9daf701
DeepVoice,DEEPVOICE_FAKE_linus-to-obama_frag54,DEEPVOICE_FAKE_linus-to-obama_frag54,1,cc3bdf544cfc09bd9cc788f7f022ba1af9daf701
DeepVoice,DEEPVOICE_FAKE_linus-to-obama_frag55,DEEPVOICE_FAKE_linus-to-obama_frag55,1,cc3bdf544cfc09bd9cc788f7f022ba1af9daf701
DeepVoice,DEEPVOICE_FAKE_linus-to-obama_frag56,DEEPVOICE_FAKE_linus-to-obama_frag56,1,cc3bdf544cfc09bd9cc788f7f022ba1af9daf701
DeepVoice,DEEPVOICE_FAKE_linus-to-obama_frag57,DEEPVOICE_FAKE_linus-to-obama_frag57,1,cc3bdf544cfc09bd9cc788f7f022ba1af9daf701
DeepVoice,DEEPVOICE_FAKE_linus-to-obama_frag58,DEEPVOICE_FAKE_linus-to-obama_frag58,1,cc3bdf544cfc09bd9cc788f7f022ba1af9daf701
DeepVoice,DEEPVOICE_FAKE_linus-to-obama_frag59,DEEPVOICE_FAKE_linus-to-obama_frag59,1,cc3bdf544cfc09bd9cc788f7f022ba1af9daf701
DeepVoice,DEEPVOICE_FAKE_linus-to-obama_frag6,DEEPVOICE_FAKE_linus-to-obama_frag6,1,cc3bdf544cfc09bd9cc788f7f022ba1af9daf701
DeepVoice,DEEPVOICE_FAKE_linus-to-obama_frag60,DEEPVOICE_FAKE_linus-to-obama_frag60,1,cc3bdf544cfc09bd9cc788f7f022ba1af9daf701
DeepVoice,DEEPVOICE_FAKE_linus-to-obama_frag61,DEEPVOICE_FAKE_linus-to-obama_frag61,1,cc3bdf544cfc09bd9cc788f7f022ba1af9daf701
DeepVoice,DEEPVOICE_FAKE_linus-to-obama_frag62,DEEPVOICE_FAKE_linus-to-obama_frag62,1,cc3bdf544cfc09bd9cc788f7f022ba1af9daf701
DeepVoice,DEEPVOICE_FAKE_linus-to-obama_frag63,DEEPVOICE_FAKE_linus-to-obama_frag63,1,cc3bdf544cfc09bd9cc788f7f022ba1af9daf701
DeepVoice,DEEPVOICE_FAKE_linus-to-obama_frag64,DEEPVOICE_FAKE_linus-to-obama_frag64,1,cc3bdf544cfc09bd9cc788f7f022ba1af9daf701
DeepVoice,DEEPVOICE_FAKE_linus-to-obama_frag65,DEEPVOICE_FAKE_linus-to-obama_frag65,1,cc3bdf544cfc09bd9cc788f7f022ba1af9daf701
DeepVoice,DEEPVOICE_FAKE_linus-to-obama_frag66,DEEPVOICE_FAKE_linus-to-obama_frag66,1,cc3bdf544cfc09bd9cc788f7f022ba1af9daf701
DeepVoice,DEEPVOICE_FAKE_linus-to-obama_frag67,DEEPVOICE_FAKE_linus-to-obama_frag67,1,cc3bdf544cfc09bd9cc788f7f022ba1af9daf701
DeepVoice,DEEPVOICE_FAKE_linus-to-obama_frag68,DEEPVOICE_FAKE_linus-to-obama_frag68,1,cc3bdf544cfc09bd9cc788f7f022ba1af9daf701
DeepVoice,DEEPVOICE_FAKE_linus-to-obama_frag69,DEEPVOICE_FAKE_linus-to-obama_frag69,1,cc3bdf544cfc09bd9cc788f7f022ba1af9daf701
DeepVoice,DEEPVOICE_FAKE_linus-to-obama_frag7,DEEPVOICE_FAKE_linus-to-obama_frag7,1,cc3bdf544cfc09bd9cc788f7f022ba1af9daf701
DeepVoice,DEEPVOICE_FAKE_linus-to-obama_frag70,DEEPVOICE_FAKE_linus-to-obama_frag70,1,cc3bdf544cfc09bd9cc788f7f022ba1af9daf701
DeepVoice,DEEPVOICE_FAKE_linus-to-obama_frag71,DEEPVOICE_FAKE_linus-to-obama_frag71,1,cc3bdf544cfc09bd9cc788f7f022ba1af9daf701
DeepVoice,DEEPVOICE_FAKE_linus-to-obama_frag72,DEEPVOICE_FAKE_linus-to-obama_frag72,1,cc3bdf544cfc09bd9cc788f7f022ba1af9daf701
DeepVoice,DEEPVOICE_FAKE_linus-to-obama_frag73,DEEPVOICE_FAKE_linus-to-obama_frag73,1,cc3bdf544cfc09bd9cc788f7f022ba1af9daf701
DeepVoice,DEEPVOICE_FAKE_linus-to-obama_frag74,DEEPVOICE_FAKE_linus-to-obama_frag74,1,cc3bdf544cfc09bd9cc788f7f022ba1af9daf701
DeepVoice,DEEPVOICE_FAKE_linus-to-obama_frag75,DEEPVOICE_FAKE_linus-to-obama_frag75,1,cc3bdf544cfc09bd9cc788f7f022ba1af9daf701
DeepVoice,DEEPVOICE_FAKE_linus-to-obama_frag76,DEEPVOICE_FAKE_linus-to-obama_frag76,1,cc3bdf544cfc09bd9cc788f7f022ba1af9daf701
DeepVoice,DEEPVOICE_FAKE_linus-to-obama_frag77,DEEPVOICE_FAKE_linus-to-obama_frag77,1,cc3bdf544cfc09bd9cc788f7f022ba1af9daf701
DeepVoice,DEEPVOICE_FAKE_linus-to-obama_frag78,DEEPVOICE_FAKE_linus-to-obama_frag78,1,cc3bdf544cfc09bd9cc788f7f022ba1af9daf701
DeepVoice,DEEPVOICE_FAKE_linus-to-obama_frag79,DEEPVOICE_FAKE_linus-to-obama_frag79,1,cc3bdf544cfc09bd9cc788f7f022ba1af9daf701
DeepVoice,DEEPVOICE_FAKE_linus-to-obama_frag8,DEEPVOICE_FAKE_linus-to-obama_frag8,1,cc3bdf544cfc09bd9cc788f7f022ba1af9daf701
DeepVoice,DEEPVOICE_FAKE_linus-to-obama_frag80,DEEPVOICE_FAKE_linus-to-obama_frag80,1,cc3bdf544cfc09bd9cc788f7f022ba1af9daf701
DeepVoice,DEEPVOICE_FAKE_linus-to-obama_frag81,DEEPVOICE_FAKE_linus-to-obama_frag81,1,cc3bdf544cfc09bd9cc788f7f022ba1af9daf701
DeepVoice,DEEPVOICE_FAKE_linus-to-obama_frag82,DEEPVOICE_FAKE_linus-to-obama_frag82,1,cc3bdf544cfc09bd9cc788f7f022ba1af9daf701
DeepVoice,DEEPVOICE_FAKE_linus-to-obama_frag83,DEEPVOICE_FAKE_linus-to-obama_frag83,1,cc3bdf544cfc09bd9cc788f7f022ba1af9daf701
DeepVoice,DEEPVOICE_FAKE_linus-to-obama_frag84,DEEPVOICE_FAKE_linus-to-obama_frag84,1,cc3bdf544cfc09bd9cc788f7f022ba1af9daf701
DeepVoice,DEEPVOICE_FAKE_linus-to-obama_frag85,DEEPVOICE_FAKE_linus-to-obama_frag85,1,cc3bdf544cfc09bd9cc788f7f022ba1af9daf701
DeepVoice,DEEPVOICE_FAKE_linus-to-obama_frag86,DEEPVOICE_FAKE_linus-to-obama_frag86,1,cc3bdf544cfc09bd9cc788f7f022ba1af9daf701
DeepVoice,DEEPVOICE_FAKE_linus-to-obama_frag87,DEEPVOICE_FAKE_linus-to-obama_frag87,1,cc3bdf544cfc09bd9cc788f7f022ba1af9daf701
DeepVoice,DEEPVOICE_FAKE_linus-to-obama_frag88,DEEPVOICE_FAKE_linus-to-obama_frag88,1,cc3bdf544cfc09bd9cc788f7f022ba1af9daf701
DeepVoice,DEEPVOICE_FAKE_linus-to-obama_frag89,DEEPVOICE_FAKE_linus-to-obama_frag89,1,cc3bdf544cfc09bd9cc788f7f022ba1af9daf701
DeepVoice,DEEPVOICE_FAKE_linus-to-obama_frag9,DEEPVOICE_FAKE_linus-to-obama_frag9,1,cc3bdf544cfc09bd9cc788f7f022ba1af9daf701
DeepVoice,DEEPVOICE_FAKE_linus-to-obama_frag90,DEEPVOICE_FAKE_linus-to-obama_frag90,1,cc3bdf544cfc09bd9cc788f7f022ba1af9daf701
DeepVoice,DEEPVOICE_FAKE_linus-to-obama_frag91,DEEPVOICE_FAKE_linus-to-obama_frag91,1,cc3bdf544cfc09bd9cc788f7f022ba1af9daf701
DeepVoice,DEEPVOICE_FAKE_linus-to-obama_frag92,DEEPVOICE_FAKE_linus-to-obama_frag92,1,cc3bdf544cfc09bd9cc788f7f022ba1af9daf701
DeepVoice,DEEPVOICE_FAKE_linus-to-obama_frag93,DEEPVOICE_FAKE_linus-to-obama_frag93,1,cc3bdf544cfc09bd9cc788f7f022ba1af9daf701
DeepVoice,DEEPVOICE_FAKE_linus-to-obama_frag94,DEEPVOICE_FAKE_linus-to-obama_frag94,1,cc3bdf544cfc09bd9cc788f7f022ba1af9daf701
DeepVoice,DEEPVOICE_FAKE_linus-to-obama_frag95,DEEPVOICE_FAKE_linus-to-obama_frag95,1,cc3bdf544cfc09bd9cc788f7f022ba1af9daf701
DeepVoice,DEEPVOICE_FAKE_linus-to-ryan_frag0,DEEPVOICE_FAKE_linus-to-ryan_frag0,1,cc3bdf544cfc09bd9cc788f7f022ba1af9daf701
DeepVoice,DEEPVOICE_FAKE_linus-to-ryan_frag1,DEEPVOICE_FAKE_linus-to-ryan_frag1,1,cc3bdf544cfc09bd9cc788f7f022ba1af9daf701
DeepVoice,DEEPVOICE_FAKE_linus-to-ryan_frag10,DEEPVOICE_FAKE_linus-to-ryan_frag10,1,cc3bdf544cfc09bd9cc788f7f022ba1af9daf701
DeepVoice,DEEPVOICE_FAKE_linus-to-ryan_frag11,DEEPVOICE_FAKE_linus-to-ryan_frag11,1,cc3bdf544cfc09bd9cc788f7f022ba1af9daf701
DeepVoice,DEEPVOICE_FAKE_linus-to-ryan_frag12,DEEPVOICE_FAKE_linus-to-ryan_frag12,1,cc3bdf544cfc09bd9cc788f7f022ba1af9daf701
DeepVoice,DEEPVOICE_FAKE_linus-to-ryan_frag13,DEEPVOICE_FAKE_linus-to-ryan_frag13,1,cc3bdf544cfc09bd9cc788f7f022ba1af9daf701
DeepVoice,DEEPVOICE_FAKE_linus-to-ryan_frag14,DEEPVOICE_FAKE_linus-to-ryan_frag14,1,cc3bdf544cfc09bd9cc788f7f022ba1af9daf701
DeepVoice,DEEPVOICE_FAKE_linus-to-ryan_frag15,DEEPVOICE_FAKE_linus-to-ryan_frag15,1,cc3bdf544cfc09bd9cc788f7f022ba1af9daf701
DeepVoice,DEEPVOICE_FAKE_linus-to-ryan_frag16,DEEPVOICE_FAKE_linus-to-ryan_frag16,1,cc3bdf544cfc09bd9cc788f7f022ba1af9daf701
DeepVoice,DEEPVOICE_FAKE_linus-to-ryan_frag17,DEEPVOICE_FAKE_linus-to-ryan_frag17,1,cc3bdf544cfc09bd9cc788f7f022ba1af9daf701
DeepVoice,DEEPVOICE_FAKE_linus-to-ryan_frag18,DEEPVOICE_FAKE_linus-to-ryan_frag18,1,cc3bdf544cfc09bd9cc788f7f022ba1af9daf701
DeepVoice,DEEPVOICE_FAKE_linus-to-ryan_frag19,DEEPVOICE_FAKE_linus-to-ryan_frag19,1,cc3bdf544cfc09bd9cc788f7f022ba1af9daf701
DeepVoice,DEEPVOICE_FAKE_linus-to-ryan_frag2,DEEPVOICE_FAKE_linus-to-ryan_frag2,1,cc3bdf544cfc09bd9cc788f7f022ba1af9daf701
DeepVoice,DEEPVOICE_FAKE_linus-to-ryan_frag20,DEEPVOICE_FAKE_linus-to-ryan_frag20,1,cc3bdf544cfc09bd9cc788f7f022ba1af9daf701
DeepVoice,DEEPVOICE_FAKE_linus-to-ryan_frag21,DEEPVOICE_FAKE_linus-to-ryan_frag21,1,cc3bdf544cfc09bd9cc788f7f022ba1af9daf701
DeepVoice,DEEPVOICE_FAKE_linus-to-ryan_frag22,DEEPVOICE_FAKE_linus-to-ryan_frag22,1,cc3bdf544cfc09bd9cc788f7f022ba1af9daf701
DeepVoice,DEEPVOICE_FAKE_linus-to-ryan_frag23,DEEPVOICE_FAKE_linus-to-ryan_frag23,1,cc3bdf544cfc09bd9cc788f7f022ba1af9daf701
DeepVoice,DEEPVOICE_FAKE_linus-to-ryan_frag24,DEEPVOICE_FAKE_linus-to-ryan_frag24,1,cc3bdf544cfc09bd9cc788f7f022ba1af9daf701
DeepVoice,DEEPVOICE_FAKE_linus-to-ryan_frag25,DEEPVOICE_FAKE_linus-to-ryan_frag25,1,cc3bdf544cfc09bd9cc788f7f022ba1af9daf701
DeepVoice,DEEPVOICE_FAKE_linus-to-ryan_frag26,DEEPVOICE_FAKE_linus-to-ryan_frag26,1,cc3bdf544cfc09bd9cc788f7f022ba1af9daf701
DeepVoice,DEEPVOICE_FAKE_linus-to-ryan_frag27,DEEPVOICE_FAKE_linus-to-ryan_frag27,1,cc3bdf544cfc09bd9cc788f7f022ba1af9daf701
DeepVoice,DEEPVOICE_FAKE_linus-to-ryan_frag28,DEEPVOICE_FAKE_linus-to-ryan_frag28,1,cc3bdf544cfc09bd9cc788f7f022ba1af9daf701
DeepVoice,DEEPVOICE_FAKE_linus-to-ryan_frag29,DEEPVOICE_FAKE_linus-to-ryan_frag29,1,cc3bdf544cfc09bd9cc788f7f022ba1af9daf701
DeepVoice,DEEPVOICE_FAKE_linus-to-ryan_frag3,DEEPVOICE_FAKE_linus-to-ryan_frag3,1,cc3bdf544cfc09bd9cc788f7f022ba1af9daf701
DeepVoice,DEEPVOICE_FAKE_linus-to-ryan_frag30,DEEPVOICE_FAKE_linus-to-ryan_frag30,1,cc3bdf544cfc09bd9cc788f7f022ba1af9daf701
DeepVoice,DEEPVOICE_FAKE_linus-to-ryan_frag31,DEEPVOICE_FAKE_linus-to-ryan_frag31,1,cc3bdf544cfc09bd9cc788f7f022ba1af9daf701
DeepVoice,DEEPVOICE_FAKE_linus-to-ryan_frag32,DEEPVOICE_FAKE_linus-to-ryan_frag32,1,cc3bdf544cfc09bd9cc788f7f022ba1af9daf701
DeepVoice,DEEPVOICE_FAKE_linus-to-ryan_frag33,DEEPVOICE_FAKE_linus-to-ryan_frag33,1,cc3bdf544cfc09bd9cc788f7f022ba1af9daf701
DeepVoice,DEEPVOICE_FAKE_linus-to-ryan_frag34,DEEPVOICE_FAKE_linus-to-ryan_frag34,1,cc3bdf544cfc09bd9cc788f7f022ba1af9daf701
DeepVoice,DEEPVOICE_FAKE_linus-to-ryan_frag35,DEEPVOICE_FAKE_linus-to-ryan_frag35,1,cc3bdf544cfc09bd9cc788f7f022ba1af9daf701
DeepVoice,DEEPVOICE_FAKE_linus-to-ryan_frag36,DEEPVOICE_FAKE_linus-to-ryan_frag36,1,cc3bdf544cfc09bd9cc788f7f022ba1af9daf701
DeepVoice,DEEPVOICE_FAKE_linus-to-ryan_frag37,DEEPVOICE_FAKE_linus-to-ryan_frag37,1,cc3bdf544cfc09bd9cc788f7f022ba1af9daf701
DeepVoice,DEEPVOICE_FAKE_linus-to-ryan_frag38,DEEPVOICE_FAKE_linus-to-ryan_frag38,1,cc3bdf544cfc09bd9cc788f7f022ba1af9daf701
DeepVoice,DEEPVOICE_FAKE_linus-to-ryan_frag39,DEEPVOICE_FAKE_linus-to-ryan_frag39,1,cc3bdf544cfc09bd9cc788f7f022ba1af9daf701
DeepVoice,DEEPVOICE_FAKE_linus-to-ryan_frag4,DEEPVOICE_FAKE_linus-to-ryan_frag4,1,cc3bdf544cfc09bd9cc788f7f022ba1af9daf701
DeepVoice,DEEPVOICE_FAKE_linus-to-ryan_frag40,DEEPVOICE_FAKE_linus-to-ryan_frag40,1,cc3bdf544cfc09bd9cc788f7f022ba1af9daf701
DeepVoice,DEEPVOICE_FAKE_linus-to-ryan_frag41,DEEPVOICE_FAKE_linus-to-ryan_frag41,1,cc3bdf544cfc09bd9cc788f7f022ba1af9daf701
DeepVoice,DEEPVOICE_FAKE_linus-to-ryan_frag42,DEEPVOICE_FAKE_linus-to-ryan_frag42,1,cc3bdf544cfc09bd9cc788f7f022ba1af9daf701
DeepVoice,DEEPVOICE_FAKE_linus-to-ryan_frag43,DEEPVOICE_FAKE_linus-to-ryan_frag43,1,cc3bdf544cfc09bd9cc788f7f022ba1af9daf701
DeepVoice,DEEPVOICE_FAKE_linus-to-ryan_frag44,DEEPVOICE_FAKE_linus-to-ryan_frag44,1,cc3bdf544cfc09bd9cc788f7f022ba1af9daf701
DeepVoice,DEEPVOICE_FAKE_linus-to-ryan_frag45,DEEPVOICE_FAKE_linus-to-ryan_frag45,1,cc3bdf544cfc09bd9cc788f7f022ba1af9daf701
DeepVoice,DEEPVOICE_FAKE_linus-to-ryan_frag46,DEEPVOICE_FAKE_linus-to-ryan_frag46,1,cc3bdf544cfc09bd9cc788f7f022ba1af9daf701
DeepVoice,DEEPVOICE_FAKE_linus-to-ryan_frag47,DEEPVOICE_FAKE_linus-to-ryan_frag47,1,cc3bdf544cfc09bd9cc788f7f022ba1af9daf701
DeepVoice,DEEPVOICE_FAKE_linus-to-ryan_frag48,DEEPVOICE_FAKE_linus-to-ryan_frag48,1,cc3bdf544cfc09bd9cc788f7f022ba1af9daf701
DeepVoice,DEEPVOICE_FAKE_linus-to-ryan_frag49,DEEPVOICE_FAKE_linus-to-ryan_frag49,1,cc3bdf544cfc09bd9cc788f7f022ba1af9daf701
DeepVoice,DEEPVOICE_FAKE_linus-to-ryan_frag5,DEEPVOICE_FAKE_linus-to-ryan_frag5,1,cc3bdf544cfc09bd9cc788f7f022ba1af9daf701
DeepVoice,DEEPVOICE_FAKE_linus-to-ryan_frag50,DEEPVOICE_FAKE_linus-to-ryan_frag50,1,cc3bdf544cfc09bd9cc788f7f022ba1af9daf701
DeepVoice,DEEPVOICE_FAKE_linus-to-ryan_frag51,DEEPVOICE_FAKE_linus-to-ryan_frag51,1,cc3bdf544cfc09bd9cc788f7f022ba1af9daf701
DeepVoice,DEEPVOICE_FAKE_linus-to-ryan_frag52,DEEPVOICE_FAKE_linus-to-ryan_frag52,1,cc3bdf544cfc09bd9cc788f7f022ba1af9daf701
DeepVoice,DEEPVOICE_FAKE_linus-to-ryan_frag53,DEEPVOICE_FAKE_linus-to-ryan_frag53,1,cc3bdf544cfc09bd9cc788f7f022ba1af9daf701
DeepVoice,DEEPVOICE_FAKE_linus-to-ryan_frag54,DEEPVOICE_FAKE_linus-to-ryan_frag54,1,cc3bdf544cfc09bd9cc788f7f022ba1af9daf701
DeepVoice,DEEPVOICE_FAKE_linus-to-ryan_frag55,DEEPVOICE_FAKE_linus-to-ryan_frag55,1,cc3bdf544cfc09bd9cc788f7f022ba1af9daf701
DeepVoice,DEEPVOICE_FAKE_linus-to-ryan_frag56,DEEPVOICE_FAKE_linus-to-ryan_frag56,1,cc3bdf544cfc09bd9cc788f7f022ba1af9daf701
DeepVoice,DEEPVOICE_FAKE_linus-to-ryan_frag57,DEEPVOICE_FAKE_linus-to-ryan_frag57,1,cc3bdf544cfc09bd9cc788f7f022ba1af9daf701
DeepVoice,DEEPVOICE_FAKE_linus-to-ryan_frag58,DEEPVOICE_FAKE_linus-to-ryan_frag58,1,cc3bdf544cfc09bd9cc788f7f022ba1af9daf701
DeepVoice,DEEPVOICE_FAKE_linus-to-ryan_frag59,DEEPVOICE_FAKE_linus-to-ryan_frag59,1,cc3bdf544cfc09bd9cc788f7f022ba1af9daf701
DeepVoice,DEEPVOICE_FAKE_linus-to-ryan_frag6,DEEPVOICE_FAKE_linus-to-ryan_frag6,1,cc3bdf544cfc09bd9cc788f7f022ba1af9daf701
DeepVoice,DEEPVOICE_FAKE_linus-to-ryan_frag60,DEEPVOICE_FAKE_linus-to-ryan_frag60,1,cc3bdf544cfc09bd9cc788f7f022ba1af9daf701
DeepVoice,DEEPVOICE_FAKE_linus-to-ryan_frag61,DEEPVOICE_FAKE_linus-to-ryan_frag61,1,cc3bdf544cfc09bd9cc788f7f022ba1af9daf701
DeepVoice,DEEPVOICE_FAKE_linus-to-ryan_frag62,DEEPVOICE_FAKE_linus-to-ryan_frag62,1,cc3bdf544cfc09bd9cc788f7f022ba1af9daf701
DeepVoice,DEEPVOICE_FAKE_linus-to-ryan_frag63,DEEPVOICE_FAKE_linus-to-ryan_frag63,1,cc3bdf544cfc09bd9cc788f7f022ba1af9daf701
DeepVoice,DEEPVOICE_FAKE_linus-to-ryan_frag64,DEEPVOICE_FAKE_linus-to-ryan_frag64,1,cc3bdf544cfc09bd9cc788f7f022ba1af9daf701
DeepVoice,DEEPVOICE_FAKE_linus-to-ryan_frag65,DEEPVOICE_FAKE_linus-to-ryan_frag65,1,cc3bdf544cfc09bd9cc788f7f022ba1af9daf701
DeepVoice,DEEPVOICE_FAKE_linus-to-ryan_frag66,DEEPVOICE_FAKE_linus-to-ryan_frag66,1,cc3bdf544cfc09bd9cc788f7f022ba1af9daf701
DeepVoice,DEEPVOICE_FAKE_linus-to-ryan_frag67,DEEPVOICE_FAKE_linus-to-ryan_frag67,1,cc3bdf544cfc09bd9cc788f7f022ba1af9daf701
DeepVoice,DEEPVOICE_FAKE_linus-to-ryan_frag68,DEEPVOICE_FAKE_linus-to-ryan_frag68,1,cc3bdf544cfc09bd9cc788f7f022ba1af9daf701
DeepVoice,DEEPVOICE_FAKE_linus-to-ryan_frag69,DEEPVOICE_FAKE_linus-to-ryan_frag69,1,cc3bdf544cfc09bd9cc788f7f022ba1af9daf701
DeepVoice,DEEPVOICE_FAKE_linus-to-ryan_frag7,DEEPVOICE_FAKE_linus-to-ryan_frag7,1,cc3bdf544cfc09bd9cc788f7f022ba1af9daf701
DeepVoice,DEEPVOICE_FAKE_linus-to-ryan_frag70,DEEPVOICE_FAKE_linus-to-ryan_frag70,1,cc3bdf544cfc09bd9cc788f7f022ba1af9daf701
DeepVoice,DEEPVOICE_FAKE_linus-to-ryan_frag71,DEEPVOICE_FAKE_linus-to-ryan_frag71,1,cc3bdf544cfc09bd9cc788f7f022ba1af9daf701
DeepVoice,DEEPVOICE_FAKE_linus-to-ryan_frag72,DEEPVOICE_FAKE_linus-to-ryan_frag72,1,cc3bdf544cfc09bd9cc788f7f022ba1af9daf701
DeepVoice,DEEPVOICE_FAKE_linus-to-ryan_frag73,DEEPVOICE_FAKE_linus-to-ryan_frag73,1,cc3bdf544cfc09bd9cc788f7f022ba1af9daf701
DeepVoice,DEEPVOICE_FAKE_linus-to-ryan_frag74,DEEPVOICE_FAKE_linus-to-ryan_frag74,1,cc3bdf544cfc09bd9cc788f7f022ba1af9daf701
DeepVoice,DEEPVOICE_FAKE_linus-to-ryan_frag75,DEEPVOICE_FAKE_linus-to-ryan_frag75,1,cc3bdf544cfc09bd9cc788f7f022ba1af9daf701
DeepVoice,DEEPVOICE_FAKE_linus-to-ryan_frag76,DEEPVOICE_FAKE_linus-to-ryan_frag76,1,cc3bdf544cfc09bd9cc788f7f022ba1af9daf701
DeepVoice,DEEPVOICE_FAKE_linus-to-ryan_frag77,DEEPVOICE_FAKE_linus-to-ryan_frag77,1,cc3bdf544cfc09bd9cc788f7f022ba1af9daf701
DeepVoice,DEEPVOICE_FAKE_linus-to-ryan_frag78,DEEPVOICE_FAKE_linus-to-ryan_frag78,1,cc3bdf544cfc09bd9cc788f7f022ba1af9daf701
DeepVoice,DEEPVOICE_FAKE_linus-to-ryan_frag79,DEEPVOICE_FAKE_linus-to-ryan_frag79,1,cc3bdf544cfc09bd9cc788f7f022ba1af9daf701
DeepVoice,DEEPVOICE_FAKE_linus-to-ryan_frag8,DEEPVOICE_FAKE_linus-to-ryan_frag8,1,cc3bdf544cfc09bd9cc788f7f022ba1af9daf701
DeepVoice,DEEPVOICE_FAKE_linus-to-ryan_frag80,DEEPVOICE_FAKE_linus-to-ryan_frag80,1,cc3bdf544cfc09bd9cc788f7f022ba1af9daf701
DeepVoice,DEEPVOICE_FAKE_linus-to-ryan_frag81,DEEPVOICE_FAKE_linus-to-ryan_frag81,1,cc3bdf544cfc09bd9cc788f7f022ba1af9daf701
DeepVoice,DEEPVOICE_FAKE_linus-to-ryan_frag82,DEEPVOICE_FAKE_linus-to-ryan_frag82,1,cc3bdf544cfc09bd9cc788f7f022ba1af9daf701
DeepVoice,DEEPVOICE_FAKE_linus-to-ryan_frag83,DEEPVOICE_FAKE_linus-to-ryan_frag83,1,cc3bdf544cfc09bd9cc788f7f022ba1af9daf701
DeepVoice,DEEPVOICE_FAKE_linus-to-ryan_frag84,DEEPVOICE_FAKE_linus-to-ryan_frag84,1,cc3bdf544cfc09bd9cc788f7f022ba1af9daf701
DeepVoice,DEEPVOICE_FAKE_linus-to-ryan_frag85,DEEPVOICE_FAKE_linus-to-ryan_frag85,1,cc3bdf544cfc09bd9cc788f7f022ba1af9daf701
DeepVoice,DEEPVOICE_FAKE_linus-to-ryan_frag86,DEEPVOICE_FAKE_linus-to-ryan_frag86,1,cc3bdf544cfc09bd9cc788f7f022ba1af9daf701
DeepVoice,DEEPVOICE_FAKE_linus-to-ryan_frag87,DEEPVOICE_FAKE_linus-to-ryan_frag87,1,cc3bdf544cfc09bd9cc788f7f022ba1af9daf701
DeepVoice,DEEPVOICE_FAKE_linus-to-ryan_frag88,DEEPVOICE_FAKE_linus-to-ryan_frag88,1,cc3bdf544cfc09bd9cc788f7f022ba1af9daf701
DeepVoice,DEEPVOICE_FAKE_linus-to-ryan_frag89,DEEPVOICE_FAKE_linus-to-ryan_frag89,1,cc3bdf544cfc09bd9cc788f7f022ba1af9daf701
DeepVoice,DEEPVOICE_FAKE_linus-to-ryan_frag9,DEEPVOICE_FAKE_linus-to-ryan_frag9,1,cc3bdf544cfc09bd9cc788f7f022ba1af9daf701
DeepVoice,DEEPVOICE_FAKE_linus-to-ryan_frag90,DEEPVOICE_FAKE_linus-to-ryan_frag90,1,cc3bdf544cfc09bd9cc788f7f022ba1af9daf701
DeepVoice,DEEPVOICE_FAKE_linus-to-ryan_frag91,DEEPVOICE_FAKE_linus-to-ryan_frag91,1,cc3bdf544cfc09bd9cc788f7f022ba1af9daf701
DeepVoice,DEEPVOICE_FAKE_linus-to-ryan_frag92,DEEPVOICE_FAKE_linus-to-ryan_frag92,1,cc3bdf544cfc09bd9cc788f7f022ba1af9daf701
DeepVoice,DEEPVOICE_FAKE_linus-to-ryan_frag93,DEEPVOICE_FAKE_linus-to-ryan_frag93,1,cc3bdf544cfc09bd9cc788f7f022ba1af9daf701
DeepVoice,DEEPVOICE_FAKE_linus-to-ryan_frag94,DEEPVOICE_FAKE_linus-to-ryan_frag94,1,cc3bdf544cfc09bd9cc788f7f022ba1af9daf701
DeepVoice,DEEPVOICE_FAKE_linus-to-ryan_frag95,DEEPVOICE_FAKE_linus-to-ryan_frag95,1,cc3bdf544cfc09bd9cc788f7f022ba1af9daf701
DeepVoice,DEEPVOICE_FAKE_linus-to-ryan_frag96,DEEPVOICE_FAKE_linus-to-ryan_frag96,1,cc3bdf544cfc09bd9cc788f7f022ba1af9daf701
DeepVoice,DEEPVOICE_FAKE_linus-to-taylor_frag0,DEEPVOICE_FAKE_linus-to-taylor_frag0,1,cc3bdf544cfc09bd9cc788f7f022ba1af9daf701
DeepVoice,DEEPVOICE_FAKE_linus-to-taylor_frag1,DEEPVOICE_FAKE_linus-to-taylor_frag1,1,cc3bdf544cfc09bd9cc788f7f022ba1af9daf701
DeepVoice,DEEPVOICE_FAKE_linus-to-taylor_frag10,DEEPVOICE_FAKE_linus-to-taylor_frag10,1,cc3bdf544cfc09bd9cc788f7f022ba1af9daf701
DeepVoice,DEEPVOICE_FAKE_linus-to-taylor_frag11,DEEPVOICE_FAKE_linus-to-taylor_frag11,1,cc3bdf544cfc09bd9cc788f7f022ba1af9daf701
DeepVoice,DEEPVOICE_FAKE_linus-to-taylor_frag12,DEEPVOICE_FAKE_linus-to-taylor_frag12,1,cc3bdf544cfc09bd9cc788f7f022ba1af9daf701
DeepVoice,DEEPVOICE_FAKE_linus-to-taylor_frag13,DEEPVOICE_FAKE_linus-to-taylor_frag13,1,cc3bdf544cfc09bd9cc788f7f022ba1af9daf701
DeepVoice,DEEPVOICE_FAKE_linus-to-taylor_frag14,DEEPVOICE_FAKE_linus-to-taylor_frag14,1,cc3bdf544cfc09bd9cc788f7f022ba1af9daf701
DeepVoice,DEEPVOICE_FAKE_linus-to-taylor_frag15,DEEPVOICE_FAKE_linus-to-taylor_frag15,1,cc3bdf544cfc09bd9cc788f7f022ba1af9daf701
DeepVoice,DEEPVOICE_FAKE_linus-to-taylor_frag16,DEEPVOICE_FAKE_linus-to-taylor_frag16,1,cc3bdf544cfc09bd9cc788f7f022ba1af9daf701
DeepVoice,DEEPVOICE_FAKE_linus-to-taylor_frag17,DEEPVOICE_FAKE_linus-to-taylor_frag17,1,cc3bdf544cfc09bd9cc788f7f022ba1af9daf701
DeepVoice,DEEPVOICE_FAKE_linus-to-taylor_frag18,DEEPVOICE_FAKE_linus-to-taylor_frag18,1,cc3bdf544cfc09bd9cc788f7f022ba1af9daf701
DeepVoice,DEEPVOICE_FAKE_linus-to-taylor_frag19,DEEPVOICE_FAKE_linus-to-taylor_frag19,1,cc3bdf544cfc09bd9cc788f7f022ba1af9daf701
DeepVoice,DEEPVOICE_FAKE_linus-to-taylor_frag2,DEEPVOICE_FAKE_linus-to-taylor_frag2,1,cc3bdf544cfc09bd9cc788f7f022ba1af9daf701
DeepVoice,DEEPVOICE_FAKE_linus-to-taylor_frag20,DEEPVOICE_FAKE_linus-to-taylor_frag20,1,cc3bdf544cfc09bd9cc788f7f022ba1af9daf701
DeepVoice,DEEPVOICE_FAKE_linus-to-taylor_frag21,DEEPVOICE_FAKE_linus-to-taylor_frag21,1,cc3bdf544cfc09bd9cc788f7f022ba1af9daf701
DeepVoice,DEEPVOICE_FAKE_linus-to-taylor_frag22,DEEPVOICE_FAKE_linus-to-taylor_frag22,1,cc3bdf544cfc09bd9cc788f7f022ba1af9daf701
DeepVoice,DEEPVOICE_FAKE_linus-to-taylor_frag23,DEEPVOICE_FAKE_linus-to-taylor_frag23,1,cc3bdf544cfc09bd9cc788f7f022ba1af9daf701
DeepVoice,DEEPVOICE_FAKE_linus-to-taylor_frag24,DEEPVOICE_FAKE_linus-to-taylor_frag24,1,cc3bdf544cfc09bd9cc788f7f022ba1af9daf701
DeepVoice,DEEPVOICE_FAKE_linus-to-taylor_frag25,DEEPVOICE_FAKE_linus-to-taylor_frag25,1,cc3bdf544cfc09bd9cc788f7f022ba1af9daf701
DeepVoice,DEEPVOICE_FAKE_linus-to-taylor_frag26,DEEPVOICE_FAKE_linus-to-taylor_frag26,1,cc3bdf544cfc09bd9cc788f7f022ba1af9daf701
DeepVoice,DEEPVOICE_FAKE_linus-to-taylor_frag27,DEEPVOICE_FAKE_linus-to-taylor_frag27,1,cc3bdf544cfc09bd9cc788f7f022ba1af9daf701
DeepVoice,DEEPVOICE_FAKE_linus-to-taylor_frag28,DEEPVOICE_FAKE_linus-to-taylor_frag28,1,cc3bdf544cfc09bd9cc788f7f022ba1af9daf701
DeepVoice,DEEPVOICE_FAKE_linus-to-taylor_frag29,DEEPVOICE_FAKE_linus-to-taylor_frag29,1,cc3bdf544cfc09bd9cc788f7f022ba1af9daf701
DeepVoice,DEEPVOICE_FAKE_linus-to-taylor_frag3,DEEPVOICE_FAKE_linus-to-taylor_frag3,1,cc3bdf544cfc09bd9cc788f7f022ba1af9daf701
DeepVoice,DEEPVOICE_FAKE_linus-to-taylor_frag30,DEEPVOICE_FAKE_linus-to-taylor_frag30,1,cc3bdf544cfc09bd9cc788f7f022ba1af9daf701
DeepVoice,DEEPVOICE_FAKE_linus-to-taylor_frag31,DEEPVOICE_FAKE_linus-to-taylor_frag31,1,cc3bdf544cfc09bd9cc788f7f022ba1af9daf701
DeepVoice,DEEPVOICE_FAKE_linus-to-taylor_frag32,DEEPVOICE_FAKE_linus-to-taylor_frag32,1,cc3bdf544cfc09bd9cc788f7f022ba1af9daf701
DeepVoice,DEEPVOICE_FAKE_linus-to-taylor_frag33,DEEPVOICE_FAKE_linus-to-taylor_frag33,1,cc3bdf544cfc09bd9cc788f7f022ba1af9daf701
DeepVoice,DEEPVOICE_FAKE_linus-to-taylor_frag34,DEEPVOICE_FAKE_linus-to-taylor_frag34,1,cc3bdf544cfc09bd9cc788f7f022ba1af9daf701
DeepVoice,DEEPVOICE_FAKE_linus-to-taylor_frag35,DEEPVOICE_FAKE_linus-to-taylor_frag35,1,cc3bdf544cfc09bd9cc788f7f022ba1af9daf701
DeepVoice,DEEPVOICE_FAKE_linus-to-taylor_frag36,DEEPVOICE_FAKE_linus-to-taylor_frag36,1,cc3bdf544cfc09bd9cc788f7f022ba1af9daf701
DeepVoice,DEEPVOICE_FAKE_linus-to-taylor_frag37,DEEPVOICE_FAKE_linus-to-taylor_frag37,1,cc3bdf544cfc09bd9cc788f7f022ba1af9daf701
DeepVoice,DEEPVOICE_FAKE_linus-to-taylor_frag38,DEEPVOICE_FAKE_linus-to-taylor_frag38,1,cc3bdf544cfc09bd9cc788f7f022ba1af9daf701
DeepVoice,DEEPVOICE_FAKE_linus-to-taylor_frag39,DEEPVOICE_FAKE_linus-to-taylor_frag39,1,cc3bdf544cfc09bd9cc788f7f022ba1af9daf701
DeepVoice,DEEPVOICE_FAKE_linus-to-taylor_frag4,DEEPVOICE_FAKE_linus-to-taylor_frag4,1,cc3bdf544cfc09bd9cc788f7f022ba1af9daf701
DeepVoice,DEEPVOICE_FAKE_linus-to-taylor_frag40,DEEPVOICE_FAKE_linus-to-taylor_frag40,1,cc3bdf544cfc09bd9cc788f7f022ba1af9daf701
DeepVoice,DEEPVOICE_FAKE_linus-to-taylor_frag41,DEEPVOICE_FAKE_linus-to-taylor_frag41,1,cc3bdf544cfc09bd9cc788f7f022ba1af9daf701
DeepVoice,DEEPVOICE_FAKE_linus-to-taylor_frag42,DEEPVOICE_FAKE_linus-to-taylor_frag42,1,cc3bdf544cfc09bd9cc788f7f022ba1af9daf701
DeepVoice,DEEPVOICE_FAKE_linus-to-taylor_frag43,DEEPVOICE_FAKE_linus-to-taylor_frag43,1,cc3bdf544cfc09bd9cc788f7f022ba1af9daf701
DeepVoice,DEEPVOICE_FAKE_linus-to-taylor_frag44,DEEPVOICE_FAKE_linus-to-taylor_frag44,1,cc3bdf544cfc09bd9cc788f7f022ba1af9daf701
DeepVoice,DEEPVOICE_FAKE_linus-to-taylor_frag45,DEEPVOICE_FAKE_linus-to-taylor_frag45,1,cc3bdf544cfc09bd9cc788f7f022ba1af9daf701
DeepVoice,DEEPVOICE_FAKE_linus-to-taylor_frag46,DEEPVOICE_FAKE_linus-to-taylor_frag46,1,cc3bdf544cfc09bd9cc788f7f022ba1af9daf701
DeepVoice,DEEPVOICE_FAKE_linus-to-taylor_frag47,DEEPVOICE_FAKE_linus-to-taylor_frag47,1,cc3bdf544cfc09bd9cc788f7f022ba1af9daf701
DeepVoice,DEEPVOICE_FAKE_linus-to-taylor_frag48,DEEPVOICE_FAKE_linus-to-taylor_frag48,1,cc3bdf544cfc09bd9cc788f7f022ba1af9daf701
DeepVoice,DEEPVOICE_FAKE_linus-to-taylor_frag49,DEEPVOICE_FAKE_linus-to-taylor_frag49,1,cc3bdf544cfc09bd9cc788f7f022ba1af9daf701
DeepVoice,DEEPVOICE_FAKE_linus-to-taylor_frag5,DEEPVOICE_FAKE_linus-to-taylor_frag5,1,cc3bdf544cfc09bd9cc788f7f022ba1af9daf701
DeepVoice,DEEPVOICE_FAKE_linus-to-taylor_frag50,DEEPVOICE_FAKE_linus-to-taylor_frag50,1,cc3bdf544cfc09bd9cc788f7f022ba1af9daf701
DeepVoice,DEEPVOICE_FAKE_linus-to-taylor_frag51,DEEPVOICE_FAKE_linus-to-taylor_frag51,1,cc3bdf544cfc09bd9cc788f7f022ba1af9daf701
DeepVoice,DEEPVOICE_FAKE_linus-to-taylor_frag52,DEEPVOICE_FAKE_linus-to-taylor_frag52,1,cc3bdf544cfc09bd9cc788f7f022ba1af9daf701
DeepVoice,DEEPVOICE_FAKE_linus-to-taylor_frag53,DEEPVOICE_FAKE_linus-to-taylor_frag53,1,cc3bdf544cfc09bd9cc788f7f022ba1af9daf701
DeepVoice,DEEPVOICE_FAKE_linus-to-taylor_frag54,DEEPVOICE_FAKE_linus-to-taylor_frag54,1,cc3bdf544cfc09bd9cc788f7f022ba1af9daf701
DeepVoice,DEEPVOICE_FAKE_linus-to-taylor_frag55,DEEPVOICE_FAKE_linus-to-taylor_frag55,1,cc3bdf544cfc09bd9cc788f7f022ba1af9daf701
DeepVoice,DEEPVOICE_FAKE_linus-to-taylor_frag56,DEEPVOICE_FAKE_linus-to-taylor_frag56,1,cc3bdf544cfc09bd9cc788f7f022ba1af9daf701
DeepVoice,DEEPVOICE_FAKE_linus-to-taylor_frag57,DEEPVOICE_FAKE_linus-to-taylor_frag57,1,cc3bdf544cfc09bd9cc788f7f022ba1af9daf701
DeepVoice,DEEPVOICE_FAKE_linus-to-taylor_frag58,DEEPVOICE_FAKE_linus-to-taylor_frag58,1,cc3bdf544cfc09bd9cc788f7f022ba1af9daf701
DeepVoice,DEEPVOICE_FAKE_linus-to-taylor_frag59,DEEPVOICE_FAKE_linus-to-taylor_frag59,1,cc3bdf544cfc09bd9cc788f7f022ba1af9daf701
DeepVoice,DEEPVOICE_FAKE_linus-to-taylor_frag6,DEEPVOICE_FAKE_linus-to-taylor_frag6,1,cc3bdf544cfc09bd9cc788f7f022ba1af9daf701
DeepVoice,DEEPVOICE_FAKE_linus-to-taylor_frag60,DEEPVOICE_FAKE_linus-to-taylor_frag60,1,cc3bdf544cfc09bd9cc788f7f022ba1af9daf701
DeepVoice,DEEPVOICE_FAKE_linus-to-taylor_frag61,DEEPVOICE_FAKE_linus-to-taylor_frag61,1,cc3bdf544cfc09bd9cc788f7f022ba1af9daf701
DeepVoice,DEEPVOICE_FAKE_linus-to-taylor_frag62,DEEPVOICE_FAKE_linus-to-taylor_frag62,1,cc3bdf544cfc09bd9cc788f7f022ba1af9daf701
DeepVoice,DEEPVOICE_FAKE_linus-to-taylor_frag63,DEEPVOICE_FAKE_linus-to-taylor_frag63,1,cc3bdf544cfc09bd9cc788f7f022ba1af9daf701
DeepVoice,DEEPVOICE_FAKE_linus-to-taylor_frag64,DEEPVOICE_FAKE_linus-to-taylor_frag64,1,cc3bdf544cfc09bd9cc788f7f022ba1af9daf701
DeepVoice,DEEPVOICE_FAKE_linus-to-taylor_frag65,DEEPVOICE_FAKE_linus-to-taylor_frag65,1,cc3bdf544cfc09bd9cc788f7f022ba1af9daf701
DeepVoice,DEEPVOICE_FAKE_linus-to-taylor_frag66,DEEPVOICE_FAKE_linus-to-taylor_frag66,1,cc3bdf544cfc09bd9cc788f7f022ba1af9daf701
DeepVoice,DEEPVOICE_FAKE_linus-to-taylor_frag67,DEEPVOICE_FAKE_linus-to-taylor_frag67,1,cc3bdf544cfc09bd9cc788f7f022ba1af9daf701
DeepVoice,DEEPVOICE_FAKE_linus-to-taylor_frag68,DEEPVOICE_FAKE_linus-to-taylor_frag68,1,cc3bdf544cfc09bd9cc788f7f022ba1af9daf701
DeepVoice,DEEPVOICE_FAKE_linus-to-taylor_frag69,DEEPVOICE_FAKE_linus-to-taylor_frag69,1,cc3bdf544cfc09bd9cc788f7f022ba1af9daf701
DeepVoice,DEEPVOICE_FAKE_linus-to-taylor_frag7,DEEPVOICE_FAKE_linus-to-taylor_frag7,1,cc3bdf544cfc09bd9cc788f7f022ba1af9daf701
DeepVoice,DEEPVOICE_FAKE_linus-to-taylor_frag70,DEEPVOICE_FAKE_linus-to-taylor_frag70,1,cc3bdf544cfc09bd9cc788f7f022ba1af9daf701
DeepVoice,DEEPVOICE_FAKE_linus-to-taylor_frag71,DEEPVOICE_FAKE_linus-to-taylor_frag71,1,cc3bdf544cfc09bd9cc788f7f022ba1af9daf701
DeepVoice,DEEPVOICE_FAKE_linus-to-taylor_frag72,DEEPVOICE_FAKE_linus-to-taylor_frag72,1,cc3bdf544cfc09bd9cc788f7f022ba1af9daf701
DeepVoice,DEEPVOICE_FAKE_linus-to-taylor_frag73,DEEPVOICE_FAKE_linus-to-taylor_frag73,1,cc3bdf544cfc09bd9cc788f7f022ba1af9daf701
DeepVoice,DEEPVOICE_FAKE_linus-to-taylor_frag74,DEEPVOICE_FAKE_linus-to-taylor_frag74,1,cc3bdf544cfc09bd9cc788f7f022ba1af9daf701
DeepVoice,DEEPVOICE_FAKE_linus-to-taylor_frag75,DEEPVOICE_FAKE_linus-to-taylor_frag75,1,cc3bdf544cfc09bd9cc788f7f022ba1af9daf701
DeepVoice,DEEPVOICE_FAKE_linus-to-taylor_frag76,DEEPVOICE_FAKE_linus-to-taylor_frag76,1,cc3bdf544cfc09bd9cc788f7f022ba1af9daf701
DeepVoice,DEEPVOICE_FAKE_linus-to-taylor_frag77,DEEPVOICE_FAKE_linus-to-taylor_frag77,1,cc3bdf544cfc09bd9cc788f7f022ba1af9daf701
DeepVoice,DEEPVOICE_FAKE_linus-to-taylor_frag78,DEEPVOICE_FAKE_linus-to-taylor_frag78,1,cc3bdf544cfc09bd9cc788f7f022ba1af9daf701
DeepVoice,DEEPVOICE_FAKE_linus-to-taylor_frag79,DEEPVOICE_FAKE_linus-to-taylor_frag79,1,cc3bdf544cfc09bd9cc788f7f022ba1af9daf701
DeepVoice,DEEPVOICE_FAKE_linus-to-taylor_frag8,DEEPVOICE_FAKE_linus-to-taylor_frag8,1,cc3bdf544cfc09bd9cc788f7f022ba1af9daf701
DeepVoice,DEEPVOICE_FAKE_linus-to-taylor_frag80,DEEPVOICE_FAKE_linus-to-taylor_frag80,1,cc3bdf544cfc09bd9cc788f7f022ba1af9daf701
DeepVoice,DEEPVOICE_FAKE_linus-to-taylor_frag81,DEEPVOICE_FAKE_linus-to-taylor_frag81,1,cc3bdf544cfc09bd9cc788f7f022ba1af9daf701
DeepVoice,DEEPVOICE_FAKE_linus-to-taylor_frag82,DEEPVOICE_FAKE_linus-to-taylor_frag82,1,cc3bdf544cfc09bd9cc788f7f022ba1af9daf701
DeepVoice,DEEPVOICE_FAKE_linus-to-taylor_frag83,DEEPVOICE_FAKE_linus-to-taylor_frag83,1,cc3bdf544cfc09bd9cc788f7f022ba1af9daf701
DeepVoice,DEEPVOICE_FAKE_linus-to-taylor_frag84,DEEPVOICE_FAKE_linus-to-taylor_frag84,1,cc3bdf544cfc09bd9cc788f7f022ba1af9daf701
DeepVoice,DEEPVOICE_FAKE_linus-to-taylor_frag85,DEEPVOICE_FAKE_linus-to-taylor_frag85,1,cc3bdf544cfc09bd9cc788f7f022ba1af9daf701
DeepVoice,DEEPVOICE_FAKE_linus-to-taylor_frag86,DEEPVOICE_FAKE_linus-to-taylor_frag86,1,cc3bdf544cfc09bd9cc788f7f022ba1af9daf701
DeepVoice,DEEPVOICE_FAKE_linus-to-taylor_frag87,DEEPVOICE_FAKE_linus-to-taylor_frag87,1,cc3bdf544cfc09bd9cc788f7f022ba1af9daf701
DeepVoice,DEEPVOICE_FAKE_linus-to-taylor_frag88,DEEPVOICE_FAKE_linus-to-taylor_frag88,1,cc3bdf544cfc09bd9cc788f7f022ba1af9daf701
DeepVoice,DEEPVOICE_FAKE_linus-to-taylor_frag89,DEEPVOICE_FAKE_linus-to-taylor_frag89,1,cc3bdf544cfc09bd9cc788f7f022ba1af9daf701
DeepVoice,DEEPVOICE_FAKE_linus-to-taylor_frag9,DEEPVOICE_FAKE_linus-to-taylor_frag9,1,cc3bdf544cfc09bd9cc788f7f022ba1af9daf701
DeepVoice,DEEPVOICE_FAKE_linus-to-taylor_frag90,DEEPVOICE_FAKE_linus-to-taylor_frag90,1,cc3bdf544cfc09bd9cc788f7f022ba1af9daf701
DeepVoice,DEEPVOICE_FAKE_linus-to-taylor_frag91,DEEPVOICE_FAKE_linus-to-taylor_frag91,1,cc3bdf544cfc09bd9cc788f7f022ba1af9daf701
DeepVoice,DEEPVOICE_FAKE_linus-to-taylor_frag92,DEEPVOICE_FAKE_linus-to-taylor_frag92,1,cc3bdf544cfc09bd9cc788f7f022ba1af9daf701
DeepVoice,DEEPVOICE_FAKE_linus-to-taylor_frag93,DEEPVOICE_FAKE_linus-to-taylor_frag93,1,cc3bdf544cfc09bd9cc788f7f022ba1af9daf701
DeepVoice,DEEPVOICE_FAKE_linus-to-taylor_frag94,DEEPVOICE_FAKE_linus-to-taylor_frag94,1,cc3bdf544cfc09bd9cc788f7f022ba1af9daf701
DeepVoice,DEEPVOICE_FAKE_linus-to-trump_frag0,DEEPVOICE_FAKE_linus-to-trump_frag0,1,cc3bdf544cfc09bd9cc788f7f022ba1af9daf701
DeepVoice,DEEPVOICE_FAKE_linus-to-trump_frag1,DEEPVOICE_FAKE_linus-to-trump_frag1,1,cc3bdf544cfc09bd9cc788f7f022ba1af9daf701
DeepVoice,DEEPVOICE_FAKE_linus-to-trump_frag10,DEEPVOICE_FAKE_linus-to-trump_frag10,1,cc3bdf544cfc09bd9cc788f7f022ba1af9daf701
DeepVoice,DEEPVOICE_FAKE_linus-to-trump_frag11,DEEPVOICE_FAKE_linus-to-trump_frag11,1,cc3bdf544cfc09bd9cc788f7f022ba1af9daf701
DeepVoice,DEEPVOICE_FAKE_linus-to-trump_frag12,DEEPVOICE_FAKE_linus-to-trump_frag12,1,cc3bdf544cfc09bd9cc788f7f022ba1af9daf701
DeepVoice,DEEPVOICE_FAKE_linus-to-trump_frag13,DEEPVOICE_FAKE_linus-to-trump_frag13,1,cc3bdf544cfc09bd9cc788f7f022ba1af9daf701
DeepVoice,DEEPVOICE_FAKE_linus-to-trump_frag14,DEEPVOICE_FAKE_linus-to-trump_frag14,1,cc3bdf544cfc09bd9cc788f7f022ba1af9daf701
DeepVoice,DEEPVOICE_FAKE_linus-to-trump_frag15,DEEPVOICE_FAKE_linus-to-trump_frag15,1,cc3bdf544cfc09bd9cc788f7f022ba1af9daf701
DeepVoice,DEEPVOICE_FAKE_linus-to-trump_frag16,DEEPVOICE_FAKE_linus-to-trump_frag16,1,cc3bdf544cfc09bd9cc788f7f022ba1af9daf701
DeepVoice,DEEPVOICE_FAKE_linus-to-trump_frag17,DEEPVOICE_FAKE_linus-to-trump_frag17,1,cc3bdf544cfc09bd9cc788f7f022ba1af9daf701
DeepVoice,DEEPVOICE_FAKE_linus-to-trump_frag18,DEEPVOICE_FAKE_linus-to-trump_frag18,1,cc3bdf544cfc09bd9cc788f7f022ba1af9daf701
DeepVoice,DEEPVOICE_FAKE_linus-to-trump_frag19,DEEPVOICE_FAKE_linus-to-trump_frag19,1,cc3bdf544cfc09bd9cc788f7f022ba1af9daf701
DeepVoice,DEEPVOICE_FAKE_linus-to-trump_frag2,DEEPVOICE_FAKE_linus-to-trump_frag2,1,cc3bdf544cfc09bd9cc788f7f022ba1af9daf701
DeepVoice,DEEPVOICE_FAKE_linus-to-trump_frag20,DEEPVOICE_FAKE_linus-to-trump_frag20,1,cc3bdf544cfc09bd9cc788f7f022ba1af9daf701
DeepVoice,DEEPVOICE_FAKE_linus-to-trump_frag21,DEEPVOICE_FAKE_linus-to-trump_frag21,1,cc3bdf544cfc09bd9cc788f7f022ba1af9daf701
DeepVoice,DEEPVOICE_FAKE_linus-to-trump_frag22,DEEPVOICE_FAKE_linus-to-trump_frag22,1,cc3bdf544cfc09bd9cc788f7f022ba1af9daf701
DeepVoice,DEEPVOICE_FAKE_linus-to-trump_frag23,DEEPVOICE_FAKE_linus-to-trump_frag23,1,cc3bdf544cfc09bd9cc788f7f022ba1af9daf701
DeepVoice,DEEPVOICE_FAKE_linus-to-trump_frag24,DEEPVOICE_FAKE_linus-to-trump_frag24,1,cc3bdf544cfc09bd9cc788f7f022ba1af9daf701
DeepVoice,DEEPVOICE_FAKE_linus-to-trump_frag25,DEEPVOICE_FAKE_linus-to-trump_frag25,1,cc3bdf544cfc09bd9cc788f7f022ba1af9daf701
DeepVoice,DEEPVOICE_FAKE_linus-to-trump_frag26,DEEPVOICE_FAKE_linus-to-trump_frag26,1,cc3bdf544cfc09bd9cc788f7f022ba1af9daf701
DeepVoice,DEEPVOICE_FAKE_linus-to-trump_frag27,DEEPVOICE_FAKE_linus-to-trump_frag27,1,cc3bdf544cfc09bd9cc788f7f022ba1af9daf701
DeepVoice,DEEPVOICE_FAKE_linus-to-trump_frag28,DEEPVOICE_FAKE_linus-to-trump_frag28,1,cc3bdf544cfc09bd9cc788f7f022ba1af9daf701
DeepVoice,DEEPVOICE_FAKE_linus-to-trump_frag29,DEEPVOICE_FAKE_linus-to-trump_frag29,1,cc3bdf544cfc09bd9cc788f7f022ba1af9daf701
DeepVoice,DEEPVOICE_FAKE_linus-to-trump_frag3,DEEPVOICE_FAKE_linus-to-trump_frag3,1,cc3bdf544cfc09bd9cc788f7f022ba1af9daf701
DeepVoice,DEEPVOICE_FAKE_linus-to-trump_frag30,DEEPVOICE_FAKE_linus-to-trump_frag30,1,cc3bdf544cfc09bd9cc788f7f022ba1af9daf701
DeepVoice,DEEPVOICE_FAKE_linus-to-trump_frag31,DEEPVOICE_FAKE_linus-to-trump_frag31,1,cc3bdf544cfc09bd9cc788f7f022ba1af9daf701
DeepVoice,DEEPVOICE_FAKE_linus-to-trump_frag32,DEEPVOICE_FAKE_linus-to-trump_frag32,1,cc3bdf544cfc09bd9cc788f7f022ba1af9daf701
DeepVoice,DEEPVOICE_FAKE_linus-to-trump_frag33,DEEPVOICE_FAKE_linus-to-trump_frag33,1,cc3bdf544cfc09bd9cc788f7f022ba1af9daf701
DeepVoice,DEEPVOICE_FAKE_linus-to-trump_frag34,DEEPVOICE_FAKE_linus-to-trump_frag34,1,cc3bdf544cfc09bd9cc788f7f022ba1af9daf701
DeepVoice,DEEPVOICE_FAKE_linus-to-trump_frag35,DEEPVOICE_FAKE_linus-to-trump_frag35,1,cc3bdf544cfc09bd9cc788f7f022ba1af9daf701
DeepVoice,DEEPVOICE_FAKE_linus-to-trump_frag36,DEEPVOICE_FAKE_linus-to-trump_frag36,1,cc3bdf544cfc09bd9cc788f7f022ba1af9daf701
DeepVoice,DEEPVOICE_FAKE_linus-to-trump_frag37,DEEPVOICE_FAKE_linus-to-trump_frag37,1,cc3bdf544cfc09bd9cc788f7f022ba1af9daf701
DeepVoice,DEEPVOICE_FAKE_linus-to-trump_frag38,DEEPVOICE_FAKE_linus-to-trump_frag38,1,cc3bdf544cfc09bd9cc788f7f022ba1af9daf701
DeepVoice,DEEPVOICE_FAKE_linus-to-trump_frag39,DEEPVOICE_FAKE_linus-to-trump_frag39,1,cc3bdf544cfc09bd9cc788f7f022ba1af9daf701
DeepVoice,DEEPVOICE_FAKE_linus-to-trump_frag4,DEEPVOICE_FAKE_linus-to-trump_frag4,1,cc3bdf544cfc09bd9cc788f7f022ba1af9daf701
DeepVoice,DEEPVOICE_FAKE_linus-to-trump_frag40,DEEPVOICE_FAKE_linus-to-trump_frag40,1,cc3bdf544cfc09bd9cc788f7f022ba1af9daf701
DeepVoice,DEEPVOICE_FAKE_linus-to-trump_frag41,DEEPVOICE_FAKE_linus-to-trump_frag41,1,cc3bdf544cfc09bd9cc788f7f022ba1af9daf701
DeepVoice,DEEPVOICE_FAKE_linus-to-trump_frag42,DEEPVOICE_FAKE_linus-to-trump_frag42,1,cc3bdf544cfc09bd9cc788f7f022ba1af9daf701
DeepVoice,DEEPVOICE_FAKE_linus-to-trump_frag43,DEEPVOICE_FAKE_linus-to-trump_frag43,1,cc3bdf544cfc09bd9cc788f7f022ba1af9daf701
DeepVoice,DEEPVOICE_FAKE_linus-to-trump_frag44,DEEPVOICE_FAKE_linus-to-trump_frag44,1,cc3bdf544cfc09bd9cc788f7f022ba1af9daf701
DeepVoice,DEEPVOICE_FAKE_linus-to-trump_frag45,DEEPVOICE_FAKE_linus-to-trump_frag45,1,cc3bdf544cfc09bd9cc788f7f022ba1af9daf701
DeepVoice,DEEPVOICE_FAKE_linus-to-trump_frag46,DEEPVOICE_FAKE_linus-to-trump_frag46,1,cc3bdf544cfc09bd9cc788f7f022ba1af9daf701
DeepVoice,DEEPVOICE_FAKE_linus-to-trump_frag47,DEEPVOICE_FAKE_linus-to-trump_frag47,1,cc3bdf544cfc09bd9cc788f7f022ba1af9daf701
DeepVoice,DEEPVOICE_FAKE_linus-to-trump_frag48,DEEPVOICE_FAKE_linus-to-trump_frag48,1,cc3bdf544cfc09bd9cc788f7f022ba1af9daf701
DeepVoice,DEEPVOICE_FAKE_linus-to-trump_frag49,DEEPVOICE_FAKE_linus-to-trump_frag49,1,cc3bdf544cfc09bd9cc788f7f022ba1af9daf701
DeepVoice,DEEPVOICE_FAKE_linus-to-trump_frag5,DEEPVOICE_FAKE_linus-to-trump_frag5,1,cc3bdf544cfc09bd9cc788f7f022ba1af9daf701
DeepVoice,DEEPVOICE_FAKE_linus-to-trump_frag50,DEEPVOICE_FAKE_linus-to-trump_frag50,1,cc3bdf544cfc09bd9cc788f7f022ba1af9daf701
DeepVoice,DEEPVOICE_FAKE_linus-to-trump_frag51,DEEPVOICE_FAKE_linus-to-trump_frag51,1,cc3bdf544cfc09bd9cc788f7f022ba1af9daf701
DeepVoice,DEEPVOICE_FAKE_linus-to-trump_frag52,DEEPVOICE_FAKE_linus-to-trump_frag52,1,cc3bdf544cfc09bd9cc788f7f022ba1af9daf701
DeepVoice,DEEPVOICE_FAKE_linus-to-trump_frag53,DEEPVOICE_FAKE_linus-to-trump_frag53,1,cc3bdf544cfc09bd9cc788f7f022ba1af9daf701
DeepVoice,DEEPVOICE_FAKE_linus-to-trump_frag54,DEEPVOICE_FAKE_linus-to-trump_frag54,1,cc3bdf544cfc09bd9cc788f7f022ba1af9daf701
DeepVoice,DEEPVOICE_FAKE_linus-to-trump_frag55,DEEPVOICE_FAKE_linus-to-trump_frag55,1,cc3bdf544cfc09bd9cc788f7f022ba1af9daf701
DeepVoice,DEEPVOICE_FAKE_linus-to-trump_frag56,DEEPVOICE_FAKE_linus-to-trump_frag56,1,cc3bdf544cfc09bd9cc788f7f022ba1af9daf701
DeepVoice,DEEPVOICE_FAKE_linus-to-trump_frag57,DEEPVOICE_FAKE_linus-to-trump_frag57,1,cc3bdf544cfc09bd9cc788f7f022ba1af9daf701
DeepVoice,DEEPVOICE_FAKE_linus-to-trump_frag58,DEEPVOICE_FAKE_linus-to-trump_frag58,1,cc3bdf544cfc09bd9cc788f7f022ba1af9daf701
DeepVoice,DEEPVOICE_FAKE_linus-to-trump_frag59,DEEPVOICE_FAKE_linus-to-trump_frag59,1,cc3bdf544cfc09bd9cc788f7f022ba1af9daf701
DeepVoice,DEEPVOICE_FAKE_linus-to-trump_frag6,DEEPVOICE_FAKE_linus-to-trump_frag6,1,cc3bdf544cfc09bd9cc788f7f022ba1af9daf701
DeepVoice,DEEPVOICE_FAKE_linus-to-trump_frag60,DEEPVOICE_FAKE_linus-to-trump_frag60,1,cc3bdf544cfc09bd9cc788f7f022ba1af9daf701
DeepVoice,DEEPVOICE_FAKE_linus-to-trump_frag61,DEEPVOICE_FAKE_linus-to-trump_frag61,1,cc3bdf544cfc09bd9cc788f7f022ba1af9daf701
DeepVoice,DEEPVOICE_FAKE_linus-to-trump_frag62,DEEPVOICE_FAKE_linus-to-trump_frag62,1,cc3bdf544cfc09bd9cc788f7f022ba1af9daf701
DeepVoice,DEEPVOICE_FAKE_linus-to-trump_frag63,DEEPVOICE_FAKE_linus-to-trump_frag63,1,cc3bdf544cfc09bd9cc788f7f022ba1af9daf701
DeepVoice,DEEPVOICE_FAKE_linus-to-trump_frag64,DEEPVOICE_FAKE_linus-to-trump_frag64,1,cc3bdf544cfc09bd9cc788f7f022ba1af9daf701
DeepVoice,DEEPVOICE_FAKE_linus-to-trump_frag65,DEEPVOICE_FAKE_linus-to-trump_frag65,1,cc3bdf544cfc09bd9cc788f7f022ba1af9daf701
DeepVoice,DEEPVOICE_FAKE_linus-to-trump_frag66,DEEPVOICE_FAKE_linus-to-trump_frag66,1,cc3bdf544cfc09bd9cc788f7f022ba1af9daf701
DeepVoice,DEEPVOICE_FAKE_linus-to-trump_frag67,DEEPVOICE_FAKE_linus-to-trump_frag67,1,cc3bdf544cfc09bd9cc788f7f022ba1af9daf701
DeepVoice,DEEPVOICE_FAKE_linus-to-trump_frag68,DEEPVOICE_FAKE_linus-to-trump_frag68,1,cc3bdf544cfc09bd9cc788f7f022ba1af9daf701
DeepVoice,DEEPVOICE_FAKE_linus-to-trump_frag69,DEEPVOICE_FAKE_linus-to-trump_frag69,1,cc3bdf544cfc09bd9cc788f7f022ba1af9daf701
DeepVoice,DEEPVOICE_FAKE_linus-to-trump_frag7,DEEPVOICE_FAKE_linus-to-trump_frag7,1,cc3bdf544cfc09bd9cc788f7f022ba1af9daf701
DeepVoice,DEEPVOICE_FAKE_linus-to-trump_frag70,DEEPVOICE_FAKE_linus-to-trump_frag70,1,cc3bdf544cfc09bd9cc788f7f022ba1af9daf701
DeepVoice,DEEPVOICE_FAKE_linus-to-trump_frag71,DEEPVOICE_FAKE_linus-to-trump_frag71,1,cc3bdf544cfc09bd9cc788f7f022ba1af9daf701
DeepVoice,DEEPVOICE_FAKE_linus-to-trump_frag72,DEEPVOICE_FAKE_linus-to-trump_frag72,1,cc3bdf544cfc09bd9cc788f7f022ba1af9daf701
DeepVoice,DEEPVOICE_FAKE_linus-to-trump_frag73,DEEPVOICE_FAKE_linus-to-trump_frag73,1,cc3bdf544cfc09bd9cc788f7f022ba1af9daf701
DeepVoice,DEEPVOICE_FAKE_linus-to-trump_frag74,DEEPVOICE_FAKE_linus-to-trump_frag74,1,cc3bdf544cfc09bd9cc788f7f022ba1af9daf701
DeepVoice,DEEPVOICE_FAKE_linus-to-trump_frag75,DEEPVOICE_FAKE_linus-to-trump_frag75,1,cc3bdf544cfc09bd9cc788f7f022ba1af9daf701
DeepVoice,DEEPVOICE_FAKE_linus-to-trump_frag76,DEEPVOICE_FAKE_linus-to-trump_frag76,1,cc3bdf544cfc09bd9cc788f7f022ba1af9daf701
DeepVoice,DEEPVOICE_FAKE_linus-to-trump_frag77,DEEPVOICE_FAKE_linus-to-trump_frag77,1,cc3bdf544cfc09bd9cc788f7f022ba1af9daf701
DeepVoice,DEEPVOICE_FAKE_linus-to-trump_frag78,DEEPVOICE_FAKE_linus-to-trump_frag78,1,cc3bdf544cfc09bd9cc788f7f022ba1af9daf701
DeepVoice,DEEPVOICE_FAKE_linus-to-trump_frag79,DEEPVOICE_FAKE_linus-to-trump_frag79,1,cc3bdf544cfc09bd9cc788f7f022ba1af9daf701
DeepVoice,DEEPVOICE_FAKE_linus-to-trump_frag8,DEEPVOICE_FAKE_linus-to-trump_frag8,1,cc3bdf544cfc09bd9cc788f7f022ba1af9daf701
DeepVoice,DEEPVOICE_FAKE_linus-to-trump_frag80,DEEPVOICE_FAKE_linus-to-trump_frag80,1,cc3bdf544cfc09bd9cc788f7f022ba1af9daf701
DeepVoice,DEEPVOICE_FAKE_linus-to-trump_frag81,DEEPVOICE_FAKE_linus-to-trump_frag81,1,cc3bdf544cfc09bd9cc788f7f022ba1af9daf701
DeepVoice,DEEPVOICE_FAKE_linus-to-trump_frag82,DEEPVOICE_FAKE_linus-to-trump_frag82,1,cc3bdf544cfc09bd9cc788f7f022ba1af9daf701
DeepVoice,DEEPVOICE_FAKE_linus-to-trump_frag83,DEEPVOICE_FAKE_linus-to-trump_frag83,1,cc3bdf544cfc09bd9cc788f7f022ba1af9daf701
DeepVoice,DEEPVOICE_FAKE_linus-to-trump_frag84,DEEPVOICE_FAKE_linus-to-trump_frag84,1,cc3bdf544cfc09bd9cc788f7f022ba1af9daf701
DeepVoice,DEEPVOICE_FAKE_linus-to-trump_frag85,DEEPVOICE_FAKE_linus-to-trump_frag85,1,cc3bdf544cfc09bd9cc788f7f022ba1af9daf701
DeepVoice,DEEPVOICE_FAKE_linus-to-trump_frag86,DEEPVOICE_FAKE_linus-to-trump_frag86,1,cc3bdf544cfc09bd9cc788f7f022ba1af9daf701
DeepVoice,DEEPVOICE_FAKE_linus-to-trump_frag87,DEEPVOICE_FAKE_linus-to-trump_frag87,1,cc3bdf544cfc09bd9cc788f7f022ba1af9daf701
DeepVoice,DEEPVOICE_FAKE_linus-to-trump_frag88,DEEPVOICE_FAKE_linus-to-trump_frag88,1,cc3bdf544cfc09bd9cc788f7f022ba1af9daf701
DeepVoice,DEEPVOICE_FAKE_linus-to-trump_frag89,DEEPVOICE_FAKE_linus-to-trump_frag89,1,cc3bdf544cfc09bd9cc788f7f022ba1af9daf701
DeepVoice,DEEPVOICE_FAKE_linus-to-trump_frag9,DEEPVOICE_FAKE_linus-to-trump_frag9,1,cc3bdf544cfc09bd9cc788f7f022ba1af9daf701
DeepVoice,DEEPVOICE_FAKE_linus-to-trump_frag90,DEEPVOICE_FAKE_linus-to-trump_frag90,1,cc3bdf544cfc09bd9cc788f7f022ba1af9daf701
DeepVoice,DEEPVOICE_FAKE_linus-to-trump_frag91,DEEPVOICE_FAKE_linus-to-trump_frag91,1,cc3bdf544cfc09bd9cc788f7f022ba1af9daf701
DeepVoice,DEEPVOICE_FAKE_linus-to-trump_frag92,DEEPVOICE_FAKE_linus-to-trump_frag92,1,cc3bdf544cfc09bd9cc788f7f022ba1af9daf701
DeepVoice,DEEPVOICE_FAKE_linus-to-trump_frag93,DEEPVOICE_FAKE_linus-to-trump_frag93,1,cc3bdf544cfc09bd9cc788f7f022ba1af9daf701
DeepVoice,DEEPVOICE_FAKE_linus-to-trump_frag94,DEEPVOICE_FAKE_linus-to-trump_frag94,1,cc3bdf544cfc09bd9cc788f7f022ba1af9daf701
DeepVoice,DEEPVOICE_FAKE_linus-to-trump_frag95,DEEPVOICE_FAKE_linus-to-trump_frag95,1,cc3bdf544cfc09bd9cc788f7f022ba1af9daf701
DeepVoice,DEEPVOICE_FAKE_linus-to-trump_frag96,DEEPVOICE_FAKE_linus-to-trump_frag96,1,cc3bdf544cfc09bd9cc788f7f022ba1af9daf701
DeepVoice,DEEPVOICE_FAKE_linus-to-trump_frag97,DEEPVOICE_FAKE_linus-to-trump_frag97,1,cc3bdf544cfc09bd9cc788f7f022ba1af9daf701
DeepVoice,DEEPVOICE_FAKE_linus-to-trump_frag98,DEEPVOICE_FAKE_linus-to-trump_frag98,1,cc3bdf544cfc09bd9cc788f7f022ba1af9daf701
DeepVoice,DEEPVOICE_FAKE_margot-to-biden_frag0,DEEPVOICE_FAKE_margot-to-biden_frag0,1,cc3bdf544cfc09bd9cc788f7f022ba1af9daf701
DeepVoice,DEEPVOICE_FAKE_margot-to-biden_frag1,DEEPVOICE_FAKE_margot-to-biden_frag1,1,cc3bdf544cfc09bd9cc788f7f022ba1af9daf701
DeepVoice,DEEPVOICE_FAKE_margot-to-biden_frag10,DEEPVOICE_FAKE_margot-to-biden_frag10,1,cc3bdf544cfc09bd9cc788f7f022ba1af9daf701
DeepVoice,DEEPVOICE_FAKE_margot-to-biden_frag11,DEEPVOICE_FAKE_margot-to-biden_frag11,1,cc3bdf544cfc09bd9cc788f7f022ba1af9daf701
DeepVoice,DEEPVOICE_FAKE_margot-to-biden_frag12,DEEPVOICE_FAKE_margot-to-biden_frag12,1,cc3bdf544cfc09bd9cc788f7f022ba1af9daf701
DeepVoice,DEEPVOICE_FAKE_margot-to-biden_frag2,DEEPVOICE_FAKE_margot-to-biden_frag2,1,cc3bdf544cfc09bd9cc788f7f022ba1af9daf701
DeepVoice,DEEPVOICE_FAKE_margot-to-biden_frag3,DEEPVOICE_FAKE_margot-to-biden_frag3,1,cc3bdf544cfc09bd9cc788f7f022ba1af9daf701
DeepVoice,DEEPVOICE_FAKE_margot-to-biden_frag4,DEEPVOICE_FAKE_margot-to-biden_frag4,1,cc3bdf544cfc09bd9cc788f7f022ba1af9daf701
DeepVoice,DEEPVOICE_FAKE_margot-to-biden_frag5,DEEPVOICE_FAKE_margot-to-biden_frag5,1,cc3bdf544cfc09bd9cc788f7f022ba1af9daf701
DeepVoice,DEEPVOICE_FAKE_margot-to-biden_frag6,DEEPVOICE_FAKE_margot-to-biden_frag6,1,cc3bdf544cfc09bd9cc788f7f022ba1af9daf701
DeepVoice,DEEPVOICE_FAKE_margot-to-biden_frag7,DEEPVOICE_FAKE_margot-to-biden_frag7,1,cc3bdf544cfc09bd9cc788f7f022ba1af9daf701
DeepVoice,DEEPVOICE_FAKE_margot-to-biden_frag8,DEEPVOICE_FAKE_margot-to-biden_frag8,1,cc3bdf544cfc09bd9cc788f7f022ba1af9daf701
DeepVoice,DEEPVOICE_FAKE_margot-to-biden_frag9,DEEPVOICE_FAKE_margot-to-biden_frag9,1,cc3bdf544cfc09bd9cc788f7f022ba1af9daf701
DeepVoice,DEEPVOICE_FAKE_margot-to-linus_frag0,DEEPVOICE_FAKE_margot-to-linus_frag0,1,cc3bdf544cfc09bd9cc788f7f022ba1af9daf701
DeepVoice,DEEPVOICE_FAKE_margot-to-linus_frag1,DEEPVOICE_FAKE_margot-to-linus_frag1,1,cc3bdf544cfc09bd9cc788f7f022ba1af9daf701
DeepVoice,DEEPVOICE_FAKE_margot-to-linus_frag10,DEEPVOICE_FAKE_margot-to-linus_frag10,1,cc3bdf544cfc09bd9cc788f7f022ba1af9daf701
DeepVoice,DEEPVOICE_FAKE_margot-to-linus_frag11,DEEPVOICE_FAKE_margot-to-linus_frag11,1,cc3bdf544cfc09bd9cc788f7f022ba1af9daf701
DeepVoice,DEEPVOICE_FAKE_margot-to-linus_frag12,DEEPVOICE_FAKE_margot-to-linus_frag12,1,cc3bdf544cfc09bd9cc788f7f022ba1af9daf701
DeepVoice,DEEPVOICE_FAKE_margot-to-linus_frag2,DEEPVOICE_FAKE_margot-to-linus_frag2,1,cc3bdf544cfc09bd9cc788f7f022ba1af9daf701
DeepVoice,DEEPVOICE_FAKE_margot-to-linus_frag3,DEEPVOICE_FAKE_margot-to-linus_frag3,1,cc3bdf544cfc09bd9cc788f7f022ba1af9daf701
DeepVoice,DEEPVOICE_FAKE_margot-to-linus_frag4,DEEPVOICE_FAKE_margot-to-linus_frag4,1,cc3bdf544cfc09bd9cc788f7f022ba1af9daf701
DeepVoice,DEEPVOICE_FAKE_margot-to-linus_frag5,DEEPVOICE_FAKE_margot-to-linus_frag5,1,cc3bdf544cfc09bd9cc788f7f022ba1af9daf701
DeepVoice,DEEPVOICE_FAKE_margot-to-linus_frag6,DEEPVOICE_FAKE_margot-to-linus_frag6,1,cc3bdf544cfc09bd9cc788f7f022ba1af9daf701
DeepVoice,DEEPVOICE_FAKE_margot-to-linus_frag7,DEEPVOICE_FAKE_margot-to-linus_frag7,1,cc3bdf544cfc09bd9cc788f7f022ba1af9daf701
DeepVoice,DEEPVOICE_FAKE_margot-to-linus_frag8,DEEPVOICE_FAKE_margot-to-linus_frag8,1,cc3bdf544cfc09bd9cc788f7f022ba1af9daf701
DeepVoice,DEEPVOICE_FAKE_margot-to-linus_frag9,DEEPVOICE_FAKE_margot-to-linus_frag9,1,cc3bdf544cfc09bd9cc788f7f022ba1af9daf701
DeepVoice,DEEPVOICE_FAKE_margot-to-musk_frag0,DEEPVOICE_FAKE_margot-to-musk_frag0,1,cc3bdf544cfc09bd9cc788f7f022ba1af9daf701
DeepVoice,DEEPVOICE_FAKE_margot-to-musk_frag1,DEEPVOICE_FAKE_margot-to-musk_frag1,1,cc3bdf544cfc09bd9cc788f7f022ba1af9daf701
DeepVoice,DEEPVOICE_FAKE_margot-to-musk_frag10,DEEPVOICE_FAKE_margot-to-musk_frag10,1,cc3bdf544cfc09bd9cc788f7f022ba1af9daf701
DeepVoice,DEEPVOICE_FAKE_margot-to-musk_frag11,DEEPVOICE_FAKE_margot-to-musk_frag11,1,cc3bdf544cfc09bd9cc788f7f022ba1af9daf701
DeepVoice,DEEPVOICE_FAKE_margot-to-musk_frag12,DEEPVOICE_FAKE_margot-to-musk_frag12,1,cc3bdf544cfc09bd9cc788f7f022ba1af9daf701
DeepVoice,DEEPVOICE_FAKE_margot-to-musk_frag2,DEEPVOICE_FAKE_margot-to-musk_frag2,1,cc3bdf544cfc09bd9cc788f7f022ba1af9daf701
DeepVoice,DEEPVOICE_FAKE_margot-to-musk_frag3,DEEPVOICE_FAKE_margot-to-musk_frag3,1,cc3bdf544cfc09bd9cc788f7f022ba1af9daf701
DeepVoice,DEEPVOICE_FAKE_margot-to-musk_frag4,DEEPVOICE_FAKE_margot-to-musk_frag4,1,cc3bdf544cfc09bd9cc788f7f022ba1af9daf701
DeepVoice,DEEPVOICE_FAKE_margot-to-musk_frag5,DEEPVOICE_FAKE_margot-to-musk_frag5,1,cc3bdf544cfc09bd9cc788f7f022ba1af9daf701
DeepVoice,DEEPVOICE_FAKE_margot-to-musk_frag6,DEEPVOICE_FAKE_margot-to-musk_frag6,1,cc3bdf544cfc09bd9cc788f7f022ba1af9daf701
DeepVoice,DEEPVOICE_FAKE_margot-to-musk_frag7,DEEPVOICE_FAKE_margot-to-musk_frag7,1,cc3bdf544cfc09bd9cc788f7f022ba1af9daf701
DeepVoice,DEEPVOICE_FAKE_margot-to-musk_frag8,DEEPVOICE_FAKE_margot-to-musk_frag8,1,cc3bdf544cfc09bd9cc788f7f022ba1af9daf701
DeepVoice,DEEPVOICE_FAKE_margot-to-musk_frag9,DEEPVOICE_FAKE_margot-to-musk_frag9,1,cc3bdf544cfc09bd9cc788f7f022ba1af9daf701
DeepVoice,DEEPVOICE_FAKE_margot-to-obama_frag0,DEEPVOICE_FAKE_margot-to-obama_frag0,1,cc3bdf544cfc09bd9cc788f7f022ba1af9daf701
DeepVoice,DEEPVOICE_FAKE_margot-to-obama_frag1,DEEPVOICE_FAKE_margot-to-obama_frag1,1,cc3bdf544cfc09bd9cc788f7f022ba1af9daf701
DeepVoice,DEEPVOICE_FAKE_margot-to-obama_frag10,DEEPVOICE_FAKE_margot-to-obama_frag10,1,cc3bdf544cfc09bd9cc788f7f022ba1af9daf701
DeepVoice,DEEPVOICE_FAKE_margot-to-obama_frag11,DEEPVOICE_FAKE_margot-to-obama_frag11,1,cc3bdf544cfc09bd9cc788f7f022ba1af9daf701
DeepVoice,DEEPVOICE_FAKE_margot-to-obama_frag12,DEEPVOICE_FAKE_margot-to-obama_frag12,1,cc3bdf544cfc09bd9cc788f7f022ba1af9daf701
DeepVoice,DEEPVOICE_FAKE_margot-to-obama_frag2,DEEPVOICE_FAKE_margot-to-obama_frag2,1,cc3bdf544cfc09bd9cc788f7f022ba1af9daf701
DeepVoice,DEEPVOICE_FAKE_margot-to-obama_frag3,DEEPVOICE_FAKE_margot-to-obama_frag3,1,cc3bdf544cfc09bd9cc788f7f022ba1af9daf701
DeepVoice,DEEPVOICE_FAKE_margot-to-obama_frag4,DEEPVOICE_FAKE_margot-to-obama_frag4,1,cc3bdf544cfc09bd9cc788f7f022ba1af9daf701
DeepVoice,DEEPVOICE_FAKE_margot-to-obama_frag5,DEEPVOICE_FAKE_margot-to-obama_frag5,1,cc3bdf544cfc09bd9cc788f7f022ba1af9daf701
DeepVoice,DEEPVOICE_FAKE_margot-to-obama_frag6,DEEPVOICE_FAKE_margot-to-obama_frag6,1,cc3bdf544cfc09bd9cc788f7f022ba1af9daf701
DeepVoice,DEEPVOICE_FAKE_margot-to-obama_frag7,DEEPVOICE_FAKE_margot-to-obama_frag7,1,cc3bdf544cfc09bd9cc788f7f022ba1af9daf701
DeepVoice,DEEPVOICE_FAKE_margot-to-obama_frag8,DEEPVOICE_FAKE_margot-to-obama_frag8,1,cc3bdf544cfc09bd9cc788f7f022ba1af9daf701
DeepVoice,DEEPVOICE_FAKE_margot-to-obama_frag9,DEEPVOICE_FAKE_margot-to-obama_frag9,1,cc3bdf544cfc09bd9cc788f7f022ba1af9daf701
DeepVoice,DEEPVOICE_FAKE_margot-to-ryan_frag0,DEEPVOICE_FAKE_margot-to-ryan_frag0,1,cc3bdf544cfc09bd9cc788f7f022ba1af9daf701
DeepVoice,DEEPVOICE_FAKE_margot-to-ryan_frag1,DEEPVOICE_FAKE_margot-to-ryan_frag1,1,cc3bdf544cfc09bd9cc788f7f022ba1af9daf701
DeepVoice,DEEPVOICE_FAKE_margot-to-ryan_frag10,DEEPVOICE_FAKE_margot-to-ryan_frag10,1,cc3bdf544cfc09bd9cc788f7f022ba1af9daf701
DeepVoice,DEEPVOICE_FAKE_margot-to-ryan_frag11,DEEPVOICE_FAKE_margot-to-ryan_frag11,1,cc3bdf544cfc09bd9cc788f7f022ba1af9daf701
DeepVoice,DEEPVOICE_FAKE_margot-to-ryan_frag12,DEEPVOICE_FAKE_margot-to-ryan_frag12,1,cc3bdf544cfc09bd9cc788f7f022ba1af9daf701
DeepVoice,DEEPVOICE_FAKE_margot-to-ryan_frag13,DEEPVOICE_FAKE_margot-to-ryan_frag13,1,cc3bdf544cfc09bd9cc788f7f022ba1af9daf701
DeepVoice,DEEPVOICE_FAKE_margot-to-ryan_frag2,DEEPVOICE_FAKE_margot-to-ryan_frag2,1,cc3bdf544cfc09bd9cc788f7f022ba1af9daf701
DeepVoice,DEEPVOICE_FAKE_margot-to-ryan_frag3,DEEPVOICE_FAKE_margot-to-ryan_frag3,1,cc3bdf544cfc09bd9cc788f7f022ba1af9daf701
DeepVoice,DEEPVOICE_FAKE_margot-to-ryan_frag4,DEEPVOICE_FAKE_margot-to-ryan_frag4,1,cc3bdf544cfc09bd9cc788f7f022ba1af9daf701
DeepVoice,DEEPVOICE_FAKE_margot-to-ryan_frag5,DEEPVOICE_FAKE_margot-to-ryan_frag5,1,cc3bdf544cfc09bd9cc788f7f022ba1af9daf701
DeepVoice,DEEPVOICE_FAKE_margot-to-ryan_frag6,DEEPVOICE_FAKE_margot-to-ryan_frag6,1,cc3bdf544cfc09bd9cc788f7f022ba1af9daf701
DeepVoice,DEEPVOICE_FAKE_margot-to-ryan_frag7,DEEPVOICE_FAKE_margot-to-ryan_frag7,1,cc3bdf544cfc09bd9cc788f7f022ba1af9daf701
DeepVoice,DEEPVOICE_FAKE_margot-to-ryan_frag8,DEEPVOICE_FAKE_margot-to-ryan_frag8,1,cc3bdf544cfc09bd9cc788f7f022ba1af9daf701
DeepVoice,DEEPVOICE_FAKE_margot-to-ryan_frag9,DEEPVOICE_FAKE_margot-to-ryan_frag9,1,cc3bdf544cfc09bd9cc788f7f022ba1af9daf701
DeepVoice,DEEPVOICE_FAKE_margot-to-taylor_frag0,DEEPVOICE_FAKE_margot-to-taylor_frag0,1,cc3bdf544cfc09bd9cc788f7f022ba1af9daf701
DeepVoice,DEEPVOICE_FAKE_margot-to-taylor_frag1,DEEPVOICE_FAKE_margot-to-taylor_frag1,1,cc3bdf544cfc09bd9cc788f7f022ba1af9daf701
DeepVoice,DEEPVOICE_FAKE_margot-to-taylor_frag10,DEEPVOICE_FAKE_margot-to-taylor_frag10,1,cc3bdf544cfc09bd9cc788f7f022ba1af9daf701
DeepVoice,DEEPVOICE_FAKE_margot-to-taylor_frag11,DEEPVOICE_FAKE_margot-to-taylor_frag11,1,cc3bdf544cfc09bd9cc788f7f022ba1af9daf701
DeepVoice,DEEPVOICE_FAKE_margot-to-taylor_frag12,DEEPVOICE_FAKE_margot-to-taylor_frag12,1,cc3bdf544cfc09bd9cc788f7f022ba1af9daf701
DeepVoice,DEEPVOICE_FAKE_margot-to-taylor_frag13,DEEPVOICE_FAKE_margot-to-taylor_frag13,1,cc3bdf544cfc09bd9cc788f7f022ba1af9daf701
DeepVoice,DEEPVOICE_FAKE_margot-to-taylor_frag2,DEEPVOICE_FAKE_margot-to-taylor_frag2,1,cc3bdf544cfc09bd9cc788f7f022ba1af9daf701
DeepVoice,DEEPVOICE_FAKE_margot-to-taylor_frag3,DEEPVOICE_FAKE_margot-to-taylor_frag3,1,cc3bdf544cfc09bd9cc788f7f022ba1af9daf701
DeepVoice,DEEPVOICE_FAKE_margot-to-taylor_frag4,DEEPVOICE_FAKE_margot-to-taylor_frag4,1,cc3bdf544cfc09bd9cc788f7f022ba1af9daf701
DeepVoice,DEEPVOICE_FAKE_margot-to-taylor_frag5,DEEPVOICE_FAKE_margot-to-taylor_frag5,1,cc3bdf544cfc09bd9cc788f7f022ba1af9daf701
DeepVoice,DEEPVOICE_FAKE_margot-to-taylor_frag6,DEEPVOICE_FAKE_margot-to-taylor_frag6,1,cc3bdf544cfc09bd9cc788f7f022ba1af9daf701
DeepVoice,DEEPVOICE_FAKE_margot-to-taylor_frag7,DEEPVOICE_FAKE_margot-to-taylor_frag7,1,cc3bdf544cfc09bd9cc788f7f022ba1af9daf701
DeepVoice,DEEPVOICE_FAKE_margot-to-taylor_frag8,DEEPVOICE_FAKE_margot-to-taylor_frag8,1,cc3bdf544cfc09bd9cc788f7f022ba1af9daf701
DeepVoice,DEEPVOICE_FAKE_margot-to-taylor_frag9,DEEPVOICE_FAKE_margot-to-taylor_frag9,1,cc3bdf544cfc09bd9cc788f7f022ba1af9daf701
DeepVoice,DEEPVOICE_FAKE_margot-to-trump_frag0,DEEPVOICE_FAKE_margot-to-trump_frag0,1,cc3bdf544cfc09bd9cc788f7f022ba1af9daf701
DeepVoice,DEEPVOICE_FAKE_margot-to-trump_frag1,DEEPVOICE_FAKE_margot-to-trump_frag1,1,cc3bdf544cfc09bd9cc788f7f022ba1af9daf701
DeepVoice,DEEPVOICE_FAKE_margot-to-trump_frag10,DEEPVOICE_FAKE_margot-to-trump_frag10,1,cc3bdf544cfc09bd9cc788f7f022ba1af9daf701
DeepVoice,DEEPVOICE_FAKE_margot-to-trump_frag11,DEEPVOICE_FAKE_margot-to-trump_frag11,1,cc3bdf544cfc09bd9cc788f7f022ba1af9daf701
DeepVoice,DEEPVOICE_FAKE_margot-to-trump_frag12,DEEPVOICE_FAKE_margot-to-trump_frag12,1,cc3bdf544cfc09bd9cc788f7f022ba1af9daf701
DeepVoice,DEEPVOICE_FAKE_margot-to-trump_frag2,DEEPVOICE_FAKE_margot-to-trump_frag2,1,cc3bdf544cfc09bd9cc788f7f022ba1af9daf701
DeepVoice,DEEPVOICE_FAKE_margot-to-trump_frag3,DEEPVOICE_FAKE_margot-to-trump_frag3,1,cc3bdf544cfc09bd9cc788f7f022ba1af9daf701
DeepVoice,DEEPVOICE_FAKE_margot-to-trump_frag4,DEEPVOICE_FAKE_margot-to-trump_frag4,1,cc3bdf544cfc09bd9cc788f7f022ba1af9daf701
DeepVoice,DEEPVOICE_FAKE_margot-to-trump_frag5,DEEPVOICE_FAKE_margot-to-trump_frag5,1,cc3bdf544cfc09bd9cc788f7f022ba1af9daf701
DeepVoice,DEEPVOICE_FAKE_margot-to-trump_frag6,DEEPVOICE_FAKE_margot-to-trump_frag6,1,cc3bdf544cfc09bd9cc788f7f022ba1af9daf701
DeepVoice,DEEPVOICE_FAKE_margot-to-trump_frag7,DEEPVOICE_FAKE_margot-to-trump_frag7,1,cc3bdf544cfc09bd9cc788f7f022ba1af9daf701
DeepVoice,DEEPVOICE_FAKE_margot-to-trump_frag8,DEEPVOICE_FAKE_margot-to-trump_frag8,1,cc3bdf544cfc09bd9cc788f7f022ba1af9daf701
DeepVoice,DEEPVOICE_FAKE_margot-to-trump_frag9,DEEPVOICE_FAKE_margot-to-trump_frag9,1,cc3bdf544cfc09bd9cc788f7f022ba1af9daf701
DeepVoice,DEEPVOICE_FAKE_musk-to-biden_frag0,DEEPVOICE_FAKE_musk-to-biden_frag0,1,cc3bdf544cfc09bd9cc788f7f022ba1af9daf701
DeepVoice,DEEPVOICE_FAKE_musk-to-biden_frag1,DEEPVOICE_FAKE_musk-to-biden_frag1,1,cc3bdf544cfc09bd9cc788f7f022ba1af9daf701
DeepVoice,DEEPVOICE_FAKE_musk-to-biden_frag10,DEEPVOICE_FAKE_musk-to-biden_frag10,1,cc3bdf544cfc09bd9cc788f7f022ba1af9daf701
DeepVoice,DEEPVOICE_FAKE_musk-to-biden_frag100,DEEPVOICE_FAKE_musk-to-biden_frag100,1,cc3bdf544cfc09bd9cc788f7f022ba1af9daf701
DeepVoice,DEEPVOICE_FAKE_musk-to-biden_frag11,DEEPVOICE_FAKE_musk-to-biden_frag11,1,cc3bdf544cfc09bd9cc788f7f022ba1af9daf701
DeepVoice,DEEPVOICE_FAKE_musk-to-biden_frag12,DEEPVOICE_FAKE_musk-to-biden_frag12,1,cc3bdf544cfc09bd9cc788f7f022ba1af9daf701
DeepVoice,DEEPVOICE_FAKE_musk-to-biden_frag13,DEEPVOICE_FAKE_musk-to-biden_frag13,1,cc3bdf544cfc09bd9cc788f7f022ba1af9daf701
DeepVoice,DEEPVOICE_FAKE_musk-to-biden_frag14,DEEPVOICE_FAKE_musk-to-biden_frag14,1,cc3bdf544cfc09bd9cc788f7f022ba1af9daf701
DeepVoice,DEEPVOICE_FAKE_musk-to-biden_frag15,DEEPVOICE_FAKE_musk-to-biden_frag15,1,cc3bdf544cfc09bd9cc788f7f022ba1af9daf701
DeepVoice,DEEPVOICE_FAKE_musk-to-biden_frag16,DEEPVOICE_FAKE_musk-to-biden_frag16,1,cc3bdf544cfc09bd9cc788f7f022ba1af9daf701
DeepVoice,DEEPVOICE_FAKE_musk-to-biden_frag17,DEEPVOICE_FAKE_musk-to-biden_frag17,1,cc3bdf544cfc09bd9cc788f7f022ba1af9daf701
DeepVoice,DEEPVOICE_FAKE_musk-to-biden_frag18,DEEPVOICE_FAKE_musk-to-biden_frag18,1,cc3bdf544cfc09bd9cc788f7f022ba1af9daf701
DeepVoice,DEEPVOICE_FAKE_musk-to-biden_frag19,DEEPVOICE_FAKE_musk-to-biden_frag19,1,cc3bdf544cfc09bd9cc788f7f022ba1af9daf701
DeepVoice,DEEPVOICE_FAKE_musk-to-biden_frag2,DEEPVOICE_FAKE_musk-to-biden_frag2,1,cc3bdf544cfc09bd9cc788f7f022ba1af9daf701
DeepVoice,DEEPVOICE_FAKE_musk-to-biden_frag20,DEEPVOICE_FAKE_musk-to-biden_frag20,1,cc3bdf544cfc09bd9cc788f7f022ba1af9daf701
DeepVoice,DEEPVOICE_FAKE_musk-to-biden_frag21,DEEPVOICE_FAKE_musk-to-biden_frag21,1,cc3bdf544cfc09bd9cc788f7f022ba1af9daf701
DeepVoice,DEEPVOICE_FAKE_musk-to-biden_frag22,DEEPVOICE_FAKE_musk-to-biden_frag22,1,cc3bdf544cfc09bd9cc788f7f022ba1af9daf701
DeepVoice,DEEPVOICE_FAKE_musk-to-biden_frag23,DEEPVOICE_FAKE_musk-to-biden_frag23,1,cc3bdf544cfc09bd9cc788f7f022ba1af9daf701
DeepVoice,DEEPVOICE_FAKE_musk-to-biden_frag24,DEEPVOICE_FAKE_musk-to-biden_frag24,1,cc3bdf544cfc09bd9cc788f7f022ba1af9daf701
DeepVoice,DEEPVOICE_FAKE_musk-to-biden_frag25,DEEPVOICE_FAKE_musk-to-biden_frag25,1,cc3bdf544cfc09bd9cc788f7f022ba1af9daf701
DeepVoice,DEEPVOICE_FAKE_musk-to-biden_frag26,DEEPVOICE_FAKE_musk-to-biden_frag26,1,cc3bdf544cfc09bd9cc788f7f022ba1af9daf701
DeepVoice,DEEPVOICE_FAKE_musk-to-biden_frag27,DEEPVOICE_FAKE_musk-to-biden_frag27,1,cc3bdf544cfc09bd9cc788f7f022ba1af9daf701
DeepVoice,DEEPVOICE_FAKE_musk-to-biden_frag28,DEEPVOICE_FAKE_musk-to-biden_frag28,1,cc3bdf544cfc09bd9cc788f7f022ba1af9daf701
DeepVoice,DEEPVOICE_FAKE_musk-to-biden_frag29,DEEPVOICE_FAKE_musk-to-biden_frag29,1,cc3bdf544cfc09bd9cc788f7f022ba1af9daf701
DeepVoice,DEEPVOICE_FAKE_musk-to-biden_frag3,DEEPVOICE_FAKE_musk-to-biden_frag3,1,cc3bdf544cfc09bd9cc788f7f022ba1af9daf701
DeepVoice,DEEPVOICE_FAKE_musk-to-biden_frag30,DEEPVOICE_FAKE_musk-to-biden_frag30,1,cc3bdf544cfc09bd9cc788f7f022ba1af9daf701
DeepVoice,DEEPVOICE_FAKE_musk-to-biden_frag31,DEEPVOICE_FAKE_musk-to-biden_frag31,1,cc3bdf544cfc09bd9cc788f7f022ba1af9daf701
DeepVoice,DEEPVOICE_FAKE_musk-to-biden_frag32,DEEPVOICE_FAKE_musk-to-biden_frag32,1,cc3bdf544cfc09bd9cc788f7f022ba1af9daf701
DeepVoice,DEEPVOICE_FAKE_musk-to-biden_frag33,DEEPVOICE_FAKE_musk-to-biden_frag33,1,cc3bdf544cfc09bd9cc788f7f022ba1af9daf701
DeepVoice,DEEPVOICE_FAKE_musk-to-biden_frag34,DEEPVOICE_FAKE_musk-to-biden_frag34,1,cc3bdf544cfc09bd9cc788f7f022ba1af9daf701
DeepVoice,DEEPVOICE_FAKE_musk-to-biden_frag35,DEEPVOICE_FAKE_musk-to-biden_frag35,1,cc3bdf544cfc09bd9cc788f7f022ba1af9daf701
DeepVoice,DEEPVOICE_FAKE_musk-to-biden_frag36,DEEPVOICE_FAKE_musk-to-biden_frag36,1,cc3bdf544cfc09bd9cc788f7f022ba1af9daf701
DeepVoice,DEEPVOICE_FAKE_musk-to-biden_frag37,DEEPVOICE_FAKE_musk-to-biden_frag37,1,cc3bdf544cfc09bd9cc788f7f022ba1af9daf701
DeepVoice,DEEPVOICE_FAKE_musk-to-biden_frag38,DEEPVOICE_FAKE_musk-to-biden_frag38,1,cc3bdf544cfc09bd9cc788f7f022ba1af9daf701
DeepVoice,DEEPVOICE_FAKE_musk-to-biden_frag39,DEEPVOICE_FAKE_musk-to-biden_frag39,1,cc3bdf544cfc09bd9cc788f7f022ba1af9daf701
DeepVoice,DEEPVOICE_FAKE_musk-to-biden_frag4,DEEPVOICE_FAKE_musk-to-biden_frag4,1,cc3bdf544cfc09bd9cc788f7f022ba1af9daf701
DeepVoice,DEEPVOICE_FAKE_musk-to-biden_frag40,DEEPVOICE_FAKE_musk-to-biden_frag40,1,cc3bdf544cfc09bd9cc788f7f022ba1af9daf701
DeepVoice,DEEPVOICE_FAKE_musk-to-biden_frag41,DEEPVOICE_FAKE_musk-to-biden_frag41,1,cc3bdf544cfc09bd9cc788f7f022ba1af9daf701
DeepVoice,DEEPVOICE_FAKE_musk-to-biden_frag42,DEEPVOICE_FAKE_musk-to-biden_frag42,1,cc3bdf544cfc09bd9cc788f7f022ba1af9daf701
DeepVoice,DEEPVOICE_FAKE_musk-to-biden_frag43,DEEPVOICE_FAKE_musk-to-biden_frag43,1,cc3bdf544cfc09bd9cc788f7f022ba1af9daf701
DeepVoice,DEEPVOICE_FAKE_musk-to-biden_frag44,DEEPVOICE_FAKE_musk-to-biden_frag44,1,cc3bdf544cfc09bd9cc788f7f022ba1af9daf701
DeepVoice,DEEPVOICE_FAKE_musk-to-biden_frag45,DEEPVOICE_FAKE_musk-to-biden_frag45,1,cc3bdf544cfc09bd9cc788f7f022ba1af9daf701
DeepVoice,DEEPVOICE_FAKE_musk-to-biden_frag46,DEEPVOICE_FAKE_musk-to-biden_frag46,1,cc3bdf544cfc09bd9cc788f7f022ba1af9daf701
DeepVoice,DEEPVOICE_FAKE_musk-to-biden_frag47,DEEPVOICE_FAKE_musk-to-biden_frag47,1,cc3bdf544cfc09bd9cc788f7f022ba1af9daf701
DeepVoice,DEEPVOICE_FAKE_musk-to-biden_frag48,DEEPVOICE_FAKE_musk-to-biden_frag48,1,cc3bdf544cfc09bd9cc788f7f022ba1af9daf701
DeepVoice,DEEPVOICE_FAKE_musk-to-biden_frag49,DEEPVOICE_FAKE_musk-to-biden_frag49,1,cc3bdf544cfc09bd9cc788f7f022ba1af9daf701
DeepVoice,DEEPVOICE_FAKE_musk-to-biden_frag5,DEEPVOICE_FAKE_musk-to-biden_frag5,1,cc3bdf544cfc09bd9cc788f7f022ba1af9daf701
DeepVoice,DEEPVOICE_FAKE_musk-to-biden_frag50,DEEPVOICE_FAKE_musk-to-biden_frag50,1,cc3bdf544cfc09bd9cc788f7f022ba1af9daf701
DeepVoice,DEEPVOICE_FAKE_musk-to-biden_frag51,DEEPVOICE_FAKE_musk-to-biden_frag51,1,cc3bdf544cfc09bd9cc788f7f022ba1af9daf701
DeepVoice,DEEPVOICE_FAKE_musk-to-biden_frag52,DEEPVOICE_FAKE_musk-to-biden_frag52,1,cc3bdf544cfc09bd9cc788f7f022ba1af9daf701
DeepVoice,DEEPVOICE_FAKE_musk-to-biden_frag53,DEEPVOICE_FAKE_musk-to-biden_frag53,1,cc3bdf544cfc09bd9cc788f7f022ba1af9daf701
DeepVoice,DEEPVOICE_FAKE_musk-to-biden_frag54,DEEPVOICE_FAKE_musk-to-biden_frag54,1,cc3bdf544cfc09bd9cc788f7f022ba1af9daf701
DeepVoice,DEEPVOICE_FAKE_musk-to-biden_frag55,DEEPVOICE_FAKE_musk-to-biden_frag55,1,cc3bdf544cfc09bd9cc788f7f022ba1af9daf701
DeepVoice,DEEPVOICE_FAKE_musk-to-biden_frag56,DEEPVOICE_FAKE_musk-to-biden_frag56,1,cc3bdf544cfc09bd9cc788f7f022ba1af9daf701
DeepVoice,DEEPVOICE_FAKE_musk-to-biden_frag57,DEEPVOICE_FAKE_musk-to-biden_frag57,1,cc3bdf544cfc09bd9cc788f7f022ba1af9daf701
DeepVoice,DEEPVOICE_FAKE_musk-to-biden_frag58,DEEPVOICE_FAKE_musk-to-biden_frag58,1,cc3bdf544cfc09bd9cc788f7f022ba1af9daf701
DeepVoice,DEEPVOICE_FAKE_musk-to-biden_frag59,DEEPVOICE_FAKE_musk-to-biden_frag59,1,cc3bdf544cfc09bd9cc788f7f022ba1af9daf701
DeepVoice,DEEPVOICE_FAKE_musk-to-biden_frag6,DEEPVOICE_FAKE_musk-to-biden_frag6,1,cc3bdf544cfc09bd9cc788f7f022ba1af9daf701
DeepVoice,DEEPVOICE_FAKE_musk-to-biden_frag60,DEEPVOICE_FAKE_musk-to-biden_frag60,1,cc3bdf544cfc09bd9cc788f7f022ba1af9daf701
DeepVoice,DEEPVOICE_FAKE_musk-to-biden_frag61,DEEPVOICE_FAKE_musk-to-biden_frag61,1,cc3bdf544cfc09bd9cc788f7f022ba1af9daf701
DeepVoice,DEEPVOICE_FAKE_musk-to-biden_frag62,DEEPVOICE_FAKE_musk-to-biden_frag62,1,cc3bdf544cfc09bd9cc788f7f022ba1af9daf701
DeepVoice,DEEPVOICE_FAKE_musk-to-biden_frag63,DEEPVOICE_FAKE_musk-to-biden_frag63,1,cc3bdf544cfc09bd9cc788f7f022ba1af9daf701
DeepVoice,DEEPVOICE_FAKE_musk-to-biden_frag64,DEEPVOICE_FAKE_musk-to-biden_frag64,1,cc3bdf544cfc09bd9cc788f7f022ba1af9daf701
DeepVoice,DEEPVOICE_FAKE_musk-to-biden_frag65,DEEPVOICE_FAKE_musk-to-biden_frag65,1,cc3bdf544cfc09bd9cc788f7f022ba1af9daf701
DeepVoice,DEEPVOICE_FAKE_musk-to-biden_frag66,DEEPVOICE_FAKE_musk-to-biden_frag66,1,cc3bdf544cfc09bd9cc788f7f022ba1af9daf701
DeepVoice,DEEPVOICE_FAKE_musk-to-biden_frag67,DEEPVOICE_FAKE_musk-to-biden_frag67,1,cc3bdf544cfc09bd9cc788f7f022ba1af9daf701
DeepVoice,DEEPVOICE_FAKE_musk-to-biden_frag68,DEEPVOICE_FAKE_musk-to-biden_frag68,1,cc3bdf544cfc09bd9cc788f7f022ba1af9daf701
DeepVoice,DEEPVOICE_FAKE_musk-to-biden_frag69,DEEPVOICE_FAKE_musk-to-biden_frag69,1,cc3bdf544cfc09bd9cc788f7f022ba1af9daf701
DeepVoice,DEEPVOICE_FAKE_musk-to-biden_frag7,DEEPVOICE_FAKE_musk-to-biden_frag7,1,cc3bdf544cfc09bd9cc788f7f022ba1af9daf701
DeepVoice,DEEPVOICE_FAKE_musk-to-biden_frag70,DEEPVOICE_FAKE_musk-to-biden_frag70,1,cc3bdf544cfc09bd9cc788f7f022ba1af9daf701
DeepVoice,DEEPVOICE_FAKE_musk-to-biden_frag71,DEEPVOICE_FAKE_musk-to-biden_frag71,1,cc3bdf544cfc09bd9cc788f7f022ba1af9daf701
DeepVoice,DEEPVOICE_FAKE_musk-to-biden_frag72,DEEPVOICE_FAKE_musk-to-biden_frag72,1,cc3bdf544cfc09bd9cc788f7f022ba1af9daf701
DeepVoice,DEEPVOICE_FAKE_musk-to-biden_frag73,DEEPVOICE_FAKE_musk-to-biden_frag73,1,cc3bdf544cfc09bd9cc788f7f022ba1af9daf701
DeepVoice,DEEPVOICE_FAKE_musk-to-biden_frag74,DEEPVOICE_FAKE_musk-to-biden_frag74,1,cc3bdf544cfc09bd9cc788f7f022ba1af9daf701
DeepVoice,DEEPVOICE_FAKE_musk-to-biden_frag75,DEEPVOICE_FAKE_musk-to-biden_frag75,1,cc3bdf544cfc09bd9cc788f7f022ba1af9daf701
DeepVoice,DEEPVOICE_FAKE_musk-to-biden_frag76,DEEPVOICE_FAKE_musk-to-biden_frag76,1,cc3bdf544cfc09bd9cc788f7f022ba1af9daf701
DeepVoice,DEEPVOICE_FAKE_musk-to-biden_frag77,DEEPVOICE_FAKE_musk-to-biden_frag77,1,cc3bdf544cfc09bd9cc788f7f022ba1af9daf701
DeepVoice,DEEPVOICE_FAKE_musk-to-biden_frag78,DEEPVOICE_FAKE_musk-to-biden_frag78,1,cc3bdf544cfc09bd9cc788f7f022ba1af9daf701
DeepVoice,DEEPVOICE_FAKE_musk-to-biden_frag79,DEEPVOICE_FAKE_musk-to-biden_frag79,1,cc3bdf544cfc09bd9cc788f7f022ba1af9daf701
DeepVoice,DEEPVOICE_FAKE_musk-to-biden_frag8,DEEPVOICE_FAKE_musk-to-biden_frag8,1,cc3bdf544cfc09bd9cc788f7f022ba1af9daf701
DeepVoice,DEEPVOICE_FAKE_musk-to-biden_frag80,DEEPVOICE_FAKE_musk-to-biden_frag80,1,cc3bdf544cfc09bd9cc788f7f022ba1af9daf701
DeepVoice,DEEPVOICE_FAKE_musk-to-biden_frag81,DEEPVOICE_FAKE_musk-to-biden_frag81,1,cc3bdf544cfc09bd9cc788f7f022ba1af9daf701
DeepVoice,DEEPVOICE_FAKE_musk-to-biden_frag82,DEEPVOICE_FAKE_musk-to-biden_frag82,1,cc3bdf544cfc09bd9cc788f7f022ba1af9daf701
DeepVoice,DEEPVOICE_FAKE_musk-to-biden_frag83,DEEPVOICE_FAKE_musk-to-biden_frag83,1,cc3bdf544cfc09bd9cc788f7f022ba1af9daf701
DeepVoice,DEEPVOICE_FAKE_musk-to-biden_frag84,DEEPVOICE_FAKE_musk-to-biden_frag84,1,cc3bdf544cfc09bd9cc788f7f022ba1af9daf701
DeepVoice,DEEPVOICE_FAKE_musk-to-biden_frag85,DEEPVOICE_FAKE_musk-to-biden_frag85,1,cc3bdf544cfc09bd9cc788f7f022ba1af9daf701
DeepVoice,DEEPVOICE_FAKE_musk-to-biden_frag86,DEEPVOICE_FAKE_musk-to-biden_frag86,1,cc3bdf544cfc09bd9cc788f7f022ba1af9daf701
DeepVoice,DEEPVOICE_FAKE_musk-to-biden_frag87,DEEPVOICE_FAKE_musk-to-biden_frag87,1,cc3bdf544cfc09bd9cc788f7f022ba1af9daf701
DeepVoice,DEEPVOICE_FAKE_musk-to-biden_frag88,DEEPVOICE_FAKE_musk-to-biden_frag88,1,cc3bdf544cfc09bd9cc788f7f022ba1af9daf701
DeepVoice,DEEPVOICE_FAKE_musk-to-biden_frag89,DEEPVOICE_FAKE_musk-to-biden_frag89,1,cc3bdf544cfc09bd9cc788f7f022ba1af9daf701
DeepVoice,DEEPVOICE_FAKE_musk-to-biden_frag9,DEEPVOICE_FAKE_musk-to-biden_frag9,1,cc3bdf544cfc09bd9cc788f7f022ba1af9daf701
DeepVoice,DEEPVOICE_FAKE_musk-to-biden_frag90,DEEPVOICE_FAKE_musk-to-biden_frag90,1,cc3bdf544cfc09bd9cc788f7f022ba1af9daf701
DeepVoice,DEEPVOICE_FAKE_musk-to-biden_frag91,DEEPVOICE_FAKE_musk-to-biden_frag91,1,cc3bdf544cfc09bd9cc788f7f022ba1af9daf701
DeepVoice,DEEPVOICE_FAKE_musk-to-biden_frag92,DEEPVOICE_FAKE_musk-to-biden_frag92,1,cc3bdf544cfc09bd9cc788f7f022ba1af9daf701
DeepVoice,DEEPVOICE_FAKE_musk-to-biden_frag93,DEEPVOICE_FAKE_musk-to-biden_frag93,1,cc3bdf544cfc09bd9cc788f7f022ba1af9daf701
DeepVoice,DEEPVOICE_FAKE_musk-to-biden_frag94,DEEPVOICE_FAKE_musk-to-biden_frag94,1,cc3bdf544cfc09bd9cc788f7f022ba1af9daf701
DeepVoice,DEEPVOICE_FAKE_musk-to-biden_frag95,DEEPVOICE_FAKE_musk-to-biden_frag95,1,cc3bdf544cfc09bd9cc788f7f022ba1af9daf701
DeepVoice,DEEPVOICE_FAKE_musk-to-biden_frag96,DEEPVOICE_FAKE_musk-to-biden_frag96,1,cc3bdf544cfc09bd9cc788f7f022ba1af9daf701
DeepVoice,DEEPVOICE_FAKE_musk-to-biden_frag97,DEEPVOICE_FAKE_musk-to-biden_frag97,1,cc3bdf544cfc09bd9cc788f7f022ba1af9daf701
DeepVoice,DEEPVOICE_FAKE_musk-to-biden_frag98,DEEPVOICE_FAKE_musk-to-biden_frag98,1,cc3bdf544cfc09bd9cc788f7f022ba1af9daf701
DeepVoice,DEEPVOICE_FAKE_musk-to-biden_frag99,DEEPVOICE_FAKE_musk-to-biden_frag99,1,cc3bdf544cfc09bd9cc788f7f022ba1af9daf701
DeepVoice,DEEPVOICE_FAKE_musk-to-linus_frag0,DEEPVOICE_FAKE_musk-to-linus_frag0,1,cc3bdf544cfc09bd9cc788f7f022ba1af9daf701
DeepVoice,DEEPVOICE_FAKE_musk-to-linus_frag1,DEEPVOICE_FAKE_musk-to-linus_frag1,1,cc3bdf544cfc09bd9cc788f7f022ba1af9daf701
DeepVoice,DEEPVOICE_FAKE_musk-to-linus_frag10,DEEPVOICE_FAKE_musk-to-linus_frag10,1,cc3bdf544cfc09bd9cc788f7f022ba1af9daf701
DeepVoice,DEEPVOICE_FAKE_musk-to-linus_frag100,DEEPVOICE_FAKE_musk-to-linus_frag100,1,cc3bdf544cfc09bd9cc788f7f022ba1af9daf701
DeepVoice,DEEPVOICE_FAKE_musk-to-linus_frag101,DEEPVOICE_FAKE_musk-to-linus_frag101,1,cc3bdf544cfc09bd9cc788f7f022ba1af9daf701
DeepVoice,DEEPVOICE_FAKE_musk-to-linus_frag102,DEEPVOICE_FAKE_musk-to-linus_frag102,1,cc3bdf544cfc09bd9cc788f7f022ba1af9daf701
DeepVoice,DEEPVOICE_FAKE_musk-to-linus_frag103,DEEPVOICE_FAKE_musk-to-linus_frag103,1,cc3bdf544cfc09bd9cc788f7f022ba1af9daf701
DeepVoice,DEEPVOICE_FAKE_musk-to-linus_frag11,DEEPVOICE_FAKE_musk-to-linus_frag11,1,cc3bdf544cfc09bd9cc788f7f022ba1af9daf701
DeepVoice,DEEPVOICE_FAKE_musk-to-linus_frag12,DEEPVOICE_FAKE_musk-to-linus_frag12,1,cc3bdf544cfc09bd9cc788f7f022ba1af9daf701
DeepVoice,DEEPVOICE_FAKE_musk-to-linus_frag13,DEEPVOICE_FAKE_musk-to-linus_frag13,1,cc3bdf544cfc09bd9cc788f7f022ba1af9daf701
DeepVoice,DEEPVOICE_FAKE_musk-to-linus_frag14,DEEPVOICE_FAKE_musk-to-linus_frag14,1,cc3bdf544cfc09bd9cc788f7f022ba1af9daf701
DeepVoice,DEEPVOICE_FAKE_musk-to-linus_frag15,DEEPVOICE_FAKE_musk-to-linus_frag15,1,cc3bdf544cfc09bd9cc788f7f022ba1af9daf701
DeepVoice,DEEPVOICE_FAKE_musk-to-linus_frag16,DEEPVOICE_FAKE_musk-to-linus_frag16,1,cc3bdf544cfc09bd9cc788f7f022ba1af9daf701
DeepVoice,DEEPVOICE_FAKE_musk-to-linus_frag17,DEEPVOICE_FAKE_musk-to-linus_frag17,1,cc3bdf544cfc09bd9cc788f7f022ba1af9daf701
DeepVoice,DEEPVOICE_FAKE_musk-to-linus_frag18,DEEPVOICE_FAKE_musk-to-linus_frag18,1,cc3bdf544cfc09bd9cc788f7f022ba1af9daf701
DeepVoice,DEEPVOICE_FAKE_musk-to-linus_frag19,DEEPVOICE_FAKE_musk-to-linus_frag19,1,cc3bdf544cfc09bd9cc788f7f022ba1af9daf701
DeepVoice,DEEPVOICE_FAKE_musk-to-linus_frag2,DEEPVOICE_FAKE_musk-to-linus_frag2,1,cc3bdf544cfc09bd9cc788f7f022ba1af9daf701
DeepVoice,DEEPVOICE_FAKE_musk-to-linus_frag20,DEEPVOICE_FAKE_musk-to-linus_frag20,1,cc3bdf544cfc09bd9cc788f7f022ba1af9daf701
DeepVoice,DEEPVOICE_FAKE_musk-to-linus_frag21,DEEPVOICE_FAKE_musk-to-linus_frag21,1,cc3bdf544cfc09bd9cc788f7f022ba1af9daf701
DeepVoice,DEEPVOICE_FAKE_musk-to-linus_frag22,DEEPVOICE_FAKE_musk-to-linus_frag22,1,cc3bdf544cfc09bd9cc788f7f022ba1af9daf701
DeepVoice,DEEPVOICE_FAKE_musk-to-linus_frag23,DEEPVOICE_FAKE_musk-to-linus_frag23,1,cc3bdf544cfc09bd9cc788f7f022ba1af9daf701
DeepVoice,DEEPVOICE_FAKE_musk-to-linus_frag24,DEEPVOICE_FAKE_musk-to-linus_frag24,1,cc3bdf544cfc09bd9cc788f7f022ba1af9daf701
DeepVoice,DEEPVOICE_FAKE_musk-to-linus_frag25,DEEPVOICE_FAKE_musk-to-linus_frag25,1,cc3bdf544cfc09bd9cc788f7f022ba1af9daf701
DeepVoice,DEEPVOICE_FAKE_musk-to-linus_frag26,DEEPVOICE_FAKE_musk-to-linus_frag26,1,cc3bdf544cfc09bd9cc788f7f022ba1af9daf701
DeepVoice,DEEPVOICE_FAKE_musk-to-linus_frag27,DEEPVOICE_FAKE_musk-to-linus_frag27,1,cc3bdf544cfc09bd9cc788f7f022ba1af9daf701
DeepVoice,DEEPVOICE_FAKE_musk-to-linus_frag28,DEEPVOICE_FAKE_musk-to-linus_frag28,1,cc3bdf544cfc09bd9cc788f7f022ba1af9daf701
DeepVoice,DEEPVOICE_FAKE_musk-to-linus_frag29,DEEPVOICE_FAKE_musk-to-linus_frag29,1,cc3bdf544cfc09bd9cc788f7f022ba1af9daf701
DeepVoice,DEEPVOICE_FAKE_musk-to-linus_frag3,DEEPVOICE_FAKE_musk-to-linus_frag3,1,cc3bdf544cfc09bd9cc788f7f022ba1af9daf701
DeepVoice,DEEPVOICE_FAKE_musk-to-linus_frag30,DEEPVOICE_FAKE_musk-to-linus_frag30,1,cc3bdf544cfc09bd9cc788f7f022ba1af9daf701
DeepVoice,DEEPVOICE_FAKE_musk-to-linus_frag31,DEEPVOICE_FAKE_musk-to-linus_frag31,1,cc3bdf544cfc09bd9cc788f7f022ba1af9daf701
DeepVoice,DEEPVOICE_FAKE_musk-to-linus_frag32,DEEPVOICE_FAKE_musk-to-linus_frag32,1,cc3bdf544cfc09bd9cc788f7f022ba1af9daf701
DeepVoice,DEEPVOICE_FAKE_musk-to-linus_frag33,DEEPVOICE_FAKE_musk-to-linus_frag33,1,cc3bdf544cfc09bd9cc788f7f022ba1af9daf701
DeepVoice,DEEPVOICE_FAKE_musk-to-linus_frag34,DEEPVOICE_FAKE_musk-to-linus_frag34,1,cc3bdf544cfc09bd9cc788f7f022ba1af9daf701
DeepVoice,DEEPVOICE_FAKE_musk-to-linus_frag35,DEEPVOICE_FAKE_musk-to-linus_frag35,1,cc3bdf544cfc09bd9cc788f7f022ba1af9daf701
DeepVoice,DEEPVOICE_FAKE_musk-to-linus_frag36,DEEPVOICE_FAKE_musk-to-linus_frag36,1,cc3bdf544cfc09bd9cc788f7f022ba1af9daf701
DeepVoice,DEEPVOICE_FAKE_musk-to-linus_frag37,DEEPVOICE_FAKE_musk-to-linus_frag37,1,cc3bdf544cfc09bd9cc788f7f022ba1af9daf701
DeepVoice,DEEPVOICE_FAKE_musk-to-linus_frag38,DEEPVOICE_FAKE_musk-to-linus_frag38,1,cc3bdf544cfc09bd9cc788f7f022ba1af9daf701
DeepVoice,DEEPVOICE_FAKE_musk-to-linus_frag39,DEEPVOICE_FAKE_musk-to-linus_frag39,1,cc3bdf544cfc09bd9cc788f7f022ba1af9daf701
DeepVoice,DEEPVOICE_FAKE_musk-to-linus_frag4,DEEPVOICE_FAKE_musk-to-linus_frag4,1,cc3bdf544cfc09bd9cc788f7f022ba1af9daf701
DeepVoice,DEEPVOICE_FAKE_musk-to-linus_frag40,DEEPVOICE_FAKE_musk-to-linus_frag40,1,cc3bdf544cfc09bd9cc788f7f022ba1af9daf701
DeepVoice,DEEPVOICE_FAKE_musk-to-linus_frag41,DEEPVOICE_FAKE_musk-to-linus_frag41,1,cc3bdf544cfc09bd9cc788f7f022ba1af9daf701
DeepVoice,DEEPVOICE_FAKE_musk-to-linus_frag42,DEEPVOICE_FAKE_musk-to-linus_frag42,1,cc3bdf544cfc09bd9cc788f7f022ba1af9daf701
DeepVoice,DEEPVOICE_FAKE_musk-to-linus_frag43,DEEPVOICE_FAKE_musk-to-linus_frag43,1,cc3bdf544cfc09bd9cc788f7f022ba1af9daf701
DeepVoice,DEEPVOICE_FAKE_musk-to-linus_frag44,DEEPVOICE_FAKE_musk-to-linus_frag44,1,cc3bdf544cfc09bd9cc788f7f022ba1af9daf701
DeepVoice,DEEPVOICE_FAKE_musk-to-linus_frag45,DEEPVOICE_FAKE_musk-to-linus_frag45,1,cc3bdf544cfc09bd9cc788f7f022ba1af9daf701
DeepVoice,DEEPVOICE_FAKE_musk-to-linus_frag46,DEEPVOICE_FAKE_musk-to-linus_frag46,1,cc3bdf544cfc09bd9cc788f7f022ba1af9daf701
DeepVoice,DEEPVOICE_FAKE_musk-to-linus_frag47,DEEPVOICE_FAKE_musk-to-linus_frag47,1,cc3bdf544cfc09bd9cc788f7f022ba1af9daf701
DeepVoice,DEEPVOICE_FAKE_musk-to-linus_frag48,DEEPVOICE_FAKE_musk-to-linus_frag48,1,cc3bdf544cfc09bd9cc788f7f022ba1af9daf701
DeepVoice,DEEPVOICE_FAKE_musk-to-linus_frag49,DEEPVOICE_FAKE_musk-to-linus_frag49,1,cc3bdf544cfc09bd9cc788f7f022ba1af9daf701
DeepVoice,DEEPVOICE_FAKE_musk-to-linus_frag5,DEEPVOICE_FAKE_musk-to-linus_frag5,1,cc3bdf544cfc09bd9cc788f7f022ba1af9daf701
DeepVoice,DEEPVOICE_FAKE_musk-to-linus_frag50,DEEPVOICE_FAKE_musk-to-linus_frag50,1,cc3bdf544cfc09bd9cc788f7f022ba1af9daf701
DeepVoice,DEEPVOICE_FAKE_musk-to-linus_frag51,DEEPVOICE_FAKE_musk-to-linus_frag51,1,cc3bdf544cfc09bd9cc788f7f022ba1af9daf701
DeepVoice,DEEPVOICE_FAKE_musk-to-linus_frag52,DEEPVOICE_FAKE_musk-to-linus_frag52,1,cc3bdf544cfc09bd9cc788f7f022ba1af9daf701
DeepVoice,DEEPVOICE_FAKE_musk-to-linus_frag53,DEEPVOICE_FAKE_musk-to-linus_frag53,1,cc3bdf544cfc09bd9cc788f7f022ba1af9daf701
DeepVoice,DEEPVOICE_FAKE_musk-to-linus_frag54,DEEPVOICE_FAKE_musk-to-linus_frag54,1,cc3bdf544cfc09bd9cc788f7f022ba1af9daf701
DeepVoice,DEEPVOICE_FAKE_musk-to-linus_frag55,DEEPVOICE_FAKE_musk-to-linus_frag55,1,cc3bdf544cfc09bd9cc788f7f022ba1af9daf701
DeepVoice,DEEPVOICE_FAKE_musk-to-linus_frag56,DEEPVOICE_FAKE_musk-to-linus_frag56,1,cc3bdf544cfc09bd9cc788f7f022ba1af9daf701
DeepVoice,DEEPVOICE_FAKE_musk-to-linus_frag57,DEEPVOICE_FAKE_musk-to-linus_frag57,1,cc3bdf544cfc09bd9cc788f7f022ba1af9daf701
DeepVoice,DEEPVOICE_FAKE_musk-to-linus_frag58,DEEPVOICE_FAKE_musk-to-linus_frag58,1,cc3bdf544cfc09bd9cc788f7f022ba1af9daf701
DeepVoice,DEEPVOICE_FAKE_musk-to-linus_frag59,DEEPVOICE_FAKE_musk-to-linus_frag59,1,cc3bdf544cfc09bd9cc788f7f022ba1af9daf701
DeepVoice,DEEPVOICE_FAKE_musk-to-linus_frag6,DEEPVOICE_FAKE_musk-to-linus_frag6,1,cc3bdf544cfc09bd9cc788f7f022ba1af9daf701
DeepVoice,DEEPVOICE_FAKE_musk-to-linus_frag60,DEEPVOICE_FAKE_musk-to-linus_frag60,1,cc3bdf544cfc09bd9cc788f7f022ba1af9daf701
DeepVoice,DEEPVOICE_FAKE_musk-to-linus_frag61,DEEPVOICE_FAKE_musk-to-linus_frag61,1,cc3bdf544cfc09bd9cc788f7f022ba1af9daf701
DeepVoice,DEEPVOICE_FAKE_musk-to-linus_frag62,DEEPVOICE_FAKE_musk-to-linus_frag62,1,cc3bdf544cfc09bd9cc788f7f022ba1af9daf701
DeepVoice,DEEPVOICE_FAKE_musk-to-linus_frag63,DEEPVOICE_FAKE_musk-to-linus_frag63,1,cc3bdf544cfc09bd9cc788f7f022ba1af9daf701
DeepVoice,DEEPVOICE_FAKE_musk-to-linus_frag64,DEEPVOICE_FAKE_musk-to-linus_frag64,1,cc3bdf544cfc09bd9cc788f7f022ba1af9daf701
DeepVoice,DEEPVOICE_FAKE_musk-to-linus_frag65,DEEPVOICE_FAKE_musk-to-linus_frag65,1,cc3bdf544cfc09bd9cc788f7f022ba1af9daf701
DeepVoice,DEEPVOICE_FAKE_musk-to-linus_frag66,DEEPVOICE_FAKE_musk-to-linus_frag66,1,cc3bdf544cfc09bd9cc788f7f022ba1af9daf701
DeepVoice,DEEPVOICE_FAKE_musk-to-linus_frag67,DEEPVOICE_FAKE_musk-to-linus_frag67,1,cc3bdf544cfc09bd9cc788f7f022ba1af9daf701
DeepVoice,DEEPVOICE_FAKE_musk-to-linus_frag68,DEEPVOICE_FAKE_musk-to-linus_frag68,1,cc3bdf544cfc09bd9cc788f7f022ba1af9daf701
DeepVoice,DEEPVOICE_FAKE_musk-to-linus_frag69,DEEPVOICE_FAKE_musk-to-linus_frag69,1,cc3bdf544cfc09bd9cc788f7f022ba1af9daf701
DeepVoice,DEEPVOICE_FAKE_musk-to-linus_frag7,DEEPVOICE_FAKE_musk-to-linus_frag7,1,cc3bdf544cfc09bd9cc788f7f022ba1af9daf701
DeepVoice,DEEPVOICE_FAKE_musk-to-linus_frag70,DEEPVOICE_FAKE_musk-to-linus_frag70,1,cc3bdf544cfc09bd9cc788f7f022ba1af9daf701
DeepVoice,DEEPVOICE_FAKE_musk-to-linus_frag71,DEEPVOICE_FAKE_musk-to-linus_frag71,1,cc3bdf544cfc09bd9cc788f7f022ba1af9daf701
DeepVoice,DEEPVOICE_FAKE_musk-to-linus_frag72,DEEPVOICE_FAKE_musk-to-linus_frag72,1,cc3bdf544cfc09bd9cc788f7f022ba1af9daf701
DeepVoice,DEEPVOICE_FAKE_musk-to-linus_frag73,DEEPVOICE_FAKE_musk-to-linus_frag73,1,cc3bdf544cfc09bd9cc788f7f022ba1af9daf701
DeepVoice,DEEPVOICE_FAKE_musk-to-linus_frag74,DEEPVOICE_FAKE_musk-to-linus_frag74,1,cc3bdf544cfc09bd9cc788f7f022ba1af9daf701
DeepVoice,DEEPVOICE_FAKE_musk-to-linus_frag75,DEEPVOICE_FAKE_musk-to-linus_frag75,1,cc3bdf544cfc09bd9cc788f7f022ba1af9daf701
DeepVoice,DEEPVOICE_FAKE_musk-to-linus_frag76,DEEPVOICE_FAKE_musk-to-linus_frag76,1,cc3bdf544cfc09bd9cc788f7f022ba1af9daf701
DeepVoice,DEEPVOICE_FAKE_musk-to-linus_frag77,DEEPVOICE_FAKE_musk-to-linus_frag77,1,cc3bdf544cfc09bd9cc788f7f022ba1af9daf701
DeepVoice,DEEPVOICE_FAKE_musk-to-linus_frag78,DEEPVOICE_FAKE_musk-to-linus_frag78,1,cc3bdf544cfc09bd9cc788f7f022ba1af9daf701
DeepVoice,DEEPVOICE_FAKE_musk-to-linus_frag79,DEEPVOICE_FAKE_musk-to-linus_frag79,1,cc3bdf544cfc09bd9cc788f7f022ba1af9daf701
DeepVoice,DEEPVOICE_FAKE_musk-to-linus_frag8,DEEPVOICE_FAKE_musk-to-linus_frag8,1,cc3bdf544cfc09bd9cc788f7f022ba1af9daf701
DeepVoice,DEEPVOICE_FAKE_musk-to-linus_frag80,DEEPVOICE_FAKE_musk-to-linus_frag80,1,cc3bdf544cfc09bd9cc788f7f022ba1af9daf701
DeepVoice,DEEPVOICE_FAKE_musk-to-linus_frag81,DEEPVOICE_FAKE_musk-to-linus_frag81,1,cc3bdf544cfc09bd9cc788f7f022ba1af9daf701
DeepVoice,DEEPVOICE_FAKE_musk-to-linus_frag82,DEEPVOICE_FAKE_musk-to-linus_frag82,1,cc3bdf544cfc09bd9cc788f7f022ba1af9daf701
DeepVoice,DEEPVOICE_FAKE_musk-to-linus_frag83,DEEPVOICE_FAKE_musk-to-linus_frag83,1,cc3bdf544cfc09bd9cc788f7f022ba1af9daf701
DeepVoice,DEEPVOICE_FAKE_musk-to-linus_frag84,DEEPVOICE_FAKE_musk-to-linus_frag84,1,cc3bdf544cfc09bd9cc788f7f022ba1af9daf701
DeepVoice,DEEPVOICE_FAKE_musk-to-linus_frag85,DEEPVOICE_FAKE_musk-to-linus_frag85,1,cc3bdf544cfc09bd9cc788f7f022ba1af9daf701
DeepVoice,DEEPVOICE_FAKE_musk-to-linus_frag86,DEEPVOICE_FAKE_musk-to-linus_frag86,1,cc3bdf544cfc09bd9cc788f7f022ba1af9daf701
DeepVoice,DEEPVOICE_FAKE_musk-to-linus_frag87,DEEPVOICE_FAKE_musk-to-linus_frag87,1,cc3bdf544cfc09bd9cc788f7f022ba1af9daf701
DeepVoice,DEEPVOICE_FAKE_musk-to-linus_frag88,DEEPVOICE_FAKE_musk-to-linus_frag88,1,cc3bdf544cfc09bd9cc788f7f022ba1af9daf701
DeepVoice,DEEPVOICE_FAKE_musk-to-linus_frag89,DEEPVOICE_FAKE_musk-to-linus_frag89,1,cc3bdf544cfc09bd9cc788f7f022ba1af9daf701
DeepVoice,DEEPVOICE_FAKE_musk-to-linus_frag9,DEEPVOICE_FAKE_musk-to-linus_frag9,1,cc3bdf544cfc09bd9cc788f7f022ba1af9daf701
DeepVoice,DEEPVOICE_FAKE_musk-to-linus_frag90,DEEPVOICE_FAKE_musk-to-linus_frag90,1,cc3bdf544cfc09bd9cc788f7f022ba1af9daf701
DeepVoice,DEEPVOICE_FAKE_musk-to-linus_frag91,DEEPVOICE_FAKE_musk-to-linus_frag91,1,cc3bdf544cfc09bd9cc788f7f022ba1af9daf701
DeepVoice,DEEPVOICE_FAKE_musk-to-linus_frag92,DEEPVOICE_FAKE_musk-to-linus_frag92,1,cc3bdf544cfc09bd9cc788f7f022ba1af9daf701
DeepVoice,DEEPVOICE_FAKE_musk-to-linus_frag93,DEEPVOICE_FAKE_musk-to-linus_frag93,1,cc3bdf544cfc09bd9cc788f7f022ba1af9daf701
DeepVoice,DEEPVOICE_FAKE_musk-to-linus_frag94,DEEPVOICE_FAKE_musk-to-linus_frag94,1,cc3bdf544cfc09bd9cc788f7f022ba1af9daf701
DeepVoice,DEEPVOICE_FAKE_musk-to-linus_frag95,DEEPVOICE_FAKE_musk-to-linus_frag95,1,cc3bdf544cfc09bd9cc788f7f022ba1af9daf701
DeepVoice,DEEPVOICE_FAKE_musk-to-linus_frag96,DEEPVOICE_FAKE_musk-to-linus_frag96,1,cc3bdf544cfc09bd9cc788f7f022ba1af9daf701
DeepVoice,DEEPVOICE_FAKE_musk-to-linus_frag97,DEEPVOICE_FAKE_musk-to-linus_frag97,1,cc3bdf544cfc09bd9cc788f7f022ba1af9daf701
DeepVoice,DEEPVOICE_FAKE_musk-to-linus_frag98,DEEPVOICE_FAKE_musk-to-linus_frag98,1,cc3bdf544cfc09bd9cc788f7f022ba1af9daf701
DeepVoice,DEEPVOICE_FAKE_musk-to-linus_frag99,DEEPVOICE_FAKE_musk-to-linus_frag99,1,cc3bdf544cfc09bd9cc788f7f022ba1af9daf701
DeepVoice,DEEPVOICE_FAKE_musk-to-margot_frag0,DEEPVOICE_FAKE_musk-to-margot_frag0,1,cc3bdf544cfc09bd9cc788f7f022ba1af9daf701
DeepVoice,DEEPVOICE_FAKE_musk-to-margot_frag1,DEEPVOICE_FAKE_musk-to-margot_frag1,1,cc3bdf544cfc09bd9cc788f7f022ba1af9daf701
DeepVoice,DEEPVOICE_FAKE_musk-to-margot_frag10,DEEPVOICE_FAKE_musk-to-margot_frag10,1,cc3bdf544cfc09bd9cc788f7f022ba1af9daf701
DeepVoice,DEEPVOICE_FAKE_musk-to-margot_frag100,DEEPVOICE_FAKE_musk-to-margot_frag100,1,cc3bdf544cfc09bd9cc788f7f022ba1af9daf701
DeepVoice,DEEPVOICE_FAKE_musk-to-margot_frag11,DEEPVOICE_FAKE_musk-to-margot_frag11,1,cc3bdf544cfc09bd9cc788f7f022ba1af9daf701
DeepVoice,DEEPVOICE_FAKE_musk-to-margot_frag12,DEEPVOICE_FAKE_musk-to-margot_frag12,1,cc3bdf544cfc09bd9cc788f7f022ba1af9daf701
DeepVoice,DEEPVOICE_FAKE_musk-to-margot_frag13,DEEPVOICE_FAKE_musk-to-margot_frag13,1,cc3bdf544cfc09bd9cc788f7f022ba1af9daf701
DeepVoice,DEEPVOICE_FAKE_musk-to-margot_frag14,DEEPVOICE_FAKE_musk-to-margot_frag14,1,cc3bdf544cfc09bd9cc788f7f022ba1af9daf701
DeepVoice,DEEPVOICE_FAKE_musk-to-margot_frag15,DEEPVOICE_FAKE_musk-to-margot_frag15,1,cc3bdf544cfc09bd9cc788f7f022ba1af9daf701
DeepVoice,DEEPVOICE_FAKE_musk-to-margot_frag16,DEEPVOICE_FAKE_musk-to-margot_frag16,1,cc3bdf544cfc09bd9cc788f7f022ba1af9daf701
DeepVoice,DEEPVOICE_FAKE_musk-to-margot_frag17,DEEPVOICE_FAKE_musk-to-margot_frag17,1,cc3bdf544cfc09bd9cc788f7f022ba1af9daf701
DeepVoice,DEEPVOICE_FAKE_musk-to-margot_frag18,DEEPVOICE_FAKE_musk-to-margot_frag18,1,cc3bdf544cfc09bd9cc788f7f022ba1af9daf701
DeepVoice,DEEPVOICE_FAKE_musk-to-margot_frag19,DEEPVOICE_FAKE_musk-to-margot_frag19,1,cc3bdf544cfc09bd9cc788f7f022ba1af9daf701
DeepVoice,DEEPVOICE_FAKE_musk-to-margot_frag2,DEEPVOICE_FAKE_musk-to-margot_frag2,1,cc3bdf544cfc09bd9cc788f7f022ba1af9daf701
DeepVoice,DEEPVOICE_FAKE_musk-to-margot_frag20,DEEPVOICE_FAKE_musk-to-margot_frag20,1,cc3bdf544cfc09bd9cc788f7f022ba1af9daf701
DeepVoice,DEEPVOICE_FAKE_musk-to-margot_frag21,DEEPVOICE_FAKE_musk-to-margot_frag21,1,cc3bdf544cfc09bd9cc788f7f022ba1af9daf701
DeepVoice,DEEPVOICE_FAKE_musk-to-margot_frag22,DEEPVOICE_FAKE_musk-to-margot_frag22,1,cc3bdf544cfc09bd9cc788f7f022ba1af9daf701
DeepVoice,DEEPVOICE_FAKE_musk-to-margot_frag23,DEEPVOICE_FAKE_musk-to-margot_frag23,1,cc3bdf544cfc09bd9cc788f7f022ba1af9daf701
DeepVoice,DEEPVOICE_FAKE_musk-to-margot_frag24,DEEPVOICE_FAKE_musk-to-margot_frag24,1,cc3bdf544cfc09bd9cc788f7f022ba1af9daf701
DeepVoice,DEEPVOICE_FAKE_musk-to-margot_frag25,DEEPVOICE_FAKE_musk-to-margot_frag25,1,cc3bdf544cfc09bd9cc788f7f022ba1af9daf701
DeepVoice,DEEPVOICE_FAKE_musk-to-margot_frag26,DEEPVOICE_FAKE_musk-to-margot_frag26,1,cc3bdf544cfc09bd9cc788f7f022ba1af9daf701
DeepVoice,DEEPVOICE_FAKE_musk-to-margot_frag27,DEEPVOICE_FAKE_musk-to-margot_frag27,1,cc3bdf544cfc09bd9cc788f7f022ba1af9daf701
DeepVoice,DEEPVOICE_FAKE_musk-to-margot_frag28,DEEPVOICE_FAKE_musk-to-margot_frag28,1,cc3bdf544cfc09bd9cc788f7f022ba1af9daf701
DeepVoice,DEEPVOICE_FAKE_musk-to-margot_frag29,DEEPVOICE_FAKE_musk-to-margot_frag29,1,cc3bdf544cfc09bd9cc788f7f022ba1af9daf701
DeepVoice,DEEPVOICE_FAKE_musk-to-margot_frag3,DEEPVOICE_FAKE_musk-to-margot_frag3,1,cc3bdf544cfc09bd9cc788f7f022ba1af9daf701
DeepVoice,DEEPVOICE_FAKE_musk-to-margot_frag30,DEEPVOICE_FAKE_musk-to-margot_frag30,1,cc3bdf544cfc09bd9cc788f7f022ba1af9daf701
DeepVoice,DEEPVOICE_FAKE_musk-to-margot_frag31,DEEPVOICE_FAKE_musk-to-margot_frag31,1,cc3bdf544cfc09bd9cc788f7f022ba1af9daf701
DeepVoice,DEEPVOICE_FAKE_musk-to-margot_frag32,DEEPVOICE_FAKE_musk-to-margot_frag32,1,cc3bdf544cfc09bd9cc788f7f022ba1af9daf701
DeepVoice,DEEPVOICE_FAKE_musk-to-margot_frag33,DEEPVOICE_FAKE_musk-to-margot_frag33,1,cc3bdf544cfc09bd9cc788f7f022ba1af9daf701
DeepVoice,DEEPVOICE_FAKE_musk-to-margot_frag34,DEEPVOICE_FAKE_musk-to-margot_frag34,1,cc3bdf544cfc09bd9cc788f7f022ba1af9daf701
DeepVoice,DEEPVOICE_FAKE_musk-to-margot_frag35,DEEPVOICE_FAKE_musk-to-margot_frag35,1,cc3bdf544cfc09bd9cc788f7f022ba1af9daf701
DeepVoice,DEEPVOICE_FAKE_musk-to-margot_frag36,DEEPVOICE_FAKE_musk-to-margot_frag36,1,cc3bdf544cfc09bd9cc788f7f022ba1af9daf701
DeepVoice,DEEPVOICE_FAKE_musk-to-margot_frag37,DEEPVOICE_FAKE_musk-to-margot_frag37,1,cc3bdf544cfc09bd9cc788f7f022ba1af9daf701
DeepVoice,DEEPVOICE_FAKE_musk-to-margot_frag38,DEEPVOICE_FAKE_musk-to-margot_frag38,1,cc3bdf544cfc09bd9cc788f7f022ba1af9daf701
DeepVoice,DEEPVOICE_FAKE_musk-to-margot_frag39,DEEPVOICE_FAKE_musk-to-margot_frag39,1,cc3bdf544cfc09bd9cc788f7f022ba1af9daf701
DeepVoice,DEEPVOICE_FAKE_musk-to-margot_frag4,DEEPVOICE_FAKE_musk-to-margot_frag4,1,cc3bdf544cfc09bd9cc788f7f022ba1af9daf701
DeepVoice,DEEPVOICE_FAKE_musk-to-margot_frag40,DEEPVOICE_FAKE_musk-to-margot_frag40,1,cc3bdf544cfc09bd9cc788f7f022ba1af9daf701
DeepVoice,DEEPVOICE_FAKE_musk-to-margot_frag41,DEEPVOICE_FAKE_musk-to-margot_frag41,1,cc3bdf544cfc09bd9cc788f7f022ba1af9daf701
DeepVoice,DEEPVOICE_FAKE_musk-to-margot_frag42,DEEPVOICE_FAKE_musk-to-margot_frag42,1,cc3bdf544cfc09bd9cc788f7f022ba1af9daf701
DeepVoice,DEEPVOICE_FAKE_musk-to-margot_frag43,DEEPVOICE_FAKE_musk-to-margot_frag43,1,cc3bdf544cfc09bd9cc788f7f022ba1af9daf701
DeepVoice,DEEPVOICE_FAKE_musk-to-margot_frag44,DEEPVOICE_FAKE_musk-to-margot_frag44,1,cc3bdf544cfc09bd9cc788f7f022ba1af9daf701
DeepVoice,DEEPVOICE_FAKE_musk-to-margot_frag45,DEEPVOICE_FAKE_musk-to-margot_frag45,1,cc3bdf544cfc09bd9cc788f7f022ba1af9daf701
DeepVoice,DEEPVOICE_FAKE_musk-to-margot_frag46,DEEPVOICE_FAKE_musk-to-margot_frag46,1,cc3bdf544cfc09bd9cc788f7f022ba1af9daf701
DeepVoice,DEEPVOICE_FAKE_musk-to-margot_frag47,DEEPVOICE_FAKE_musk-to-margot_frag47,1,cc3bdf544cfc09bd9cc788f7f022ba1af9daf701
DeepVoice,DEEPVOICE_FAKE_musk-to-margot_frag48,DEEPVOICE_FAKE_musk-to-margot_frag48,1,cc3bdf544cfc09bd9cc788f7f022ba1af9daf701
DeepVoice,DEEPVOICE_FAKE_musk-to-margot_frag49,DEEPVOICE_FAKE_musk-to-margot_frag49,1,cc3bdf544cfc09bd9cc788f7f022ba1af9daf701
DeepVoice,DEEPVOICE_FAKE_musk-to-margot_frag5,DEEPVOICE_FAKE_musk-to-margot_frag5,1,cc3bdf544cfc09bd9cc788f7f022ba1af9daf701
DeepVoice,DEEPVOICE_FAKE_musk-to-margot_frag50,DEEPVOICE_FAKE_musk-to-margot_frag50,1,cc3bdf544cfc09bd9cc788f7f022ba1af9daf701
DeepVoice,DEEPVOICE_FAKE_musk-to-margot_frag51,DEEPVOICE_FAKE_musk-to-margot_frag51,1,cc3bdf544cfc09bd9cc788f7f022ba1af9daf701
DeepVoice,DEEPVOICE_FAKE_musk-to-margot_frag52,DEEPVOICE_FAKE_musk-to-margot_frag52,1,cc3bdf544cfc09bd9cc788f7f022ba1af9daf701
DeepVoice,DEEPVOICE_FAKE_musk-to-margot_frag53,DEEPVOICE_FAKE_musk-to-margot_frag53,1,cc3bdf544cfc09bd9cc788f7f022ba1af9daf701
DeepVoice,DEEPVOICE_FAKE_musk-to-margot_frag54,DEEPVOICE_FAKE_musk-to-margot_frag54,1,cc3bdf544cfc09bd9cc788f7f022ba1af9daf701
DeepVoice,DEEPVOICE_FAKE_musk-to-margot_frag55,DEEPVOICE_FAKE_musk-to-margot_frag55,1,cc3bdf544cfc09bd9cc788f7f022ba1af9daf701
DeepVoice,DEEPVOICE_FAKE_musk-to-margot_frag56,DEEPVOICE_FAKE_musk-to-margot_frag56,1,cc3bdf544cfc09bd9cc788f7f022ba1af9daf701
DeepVoice,DEEPVOICE_FAKE_musk-to-margot_frag57,DEEPVOICE_FAKE_musk-to-margot_frag57,1,cc3bdf544cfc09bd9cc788f7f022ba1af9daf701
DeepVoice,DEEPVOICE_FAKE_musk-to-margot_frag58,DEEPVOICE_FAKE_musk-to-margot_frag58,1,cc3bdf544cfc09bd9cc788f7f022ba1af9daf701
DeepVoice,DEEPVOICE_FAKE_musk-to-margot_frag59,DEEPVOICE_FAKE_musk-to-margot_frag59,1,cc3bdf544cfc09bd9cc788f7f022ba1af9daf701
DeepVoice,DEEPVOICE_FAKE_musk-to-margot_frag6,DEEPVOICE_FAKE_musk-to-margot_frag6,1,cc3bdf544cfc09bd9cc788f7f022ba1af9daf701
DeepVoice,DEEPVOICE_FAKE_musk-to-margot_frag60,DEEPVOICE_FAKE_musk-to-margot_frag60,1,cc3bdf544cfc09bd9cc788f7f022ba1af9daf701
DeepVoice,DEEPVOICE_FAKE_musk-to-margot_frag61,DEEPVOICE_FAKE_musk-to-margot_frag61,1,cc3bdf544cfc09bd9cc788f7f022ba1af9daf701
DeepVoice,DEEPVOICE_FAKE_musk-to-margot_frag62,DEEPVOICE_FAKE_musk-to-margot_frag62,1,cc3bdf544cfc09bd9cc788f7f022ba1af9daf701
DeepVoice,DEEPVOICE_FAKE_musk-to-margot_frag63,DEEPVOICE_FAKE_musk-to-margot_frag63,1,cc3bdf544cfc09bd9cc788f7f022ba1af9daf701
DeepVoice,DEEPVOICE_FAKE_musk-to-margot_frag64,DEEPVOICE_FAKE_musk-to-margot_frag64,1,cc3bdf544cfc09bd9cc788f7f022ba1af9daf701
DeepVoice,DEEPVOICE_FAKE_musk-to-margot_frag65,DEEPVOICE_FAKE_musk-to-margot_frag65,1,cc3bdf544cfc09bd9cc788f7f022ba1af9daf701
DeepVoice,DEEPVOICE_FAKE_musk-to-margot_frag66,DEEPVOICE_FAKE_musk-to-margot_frag66,1,cc3bdf544cfc09bd9cc788f7f022ba1af9daf701
DeepVoice,DEEPVOICE_FAKE_musk-to-margot_frag67,DEEPVOICE_FAKE_musk-to-margot_frag67,1,cc3bdf544cfc09bd9cc788f7f022ba1af9daf701
DeepVoice,DEEPVOICE_FAKE_musk-to-margot_frag68,DEEPVOICE_FAKE_musk-to-margot_frag68,1,cc3bdf544cfc09bd9cc788f7f022ba1af9daf701
DeepVoice,DEEPVOICE_FAKE_musk-to-margot_frag69,DEEPVOICE_FAKE_musk-to-margot_frag69,1,cc3bdf544cfc09bd9cc788f7f022ba1af9daf701
DeepVoice,DEEPVOICE_FAKE_musk-to-margot_frag7,DEEPVOICE_FAKE_musk-to-margot_frag7,1,cc3bdf544cfc09bd9cc788f7f022ba1af9daf701
DeepVoice,DEEPVOICE_FAKE_musk-to-margot_frag70,DEEPVOICE_FAKE_musk-to-margot_frag70,1,cc3bdf544cfc09bd9cc788f7f022ba1af9daf701
DeepVoice,DEEPVOICE_FAKE_musk-to-margot_frag71,DEEPVOICE_FAKE_musk-to-margot_frag71,1,cc3bdf544cfc09bd9cc788f7f022ba1af9daf701
DeepVoice,DEEPVOICE_FAKE_musk-to-margot_frag72,DEEPVOICE_FAKE_musk-to-margot_frag72,1,cc3bdf544cfc09bd9cc788f7f022ba1af9daf701
DeepVoice,DEEPVOICE_FAKE_musk-to-margot_frag73,DEEPVOICE_FAKE_musk-to-margot_frag73,1,cc3bdf544cfc09bd9cc788f7f022ba1af9daf701
DeepVoice,DEEPVOICE_FAKE_musk-to-margot_frag74,DEEPVOICE_FAKE_musk-to-margot_frag74,1,cc3bdf544cfc09bd9cc788f7f022ba1af9daf701
DeepVoice,DEEPVOICE_FAKE_musk-to-margot_frag75,DEEPVOICE_FAKE_musk-to-margot_frag75,1,cc3bdf544cfc09bd9cc788f7f022ba1af9daf701
DeepVoice,DEEPVOICE_FAKE_musk-to-margot_frag76,DEEPVOICE_FAKE_musk-to-margot_frag76,1,cc3bdf544cfc09bd9cc788f7f022ba1af9daf701
DeepVoice,DEEPVOICE_FAKE_musk-to-margot_frag77,DEEPVOICE_FAKE_musk-to-margot_frag77,1,cc3bdf544cfc09bd9cc788f7f022ba1af9daf701
DeepVoice,DEEPVOICE_FAKE_musk-to-margot_frag78,DEEPVOICE_FAKE_musk-to-margot_frag78,1,cc3bdf544cfc09bd9cc788f7f022ba1af9daf701
DeepVoice,DEEPVOICE_FAKE_musk-to-margot_frag79,DEEPVOICE_FAKE_musk-to-margot_frag79,1,cc3bdf544cfc09bd9cc788f7f022ba1af9daf701
DeepVoice,DEEPVOICE_FAKE_musk-to-margot_frag8,DEEPVOICE_FAKE_musk-to-margot_frag8,1,cc3bdf544cfc09bd9cc788f7f022ba1af9daf701
DeepVoice,DEEPVOICE_FAKE_musk-to-margot_frag80,DEEPVOICE_FAKE_musk-to-margot_frag80,1,cc3bdf544cfc09bd9cc788f7f022ba1af9daf701
DeepVoice,DEEPVOICE_FAKE_musk-to-margot_frag81,DEEPVOICE_FAKE_musk-to-margot_frag81,1,cc3bdf544cfc09bd9cc788f7f022ba1af9daf701
DeepVoice,DEEPVOICE_FAKE_musk-to-margot_frag82,DEEPVOICE_FAKE_musk-to-margot_frag82,1,cc3bdf544cfc09bd9cc788f7f022ba1af9daf701
DeepVoice,DEEPVOICE_FAKE_musk-to-margot_frag83,DEEPVOICE_FAKE_musk-to-margot_frag83,1,cc3bdf544cfc09bd9cc788f7f022ba1af9daf701
DeepVoice,DEEPVOICE_FAKE_musk-to-margot_frag84,DEEPVOICE_FAKE_musk-to-margot_frag84,1,cc3bdf544cfc09bd9cc788f7f022ba1af9daf701
DeepVoice,DEEPVOICE_FAKE_musk-to-margot_frag85,DEEPVOICE_FAKE_musk-to-margot_frag85,1,cc3bdf544cfc09bd9cc788f7f022ba1af9daf701
DeepVoice,DEEPVOICE_FAKE_musk-to-margot_frag86,DEEPVOICE_FAKE_musk-to-margot_frag86,1,cc3bdf544cfc09bd9cc788f7f022ba1af9daf701
DeepVoice,DEEPVOICE_FAKE_musk-to-margot_frag87,DEEPVOICE_FAKE_musk-to-margot_frag87,1,cc3bdf544cfc09bd9cc788f7f022ba1af9daf701
DeepVoice,DEEPVOICE_FAKE_musk-to-margot_frag88,DEEPVOICE_FAKE_musk-to-margot_frag88,1,cc3bdf544cfc09bd9cc788f7f022ba1af9daf701
DeepVoice,DEEPVOICE_FAKE_musk-to-margot_frag89,DEEPVOICE_FAKE_musk-to-margot_frag89,1,cc3bdf544cfc09bd9cc788f7f022ba1af9daf701
DeepVoice,DEEPVOICE_FAKE_musk-to-margot_frag9,DEEPVOICE_FAKE_musk-to-margot_frag9,1,cc3bdf544cfc09bd9cc788f7f022ba1af9daf701
DeepVoice,DEEPVOICE_FAKE_musk-to-margot_frag90,DEEPVOICE_FAKE_musk-to-margot_frag90,1,cc3bdf544cfc09bd9cc788f7f022ba1af9daf701
DeepVoice,DEEPVOICE_FAKE_musk-to-margot_frag91,DEEPVOICE_FAKE_musk-to-margot_frag91,1,cc3bdf544cfc09bd9cc788f7f022ba1af9daf701
DeepVoice,DEEPVOICE_FAKE_musk-to-margot_frag92,DEEPVOICE_FAKE_musk-to-margot_frag92,1,cc3bdf544cfc09bd9cc788f7f022ba1af9daf701
DeepVoice,DEEPVOICE_FAKE_musk-to-margot_frag93,DEEPVOICE_FAKE_musk-to-margot_frag93,1,cc3bdf544cfc09bd9cc788f7f022ba1af9daf701
DeepVoice,DEEPVOICE_FAKE_musk-to-margot_frag94,DEEPVOICE_FAKE_musk-to-margot_frag94,1,cc3bdf544cfc09bd9cc788f7f022ba1af9daf701
DeepVoice,DEEPVOICE_FAKE_musk-to-margot_frag95,DEEPVOICE_FAKE_musk-to-margot_frag95,1,cc3bdf544cfc09bd9cc788f7f022ba1af9daf701
DeepVoice,DEEPVOICE_FAKE_musk-to-margot_frag96,DEEPVOICE_FAKE_musk-to-margot_frag96,1,cc3bdf544cfc09bd9cc788f7f022ba1af9daf701
DeepVoice,DEEPVOICE_FAKE_musk-to-margot_frag97,DEEPVOICE_FAKE_musk-to-margot_frag97,1,cc3bdf544cfc09bd9cc788f7f022ba1af9daf701
DeepVoice,DEEPVOICE_FAKE_musk-to-margot_frag98,DEEPVOICE_FAKE_musk-to-margot_frag98,1,cc3bdf544cfc09bd9cc788f7f022ba1af9daf701
DeepVoice,DEEPVOICE_FAKE_musk-to-margot_frag99,DEEPVOICE_FAKE_musk-to-margot_frag99,1,cc3bdf544cfc09bd9cc788f7f022ba1af9daf701
DeepVoice,DEEPVOICE_FAKE_musk-to-obama_frag0,DEEPVOICE_FAKE_musk-to-obama_frag0,1,cc3bdf544cfc09bd9cc788f7f022ba1af9daf701
DeepVoice,DEEPVOICE_FAKE_musk-to-obama_frag1,DEEPVOICE_FAKE_musk-to-obama_frag1,1,cc3bdf544cfc09bd9cc788f7f022ba1af9daf701
DeepVoice,DEEPVOICE_FAKE_musk-to-obama_frag10,DEEPVOICE_FAKE_musk-to-obama_frag10,1,cc3bdf544cfc09bd9cc788f7f022ba1af9daf701
DeepVoice,DEEPVOICE_FAKE_musk-to-obama_frag100,DEEPVOICE_FAKE_musk-to-obama_frag100,1,cc3bdf544cfc09bd9cc788f7f022ba1af9daf701
DeepVoice,DEEPVOICE_FAKE_musk-to-obama_frag101,DEEPVOICE_FAKE_musk-to-obama_frag101,1,cc3bdf544cfc09bd9cc788f7f022ba1af9daf701
DeepVoice,DEEPVOICE_FAKE_musk-to-obama_frag102,DEEPVOICE_FAKE_musk-to-obama_frag102,1,cc3bdf544cfc09bd9cc788f7f022ba1af9daf701
DeepVoice,DEEPVOICE_FAKE_musk-to-obama_frag11,DEEPVOICE_FAKE_musk-to-obama_frag11,1,cc3bdf544cfc09bd9cc788f7f022ba1af9daf701
DeepVoice,DEEPVOICE_FAKE_musk-to-obama_frag12,DEEPVOICE_FAKE_musk-to-obama_frag12,1,cc3bdf544cfc09bd9cc788f7f022ba1af9daf701
DeepVoice,DEEPVOICE_FAKE_musk-to-obama_frag13,DEEPVOICE_FAKE_musk-to-obama_frag13,1,cc3bdf544cfc09bd9cc788f7f022ba1af9daf701
DeepVoice,DEEPVOICE_FAKE_musk-to-obama_frag14,DEEPVOICE_FAKE_musk-to-obama_frag14,1,cc3bdf544cfc09bd9cc788f7f022ba1af9daf701
DeepVoice,DEEPVOICE_FAKE_musk-to-obama_frag15,DEEPVOICE_FAKE_musk-to-obama_frag15,1,cc3bdf544cfc09bd9cc788f7f022ba1af9daf701
DeepVoice,DEEPVOICE_FAKE_musk-to-obama_frag16,DEEPVOICE_FAKE_musk-to-obama_frag16,1,cc3bdf544cfc09bd9cc788f7f022ba1af9daf701
DeepVoice,DEEPVOICE_FAKE_musk-to-obama_frag17,DEEPVOICE_FAKE_musk-to-obama_frag17,1,cc3bdf544cfc09bd9cc788f7f022ba1af9daf701
DeepVoice,DEEPVOICE_FAKE_musk-to-obama_frag18,DEEPVOICE_FAKE_musk-to-obama_frag18,1,cc3bdf544cfc09bd9cc788f7f022ba1af9daf701
DeepVoice,DEEPVOICE_FAKE_musk-to-obama_frag19,DEEPVOICE_FAKE_musk-to-obama_frag19,1,cc3bdf544cfc09bd9cc788f7f022ba1af9daf701
DeepVoice,DEEPVOICE_FAKE_musk-to-obama_frag2,DEEPVOICE_FAKE_musk-to-obama_frag2,1,cc3bdf544cfc09bd9cc788f7f022ba1af9daf701
DeepVoice,DEEPVOICE_FAKE_musk-to-obama_frag20,DEEPVOICE_FAKE_musk-to-obama_frag20,1,cc3bdf544cfc09bd9cc788f7f022ba1af9daf701
DeepVoice,DEEPVOICE_FAKE_musk-to-obama_frag21,DEEPVOICE_FAKE_musk-to-obama_frag21,1,cc3bdf544cfc09bd9cc788f7f022ba1af9daf701
DeepVoice,DEEPVOICE_FAKE_musk-to-obama_frag22,DEEPVOICE_FAKE_musk-to-obama_frag22,1,cc3bdf544cfc09bd9cc788f7f022ba1af9daf701
DeepVoice,DEEPVOICE_FAKE_musk-to-obama_frag23,DEEPVOICE_FAKE_musk-to-obama_frag23,1,cc3bdf544cfc09bd9cc788f7f022ba1af9daf701
DeepVoice,DEEPVOICE_FAKE_musk-to-obama_frag24,DEEPVOICE_FAKE_musk-to-obama_frag24,1,cc3bdf544cfc09bd9cc788f7f022ba1af9daf701
DeepVoice,DEEPVOICE_FAKE_musk-to-obama_frag25,DEEPVOICE_FAKE_musk-to-obama_frag25,1,cc3bdf544cfc09bd9cc788f7f022ba1af9daf701
DeepVoice,DEEPVOICE_FAKE_musk-to-obama_frag26,DEEPVOICE_FAKE_musk-to-obama_frag26,1,cc3bdf544cfc09bd9cc788f7f022ba1af9daf701
DeepVoice,DEEPVOICE_FAKE_musk-to-obama_frag27,DEEPVOICE_FAKE_musk-to-obama_frag27,1,cc3bdf544cfc09bd9cc788f7f022ba1af9daf701
DeepVoice,DEEPVOICE_FAKE_musk-to-obama_frag28,DEEPVOICE_FAKE_musk-to-obama_frag28,1,cc3bdf544cfc09bd9cc788f7f022ba1af9daf701
DeepVoice,DEEPVOICE_FAKE_musk-to-obama_frag29,DEEPVOICE_FAKE_musk-to-obama_frag29,1,cc3bdf544cfc09bd9cc788f7f022ba1af9daf701
DeepVoice,DEEPVOICE_FAKE_musk-to-obama_frag3,DEEPVOICE_FAKE_musk-to-obama_frag3,1,cc3bdf544cfc09bd9cc788f7f022ba1af9daf701
DeepVoice,DEEPVOICE_FAKE_musk-to-obama_frag30,DEEPVOICE_FAKE_musk-to-obama_frag30,1,cc3bdf544cfc09bd9cc788f7f022ba1af9daf701
DeepVoice,DEEPVOICE_FAKE_musk-to-obama_frag31,DEEPVOICE_FAKE_musk-to-obama_frag31,1,cc3bdf544cfc09bd9cc788f7f022ba1af9daf701
DeepVoice,DEEPVOICE_FAKE_musk-to-obama_frag32,DEEPVOICE_FAKE_musk-to-obama_frag32,1,cc3bdf544cfc09bd9cc788f7f022ba1af9daf701
DeepVoice,DEEPVOICE_FAKE_musk-to-obama_frag33,DEEPVOICE_FAKE_musk-to-obama_frag33,1,cc3bdf544cfc09bd9cc788f7f022ba1af9daf701
DeepVoice,DEEPVOICE_FAKE_musk-to-obama_frag34,DEEPVOICE_FAKE_musk-to-obama_frag34,1,cc3bdf544cfc09bd9cc788f7f022ba1af9daf701
DeepVoice,DEEPVOICE_FAKE_musk-to-obama_frag35,DEEPVOICE_FAKE_musk-to-obama_frag35,1,cc3bdf544cfc09bd9cc788f7f022ba1af9daf701
DeepVoice,DEEPVOICE_FAKE_musk-to-obama_frag36,DEEPVOICE_FAKE_musk-to-obama_frag36,1,cc3bdf544cfc09bd9cc788f7f022ba1af9daf701
DeepVoice,DEEPVOICE_FAKE_musk-to-obama_frag37,DEEPVOICE_FAKE_musk-to-obama_frag37,1,cc3bdf544cfc09bd9cc788f7f022ba1af9daf701
DeepVoice,DEEPVOICE_FAKE_musk-to-obama_frag38,DEEPVOICE_FAKE_musk-to-obama_frag38,1,cc3bdf544cfc09bd9cc788f7f022ba1af9daf701
DeepVoice,DEEPVOICE_FAKE_musk-to-obama_frag39,DEEPVOICE_FAKE_musk-to-obama_frag39,1,cc3bdf544cfc09bd9cc788f7f022ba1af9daf701
DeepVoice,DEEPVOICE_FAKE_musk-to-obama_frag4,DEEPVOICE_FAKE_musk-to-obama_frag4,1,cc3bdf544cfc09bd9cc788f7f022ba1af9daf701
DeepVoice,DEEPVOICE_FAKE_musk-to-obama_frag40,DEEPVOICE_FAKE_musk-to-obama_frag40,1,cc3bdf544cfc09bd9cc788f7f022ba1af9daf701
DeepVoice,DEEPVOICE_FAKE_musk-to-obama_frag41,DEEPVOICE_FAKE_musk-to-obama_frag41,1,cc3bdf544cfc09bd9cc788f7f022ba1af9daf701
DeepVoice,DEEPVOICE_FAKE_musk-to-obama_frag42,DEEPVOICE_FAKE_musk-to-obama_frag42,1,cc3bdf544cfc09bd9cc788f7f022ba1af9daf701
DeepVoice,DEEPVOICE_FAKE_musk-to-obama_frag43,DEEPVOICE_FAKE_musk-to-obama_frag43,1,cc3bdf544cfc09bd9cc788f7f022ba1af9daf701
DeepVoice,DEEPVOICE_FAKE_musk-to-obama_frag44,DEEPVOICE_FAKE_musk-to-obama_frag44,1,cc3bdf544cfc09bd9cc788f7f022ba1af9daf701
DeepVoice,DEEPVOICE_FAKE_musk-to-obama_frag45,DEEPVOICE_FAKE_musk-to-obama_frag45,1,cc3bdf544cfc09bd9cc788f7f022ba1af9daf701
DeepVoice,DEEPVOICE_FAKE_musk-to-obama_frag46,DEEPVOICE_FAKE_musk-to-obama_frag46,1,cc3bdf544cfc09bd9cc788f7f022ba1af9daf701
DeepVoice,DEEPVOICE_FAKE_musk-to-obama_frag47,DEEPVOICE_FAKE_musk-to-obama_frag47,1,cc3bdf544cfc09bd9cc788f7f022ba1af9daf701
DeepVoice,DEEPVOICE_FAKE_musk-to-obama_frag48,DEEPVOICE_FAKE_musk-to-obama_frag48,1,cc3bdf544cfc09bd9cc788f7f022ba1af9daf701
DeepVoice,DEEPVOICE_FAKE_musk-to-obama_frag49,DEEPVOICE_FAKE_musk-to-obama_frag49,1,cc3bdf544cfc09bd9cc788f7f022ba1af9daf701
DeepVoice,DEEPVOICE_FAKE_musk-to-obama_frag5,DEEPVOICE_FAKE_musk-to-obama_frag5,1,cc3bdf544cfc09bd9cc788f7f022ba1af9daf701
DeepVoice,DEEPVOICE_FAKE_musk-to-obama_frag50,DEEPVOICE_FAKE_musk-to-obama_frag50,1,cc3bdf544cfc09bd9cc788f7f022ba1af9daf701
DeepVoice,DEEPVOICE_FAKE_musk-to-obama_frag51,DEEPVOICE_FAKE_musk-to-obama_frag51,1,cc3bdf544cfc09bd9cc788f7f022ba1af9daf701
DeepVoice,DEEPVOICE_FAKE_musk-to-obama_frag52,DEEPVOICE_FAKE_musk-to-obama_frag52,1,cc3bdf544cfc09bd9cc788f7f022ba1af9daf701
DeepVoice,DEEPVOICE_FAKE_musk-to-obama_frag53,DEEPVOICE_FAKE_musk-to-obama_frag53,1,cc3bdf544cfc09bd9cc788f7f022ba1af9daf701
DeepVoice,DEEPVOICE_FAKE_musk-to-obama_frag54,DEEPVOICE_FAKE_musk-to-obama_frag54,1,cc3bdf544cfc09bd9cc788f7f022ba1af9daf701
DeepVoice,DEEPVOICE_FAKE_musk-to-obama_frag55,DEEPVOICE_FAKE_musk-to-obama_frag55,1,cc3bdf544cfc09bd9cc788f7f022ba1af9daf701
DeepVoice,DEEPVOICE_FAKE_musk-to-obama_frag56,DEEPVOICE_FAKE_musk-to-obama_frag56,1,cc3bdf544cfc09bd9cc788f7f022ba1af9daf701
DeepVoice,DEEPVOICE_FAKE_musk-to-obama_frag57,DEEPVOICE_FAKE_musk-to-obama_frag57,1,cc3bdf544cfc09bd9cc788f7f022ba1af9daf701
DeepVoice,DEEPVOICE_FAKE_musk-to-obama_frag58,DEEPVOICE_FAKE_musk-to-obama_frag58,1,cc3bdf544cfc09bd9cc788f7f022ba1af9daf701
DeepVoice,DEEPVOICE_FAKE_musk-to-obama_frag59,DEEPVOICE_FAKE_musk-to-obama_frag59,1,cc3bdf544cfc09bd9cc788f7f022ba1af9daf701
DeepVoice,DEEPVOICE_FAKE_musk-to-obama_frag6,DEEPVOICE_FAKE_musk-to-obama_frag6,1,cc3bdf544cfc09bd9cc788f7f022ba1af9daf701
DeepVoice,DEEPVOICE_FAKE_musk-to-obama_frag60,DEEPVOICE_FAKE_musk-to-obama_frag60,1,cc3bdf544cfc09bd9cc788f7f022ba1af9daf701
DeepVoice,DEEPVOICE_FAKE_musk-to-obama_frag61,DEEPVOICE_FAKE_musk-to-obama_frag61,1,cc3bdf544cfc09bd9cc788f7f022ba1af9daf701
DeepVoice,DEEPVOICE_FAKE_musk-to-obama_frag62,DEEPVOICE_FAKE_musk-to-obama_frag62,1,cc3bdf544cfc09bd9cc788f7f022ba1af9daf701
DeepVoice,DEEPVOICE_FAKE_musk-to-obama_frag63,DEEPVOICE_FAKE_musk-to-obama_frag63,1,cc3bdf544cfc09bd9cc788f7f022ba1af9daf701
DeepVoice,DEEPVOICE_FAKE_musk-to-obama_frag64,DEEPVOICE_FAKE_musk-to-obama_frag64,1,cc3bdf544cfc09bd9cc788f7f022ba1af9daf701
DeepVoice,DEEPVOICE_FAKE_musk-to-obama_frag65,DEEPVOICE_FAKE_musk-to-obama_frag65,1,cc3bdf544cfc09bd9cc788f7f022ba1af9daf701
DeepVoice,DEEPVOICE_FAKE_musk-to-obama_frag66,DEEPVOICE_FAKE_musk-to-obama_frag66,1,cc3bdf544cfc09bd9cc788f7f022ba1af9daf701
DeepVoice,DEEPVOICE_FAKE_musk-to-obama_frag67,DEEPVOICE_FAKE_musk-to-obama_frag67,1,cc3bdf544cfc09bd9cc788f7f022ba1af9daf701
DeepVoice,DEEPVOICE_FAKE_musk-to-obama_frag68,DEEPVOICE_FAKE_musk-to-obama_frag68,1,cc3bdf544cfc09bd9cc788f7f022ba1af9daf701
DeepVoice,DEEPVOICE_FAKE_musk-to-obama_frag69,DEEPVOICE_FAKE_musk-to-obama_frag69,1,cc3bdf544cfc09bd9cc788f7f022ba1af9daf701
DeepVoice,DEEPVOICE_FAKE_musk-to-obama_frag7,DEEPVOICE_FAKE_musk-to-obama_frag7,1,cc3bdf544cfc09bd9cc788f7f022ba1af9daf701
DeepVoice,DEEPVOICE_FAKE_musk-to-obama_frag70,DEEPVOICE_FAKE_musk-to-obama_frag70,1,cc3bdf544cfc09bd9cc788f7f022ba1af9daf701
DeepVoice,DEEPVOICE_FAKE_musk-to-obama_frag71,DEEPVOICE_FAKE_musk-to-obama_frag71,1,cc3bdf544cfc09bd9cc788f7f022ba1af9daf701
DeepVoice,DEEPVOICE_FAKE_musk-to-obama_frag72,DEEPVOICE_FAKE_musk-to-obama_frag72,1,cc3bdf544cfc09bd9cc788f7f022ba1af9daf701
DeepVoice,DEEPVOICE_FAKE_musk-to-obama_frag73,DEEPVOICE_FAKE_musk-to-obama_frag73,1,cc3bdf544cfc09bd9cc788f7f022ba1af9daf701
DeepVoice,DEEPVOICE_FAKE_musk-to-obama_frag74,DEEPVOICE_FAKE_musk-to-obama_frag74,1,cc3bdf544cfc09bd9cc788f7f022ba1af9daf701
DeepVoice,DEEPVOICE_FAKE_musk-to-obama_frag75,DEEPVOICE_FAKE_musk-to-obama_frag75,1,cc3bdf544cfc09bd9cc788f7f022ba1af9daf701
DeepVoice,DEEPVOICE_FAKE_musk-to-obama_frag76,DEEPVOICE_FAKE_musk-to-obama_frag76,1,cc3bdf544cfc09bd9cc788f7f022ba1af9daf701
DeepVoice,DEEPVOICE_FAKE_musk-to-obama_frag77,DEEPVOICE_FAKE_musk-to-obama_frag77,1,cc3bdf544cfc09bd9cc788f7f022ba1af9daf701
DeepVoice,DEEPVOICE_FAKE_musk-to-obama_frag78,DEEPVOICE_FAKE_musk-to-obama_frag78,1,cc3bdf544cfc09bd9cc788f7f022ba1af9daf701
DeepVoice,DEEPVOICE_FAKE_musk-to-obama_frag79,DEEPVOICE_FAKE_musk-to-obama_frag79,1,cc3bdf544cfc09bd9cc788f7f022ba1af9daf701
DeepVoice,DEEPVOICE_FAKE_musk-to-obama_frag8,DEEPVOICE_FAKE_musk-to-obama_frag8,1,cc3bdf544cfc09bd9cc788f7f022ba1af9daf701
DeepVoice,DEEPVOICE_FAKE_musk-to-obama_frag80,DEEPVOICE_FAKE_musk-to-obama_frag80,1,cc3bdf544cfc09bd9cc788f7f022ba1af9daf701
DeepVoice,DEEPVOICE_FAKE_musk-to-obama_frag81,DEEPVOICE_FAKE_musk-to-obama_frag81,1,cc3bdf544cfc09bd9cc788f7f022ba1af9daf701
DeepVoice,DEEPVOICE_FAKE_musk-to-obama_frag82,DEEPVOICE_FAKE_musk-to-obama_frag82,1,cc3bdf544cfc09bd9cc788f7f022ba1af9daf701
DeepVoice,DEEPVOICE_FAKE_musk-to-obama_frag83,DEEPVOICE_FAKE_musk-to-obama_frag83,1,cc3bdf544cfc09bd9cc788f7f022ba1af9daf701
DeepVoice,DEEPVOICE_FAKE_musk-to-obama_frag84,DEEPVOICE_FAKE_musk-to-obama_frag84,1,cc3bdf544cfc09bd9cc788f7f022ba1af9daf701
DeepVoice,DEEPVOICE_FAKE_musk-to-obama_frag85,DEEPVOICE_FAKE_musk-to-obama_frag85,1,cc3bdf544cfc09bd9cc788f7f022ba1af9daf701
DeepVoice,DEEPVOICE_FAKE_musk-to-obama_frag86,DEEPVOICE_FAKE_musk-to-obama_frag86,1,cc3bdf544cfc09bd9cc788f7f022ba1af9daf701
DeepVoice,DEEPVOICE_FAKE_musk-to-obama_frag87,DEEPVOICE_FAKE_musk-to-obama_frag87,1,cc3bdf544cfc09bd9cc788f7f022ba1af9daf701
DeepVoice,DEEPVOICE_FAKE_musk-to-obama_frag88,DEEPVOICE_FAKE_musk-to-obama_frag88,1,cc3bdf544cfc09bd9cc788f7f022ba1af9daf701
DeepVoice,DEEPVOICE_FAKE_musk-to-obama_frag89,DEEPVOICE_FAKE_musk-to-obama_frag89,1,cc3bdf544cfc09bd9cc788f7f022ba1af9daf701
DeepVoice,DEEPVOICE_FAKE_musk-to-obama_frag9,DEEPVOICE_FAKE_musk-to-obama_frag9,1,cc3bdf544cfc09bd9cc788f7f022ba1af9daf701
DeepVoice,DEEPVOICE_FAKE_musk-to-obama_frag90,DEEPVOICE_FAKE_musk-to-obama_frag90,1,cc3bdf544cfc09bd9cc788f7f022ba1af9daf701
DeepVoice,DEEPVOICE_FAKE_musk-to-obama_frag91,DEEPVOICE_FAKE_musk-to-obama_frag91,1,cc3bdf544cfc09bd9cc788f7f022ba1af9daf701
DeepVoice,DEEPVOICE_FAKE_musk-to-obama_frag92,DEEPVOICE_FAKE_musk-to-obama_frag92,1,cc3bdf544cfc09bd9cc788f7f022ba1af9daf701
DeepVoice,DEEPVOICE_FAKE_musk-to-obama_frag93,DEEPVOICE_FAKE_musk-to-obama_frag93,1,cc3bdf544cfc09bd9cc788f7f022ba1af9daf701
DeepVoice,DEEPVOICE_FAKE_musk-to-obama_frag94,DEEPVOICE_FAKE_musk-to-obama_frag94,1,cc3bdf544cfc09bd9cc788f7f022ba1af9daf701
DeepVoice,DEEPVOICE_FAKE_musk-to-obama_frag95,DEEPVOICE_FAKE_musk-to-obama_frag95,1,cc3bdf544cfc09bd9cc788f7f022ba1af9daf701
DeepVoice,DEEPVOICE_FAKE_musk-to-obama_frag96,DEEPVOICE_FAKE_musk-to-obama_frag96,1,cc3bdf544cfc09bd9cc788f7f022ba1af9daf701
DeepVoice,DEEPVOICE_FAKE_musk-to-obama_frag97,DEEPVOICE_FAKE_musk-to-obama_frag97,1,cc3bdf544cfc09bd9cc788f7f022ba1af9daf701
DeepVoice,DEEPVOICE_FAKE_musk-to-obama_frag98,DEEPVOICE_FAKE_musk-to-obama_frag98,1,cc3bdf544cfc09bd9cc788f7f022ba1af9daf701
DeepVoice,DEEPVOICE_FAKE_musk-to-obama_frag99,DEEPVOICE_FAKE_musk-to-obama_frag99,1,cc3bdf544cfc09bd9cc788f7f022ba1af9daf701
DeepVoice,DEEPVOICE_FAKE_musk-to-ryan_frag0,DEEPVOICE_FAKE_musk-to-ryan_frag0,1,cc3bdf544cfc09bd9cc788f7f022ba1af9daf701
DeepVoice,DEEPVOICE_FAKE_musk-to-ryan_frag1,DEEPVOICE_FAKE_musk-to-ryan_frag1,1,cc3bdf544cfc09bd9cc788f7f022ba1af9daf701
DeepVoice,DEEPVOICE_FAKE_musk-to-ryan_frag10,DEEPVOICE_FAKE_musk-to-ryan_frag10,1,cc3bdf544cfc09bd9cc788f7f022ba1af9daf701
DeepVoice,DEEPVOICE_FAKE_musk-to-ryan_frag100,DEEPVOICE_FAKE_musk-to-ryan_frag100,1,cc3bdf544cfc09bd9cc788f7f022ba1af9daf701
DeepVoice,DEEPVOICE_FAKE_musk-to-ryan_frag101,DEEPVOICE_FAKE_musk-to-ryan_frag101,1,cc3bdf544cfc09bd9cc788f7f022ba1af9daf701
DeepVoice,DEEPVOICE_FAKE_musk-to-ryan_frag102,DEEPVOICE_FAKE_musk-to-ryan_frag102,1,cc3bdf544cfc09bd9cc788f7f022ba1af9daf701
DeepVoice,DEEPVOICE_FAKE_musk-to-ryan_frag103,DEEPVOICE_FAKE_musk-to-ryan_frag103,1,cc3bdf544cfc09bd9cc788f7f022ba1af9daf701
DeepVoice,DEEPVOICE_FAKE_musk-to-ryan_frag104,DEEPVOICE_FAKE_musk-to-ryan_frag104,1,cc3bdf544cfc09bd9cc788f7f022ba1af9daf701
DeepVoice,DEEPVOICE_FAKE_musk-to-ryan_frag11,DEEPVOICE_FAKE_musk-to-ryan_frag11,1,cc3bdf544cfc09bd9cc788f7f022ba1af9daf701
DeepVoice,DEEPVOICE_FAKE_musk-to-ryan_frag12,DEEPVOICE_FAKE_musk-to-ryan_frag12,1,cc3bdf544cfc09bd9cc788f7f022ba1af9daf701
DeepVoice,DEEPVOICE_FAKE_musk-to-ryan_frag13,DEEPVOICE_FAKE_musk-to-ryan_frag13,1,cc3bdf544cfc09bd9cc788f7f022ba1af9daf701
DeepVoice,DEEPVOICE_FAKE_musk-to-ryan_frag14,DEEPVOICE_FAKE_musk-to-ryan_frag14,1,cc3bdf544cfc09bd9cc788f7f022ba1af9daf701
DeepVoice,DEEPVOICE_FAKE_musk-to-ryan_frag15,DEEPVOICE_FAKE_musk-to-ryan_frag15,1,cc3bdf544cfc09bd9cc788f7f022ba1af9daf701
DeepVoice,DEEPVOICE_FAKE_musk-to-ryan_frag16,DEEPVOICE_FAKE_musk-to-ryan_frag16,1,cc3bdf544cfc09bd9cc788f7f022ba1af9daf701
DeepVoice,DEEPVOICE_FAKE_musk-to-ryan_frag17,DEEPVOICE_FAKE_musk-to-ryan_frag17,1,cc3bdf544cfc09bd9cc788f7f022ba1af9daf701
DeepVoice,DEEPVOICE_FAKE_musk-to-ryan_frag18,DEEPVOICE_FAKE_musk-to-ryan_frag18,1,cc3bdf544cfc09bd9cc788f7f022ba1af9daf701
DeepVoice,DEEPVOICE_FAKE_musk-to-ryan_frag19,DEEPVOICE_FAKE_musk-to-ryan_frag19,1,cc3bdf544cfc09bd9cc788f7f022ba1af9daf701
DeepVoice,DEEPVOICE_FAKE_musk-to-ryan_frag2,DEEPVOICE_FAKE_musk-to-ryan_frag2,1,cc3bdf544cfc09bd9cc788f7f022ba1af9daf701
DeepVoice,DEEPVOICE_FAKE_musk-to-ryan_frag20,DEEPVOICE_FAKE_musk-to-ryan_frag20,1,cc3bdf544cfc09bd9cc788f7f022ba1af9daf701
DeepVoice,DEEPVOICE_FAKE_musk-to-ryan_frag21,DEEPVOICE_FAKE_musk-to-ryan_frag21,1,cc3bdf544cfc09bd9cc788f7f022ba1af9daf701
DeepVoice,DEEPVOICE_FAKE_musk-to-ryan_frag22,DEEPVOICE_FAKE_musk-to-ryan_frag22,1,cc3bdf544cfc09bd9cc788f7f022ba1af9daf701
DeepVoice,DEEPVOICE_FAKE_musk-to-ryan_frag23,DEEPVOICE_FAKE_musk-to-ryan_frag23,1,cc3bdf544cfc09bd9cc788f7f022ba1af9daf701
DeepVoice,DEEPVOICE_FAKE_musk-to-ryan_frag24,DEEPVOICE_FAKE_musk-to-ryan_frag24,1,cc3bdf544cfc09bd9cc788f7f022ba1af9daf701
DeepVoice,DEEPVOICE_FAKE_musk-to-ryan_frag25,DEEPVOICE_FAKE_musk-to-ryan_frag25,1,cc3bdf544cfc09bd9cc788f7f022ba1af9daf701
DeepVoice,DEEPVOICE_FAKE_musk-to-ryan_frag26,DEEPVOICE_FAKE_musk-to-ryan_frag26,1,cc3bdf544cfc09bd9cc788f7f022ba1af9daf701
DeepVoice,DEEPVOICE_FAKE_musk-to-ryan_frag27,DEEPVOICE_FAKE_musk-to-ryan_frag27,1,cc3bdf544cfc09bd9cc788f7f022ba1af9daf701
DeepVoice,DEEPVOICE_FAKE_musk-to-ryan_frag28,DEEPVOICE_FAKE_musk-to-ryan_frag28,1,cc3bdf544cfc09bd9cc788f7f022ba1af9daf701
DeepVoice,DEEPVOICE_FAKE_musk-to-ryan_frag29,DEEPVOICE_FAKE_musk-to-ryan_frag29,1,cc3bdf544cfc09bd9cc788f7f022ba1af9daf701
DeepVoice,DEEPVOICE_FAKE_musk-to-ryan_frag3,DEEPVOICE_FAKE_musk-to-ryan_frag3,1,cc3bdf544cfc09bd9cc788f7f022ba1af9daf701
DeepVoice,DEEPVOICE_FAKE_musk-to-ryan_frag30,DEEPVOICE_FAKE_musk-to-ryan_frag30,1,cc3bdf544cfc09bd9cc788f7f022ba1af9daf701
DeepVoice,DEEPVOICE_FAKE_musk-to-ryan_frag31,DEEPVOICE_FAKE_musk-to-ryan_frag31,1,cc3bdf544cfc09bd9cc788f7f022ba1af9daf701
DeepVoice,DEEPVOICE_FAKE_musk-to-ryan_frag32,DEEPVOICE_FAKE_musk-to-ryan_frag32,1,cc3bdf544cfc09bd9cc788f7f022ba1af9daf701
DeepVoice,DEEPVOICE_FAKE_musk-to-ryan_frag33,DEEPVOICE_FAKE_musk-to-ryan_frag33,1,cc3bdf544cfc09bd9cc788f7f022ba1af9daf701
DeepVoice,DEEPVOICE_FAKE_musk-to-ryan_frag34,DEEPVOICE_FAKE_musk-to-ryan_frag34,1,cc3bdf544cfc09bd9cc788f7f022ba1af9daf701
DeepVoice,DEEPVOICE_FAKE_musk-to-ryan_frag35,DEEPVOICE_FAKE_musk-to-ryan_frag35,1,cc3bdf544cfc09bd9cc788f7f022ba1af9daf701
DeepVoice,DEEPVOICE_FAKE_musk-to-ryan_frag36,DEEPVOICE_FAKE_musk-to-ryan_frag36,1,cc3bdf544cfc09bd9cc788f7f022ba1af9daf701
DeepVoice,DEEPVOICE_FAKE_musk-to-ryan_frag37,DEEPVOICE_FAKE_musk-to-ryan_frag37,1,cc3bdf544cfc09bd9cc788f7f022ba1af9daf701
DeepVoice,DEEPVOICE_FAKE_musk-to-ryan_frag38,DEEPVOICE_FAKE_musk-to-ryan_frag38,1,cc3bdf544cfc09bd9cc788f7f022ba1af9daf701
DeepVoice,DEEPVOICE_FAKE_musk-to-ryan_frag39,DEEPVOICE_FAKE_musk-to-ryan_frag39,1,cc3bdf544cfc09bd9cc788f7f022ba1af9daf701
DeepVoice,DEEPVOICE_FAKE_musk-to-ryan_frag4,DEEPVOICE_FAKE_musk-to-ryan_frag4,1,cc3bdf544cfc09bd9cc788f7f022ba1af9daf701
DeepVoice,DEEPVOICE_FAKE_musk-to-ryan_frag40,DEEPVOICE_FAKE_musk-to-ryan_frag40,1,cc3bdf544cfc09bd9cc788f7f022ba1af9daf701
DeepVoice,DEEPVOICE_FAKE_musk-to-ryan_frag41,DEEPVOICE_FAKE_musk-to-ryan_frag41,1,cc3bdf544cfc09bd9cc788f7f022ba1af9daf701
DeepVoice,DEEPVOICE_FAKE_musk-to-ryan_frag42,DEEPVOICE_FAKE_musk-to-ryan_frag42,1,cc3bdf544cfc09bd9cc788f7f022ba1af9daf701
DeepVoice,DEEPVOICE_FAKE_musk-to-ryan_frag43,DEEPVOICE_FAKE_musk-to-ryan_frag43,1,cc3bdf544cfc09bd9cc788f7f022ba1af9daf701
DeepVoice,DEEPVOICE_FAKE_musk-to-ryan_frag44,DEEPVOICE_FAKE_musk-to-ryan_frag44,1,cc3bdf544cfc09bd9cc788f7f022ba1af9daf701
DeepVoice,DEEPVOICE_FAKE_musk-to-ryan_frag45,DEEPVOICE_FAKE_musk-to-ryan_frag45,1,cc3bdf544cfc09bd9cc788f7f022ba1af9daf701
DeepVoice,DEEPVOICE_FAKE_musk-to-ryan_frag46,DEEPVOICE_FAKE_musk-to-ryan_frag46,1,cc3bdf544cfc09bd9cc788f7f022ba1af9daf701
DeepVoice,DEEPVOICE_FAKE_musk-to-ryan_frag47,DEEPVOICE_FAKE_musk-to-ryan_frag47,1,cc3bdf544cfc09bd9cc788f7f022ba1af9daf701
DeepVoice,DEEPVOICE_FAKE_musk-to-ryan_frag48,DEEPVOICE_FAKE_musk-to-ryan_frag48,1,cc3bdf544cfc09bd9cc788f7f022ba1af9daf701
DeepVoice,DEEPVOICE_FAKE_musk-to-ryan_frag49,DEEPVOICE_FAKE_musk-to-ryan_frag49,1,cc3bdf544cfc09bd9cc788f7f022ba1af9daf701
DeepVoice,DEEPVOICE_FAKE_musk-to-ryan_frag5,DEEPVOICE_FAKE_musk-to-ryan_frag5,1,cc3bdf544cfc09bd9cc788f7f022ba1af9daf701
DeepVoice,DEEPVOICE_FAKE_musk-to-ryan_frag50,DEEPVOICE_FAKE_musk-to-ryan_frag50,1,cc3bdf544cfc09bd9cc788f7f022ba1af9daf701
DeepVoice,DEEPVOICE_FAKE_musk-to-ryan_frag51,DEEPVOICE_FAKE_musk-to-ryan_frag51,1,cc3bdf544cfc09bd9cc788f7f022ba1af9daf701
DeepVoice,DEEPVOICE_FAKE_musk-to-ryan_frag52,DEEPVOICE_FAKE_musk-to-ryan_frag52,1,cc3bdf544cfc09bd9cc788f7f022ba1af9daf701
DeepVoice,DEEPVOICE_FAKE_musk-to-ryan_frag53,DEEPVOICE_FAKE_musk-to-ryan_frag53,1,cc3bdf544cfc09bd9cc788f7f022ba1af9daf701
DeepVoice,DEEPVOICE_FAKE_musk-to-ryan_frag54,DEEPVOICE_FAKE_musk-to-ryan_frag54,1,cc3bdf544cfc09bd9cc788f7f022ba1af9daf701
DeepVoice,DEEPVOICE_FAKE_musk-to-ryan_frag55,DEEPVOICE_FAKE_musk-to-ryan_frag55,1,cc3bdf544cfc09bd9cc788f7f022ba1af9daf701
DeepVoice,DEEPVOICE_FAKE_musk-to-ryan_frag56,DEEPVOICE_FAKE_musk-to-ryan_frag56,1,cc3bdf544cfc09bd9cc788f7f022ba1af9daf701
DeepVoice,DEEPVOICE_FAKE_musk-to-ryan_frag57,DEEPVOICE_FAKE_musk-to-ryan_frag57,1,cc3bdf544cfc09bd9cc788f7f022ba1af9daf701
DeepVoice,DEEPVOICE_FAKE_musk-to-ryan_frag58,DEEPVOICE_FAKE_musk-to-ryan_frag58,1,cc3bdf544cfc09bd9cc788f7f022ba1af9daf701
DeepVoice,DEEPVOICE_FAKE_musk-to-ryan_frag59,DEEPVOICE_FAKE_musk-to-ryan_frag59,1,cc3bdf544cfc09bd9cc788f7f022ba1af9daf701
DeepVoice,DEEPVOICE_FAKE_musk-to-ryan_frag6,DEEPVOICE_FAKE_musk-to-ryan_frag6,1,cc3bdf544cfc09bd9cc788f7f022ba1af9daf701
DeepVoice,DEEPVOICE_FAKE_musk-to-ryan_frag60,DEEPVOICE_FAKE_musk-to-ryan_frag60,1,cc3bdf544cfc09bd9cc788f7f022ba1af9daf701
DeepVoice,DEEPVOICE_FAKE_musk-to-ryan_frag61,DEEPVOICE_FAKE_musk-to-ryan_frag61,1,cc3bdf544cfc09bd9cc788f7f022ba1af9daf701
DeepVoice,DEEPVOICE_FAKE_musk-to-ryan_frag62,DEEPVOICE_FAKE_musk-to-ryan_frag62,1,cc3bdf544cfc09bd9cc788f7f022ba1af9daf701
DeepVoice,DEEPVOICE_FAKE_musk-to-ryan_frag63,DEEPVOICE_FAKE_musk-to-ryan_frag63,1,cc3bdf544cfc09bd9cc788f7f022ba1af9daf701
DeepVoice,DEEPVOICE_FAKE_musk-to-ryan_frag64,DEEPVOICE_FAKE_musk-to-ryan_frag64,1,cc3bdf544cfc09bd9cc788f7f022ba1af9daf701
DeepVoice,DEEPVOICE_FAKE_musk-to-ryan_frag65,DEEPVOICE_FAKE_musk-to-ryan_frag65,1,cc3bdf544cfc09bd9cc788f7f022ba1af9daf701
DeepVoice,DEEPVOICE_FAKE_musk-to-ryan_frag66,DEEPVOICE_FAKE_musk-to-ryan_frag66,1,cc3bdf544cfc09bd9cc788f7f022ba1af9daf701
DeepVoice,DEEPVOICE_FAKE_musk-to-ryan_frag67,DEEPVOICE_FAKE_musk-to-ryan_frag67,1,cc3bdf544cfc09bd9cc788f7f022ba1af9daf701
DeepVoice,DEEPVOICE_FAKE_musk-to-ryan_frag68,DEEPVOICE_FAKE_musk-to-ryan_frag68,1,cc3bdf544cfc09bd9cc788f7f022ba1af9daf701
DeepVoice,DEEPVOICE_FAKE_musk-to-ryan_frag69,DEEPVOICE_FAKE_musk-to-ryan_frag69,1,cc3bdf544cfc09bd9cc788f7f022ba1af9daf701
DeepVoice,DEEPVOICE_FAKE_musk-to-ryan_frag7,DEEPVOICE_FAKE_musk-to-ryan_frag7,1,cc3bdf544cfc09bd9cc788f7f022ba1af9daf701
DeepVoice,DEEPVOICE_FAKE_musk-to-ryan_frag70,DEEPVOICE_FAKE_musk-to-ryan_frag70,1,cc3bdf544cfc09bd9cc788f7f022ba1af9daf701
DeepVoice,DEEPVOICE_FAKE_musk-to-ryan_frag71,DEEPVOICE_FAKE_musk-to-ryan_frag71,1,cc3bdf544cfc09bd9cc788f7f022ba1af9daf701
DeepVoice,DEEPVOICE_FAKE_musk-to-ryan_frag72,DEEPVOICE_FAKE_musk-to-ryan_frag72,1,cc3bdf544cfc09bd9cc788f7f022ba1af9daf701
DeepVoice,DEEPVOICE_FAKE_musk-to-ryan_frag73,DEEPVOICE_FAKE_musk-to-ryan_frag73,1,cc3bdf544cfc09bd9cc788f7f022ba1af9daf701
DeepVoice,DEEPVOICE_FAKE_musk-to-ryan_frag74,DEEPVOICE_FAKE_musk-to-ryan_frag74,1,cc3bdf544cfc09bd9cc788f7f022ba1af9daf701
DeepVoice,DEEPVOICE_FAKE_musk-to-ryan_frag75,DEEPVOICE_FAKE_musk-to-ryan_frag75,1,cc3bdf544cfc09bd9cc788f7f022ba1af9daf701
DeepVoice,DEEPVOICE_FAKE_musk-to-ryan_frag76,DEEPVOICE_FAKE_musk-to-ryan_frag76,1,cc3bdf544cfc09bd9cc788f7f022ba1af9daf701
DeepVoice,DEEPVOICE_FAKE_musk-to-ryan_frag77,DEEPVOICE_FAKE_musk-to-ryan_frag77,1,cc3bdf544cfc09bd9cc788f7f022ba1af9daf701
DeepVoice,DEEPVOICE_FAKE_musk-to-ryan_frag78,DEEPVOICE_FAKE_musk-to-ryan_frag78,1,cc3bdf544cfc09bd9cc788f7f022ba1af9daf701
DeepVoice,DEEPVOICE_FAKE_musk-to-ryan_frag79,DEEPVOICE_FAKE_musk-to-ryan_frag79,1,cc3bdf544cfc09bd9cc788f7f022ba1af9daf701
DeepVoice,DEEPVOICE_FAKE_musk-to-ryan_frag8,DEEPVOICE_FAKE_musk-to-ryan_frag8,1,cc3bdf544cfc09bd9cc788f7f022ba1af9daf701
DeepVoice,DEEPVOICE_FAKE_musk-to-ryan_frag80,DEEPVOICE_FAKE_musk-to-ryan_frag80,1,cc3bdf544cfc09bd9cc788f7f022ba1af9daf701
DeepVoice,DEEPVOICE_FAKE_musk-to-ryan_frag81,DEEPVOICE_FAKE_musk-to-ryan_frag81,1,cc3bdf544cfc09bd9cc788f7f022ba1af9daf701
DeepVoice,DEEPVOICE_FAKE_musk-to-ryan_frag82,DEEPVOICE_FAKE_musk-to-ryan_frag82,1,cc3bdf544cfc09bd9cc788f7f022ba1af9daf701
DeepVoice,DEEPVOICE_FAKE_musk-to-ryan_frag83,DEEPVOICE_FAKE_musk-to-ryan_frag83,1,cc3bdf544cfc09bd9cc788f7f022ba1af9daf701
DeepVoice,DEEPVOICE_FAKE_musk-to-ryan_frag84,DEEPVOICE_FAKE_musk-to-ryan_frag84,1,cc3bdf544cfc09bd9cc788f7f022ba1af9daf701
DeepVoice,DEEPVOICE_FAKE_musk-to-ryan_frag85,DEEPVOICE_FAKE_musk-to-ryan_frag85,1,cc3bdf544cfc09bd9cc788f7f022ba1af9daf701
DeepVoice,DEEPVOICE_FAKE_musk-to-ryan_frag86,DEEPVOICE_FAKE_musk-to-ryan_frag86,1,cc3bdf544cfc09bd9cc788f7f022ba1af9daf701
DeepVoice,DEEPVOICE_FAKE_musk-to-ryan_frag87,DEEPVOICE_FAKE_musk-to-ryan_frag87,1,cc3bdf544cfc09bd9cc788f7f022ba1af9daf701
DeepVoice,DEEPVOICE_FAKE_musk-to-ryan_frag88,DEEPVOICE_FAKE_musk-to-ryan_frag88,1,cc3bdf544cfc09bd9cc788f7f022ba1af9daf701
DeepVoice,DEEPVOICE_FAKE_musk-to-ryan_frag89,DEEPVOICE_FAKE_musk-to-ryan_frag89,1,cc3bdf544cfc09bd9cc788f7f022ba1af9daf701
DeepVoice,DEEPVOICE_FAKE_musk-to-ryan_frag9,DEEPVOICE_FAKE_musk-to-ryan_frag9,1,cc3bdf544cfc09bd9cc788f7f022ba1af9daf701
DeepVoice,DEEPVOICE_FAKE_musk-to-ryan_frag90,DEEPVOICE_FAKE_musk-to-ryan_frag90,1,cc3bdf544cfc09bd9cc788f7f022ba1af9daf701
DeepVoice,DEEPVOICE_FAKE_musk-to-ryan_frag91,DEEPVOICE_FAKE_musk-to-ryan_frag91,1,cc3bdf544cfc09bd9cc788f7f022ba1af9daf701
DeepVoice,DEEPVOICE_FAKE_musk-to-ryan_frag92,DEEPVOICE_FAKE_musk-to-ryan_frag92,1,cc3bdf544cfc09bd9cc788f7f022ba1af9daf701
DeepVoice,DEEPVOICE_FAKE_musk-to-ryan_frag93,DEEPVOICE_FAKE_musk-to-ryan_frag93,1,cc3bdf544cfc09bd9cc788f7f022ba1af9daf701
DeepVoice,DEEPVOICE_FAKE_musk-to-ryan_frag94,DEEPVOICE_FAKE_musk-to-ryan_frag94,1,cc3bdf544cfc09bd9cc788f7f022ba1af9daf701
DeepVoice,DEEPVOICE_FAKE_musk-to-ryan_frag95,DEEPVOICE_FAKE_musk-to-ryan_frag95,1,cc3bdf544cfc09bd9cc788f7f022ba1af9daf701
DeepVoice,DEEPVOICE_FAKE_musk-to-ryan_frag96,DEEPVOICE_FAKE_musk-to-ryan_frag96,1,cc3bdf544cfc09bd9cc788f7f022ba1af9daf701
DeepVoice,DEEPVOICE_FAKE_musk-to-ryan_frag97,DEEPVOICE_FAKE_musk-to-ryan_frag97,1,cc3bdf544cfc09bd9cc788f7f022ba1af9daf701
DeepVoice,DEEPVOICE_FAKE_musk-to-ryan_frag98,DEEPVOICE_FAKE_musk-to-ryan_frag98,1,cc3bdf544cfc09bd9cc788f7f022ba1af9daf701
DeepVoice,DEEPVOICE_FAKE_musk-to-ryan_frag99,DEEPVOICE_FAKE_musk-to-ryan_frag99,1,cc3bdf544cfc09bd9cc788f7f022ba1af9daf701
DeepVoice,DEEPVOICE_FAKE_musk-to-taylor_frag0,DEEPVOICE_FAKE_musk-to-taylor_frag0,1,cc3bdf544cfc09bd9cc788f7f022ba1af9daf701
DeepVoice,DEEPVOICE_FAKE_musk-to-taylor_frag1,DEEPVOICE_FAKE_musk-to-taylor_frag1,1,cc3bdf544cfc09bd9cc788f7f022ba1af9daf701
DeepVoice,DEEPVOICE_FAKE_musk-to-taylor_frag10,DEEPVOICE_FAKE_musk-to-taylor_frag10,1,cc3bdf544cfc09bd9cc788f7f022ba1af9daf701
DeepVoice,DEEPVOICE_FAKE_musk-to-taylor_frag100,DEEPVOICE_FAKE_musk-to-taylor_frag100,1,cc3bdf544cfc09bd9cc788f7f022ba1af9daf701
DeepVoice,DEEPVOICE_FAKE_musk-to-taylor_frag11,DEEPVOICE_FAKE_musk-to-taylor_frag11,1,cc3bdf544cfc09bd9cc788f7f022ba1af9daf701
DeepVoice,DEEPVOICE_FAKE_musk-to-taylor_frag12,DEEPVOICE_FAKE_musk-to-taylor_frag12,1,cc3bdf544cfc09bd9cc788f7f022ba1af9daf701
DeepVoice,DEEPVOICE_FAKE_musk-to-taylor_frag13,DEEPVOICE_FAKE_musk-to-taylor_frag13,1,cc3bdf544cfc09bd9cc788f7f022ba1af9daf701
DeepVoice,DEEPVOICE_FAKE_musk-to-taylor_frag14,DEEPVOICE_FAKE_musk-to-taylor_frag14,1,cc3bdf544cfc09bd9cc788f7f022ba1af9daf701
DeepVoice,DEEPVOICE_FAKE_musk-to-taylor_frag15,DEEPVOICE_FAKE_musk-to-taylor_frag15,1,cc3bdf544cfc09bd9cc788f7f022ba1af9daf701
DeepVoice,DEEPVOICE_FAKE_musk-to-taylor_frag16,DEEPVOICE_FAKE_musk-to-taylor_frag16,1,cc3bdf544cfc09bd9cc788f7f022ba1af9daf701
DeepVoice,DEEPVOICE_FAKE_musk-to-taylor_frag17,DEEPVOICE_FAKE_musk-to-taylor_frag17,1,cc3bdf544cfc09bd9cc788f7f022ba1af9daf701
DeepVoice,DEEPVOICE_FAKE_musk-to-taylor_frag18,DEEPVOICE_FAKE_musk-to-taylor_frag18,1,cc3bdf544cfc09bd9cc788f7f022ba1af9daf701
DeepVoice,DEEPVOICE_FAKE_musk-to-taylor_frag19,DEEPVOICE_FAKE_musk-to-taylor_frag19,1,cc3bdf544cfc09bd9cc788f7f022ba1af9daf701
DeepVoice,DEEPVOICE_FAKE_musk-to-taylor_frag2,DEEPVOICE_FAKE_musk-to-taylor_frag2,1,cc3bdf544cfc09bd9cc788f7f022ba1af9daf701
DeepVoice,DEEPVOICE_FAKE_musk-to-taylor_frag20,DEEPVOICE_FAKE_musk-to-taylor_frag20,1,cc3bdf544cfc09bd9cc788f7f022ba1af9daf701
DeepVoice,DEEPVOICE_FAKE_musk-to-taylor_frag21,DEEPVOICE_FAKE_musk-to-taylor_frag21,1,cc3bdf544cfc09bd9cc788f7f022ba1af9daf701
DeepVoice,DEEPVOICE_FAKE_musk-to-taylor_frag22,DEEPVOICE_FAKE_musk-to-taylor_frag22,1,cc3bdf544cfc09bd9cc788f7f022ba1af9daf701
DeepVoice,DEEPVOICE_FAKE_musk-to-taylor_frag23,DEEPVOICE_FAKE_musk-to-taylor_frag23,1,cc3bdf544cfc09bd9cc788f7f022ba1af9daf701
DeepVoice,DEEPVOICE_FAKE_musk-to-taylor_frag24,DEEPVOICE_FAKE_musk-to-taylor_frag24,1,cc3bdf544cfc09bd9cc788f7f022ba1af9daf701
DeepVoice,DEEPVOICE_FAKE_musk-to-taylor_frag25,DEEPVOICE_FAKE_musk-to-taylor_frag25,1,cc3bdf544cfc09bd9cc788f7f022ba1af9daf701
DeepVoice,DEEPVOICE_FAKE_musk-to-taylor_frag26,DEEPVOICE_FAKE_musk-to-taylor_frag26,1,cc3bdf544cfc09bd9cc788f7f022ba1af9daf701
DeepVoice,DEEPVOICE_FAKE_musk-to-taylor_frag27,DEEPVOICE_FAKE_musk-to-taylor_frag27,1,cc3bdf544cfc09bd9cc788f7f022ba1af9daf701
DeepVoice,DEEPVOICE_FAKE_musk-to-taylor_frag28,DEEPVOICE_FAKE_musk-to-taylor_frag28,1,cc3bdf544cfc09bd9cc788f7f022ba1af9daf701
DeepVoice,DEEPVOICE_FAKE_musk-to-taylor_frag29,DEEPVOICE_FAKE_musk-to-taylor_frag29,1,cc3bdf544cfc09bd9cc788f7f022ba1af9daf701
DeepVoice,DEEPVOICE_FAKE_musk-to-taylor_frag3,DEEPVOICE_FAKE_musk-to-taylor_frag3,1,cc3bdf544cfc09bd9cc788f7f022ba1af9daf701
DeepVoice,DEEPVOICE_FAKE_musk-to-taylor_frag30,DEEPVOICE_FAKE_musk-to-taylor_frag30,1,cc3bdf544cfc09bd9cc788f7f022ba1af9daf701
DeepVoice,DEEPVOICE_FAKE_musk-to-taylor_frag31,DEEPVOICE_FAKE_musk-to-taylor_frag31,1,cc3bdf544cfc09bd9cc788f7f022ba1af9daf701
DeepVoice,DEEPVOICE_FAKE_musk-to-taylor_frag32,DEEPVOICE_FAKE_musk-to-taylor_frag32,1,cc3bdf544cfc09bd9cc788f7f022ba1af9daf701
DeepVoice,DEEPVOICE_FAKE_musk-to-taylor_frag33,DEEPVOICE_FAKE_musk-to-taylor_frag33,1,cc3bdf544cfc09bd9cc788f7f022ba1af9daf701
DeepVoice,DEEPVOICE_FAKE_musk-to-taylor_frag34,DEEPVOICE_FAKE_musk-to-taylor_frag34,1,cc3bdf544cfc09bd9cc788f7f022ba1af9daf701
DeepVoice,DEEPVOICE_FAKE_musk-to-taylor_frag35,DEEPVOICE_FAKE_musk-to-taylor_frag35,1,cc3bdf544cfc09bd9cc788f7f022ba1af9daf701
DeepVoice,DEEPVOICE_FAKE_musk-to-taylor_frag36,DEEPVOICE_FAKE_musk-to-taylor_frag36,1,cc3bdf544cfc09bd9cc788f7f022ba1af9daf701
DeepVoice,DEEPVOICE_FAKE_musk-to-taylor_frag37,DEEPVOICE_FAKE_musk-to-taylor_frag37,1,cc3bdf544cfc09bd9cc788f7f022ba1af9daf701
DeepVoice,DEEPVOICE_FAKE_musk-to-taylor_frag38,DEEPVOICE_FAKE_musk-to-taylor_frag38,1,cc3bdf544cfc09bd9cc788f7f022ba1af9daf701
DeepVoice,DEEPVOICE_FAKE_musk-to-taylor_frag39,DEEPVOICE_FAKE_musk-to-taylor_frag39,1,cc3bdf544cfc09bd9cc788f7f022ba1af9daf701
DeepVoice,DEEPVOICE_FAKE_musk-to-taylor_frag4,DEEPVOICE_FAKE_musk-to-taylor_frag4,1,cc3bdf544cfc09bd9cc788f7f022ba1af9daf701
DeepVoice,DEEPVOICE_FAKE_musk-to-taylor_frag40,DEEPVOICE_FAKE_musk-to-taylor_frag40,1,cc3bdf544cfc09bd9cc788f7f022ba1af9daf701
DeepVoice,DEEPVOICE_FAKE_musk-to-taylor_frag41,DEEPVOICE_FAKE_musk-to-taylor_frag41,1,cc3bdf544cfc09bd9cc788f7f022ba1af9daf701
DeepVoice,DEEPVOICE_FAKE_musk-to-taylor_frag42,DEEPVOICE_FAKE_musk-to-taylor_frag42,1,cc3bdf544cfc09bd9cc788f7f022ba1af9daf701
DeepVoice,DEEPVOICE_FAKE_musk-to-taylor_frag43,DEEPVOICE_FAKE_musk-to-taylor_frag43,1,cc3bdf544cfc09bd9cc788f7f022ba1af9daf701
DeepVoice,DEEPVOICE_FAKE_musk-to-taylor_frag44,DEEPVOICE_FAKE_musk-to-taylor_frag44,1,cc3bdf544cfc09bd9cc788f7f022ba1af9daf701
DeepVoice,DEEPVOICE_FAKE_musk-to-taylor_frag45,DEEPVOICE_FAKE_musk-to-taylor_frag45,1,cc3bdf544cfc09bd9cc788f7f022ba1af9daf701
DeepVoice,DEEPVOICE_FAKE_musk-to-taylor_frag46,DEEPVOICE_FAKE_musk-to-taylor_frag46,1,cc3bdf544cfc09bd9cc788f7f022ba1af9daf701
DeepVoice,DEEPVOICE_FAKE_musk-to-taylor_frag47,DEEPVOICE_FAKE_musk-to-taylor_frag47,1,cc3bdf544cfc09bd9cc788f7f022ba1af9daf701
DeepVoice,DEEPVOICE_FAKE_musk-to-taylor_frag48,DEEPVOICE_FAKE_musk-to-taylor_frag48,1,cc3bdf544cfc09bd9cc788f7f022ba1af9daf701
DeepVoice,DEEPVOICE_FAKE_musk-to-taylor_frag49,DEEPVOICE_FAKE_musk-to-taylor_frag49,1,cc3bdf544cfc09bd9cc788f7f022ba1af9daf701
DeepVoice,DEEPVOICE_FAKE_musk-to-taylor_frag5,DEEPVOICE_FAKE_musk-to-taylor_frag5,1,cc3bdf544cfc09bd9cc788f7f022ba1af9daf701
DeepVoice,DEEPVOICE_FAKE_musk-to-taylor_frag50,DEEPVOICE_FAKE_musk-to-taylor_frag50,1,cc3bdf544cfc09bd9cc788f7f022ba1af9daf701
DeepVoice,DEEPVOICE_FAKE_musk-to-taylor_frag51,DEEPVOICE_FAKE_musk-to-taylor_frag51,1,cc3bdf544cfc09bd9cc788f7f022ba1af9daf701
DeepVoice,DEEPVOICE_FAKE_musk-to-taylor_frag52,DEEPVOICE_FAKE_musk-to-taylor_frag52,1,cc3bdf544cfc09bd9cc788f7f022ba1af9daf701
DeepVoice,DEEPVOICE_FAKE_musk-to-taylor_frag53,DEEPVOICE_FAKE_musk-to-taylor_frag53,1,cc3bdf544cfc09bd9cc788f7f022ba1af9daf701
DeepVoice,DEEPVOICE_FAKE_musk-to-taylor_frag54,DEEPVOICE_FAKE_musk-to-taylor_frag54,1,cc3bdf544cfc09bd9cc788f7f022ba1af9daf701
DeepVoice,DEEPVOICE_FAKE_musk-to-taylor_frag55,DEEPVOICE_FAKE_musk-to-taylor_frag55,1,cc3bdf544cfc09bd9cc788f7f022ba1af9daf701
DeepVoice,DEEPVOICE_FAKE_musk-to-taylor_frag56,DEEPVOICE_FAKE_musk-to-taylor_frag56,1,cc3bdf544cfc09bd9cc788f7f022ba1af9daf701
DeepVoice,DEEPVOICE_FAKE_musk-to-taylor_frag57,DEEPVOICE_FAKE_musk-to-taylor_frag57,1,cc3bdf544cfc09bd9cc788f7f022ba1af9daf701
DeepVoice,DEEPVOICE_FAKE_musk-to-taylor_frag58,DEEPVOICE_FAKE_musk-to-taylor_frag58,1,cc3bdf544cfc09bd9cc788f7f022ba1af9daf701
DeepVoice,DEEPVOICE_FAKE_musk-to-taylor_frag59,DEEPVOICE_FAKE_musk-to-taylor_frag59,1,cc3bdf544cfc09bd9cc788f7f022ba1af9daf701
DeepVoice,DEEPVOICE_FAKE_musk-to-taylor_frag6,DEEPVOICE_FAKE_musk-to-taylor_frag6,1,cc3bdf544cfc09bd9cc788f7f022ba1af9daf701
DeepVoice,DEEPVOICE_FAKE_musk-to-taylor_frag60,DEEPVOICE_FAKE_musk-to-taylor_frag60,1,cc3bdf544cfc09bd9cc788f7f022ba1af9daf701
DeepVoice,DEEPVOICE_FAKE_musk-to-taylor_frag61,DEEPVOICE_FAKE_musk-to-taylor_frag61,1,cc3bdf544cfc09bd9cc788f7f022ba1af9daf701
DeepVoice,DEEPVOICE_FAKE_musk-to-taylor_frag62,DEEPVOICE_FAKE_musk-to-taylor_frag62,1,cc3bdf544cfc09bd9cc788f7f022ba1af9daf701
DeepVoice,DEEPVOICE_FAKE_musk-to-taylor_frag63,DEEPVOICE_FAKE_musk-to-taylor_frag63,1,cc3bdf544cfc09bd9cc788f7f022ba1af9daf701
DeepVoice,DEEPVOICE_FAKE_musk-to-taylor_frag64,DEEPVOICE_FAKE_musk-to-taylor_frag64,1,cc3bdf544cfc09bd9cc788f7f022ba1af9daf701
DeepVoice,DEEPVOICE_FAKE_musk-to-taylor_frag65,DEEPVOICE_FAKE_musk-to-taylor_frag65,1,cc3bdf544cfc09bd9cc788f7f022ba1af9daf701
DeepVoice,DEEPVOICE_FAKE_musk-to-taylor_frag66,DEEPVOICE_FAKE_musk-to-taylor_frag66,1,cc3bdf544cfc09bd9cc788f7f022ba1af9daf701
DeepVoice,DEEPVOICE_FAKE_musk-to-taylor_frag67,DEEPVOICE_FAKE_musk-to-taylor_frag67,1,cc3bdf544cfc09bd9cc788f7f022ba1af9daf701
DeepVoice,DEEPVOICE_FAKE_musk-to-taylor_frag68,DEEPVOICE_FAKE_musk-to-taylor_frag68,1,cc3bdf544cfc09bd9cc788f7f022ba1af9daf701
DeepVoice,DEEPVOICE_FAKE_musk-to-taylor_frag69,DEEPVOICE_FAKE_musk-to-taylor_frag69,1,cc3bdf544cfc09bd9cc788f7f022ba1af9daf701
DeepVoice,DEEPVOICE_FAKE_musk-to-taylor_frag7,DEEPVOICE_FAKE_musk-to-taylor_frag7,1,cc3bdf544cfc09bd9cc788f7f022ba1af9daf701
DeepVoice,DEEPVOICE_FAKE_musk-to-taylor_frag70,DEEPVOICE_FAKE_musk-to-taylor_frag70,1,cc3bdf544cfc09bd9cc788f7f022ba1af9daf701
DeepVoice,DEEPVOICE_FAKE_musk-to-taylor_frag71,DEEPVOICE_FAKE_musk-to-taylor_frag71,1,cc3bdf544cfc09bd9cc788f7f022ba1af9daf701
DeepVoice,DEEPVOICE_FAKE_musk-to-taylor_frag72,DEEPVOICE_FAKE_musk-to-taylor_frag72,1,cc3bdf544cfc09bd9cc788f7f022ba1af9daf701
DeepVoice,DEEPVOICE_FAKE_musk-to-taylor_frag73,DEEPVOICE_FAKE_musk-to-taylor_frag73,1,cc3bdf544cfc09bd9cc788f7f022ba1af9daf701
DeepVoice,DEEPVOICE_FAKE_musk-to-taylor_frag74,DEEPVOICE_FAKE_musk-to-taylor_frag74,1,cc3bdf544cfc09bd9cc788f7f022ba1af9daf701
DeepVoice,DEEPVOICE_FAKE_musk-to-taylor_frag75,DEEPVOICE_FAKE_musk-to-taylor_frag75,1,cc3bdf544cfc09bd9cc788f7f022ba1af9daf701
DeepVoice,DEEPVOICE_FAKE_musk-to-taylor_frag76,DEEPVOICE_FAKE_musk-to-taylor_frag76,1,cc3bdf544cfc09bd9cc788f7f022ba1af9daf701
DeepVoice,DEEPVOICE_FAKE_musk-to-taylor_frag77,DEEPVOICE_FAKE_musk-to-taylor_frag77,1,cc3bdf544cfc09bd9cc788f7f022ba1af9daf701
DeepVoice,DEEPVOICE_FAKE_musk-to-taylor_frag78,DEEPVOICE_FAKE_musk-to-taylor_frag78,1,cc3bdf544cfc09bd9cc788f7f022ba1af9daf701
DeepVoice,DEEPVOICE_FAKE_musk-to-taylor_frag79,DEEPVOICE_FAKE_musk-to-taylor_frag79,1,cc3bdf544cfc09bd9cc788f7f022ba1af9daf701
DeepVoice,DEEPVOICE_FAKE_musk-to-taylor_frag8,DEEPVOICE_FAKE_musk-to-taylor_frag8,1,cc3bdf544cfc09bd9cc788f7f022ba1af9daf701
DeepVoice,DEEPVOICE_FAKE_musk-to-taylor_frag80,DEEPVOICE_FAKE_musk-to-taylor_frag80,1,cc3bdf544cfc09bd9cc788f7f022ba1af9daf701
DeepVoice,DEEPVOICE_FAKE_musk-to-taylor_frag81,DEEPVOICE_FAKE_musk-to-taylor_frag81,1,cc3bdf544cfc09bd9cc788f7f022ba1af9daf701
DeepVoice,DEEPVOICE_FAKE_musk-to-taylor_frag82,DEEPVOICE_FAKE_musk-to-taylor_frag82,1,cc3bdf544cfc09bd9cc788f7f022ba1af9daf701
DeepVoice,DEEPVOICE_FAKE_musk-to-taylor_frag83,DEEPVOICE_FAKE_musk-to-taylor_frag83,1,cc3bdf544cfc09bd9cc788f7f022ba1af9daf701
DeepVoice,DEEPVOICE_FAKE_musk-to-taylor_frag84,DEEPVOICE_FAKE_musk-to-taylor_frag84,1,cc3bdf544cfc09bd9cc788f7f022ba1af9daf701
DeepVoice,DEEPVOICE_FAKE_musk-to-taylor_frag85,DEEPVOICE_FAKE_musk-to-taylor_frag85,1,cc3bdf544cfc09bd9cc788f7f022ba1af9daf701
DeepVoice,DEEPVOICE_FAKE_musk-to-taylor_frag86,DEEPVOICE_FAKE_musk-to-taylor_frag86,1,cc3bdf544cfc09bd9cc788f7f022ba1af9daf701
DeepVoice,DEEPVOICE_FAKE_musk-to-taylor_frag87,DEEPVOICE_FAKE_musk-to-taylor_frag87,1,cc3bdf544cfc09bd9cc788f7f022ba1af9daf701
DeepVoice,DEEPVOICE_FAKE_musk-to-taylor_frag88,DEEPVOICE_FAKE_musk-to-taylor_frag88,1,cc3bdf544cfc09bd9cc788f7f022ba1af9daf701
DeepVoice,DEEPVOICE_FAKE_musk-to-taylor_frag89,DEEPVOICE_FAKE_musk-to-taylor_frag89,1,cc3bdf544cfc09bd9cc788f7f022ba1af9daf701
DeepVoice,DEEPVOICE_FAKE_musk-to-taylor_frag9,DEEPVOICE_FAKE_musk-to-taylor_frag9,1,cc3bdf544cfc09bd9cc788f7f022ba1af9daf701
DeepVoice,DEEPVOICE_FAKE_musk-to-taylor_frag90,DEEPVOICE_FAKE_musk-to-taylor_frag90,1,cc3bdf544cfc09bd9cc788f7f022ba1af9daf701
DeepVoice,DEEPVOICE_FAKE_musk-to-taylor_frag91,DEEPVOICE_FAKE_musk-to-taylor_frag91,1,cc3bdf544cfc09bd9cc788f7f022ba1af9daf701
DeepVoice,DEEPVOICE_FAKE_musk-to-taylor_frag92,DEEPVOICE_FAKE_musk-to-taylor_frag92,1,cc3bdf544cfc09bd9cc788f7f022ba1af9daf701
DeepVoice,DEEPVOICE_FAKE_musk-to-taylor_frag93,DEEPVOICE_FAKE_musk-to-taylor_frag93,1,cc3bdf544cfc09bd9cc788f7f022ba1af9daf701
DeepVoice,DEEPVOICE_FAKE_musk-to-taylor_frag94,DEEPVOICE_FAKE_musk-to-taylor_frag94,1,cc3bdf544cfc09bd9cc788f7f022ba1af9daf701
DeepVoice,DEEPVOICE_FAKE_musk-to-taylor_frag95,DEEPVOICE_FAKE_musk-to-taylor_frag95,1,cc3bdf544cfc09bd9cc788f7f022ba1af9daf701
DeepVoice,DEEPVOICE_FAKE_musk-to-taylor_frag96,DEEPVOICE_FAKE_musk-to-taylor_frag96,1,cc3bdf544cfc09bd9cc788f7f022ba1af9daf701
DeepVoice,DEEPVOICE_FAKE_musk-to-taylor_frag97,DEEPVOICE_FAKE_musk-to-taylor_frag97,1,cc3bdf544cfc09bd9cc788f7f022ba1af9daf701
DeepVoice,DEEPVOICE_FAKE_musk-to-taylor_frag98,DEEPVOICE_FAKE_musk-to-taylor_frag98,1,cc3bdf544cfc09bd9cc788f7f022ba1af9daf701
DeepVoice,DEEPVOICE_FAKE_musk-to-taylor_frag99,DEEPVOICE_FAKE_musk-to-taylor_frag99,1,cc3bdf544cfc09bd9cc788f7f022ba1af9daf701
DeepVoice,DEEPVOICE_FAKE_musk-to-trump_frag0,DEEPVOICE_FAKE_musk-to-trump_frag0,1,cc3bdf544cfc09bd9cc788f7f022ba1af9daf701
DeepVoice,DEEPVOICE_FAKE_musk-to-trump_frag1,DEEPVOICE_FAKE_musk-to-trump_frag1,1,cc3bdf544cfc09bd9cc788f7f022ba1af9daf701
DeepVoice,DEEPVOICE_FAKE_musk-to-trump_frag10,DEEPVOICE_FAKE_musk-to-trump_frag10,1,cc3bdf544cfc09bd9cc788f7f022ba1af9daf701
DeepVoice,DEEPVOICE_FAKE_musk-to-trump_frag100,DEEPVOICE_FAKE_musk-to-trump_frag100,1,cc3bdf544cfc09bd9cc788f7f022ba1af9daf701
DeepVoice,DEEPVOICE_FAKE_musk-to-trump_frag101,DEEPVOICE_FAKE_musk-to-trump_frag101,1,cc3bdf544cfc09bd9cc788f7f022ba1af9daf701
DeepVoice,DEEPVOICE_FAKE_musk-to-trump_frag102,DEEPVOICE_FAKE_musk-to-trump_frag102,1,cc3bdf544cfc09bd9cc788f7f022ba1af9daf701
DeepVoice,DEEPVOICE_FAKE_musk-to-trump_frag11,DEEPVOICE_FAKE_musk-to-trump_frag11,1,cc3bdf544cfc09bd9cc788f7f022ba1af9daf701
DeepVoice,DEEPVOICE_FAKE_musk-to-trump_frag12,DEEPVOICE_FAKE_musk-to-trump_frag12,1,cc3bdf544cfc09bd9cc788f7f022ba1af9daf701
DeepVoice,DEEPVOICE_FAKE_musk-to-trump_frag13,DEEPVOICE_FAKE_musk-to-trump_frag13,1,cc3bdf544cfc09bd9cc788f7f022ba1af9daf701
DeepVoice,DEEPVOICE_FAKE_musk-to-trump_frag14,DEEPVOICE_FAKE_musk-to-trump_frag14,1,cc3bdf544cfc09bd9cc788f7f022ba1af9daf701
DeepVoice,DEEPVOICE_FAKE_musk-to-trump_frag15,DEEPVOICE_FAKE_musk-to-trump_frag15,1,cc3bdf544cfc09bd9cc788f7f022ba1af9daf701
DeepVoice,DEEPVOICE_FAKE_musk-to-trump_frag16,DEEPVOICE_FAKE_musk-to-trump_frag16,1,cc3bdf544cfc09bd9cc788f7f022ba1af9daf701
DeepVoice,DEEPVOICE_FAKE_musk-to-trump_frag17,DEEPVOICE_FAKE_musk-to-trump_frag17,1,cc3bdf544cfc09bd9cc788f7f022ba1af9daf701
DeepVoice,DEEPVOICE_FAKE_musk-to-trump_frag18,DEEPVOICE_FAKE_musk-to-trump_frag18,1,cc3bdf544cfc09bd9cc788f7f022ba1af9daf701
DeepVoice,DEEPVOICE_FAKE_musk-to-trump_frag19,DEEPVOICE_FAKE_musk-to-trump_frag19,1,cc3bdf544cfc09bd9cc788f7f022ba1af9daf701
DeepVoice,DEEPVOICE_FAKE_musk-to-trump_frag2,DEEPVOICE_FAKE_musk-to-trump_frag2,1,cc3bdf544cfc09bd9cc788f7f022ba1af9daf701
DeepVoice,DEEPVOICE_FAKE_musk-to-trump_frag20,DEEPVOICE_FAKE_musk-to-trump_frag20,1,cc3bdf544cfc09bd9cc788f7f022ba1af9daf701
DeepVoice,DEEPVOICE_FAKE_musk-to-trump_frag21,DEEPVOICE_FAKE_musk-to-trump_frag21,1,cc3bdf544cfc09bd9cc788f7f022ba1af9daf701
DeepVoice,DEEPVOICE_FAKE_musk-to-trump_frag22,DEEPVOICE_FAKE_musk-to-trump_frag22,1,cc3bdf544cfc09bd9cc788f7f022ba1af9daf701
DeepVoice,DEEPVOICE_FAKE_musk-to-trump_frag23,DEEPVOICE_FAKE_musk-to-trump_frag23,1,cc3bdf544cfc09bd9cc788f7f022ba1af9daf701
DeepVoice,DEEPVOICE_FAKE_musk-to-trump_frag24,DEEPVOICE_FAKE_musk-to-trump_frag24,1,cc3bdf544cfc09bd9cc788f7f022ba1af9daf701
DeepVoice,DEEPVOICE_FAKE_musk-to-trump_frag25,DEEPVOICE_FAKE_musk-to-trump_frag25,1,cc3bdf544cfc09bd9cc788f7f022ba1af9daf701
DeepVoice,DEEPVOICE_FAKE_musk-to-trump_frag26,DEEPVOICE_FAKE_musk-to-trump_frag26,1,cc3bdf544cfc09bd9cc788f7f022ba1af9daf701
DeepVoice,DEEPVOICE_FAKE_musk-to-trump_frag27,DEEPVOICE_FAKE_musk-to-trump_frag27,1,cc3bdf544cfc09bd9cc788f7f022ba1af9daf701
DeepVoice,DEEPVOICE_FAKE_musk-to-trump_frag28,DEEPVOICE_FAKE_musk-to-trump_frag28,1,cc3bdf544cfc09bd9cc788f7f022ba1af9daf701
DeepVoice,DEEPVOICE_FAKE_musk-to-trump_frag29,DEEPVOICE_FAKE_musk-to-trump_frag29,1,cc3bdf544cfc09bd9cc788f7f022ba1af9daf701
DeepVoice,DEEPVOICE_FAKE_musk-to-trump_frag3,DEEPVOICE_FAKE_musk-to-trump_frag3,1,cc3bdf544cfc09bd9cc788f7f022ba1af9daf701
DeepVoice,DEEPVOICE_FAKE_musk-to-trump_frag30,DEEPVOICE_FAKE_musk-to-trump_frag30,1,cc3bdf544cfc09bd9cc788f7f022ba1af9daf701
DeepVoice,DEEPVOICE_FAKE_musk-to-trump_frag31,DEEPVOICE_FAKE_musk-to-trump_frag31,1,cc3bdf544cfc09bd9cc788f7f022ba1af9daf701
DeepVoice,DEEPVOICE_FAKE_musk-to-trump_frag32,DEEPVOICE_FAKE_musk-to-trump_frag32,1,cc3bdf544cfc09bd9cc788f7f022ba1af9daf701
DeepVoice,DEEPVOICE_FAKE_musk-to-trump_frag33,DEEPVOICE_FAKE_musk-to-trump_frag33,1,cc3bdf544cfc09bd9cc788f7f022ba1af9daf701
DeepVoice,DEEPVOICE_FAKE_musk-to-trump_frag34,DEEPVOICE_FAKE_musk-to-trump_frag34,1,cc3bdf544cfc09bd9cc788f7f022ba1af9daf701
DeepVoice,DEEPVOICE_FAKE_musk-to-trump_frag35,DEEPVOICE_FAKE_musk-to-trump_frag35,1,cc3bdf544cfc09bd9cc788f7f022ba1af9daf701
DeepVoice,DEEPVOICE_FAKE_musk-to-trump_frag36,DEEPVOICE_FAKE_musk-to-trump_frag36,1,cc3bdf544cfc09bd9cc788f7f022ba1af9daf701
DeepVoice,DEEPVOICE_FAKE_musk-to-trump_frag37,DEEPVOICE_FAKE_musk-to-trump_frag37,1,cc3bdf544cfc09bd9cc788f7f022ba1af9daf701
DeepVoice,DEEPVOICE_FAKE_musk-to-trump_frag38,DEEPVOICE_FAKE_musk-to-trump_frag38,1,cc3bdf544cfc09bd9cc788f7f022ba1af9daf701
DeepVoice,DEEPVOICE_FAKE_musk-to-trump_frag39,DEEPVOICE_FAKE_musk-to-trump_frag39,1,cc3bdf544cfc09bd9cc788f7f022ba1af9daf701
DeepVoice,DEEPVOICE_FAKE_musk-to-trump_frag4,DEEPVOICE_FAKE_musk-to-trump_frag4,1,cc3bdf544cfc09bd9cc788f7f022ba1af9daf701
DeepVoice,DEEPVOICE_FAKE_musk-to-trump_frag40,DEEPVOICE_FAKE_musk-to-trump_frag40,1,cc3bdf544cfc09bd9cc788f7f022ba1af9daf701
DeepVoice,DEEPVOICE_FAKE_musk-to-trump_frag41,DEEPVOICE_FAKE_musk-to-trump_frag41,1,cc3bdf544cfc09bd9cc788f7f022ba1af9daf701
DeepVoice,DEEPVOICE_FAKE_musk-to-trump_frag42,DEEPVOICE_FAKE_musk-to-trump_frag42,1,cc3bdf544cfc09bd9cc788f7f022ba1af9daf701
DeepVoice,DEEPVOICE_FAKE_musk-to-trump_frag43,DEEPVOICE_FAKE_musk-to-trump_frag43,1,cc3bdf544cfc09bd9cc788f7f022ba1af9daf701
DeepVoice,DEEPVOICE_FAKE_musk-to-trump_frag44,DEEPVOICE_FAKE_musk-to-trump_frag44,1,cc3bdf544cfc09bd9cc788f7f022ba1af9daf701
DeepVoice,DEEPVOICE_FAKE_musk-to-trump_frag45,DEEPVOICE_FAKE_musk-to-trump_frag45,1,cc3bdf544cfc09bd9cc788f7f022ba1af9daf701
DeepVoice,DEEPVOICE_FAKE_musk-to-trump_frag46,DEEPVOICE_FAKE_musk-to-trump_frag46,1,cc3bdf544cfc09bd9cc788f7f022ba1af9daf701
DeepVoice,DEEPVOICE_FAKE_musk-to-trump_frag47,DEEPVOICE_FAKE_musk-to-trump_frag47,1,cc3bdf544cfc09bd9cc788f7f022ba1af9daf701
DeepVoice,DEEPVOICE_FAKE_musk-to-trump_frag48,DEEPVOICE_FAKE_musk-to-trump_frag48,1,cc3bdf544cfc09bd9cc788f7f022ba1af9daf701
DeepVoice,DEEPVOICE_FAKE_musk-to-trump_frag49,DEEPVOICE_FAKE_musk-to-trump_frag49,1,cc3bdf544cfc09bd9cc788f7f022ba1af9daf701
DeepVoice,DEEPVOICE_FAKE_musk-to-trump_frag5,DEEPVOICE_FAKE_musk-to-trump_frag5,1,cc3bdf544cfc09bd9cc788f7f022ba1af9daf701
DeepVoice,DEEPVOICE_FAKE_musk-to-trump_frag50,DEEPVOICE_FAKE_musk-to-trump_frag50,1,cc3bdf544cfc09bd9cc788f7f022ba1af9daf701
DeepVoice,DEEPVOICE_FAKE_musk-to-trump_frag51,DEEPVOICE_FAKE_musk-to-trump_frag51,1,cc3bdf544cfc09bd9cc788f7f022ba1af9daf701
DeepVoice,DEEPVOICE_FAKE_musk-to-trump_frag52,DEEPVOICE_FAKE_musk-to-trump_frag52,1,cc3bdf544cfc09bd9cc788f7f022ba1af9daf701
DeepVoice,DEEPVOICE_FAKE_musk-to-trump_frag53,DEEPVOICE_FAKE_musk-to-trump_frag53,1,cc3bdf544cfc09bd9cc788f7f022ba1af9daf701
DeepVoice,DEEPVOICE_FAKE_musk-to-trump_frag54,DEEPVOICE_FAKE_musk-to-trump_frag54,1,cc3bdf544cfc09bd9cc788f7f022ba1af9daf701
DeepVoice,DEEPVOICE_FAKE_musk-to-trump_frag55,DEEPVOICE_FAKE_musk-to-trump_frag55,1,cc3bdf544cfc09bd9cc788f7f022ba1af9daf701
DeepVoice,DEEPVOICE_FAKE_musk-to-trump_frag56,DEEPVOICE_FAKE_musk-to-trump_frag56,1,cc3bdf544cfc09bd9cc788f7f022ba1af9daf701
DeepVoice,DEEPVOICE_FAKE_musk-to-trump_frag57,DEEPVOICE_FAKE_musk-to-trump_frag57,1,cc3bdf544cfc09bd9cc788f7f022ba1af9daf701
DeepVoice,DEEPVOICE_FAKE_musk-to-trump_frag58,DEEPVOICE_FAKE_musk-to-trump_frag58,1,cc3bdf544cfc09bd9cc788f7f022ba1af9daf701
DeepVoice,DEEPVOICE_FAKE_musk-to-trump_frag59,DEEPVOICE_FAKE_musk-to-trump_frag59,1,cc3bdf544cfc09bd9cc788f7f022ba1af9daf701
DeepVoice,DEEPVOICE_FAKE_musk-to-trump_frag6,DEEPVOICE_FAKE_musk-to-trump_frag6,1,cc3bdf544cfc09bd9cc788f7f022ba1af9daf701
DeepVoice,DEEPVOICE_FAKE_musk-to-trump_frag60,DEEPVOICE_FAKE_musk-to-trump_frag60,1,cc3bdf544cfc09bd9cc788f7f022ba1af9daf701
DeepVoice,DEEPVOICE_FAKE_musk-to-trump_frag61,DEEPVOICE_FAKE_musk-to-trump_frag61,1,cc3bdf544cfc09bd9cc788f7f022ba1af9daf701
DeepVoice,DEEPVOICE_FAKE_musk-to-trump_frag62,DEEPVOICE_FAKE_musk-to-trump_frag62,1,cc3bdf544cfc09bd9cc788f7f022ba1af9daf701
DeepVoice,DEEPVOICE_FAKE_musk-to-trump_frag63,DEEPVOICE_FAKE_musk-to-trump_frag63,1,cc3bdf544cfc09bd9cc788f7f022ba1af9daf701
DeepVoice,DEEPVOICE_FAKE_musk-to-trump_frag64,DEEPVOICE_FAKE_musk-to-trump_frag64,1,cc3bdf544cfc09bd9cc788f7f022ba1af9daf701
DeepVoice,DEEPVOICE_FAKE_musk-to-trump_frag65,DEEPVOICE_FAKE_musk-to-trump_frag65,1,cc3bdf544cfc09bd9cc788f7f022ba1af9daf701
DeepVoice,DEEPVOICE_FAKE_musk-to-trump_frag66,DEEPVOICE_FAKE_musk-to-trump_frag66,1,cc3bdf544cfc09bd9cc788f7f022ba1af9daf701
DeepVoice,DEEPVOICE_FAKE_musk-to-trump_frag67,DEEPVOICE_FAKE_musk-to-trump_frag67,1,cc3bdf544cfc09bd9cc788f7f022ba1af9daf701
DeepVoice,DEEPVOICE_FAKE_musk-to-trump_frag68,DEEPVOICE_FAKE_musk-to-trump_frag68,1,cc3bdf544cfc09bd9cc788f7f022ba1af9daf701
DeepVoice,DEEPVOICE_FAKE_musk-to-trump_frag69,DEEPVOICE_FAKE_musk-to-trump_frag69,1,cc3bdf544cfc09bd9cc788f7f022ba1af9daf701
DeepVoice,DEEPVOICE_FAKE_musk-to-trump_frag7,DEEPVOICE_FAKE_musk-to-trump_frag7,1,cc3bdf544cfc09bd9cc788f7f022ba1af9daf701
DeepVoice,DEEPVOICE_FAKE_musk-to-trump_frag70,DEEPVOICE_FAKE_musk-to-trump_frag70,1,cc3bdf544cfc09bd9cc788f7f022ba1af9daf701
DeepVoice,DEEPVOICE_FAKE_musk-to-trump_frag71,DEEPVOICE_FAKE_musk-to-trump_frag71,1,cc3bdf544cfc09bd9cc788f7f022ba1af9daf701
DeepVoice,DEEPVOICE_FAKE_musk-to-trump_frag72,DEEPVOICE_FAKE_musk-to-trump_frag72,1,cc3bdf544cfc09bd9cc788f7f022ba1af9daf701
DeepVoice,DEEPVOICE_FAKE_musk-to-trump_frag73,DEEPVOICE_FAKE_musk-to-trump_frag73,1,cc3bdf544cfc09bd9cc788f7f022ba1af9daf701
DeepVoice,DEEPVOICE_FAKE_musk-to-trump_frag74,DEEPVOICE_FAKE_musk-to-trump_frag74,1,cc3bdf544cfc09bd9cc788f7f022ba1af9daf701
DeepVoice,DEEPVOICE_FAKE_musk-to-trump_frag75,DEEPVOICE_FAKE_musk-to-trump_frag75,1,cc3bdf544cfc09bd9cc788f7f022ba1af9daf701
DeepVoice,DEEPVOICE_FAKE_musk-to-trump_frag76,DEEPVOICE_FAKE_musk-to-trump_frag76,1,cc3bdf544cfc09bd9cc788f7f022ba1af9daf701
DeepVoice,DEEPVOICE_FAKE_musk-to-trump_frag77,DEEPVOICE_FAKE_musk-to-trump_frag77,1,cc3bdf544cfc09bd9cc788f7f022ba1af9daf701
DeepVoice,DEEPVOICE_FAKE_musk-to-trump_frag78,DEEPVOICE_FAKE_musk-to-trump_frag78,1,cc3bdf544cfc09bd9cc788f7f022ba1af9daf701
DeepVoice,DEEPVOICE_FAKE_musk-to-trump_frag79,DEEPVOICE_FAKE_musk-to-trump_frag79,1,cc3bdf544cfc09bd9cc788f7f022ba1af9daf701
DeepVoice,DEEPVOICE_FAKE_musk-to-trump_frag8,DEEPVOICE_FAKE_musk-to-trump_frag8,1,cc3bdf544cfc09bd9cc788f7f022ba1af9daf701
DeepVoice,DEEPVOICE_FAKE_musk-to-trump_frag80,DEEPVOICE_FAKE_musk-to-trump_frag80,1,cc3bdf544cfc09bd9cc788f7f022ba1af9daf701
DeepVoice,DEEPVOICE_FAKE_musk-to-trump_frag81,DEEPVOICE_FAKE_musk-to-trump_frag81,1,cc3bdf544cfc09bd9cc788f7f022ba1af9daf701
DeepVoice,DEEPVOICE_FAKE_musk-to-trump_frag82,DEEPVOICE_FAKE_musk-to-trump_frag82,1,cc3bdf544cfc09bd9cc788f7f022ba1af9daf701
DeepVoice,DEEPVOICE_FAKE_musk-to-trump_frag83,DEEPVOICE_FAKE_musk-to-trump_frag83,1,cc3bdf544cfc09bd9cc788f7f022ba1af9daf701
DeepVoice,DEEPVOICE_FAKE_musk-to-trump_frag84,DEEPVOICE_FAKE_musk-to-trump_frag84,1,cc3bdf544cfc09bd9cc788f7f022ba1af9daf701
DeepVoice,DEEPVOICE_FAKE_musk-to-trump_frag85,DEEPVOICE_FAKE_musk-to-trump_frag85,1,cc3bdf544cfc09bd9cc788f7f022ba1af9daf701
DeepVoice,DEEPVOICE_FAKE_musk-to-trump_frag86,DEEPVOICE_FAKE_musk-to-trump_frag86,1,cc3bdf544cfc09bd9cc788f7f022ba1af9daf701
DeepVoice,DEEPVOICE_FAKE_musk-to-trump_frag87,DEEPVOICE_FAKE_musk-to-trump_frag87,1,cc3bdf544cfc09bd9cc788f7f022ba1af9daf701
DeepVoice,DEEPVOICE_FAKE_musk-to-trump_frag88,DEEPVOICE_FAKE_musk-to-trump_frag88,1,cc3bdf544cfc09bd9cc788f7f022ba1af9daf701
DeepVoice,DEEPVOICE_FAKE_musk-to-trump_frag89,DEEPVOICE_FAKE_musk-to-trump_frag89,1,cc3bdf544cfc09bd9cc788f7f022ba1af9daf701
DeepVoice,DEEPVOICE_FAKE_musk-to-trump_frag9,DEEPVOICE_FAKE_musk-to-trump_frag9,1,cc3bdf544cfc09bd9cc788f7f022ba1af9daf701
DeepVoice,DEEPVOICE_FAKE_musk-to-trump_frag90,DEEPVOICE_FAKE_musk-to-trump_frag90,1,cc3bdf544cfc09bd9cc788f7f022ba1af9daf701
DeepVoice,DEEPVOICE_FAKE_musk-to-trump_frag91,DEEPVOICE_FAKE_musk-to-trump_frag91,1,cc3bdf544cfc09bd9cc788f7f022ba1af9daf701
DeepVoice,DEEPVOICE_FAKE_musk-to-trump_frag92,DEEPVOICE_FAKE_musk-to-trump_frag92,1,cc3bdf544cfc09bd9cc788f7f022ba1af9daf701
DeepVoice,DEEPVOICE_FAKE_musk-to-trump_frag93,DEEPVOICE_FAKE_musk-to-trump_frag93,1,cc3bdf544cfc09bd9cc788f7f022ba1af9daf701
DeepVoice,DEEPVOICE_FAKE_musk-to-trump_frag94,DEEPVOICE_FAKE_musk-to-trump_frag94,1,cc3bdf544cfc09bd9cc788f7f022ba1af9daf701
DeepVoice,DEEPVOICE_FAKE_musk-to-trump_frag95,DEEPVOICE_FAKE_musk-to-trump_frag95,1,cc3bdf544cfc09bd9cc788f7f022ba1af9daf701
DeepVoice,DEEPVOICE_FAKE_musk-to-trump_frag96,DEEPVOICE_FAKE_musk-to-trump_frag96,1,cc3bdf544cfc09bd9cc788f7f022ba1af9daf701
DeepVoice,DEEPVOICE_FAKE_musk-to-trump_frag97,DEEPVOICE_FAKE_musk-to-trump_frag97,1,cc3bdf544cfc09bd9cc788f7f022ba1af9daf701
DeepVoice,DEEPVOICE_FAKE_musk-to-trump_frag98,DEEPVOICE_FAKE_musk-to-trump_frag98,1,cc3bdf544cfc09bd9cc788f7f022ba1af9daf701
DeepVoice,DEEPVOICE_FAKE_musk-to-trump_frag99,DEEPVOICE_FAKE_musk-to-trump_frag99,1,cc3bdf544cfc09bd9cc788f7f022ba1af9daf701
DeepVoice,DEEPVOICE_FAKE_obama-to-linus_frag0,DEEPVOICE_FAKE_obama-to-linus_frag0,1,cc3bdf544cfc09bd9cc788f7f022ba1af9daf701
DeepVoice,DEEPVOICE_FAKE_obama-to-linus_frag1,DEEPVOICE_FAKE_obama-to-linus_frag1,1,cc3bdf544cfc09bd9cc788f7f022ba1af9daf701
DeepVoice,DEEPVOICE_FAKE_obama-to-linus_frag10,DEEPVOICE_FAKE_obama-to-linus_frag10,1,cc3bdf544cfc09bd9cc788f7f022ba1af9daf701
DeepVoice,DEEPVOICE_FAKE_obama-to-linus_frag11,DEEPVOICE_FAKE_obama-to-linus_frag11,1,cc3bdf544cfc09bd9cc788f7f022ba1af9daf701
DeepVoice,DEEPVOICE_FAKE_obama-to-linus_frag12,DEEPVOICE_FAKE_obama-to-linus_frag12,1,cc3bdf544cfc09bd9cc788f7f022ba1af9daf701
DeepVoice,DEEPVOICE_FAKE_obama-to-linus_frag13,DEEPVOICE_FAKE_obama-to-linus_frag13,1,cc3bdf544cfc09bd9cc788f7f022ba1af9daf701
DeepVoice,DEEPVOICE_FAKE_obama-to-linus_frag14,DEEPVOICE_FAKE_obama-to-linus_frag14,1,cc3bdf544cfc09bd9cc788f7f022ba1af9daf701
DeepVoice,DEEPVOICE_FAKE_obama-to-linus_frag15,DEEPVOICE_FAKE_obama-to-linus_frag15,1,cc3bdf544cfc09bd9cc788f7f022ba1af9daf701
DeepVoice,DEEPVOICE_FAKE_obama-to-linus_frag16,DEEPVOICE_FAKE_obama-to-linus_frag16,1,cc3bdf544cfc09bd9cc788f7f022ba1af9daf701
DeepVoice,DEEPVOICE_FAKE_obama-to-linus_frag17,DEEPVOICE_FAKE_obama-to-linus_frag17,1,cc3bdf544cfc09bd9cc788f7f022ba1af9daf701
DeepVoice,DEEPVOICE_FAKE_obama-to-linus_frag18,DEEPVOICE_FAKE_obama-to-linus_frag18,1,cc3bdf544cfc09bd9cc788f7f022ba1af9daf701
DeepVoice,DEEPVOICE_FAKE_obama-to-linus_frag19,DEEPVOICE_FAKE_obama-to-linus_frag19,1,cc3bdf544cfc09bd9cc788f7f022ba1af9daf701
DeepVoice,DEEPVOICE_FAKE_obama-to-linus_frag2,DEEPVOICE_FAKE_obama-to-linus_frag2,1,cc3bdf544cfc09bd9cc788f7f022ba1af9daf701
DeepVoice,DEEPVOICE_FAKE_obama-to-linus_frag20,DEEPVOICE_FAKE_obama-to-linus_frag20,1,cc3bdf544cfc09bd9cc788f7f022ba1af9daf701
DeepVoice,DEEPVOICE_FAKE_obama-to-linus_frag21,DEEPVOICE_FAKE_obama-to-linus_frag21,1,cc3bdf544cfc09bd9cc788f7f022ba1af9daf701
DeepVoice,DEEPVOICE_FAKE_obama-to-linus_frag22,DEEPVOICE_FAKE_obama-to-linus_frag22,1,cc3bdf544cfc09bd9cc788f7f022ba1af9daf701
DeepVoice,DEEPVOICE_FAKE_obama-to-linus_frag23,DEEPVOICE_FAKE_obama-to-linus_frag23,1,cc3bdf544cfc09bd9cc788f7f022ba1af9daf701
DeepVoice,DEEPVOICE_FAKE_obama-to-linus_frag24,DEEPVOICE_FAKE_obama-to-linus_frag24,1,cc3bdf544cfc09bd9cc788f7f022ba1af9daf701
DeepVoice,DEEPVOICE_FAKE_obama-to-linus_frag25,DEEPVOICE_FAKE_obama-to-linus_frag25,1,cc3bdf544cfc09bd9cc788f7f022ba1af9daf701
DeepVoice,DEEPVOICE_FAKE_obama-to-linus_frag26,DEEPVOICE_FAKE_obama-to-linus_frag26,1,cc3bdf544cfc09bd9cc788f7f022ba1af9daf701
DeepVoice,DEEPVOICE_FAKE_obama-to-linus_frag27,DEEPVOICE_FAKE_obama-to-linus_frag27,1,cc3bdf544cfc09bd9cc788f7f022ba1af9daf701
DeepVoice,DEEPVOICE_FAKE_obama-to-linus_frag28,DEEPVOICE_FAKE_obama-to-linus_frag28,1,cc3bdf544cfc09bd9cc788f7f022ba1af9daf701
DeepVoice,DEEPVOICE_FAKE_obama-to-linus_frag29,DEEPVOICE_FAKE_obama-to-linus_frag29,1,cc3bdf544cfc09bd9cc788f7f022ba1af9daf701
DeepVoice,DEEPVOICE_FAKE_obama-to-linus_frag3,DEEPVOICE_FAKE_obama-to-linus_frag3,1,cc3bdf544cfc09bd9cc788f7f022ba1af9daf701
DeepVoice,DEEPVOICE_FAKE_obama-to-linus_frag30,DEEPVOICE_FAKE_obama-to-linus_frag30,1,cc3bdf544cfc09bd9cc788f7f022ba1af9daf701
DeepVoice,DEEPVOICE_FAKE_obama-to-linus_frag31,DEEPVOICE_FAKE_obama-to-linus_frag31,1,cc3bdf544cfc09bd9cc788f7f022ba1af9daf701
DeepVoice,DEEPVOICE_FAKE_obama-to-linus_frag32,DEEPVOICE_FAKE_obama-to-linus_frag32,1,cc3bdf544cfc09bd9cc788f7f022ba1af9daf701
DeepVoice,DEEPVOICE_FAKE_obama-to-linus_frag33,DEEPVOICE_FAKE_obama-to-linus_frag33,1,cc3bdf544cfc09bd9cc788f7f022ba1af9daf701
DeepVoice,DEEPVOICE_FAKE_obama-to-linus_frag34,DEEPVOICE_FAKE_obama-to-linus_frag34,1,cc3bdf544cfc09bd9cc788f7f022ba1af9daf701
DeepVoice,DEEPVOICE_FAKE_obama-to-linus_frag35,DEEPVOICE_FAKE_obama-to-linus_frag35,1,cc3bdf544cfc09bd9cc788f7f022ba1af9daf701
DeepVoice,DEEPVOICE_FAKE_obama-to-linus_frag36,DEEPVOICE_FAKE_obama-to-linus_frag36,1,cc3bdf544cfc09bd9cc788f7f022ba1af9daf701
DeepVoice,DEEPVOICE_FAKE_obama-to-linus_frag37,DEEPVOICE_FAKE_obama-to-linus_frag37,1,cc3bdf544cfc09bd9cc788f7f022ba1af9daf701
DeepVoice,DEEPVOICE_FAKE_obama-to-linus_frag38,DEEPVOICE_FAKE_obama-to-linus_frag38,1,cc3bdf544cfc09bd9cc788f7f022ba1af9daf701
DeepVoice,DEEPVOICE_FAKE_obama-to-linus_frag39,DEEPVOICE_FAKE_obama-to-linus_frag39,1,cc3bdf544cfc09bd9cc788f7f022ba1af9daf701
DeepVoice,DEEPVOICE_FAKE_obama-to-linus_frag4,DEEPVOICE_FAKE_obama-to-linus_frag4,1,cc3bdf544cfc09bd9cc788f7f022ba1af9daf701
DeepVoice,DEEPVOICE_FAKE_obama-to-linus_frag40,DEEPVOICE_FAKE_obama-to-linus_frag40,1,cc3bdf544cfc09bd9cc788f7f022ba1af9daf701
DeepVoice,DEEPVOICE_FAKE_obama-to-linus_frag41,DEEPVOICE_FAKE_obama-to-linus_frag41,1,cc3bdf544cfc09bd9cc788f7f022ba1af9daf701
DeepVoice,DEEPVOICE_FAKE_obama-to-linus_frag42,DEEPVOICE_FAKE_obama-to-linus_frag42,1,cc3bdf544cfc09bd9cc788f7f022ba1af9daf701
DeepVoice,DEEPVOICE_FAKE_obama-to-linus_frag43,DEEPVOICE_FAKE_obama-to-linus_frag43,1,cc3bdf544cfc09bd9cc788f7f022ba1af9daf701
DeepVoice,DEEPVOICE_FAKE_obama-to-linus_frag44,DEEPVOICE_FAKE_obama-to-linus_frag44,1,cc3bdf544cfc09bd9cc788f7f022ba1af9daf701
DeepVoice,DEEPVOICE_FAKE_obama-to-linus_frag45,DEEPVOICE_FAKE_obama-to-linus_frag45,1,cc3bdf544cfc09bd9cc788f7f022ba1af9daf701
DeepVoice,DEEPVOICE_FAKE_obama-to-linus_frag46,DEEPVOICE_FAKE_obama-to-linus_frag46,1,cc3bdf544cfc09bd9cc788f7f022ba1af9daf701
DeepVoice,DEEPVOICE_FAKE_obama-to-linus_frag47,DEEPVOICE_FAKE_obama-to-linus_frag47,1,cc3bdf544cfc09bd9cc788f7f022ba1af9daf701
DeepVoice,DEEPVOICE_FAKE_obama-to-linus_frag48,DEEPVOICE_FAKE_obama-to-linus_frag48,1,cc3bdf544cfc09bd9cc788f7f022ba1af9daf701
DeepVoice,DEEPVOICE_FAKE_obama-to-linus_frag49,DEEPVOICE_FAKE_obama-to-linus_frag49,1,cc3bdf544cfc09bd9cc788f7f022ba1af9daf701
DeepVoice,DEEPVOICE_FAKE_obama-to-linus_frag5,DEEPVOICE_FAKE_obama-to-linus_frag5,1,cc3bdf544cfc09bd9cc788f7f022ba1af9daf701
DeepVoice,DEEPVOICE_FAKE_obama-to-linus_frag50,DEEPVOICE_FAKE_obama-to-linus_frag50,1,cc3bdf544cfc09bd9cc788f7f022ba1af9daf701
DeepVoice,DEEPVOICE_FAKE_obama-to-linus_frag51,DEEPVOICE_FAKE_obama-to-linus_frag51,1,cc3bdf544cfc09bd9cc788f7f022ba1af9daf701
DeepVoice,DEEPVOICE_FAKE_obama-to-linus_frag52,DEEPVOICE_FAKE_obama-to-linus_frag52,1,cc3bdf544cfc09bd9cc788f7f022ba1af9daf701
DeepVoice,DEEPVOICE_FAKE_obama-to-linus_frag53,DEEPVOICE_FAKE_obama-to-linus_frag53,1,cc3bdf544cfc09bd9cc788f7f022ba1af9daf701
DeepVoice,DEEPVOICE_FAKE_obama-to-linus_frag54,DEEPVOICE_FAKE_obama-to-linus_frag54,1,cc3bdf544cfc09bd9cc788f7f022ba1af9daf701
DeepVoice,DEEPVOICE_FAKE_obama-to-linus_frag55,DEEPVOICE_FAKE_obama-to-linus_frag55,1,cc3bdf544cfc09bd9cc788f7f022ba1af9daf701
DeepVoice,DEEPVOICE_FAKE_obama-to-linus_frag56,DEEPVOICE_FAKE_obama-to-linus_frag56,1,cc3bdf544cfc09bd9cc788f7f022ba1af9daf701
DeepVoice,DEEPVOICE_FAKE_obama-to-linus_frag57,DEEPVOICE_FAKE_obama-to-linus_frag57,1,cc3bdf544cfc09bd9cc788f7f022ba1af9daf701
DeepVoice,DEEPVOICE_FAKE_obama-to-linus_frag58,DEEPVOICE_FAKE_obama-to-linus_frag58,1,cc3bdf544cfc09bd9cc788f7f022ba1af9daf701
DeepVoice,DEEPVOICE_FAKE_obama-to-linus_frag59,DEEPVOICE_FAKE_obama-to-linus_frag59,1,cc3bdf544cfc09bd9cc788f7f022ba1af9daf701
DeepVoice,DEEPVOICE_FAKE_obama-to-linus_frag6,DEEPVOICE_FAKE_obama-to-linus_frag6,1,cc3bdf544cfc09bd9cc788f7f022ba1af9daf701
DeepVoice,DEEPVOICE_FAKE_obama-to-linus_frag60,DEEPVOICE_FAKE_obama-to-linus_frag60,1,cc3bdf544cfc09bd9cc788f7f022ba1af9daf701
DeepVoice,DEEPVOICE_FAKE_obama-to-linus_frag61,DEEPVOICE_FAKE_obama-to-linus_frag61,1,cc3bdf544cfc09bd9cc788f7f022ba1af9daf701
DeepVoice,DEEPVOICE_FAKE_obama-to-linus_frag62,DEEPVOICE_FAKE_obama-to-linus_frag62,1,cc3bdf544cfc09bd9cc788f7f022ba1af9daf701
DeepVoice,DEEPVOICE_FAKE_obama-to-linus_frag63,DEEPVOICE_FAKE_obama-to-linus_frag63,1,cc3bdf544cfc09bd9cc788f7f022ba1af9daf701
DeepVoice,DEEPVOICE_FAKE_obama-to-linus_frag64,DEEPVOICE_FAKE_obama-to-linus_frag64,1,cc3bdf544cfc09bd9cc788f7f022ba1af9daf701
DeepVoice,DEEPVOICE_FAKE_obama-to-linus_frag65,DEEPVOICE_FAKE_obama-to-linus_frag65,1,cc3bdf544cfc09bd9cc788f7f022ba1af9daf701
DeepVoice,DEEPVOICE_FAKE_obama-to-linus_frag66,DEEPVOICE_FAKE_obama-to-linus_frag66,1,cc3bdf544cfc09bd9cc788f7f022ba1af9daf701
DeepVoice,DEEPVOICE_FAKE_obama-to-linus_frag67,DEEPVOICE_FAKE_obama-to-linus_frag67,1,cc3bdf544cfc09bd9cc788f7f022ba1af9daf701
DeepVoice,DEEPVOICE_FAKE_obama-to-linus_frag68,DEEPVOICE_FAKE_obama-to-linus_frag68,1,cc3bdf544cfc09bd9cc788f7f022ba1af9daf701
DeepVoice,DEEPVOICE_FAKE_obama-to-linus_frag69,DEEPVOICE_FAKE_obama-to-linus_frag69,1,cc3bdf544cfc09bd9cc788f7f022ba1af9daf701
DeepVoice,DEEPVOICE_FAKE_obama-to-linus_frag7,DEEPVOICE_FAKE_obama-to-linus_frag7,1,cc3bdf544cfc09bd9cc788f7f022ba1af9daf701
DeepVoice,DEEPVOICE_FAKE_obama-to-linus_frag70,DEEPVOICE_FAKE_obama-to-linus_frag70,1,cc3bdf544cfc09bd9cc788f7f022ba1af9daf701
DeepVoice,DEEPVOICE_FAKE_obama-to-linus_frag71,DEEPVOICE_FAKE_obama-to-linus_frag71,1,cc3bdf544cfc09bd9cc788f7f022ba1af9daf701
DeepVoice,DEEPVOICE_FAKE_obama-to-linus_frag72,DEEPVOICE_FAKE_obama-to-linus_frag72,1,cc3bdf544cfc09bd9cc788f7f022ba1af9daf701
DeepVoice,DEEPVOICE_FAKE_obama-to-linus_frag73,DEEPVOICE_FAKE_obama-to-linus_frag73,1,cc3bdf544cfc09bd9cc788f7f022ba1af9daf701
DeepVoice,DEEPVOICE_FAKE_obama-to-linus_frag74,DEEPVOICE_FAKE_obama-to-linus_frag74,1,cc3bdf544cfc09bd9cc788f7f022ba1af9daf701
DeepVoice,DEEPVOICE_FAKE_obama-to-linus_frag75,DEEPVOICE_FAKE_obama-to-linus_frag75,1,cc3bdf544cfc09bd9cc788f7f022ba1af9daf701
DeepVoice,DEEPVOICE_FAKE_obama-to-linus_frag76,DEEPVOICE_FAKE_obama-to-linus_frag76,1,cc3bdf544cfc09bd9cc788f7f022ba1af9daf701
DeepVoice,DEEPVOICE_FAKE_obama-to-linus_frag77,DEEPVOICE_FAKE_obama-to-linus_frag77,1,cc3bdf544cfc09bd9cc788f7f022ba1af9daf701
DeepVoice,DEEPVOICE_FAKE_obama-to-linus_frag78,DEEPVOICE_FAKE_obama-to-linus_frag78,1,cc3bdf544cfc09bd9cc788f7f022ba1af9daf701
DeepVoice,DEEPVOICE_FAKE_obama-to-linus_frag79,DEEPVOICE_FAKE_obama-to-linus_frag79,1,cc3bdf544cfc09bd9cc788f7f022ba1af9daf701
DeepVoice,DEEPVOICE_FAKE_obama-to-linus_frag8,DEEPVOICE_FAKE_obama-to-linus_frag8,1,cc3bdf544cfc09bd9cc788f7f022ba1af9daf701
DeepVoice,DEEPVOICE_FAKE_obama-to-linus_frag80,DEEPVOICE_FAKE_obama-to-linus_frag80,1,cc3bdf544cfc09bd9cc788f7f022ba1af9daf701
DeepVoice,DEEPVOICE_FAKE_obama-to-linus_frag81,DEEPVOICE_FAKE_obama-to-linus_frag81,1,cc3bdf544cfc09bd9cc788f7f022ba1af9daf701
DeepVoice,DEEPVOICE_FAKE_obama-to-linus_frag82,DEEPVOICE_FAKE_obama-to-linus_frag82,1,cc3bdf544cfc09bd9cc788f7f022ba1af9daf701
DeepVoice,DEEPVOICE_FAKE_obama-to-linus_frag83,DEEPVOICE_FAKE_obama-to-linus_frag83,1,cc3bdf544cfc09bd9cc788f7f022ba1af9daf701
DeepVoice,DEEPVOICE_FAKE_obama-to-linus_frag84,DEEPVOICE_FAKE_obama-to-linus_frag84,1,cc3bdf544cfc09bd9cc788f7f022ba1af9daf701
DeepVoice,DEEPVOICE_FAKE_obama-to-linus_frag85,DEEPVOICE_FAKE_obama-to-linus_frag85,1,cc3bdf544cfc09bd9cc788f7f022ba1af9daf701
DeepVoice,DEEPVOICE_FAKE_obama-to-linus_frag86,DEEPVOICE_FAKE_obama-to-linus_frag86,1,cc3bdf544cfc09bd9cc788f7f022ba1af9daf701
DeepVoice,DEEPVOICE_FAKE_obama-to-linus_frag87,DEEPVOICE_FAKE_obama-to-linus_frag87,1,cc3bdf544cfc09bd9cc788f7f022ba1af9daf701
DeepVoice,DEEPVOICE_FAKE_obama-to-linus_frag88,DEEPVOICE_FAKE_obama-to-linus_frag88,1,cc3bdf544cfc09bd9cc788f7f022ba1af9daf701
DeepVoice,DEEPVOICE_FAKE_obama-to-linus_frag89,DEEPVOICE_FAKE_obama-to-linus_frag89,1,cc3bdf544cfc09bd9cc788f7f022ba1af9daf701
DeepVoice,DEEPVOICE_FAKE_obama-to-linus_frag9,DEEPVOICE_FAKE_obama-to-linus_frag9,1,cc3bdf544cfc09bd9cc788f7f022ba1af9daf701
DeepVoice,DEEPVOICE_FAKE_obama-to-linus_frag90,DEEPVOICE_FAKE_obama-to-linus_frag90,1,cc3bdf544cfc09bd9cc788f7f022ba1af9daf701
DeepVoice,DEEPVOICE_FAKE_obama-to-linus_frag91,DEEPVOICE_FAKE_obama-to-linus_frag91,1,cc3bdf544cfc09bd9cc788f7f022ba1af9daf701
DeepVoice,DEEPVOICE_FAKE_obama-to-linus_frag92,DEEPVOICE_FAKE_obama-to-linus_frag92,1,cc3bdf544cfc09bd9cc788f7f022ba1af9daf701
DeepVoice,DEEPVOICE_FAKE_obama-to-linus_frag93,DEEPVOICE_FAKE_obama-to-linus_frag93,1,cc3bdf544cfc09bd9cc788f7f022ba1af9daf701
DeepVoice,DEEPVOICE_FAKE_obama-to-linus_frag94,DEEPVOICE_FAKE_obama-to-linus_frag94,1,cc3bdf544cfc09bd9cc788f7f022ba1af9daf701
DeepVoice,DEEPVOICE_FAKE_obama-to-linus_frag95,DEEPVOICE_FAKE_obama-to-linus_frag95,1,cc3bdf544cfc09bd9cc788f7f022ba1af9daf701
DeepVoice,DEEPVOICE_FAKE_obama-to-linus_frag96,DEEPVOICE_FAKE_obama-to-linus_frag96,1,cc3bdf544cfc09bd9cc788f7f022ba1af9daf701
DeepVoice,DEEPVOICE_FAKE_obama-to-linus_frag97,DEEPVOICE_FAKE_obama-to-linus_frag97,1,cc3bdf544cfc09bd9cc788f7f022ba1af9daf701
DeepVoice,DEEPVOICE_FAKE_obama-to-linus_frag98,DEEPVOICE_FAKE_obama-to-linus_frag98,1,cc3bdf544cfc09bd9cc788f7f022ba1af9daf701
DeepVoice,DEEPVOICE_FAKE_obama-to-linus_frag99,DEEPVOICE_FAKE_obama-to-linus_frag99,1,cc3bdf544cfc09bd9cc788f7f022ba1af9daf701
DeepVoice,DEEPVOICE_FAKE_obama-to-margot_frag0,DEEPVOICE_FAKE_obama-to-margot_frag0,1,cc3bdf544cfc09bd9cc788f7f022ba1af9daf701
DeepVoice,DEEPVOICE_FAKE_obama-to-margot_frag1,DEEPVOICE_FAKE_obama-to-margot_frag1,1,cc3bdf544cfc09bd9cc788f7f022ba1af9daf701
DeepVoice,DEEPVOICE_FAKE_obama-to-margot_frag10,DEEPVOICE_FAKE_obama-to-margot_frag10,1,cc3bdf544cfc09bd9cc788f7f022ba1af9daf701
DeepVoice,DEEPVOICE_FAKE_obama-to-margot_frag100,DEEPVOICE_FAKE_obama-to-margot_frag100,1,cc3bdf544cfc09bd9cc788f7f022ba1af9daf701
DeepVoice,DEEPVOICE_FAKE_obama-to-margot_frag101,DEEPVOICE_FAKE_obama-to-margot_frag101,1,cc3bdf544cfc09bd9cc788f7f022ba1af9daf701
DeepVoice,DEEPVOICE_FAKE_obama-to-margot_frag102,DEEPVOICE_FAKE_obama-to-margot_frag102,1,cc3bdf544cfc09bd9cc788f7f022ba1af9daf701
DeepVoice,DEEPVOICE_FAKE_obama-to-margot_frag103,DEEPVOICE_FAKE_obama-to-margot_frag103,1,cc3bdf544cfc09bd9cc788f7f022ba1af9daf701
DeepVoice,DEEPVOICE_FAKE_obama-to-margot_frag11,DEEPVOICE_FAKE_obama-to-margot_frag11,1,cc3bdf544cfc09bd9cc788f7f022ba1af9daf701
DeepVoice,DEEPVOICE_FAKE_obama-to-margot_frag12,DEEPVOICE_FAKE_obama-to-margot_frag12,1,cc3bdf544cfc09bd9cc788f7f022ba1af9daf701
DeepVoice,DEEPVOICE_FAKE_obama-to-margot_frag13,DEEPVOICE_FAKE_obama-to-margot_frag13,1,cc3bdf544cfc09bd9cc788f7f022ba1af9daf701
DeepVoice,DEEPVOICE_FAKE_obama-to-margot_frag14,DEEPVOICE_FAKE_obama-to-margot_frag14,1,cc3bdf544cfc09bd9cc788f7f022ba1af9daf701
DeepVoice,DEEPVOICE_FAKE_obama-to-margot_frag15,DEEPVOICE_FAKE_obama-to-margot_frag15,1,cc3bdf544cfc09bd9cc788f7f022ba1af9daf701
DeepVoice,DEEPVOICE_FAKE_obama-to-margot_frag16,DEEPVOICE_FAKE_obama-to-margot_frag16,1,cc3bdf544cfc09bd9cc788f7f022ba1af9daf701
DeepVoice,DEEPVOICE_FAKE_obama-to-margot_frag17,DEEPVOICE_FAKE_obama-to-margot_frag17,1,cc3bdf544cfc09bd9cc788f7f022ba1af9daf701
DeepVoice,DEEPVOICE_FAKE_obama-to-margot_frag18,DEEPVOICE_FAKE_obama-to-margot_frag18,1,cc3bdf544cfc09bd9cc788f7f022ba1af9daf701
DeepVoice,DEEPVOICE_FAKE_obama-to-margot_frag19,DEEPVOICE_FAKE_obama-to-margot_frag19,1,cc3bdf544cfc09bd9cc788f7f022ba1af9daf701
DeepVoice,DEEPVOICE_FAKE_obama-to-margot_frag2,DEEPVOICE_FAKE_obama-to-margot_frag2,1,cc3bdf544cfc09bd9cc788f7f022ba1af9daf701
DeepVoice,DEEPVOICE_FAKE_obama-to-margot_frag20,DEEPVOICE_FAKE_obama-to-margot_frag20,1,cc3bdf544cfc09bd9cc788f7f022ba1af9daf701
DeepVoice,DEEPVOICE_FAKE_obama-to-margot_frag21,DEEPVOICE_FAKE_obama-to-margot_frag21,1,cc3bdf544cfc09bd9cc788f7f022ba1af9daf701
DeepVoice,DEEPVOICE_FAKE_obama-to-margot_frag22,DEEPVOICE_FAKE_obama-to-margot_frag22,1,cc3bdf544cfc09bd9cc788f7f022ba1af9daf701
DeepVoice,DEEPVOICE_FAKE_obama-to-margot_frag23,DEEPVOICE_FAKE_obama-to-margot_frag23,1,cc3bdf544cfc09bd9cc788f7f022ba1af9daf701
DeepVoice,DEEPVOICE_FAKE_obama-to-margot_frag24,DEEPVOICE_FAKE_obama-to-margot_frag24,1,cc3bdf544cfc09bd9cc788f7f022ba1af9daf701
DeepVoice,DEEPVOICE_FAKE_obama-to-margot_frag25,DEEPVOICE_FAKE_obama-to-margot_frag25,1,cc3bdf544cfc09bd9cc788f7f022ba1af9daf701
DeepVoice,DEEPVOICE_FAKE_obama-to-margot_frag26,DEEPVOICE_FAKE_obama-to-margot_frag26,1,cc3bdf544cfc09bd9cc788f7f022ba1af9daf701
DeepVoice,DEEPVOICE_FAKE_obama-to-margot_frag27,DEEPVOICE_FAKE_obama-to-margot_frag27,1,cc3bdf544cfc09bd9cc788f7f022ba1af9daf701
DeepVoice,DEEPVOICE_FAKE_obama-to-margot_frag28,DEEPVOICE_FAKE_obama-to-margot_frag28,1,cc3bdf544cfc09bd9cc788f7f022ba1af9daf701
DeepVoice,DEEPVOICE_FAKE_obama-to-margot_frag29,DEEPVOICE_FAKE_obama-to-margot_frag29,1,cc3bdf544cfc09bd9cc788f7f022ba1af9daf701
DeepVoice,DEEPVOICE_FAKE_obama-to-margot_frag3,DEEPVOICE_FAKE_obama-to-margot_frag3,1,cc3bdf544cfc09bd9cc788f7f022ba1af9daf701
DeepVoice,DEEPVOICE_FAKE_obama-to-margot_frag30,DEEPVOICE_FAKE_obama-to-margot_frag30,1,cc3bdf544cfc09bd9cc788f7f022ba1af9daf701
DeepVoice,DEEPVOICE_FAKE_obama-to-margot_frag31,DEEPVOICE_FAKE_obama-to-margot_frag31,1,cc3bdf544cfc09bd9cc788f7f022ba1af9daf701
DeepVoice,DEEPVOICE_FAKE_obama-to-margot_frag32,DEEPVOICE_FAKE_obama-to-margot_frag32,1,cc3bdf544cfc09bd9cc788f7f022ba1af9daf701
DeepVoice,DEEPVOICE_FAKE_obama-to-margot_frag33,DEEPVOICE_FAKE_obama-to-margot_frag33,1,cc3bdf544cfc09bd9cc788f7f022ba1af9daf701
DeepVoice,DEEPVOICE_FAKE_obama-to-margot_frag34,DEEPVOICE_FAKE_obama-to-margot_frag34,1,cc3bdf544cfc09bd9cc788f7f022ba1af9daf701
DeepVoice,DEEPVOICE_FAKE_obama-to-margot_frag35,DEEPVOICE_FAKE_obama-to-margot_frag35,1,cc3bdf544cfc09bd9cc788f7f022ba1af9daf701
DeepVoice,DEEPVOICE_FAKE_obama-to-margot_frag36,DEEPVOICE_FAKE_obama-to-margot_frag36,1,cc3bdf544cfc09bd9cc788f7f022ba1af9daf701
DeepVoice,DEEPVOICE_FAKE_obama-to-margot_frag37,DEEPVOICE_FAKE_obama-to-margot_frag37,1,cc3bdf544cfc09bd9cc788f7f022ba1af9daf701
DeepVoice,DEEPVOICE_FAKE_obama-to-margot_frag38,DEEPVOICE_FAKE_obama-to-margot_frag38,1,cc3bdf544cfc09bd9cc788f7f022ba1af9daf701
DeepVoice,DEEPVOICE_FAKE_obama-to-margot_frag39,DEEPVOICE_FAKE_obama-to-margot_frag39,1,cc3bdf544cfc09bd9cc788f7f022ba1af9daf701
DeepVoice,DEEPVOICE_FAKE_obama-to-margot_frag4,DEEPVOICE_FAKE_obama-to-margot_frag4,1,cc3bdf544cfc09bd9cc788f7f022ba1af9daf701
DeepVoice,DEEPVOICE_FAKE_obama-to-margot_frag40,DEEPVOICE_FAKE_obama-to-margot_frag40,1,cc3bdf544cfc09bd9cc788f7f022ba1af9daf701
DeepVoice,DEEPVOICE_FAKE_obama-to-margot_frag41,DEEPVOICE_FAKE_obama-to-margot_frag41,1,cc3bdf544cfc09bd9cc788f7f022ba1af9daf701
DeepVoice,DEEPVOICE_FAKE_obama-to-margot_frag42,DEEPVOICE_FAKE_obama-to-margot_frag42,1,cc3bdf544cfc09bd9cc788f7f022ba1af9daf701
DeepVoice,DEEPVOICE_FAKE_obama-to-margot_frag43,DEEPVOICE_FAKE_obama-to-margot_frag43,1,cc3bdf544cfc09bd9cc788f7f022ba1af9daf701
DeepVoice,DEEPVOICE_FAKE_obama-to-margot_frag44,DEEPVOICE_FAKE_obama-to-margot_frag44,1,cc3bdf544cfc09bd9cc788f7f022ba1af9daf701
DeepVoice,DEEPVOICE_FAKE_obama-to-margot_frag45,DEEPVOICE_FAKE_obama-to-margot_frag45,1,cc3bdf544cfc09bd9cc788f7f022ba1af9daf701
DeepVoice,DEEPVOICE_FAKE_obama-to-margot_frag46,DEEPVOICE_FAKE_obama-to-margot_frag46,1,cc3bdf544cfc09bd9cc788f7f022ba1af9daf701
DeepVoice,DEEPVOICE_FAKE_obama-to-margot_frag47,DEEPVOICE_FAKE_obama-to-margot_frag47,1,cc3bdf544cfc09bd9cc788f7f022ba1af9daf701
DeepVoice,DEEPVOICE_FAKE_obama-to-margot_frag48,DEEPVOICE_FAKE_obama-to-margot_frag48,1,cc3bdf544cfc09bd9cc788f7f022ba1af9daf701
DeepVoice,DEEPVOICE_FAKE_obama-to-margot_frag49,DEEPVOICE_FAKE_obama-to-margot_frag49,1,cc3bdf544cfc09bd9cc788f7f022ba1af9daf701
DeepVoice,DEEPVOICE_FAKE_obama-to-margot_frag5,DEEPVOICE_FAKE_obama-to-margot_frag5,1,cc3bdf544cfc09bd9cc788f7f022ba1af9daf701
DeepVoice,DEEPVOICE_FAKE_obama-to-margot_frag50,DEEPVOICE_FAKE_obama-to-margot_frag50,1,cc3bdf544cfc09bd9cc788f7f022ba1af9daf701
DeepVoice,DEEPVOICE_FAKE_obama-to-margot_frag51,DEEPVOICE_FAKE_obama-to-margot_frag51,1,cc3bdf544cfc09bd9cc788f7f022ba1af9daf701
DeepVoice,DEEPVOICE_FAKE_obama-to-margot_frag52,DEEPVOICE_FAKE_obama-to-margot_frag52,1,cc3bdf544cfc09bd9cc788f7f022ba1af9daf701
DeepVoice,DEEPVOICE_FAKE_obama-to-margot_frag53,DEEPVOICE_FAKE_obama-to-margot_frag53,1,cc3bdf544cfc09bd9cc788f7f022ba1af9daf701
DeepVoice,DEEPVOICE_FAKE_obama-to-margot_frag54,DEEPVOICE_FAKE_obama-to-margot_frag54,1,cc3bdf544cfc09bd9cc788f7f022ba1af9daf701
DeepVoice,DEEPVOICE_FAKE_obama-to-margot_frag55,DEEPVOICE_FAKE_obama-to-margot_frag55,1,cc3bdf544cfc09bd9cc788f7f022ba1af9daf701
DeepVoice,DEEPVOICE_FAKE_obama-to-margot_frag56,DEEPVOICE_FAKE_obama-to-margot_frag56,1,cc3bdf544cfc09bd9cc788f7f022ba1af9daf701
DeepVoice,DEEPVOICE_FAKE_obama-to-margot_frag57,DEEPVOICE_FAKE_obama-to-margot_frag57,1,cc3bdf544cfc09bd9cc788f7f022ba1af9daf701
DeepVoice,DEEPVOICE_FAKE_obama-to-margot_frag58,DEEPVOICE_FAKE_obama-to-margot_frag58,1,cc3bdf544cfc09bd9cc788f7f022ba1af9daf701
DeepVoice,DEEPVOICE_FAKE_obama-to-margot_frag59,DEEPVOICE_FAKE_obama-to-margot_frag59,1,cc3bdf544cfc09bd9cc788f7f022ba1af9daf701
DeepVoice,DEEPVOICE_FAKE_obama-to-margot_frag6,DEEPVOICE_FAKE_obama-to-margot_frag6,1,cc3bdf544cfc09bd9cc788f7f022ba1af9daf701
DeepVoice,DEEPVOICE_FAKE_obama-to-margot_frag60,DEEPVOICE_FAKE_obama-to-margot_frag60,1,cc3bdf544cfc09bd9cc788f7f022ba1af9daf701
DeepVoice,DEEPVOICE_FAKE_obama-to-margot_frag61,DEEPVOICE_FAKE_obama-to-margot_frag61,1,cc3bdf544cfc09bd9cc788f7f022ba1af9daf701
DeepVoice,DEEPVOICE_FAKE_obama-to-margot_frag62,DEEPVOICE_FAKE_obama-to-margot_frag62,1,cc3bdf544cfc09bd9cc788f7f022ba1af9daf701
DeepVoice,DEEPVOICE_FAKE_obama-to-margot_frag63,DEEPVOICE_FAKE_obama-to-margot_frag63,1,cc3bdf544cfc09bd9cc788f7f022ba1af9daf701
DeepVoice,DEEPVOICE_FAKE_obama-to-margot_frag64,DEEPVOICE_FAKE_obama-to-margot_frag64,1,cc3bdf544cfc09bd9cc788f7f022ba1af9daf701
DeepVoice,DEEPVOICE_FAKE_obama-to-margot_frag65,DEEPVOICE_FAKE_obama-to-margot_frag65,1,cc3bdf544cfc09bd9cc788f7f022ba1af9daf701
DeepVoice,DEEPVOICE_FAKE_obama-to-margot_frag66,DEEPVOICE_FAKE_obama-to-margot_frag66,1,cc3bdf544cfc09bd9cc788f7f022ba1af9daf701
DeepVoice,DEEPVOICE_FAKE_obama-to-margot_frag67,DEEPVOICE_FAKE_obama-to-margot_frag67,1,cc3bdf544cfc09bd9cc788f7f022ba1af9daf701
DeepVoice,DEEPVOICE_FAKE_obama-to-margot_frag68,DEEPVOICE_FAKE_obama-to-margot_frag68,1,cc3bdf544cfc09bd9cc788f7f022ba1af9daf701
DeepVoice,DEEPVOICE_FAKE_obama-to-margot_frag69,DEEPVOICE_FAKE_obama-to-margot_frag69,1,cc3bdf544cfc09bd9cc788f7f022ba1af9daf701
DeepVoice,DEEPVOICE_FAKE_obama-to-margot_frag7,DEEPVOICE_FAKE_obama-to-margot_frag7,1,cc3bdf544cfc09bd9cc788f7f022ba1af9daf701
DeepVoice,DEEPVOICE_FAKE_obama-to-margot_frag70,DEEPVOICE_FAKE_obama-to-margot_frag70,1,cc3bdf544cfc09bd9cc788f7f022ba1af9daf701
DeepVoice,DEEPVOICE_FAKE_obama-to-margot_frag71,DEEPVOICE_FAKE_obama-to-margot_frag71,1,cc3bdf544cfc09bd9cc788f7f022ba1af9daf701
DeepVoice,DEEPVOICE_FAKE_obama-to-margot_frag72,DEEPVOICE_FAKE_obama-to-margot_frag72,1,cc3bdf544cfc09bd9cc788f7f022ba1af9daf701
DeepVoice,DEEPVOICE_FAKE_obama-to-margot_frag73,DEEPVOICE_FAKE_obama-to-margot_frag73,1,cc3bdf544cfc09bd9cc788f7f022ba1af9daf701
DeepVoice,DEEPVOICE_FAKE_obama-to-margot_frag74,DEEPVOICE_FAKE_obama-to-margot_frag74,1,cc3bdf544cfc09bd9cc788f7f022ba1af9daf701
DeepVoice,DEEPVOICE_FAKE_obama-to-margot_frag75,DEEPVOICE_FAKE_obama-to-margot_frag75,1,cc3bdf544cfc09bd9cc788f7f022ba1af9daf701
DeepVoice,DEEPVOICE_FAKE_obama-to-margot_frag76,DEEPVOICE_FAKE_obama-to-margot_frag76,1,cc3bdf544cfc09bd9cc788f7f022ba1af9daf701
DeepVoice,DEEPVOICE_FAKE_obama-to-margot_frag77,DEEPVOICE_FAKE_obama-to-margot_frag77,1,cc3bdf544cfc09bd9cc788f7f022ba1af9daf701
DeepVoice,DEEPVOICE_FAKE_obama-to-margot_frag78,DEEPVOICE_FAKE_obama-to-margot_frag78,1,cc3bdf544cfc09bd9cc788f7f022ba1af9daf701
DeepVoice,DEEPVOICE_FAKE_obama-to-margot_frag79,DEEPVOICE_FAKE_obama-to-margot_frag79,1,cc3bdf544cfc09bd9cc788f7f022ba1af9daf701
DeepVoice,DEEPVOICE_FAKE_obama-to-margot_frag8,DEEPVOICE_FAKE_obama-to-margot_frag8,1,cc3bdf544cfc09bd9cc788f7f022ba1af9daf701
DeepVoice,DEEPVOICE_FAKE_obama-to-margot_frag80,DEEPVOICE_FAKE_obama-to-margot_frag80,1,cc3bdf544cfc09bd9cc788f7f022ba1af9daf701
DeepVoice,DEEPVOICE_FAKE_obama-to-margot_frag81,DEEPVOICE_FAKE_obama-to-margot_frag81,1,cc3bdf544cfc09bd9cc788f7f022ba1af9daf701
DeepVoice,DEEPVOICE_FAKE_obama-to-margot_frag82,DEEPVOICE_FAKE_obama-to-margot_frag82,1,cc3bdf544cfc09bd9cc788f7f022ba1af9daf701
DeepVoice,DEEPVOICE_FAKE_obama-to-margot_frag83,DEEPVOICE_FAKE_obama-to-margot_frag83,1,cc3bdf544cfc09bd9cc788f7f022ba1af9daf701
DeepVoice,DEEPVOICE_FAKE_obama-to-margot_frag84,DEEPVOICE_FAKE_obama-to-margot_frag84,1,cc3bdf544cfc09bd9cc788f7f022ba1af9daf701
DeepVoice,DEEPVOICE_FAKE_obama-to-margot_frag85,DEEPVOICE_FAKE_obama-to-margot_frag85,1,cc3bdf544cfc09bd9cc788f7f022ba1af9daf701
DeepVoice,DEEPVOICE_FAKE_obama-to-margot_frag86,DEEPVOICE_FAKE_obama-to-margot_frag86,1,cc3bdf544cfc09bd9cc788f7f022ba1af9daf701
DeepVoice,DEEPVOICE_FAKE_obama-to-margot_frag87,DEEPVOICE_FAKE_obama-to-margot_frag87,1,cc3bdf544cfc09bd9cc788f7f022ba1af9daf701
DeepVoice,DEEPVOICE_FAKE_obama-to-margot_frag88,DEEPVOICE_FAKE_obama-to-margot_frag88,1,cc3bdf544cfc09bd9cc788f7f022ba1af9daf701
DeepVoice,DEEPVOICE_FAKE_obama-to-margot_frag89,DEEPVOICE_FAKE_obama-to-margot_frag89,1,cc3bdf544cfc09bd9cc788f7f022ba1af9daf701
DeepVoice,DEEPVOICE_FAKE_obama-to-margot_frag9,DEEPVOICE_FAKE_obama-to-margot_frag9,1,cc3bdf544cfc09bd9cc788f7f022ba1af9daf701
DeepVoice,DEEPVOICE_FAKE_obama-to-margot_frag90,DEEPVOICE_FAKE_obama-to-margot_frag90,1,cc3bdf544cfc09bd9cc788f7f022ba1af9daf701
DeepVoice,DEEPVOICE_FAKE_obama-to-margot_frag91,DEEPVOICE_FAKE_obama-to-margot_frag91,1,cc3bdf544cfc09bd9cc788f7f022ba1af9daf701
DeepVoice,DEEPVOICE_FAKE_obama-to-margot_frag92,DEEPVOICE_FAKE_obama-to-margot_frag92,1,cc3bdf544cfc09bd9cc788f7f022ba1af9daf701
DeepVoice,DEEPVOICE_FAKE_obama-to-margot_frag93,DEEPVOICE_FAKE_obama-to-margot_frag93,1,cc3bdf544cfc09bd9cc788f7f022ba1af9daf701
DeepVoice,DEEPVOICE_FAKE_obama-to-margot_frag94,DEEPVOICE_FAKE_obama-to-margot_frag94,1,cc3bdf544cfc09bd9cc788f7f022ba1af9daf701
DeepVoice,DEEPVOICE_FAKE_obama-to-margot_frag95,DEEPVOICE_FAKE_obama-to-margot_frag95,1,cc3bdf544cfc09bd9cc788f7f022ba1af9daf701
DeepVoice,DEEPVOICE_FAKE_obama-to-margot_frag96,DEEPVOICE_FAKE_obama-to-margot_frag96,1,cc3bdf544cfc09bd9cc788f7f022ba1af9daf701
DeepVoice,DEEPVOICE_FAKE_obama-to-margot_frag97,DEEPVOICE_FAKE_obama-to-margot_frag97,1,cc3bdf544cfc09bd9cc788f7f022ba1af9daf701
DeepVoice,DEEPVOICE_FAKE_obama-to-margot_frag98,DEEPVOICE_FAKE_obama-to-margot_frag98,1,cc3bdf544cfc09bd9cc788f7f022ba1af9daf701
DeepVoice,DEEPVOICE_FAKE_obama-to-margot_frag99,DEEPVOICE_FAKE_obama-to-margot_frag99,1,cc3bdf544cfc09bd9cc788f7f022ba1af9daf701
DeepVoice,DEEPVOICE_FAKE_obama-to-musk_frag0,DEEPVOICE_FAKE_obama-to-musk_frag0,1,cc3bdf544cfc09bd9cc788f7f022ba1af9daf701
DeepVoice,DEEPVOICE_FAKE_obama-to-musk_frag1,DEEPVOICE_FAKE_obama-to-musk_frag1,1,cc3bdf544cfc09bd9cc788f7f022ba1af9daf701
DeepVoice,DEEPVOICE_FAKE_obama-to-musk_frag10,DEEPVOICE_FAKE_obama-to-musk_frag10,1,cc3bdf544cfc09bd9cc788f7f022ba1af9daf701
DeepVoice,DEEPVOICE_FAKE_obama-to-musk_frag100,DEEPVOICE_FAKE_obama-to-musk_frag100,1,cc3bdf544cfc09bd9cc788f7f022ba1af9daf701
DeepVoice,DEEPVOICE_FAKE_obama-to-musk_frag101,DEEPVOICE_FAKE_obama-to-musk_frag101,1,cc3bdf544cfc09bd9cc788f7f022ba1af9daf701
DeepVoice,DEEPVOICE_FAKE_obama-to-musk_frag102,DEEPVOICE_FAKE_obama-to-musk_frag102,1,cc3bdf544cfc09bd9cc788f7f022ba1af9daf701
DeepVoice,DEEPVOICE_FAKE_obama-to-musk_frag11,DEEPVOICE_FAKE_obama-to-musk_frag11,1,cc3bdf544cfc09bd9cc788f7f022ba1af9daf701
DeepVoice,DEEPVOICE_FAKE_obama-to-musk_frag12,DEEPVOICE_FAKE_obama-to-musk_frag12,1,cc3bdf544cfc09bd9cc788f7f022ba1af9daf701
DeepVoice,DEEPVOICE_FAKE_obama-to-musk_frag13,DEEPVOICE_FAKE_obama-to-musk_frag13,1,cc3bdf544cfc09bd9cc788f7f022ba1af9daf701
DeepVoice,DEEPVOICE_FAKE_obama-to-musk_frag14,DEEPVOICE_FAKE_obama-to-musk_frag14,1,cc3bdf544cfc09bd9cc788f7f022ba1af9daf701
DeepVoice,DEEPVOICE_FAKE_obama-to-musk_frag15,DEEPVOICE_FAKE_obama-to-musk_frag15,1,cc3bdf544cfc09bd9cc788f7f022ba1af9daf701
DeepVoice,DEEPVOICE_FAKE_obama-to-musk_frag16,DEEPVOICE_FAKE_obama-to-musk_frag16,1,cc3bdf544cfc09bd9cc788f7f022ba1af9daf701
DeepVoice,DEEPVOICE_FAKE_obama-to-musk_frag17,DEEPVOICE_FAKE_obama-to-musk_frag17,1,cc3bdf544cfc09bd9cc788f7f022ba1af9daf701
DeepVoice,DEEPVOICE_FAKE_obama-to-musk_frag18,DEEPVOICE_FAKE_obama-to-musk_frag18,1,cc3bdf544cfc09bd9cc788f7f022ba1af9daf701
DeepVoice,DEEPVOICE_FAKE_obama-to-musk_frag19,DEEPVOICE_FAKE_obama-to-musk_frag19,1,cc3bdf544cfc09bd9cc788f7f022ba1af9daf701
DeepVoice,DEEPVOICE_FAKE_obama-to-musk_frag2,DEEPVOICE_FAKE_obama-to-musk_frag2,1,cc3bdf544cfc09bd9cc788f7f022ba1af9daf701
DeepVoice,DEEPVOICE_FAKE_obama-to-musk_frag20,DEEPVOICE_FAKE_obama-to-musk_frag20,1,cc3bdf544cfc09bd9cc788f7f022ba1af9daf701
DeepVoice,DEEPVOICE_FAKE_obama-to-musk_frag21,DEEPVOICE_FAKE_obama-to-musk_frag21,1,cc3bdf544cfc09bd9cc788f7f022ba1af9daf701
DeepVoice,DEEPVOICE_FAKE_obama-to-musk_frag22,DEEPVOICE_FAKE_obama-to-musk_frag22,1,cc3bdf544cfc09bd9cc788f7f022ba1af9daf701
DeepVoice,DEEPVOICE_FAKE_obama-to-musk_frag23,DEEPVOICE_FAKE_obama-to-musk_frag23,1,cc3bdf544cfc09bd9cc788f7f022ba1af9daf701
DeepVoice,DEEPVOICE_FAKE_obama-to-musk_frag24,DEEPVOICE_FAKE_obama-to-musk_frag24,1,cc3bdf544cfc09bd9cc788f7f022ba1af9daf701
DeepVoice,DEEPVOICE_FAKE_obama-to-musk_frag25,DEEPVOICE_FAKE_obama-to-musk_frag25,1,cc3bdf544cfc09bd9cc788f7f022ba1af9daf701
DeepVoice,DEEPVOICE_FAKE_obama-to-musk_frag26,DEEPVOICE_FAKE_obama-to-musk_frag26,1,cc3bdf544cfc09bd9cc788f7f022ba1af9daf701
DeepVoice,DEEPVOICE_FAKE_obama-to-musk_frag27,DEEPVOICE_FAKE_obama-to-musk_frag27,1,cc3bdf544cfc09bd9cc788f7f022ba1af9daf701
DeepVoice,DEEPVOICE_FAKE_obama-to-musk_frag28,DEEPVOICE_FAKE_obama-to-musk_frag28,1,cc3bdf544cfc09bd9cc788f7f022ba1af9daf701
DeepVoice,DEEPVOICE_FAKE_obama-to-musk_frag29,DEEPVOICE_FAKE_obama-to-musk_frag29,1,cc3bdf544cfc09bd9cc788f7f022ba1af9daf701
DeepVoice,DEEPVOICE_FAKE_obama-to-musk_frag3,DEEPVOICE_FAKE_obama-to-musk_frag3,1,cc3bdf544cfc09bd9cc788f7f022ba1af9daf701
DeepVoice,DEEPVOICE_FAKE_obama-to-musk_frag30,DEEPVOICE_FAKE_obama-to-musk_frag30,1,cc3bdf544cfc09bd9cc788f7f022ba1af9daf701
DeepVoice,DEEPVOICE_FAKE_obama-to-musk_frag31,DEEPVOICE_FAKE_obama-to-musk_frag31,1,cc3bdf544cfc09bd9cc788f7f022ba1af9daf701
DeepVoice,DEEPVOICE_FAKE_obama-to-musk_frag32,DEEPVOICE_FAKE_obama-to-musk_frag32,1,cc3bdf544cfc09bd9cc788f7f022ba1af9daf701
DeepVoice,DEEPVOICE_FAKE_obama-to-musk_frag33,DEEPVOICE_FAKE_obama-to-musk_frag33,1,cc3bdf544cfc09bd9cc788f7f022ba1af9daf701
DeepVoice,DEEPVOICE_FAKE_obama-to-musk_frag34,DEEPVOICE_FAKE_obama-to-musk_frag34,1,cc3bdf544cfc09bd9cc788f7f022ba1af9daf701
DeepVoice,DEEPVOICE_FAKE_obama-to-musk_frag35,DEEPVOICE_FAKE_obama-to-musk_frag35,1,cc3bdf544cfc09bd9cc788f7f022ba1af9daf701
DeepVoice,DEEPVOICE_FAKE_obama-to-musk_frag36,DEEPVOICE_FAKE_obama-to-musk_frag36,1,cc3bdf544cfc09bd9cc788f7f022ba1af9daf701
DeepVoice,DEEPVOICE_FAKE_obama-to-musk_frag37,DEEPVOICE_FAKE_obama-to-musk_frag37,1,cc3bdf544cfc09bd9cc788f7f022ba1af9daf701
DeepVoice,DEEPVOICE_FAKE_obama-to-musk_frag38,DEEPVOICE_FAKE_obama-to-musk_frag38,1,cc3bdf544cfc09bd9cc788f7f022ba1af9daf701
DeepVoice,DEEPVOICE_FAKE_obama-to-musk_frag39,DEEPVOICE_FAKE_obama-to-musk_frag39,1,cc3bdf544cfc09bd9cc788f7f022ba1af9daf701
DeepVoice,DEEPVOICE_FAKE_obama-to-musk_frag4,DEEPVOICE_FAKE_obama-to-musk_frag4,1,cc3bdf544cfc09bd9cc788f7f022ba1af9daf701
DeepVoice,DEEPVOICE_FAKE_obama-to-musk_frag40,DEEPVOICE_FAKE_obama-to-musk_frag40,1,cc3bdf544cfc09bd9cc788f7f022ba1af9daf701
DeepVoice,DEEPVOICE_FAKE_obama-to-musk_frag41,DEEPVOICE_FAKE_obama-to-musk_frag41,1,cc3bdf544cfc09bd9cc788f7f022ba1af9daf701
DeepVoice,DEEPVOICE_FAKE_obama-to-musk_frag42,DEEPVOICE_FAKE_obama-to-musk_frag42,1,cc3bdf544cfc09bd9cc788f7f022ba1af9daf701
DeepVoice,DEEPVOICE_FAKE_obama-to-musk_frag43,DEEPVOICE_FAKE_obama-to-musk_frag43,1,cc3bdf544cfc09bd9cc788f7f022ba1af9daf701
DeepVoice,DEEPVOICE_FAKE_obama-to-musk_frag44,DEEPVOICE_FAKE_obama-to-musk_frag44,1,cc3bdf544cfc09bd9cc788f7f022ba1af9daf701
DeepVoice,DEEPVOICE_FAKE_obama-to-musk_frag45,DEEPVOICE_FAKE_obama-to-musk_frag45,1,cc3bdf544cfc09bd9cc788f7f022ba1af9daf701
DeepVoice,DEEPVOICE_FAKE_obama-to-musk_frag46,DEEPVOICE_FAKE_obama-to-musk_frag46,1,cc3bdf544cfc09bd9cc788f7f022ba1af9daf701
DeepVoice,DEEPVOICE_FAKE_obama-to-musk_frag47,DEEPVOICE_FAKE_obama-to-musk_frag47,1,cc3bdf544cfc09bd9cc788f7f022ba1af9daf701
DeepVoice,DEEPVOICE_FAKE_obama-to-musk_frag48,DEEPVOICE_FAKE_obama-to-musk_frag48,1,cc3bdf544cfc09bd9cc788f7f022ba1af9daf701
DeepVoice,DEEPVOICE_FAKE_obama-to-musk_frag49,DEEPVOICE_FAKE_obama-to-musk_frag49,1,cc3bdf544cfc09bd9cc788f7f022ba1af9daf701
DeepVoice,DEEPVOICE_FAKE_obama-to-musk_frag5,DEEPVOICE_FAKE_obama-to-musk_frag5,1,cc3bdf544cfc09bd9cc788f7f022ba1af9daf701
DeepVoice,DEEPVOICE_FAKE_obama-to-musk_frag50,DEEPVOICE_FAKE_obama-to-musk_frag50,1,cc3bdf544cfc09bd9cc788f7f022ba1af9daf701
DeepVoice,DEEPVOICE_FAKE_obama-to-musk_frag51,DEEPVOICE_FAKE_obama-to-musk_frag51,1,cc3bdf544cfc09bd9cc788f7f022ba1af9daf701
DeepVoice,DEEPVOICE_FAKE_obama-to-musk_frag52,DEEPVOICE_FAKE_obama-to-musk_frag52,1,cc3bdf544cfc09bd9cc788f7f022ba1af9daf701
DeepVoice,DEEPVOICE_FAKE_obama-to-musk_frag53,DEEPVOICE_FAKE_obama-to-musk_frag53,1,cc3bdf544cfc09bd9cc788f7f022ba1af9daf701
DeepVoice,DEEPVOICE_FAKE_obama-to-musk_frag54,DEEPVOICE_FAKE_obama-to-musk_frag54,1,cc3bdf544cfc09bd9cc788f7f022ba1af9daf701
DeepVoice,DEEPVOICE_FAKE_obama-to-musk_frag55,DEEPVOICE_FAKE_obama-to-musk_frag55,1,cc3bdf544cfc09bd9cc788f7f022ba1af9daf701
DeepVoice,DEEPVOICE_FAKE_obama-to-musk_frag56,DEEPVOICE_FAKE_obama-to-musk_frag56,1,cc3bdf544cfc09bd9cc788f7f022ba1af9daf701
DeepVoice,DEEPVOICE_FAKE_obama-to-musk_frag57,DEEPVOICE_FAKE_obama-to-musk_frag57,1,cc3bdf544cfc09bd9cc788f7f022ba1af9daf701
DeepVoice,DEEPVOICE_FAKE_obama-to-musk_frag58,DEEPVOICE_FAKE_obama-to-musk_frag58,1,cc3bdf544cfc09bd9cc788f7f022ba1af9daf701
DeepVoice,DEEPVOICE_FAKE_obama-to-musk_frag59,DEEPVOICE_FAKE_obama-to-musk_frag59,1,cc3bdf544cfc09bd9cc788f7f022ba1af9daf701
DeepVoice,DEEPVOICE_FAKE_obama-to-musk_frag6,DEEPVOICE_FAKE_obama-to-musk_frag6,1,cc3bdf544cfc09bd9cc788f7f022ba1af9daf701
DeepVoice,DEEPVOICE_FAKE_obama-to-musk_frag60,DEEPVOICE_FAKE_obama-to-musk_frag60,1,cc3bdf544cfc09bd9cc788f7f022ba1af9daf701
DeepVoice,DEEPVOICE_FAKE_obama-to-musk_frag61,DEEPVOICE_FAKE_obama-to-musk_frag61,1,cc3bdf544cfc09bd9cc788f7f022ba1af9daf701
DeepVoice,DEEPVOICE_FAKE_obama-to-musk_frag62,DEEPVOICE_FAKE_obama-to-musk_frag62,1,cc3bdf544cfc09bd9cc788f7f022ba1af9daf701
DeepVoice,DEEPVOICE_FAKE_obama-to-musk_frag63,DEEPVOICE_FAKE_obama-to-musk_frag63,1,cc3bdf544cfc09bd9cc788f7f022ba1af9daf701
DeepVoice,DEEPVOICE_FAKE_obama-to-musk_frag64,DEEPVOICE_FAKE_obama-to-musk_frag64,1,cc3bdf544cfc09bd9cc788f7f022ba1af9daf701
DeepVoice,DEEPVOICE_FAKE_obama-to-musk_frag65,DEEPVOICE_FAKE_obama-to-musk_frag65,1,cc3bdf544cfc09bd9cc788f7f022ba1af9daf701
DeepVoice,DEEPVOICE_FAKE_obama-to-musk_frag66,DEEPVOICE_FAKE_obama-to-musk_frag66,1,cc3bdf544cfc09bd9cc788f7f022ba1af9daf701
DeepVoice,DEEPVOICE_FAKE_obama-to-musk_frag67,DEEPVOICE_FAKE_obama-to-musk_frag67,1,cc3bdf544cfc09bd9cc788f7f022ba1af9daf701
DeepVoice,DEEPVOICE_FAKE_obama-to-musk_frag68,DEEPVOICE_FAKE_obama-to-musk_frag68,1,cc3bdf544cfc09bd9cc788f7f022ba1af9daf701
DeepVoice,DEEPVOICE_FAKE_obama-to-musk_frag69,DEEPVOICE_FAKE_obama-to-musk_frag69,1,cc3bdf544cfc09bd9cc788f7f022ba1af9daf701
DeepVoice,DEEPVOICE_FAKE_obama-to-musk_frag7,DEEPVOICE_FAKE_obama-to-musk_frag7,1,cc3bdf544cfc09bd9cc788f7f022ba1af9daf701
DeepVoice,DEEPVOICE_FAKE_obama-to-musk_frag70,DEEPVOICE_FAKE_obama-to-musk_frag70,1,cc3bdf544cfc09bd9cc788f7f022ba1af9daf701
DeepVoice,DEEPVOICE_FAKE_obama-to-musk_frag71,DEEPVOICE_FAKE_obama-to-musk_frag71,1,cc3bdf544cfc09bd9cc788f7f022ba1af9daf701
DeepVoice,DEEPVOICE_FAKE_obama-to-musk_frag72,DEEPVOICE_FAKE_obama-to-musk_frag72,1,cc3bdf544cfc09bd9cc788f7f022ba1af9daf701
DeepVoice,DEEPVOICE_FAKE_obama-to-musk_frag73,DEEPVOICE_FAKE_obama-to-musk_frag73,1,cc3bdf544cfc09bd9cc788f7f022ba1af9daf701
DeepVoice,DEEPVOICE_FAKE_obama-to-musk_frag74,DEEPVOICE_FAKE_obama-to-musk_frag74,1,cc3bdf544cfc09bd9cc788f7f022ba1af9daf701
DeepVoice,DEEPVOICE_FAKE_obama-to-musk_frag75,DEEPVOICE_FAKE_obama-to-musk_frag75,1,cc3bdf544cfc09bd9cc788f7f022ba1af9daf701
DeepVoice,DEEPVOICE_FAKE_obama-to-musk_frag76,DEEPVOICE_FAKE_obama-to-musk_frag76,1,cc3bdf544cfc09bd9cc788f7f022ba1af9daf701
DeepVoice,DEEPVOICE_FAKE_obama-to-musk_frag77,DEEPVOICE_FAKE_obama-to-musk_frag77,1,cc3bdf544cfc09bd9cc788f7f022ba1af9daf701
DeepVoice,DEEPVOICE_FAKE_obama-to-musk_frag78,DEEPVOICE_FAKE_obama-to-musk_frag78,1,cc3bdf544cfc09bd9cc788f7f022ba1af9daf701
DeepVoice,DEEPVOICE_FAKE_obama-to-musk_frag79,DEEPVOICE_FAKE_obama-to-musk_frag79,1,cc3bdf544cfc09bd9cc788f7f022ba1af9daf701
DeepVoice,DEEPVOICE_FAKE_obama-to-musk_frag8,DEEPVOICE_FAKE_obama-to-musk_frag8,1,cc3bdf544cfc09bd9cc788f7f022ba1af9daf701
DeepVoice,DEEPVOICE_FAKE_obama-to-musk_frag80,DEEPVOICE_FAKE_obama-to-musk_frag80,1,cc3bdf544cfc09bd9cc788f7f022ba1af9daf701
DeepVoice,DEEPVOICE_FAKE_obama-to-musk_frag81,DEEPVOICE_FAKE_obama-to-musk_frag81,1,cc3bdf544cfc09bd9cc788f7f022ba1af9daf701
DeepVoice,DEEPVOICE_FAKE_obama-to-musk_frag82,DEEPVOICE_FAKE_obama-to-musk_frag82,1,cc3bdf544cfc09bd9cc788f7f022ba1af9daf701
DeepVoice,DEEPVOICE_FAKE_obama-to-musk_frag83,DEEPVOICE_FAKE_obama-to-musk_frag83,1,cc3bdf544cfc09bd9cc788f7f022ba1af9daf701
DeepVoice,DEEPVOICE_FAKE_obama-to-musk_frag84,DEEPVOICE_FAKE_obama-to-musk_frag84,1,cc3bdf544cfc09bd9cc788f7f022ba1af9daf701
DeepVoice,DEEPVOICE_FAKE_obama-to-musk_frag85,DEEPVOICE_FAKE_obama-to-musk_frag85,1,cc3bdf544cfc09bd9cc788f7f022ba1af9daf701
DeepVoice,DEEPVOICE_FAKE_obama-to-musk_frag86,DEEPVOICE_FAKE_obama-to-musk_frag86,1,cc3bdf544cfc09bd9cc788f7f022ba1af9daf701
DeepVoice,DEEPVOICE_FAKE_obama-to-musk_frag87,DEEPVOICE_FAKE_obama-to-musk_frag87,1,cc3bdf544cfc09bd9cc788f7f022ba1af9daf701
DeepVoice,DEEPVOICE_FAKE_obama-to-musk_frag88,DEEPVOICE_FAKE_obama-to-musk_frag88,1,cc3bdf544cfc09bd9cc788f7f022ba1af9daf701
DeepVoice,DEEPVOICE_FAKE_obama-to-musk_frag89,DEEPVOICE_FAKE_obama-to-musk_frag89,1,cc3bdf544cfc09bd9cc788f7f022ba1af9daf701
DeepVoice,DEEPVOICE_FAKE_obama-to-musk_frag9,DEEPVOICE_FAKE_obama-to-musk_frag9,1,cc3bdf544cfc09bd9cc788f7f022ba1af9daf701
DeepVoice,DEEPVOICE_FAKE_obama-to-musk_frag90,DEEPVOICE_FAKE_obama-to-musk_frag90,1,cc3bdf544cfc09bd9cc788f7f022ba1af9daf701
DeepVoice,DEEPVOICE_FAKE_obama-to-musk_frag91,DEEPVOICE_FAKE_obama-to-musk_frag91,1,cc3bdf544cfc09bd9cc788f7f022ba1af9daf701
DeepVoice,DEEPVOICE_FAKE_obama-to-musk_frag92,DEEPVOICE_FAKE_obama-to-musk_frag92,1,cc3bdf544cfc09bd9cc788f7f022ba1af9daf701
DeepVoice,DEEPVOICE_FAKE_obama-to-musk_frag93,DEEPVOICE_FAKE_obama-to-musk_frag93,1,cc3bdf544cfc09bd9cc788f7f022ba1af9daf701
DeepVoice,DEEPVOICE_FAKE_obama-to-musk_frag94,DEEPVOICE_FAKE_obama-to-musk_frag94,1,cc3bdf544cfc09bd9cc788f7f022ba1af9daf701
DeepVoice,DEEPVOICE_FAKE_obama-to-musk_frag95,DEEPVOICE_FAKE_obama-to-musk_frag95,1,cc3bdf544cfc09bd9cc788f7f022ba1af9daf701
DeepVoice,DEEPVOICE_FAKE_obama-to-musk_frag96,DEEPVOICE_FAKE_obama-to-musk_frag96,1,cc3bdf544cfc09bd9cc788f7f022ba1af9daf701
DeepVoice,DEEPVOICE_FAKE_obama-to-musk_frag97,DEEPVOICE_FAKE_obama-to-musk_frag97,1,cc3bdf544cfc09bd9cc788f7f022ba1af9daf701
DeepVoice,DEEPVOICE_FAKE_obama-to-musk_frag98,DEEPVOICE_FAKE_obama-to-musk_frag98,1,cc3bdf544cfc09bd9cc788f7f022ba1af9daf701
DeepVoice,DEEPVOICE_FAKE_obama-to-musk_frag99,DEEPVOICE_FAKE_obama-to-musk_frag99,1,cc3bdf544cfc09bd9cc788f7f022ba1af9daf701
DeepVoice,DEEPVOICE_FAKE_obama-to-ryan_frag0,DEEPVOICE_FAKE_obama-to-ryan_frag0,1,cc3bdf544cfc09bd9cc788f7f022ba1af9daf701
DeepVoice,DEEPVOICE_FAKE_obama-to-ryan_frag1,DEEPVOICE_FAKE_obama-to-ryan_frag1,1,cc3bdf544cfc09bd9cc788f7f022ba1af9daf701
DeepVoice,DEEPVOICE_FAKE_obama-to-ryan_frag10,DEEPVOICE_FAKE_obama-to-ryan_frag10,1,cc3bdf544cfc09bd9cc788f7f022ba1af9daf701
DeepVoice,DEEPVOICE_FAKE_obama-to-ryan_frag100,DEEPVOICE_FAKE_obama-to-ryan_frag100,1,cc3bdf544cfc09bd9cc788f7f022ba1af9daf701
DeepVoice,DEEPVOICE_FAKE_obama-to-ryan_frag11,DEEPVOICE_FAKE_obama-to-ryan_frag11,1,cc3bdf544cfc09bd9cc788f7f022ba1af9daf701
DeepVoice,DEEPVOICE_FAKE_obama-to-ryan_frag12,DEEPVOICE_FAKE_obama-to-ryan_frag12,1,cc3bdf544cfc09bd9cc788f7f022ba1af9daf701
DeepVoice,DEEPVOICE_FAKE_obama-to-ryan_frag13,DEEPVOICE_FAKE_obama-to-ryan_frag13,1,cc3bdf544cfc09bd9cc788f7f022ba1af9daf701
DeepVoice,DEEPVOICE_FAKE_obama-to-ryan_frag14,DEEPVOICE_FAKE_obama-to-ryan_frag14,1,cc3bdf544cfc09bd9cc788f7f022ba1af9daf701
DeepVoice,DEEPVOICE_FAKE_obama-to-ryan_frag15,DEEPVOICE_FAKE_obama-to-ryan_frag15,1,cc3bdf544cfc09bd9cc788f7f022ba1af9daf701
DeepVoice,DEEPVOICE_FAKE_obama-to-ryan_frag16,DEEPVOICE_FAKE_obama-to-ryan_frag16,1,cc3bdf544cfc09bd9cc788f7f022ba1af9daf701
DeepVoice,DEEPVOICE_FAKE_obama-to-ryan_frag17,DEEPVOICE_FAKE_obama-to-ryan_frag17,1,cc3bdf544cfc09bd9cc788f7f022ba1af9daf701
DeepVoice,DEEPVOICE_FAKE_obama-to-ryan_frag18,DEEPVOICE_FAKE_obama-to-ryan_frag18,1,cc3bdf544cfc09bd9cc788f7f022ba1af9daf701
DeepVoice,DEEPVOICE_FAKE_obama-to-ryan_frag19,DEEPVOICE_FAKE_obama-to-ryan_frag19,1,cc3bdf544cfc09bd9cc788f7f022ba1af9daf701
DeepVoice,DEEPVOICE_FAKE_obama-to-ryan_frag2,DEEPVOICE_FAKE_obama-to-ryan_frag2,1,cc3bdf544cfc09bd9cc788f7f022ba1af9daf701
DeepVoice,DEEPVOICE_FAKE_obama-to-ryan_frag20,DEEPVOICE_FAKE_obama-to-ryan_frag20,1,cc3bdf544cfc09bd9cc788f7f022ba1af9daf701
DeepVoice,DEEPVOICE_FAKE_obama-to-ryan_frag21,DEEPVOICE_FAKE_obama-to-ryan_frag21,1,cc3bdf544cfc09bd9cc788f7f022ba1af9daf701
DeepVoice,DEEPVOICE_FAKE_obama-to-ryan_frag22,DEEPVOICE_FAKE_obama-to-ryan_frag22,1,cc3bdf544cfc09bd9cc788f7f022ba1af9daf701
DeepVoice,DEEPVOICE_FAKE_obama-to-ryan_frag23,DEEPVOICE_FAKE_obama-to-ryan_frag23,1,cc3bdf544cfc09bd9cc788f7f022ba1af9daf701
DeepVoice,DEEPVOICE_FAKE_obama-to-ryan_frag24,DEEPVOICE_FAKE_obama-to-ryan_frag24,1,cc3bdf544cfc09bd9cc788f7f022ba1af9daf701
DeepVoice,DEEPVOICE_FAKE_obama-to-ryan_frag25,DEEPVOICE_FAKE_obama-to-ryan_frag25,1,cc3bdf544cfc09bd9cc788f7f022ba1af9daf701
DeepVoice,DEEPVOICE_FAKE_obama-to-ryan_frag26,DEEPVOICE_FAKE_obama-to-ryan_frag26,1,cc3bdf544cfc09bd9cc788f7f022ba1af9daf701
DeepVoice,DEEPVOICE_FAKE_obama-to-ryan_frag27,DEEPVOICE_FAKE_obama-to-ryan_frag27,1,cc3bdf544cfc09bd9cc788f7f022ba1af9daf701
DeepVoice,DEEPVOICE_FAKE_obama-to-ryan_frag28,DEEPVOICE_FAKE_obama-to-ryan_frag28,1,cc3bdf544cfc09bd9cc788f7f022ba1af9daf701
DeepVoice,DEEPVOICE_FAKE_obama-to-ryan_frag29,DEEPVOICE_FAKE_obama-to-ryan_frag29,1,cc3bdf544cfc09bd9cc788f7f022ba1af9daf701
DeepVoice,DEEPVOICE_FAKE_obama-to-ryan_frag3,DEEPVOICE_FAKE_obama-to-ryan_frag3,1,cc3bdf544cfc09bd9cc788f7f022ba1af9daf701
DeepVoice,DEEPVOICE_FAKE_obama-to-ryan_frag30,DEEPVOICE_FAKE_obama-to-ryan_frag30,1,cc3bdf544cfc09bd9cc788f7f022ba1af9daf701
DeepVoice,DEEPVOICE_FAKE_obama-to-ryan_frag31,DEEPVOICE_FAKE_obama-to-ryan_frag31,1,cc3bdf544cfc09bd9cc788f7f022ba1af9daf701
DeepVoice,DEEPVOICE_FAKE_obama-to-ryan_frag32,DEEPVOICE_FAKE_obama-to-ryan_frag32,1,cc3bdf544cfc09bd9cc788f7f022ba1af9daf701
DeepVoice,DEEPVOICE_FAKE_obama-to-ryan_frag33,DEEPVOICE_FAKE_obama-to-ryan_frag33,1,cc3bdf544cfc09bd9cc788f7f022ba1af9daf701
DeepVoice,DEEPVOICE_FAKE_obama-to-ryan_frag34,DEEPVOICE_FAKE_obama-to-ryan_frag34,1,cc3bdf544cfc09bd9cc788f7f022ba1af9daf701
DeepVoice,DEEPVOICE_FAKE_obama-to-ryan_frag35,DEEPVOICE_FAKE_obama-to-ryan_frag35,1,cc3bdf544cfc09bd9cc788f7f022ba1af9daf701
DeepVoice,DEEPVOICE_FAKE_obama-to-ryan_frag36,DEEPVOICE_FAKE_obama-to-ryan_frag36,1,cc3bdf544cfc09bd9cc788f7f022ba1af9daf701
DeepVoice,DEEPVOICE_FAKE_obama-to-ryan_frag37,DEEPVOICE_FAKE_obama-to-ryan_frag37,1,cc3bdf544cfc09bd9cc788f7f022ba1af9daf701
DeepVoice,DEEPVOICE_FAKE_obama-to-ryan_frag38,DEEPVOICE_FAKE_obama-to-ryan_frag38,1,cc3bdf544cfc09bd9cc788f7f022ba1af9daf701
DeepVoice,DEEPVOICE_FAKE_obama-to-ryan_frag39,DEEPVOICE_FAKE_obama-to-ryan_frag39,1,cc3bdf544cfc09bd9cc788f7f022ba1af9daf701
DeepVoice,DEEPVOICE_FAKE_obama-to-ryan_frag4,DEEPVOICE_FAKE_obama-to-ryan_frag4,1,cc3bdf544cfc09bd9cc788f7f022ba1af9daf701
DeepVoice,DEEPVOICE_FAKE_obama-to-ryan_frag40,DEEPVOICE_FAKE_obama-to-ryan_frag40,1,cc3bdf544cfc09bd9cc788f7f022ba1af9daf701
DeepVoice,DEEPVOICE_FAKE_obama-to-ryan_frag41,DEEPVOICE_FAKE_obama-to-ryan_frag41,1,cc3bdf544cfc09bd9cc788f7f022ba1af9daf701
DeepVoice,DEEPVOICE_FAKE_obama-to-ryan_frag42,DEEPVOICE_FAKE_obama-to-ryan_frag42,1,cc3bdf544cfc09bd9cc788f7f022ba1af9daf701
DeepVoice,DEEPVOICE_FAKE_obama-to-ryan_frag43,DEEPVOICE_FAKE_obama-to-ryan_frag43,1,cc3bdf544cfc09bd9cc788f7f022ba1af9daf701
DeepVoice,DEEPVOICE_FAKE_obama-to-ryan_frag44,DEEPVOICE_FAKE_obama-to-ryan_frag44,1,cc3bdf544cfc09bd9cc788f7f022ba1af9daf701
DeepVoice,DEEPVOICE_FAKE_obama-to-ryan_frag45,DEEPVOICE_FAKE_obama-to-ryan_frag45,1,cc3bdf544cfc09bd9cc788f7f022ba1af9daf701
DeepVoice,DEEPVOICE_FAKE_obama-to-ryan_frag46,DEEPVOICE_FAKE_obama-to-ryan_frag46,1,cc3bdf544cfc09bd9cc788f7f022ba1af9daf701
DeepVoice,DEEPVOICE_FAKE_obama-to-ryan_frag47,DEEPVOICE_FAKE_obama-to-ryan_frag47,1,cc3bdf544cfc09bd9cc788f7f022ba1af9daf701
DeepVoice,DEEPVOICE_FAKE_obama-to-ryan_frag48,DEEPVOICE_FAKE_obama-to-ryan_frag48,1,cc3bdf544cfc09bd9cc788f7f022ba1af9daf701
DeepVoice,DEEPVOICE_FAKE_obama-to-ryan_frag49,DEEPVOICE_FAKE_obama-to-ryan_frag49,1,cc3bdf544cfc09bd9cc788f7f022ba1af9daf701
DeepVoice,DEEPVOICE_FAKE_obama-to-ryan_frag5,DEEPVOICE_FAKE_obama-to-ryan_frag5,1,cc3bdf544cfc09bd9cc788f7f022ba1af9daf701
DeepVoice,DEEPVOICE_FAKE_obama-to-ryan_frag50,DEEPVOICE_FAKE_obama-to-ryan_frag50,1,cc3bdf544cfc09bd9cc788f7f022ba1af9daf701
DeepVoice,DEEPVOICE_FAKE_obama-to-ryan_frag51,DEEPVOICE_FAKE_obama-to-ryan_frag51,1,cc3bdf544cfc09bd9cc788f7f022ba1af9daf701
DeepVoice,DEEPVOICE_FAKE_obama-to-ryan_frag52,DEEPVOICE_FAKE_obama-to-ryan_frag52,1,cc3bdf544cfc09bd9cc788f7f022ba1af9daf701
DeepVoice,DEEPVOICE_FAKE_obama-to-ryan_frag53,DEEPVOICE_FAKE_obama-to-ryan_frag53,1,cc3bdf544cfc09bd9cc788f7f022ba1af9daf701
DeepVoice,DEEPVOICE_FAKE_obama-to-ryan_frag54,DEEPVOICE_FAKE_obama-to-ryan_frag54,1,cc3bdf544cfc09bd9cc788f7f022ba1af9daf701
DeepVoice,DEEPVOICE_FAKE_obama-to-ryan_frag55,DEEPVOICE_FAKE_obama-to-ryan_frag55,1,cc3bdf544cfc09bd9cc788f7f022ba1af9daf701
DeepVoice,DEEPVOICE_FAKE_obama-to-ryan_frag56,DEEPVOICE_FAKE_obama-to-ryan_frag56,1,cc3bdf544cfc09bd9cc788f7f022ba1af9daf701
DeepVoice,DEEPVOICE_FAKE_obama-to-ryan_frag57,DEEPVOICE_FAKE_obama-to-ryan_frag57,1,cc3bdf544cfc09bd9cc788f7f022ba1af9daf701
DeepVoice,DEEPVOICE_FAKE_obama-to-ryan_frag58,DEEPVOICE_FAKE_obama-to-ryan_frag58,1,cc3bdf544cfc09bd9cc788f7f022ba1af9daf701
DeepVoice,DEEPVOICE_FAKE_obama-to-ryan_frag59,DEEPVOICE_FAKE_obama-to-ryan_frag59,1,cc3bdf544cfc09bd9cc788f7f022ba1af9daf701
DeepVoice,DEEPVOICE_FAKE_obama-to-ryan_frag6,DEEPVOICE_FAKE_obama-to-ryan_frag6,1,cc3bdf544cfc09bd9cc788f7f022ba1af9daf701
DeepVoice,DEEPVOICE_FAKE_obama-to-ryan_frag60,DEEPVOICE_FAKE_obama-to-ryan_frag60,1,cc3bdf544cfc09bd9cc788f7f022ba1af9daf701
DeepVoice,DEEPVOICE_FAKE_obama-to-ryan_frag61,DEEPVOICE_FAKE_obama-to-ryan_frag61,1,cc3bdf544cfc09bd9cc788f7f022ba1af9daf701
DeepVoice,DEEPVOICE_FAKE_obama-to-ryan_frag62,DEEPVOICE_FAKE_obama-to-ryan_frag62,1,cc3bdf544cfc09bd9cc788f7f022ba1af9daf701
DeepVoice,DEEPVOICE_FAKE_obama-to-ryan_frag63,DEEPVOICE_FAKE_obama-to-ryan_frag63,1,cc3bdf544cfc09bd9cc788f7f022ba1af9daf701
DeepVoice,DEEPVOICE_FAKE_obama-to-ryan_frag64,DEEPVOICE_FAKE_obama-to-ryan_frag64,1,cc3bdf544cfc09bd9cc788f7f022ba1af9daf701
DeepVoice,DEEPVOICE_FAKE_obama-to-ryan_frag65,DEEPVOICE_FAKE_obama-to-ryan_frag65,1,cc3bdf544cfc09bd9cc788f7f022ba1af9daf701
DeepVoice,DEEPVOICE_FAKE_obama-to-ryan_frag66,DEEPVOICE_FAKE_obama-to-ryan_frag66,1,cc3bdf544cfc09bd9cc788f7f022ba1af9daf701
DeepVoice,DEEPVOICE_FAKE_obama-to-ryan_frag67,DEEPVOICE_FAKE_obama-to-ryan_frag67,1,cc3bdf544cfc09bd9cc788f7f022ba1af9daf701
DeepVoice,DEEPVOICE_FAKE_obama-to-ryan_frag68,DEEPVOICE_FAKE_obama-to-ryan_frag68,1,cc3bdf544cfc09bd9cc788f7f022ba1af9daf701
DeepVoice,DEEPVOICE_FAKE_obama-to-ryan_frag69,DEEPVOICE_FAKE_obama-to-ryan_frag69,1,cc3bdf544cfc09bd9cc788f7f022ba1af9daf701
DeepVoice,DEEPVOICE_FAKE_obama-to-ryan_frag7,DEEPVOICE_FAKE_obama-to-ryan_frag7,1,cc3bdf544cfc09bd9cc788f7f022ba1af9daf701
DeepVoice,DEEPVOICE_FAKE_obama-to-ryan_frag70,DEEPVOICE_FAKE_obama-to-ryan_frag70,1,cc3bdf544cfc09bd9cc788f7f022ba1af9daf701
DeepVoice,DEEPVOICE_FAKE_obama-to-ryan_frag71,DEEPVOICE_FAKE_obama-to-ryan_frag71,1,cc3bdf544cfc09bd9cc788f7f022ba1af9daf701
DeepVoice,DEEPVOICE_FAKE_obama-to-ryan_frag72,DEEPVOICE_FAKE_obama-to-ryan_frag72,1,cc3bdf544cfc09bd9cc788f7f022ba1af9daf701
DeepVoice,DEEPVOICE_FAKE_obama-to-ryan_frag73,DEEPVOICE_FAKE_obama-to-ryan_frag73,1,cc3bdf544cfc09bd9cc788f7f022ba1af9daf701
DeepVoice,DEEPVOICE_FAKE_obama-to-ryan_frag74,DEEPVOICE_FAKE_obama-to-ryan_frag74,1,cc3bdf544cfc09bd9cc788f7f022ba1af9daf701
DeepVoice,DEEPVOICE_FAKE_obama-to-ryan_frag75,DEEPVOICE_FAKE_obama-to-ryan_frag75,1,cc3bdf544cfc09bd9cc788f7f022ba1af9daf701
DeepVoice,DEEPVOICE_FAKE_obama-to-ryan_frag76,DEEPVOICE_FAKE_obama-to-ryan_frag76,1,cc3bdf544cfc09bd9cc788f7f022ba1af9daf701
DeepVoice,DEEPVOICE_FAKE_obama-to-ryan_frag77,DEEPVOICE_FAKE_obama-to-ryan_frag77,1,cc3bdf544cfc09bd9cc788f7f022ba1af9daf701
DeepVoice,DEEPVOICE_FAKE_obama-to-ryan_frag78,DEEPVOICE_FAKE_obama-to-ryan_frag78,1,cc3bdf544cfc09bd9cc788f7f022ba1af9daf701
DeepVoice,DEEPVOICE_FAKE_obama-to-ryan_frag79,DEEPVOICE_FAKE_obama-to-ryan_frag79,1,cc3bdf544cfc09bd9cc788f7f022ba1af9daf701
DeepVoice,DEEPVOICE_FAKE_obama-to-ryan_frag8,DEEPVOICE_FAKE_obama-to-ryan_frag8,1,cc3bdf544cfc09bd9cc788f7f022ba1af9daf701
DeepVoice,DEEPVOICE_FAKE_obama-to-ryan_frag80,DEEPVOICE_FAKE_obama-to-ryan_frag80,1,cc3bdf544cfc09bd9cc788f7f022ba1af9daf701
DeepVoice,DEEPVOICE_FAKE_obama-to-ryan_frag81,DEEPVOICE_FAKE_obama-to-ryan_frag81,1,cc3bdf544cfc09bd9cc788f7f022ba1af9daf701
DeepVoice,DEEPVOICE_FAKE_obama-to-ryan_frag82,DEEPVOICE_FAKE_obama-to-ryan_frag82,1,cc3bdf544cfc09bd9cc788f7f022ba1af9daf701
DeepVoice,DEEPVOICE_FAKE_obama-to-ryan_frag83,DEEPVOICE_FAKE_obama-to-ryan_frag83,1,cc3bdf544cfc09bd9cc788f7f022ba1af9daf701
DeepVoice,DEEPVOICE_FAKE_obama-to-ryan_frag84,DEEPVOICE_FAKE_obama-to-ryan_frag84,1,cc3bdf544cfc09bd9cc788f7f022ba1af9daf701
DeepVoice,DEEPVOICE_FAKE_obama-to-ryan_frag85,DEEPVOICE_FAKE_obama-to-ryan_frag85,1,cc3bdf544cfc09bd9cc788f7f022ba1af9daf701
DeepVoice,DEEPVOICE_FAKE_obama-to-ryan_frag86,DEEPVOICE_FAKE_obama-to-ryan_frag86,1,cc3bdf544cfc09bd9cc788f7f022ba1af9daf701
DeepVoice,DEEPVOICE_FAKE_obama-to-ryan_frag87,DEEPVOICE_FAKE_obama-to-ryan_frag87,1,cc3bdf544cfc09bd9cc788f7f022ba1af9daf701
DeepVoice,DEEPVOICE_FAKE_obama-to-ryan_frag88,DEEPVOICE_FAKE_obama-to-ryan_frag88,1,cc3bdf544cfc09bd9cc788f7f022ba1af9daf701
DeepVoice,DEEPVOICE_FAKE_obama-to-ryan_frag89,DEEPVOICE_FAKE_obama-to-ryan_frag89,1,cc3bdf544cfc09bd9cc788f7f022ba1af9daf701
DeepVoice,DEEPVOICE_FAKE_obama-to-ryan_frag9,DEEPVOICE_FAKE_obama-to-ryan_frag9,1,cc3bdf544cfc09bd9cc788f7f022ba1af9daf701
DeepVoice,DEEPVOICE_FAKE_obama-to-ryan_frag90,DEEPVOICE_FAKE_obama-to-ryan_frag90,1,cc3bdf544cfc09bd9cc788f7f022ba1af9daf701
DeepVoice,DEEPVOICE_FAKE_obama-to-ryan_frag91,DEEPVOICE_FAKE_obama-to-ryan_frag91,1,cc3bdf544cfc09bd9cc788f7f022ba1af9daf701
DeepVoice,DEEPVOICE_FAKE_obama-to-ryan_frag92,DEEPVOICE_FAKE_obama-to-ryan_frag92,1,cc3bdf544cfc09bd9cc788f7f022ba1af9daf701
DeepVoice,DEEPVOICE_FAKE_obama-to-ryan_frag93,DEEPVOICE_FAKE_obama-to-ryan_frag93,1,cc3bdf544cfc09bd9cc788f7f022ba1af9daf701
DeepVoice,DEEPVOICE_FAKE_obama-to-ryan_frag94,DEEPVOICE_FAKE_obama-to-ryan_frag94,1,cc3bdf544cfc09bd9cc788f7f022ba1af9daf701
DeepVoice,DEEPVOICE_FAKE_obama-to-ryan_frag95,DEEPVOICE_FAKE_obama-to-ryan_frag95,1,cc3bdf544cfc09bd9cc788f7f022ba1af9daf701
DeepVoice,DEEPVOICE_FAKE_obama-to-ryan_frag96,DEEPVOICE_FAKE_obama-to-ryan_frag96,1,cc3bdf544cfc09bd9cc788f7f022ba1af9daf701
DeepVoice,DEEPVOICE_FAKE_obama-to-ryan_frag97,DEEPVOICE_FAKE_obama-to-ryan_frag97,1,cc3bdf544cfc09bd9cc788f7f022ba1af9daf701
DeepVoice,DEEPVOICE_FAKE_obama-to-ryan_frag98,DEEPVOICE_FAKE_obama-to-ryan_frag98,1,cc3bdf544cfc09bd9cc788f7f022ba1af9daf701
DeepVoice,DEEPVOICE_FAKE_obama-to-ryan_frag99,DEEPVOICE_FAKE_obama-to-ryan_frag99,1,cc3bdf544cfc09bd9cc788f7f022ba1af9daf701
DeepVoice,DEEPVOICE_FAKE_obama-to-taylor_frag0,DEEPVOICE_FAKE_obama-to-taylor_frag0,1,cc3bdf544cfc09bd9cc788f7f022ba1af9daf701
DeepVoice,DEEPVOICE_FAKE_obama-to-taylor_frag1,DEEPVOICE_FAKE_obama-to-taylor_frag1,1,cc3bdf544cfc09bd9cc788f7f022ba1af9daf701
DeepVoice,DEEPVOICE_FAKE_obama-to-taylor_frag10,DEEPVOICE_FAKE_obama-to-taylor_frag10,1,cc3bdf544cfc09bd9cc788f7f022ba1af9daf701
DeepVoice,DEEPVOICE_FAKE_obama-to-taylor_frag100,DEEPVOICE_FAKE_obama-to-taylor_frag100,1,cc3bdf544cfc09bd9cc788f7f022ba1af9daf701
DeepVoice,DEEPVOICE_FAKE_obama-to-taylor_frag11,DEEPVOICE_FAKE_obama-to-taylor_frag11,1,cc3bdf544cfc09bd9cc788f7f022ba1af9daf701
DeepVoice,DEEPVOICE_FAKE_obama-to-taylor_frag12,DEEPVOICE_FAKE_obama-to-taylor_frag12,1,cc3bdf544cfc09bd9cc788f7f022ba1af9daf701
DeepVoice,DEEPVOICE_FAKE_obama-to-taylor_frag13,DEEPVOICE_FAKE_obama-to-taylor_frag13,1,cc3bdf544cfc09bd9cc788f7f022ba1af9daf701
DeepVoice,DEEPVOICE_FAKE_obama-to-taylor_frag14,DEEPVOICE_FAKE_obama-to-taylor_frag14,1,cc3bdf544cfc09bd9cc788f7f022ba1af9daf701
DeepVoice,DEEPVOICE_FAKE_obama-to-taylor_frag15,DEEPVOICE_FAKE_obama-to-taylor_frag15,1,cc3bdf544cfc09bd9cc788f7f022ba1af9daf701
DeepVoice,DEEPVOICE_FAKE_obama-to-taylor_frag16,DEEPVOICE_FAKE_obama-to-taylor_frag16,1,cc3bdf544cfc09bd9cc788f7f022ba1af9daf701
DeepVoice,DEEPVOICE_FAKE_obama-to-taylor_frag17,DEEPVOICE_FAKE_obama-to-taylor_frag17,1,cc3bdf544cfc09bd9cc788f7f022ba1af9daf701
DeepVoice,DEEPVOICE_FAKE_obama-to-taylor_frag18,DEEPVOICE_FAKE_obama-to-taylor_frag18,1,cc3bdf544cfc09bd9cc788f7f022ba1af9daf701
DeepVoice,DEEPVOICE_FAKE_obama-to-taylor_frag19,DEEPVOICE_FAKE_obama-to-taylor_frag19,1,cc3bdf544cfc09bd9cc788f7f022ba1af9daf701
DeepVoice,DEEPVOICE_FAKE_obama-to-taylor_frag2,DEEPVOICE_FAKE_obama-to-taylor_frag2,1,cc3bdf544cfc09bd9cc788f7f022ba1af9daf701
DeepVoice,DEEPVOICE_FAKE_obama-to-taylor_frag20,DEEPVOICE_FAKE_obama-to-taylor_frag20,1,cc3bdf544cfc09bd9cc788f7f022ba1af9daf701
DeepVoice,DEEPVOICE_FAKE_obama-to-taylor_frag21,DEEPVOICE_FAKE_obama-to-taylor_frag21,1,cc3bdf544cfc09bd9cc788f7f022ba1af9daf701
DeepVoice,DEEPVOICE_FAKE_obama-to-taylor_frag22,DEEPVOICE_FAKE_obama-to-taylor_frag22,1,cc3bdf544cfc09bd9cc788f7f022ba1af9daf701
DeepVoice,DEEPVOICE_FAKE_obama-to-taylor_frag23,DEEPVOICE_FAKE_obama-to-taylor_frag23,1,cc3bdf544cfc09bd9cc788f7f022ba1af9daf701
DeepVoice,DEEPVOICE_FAKE_obama-to-taylor_frag24,DEEPVOICE_FAKE_obama-to-taylor_frag24,1,cc3bdf544cfc09bd9cc788f7f022ba1af9daf701
DeepVoice,DEEPVOICE_FAKE_obama-to-taylor_frag25,DEEPVOICE_FAKE_obama-to-taylor_frag25,1,cc3bdf544cfc09bd9cc788f7f022ba1af9daf701
DeepVoice,DEEPVOICE_FAKE_obama-to-taylor_frag26,DEEPVOICE_FAKE_obama-to-taylor_frag26,1,cc3bdf544cfc09bd9cc788f7f022ba1af9daf701
DeepVoice,DEEPVOICE_FAKE_obama-to-taylor_frag27,DEEPVOICE_FAKE_obama-to-taylor_frag27,1,cc3bdf544cfc09bd9cc788f7f022ba1af9daf701
DeepVoice,DEEPVOICE_FAKE_obama-to-taylor_frag28,DEEPVOICE_FAKE_obama-to-taylor_frag28,1,cc3bdf544cfc09bd9cc788f7f022ba1af9daf701
DeepVoice,DEEPVOICE_FAKE_obama-to-taylor_frag29,DEEPVOICE_FAKE_obama-to-taylor_frag29,1,cc3bdf544cfc09bd9cc788f7f022ba1af9daf701
DeepVoice,DEEPVOICE_FAKE_obama-to-taylor_frag3,DEEPVOICE_FAKE_obama-to-taylor_frag3,1,cc3bdf544cfc09bd9cc788f7f022ba1af9daf701
DeepVoice,DEEPVOICE_FAKE_obama-to-taylor_frag30,DEEPVOICE_FAKE_obama-to-taylor_frag30,1,cc3bdf544cfc09bd9cc788f7f022ba1af9daf701
DeepVoice,DEEPVOICE_FAKE_obama-to-taylor_frag31,DEEPVOICE_FAKE_obama-to-taylor_frag31,1,cc3bdf544cfc09bd9cc788f7f022ba1af9daf701
DeepVoice,DEEPVOICE_FAKE_obama-to-taylor_frag32,DEEPVOICE_FAKE_obama-to-taylor_frag32,1,cc3bdf544cfc09bd9cc788f7f022ba1af9daf701
DeepVoice,DEEPVOICE_FAKE_obama-to-taylor_frag33,DEEPVOICE_FAKE_obama-to-taylor_frag33,1,cc3bdf544cfc09bd9cc788f7f022ba1af9daf701
DeepVoice,DEEPVOICE_FAKE_obama-to-taylor_frag34,DEEPVOICE_FAKE_obama-to-taylor_frag34,1,cc3bdf544cfc09bd9cc788f7f022ba1af9daf701
DeepVoice,DEEPVOICE_FAKE_obama-to-taylor_frag35,DEEPVOICE_FAKE_obama-to-taylor_frag35,1,cc3bdf544cfc09bd9cc788f7f022ba1af9daf701
DeepVoice,DEEPVOICE_FAKE_obama-to-taylor_frag36,DEEPVOICE_FAKE_obama-to-taylor_frag36,1,cc3bdf544cfc09bd9cc788f7f022ba1af9daf701
DeepVoice,DEEPVOICE_FAKE_obama-to-taylor_frag37,DEEPVOICE_FAKE_obama-to-taylor_frag37,1,cc3bdf544cfc09bd9cc788f7f022ba1af9daf701
DeepVoice,DEEPVOICE_FAKE_obama-to-taylor_frag38,DEEPVOICE_FAKE_obama-to-taylor_frag38,1,cc3bdf544cfc09bd9cc788f7f022ba1af9daf701
DeepVoice,DEEPVOICE_FAKE_obama-to-taylor_frag39,DEEPVOICE_FAKE_obama-to-taylor_frag39,1,cc3bdf544cfc09bd9cc788f7f022ba1af9daf701
DeepVoice,DEEPVOICE_FAKE_obama-to-taylor_frag4,DEEPVOICE_FAKE_obama-to-taylor_frag4,1,cc3bdf544cfc09bd9cc788f7f022ba1af9daf701
DeepVoice,DEEPVOICE_FAKE_obama-to-taylor_frag40,DEEPVOICE_FAKE_obama-to-taylor_frag40,1,cc3bdf544cfc09bd9cc788f7f022ba1af9daf701
DeepVoice,DEEPVOICE_FAKE_obama-to-taylor_frag41,DEEPVOICE_FAKE_obama-to-taylor_frag41,1,cc3bdf544cfc09bd9cc788f7f022ba1af9daf701
DeepVoice,DEEPVOICE_FAKE_obama-to-taylor_frag42,DEEPVOICE_FAKE_obama-to-taylor_frag42,1,cc3bdf544cfc09bd9cc788f7f022ba1af9daf701
DeepVoice,DEEPVOICE_FAKE_obama-to-taylor_frag43,DEEPVOICE_FAKE_obama-to-taylor_frag43,1,cc3bdf544cfc09bd9cc788f7f022ba1af9daf701
DeepVoice,DEEPVOICE_FAKE_obama-to-taylor_frag44,DEEPVOICE_FAKE_obama-to-taylor_frag44,1,cc3bdf544cfc09bd9cc788f7f022ba1af9daf701
DeepVoice,DEEPVOICE_FAKE_obama-to-taylor_frag45,DEEPVOICE_FAKE_obama-to-taylor_frag45,1,cc3bdf544cfc09bd9cc788f7f022ba1af9daf701
DeepVoice,DEEPVOICE_FAKE_obama-to-taylor_frag46,DEEPVOICE_FAKE_obama-to-taylor_frag46,1,cc3bdf544cfc09bd9cc788f7f022ba1af9daf701
DeepVoice,DEEPVOICE_FAKE_obama-to-taylor_frag47,DEEPVOICE_FAKE_obama-to-taylor_frag47,1,cc3bdf544cfc09bd9cc788f7f022ba1af9daf701
DeepVoice,DEEPVOICE_FAKE_obama-to-taylor_frag48,DEEPVOICE_FAKE_obama-to-taylor_frag48,1,cc3bdf544cfc09bd9cc788f7f022ba1af9daf701
DeepVoice,DEEPVOICE_FAKE_obama-to-taylor_frag49,DEEPVOICE_FAKE_obama-to-taylor_frag49,1,cc3bdf544cfc09bd9cc788f7f022ba1af9daf701
DeepVoice,DEEPVOICE_FAKE_obama-to-taylor_frag5,DEEPVOICE_FAKE_obama-to-taylor_frag5,1,cc3bdf544cfc09bd9cc788f7f022ba1af9daf701
DeepVoice,DEEPVOICE_FAKE_obama-to-taylor_frag50,DEEPVOICE_FAKE_obama-to-taylor_frag50,1,cc3bdf544cfc09bd9cc788f7f022ba1af9daf701
DeepVoice,DEEPVOICE_FAKE_obama-to-taylor_frag51,DEEPVOICE_FAKE_obama-to-taylor_frag51,1,cc3bdf544cfc09bd9cc788f7f022ba1af9daf701
DeepVoice,DEEPVOICE_FAKE_obama-to-taylor_frag52,DEEPVOICE_FAKE_obama-to-taylor_frag52,1,cc3bdf544cfc09bd9cc788f7f022ba1af9daf701
DeepVoice,DEEPVOICE_FAKE_obama-to-taylor_frag53,DEEPVOICE_FAKE_obama-to-taylor_frag53,1,cc3bdf544cfc09bd9cc788f7f022ba1af9daf701
DeepVoice,DEEPVOICE_FAKE_obama-to-taylor_frag54,DEEPVOICE_FAKE_obama-to-taylor_frag54,1,cc3bdf544cfc09bd9cc788f7f022ba1af9daf701
DeepVoice,DEEPVOICE_FAKE_obama-to-taylor_frag55,DEEPVOICE_FAKE_obama-to-taylor_frag55,1,cc3bdf544cfc09bd9cc788f7f022ba1af9daf701
DeepVoice,DEEPVOICE_FAKE_obama-to-taylor_frag56,DEEPVOICE_FAKE_obama-to-taylor_frag56,1,cc3bdf544cfc09bd9cc788f7f022ba1af9daf701
DeepVoice,DEEPVOICE_FAKE_obama-to-taylor_frag57,DEEPVOICE_FAKE_obama-to-taylor_frag57,1,cc3bdf544cfc09bd9cc788f7f022ba1af9daf701
DeepVoice,DEEPVOICE_FAKE_obama-to-taylor_frag58,DEEPVOICE_FAKE_obama-to-taylor_frag58,1,cc3bdf544cfc09bd9cc788f7f022ba1af9daf701
DeepVoice,DEEPVOICE_FAKE_obama-to-taylor_frag59,DEEPVOICE_FAKE_obama-to-taylor_frag59,1,cc3bdf544cfc09bd9cc788f7f022ba1af9daf701
DeepVoice,DEEPVOICE_FAKE_obama-to-taylor_frag6,DEEPVOICE_FAKE_obama-to-taylor_frag6,1,cc3bdf544cfc09bd9cc788f7f022ba1af9daf701
DeepVoice,DEEPVOICE_FAKE_obama-to-taylor_frag60,DEEPVOICE_FAKE_obama-to-taylor_frag60,1,cc3bdf544cfc09bd9cc788f7f022ba1af9daf701
DeepVoice,DEEPVOICE_FAKE_obama-to-taylor_frag61,DEEPVOICE_FAKE_obama-to-taylor_frag61,1,cc3bdf544cfc09bd9cc788f7f022ba1af9daf701
DeepVoice,DEEPVOICE_FAKE_obama-to-taylor_frag62,DEEPVOICE_FAKE_obama-to-taylor_frag62,1,cc3bdf544cfc09bd9cc788f7f022ba1af9daf701
DeepVoice,DEEPVOICE_FAKE_obama-to-taylor_frag63,DEEPVOICE_FAKE_obama-to-taylor_frag63,1,cc3bdf544cfc09bd9cc788f7f022ba1af9daf701
DeepVoice,DEEPVOICE_FAKE_obama-to-taylor_frag64,DEEPVOICE_FAKE_obama-to-taylor_frag64,1,cc3bdf544cfc09bd9cc788f7f022ba1af9daf701
DeepVoice,DEEPVOICE_FAKE_obama-to-taylor_frag65,DEEPVOICE_FAKE_obama-to-taylor_frag65,1,cc3bdf544cfc09bd9cc788f7f022ba1af9daf701
DeepVoice,DEEPVOICE_FAKE_obama-to-taylor_frag66,DEEPVOICE_FAKE_obama-to-taylor_frag66,1,cc3bdf544cfc09bd9cc788f7f022ba1af9daf701
DeepVoice,DEEPVOICE_FAKE_obama-to-taylor_frag67,DEEPVOICE_FAKE_obama-to-taylor_frag67,1,cc3bdf544cfc09bd9cc788f7f022ba1af9daf701
DeepVoice,DEEPVOICE_FAKE_obama-to-taylor_frag68,DEEPVOICE_FAKE_obama-to-taylor_frag68,1,cc3bdf544cfc09bd9cc788f7f022ba1af9daf701
DeepVoice,DEEPVOICE_FAKE_obama-to-taylor_frag69,DEEPVOICE_FAKE_obama-to-taylor_frag69,1,cc3bdf544cfc09bd9cc788f7f022ba1af9daf701
DeepVoice,DEEPVOICE_FAKE_obama-to-taylor_frag7,DEEPVOICE_FAKE_obama-to-taylor_frag7,1,cc3bdf544cfc09bd9cc788f7f022ba1af9daf701
DeepVoice,DEEPVOICE_FAKE_obama-to-taylor_frag70,DEEPVOICE_FAKE_obama-to-taylor_frag70,1,cc3bdf544cfc09bd9cc788f7f022ba1af9daf701
DeepVoice,DEEPVOICE_FAKE_obama-to-taylor_frag71,DEEPVOICE_FAKE_obama-to-taylor_frag71,1,cc3bdf544cfc09bd9cc788f7f022ba1af9daf701
DeepVoice,DEEPVOICE_FAKE_obama-to-taylor_frag72,DEEPVOICE_FAKE_obama-to-taylor_frag72,1,cc3bdf544cfc09bd9cc788f7f022ba1af9daf701
DeepVoice,DEEPVOICE_FAKE_obama-to-taylor_frag73,DEEPVOICE_FAKE_obama-to-taylor_frag73,1,cc3bdf544cfc09bd9cc788f7f022ba1af9daf701
DeepVoice,DEEPVOICE_FAKE_obama-to-taylor_frag74,DEEPVOICE_FAKE_obama-to-taylor_frag74,1,cc3bdf544cfc09bd9cc788f7f022ba1af9daf701
DeepVoice,DEEPVOICE_FAKE_obama-to-taylor_frag75,DEEPVOICE_FAKE_obama-to-taylor_frag75,1,cc3bdf544cfc09bd9cc788f7f022ba1af9daf701
DeepVoice,DEEPVOICE_FAKE_obama-to-taylor_frag76,DEEPVOICE_FAKE_obama-to-taylor_frag76,1,cc3bdf544cfc09bd9cc788f7f022ba1af9daf701
DeepVoice,DEEPVOICE_FAKE_obama-to-taylor_frag77,DEEPVOICE_FAKE_obama-to-taylor_frag77,1,cc3bdf544cfc09bd9cc788f7f022ba1af9daf701
DeepVoice,DEEPVOICE_FAKE_obama-to-taylor_frag78,DEEPVOICE_FAKE_obama-to-taylor_frag78,1,cc3bdf544cfc09bd9cc788f7f022ba1af9daf701
DeepVoice,DEEPVOICE_FAKE_obama-to-taylor_frag79,DEEPVOICE_FAKE_obama-to-taylor_frag79,1,cc3bdf544cfc09bd9cc788f7f022ba1af9daf701
DeepVoice,DEEPVOICE_FAKE_obama-to-taylor_frag8,DEEPVOICE_FAKE_obama-to-taylor_frag8,1,cc3bdf544cfc09bd9cc788f7f022ba1af9daf701
DeepVoice,DEEPVOICE_FAKE_obama-to-taylor_frag80,DEEPVOICE_FAKE_obama-to-taylor_frag80,1,cc3bdf544cfc09bd9cc788f7f022ba1af9daf701
DeepVoice,DEEPVOICE_FAKE_obama-to-taylor_frag81,DEEPVOICE_FAKE_obama-to-taylor_frag81,1,cc3bdf544cfc09bd9cc788f7f022ba1af9daf701
DeepVoice,DEEPVOICE_FAKE_obama-to-taylor_frag82,DEEPVOICE_FAKE_obama-to-taylor_frag82,1,cc3bdf544cfc09bd9cc788f7f022ba1af9daf701
DeepVoice,DEEPVOICE_FAKE_obama-to-taylor_frag83,DEEPVOICE_FAKE_obama-to-taylor_frag83,1,cc3bdf544cfc09bd9cc788f7f022ba1af9daf701
DeepVoice,DEEPVOICE_FAKE_obama-to-taylor_frag84,DEEPVOICE_FAKE_obama-to-taylor_frag84,1,cc3bdf544cfc09bd9cc788f7f022ba1af9daf701
DeepVoice,DEEPVOICE_FAKE_obama-to-taylor_frag85,DEEPVOICE_FAKE_obama-to-taylor_frag85,1,cc3bdf544cfc09bd9cc788f7f022ba1af9daf701
DeepVoice,DEEPVOICE_FAKE_obama-to-taylor_frag86,DEEPVOICE_FAKE_obama-to-taylor_frag86,1,cc3bdf544cfc09bd9cc788f7f022ba1af9daf701
DeepVoice,DEEPVOICE_FAKE_obama-to-taylor_frag87,DEEPVOICE_FAKE_obama-to-taylor_frag87,1,cc3bdf544cfc09bd9cc788f7f022ba1af9daf701
DeepVoice,DEEPVOICE_FAKE_obama-to-taylor_frag88,DEEPVOICE_FAKE_obama-to-taylor_frag88,1,cc3bdf544cfc09bd9cc788f7f022ba1af9daf701
DeepVoice,DEEPVOICE_FAKE_obama-to-taylor_frag89,DEEPVOICE_FAKE_obama-to-taylor_frag89,1,cc3bdf544cfc09bd9cc788f7f022ba1af9daf701
DeepVoice,DEEPVOICE_FAKE_obama-to-taylor_frag9,DEEPVOICE_FAKE_obama-to-taylor_frag9,1,cc3bdf544cfc09bd9cc788f7f022ba1af9daf701
DeepVoice,DEEPVOICE_FAKE_obama-to-taylor_frag90,DEEPVOICE_FAKE_obama-to-taylor_frag90,1,cc3bdf544cfc09bd9cc788f7f022ba1af9daf701
DeepVoice,DEEPVOICE_FAKE_obama-to-taylor_frag91,DEEPVOICE_FAKE_obama-to-taylor_frag91,1,cc3bdf544cfc09bd9cc788f7f022ba1af9daf701
DeepVoice,DEEPVOICE_FAKE_obama-to-taylor_frag92,DEEPVOICE_FAKE_obama-to-taylor_frag92,1,cc3bdf544cfc09bd9cc788f7f022ba1af9daf701
DeepVoice,DEEPVOICE_FAKE_obama-to-taylor_frag93,DEEPVOICE_FAKE_obama-to-taylor_frag93,1,cc3bdf544cfc09bd9cc788f7f022ba1af9daf701
DeepVoice,DEEPVOICE_FAKE_obama-to-taylor_frag94,DEEPVOICE_FAKE_obama-to-taylor_frag94,1,cc3bdf544cfc09bd9cc788f7f022ba1af9daf701
DeepVoice,DEEPVOICE_FAKE_obama-to-taylor_frag95,DEEPVOICE_FAKE_obama-to-taylor_frag95,1,cc3bdf544cfc09bd9cc788f7f022ba1af9daf701
DeepVoice,DEEPVOICE_FAKE_obama-to-taylor_frag96,DEEPVOICE_FAKE_obama-to-taylor_frag96,1,cc3bdf544cfc09bd9cc788f7f022ba1af9daf701
DeepVoice,DEEPVOICE_FAKE_obama-to-taylor_frag97,DEEPVOICE_FAKE_obama-to-taylor_frag97,1,cc3bdf544cfc09bd9cc788f7f022ba1af9daf701
DeepVoice,DEEPVOICE_FAKE_obama-to-taylor_frag98,DEEPVOICE_FAKE_obama-to-taylor_frag98,1,cc3bdf544cfc09bd9cc788f7f022ba1af9daf701
DeepVoice,DEEPVOICE_FAKE_obama-to-taylor_frag99,DEEPVOICE_FAKE_obama-to-taylor_frag99,1,cc3bdf544cfc09bd9cc788f7f022ba1af9daf701
DeepVoice,DEEPVOICE_FAKE_ryan-to-biden_frag0,DEEPVOICE_FAKE_ryan-to-biden_frag0,1,cc3bdf544cfc09bd9cc788f7f022ba1af9daf701
DeepVoice,DEEPVOICE_FAKE_ryan-to-biden_frag1,DEEPVOICE_FAKE_ryan-to-biden_frag1,1,cc3bdf544cfc09bd9cc788f7f022ba1af9daf701
DeepVoice,DEEPVOICE_FAKE_ryan-to-biden_frag10,DEEPVOICE_FAKE_ryan-to-biden_frag10,1,cc3bdf544cfc09bd9cc788f7f022ba1af9daf701
DeepVoice,DEEPVOICE_FAKE_ryan-to-biden_frag11,DEEPVOICE_FAKE_ryan-to-biden_frag11,1,cc3bdf544cfc09bd9cc788f7f022ba1af9daf701
DeepVoice,DEEPVOICE_FAKE_ryan-to-biden_frag12,DEEPVOICE_FAKE_ryan-to-biden_frag12,1,cc3bdf544cfc09bd9cc788f7f022ba1af9daf701
DeepVoice,DEEPVOICE_FAKE_ryan-to-biden_frag13,DEEPVOICE_FAKE_ryan-to-biden_frag13,1,cc3bdf544cfc09bd9cc788f7f022ba1af9daf701
DeepVoice,DEEPVOICE_FAKE_ryan-to-biden_frag14,DEEPVOICE_FAKE_ryan-to-biden_frag14,1,cc3bdf544cfc09bd9cc788f7f022ba1af9daf701
DeepVoice,DEEPVOICE_FAKE_ryan-to-biden_frag2,DEEPVOICE_FAKE_ryan-to-biden_frag2,1,cc3bdf544cfc09bd9cc788f7f022ba1af9daf701
DeepVoice,DEEPVOICE_FAKE_ryan-to-biden_frag3,DEEPVOICE_FAKE_ryan-to-biden_frag3,1,cc3bdf544cfc09bd9cc788f7f022ba1af9daf701
DeepVoice,DEEPVOICE_FAKE_ryan-to-biden_frag4,DEEPVOICE_FAKE_ryan-to-biden_frag4,1,cc3bdf544cfc09bd9cc788f7f022ba1af9daf701
DeepVoice,DEEPVOICE_FAKE_ryan-to-biden_frag5,DEEPVOICE_FAKE_ryan-to-biden_frag5,1,cc3bdf544cfc09bd9cc788f7f022ba1af9daf701
DeepVoice,DEEPVOICE_FAKE_ryan-to-biden_frag6,DEEPVOICE_FAKE_ryan-to-biden_frag6,1,cc3bdf544cfc09bd9cc788f7f022ba1af9daf701
DeepVoice,DEEPVOICE_FAKE_ryan-to-biden_frag7,DEEPVOICE_FAKE_ryan-to-biden_frag7,1,cc3bdf544cfc09bd9cc788f7f022ba1af9daf701
DeepVoice,DEEPVOICE_FAKE_ryan-to-biden_frag8,DEEPVOICE_FAKE_ryan-to-biden_frag8,1,cc3bdf544cfc09bd9cc788f7f022ba1af9daf701
DeepVoice,DEEPVOICE_FAKE_ryan-to-biden_frag9,DEEPVOICE_FAKE_ryan-to-biden_frag9,1,cc3bdf544cfc09bd9cc788f7f022ba1af9daf701
DeepVoice,DEEPVOICE_FAKE_ryan-to-linus_frag0,DEEPVOICE_FAKE_ryan-to-linus_frag0,1,cc3bdf544cfc09bd9cc788f7f022ba1af9daf701
DeepVoice,DEEPVOICE_FAKE_ryan-to-linus_frag1,DEEPVOICE_FAKE_ryan-to-linus_frag1,1,cc3bdf544cfc09bd9cc788f7f022ba1af9daf701
DeepVoice,DEEPVOICE_FAKE_ryan-to-linus_frag10,DEEPVOICE_FAKE_ryan-to-linus_frag10,1,cc3bdf544cfc09bd9cc788f7f022ba1af9daf701
DeepVoice,DEEPVOICE_FAKE_ryan-to-linus_frag11,DEEPVOICE_FAKE_ryan-to-linus_frag11,1,cc3bdf544cfc09bd9cc788f7f022ba1af9daf701
DeepVoice,DEEPVOICE_FAKE_ryan-to-linus_frag12,DEEPVOICE_FAKE_ryan-to-linus_frag12,1,cc3bdf544cfc09bd9cc788f7f022ba1af9daf701
DeepVoice,DEEPVOICE_FAKE_ryan-to-linus_frag13,DEEPVOICE_FAKE_ryan-to-linus_frag13,1,cc3bdf544cfc09bd9cc788f7f022ba1af9daf701
DeepVoice,DEEPVOICE_FAKE_ryan-to-linus_frag14,DEEPVOICE_FAKE_ryan-to-linus_frag14,1,cc3bdf544cfc09bd9cc788f7f022ba1af9daf701
DeepVoice,DEEPVOICE_FAKE_ryan-to-linus_frag15,DEEPVOICE_FAKE_ryan-to-linus_frag15,1,cc3bdf544cfc09bd9cc788f7f022ba1af9daf701
DeepVoice,DEEPVOICE_FAKE_ryan-to-linus_frag2,DEEPVOICE_FAKE_ryan-to-linus_frag2,1,cc3bdf544cfc09bd9cc788f7f022ba1af9daf701
DeepVoice,DEEPVOICE_FAKE_ryan-to-linus_frag3,DEEPVOICE_FAKE_ryan-to-linus_frag3,1,cc3bdf544cfc09bd9cc788f7f022ba1af9daf701
DeepVoice,DEEPVOICE_FAKE_ryan-to-linus_frag4,DEEPVOICE_FAKE_ryan-to-linus_frag4,1,cc3bdf544cfc09bd9cc788f7f022ba1af9daf701
DeepVoice,DEEPVOICE_FAKE_ryan-to-linus_frag5,DEEPVOICE_FAKE_ryan-to-linus_frag5,1,cc3bdf544cfc09bd9cc788f7f022ba1af9daf701
DeepVoice,DEEPVOICE_FAKE_ryan-to-linus_frag6,DEEPVOICE_FAKE_ryan-to-linus_frag6,1,cc3bdf544cfc09bd9cc788f7f022ba1af9daf701
DeepVoice,DEEPVOICE_FAKE_ryan-to-linus_frag7,DEEPVOICE_FAKE_ryan-to-linus_frag7,1,cc3bdf544cfc09bd9cc788f7f022ba1af9daf701
DeepVoice,DEEPVOICE_FAKE_ryan-to-linus_frag8,DEEPVOICE_FAKE_ryan-to-linus_frag8,1,cc3bdf544cfc09bd9cc788f7f022ba1af9daf701
DeepVoice,DEEPVOICE_FAKE_ryan-to-linus_frag9,DEEPVOICE_FAKE_ryan-to-linus_frag9,1,cc3bdf544cfc09bd9cc788f7f022ba1af9daf701
DeepVoice,DEEPVOICE_FAKE_ryan-to-margot_frag0,DEEPVOICE_FAKE_ryan-to-margot_frag0,1,cc3bdf544cfc09bd9cc788f7f022ba1af9daf701
DeepVoice,DEEPVOICE_FAKE_ryan-to-margot_frag1,DEEPVOICE_FAKE_ryan-to-margot_frag1,1,cc3bdf544cfc09bd9cc788f7f022ba1af9daf701
DeepVoice,DEEPVOICE_FAKE_ryan-to-margot_frag10,DEEPVOICE_FAKE_ryan-to-margot_frag10,1,cc3bdf544cfc09bd9cc788f7f022ba1af9daf701
DeepVoice,DEEPVOICE_FAKE_ryan-to-margot_frag11,DEEPVOICE_FAKE_ryan-to-margot_frag11,1,cc3bdf544cfc09bd9cc788f7f022ba1af9daf701
DeepVoice,DEEPVOICE_FAKE_ryan-to-margot_frag12,DEEPVOICE_FAKE_ryan-to-margot_frag12,1,cc3bdf544cfc09bd9cc788f7f022ba1af9daf701
DeepVoice,DEEPVOICE_FAKE_ryan-to-margot_frag13,DEEPVOICE_FAKE_ryan-to-margot_frag13,1,cc3bdf544cfc09bd9cc788f7f022ba1af9daf701
DeepVoice,DEEPVOICE_FAKE_ryan-to-margot_frag14,DEEPVOICE_FAKE_ryan-to-margot_frag14,1,cc3bdf544cfc09bd9cc788f7f022ba1af9daf701
DeepVoice,DEEPVOICE_FAKE_ryan-to-margot_frag15,DEEPVOICE_FAKE_ryan-to-margot_frag15,1,cc3bdf544cfc09bd9cc788f7f022ba1af9daf701
DeepVoice,DEEPVOICE_FAKE_ryan-to-margot_frag2,DEEPVOICE_FAKE_ryan-to-margot_frag2,1,cc3bdf544cfc09bd9cc788f7f022ba1af9daf701
DeepVoice,DEEPVOICE_FAKE_ryan-to-margot_frag3,DEEPVOICE_FAKE_ryan-to-margot_frag3,1,cc3bdf544cfc09bd9cc788f7f022ba1af9daf701
DeepVoice,DEEPVOICE_FAKE_ryan-to-margot_frag4,DEEPVOICE_FAKE_ryan-to-margot_frag4,1,cc3bdf544cfc09bd9cc788f7f022ba1af9daf701
DeepVoice,DEEPVOICE_FAKE_ryan-to-margot_frag5,DEEPVOICE_FAKE_ryan-to-margot_frag5,1,cc3bdf544cfc09bd9cc788f7f022ba1af9daf701
DeepVoice,DEEPVOICE_FAKE_ryan-to-margot_frag6,DEEPVOICE_FAKE_ryan-to-margot_frag6,1,cc3bdf544cfc09bd9cc788f7f022ba1af9daf701
DeepVoice,DEEPVOICE_FAKE_ryan-to-margot_frag7,DEEPVOICE_FAKE_ryan-to-margot_frag7,1,cc3bdf544cfc09bd9cc788f7f022ba1af9daf701
DeepVoice,DEEPVOICE_FAKE_ryan-to-margot_frag8,DEEPVOICE_FAKE_ryan-to-margot_frag8,1,cc3bdf544cfc09bd9cc788f7f022ba1af9daf701
DeepVoice,DEEPVOICE_FAKE_ryan-to-margot_frag9,DEEPVOICE_FAKE_ryan-to-margot_frag9,1,cc3bdf544cfc09bd9cc788f7f022ba1af9daf701
DeepVoice,DEEPVOICE_FAKE_ryan-to-musk_frag0,DEEPVOICE_FAKE_ryan-to-musk_frag0,1,cc3bdf544cfc09bd9cc788f7f022ba1af9daf701
DeepVoice,DEEPVOICE_FAKE_ryan-to-musk_frag1,DEEPVOICE_FAKE_ryan-to-musk_frag1,1,cc3bdf544cfc09bd9cc788f7f022ba1af9daf701
DeepVoice,DEEPVOICE_FAKE_ryan-to-musk_frag10,DEEPVOICE_FAKE_ryan-to-musk_frag10,1,cc3bdf544cfc09bd9cc788f7f022ba1af9daf701
DeepVoice,DEEPVOICE_FAKE_ryan-to-musk_frag11,DEEPVOICE_FAKE_ryan-to-musk_frag11,1,cc3bdf544cfc09bd9cc788f7f022ba1af9daf701
DeepVoice,DEEPVOICE_FAKE_ryan-to-musk_frag12,DEEPVOICE_FAKE_ryan-to-musk_frag12,1,cc3bdf544cfc09bd9cc788f7f022ba1af9daf701
DeepVoice,DEEPVOICE_FAKE_ryan-to-musk_frag13,DEEPVOICE_FAKE_ryan-to-musk_frag13,1,cc3bdf544cfc09bd9cc788f7f022ba1af9daf701
DeepVoice,DEEPVOICE_FAKE_ryan-to-musk_frag14,DEEPVOICE_FAKE_ryan-to-musk_frag14,1,cc3bdf544cfc09bd9cc788f7f022ba1af9daf701
DeepVoice,DEEPVOICE_FAKE_ryan-to-musk_frag2,DEEPVOICE_FAKE_ryan-to-musk_frag2,1,cc3bdf544cfc09bd9cc788f7f022ba1af9daf701
DeepVoice,DEEPVOICE_FAKE_ryan-to-musk_frag3,DEEPVOICE_FAKE_ryan-to-musk_frag3,1,cc3bdf544cfc09bd9cc788f7f022ba1af9daf701
DeepVoice,DEEPVOICE_FAKE_ryan-to-musk_frag4,DEEPVOICE_FAKE_ryan-to-musk_frag4,1,cc3bdf544cfc09bd9cc788f7f022ba1af9daf701
DeepVoice,DEEPVOICE_FAKE_ryan-to-musk_frag5,DEEPVOICE_FAKE_ryan-to-musk_frag5,1,cc3bdf544cfc09bd9cc788f7f022ba1af9daf701
DeepVoice,DEEPVOICE_FAKE_ryan-to-musk_frag6,DEEPVOICE_FAKE_ryan-to-musk_frag6,1,cc3bdf544cfc09bd9cc788f7f022ba1af9daf701
DeepVoice,DEEPVOICE_FAKE_ryan-to-musk_frag7,DEEPVOICE_FAKE_ryan-to-musk_frag7,1,cc3bdf544cfc09bd9cc788f7f022ba1af9daf701
DeepVoice,DEEPVOICE_FAKE_ryan-to-musk_frag8,DEEPVOICE_FAKE_ryan-to-musk_frag8,1,cc3bdf544cfc09bd9cc788f7f022ba1af9daf701
DeepVoice,DEEPVOICE_FAKE_ryan-to-musk_frag9,DEEPVOICE_FAKE_ryan-to-musk_frag9,1,cc3bdf544cfc09bd9cc788f7f022ba1af9daf701
DeepVoice,DEEPVOICE_FAKE_ryan-to-obama_frag0,DEEPVOICE_FAKE_ryan-to-obama_frag0,1,cc3bdf544cfc09bd9cc788f7f022ba1af9daf701
DeepVoice,DEEPVOICE_FAKE_ryan-to-obama_frag1,DEEPVOICE_FAKE_ryan-to-obama_frag1,1,cc3bdf544cfc09bd9cc788f7f022ba1af9daf701
DeepVoice,DEEPVOICE_FAKE_ryan-to-obama_frag10,DEEPVOICE_FAKE_ryan-to-obama_frag10,1,cc3bdf544cfc09bd9cc788f7f022ba1af9daf701
DeepVoice,DEEPVOICE_FAKE_ryan-to-obama_frag11,DEEPVOICE_FAKE_ryan-to-obama_frag11,1,cc3bdf544cfc09bd9cc788f7f022ba1af9daf701
DeepVoice,DEEPVOICE_FAKE_ryan-to-obama_frag12,DEEPVOICE_FAKE_ryan-to-obama_frag12,1,cc3bdf544cfc09bd9cc788f7f022ba1af9daf701
DeepVoice,DEEPVOICE_FAKE_ryan-to-obama_frag13,DEEPVOICE_FAKE_ryan-to-obama_frag13,1,cc3bdf544cfc09bd9cc788f7f022ba1af9daf701
DeepVoice,DEEPVOICE_FAKE_ryan-to-obama_frag14,DEEPVOICE_FAKE_ryan-to-obama_frag14,1,cc3bdf544cfc09bd9cc788f7f022ba1af9daf701
DeepVoice,DEEPVOICE_FAKE_ryan-to-obama_frag15,DEEPVOICE_FAKE_ryan-to-obama_frag15,1,cc3bdf544cfc09bd9cc788f7f022ba1af9daf701
DeepVoice,DEEPVOICE_FAKE_ryan-to-obama_frag2,DEEPVOICE_FAKE_ryan-to-obama_frag2,1,cc3bdf544cfc09bd9cc788f7f022ba1af9daf701
DeepVoice,DEEPVOICE_FAKE_ryan-to-obama_frag3,DEEPVOICE_FAKE_ryan-to-obama_frag3,1,cc3bdf544cfc09bd9cc788f7f022ba1af9daf701
DeepVoice,DEEPVOICE_FAKE_ryan-to-obama_frag4,DEEPVOICE_FAKE_ryan-to-obama_frag4,1,cc3bdf544cfc09bd9cc788f7f022ba1af9daf701
DeepVoice,DEEPVOICE_FAKE_ryan-to-obama_frag5,DEEPVOICE_FAKE_ryan-to-obama_frag5,1,cc3bdf544cfc09bd9cc788f7f022ba1af9daf701
DeepVoice,DEEPVOICE_FAKE_ryan-to-obama_frag6,DEEPVOICE_FAKE_ryan-to-obama_frag6,1,cc3bdf544cfc09bd9cc788f7f022ba1af9daf701
DeepVoice,DEEPVOICE_FAKE_ryan-to-obama_frag7,DEEPVOICE_FAKE_ryan-to-obama_frag7,1,cc3bdf544cfc09bd9cc788f7f022ba1af9daf701
DeepVoice,DEEPVOICE_FAKE_ryan-to-obama_frag8,DEEPVOICE_FAKE_ryan-to-obama_frag8,1,cc3bdf544cfc09bd9cc788f7f022ba1af9daf701
DeepVoice,DEEPVOICE_FAKE_ryan-to-obama_frag9,DEEPVOICE_FAKE_ryan-to-obama_frag9,1,cc3bdf544cfc09bd9cc788f7f022ba1af9daf701
DeepVoice,DEEPVOICE_FAKE_ryan-to-taylor_frag0,DEEPVOICE_FAKE_ryan-to-taylor_frag0,1,cc3bdf544cfc09bd9cc788f7f022ba1af9daf701
DeepVoice,DEEPVOICE_FAKE_ryan-to-taylor_frag1,DEEPVOICE_FAKE_ryan-to-taylor_frag1,1,cc3bdf544cfc09bd9cc788f7f022ba1af9daf701
DeepVoice,DEEPVOICE_FAKE_ryan-to-taylor_frag10,DEEPVOICE_FAKE_ryan-to-taylor_frag10,1,cc3bdf544cfc09bd9cc788f7f022ba1af9daf701
DeepVoice,DEEPVOICE_FAKE_ryan-to-taylor_frag11,DEEPVOICE_FAKE_ryan-to-taylor_frag11,1,cc3bdf544cfc09bd9cc788f7f022ba1af9daf701
DeepVoice,DEEPVOICE_FAKE_ryan-to-taylor_frag12,DEEPVOICE_FAKE_ryan-to-taylor_frag12,1,cc3bdf544cfc09bd9cc788f7f022ba1af9daf701
DeepVoice,DEEPVOICE_FAKE_ryan-to-taylor_frag13,DEEPVOICE_FAKE_ryan-to-taylor_frag13,1,cc3bdf544cfc09bd9cc788f7f022ba1af9daf701
DeepVoice,DEEPVOICE_FAKE_ryan-to-taylor_frag14,DEEPVOICE_FAKE_ryan-to-taylor_frag14,1,cc3bdf544cfc09bd9cc788f7f022ba1af9daf701
DeepVoice,DEEPVOICE_FAKE_ryan-to-taylor_frag15,DEEPVOICE_FAKE_ryan-to-taylor_frag15,1,cc3bdf544cfc09bd9cc788f7f022ba1af9daf701
DeepVoice,DEEPVOICE_FAKE_ryan-to-taylor_frag16,DEEPVOICE_FAKE_ryan-to-taylor_frag16,1,cc3bdf544cfc09bd9cc788f7f022ba1af9daf701
DeepVoice,DEEPVOICE_FAKE_ryan-to-taylor_frag2,DEEPVOICE_FAKE_ryan-to-taylor_frag2,1,cc3bdf544cfc09bd9cc788f7f022ba1af9daf701
DeepVoice,DEEPVOICE_FAKE_ryan-to-taylor_frag3,DEEPVOICE_FAKE_ryan-to-taylor_frag3,1,cc3bdf544cfc09bd9cc788f7f022ba1af9daf701
DeepVoice,DEEPVOICE_FAKE_ryan-to-taylor_frag4,DEEPVOICE_FAKE_ryan-to-taylor_frag4,1,cc3bdf544cfc09bd9cc788f7f022ba1af9daf701
DeepVoice,DEEPVOICE_FAKE_ryan-to-taylor_frag5,DEEPVOICE_FAKE_ryan-to-taylor_frag5,1,cc3bdf544cfc09bd9cc788f7f022ba1af9daf701
DeepVoice,DEEPVOICE_FAKE_ryan-to-taylor_frag6,DEEPVOICE_FAKE_ryan-to-taylor_frag6,1,cc3bdf544cfc09bd9cc788f7f022ba1af9daf701
DeepVoice,DEEPVOICE_FAKE_ryan-to-taylor_frag7,DEEPVOICE_FAKE_ryan-to-taylor_frag7,1,cc3bdf544cfc09bd9cc788f7f022ba1af9daf701
DeepVoice,DEEPVOICE_FAKE_ryan-to-taylor_frag8,DEEPVOICE_FAKE_ryan-to-taylor_frag8,1,cc3bdf544cfc09bd9cc788f7f022ba1af9daf701
DeepVoice,DEEPVOICE_FAKE_ryan-to-taylor_frag9,DEEPVOICE_FAKE_ryan-to-taylor_frag9,1,cc3bdf544cfc09bd9cc788f7f022ba1af9daf701
DeepVoice,DEEPVOICE_FAKE_ryan-to-trump_frag0,DEEPVOICE_FAKE_ryan-to-trump_frag0,1,cc3bdf544cfc09bd9cc788f7f022ba1af9daf701
DeepVoice,DEEPVOICE_FAKE_ryan-to-trump_frag1,DEEPVOICE_FAKE_ryan-to-trump_frag1,1,cc3bdf544cfc09bd9cc788f7f022ba1af9daf701
DeepVoice,DEEPVOICE_FAKE_ryan-to-trump_frag10,DEEPVOICE_FAKE_ryan-to-trump_frag10,1,cc3bdf544cfc09bd9cc788f7f022ba1af9daf701
DeepVoice,DEEPVOICE_FAKE_ryan-to-trump_frag11,DEEPVOICE_FAKE_ryan-to-trump_frag11,1,cc3bdf544cfc09bd9cc788f7f022ba1af9daf701
DeepVoice,DEEPVOICE_FAKE_ryan-to-trump_frag12,DEEPVOICE_FAKE_ryan-to-trump_frag12,1,cc3bdf544cfc09bd9cc788f7f022ba1af9daf701
DeepVoice,DEEPVOICE_FAKE_ryan-to-trump_frag13,DEEPVOICE_FAKE_ryan-to-trump_frag13,1,cc3bdf544cfc09bd9cc788f7f022ba1af9daf701
DeepVoice,DEEPVOICE_FAKE_ryan-to-trump_frag14,DEEPVOICE_FAKE_ryan-to-trump_frag14,1,cc3bdf544cfc09bd9cc788f7f022ba1af9daf701
DeepVoice,DEEPVOICE_FAKE_ryan-to-trump_frag15,DEEPVOICE_FAKE_ryan-to-trump_frag15,1,cc3bdf544cfc09bd9cc788f7f022ba1af9daf701
DeepVoice,DEEPVOICE_FAKE_ryan-to-trump_frag16,DEEPVOICE_FAKE_ryan-to-trump_frag16,1,cc3bdf544cfc09bd9cc788f7f022ba1af9daf701
DeepVoice,DEEPVOICE_FAKE_ryan-to-trump_frag17,DEEPVOICE_FAKE_ryan-to-trump_frag17,1,cc3bdf544cfc09bd9cc788f7f022ba1af9daf701
DeepVoice,DEEPVOICE_FAKE_ryan-to-trump_frag2,DEEPVOICE_FAKE_ryan-to-trump_frag2,1,cc3bdf544cfc09bd9cc788f7f022ba1af9daf701
DeepVoice,DEEPVOICE_FAKE_ryan-to-trump_frag3,DEEPVOICE_FAKE_ryan-to-trump_frag3,1,cc3bdf544cfc09bd9cc788f7f022ba1af9daf701
DeepVoice,DEEPVOICE_FAKE_ryan-to-trump_frag4,DEEPVOICE_FAKE_ryan-to-trump_frag4,1,cc3bdf544cfc09bd9cc788f7f022ba1af9daf701
DeepVoice,DEEPVOICE_FAKE_ryan-to-trump_frag5,DEEPVOICE_FAKE_ryan-to-trump_frag5,1,cc3bdf544cfc09bd9cc788f7f022ba1af9daf701
DeepVoice,DEEPVOICE_FAKE_ryan-to-trump_frag6,DEEPVOICE_FAKE_ryan-to-trump_frag6,1,cc3bdf544cfc09bd9cc788f7f022ba1af9daf701
DeepVoice,DEEPVOICE_FAKE_ryan-to-trump_frag7,DEEPVOICE_FAKE_ryan-to-trump_frag7,1,cc3bdf544cfc09bd9cc788f7f022ba1af9daf701
DeepVoice,DEEPVOICE_FAKE_ryan-to-trump_frag8,DEEPVOICE_FAKE_ryan-to-trump_frag8,1,cc3bdf544cfc09bd9cc788f7f022ba1af9daf701
DeepVoice,DEEPVOICE_FAKE_ryan-to-trump_frag9,DEEPVOICE_FAKE_ryan-to-trump_frag9,1,cc3bdf544cfc09bd9cc788f7f022ba1af9daf701
DeepVoice,DEEPVOICE_FAKE_taylor-to-biden_frag0,DEEPVOICE_FAKE_taylor-to-biden_frag0,1,cc3bdf544cfc09bd9cc788f7f022ba1af9daf701
DeepVoice,DEEPVOICE_FAKE_taylor-to-biden_frag1,DEEPVOICE_FAKE_taylor-to-biden_frag1,1,cc3bdf544cfc09bd9cc788f7f022ba1af9daf701
DeepVoice,DEEPVOICE_FAKE_taylor-to-biden_frag10,DEEPVOICE_FAKE_taylor-to-biden_frag10,1,cc3bdf544cfc09bd9cc788f7f022ba1af9daf701
DeepVoice,DEEPVOICE_FAKE_taylor-to-biden_frag11,DEEPVOICE_FAKE_taylor-to-biden_frag11,1,cc3bdf544cfc09bd9cc788f7f022ba1af9daf701
DeepVoice,DEEPVOICE_FAKE_taylor-to-biden_frag12,DEEPVOICE_FAKE_taylor-to-biden_frag12,1,cc3bdf544cfc09bd9cc788f7f022ba1af9daf701
DeepVoice,DEEPVOICE_FAKE_taylor-to-biden_frag13,DEEPVOICE_FAKE_taylor-to-biden_frag13,1,cc3bdf544cfc09bd9cc788f7f022ba1af9daf701
DeepVoice,DEEPVOICE_FAKE_taylor-to-biden_frag14,DEEPVOICE_FAKE_taylor-to-biden_frag14,1,cc3bdf544cfc09bd9cc788f7f022ba1af9daf701
DeepVoice,DEEPVOICE_FAKE_taylor-to-biden_frag15,DEEPVOICE_FAKE_taylor-to-biden_frag15,1,cc3bdf544cfc09bd9cc788f7f022ba1af9daf701
DeepVoice,DEEPVOICE_FAKE_taylor-to-biden_frag16,DEEPVOICE_FAKE_taylor-to-biden_frag16,1,cc3bdf544cfc09bd9cc788f7f022ba1af9daf701
DeepVoice,DEEPVOICE_FAKE_taylor-to-biden_frag17,DEEPVOICE_FAKE_taylor-to-biden_frag17,1,cc3bdf544cfc09bd9cc788f7f022ba1af9daf701
DeepVoice,DEEPVOICE_FAKE_taylor-to-biden_frag18,DEEPVOICE_FAKE_taylor-to-biden_frag18,1,cc3bdf544cfc09bd9cc788f7f022ba1af9daf701
DeepVoice,DEEPVOICE_FAKE_taylor-to-biden_frag19,DEEPVOICE_FAKE_taylor-to-biden_frag19,1,cc3bdf544cfc09bd9cc788f7f022ba1af9daf701
DeepVoice,DEEPVOICE_FAKE_taylor-to-biden_frag2,DEEPVOICE_FAKE_taylor-to-biden_frag2,1,cc3bdf544cfc09bd9cc788f7f022ba1af9daf701
DeepVoice,DEEPVOICE_FAKE_taylor-to-biden_frag20,DEEPVOICE_FAKE_taylor-to-biden_frag20,1,cc3bdf544cfc09bd9cc788f7f022ba1af9daf701
DeepVoice,DEEPVOICE_FAKE_taylor-to-biden_frag21,DEEPVOICE_FAKE_taylor-to-biden_frag21,1,cc3bdf544cfc09bd9cc788f7f022ba1af9daf701
DeepVoice,DEEPVOICE_FAKE_taylor-to-biden_frag22,DEEPVOICE_FAKE_taylor-to-biden_frag22,1,cc3bdf544cfc09bd9cc788f7f022ba1af9daf701
DeepVoice,DEEPVOICE_FAKE_taylor-to-biden_frag23,DEEPVOICE_FAKE_taylor-to-biden_frag23,1,cc3bdf544cfc09bd9cc788f7f022ba1af9daf701
DeepVoice,DEEPVOICE_FAKE_taylor-to-biden_frag24,DEEPVOICE_FAKE_taylor-to-biden_frag24,1,cc3bdf544cfc09bd9cc788f7f022ba1af9daf701
DeepVoice,DEEPVOICE_FAKE_taylor-to-biden_frag25,DEEPVOICE_FAKE_taylor-to-biden_frag25,1,cc3bdf544cfc09bd9cc788f7f022ba1af9daf701
DeepVoice,DEEPVOICE_FAKE_taylor-to-biden_frag26,DEEPVOICE_FAKE_taylor-to-biden_frag26,1,cc3bdf544cfc09bd9cc788f7f022ba1af9daf701
DeepVoice,DEEPVOICE_FAKE_taylor-to-biden_frag27,DEEPVOICE_FAKE_taylor-to-biden_frag27,1,cc3bdf544cfc09bd9cc788f7f022ba1af9daf701
DeepVoice,DEEPVOICE_FAKE_taylor-to-biden_frag28,DEEPVOICE_FAKE_taylor-to-biden_frag28,1,cc3bdf544cfc09bd9cc788f7f022ba1af9daf701
DeepVoice,DEEPVOICE_FAKE_taylor-to-biden_frag29,DEEPVOICE_FAKE_taylor-to-biden_frag29,1,cc3bdf544cfc09bd9cc788f7f022ba1af9daf701
DeepVoice,DEEPVOICE_FAKE_taylor-to-biden_frag3,DEEPVOICE_FAKE_taylor-to-biden_frag3,1,cc3bdf544cfc09bd9cc788f7f022ba1af9daf701
DeepVoice,DEEPVOICE_FAKE_taylor-to-biden_frag30,DEEPVOICE_FAKE_taylor-to-biden_frag30,1,cc3bdf544cfc09bd9cc788f7f022ba1af9daf701
DeepVoice,DEEPVOICE_FAKE_taylor-to-biden_frag31,DEEPVOICE_FAKE_taylor-to-biden_frag31,1,cc3bdf544cfc09bd9cc788f7f022ba1af9daf701
DeepVoice,DEEPVOICE_FAKE_taylor-to-biden_frag32,DEEPVOICE_FAKE_taylor-to-biden_frag32,1,cc3bdf544cfc09bd9cc788f7f022ba1af9daf701
DeepVoice,DEEPVOICE_FAKE_taylor-to-biden_frag33,DEEPVOICE_FAKE_taylor-to-biden_frag33,1,cc3bdf544cfc09bd9cc788f7f022ba1af9daf701
DeepVoice,DEEPVOICE_FAKE_taylor-to-biden_frag34,DEEPVOICE_FAKE_taylor-to-biden_frag34,1,cc3bdf544cfc09bd9cc788f7f022ba1af9daf701
DeepVoice,DEEPVOICE_FAKE_taylor-to-biden_frag35,DEEPVOICE_FAKE_taylor-to-biden_frag35,1,cc3bdf544cfc09bd9cc788f7f022ba1af9daf701
DeepVoice,DEEPVOICE_FAKE_taylor-to-biden_frag36,DEEPVOICE_FAKE_taylor-to-biden_frag36,1,cc3bdf544cfc09bd9cc788f7f022ba1af9daf701
DeepVoice,DEEPVOICE_FAKE_taylor-to-biden_frag37,DEEPVOICE_FAKE_taylor-to-biden_frag37,1,cc3bdf544cfc09bd9cc788f7f022ba1af9daf701
DeepVoice,DEEPVOICE_FAKE_taylor-to-biden_frag38,DEEPVOICE_FAKE_taylor-to-biden_frag38,1,cc3bdf544cfc09bd9cc788f7f022ba1af9daf701
DeepVoice,DEEPVOICE_FAKE_taylor-to-biden_frag39,DEEPVOICE_FAKE_taylor-to-biden_frag39,1,cc3bdf544cfc09bd9cc788f7f022ba1af9daf701
DeepVoice,DEEPVOICE_FAKE_taylor-to-biden_frag4,DEEPVOICE_FAKE_taylor-to-biden_frag4,1,cc3bdf544cfc09bd9cc788f7f022ba1af9daf701
DeepVoice,DEEPVOICE_FAKE_taylor-to-biden_frag40,DEEPVOICE_FAKE_taylor-to-biden_frag40,1,cc3bdf544cfc09bd9cc788f7f022ba1af9daf701
DeepVoice,DEEPVOICE_FAKE_taylor-to-biden_frag41,DEEPVOICE_FAKE_taylor-to-biden_frag41,1,cc3bdf544cfc09bd9cc788f7f022ba1af9daf701
DeepVoice,DEEPVOICE_FAKE_taylor-to-biden_frag42,DEEPVOICE_FAKE_taylor-to-biden_frag42,1,cc3bdf544cfc09bd9cc788f7f022ba1af9daf701
DeepVoice,DEEPVOICE_FAKE_taylor-to-biden_frag43,DEEPVOICE_FAKE_taylor-to-biden_frag43,1,cc3bdf544cfc09bd9cc788f7f022ba1af9daf701
DeepVoice,DEEPVOICE_FAKE_taylor-to-biden_frag44,DEEPVOICE_FAKE_taylor-to-biden_frag44,1,cc3bdf544cfc09bd9cc788f7f022ba1af9daf701
DeepVoice,DEEPVOICE_FAKE_taylor-to-biden_frag45,DEEPVOICE_FAKE_taylor-to-biden_frag45,1,cc3bdf544cfc09bd9cc788f7f022ba1af9daf701
DeepVoice,DEEPVOICE_FAKE_taylor-to-biden_frag46,DEEPVOICE_FAKE_taylor-to-biden_frag46,1,cc3bdf544cfc09bd9cc788f7f022ba1af9daf701
DeepVoice,DEEPVOICE_FAKE_taylor-to-biden_frag47,DEEPVOICE_FAKE_taylor-to-biden_frag47,1,cc3bdf544cfc09bd9cc788f7f022ba1af9daf701
DeepVoice,DEEPVOICE_FAKE_taylor-to-biden_frag48,DEEPVOICE_FAKE_taylor-to-biden_frag48,1,cc3bdf544cfc09bd9cc788f7f022ba1af9daf701
DeepVoice,DEEPVOICE_FAKE_taylor-to-biden_frag49,DEEPVOICE_FAKE_taylor-to-biden_frag49,1,cc3bdf544cfc09bd9cc788f7f022ba1af9daf701
DeepVoice,DEEPVOICE_FAKE_taylor-to-biden_frag5,DEEPVOICE_FAKE_taylor-to-biden_frag5,1,cc3bdf544cfc09bd9cc788f7f022ba1af9daf701
DeepVoice,DEEPVOICE_FAKE_taylor-to-biden_frag50,DEEPVOICE_FAKE_taylor-to-biden_frag50,1,cc3bdf544cfc09bd9cc788f7f022ba1af9daf701
DeepVoice,DEEPVOICE_FAKE_taylor-to-biden_frag51,DEEPVOICE_FAKE_taylor-to-biden_frag51,1,cc3bdf544cfc09bd9cc788f7f022ba1af9daf701
DeepVoice,DEEPVOICE_FAKE_taylor-to-biden_frag52,DEEPVOICE_FAKE_taylor-to-biden_frag52,1,cc3bdf544cfc09bd9cc788f7f022ba1af9daf701
DeepVoice,DEEPVOICE_FAKE_taylor-to-biden_frag53,DEEPVOICE_FAKE_taylor-to-biden_frag53,1,cc3bdf544cfc09bd9cc788f7f022ba1af9daf701
DeepVoice,DEEPVOICE_FAKE_taylor-to-biden_frag54,DEEPVOICE_FAKE_taylor-to-biden_frag54,1,cc3bdf544cfc09bd9cc788f7f022ba1af9daf701
DeepVoice,DEEPVOICE_FAKE_taylor-to-biden_frag55,DEEPVOICE_FAKE_taylor-to-biden_frag55,1,cc3bdf544cfc09bd9cc788f7f022ba1af9daf701
DeepVoice,DEEPVOICE_FAKE_taylor-to-biden_frag56,DEEPVOICE_FAKE_taylor-to-biden_frag56,1,cc3bdf544cfc09bd9cc788f7f022ba1af9daf701
DeepVoice,DEEPVOICE_FAKE_taylor-to-biden_frag57,DEEPVOICE_FAKE_taylor-to-biden_frag57,1,cc3bdf544cfc09bd9cc788f7f022ba1af9daf701
DeepVoice,DEEPVOICE_FAKE_taylor-to-biden_frag58,DEEPVOICE_FAKE_taylor-to-biden_frag58,1,cc3bdf544cfc09bd9cc788f7f022ba1af9daf701
DeepVoice,DEEPVOICE_FAKE_taylor-to-biden_frag59,DEEPVOICE_FAKE_taylor-to-biden_frag59,1,cc3bdf544cfc09bd9cc788f7f022ba1af9daf701
DeepVoice,DEEPVOICE_FAKE_taylor-to-biden_frag6,DEEPVOICE_FAKE_taylor-to-biden_frag6,1,cc3bdf544cfc09bd9cc788f7f022ba1af9daf701
DeepVoice,DEEPVOICE_FAKE_taylor-to-biden_frag60,DEEPVOICE_FAKE_taylor-to-biden_frag60,1,cc3bdf544cfc09bd9cc788f7f022ba1af9daf701
DeepVoice,DEEPVOICE_FAKE_taylor-to-biden_frag61,DEEPVOICE_FAKE_taylor-to-biden_frag61,1,cc3bdf544cfc09bd9cc788f7f022ba1af9daf701
DeepVoice,DEEPVOICE_FAKE_taylor-to-biden_frag62,DEEPVOICE_FAKE_taylor-to-biden_frag62,1,cc3bdf544cfc09bd9cc788f7f022ba1af9daf701
DeepVoice,DEEPVOICE_FAKE_taylor-to-biden_frag63,DEEPVOICE_FAKE_taylor-to-biden_frag63,1,cc3bdf544cfc09bd9cc788f7f022ba1af9daf701
DeepVoice,DEEPVOICE_FAKE_taylor-to-biden_frag64,DEEPVOICE_FAKE_taylor-to-biden_frag64,1,cc3bdf544cfc09bd9cc788f7f022ba1af9daf701
DeepVoice,DEEPVOICE_FAKE_taylor-to-biden_frag65,DEEPVOICE_FAKE_taylor-to-biden_frag65,1,cc3bdf544cfc09bd9cc788f7f022ba1af9daf701
DeepVoice,DEEPVOICE_FAKE_taylor-to-biden_frag66,DEEPVOICE_FAKE_taylor-to-biden_frag66,1,cc3bdf544cfc09bd9cc788f7f022ba1af9daf701
DeepVoice,DEEPVOICE_FAKE_taylor-to-biden_frag67,DEEPVOICE_FAKE_taylor-to-biden_frag67,1,cc3bdf544cfc09bd9cc788f7f022ba1af9daf701
DeepVoice,DEEPVOICE_FAKE_taylor-to-biden_frag68,DEEPVOICE_FAKE_taylor-to-biden_frag68,1,cc3bdf544cfc09bd9cc788f7f022ba1af9daf701
DeepVoice,DEEPVOICE_FAKE_taylor-to-biden_frag69,DEEPVOICE_FAKE_taylor-to-biden_frag69,1,cc3bdf544cfc09bd9cc788f7f022ba1af9daf701
DeepVoice,DEEPVOICE_FAKE_taylor-to-biden_frag7,DEEPVOICE_FAKE_taylor-to-biden_frag7,1,cc3bdf544cfc09bd9cc788f7f022ba1af9daf701
DeepVoice,DEEPVOICE_FAKE_taylor-to-biden_frag70,DEEPVOICE_FAKE_taylor-to-biden_frag70,1,cc3bdf544cfc09bd9cc788f7f022ba1af9daf701
DeepVoice,DEEPVOICE_FAKE_taylor-to-biden_frag71,DEEPVOICE_FAKE_taylor-to-biden_frag71,1,cc3bdf544cfc09bd9cc788f7f022ba1af9daf701
DeepVoice,DEEPVOICE_FAKE_taylor-to-biden_frag72,DEEPVOICE_FAKE_taylor-to-biden_frag72,1,cc3bdf544cfc09bd9cc788f7f022ba1af9daf701
DeepVoice,DEEPVOICE_FAKE_taylor-to-biden_frag73,DEEPVOICE_FAKE_taylor-to-biden_frag73,1,cc3bdf544cfc09bd9cc788f7f022ba1af9daf701
DeepVoice,DEEPVOICE_FAKE_taylor-to-biden_frag74,DEEPVOICE_FAKE_taylor-to-biden_frag74,1,cc3bdf544cfc09bd9cc788f7f022ba1af9daf701
DeepVoice,DEEPVOICE_FAKE_taylor-to-biden_frag75,DEEPVOICE_FAKE_taylor-to-biden_frag75,1,cc3bdf544cfc09bd9cc788f7f022ba1af9daf701
DeepVoice,DEEPVOICE_FAKE_taylor-to-biden_frag76,DEEPVOICE_FAKE_taylor-to-biden_frag76,1,cc3bdf544cfc09bd9cc788f7f022ba1af9daf701
DeepVoice,DEEPVOICE_FAKE_taylor-to-biden_frag77,DEEPVOICE_FAKE_taylor-to-biden_frag77,1,cc3bdf544cfc09bd9cc788f7f022ba1af9daf701
DeepVoice,DEEPVOICE_FAKE_taylor-to-biden_frag78,DEEPVOICE_FAKE_taylor-to-biden_frag78,1,cc3bdf544cfc09bd9cc788f7f022ba1af9daf701
DeepVoice,DEEPVOICE_FAKE_taylor-to-biden_frag79,DEEPVOICE_FAKE_taylor-to-biden_frag79,1,cc3bdf544cfc09bd9cc788f7f022ba1af9daf701
DeepVoice,DEEPVOICE_FAKE_taylor-to-biden_frag8,DEEPVOICE_FAKE_taylor-to-biden_frag8,1,cc3bdf544cfc09bd9cc788f7f022ba1af9daf701
DeepVoice,DEEPVOICE_FAKE_taylor-to-biden_frag80,DEEPVOICE_FAKE_taylor-to-biden_frag80,1,cc3bdf544cfc09bd9cc788f7f022ba1af9daf701
DeepVoice,DEEPVOICE_FAKE_taylor-to-biden_frag81,DEEPVOICE_FAKE_taylor-to-biden_frag81,1,cc3bdf544cfc09bd9cc788f7f022ba1af9daf701
DeepVoice,DEEPVOICE_FAKE_taylor-to-biden_frag82,DEEPVOICE_FAKE_taylor-to-biden_frag82,1,cc3bdf544cfc09bd9cc788f7f022ba1af9daf701
DeepVoice,DEEPVOICE_FAKE_taylor-to-biden_frag83,DEEPVOICE_FAKE_taylor-to-biden_frag83,1,cc3bdf544cfc09bd9cc788f7f022ba1af9daf701
DeepVoice,DEEPVOICE_FAKE_taylor-to-biden_frag84,DEEPVOICE_FAKE_taylor-to-biden_frag84,1,cc3bdf544cfc09bd9cc788f7f022ba1af9daf701
DeepVoice,DEEPVOICE_FAKE_taylor-to-biden_frag85,DEEPVOICE_FAKE_taylor-to-biden_frag85,1,cc3bdf544cfc09bd9cc788f7f022ba1af9daf701
DeepVoice,DEEPVOICE_FAKE_taylor-to-biden_frag86,DEEPVOICE_FAKE_taylor-to-biden_frag86,1,cc3bdf544cfc09bd9cc788f7f022ba1af9daf701
DeepVoice,DEEPVOICE_FAKE_taylor-to-biden_frag87,DEEPVOICE_FAKE_taylor-to-biden_frag87,1,cc3bdf544cfc09bd9cc788f7f022ba1af9daf701
DeepVoice,DEEPVOICE_FAKE_taylor-to-biden_frag88,DEEPVOICE_FAKE_taylor-to-biden_frag88,1,cc3bdf544cfc09bd9cc788f7f022ba1af9daf701
DeepVoice,DEEPVOICE_FAKE_taylor-to-biden_frag89,DEEPVOICE_FAKE_taylor-to-biden_frag89,1,cc3bdf544cfc09bd9cc788f7f022ba1af9daf701
DeepVoice,DEEPVOICE_FAKE_taylor-to-biden_frag9,DEEPVOICE_FAKE_taylor-to-biden_frag9,1,cc3bdf544cfc09bd9cc788f7f022ba1af9daf701
DeepVoice,DEEPVOICE_FAKE_taylor-to-biden_frag90,DEEPVOICE_FAKE_taylor-to-biden_frag90,1,cc3bdf544cfc09bd9cc788f7f022ba1af9daf701
DeepVoice,DEEPVOICE_FAKE_taylor-to-biden_frag91,DEEPVOICE_FAKE_taylor-to-biden_frag91,1,cc3bdf544cfc09bd9cc788f7f022ba1af9daf701
DeepVoice,DEEPVOICE_FAKE_taylor-to-biden_frag92,DEEPVOICE_FAKE_taylor-to-biden_frag92,1,cc3bdf544cfc09bd9cc788f7f022ba1af9daf701
DeepVoice,DEEPVOICE_FAKE_taylor-to-biden_frag93,DEEPVOICE_FAKE_taylor-to-biden_frag93,1,cc3bdf544cfc09bd9cc788f7f022ba1af9daf701
DeepVoice,DEEPVOICE_FAKE_taylor-to-biden_frag94,DEEPVOICE_FAKE_taylor-to-biden_frag94,1,cc3bdf544cfc09bd9cc788f7f022ba1af9daf701
DeepVoice,DEEPVOICE_FAKE_taylor-to-biden_frag95,DEEPVOICE_FAKE_taylor-to-biden_frag95,1,cc3bdf544cfc09bd9cc788f7f022ba1af9daf701
DeepVoice,DEEPVOICE_FAKE_taylor-to-biden_frag96,DEEPVOICE_FAKE_taylor-to-biden_frag96,1,cc3bdf544cfc09bd9cc788f7f022ba1af9daf701
DeepVoice,DEEPVOICE_FAKE_taylor-to-biden_frag97,DEEPVOICE_FAKE_taylor-to-biden_frag97,1,cc3bdf544cfc09bd9cc788f7f022ba1af9daf701
DeepVoice,DEEPVOICE_FAKE_taylor-to-biden_frag98,DEEPVOICE_FAKE_taylor-to-biden_frag98,1,cc3bdf544cfc09bd9cc788f7f022ba1af9daf701
DeepVoice,DEEPVOICE_FAKE_taylor-to-biden_frag99,DEEPVOICE_FAKE_taylor-to-biden_frag99,1,cc3bdf544cfc09bd9cc788f7f022ba1af9daf701
DeepVoice,DEEPVOICE_FAKE_taylor-to-linus_frag0,DEEPVOICE_FAKE_taylor-to-linus_frag0,1,cc3bdf544cfc09bd9cc788f7f022ba1af9daf701
DeepVoice,DEEPVOICE_FAKE_taylor-to-linus_frag1,DEEPVOICE_FAKE_taylor-to-linus_frag1,1,cc3bdf544cfc09bd9cc788f7f022ba1af9daf701
DeepVoice,DEEPVOICE_FAKE_taylor-to-linus_frag10,DEEPVOICE_FAKE_taylor-to-linus_frag10,1,cc3bdf544cfc09bd9cc788f7f022ba1af9daf701
DeepVoice,DEEPVOICE_FAKE_taylor-to-linus_frag100,DEEPVOICE_FAKE_taylor-to-linus_frag100,1,cc3bdf544cfc09bd9cc788f7f022ba1af9daf701
DeepVoice,DEEPVOICE_FAKE_taylor-to-linus_frag11,DEEPVOICE_FAKE_taylor-to-linus_frag11,1,cc3bdf544cfc09bd9cc788f7f022ba1af9daf701
DeepVoice,DEEPVOICE_FAKE_taylor-to-linus_frag12,DEEPVOICE_FAKE_taylor-to-linus_frag12,1,cc3bdf544cfc09bd9cc788f7f022ba1af9daf701
DeepVoice,DEEPVOICE_FAKE_taylor-to-linus_frag13,DEEPVOICE_FAKE_taylor-to-linus_frag13,1,cc3bdf544cfc09bd9cc788f7f022ba1af9daf701
DeepVoice,DEEPVOICE_FAKE_taylor-to-linus_frag14,DEEPVOICE_FAKE_taylor-to-linus_frag14,1,cc3bdf544cfc09bd9cc788f7f022ba1af9daf701
DeepVoice,DEEPVOICE_FAKE_taylor-to-linus_frag15,DEEPVOICE_FAKE_taylor-to-linus_frag15,1,cc3bdf544cfc09bd9cc788f7f022ba1af9daf701
DeepVoice,DEEPVOICE_FAKE_taylor-to-linus_frag16,DEEPVOICE_FAKE_taylor-to-linus_frag16,1,cc3bdf544cfc09bd9cc788f7f022ba1af9daf701
DeepVoice,DEEPVOICE_FAKE_taylor-to-linus_frag17,DEEPVOICE_FAKE_taylor-to-linus_frag17,1,cc3bdf544cfc09bd9cc788f7f022ba1af9daf701
DeepVoice,DEEPVOICE_FAKE_taylor-to-linus_frag18,DEEPVOICE_FAKE_taylor-to-linus_frag18,1,cc3bdf544cfc09bd9cc788f7f022ba1af9daf701
DeepVoice,DEEPVOICE_FAKE_taylor-to-linus_frag19,DEEPVOICE_FAKE_taylor-to-linus_frag19,1,cc3bdf544cfc09bd9cc788f7f022ba1af9daf701
DeepVoice,DEEPVOICE_FAKE_taylor-to-linus_frag2,DEEPVOICE_FAKE_taylor-to-linus_frag2,1,cc3bdf544cfc09bd9cc788f7f022ba1af9daf701
DeepVoice,DEEPVOICE_FAKE_taylor-to-linus_frag20,DEEPVOICE_FAKE_taylor-to-linus_frag20,1,cc3bdf544cfc09bd9cc788f7f022ba1af9daf701
DeepVoice,DEEPVOICE_FAKE_taylor-to-linus_frag21,DEEPVOICE_FAKE_taylor-to-linus_frag21,1,cc3bdf544cfc09bd9cc788f7f022ba1af9daf701
DeepVoice,DEEPVOICE_FAKE_taylor-to-linus_frag22,DEEPVOICE_FAKE_taylor-to-linus_frag22,1,cc3bdf544cfc09bd9cc788f7f022ba1af9daf701
DeepVoice,DEEPVOICE_FAKE_taylor-to-linus_frag23,DEEPVOICE_FAKE_taylor-to-linus_frag23,1,cc3bdf544cfc09bd9cc788f7f022ba1af9daf701
DeepVoice,DEEPVOICE_FAKE_taylor-to-linus_frag24,DEEPVOICE_FAKE_taylor-to-linus_frag24,1,cc3bdf544cfc09bd9cc788f7f022ba1af9daf701
DeepVoice,DEEPVOICE_FAKE_taylor-to-linus_frag25,DEEPVOICE_FAKE_taylor-to-linus_frag25,1,cc3bdf544cfc09bd9cc788f7f022ba1af9daf701
DeepVoice,DEEPVOICE_FAKE_taylor-to-linus_frag26,DEEPVOICE_FAKE_taylor-to-linus_frag26,1,cc3bdf544cfc09bd9cc788f7f022ba1af9daf701
DeepVoice,DEEPVOICE_FAKE_taylor-to-linus_frag27,DEEPVOICE_FAKE_taylor-to-linus_frag27,1,cc3bdf544cfc09bd9cc788f7f022ba1af9daf701
DeepVoice,DEEPVOICE_FAKE_taylor-to-linus_frag28,DEEPVOICE_FAKE_taylor-to-linus_frag28,1,cc3bdf544cfc09bd9cc788f7f022ba1af9daf701
DeepVoice,DEEPVOICE_FAKE_taylor-to-linus_frag29,DEEPVOICE_FAKE_taylor-to-linus_frag29,1,cc3bdf544cfc09bd9cc788f7f022ba1af9daf701
DeepVoice,DEEPVOICE_FAKE_taylor-to-linus_frag3,DEEPVOICE_FAKE_taylor-to-linus_frag3,1,cc3bdf544cfc09bd9cc788f7f022ba1af9daf701
DeepVoice,DEEPVOICE_FAKE_taylor-to-linus_frag30,DEEPVOICE_FAKE_taylor-to-linus_frag30,1,cc3bdf544cfc09bd9cc788f7f022ba1af9daf701
DeepVoice,DEEPVOICE_FAKE_taylor-to-linus_frag31,DEEPVOICE_FAKE_taylor-to-linus_frag31,1,cc3bdf544cfc09bd9cc788f7f022ba1af9daf701
DeepVoice,DEEPVOICE_FAKE_taylor-to-linus_frag32,DEEPVOICE_FAKE_taylor-to-linus_frag32,1,cc3bdf544cfc09bd9cc788f7f022ba1af9daf701
DeepVoice,DEEPVOICE_FAKE_taylor-to-linus_frag33,DEEPVOICE_FAKE_taylor-to-linus_frag33,1,cc3bdf544cfc09bd9cc788f7f022ba1af9daf701
DeepVoice,DEEPVOICE_FAKE_taylor-to-linus_frag34,DEEPVOICE_FAKE_taylor-to-linus_frag34,1,cc3bdf544cfc09bd9cc788f7f022ba1af9daf701
DeepVoice,DEEPVOICE_FAKE_taylor-to-linus_frag35,DEEPVOICE_FAKE_taylor-to-linus_frag35,1,cc3bdf544cfc09bd9cc788f7f022ba1af9daf701
DeepVoice,DEEPVOICE_FAKE_taylor-to-linus_frag36,DEEPVOICE_FAKE_taylor-to-linus_frag36,1,cc3bdf544cfc09bd9cc788f7f022ba1af9daf701
DeepVoice,DEEPVOICE_FAKE_taylor-to-linus_frag37,DEEPVOICE_FAKE_taylor-to-linus_frag37,1,cc3bdf544cfc09bd9cc788f7f022ba1af9daf701
DeepVoice,DEEPVOICE_FAKE_taylor-to-linus_frag38,DEEPVOICE_FAKE_taylor-to-linus_frag38,1,cc3bdf544cfc09bd9cc788f7f022ba1af9daf701
DeepVoice,DEEPVOICE_FAKE_taylor-to-linus_frag39,DEEPVOICE_FAKE_taylor-to-linus_frag39,1,cc3bdf544cfc09bd9cc788f7f022ba1af9daf701
DeepVoice,DEEPVOICE_FAKE_taylor-to-linus_frag4,DEEPVOICE_FAKE_taylor-to-linus_frag4,1,cc3bdf544cfc09bd9cc788f7f022ba1af9daf701
DeepVoice,DEEPVOICE_FAKE_taylor-to-linus_frag40,DEEPVOICE_FAKE_taylor-to-linus_frag40,1,cc3bdf544cfc09bd9cc788f7f022ba1af9daf701
DeepVoice,DEEPVOICE_FAKE_taylor-to-linus_frag41,DEEPVOICE_FAKE_taylor-to-linus_frag41,1,cc3bdf544cfc09bd9cc788f7f022ba1af9daf701
DeepVoice,DEEPVOICE_FAKE_taylor-to-linus_frag42,DEEPVOICE_FAKE_taylor-to-linus_frag42,1,cc3bdf544cfc09bd9cc788f7f022ba1af9daf701
DeepVoice,DEEPVOICE_FAKE_taylor-to-linus_frag43,DEEPVOICE_FAKE_taylor-to-linus_frag43,1,cc3bdf544cfc09bd9cc788f7f022ba1af9daf701
DeepVoice,DEEPVOICE_FAKE_taylor-to-linus_frag44,DEEPVOICE_FAKE_taylor-to-linus_frag44,1,cc3bdf544cfc09bd9cc788f7f022ba1af9daf701
DeepVoice,DEEPVOICE_FAKE_taylor-to-linus_frag45,DEEPVOICE_FAKE_taylor-to-linus_frag45,1,cc3bdf544cfc09bd9cc788f7f022ba1af9daf701
DeepVoice,DEEPVOICE_FAKE_taylor-to-linus_frag46,DEEPVOICE_FAKE_taylor-to-linus_frag46,1,cc3bdf544cfc09bd9cc788f7f022ba1af9daf701
DeepVoice,DEEPVOICE_FAKE_taylor-to-linus_frag47,DEEPVOICE_FAKE_taylor-to-linus_frag47,1,cc3bdf544cfc09bd9cc788f7f022ba1af9daf701
DeepVoice,DEEPVOICE_FAKE_taylor-to-linus_frag48,DEEPVOICE_FAKE_taylor-to-linus_frag48,1,cc3bdf544cfc09bd9cc788f7f022ba1af9daf701
DeepVoice,DEEPVOICE_FAKE_taylor-to-linus_frag49,DEEPVOICE_FAKE_taylor-to-linus_frag49,1,cc3bdf544cfc09bd9cc788f7f022ba1af9daf701
DeepVoice,DEEPVOICE_FAKE_taylor-to-linus_frag5,DEEPVOICE_FAKE_taylor-to-linus_frag5,1,cc3bdf544cfc09bd9cc788f7f022ba1af9daf701
DeepVoice,DEEPVOICE_FAKE_taylor-to-linus_frag50,DEEPVOICE_FAKE_taylor-to-linus_frag50,1,cc3bdf544cfc09bd9cc788f7f022ba1af9daf701
DeepVoice,DEEPVOICE_FAKE_taylor-to-linus_frag51,DEEPVOICE_FAKE_taylor-to-linus_frag51,1,cc3bdf544cfc09bd9cc788f7f022ba1af9daf701
DeepVoice,DEEPVOICE_FAKE_taylor-to-linus_frag52,DEEPVOICE_FAKE_taylor-to-linus_frag52,1,cc3bdf544cfc09bd9cc788f7f022ba1af9daf701
DeepVoice,DEEPVOICE_FAKE_taylor-to-linus_frag53,DEEPVOICE_FAKE_taylor-to-linus_frag53,1,cc3bdf544cfc09bd9cc788f7f022ba1af9daf701
DeepVoice,DEEPVOICE_FAKE_taylor-to-linus_frag54,DEEPVOICE_FAKE_taylor-to-linus_frag54,1,cc3bdf544cfc09bd9cc788f7f022ba1af9daf701
DeepVoice,DEEPVOICE_FAKE_taylor-to-linus_frag55,DEEPVOICE_FAKE_taylor-to-linus_frag55,1,cc3bdf544cfc09bd9cc788f7f022ba1af9daf701
DeepVoice,DEEPVOICE_FAKE_taylor-to-linus_frag56,DEEPVOICE_FAKE_taylor-to-linus_frag56,1,cc3bdf544cfc09bd9cc788f7f022ba1af9daf701
DeepVoice,DEEPVOICE_FAKE_taylor-to-linus_frag57,DEEPVOICE_FAKE_taylor-to-linus_frag57,1,cc3bdf544cfc09bd9cc788f7f022ba1af9daf701
DeepVoice,DEEPVOICE_FAKE_taylor-to-linus_frag58,DEEPVOICE_FAKE_taylor-to-linus_frag58,1,cc3bdf544cfc09bd9cc788f7f022ba1af9daf701
DeepVoice,DEEPVOICE_FAKE_taylor-to-linus_frag59,DEEPVOICE_FAKE_taylor-to-linus_frag59,1,cc3bdf544cfc09bd9cc788f7f022ba1af9daf701
DeepVoice,DEEPVOICE_FAKE_taylor-to-linus_frag6,DEEPVOICE_FAKE_taylor-to-linus_frag6,1,cc3bdf544cfc09bd9cc788f7f022ba1af9daf701
DeepVoice,DEEPVOICE_FAKE_taylor-to-linus_frag60,DEEPVOICE_FAKE_taylor-to-linus_frag60,1,cc3bdf544cfc09bd9cc788f7f022ba1af9daf701
DeepVoice,DEEPVOICE_FAKE_taylor-to-linus_frag61,DEEPVOICE_FAKE_taylor-to-linus_frag61,1,cc3bdf544cfc09bd9cc788f7f022ba1af9daf701
DeepVoice,DEEPVOICE_FAKE_taylor-to-linus_frag62,DEEPVOICE_FAKE_taylor-to-linus_frag62,1,cc3bdf544cfc09bd9cc788f7f022ba1af9daf701
DeepVoice,DEEPVOICE_FAKE_taylor-to-linus_frag63,DEEPVOICE_FAKE_taylor-to-linus_frag63,1,cc3bdf544cfc09bd9cc788f7f022ba1af9daf701
DeepVoice,DEEPVOICE_FAKE_taylor-to-linus_frag64,DEEPVOICE_FAKE_taylor-to-linus_frag64,1,cc3bdf544cfc09bd9cc788f7f022ba1af9daf701
DeepVoice,DEEPVOICE_FAKE_taylor-to-linus_frag65,DEEPVOICE_FAKE_taylor-to-linus_frag65,1,cc3bdf544cfc09bd9cc788f7f022ba1af9daf701
DeepVoice,DEEPVOICE_FAKE_taylor-to-linus_frag66,DEEPVOICE_FAKE_taylor-to-linus_frag66,1,cc3bdf544cfc09bd9cc788f7f022ba1af9daf701
DeepVoice,DEEPVOICE_FAKE_taylor-to-linus_frag67,DEEPVOICE_FAKE_taylor-to-linus_frag67,1,cc3bdf544cfc09bd9cc788f7f022ba1af9daf701
DeepVoice,DEEPVOICE_FAKE_taylor-to-linus_frag68,DEEPVOICE_FAKE_taylor-to-linus_frag68,1,cc3bdf544cfc09bd9cc788f7f022ba1af9daf701
DeepVoice,DEEPVOICE_FAKE_taylor-to-linus_frag69,DEEPVOICE_FAKE_taylor-to-linus_frag69,1,cc3bdf544cfc09bd9cc788f7f022ba1af9daf701
DeepVoice,DEEPVOICE_FAKE_taylor-to-linus_frag7,DEEPVOICE_FAKE_taylor-to-linus_frag7,1,cc3bdf544cfc09bd9cc788f7f022ba1af9daf701
DeepVoice,DEEPVOICE_FAKE_taylor-to-linus_frag70,DEEPVOICE_FAKE_taylor-to-linus_frag70,1,cc3bdf544cfc09bd9cc788f7f022ba1af9daf701
DeepVoice,DEEPVOICE_FAKE_taylor-to-linus_frag71,DEEPVOICE_FAKE_taylor-to-linus_frag71,1,cc3bdf544cfc09bd9cc788f7f022ba1af9daf701
DeepVoice,DEEPVOICE_FAKE_taylor-to-linus_frag72,DEEPVOICE_FAKE_taylor-to-linus_frag72,1,cc3bdf544cfc09bd9cc788f7f022ba1af9daf701
DeepVoice,DEEPVOICE_FAKE_taylor-to-linus_frag73,DEEPVOICE_FAKE_taylor-to-linus_frag73,1,cc3bdf544cfc09bd9cc788f7f022ba1af9daf701
DeepVoice,DEEPVOICE_FAKE_taylor-to-linus_frag74,DEEPVOICE_FAKE_taylor-to-linus_frag74,1,cc3bdf544cfc09bd9cc788f7f022ba1af9daf701
DeepVoice,DEEPVOICE_FAKE_taylor-to-linus_frag75,DEEPVOICE_FAKE_taylor-to-linus_frag75,1,cc3bdf544cfc09bd9cc788f7f022ba1af9daf701
DeepVoice,DEEPVOICE_FAKE_taylor-to-linus_frag76,DEEPVOICE_FAKE_taylor-to-linus_frag76,1,cc3bdf544cfc09bd9cc788f7f022ba1af9daf701
DeepVoice,DEEPVOICE_FAKE_taylor-to-linus_frag77,DEEPVOICE_FAKE_taylor-to-linus_frag77,1,cc3bdf544cfc09bd9cc788f7f022ba1af9daf701
DeepVoice,DEEPVOICE_FAKE_taylor-to-linus_frag78,DEEPVOICE_FAKE_taylor-to-linus_frag78,1,cc3bdf544cfc09bd9cc788f7f022ba1af9daf701
DeepVoice,DEEPVOICE_FAKE_taylor-to-linus_frag79,DEEPVOICE_FAKE_taylor-to-linus_frag79,1,cc3bdf544cfc09bd9cc788f7f022ba1af9daf701
DeepVoice,DEEPVOICE_FAKE_taylor-to-linus_frag8,DEEPVOICE_FAKE_taylor-to-linus_frag8,1,cc3bdf544cfc09bd9cc788f7f022ba1af9daf701
DeepVoice,DEEPVOICE_FAKE_taylor-to-linus_frag80,DEEPVOICE_FAKE_taylor-to-linus_frag80,1,cc3bdf544cfc09bd9cc788f7f022ba1af9daf701
DeepVoice,DEEPVOICE_FAKE_taylor-to-linus_frag81,DEEPVOICE_FAKE_taylor-to-linus_frag81,1,cc3bdf544cfc09bd9cc788f7f022ba1af9daf701
DeepVoice,DEEPVOICE_FAKE_taylor-to-linus_frag82,DEEPVOICE_FAKE_taylor-to-linus_frag82,1,cc3bdf544cfc09bd9cc788f7f022ba1af9daf701
DeepVoice,DEEPVOICE_FAKE_taylor-to-linus_frag83,DEEPVOICE_FAKE_taylor-to-linus_frag83,1,cc3bdf544cfc09bd9cc788f7f022ba1af9daf701
DeepVoice,DEEPVOICE_FAKE_taylor-to-linus_frag84,DEEPVOICE_FAKE_taylor-to-linus_frag84,1,cc3bdf544cfc09bd9cc788f7f022ba1af9daf701
DeepVoice,DEEPVOICE_FAKE_taylor-to-linus_frag85,DEEPVOICE_FAKE_taylor-to-linus_frag85,1,cc3bdf544cfc09bd9cc788f7f022ba1af9daf701
DeepVoice,DEEPVOICE_FAKE_taylor-to-linus_frag86,DEEPVOICE_FAKE_taylor-to-linus_frag86,1,cc3bdf544cfc09bd9cc788f7f022ba1af9daf701
DeepVoice,DEEPVOICE_FAKE_taylor-to-linus_frag87,DEEPVOICE_FAKE_taylor-to-linus_frag87,1,cc3bdf544cfc09bd9cc788f7f022ba1af9daf701
DeepVoice,DEEPVOICE_FAKE_taylor-to-linus_frag88,DEEPVOICE_FAKE_taylor-to-linus_frag88,1,cc3bdf544cfc09bd9cc788f7f022ba1af9daf701
DeepVoice,DEEPVOICE_FAKE_taylor-to-linus_frag89,DEEPVOICE_FAKE_taylor-to-linus_frag89,1,cc3bdf544cfc09bd9cc788f7f022ba1af9daf701
DeepVoice,DEEPVOICE_FAKE_taylor-to-linus_frag9,DEEPVOICE_FAKE_taylor-to-linus_frag9,1,cc3bdf544cfc09bd9cc788f7f022ba1af9daf701
DeepVoice,DEEPVOICE_FAKE_taylor-to-linus_frag90,DEEPVOICE_FAKE_taylor-to-linus_frag90,1,cc3bdf544cfc09bd9cc788f7f022ba1af9daf701
DeepVoice,DEEPVOICE_FAKE_taylor-to-linus_frag91,DEEPVOICE_FAKE_taylor-to-linus_frag91,1,cc3bdf544cfc09bd9cc788f7f022ba1af9daf701
DeepVoice,DEEPVOICE_FAKE_taylor-to-linus_frag92,DEEPVOICE_FAKE_taylor-to-linus_frag92,1,cc3bdf544cfc09bd9cc788f7f022ba1af9daf701
DeepVoice,DEEPVOICE_FAKE_taylor-to-linus_frag93,DEEPVOICE_FAKE_taylor-to-linus_frag93,1,cc3bdf544cfc09bd9cc788f7f022ba1af9daf701
DeepVoice,DEEPVOICE_FAKE_taylor-to-linus_frag94,DEEPVOICE_FAKE_taylor-to-linus_frag94,1,cc3bdf544cfc09bd9cc788f7f022ba1af9daf701
DeepVoice,DEEPVOICE_FAKE_taylor-to-linus_frag95,DEEPVOICE_FAKE_taylor-to-linus_frag95,1,cc3bdf544cfc09bd9cc788f7f022ba1af9daf701
DeepVoice,DEEPVOICE_FAKE_taylor-to-linus_frag96,DEEPVOICE_FAKE_taylor-to-linus_frag96,1,cc3bdf544cfc09bd9cc788f7f022ba1af9daf701
DeepVoice,DEEPVOICE_FAKE_taylor-to-linus_frag97,DEEPVOICE_FAKE_taylor-to-linus_frag97,1,cc3bdf544cfc09bd9cc788f7f022ba1af9daf701
DeepVoice,DEEPVOICE_FAKE_taylor-to-linus_frag98,DEEPVOICE_FAKE_taylor-to-linus_frag98,1,cc3bdf544cfc09bd9cc788f7f022ba1af9daf701
DeepVoice,DEEPVOICE_FAKE_taylor-to-linus_frag99,DEEPVOICE_FAKE_taylor-to-linus_frag99,1,cc3bdf544cfc09bd9cc788f7f022ba1af9daf701
DeepVoice,DEEPVOICE_FAKE_taylor-to-margot_frag0,DEEPVOICE_FAKE_taylor-to-margot_frag0,1,cc3bdf544cfc09bd9cc788f7f022ba1af9daf701
DeepVoice,DEEPVOICE_FAKE_taylor-to-margot_frag1,DEEPVOICE_FAKE_taylor-to-margot_frag1,1,cc3bdf544cfc09bd9cc788f7f022ba1af9daf701
DeepVoice,DEEPVOICE_FAKE_taylor-to-margot_frag10,DEEPVOICE_FAKE_taylor-to-margot_frag10,1,cc3bdf544cfc09bd9cc788f7f022ba1af9daf701
DeepVoice,DEEPVOICE_FAKE_taylor-to-margot_frag11,DEEPVOICE_FAKE_taylor-to-margot_frag11,1,cc3bdf544cfc09bd9cc788f7f022ba1af9daf701
DeepVoice,DEEPVOICE_FAKE_taylor-to-margot_frag12,DEEPVOICE_FAKE_taylor-to-margot_frag12,1,cc3bdf544cfc09bd9cc788f7f022ba1af9daf701
DeepVoice,DEEPVOICE_FAKE_taylor-to-margot_frag13,DEEPVOICE_FAKE_taylor-to-margot_frag13,1,cc3bdf544cfc09bd9cc788f7f022ba1af9daf701
DeepVoice,DEEPVOICE_FAKE_taylor-to-margot_frag14,DEEPVOICE_FAKE_taylor-to-margot_frag14,1,cc3bdf544cfc09bd9cc788f7f022ba1af9daf701
DeepVoice,DEEPVOICE_FAKE_taylor-to-margot_frag15,DEEPVOICE_FAKE_taylor-to-margot_frag15,1,cc3bdf544cfc09bd9cc788f7f022ba1af9daf701
DeepVoice,DEEPVOICE_FAKE_taylor-to-margot_frag16,DEEPVOICE_FAKE_taylor-to-margot_frag16,1,cc3bdf544cfc09bd9cc788f7f022ba1af9daf701
DeepVoice,DEEPVOICE_FAKE_taylor-to-margot_frag17,DEEPVOICE_FAKE_taylor-to-margot_frag17,1,cc3bdf544cfc09bd9cc788f7f022ba1af9daf701
DeepVoice,DEEPVOICE_FAKE_taylor-to-margot_frag18,DEEPVOICE_FAKE_taylor-to-margot_frag18,1,cc3bdf544cfc09bd9cc788f7f022ba1af9daf701
DeepVoice,DEEPVOICE_FAKE_taylor-to-margot_frag19,DEEPVOICE_FAKE_taylor-to-margot_frag19,1,cc3bdf544cfc09bd9cc788f7f022ba1af9daf701
DeepVoice,DEEPVOICE_FAKE_taylor-to-margot_frag2,DEEPVOICE_FAKE_taylor-to-margot_frag2,1,cc3bdf544cfc09bd9cc788f7f022ba1af9daf701
DeepVoice,DEEPVOICE_FAKE_taylor-to-margot_frag20,DEEPVOICE_FAKE_taylor-to-margot_frag20,1,cc3bdf544cfc09bd9cc788f7f022ba1af9daf701
DeepVoice,DEEPVOICE_FAKE_taylor-to-margot_frag21,DEEPVOICE_FAKE_taylor-to-margot_frag21,1,cc3bdf544cfc09bd9cc788f7f022ba1af9daf701
DeepVoice,DEEPVOICE_FAKE_taylor-to-margot_frag22,DEEPVOICE_FAKE_taylor-to-margot_frag22,1,cc3bdf544cfc09bd9cc788f7f022ba1af9daf701
DeepVoice,DEEPVOICE_FAKE_taylor-to-margot_frag23,DEEPVOICE_FAKE_taylor-to-margot_frag23,1,cc3bdf544cfc09bd9cc788f7f022ba1af9daf701
DeepVoice,DEEPVOICE_FAKE_taylor-to-margot_frag24,DEEPVOICE_FAKE_taylor-to-margot_frag24,1,cc3bdf544cfc09bd9cc788f7f022ba1af9daf701
DeepVoice,DEEPVOICE_FAKE_taylor-to-margot_frag25,DEEPVOICE_FAKE_taylor-to-margot_frag25,1,cc3bdf544cfc09bd9cc788f7f022ba1af9daf701
DeepVoice,DEEPVOICE_FAKE_taylor-to-margot_frag26,DEEPVOICE_FAKE_taylor-to-margot_frag26,1,cc3bdf544cfc09bd9cc788f7f022ba1af9daf701
DeepVoice,DEEPVOICE_FAKE_taylor-to-margot_frag27,DEEPVOICE_FAKE_taylor-to-margot_frag27,1,cc3bdf544cfc09bd9cc788f7f022ba1af9daf701
DeepVoice,DEEPVOICE_FAKE_taylor-to-margot_frag28,DEEPVOICE_FAKE_taylor-to-margot_frag28,1,cc3bdf544cfc09bd9cc788f7f022ba1af9daf701
DeepVoice,DEEPVOICE_FAKE_taylor-to-margot_frag29,DEEPVOICE_FAKE_taylor-to-margot_frag29,1,cc3bdf544cfc09bd9cc788f7f022ba1af9daf701
DeepVoice,DEEPVOICE_FAKE_taylor-to-margot_frag3,DEEPVOICE_FAKE_taylor-to-margot_frag3,1,cc3bdf544cfc09bd9cc788f7f022ba1af9daf701
DeepVoice,DEEPVOICE_FAKE_taylor-to-margot_frag30,DEEPVOICE_FAKE_taylor-to-margot_frag30,1,cc3bdf544cfc09bd9cc788f7f022ba1af9daf701
DeepVoice,DEEPVOICE_FAKE_taylor-to-margot_frag31,DEEPVOICE_FAKE_taylor-to-margot_frag31,1,cc3bdf544cfc09bd9cc788f7f022ba1af9daf701
DeepVoice,DEEPVOICE_FAKE_taylor-to-margot_frag32,DEEPVOICE_FAKE_taylor-to-margot_frag32,1,cc3bdf544cfc09bd9cc788f7f022ba1af9daf701
DeepVoice,DEEPVOICE_FAKE_taylor-to-margot_frag33,DEEPVOICE_FAKE_taylor-to-margot_frag33,1,cc3bdf544cfc09bd9cc788f7f022ba1af9daf701
DeepVoice,DEEPVOICE_FAKE_taylor-to-margot_frag34,DEEPVOICE_FAKE_taylor-to-margot_frag34,1,cc3bdf544cfc09bd9cc788f7f022ba1af9daf701
DeepVoice,DEEPVOICE_FAKE_taylor-to-margot_frag35,DEEPVOICE_FAKE_taylor-to-margot_frag35,1,cc3bdf544cfc09bd9cc788f7f022ba1af9daf701
DeepVoice,DEEPVOICE_FAKE_taylor-to-margot_frag36,DEEPVOICE_FAKE_taylor-to-margot_frag36,1,cc3bdf544cfc09bd9cc788f7f022ba1af9daf701
DeepVoice,DEEPVOICE_FAKE_taylor-to-margot_frag37,DEEPVOICE_FAKE_taylor-to-margot_frag37,1,cc3bdf544cfc09bd9cc788f7f022ba1af9daf701
DeepVoice,DEEPVOICE_FAKE_taylor-to-margot_frag38,DEEPVOICE_FAKE_taylor-to-margot_frag38,1,cc3bdf544cfc09bd9cc788f7f022ba1af9daf701
DeepVoice,DEEPVOICE_FAKE_taylor-to-margot_frag39,DEEPVOICE_FAKE_taylor-to-margot_frag39,1,cc3bdf544cfc09bd9cc788f7f022ba1af9daf701
DeepVoice,DEEPVOICE_FAKE_taylor-to-margot_frag4,DEEPVOICE_FAKE_taylor-to-margot_frag4,1,cc3bdf544cfc09bd9cc788f7f022ba1af9daf701
DeepVoice,DEEPVOICE_FAKE_taylor-to-margot_frag40,DEEPVOICE_FAKE_taylor-to-margot_frag40,1,cc3bdf544cfc09bd9cc788f7f022ba1af9daf701
DeepVoice,DEEPVOICE_FAKE_taylor-to-margot_frag41,DEEPVOICE_FAKE_taylor-to-margot_frag41,1,cc3bdf544cfc09bd9cc788f7f022ba1af9daf701
DeepVoice,DEEPVOICE_FAKE_taylor-to-margot_frag42,DEEPVOICE_FAKE_taylor-to-margot_frag42,1,cc3bdf544cfc09bd9cc788f7f022ba1af9daf701
DeepVoice,DEEPVOICE_FAKE_taylor-to-margot_frag43,DEEPVOICE_FAKE_taylor-to-margot_frag43,1,cc3bdf544cfc09bd9cc788f7f022ba1af9daf701
DeepVoice,DEEPVOICE_FAKE_taylor-to-margot_frag44,DEEPVOICE_FAKE_taylor-to-margot_frag44,1,cc3bdf544cfc09bd9cc788f7f022ba1af9daf701
DeepVoice,DEEPVOICE_FAKE_taylor-to-margot_frag45,DEEPVOICE_FAKE_taylor-to-margot_frag45,1,cc3bdf544cfc09bd9cc788f7f022ba1af9daf701
DeepVoice,DEEPVOICE_FAKE_taylor-to-margot_frag46,DEEPVOICE_FAKE_taylor-to-margot_frag46,1,cc3bdf544cfc09bd9cc788f7f022ba1af9daf701
DeepVoice,DEEPVOICE_FAKE_taylor-to-margot_frag47,DEEPVOICE_FAKE_taylor-to-margot_frag47,1,cc3bdf544cfc09bd9cc788f7f022ba1af9daf701
DeepVoice,DEEPVOICE_FAKE_taylor-to-margot_frag48,DEEPVOICE_FAKE_taylor-to-margot_frag48,1,cc3bdf544cfc09bd9cc788f7f022ba1af9daf701
DeepVoice,DEEPVOICE_FAKE_taylor-to-margot_frag49,DEEPVOICE_FAKE_taylor-to-margot_frag49,1,cc3bdf544cfc09bd9cc788f7f022ba1af9daf701
DeepVoice,DEEPVOICE_FAKE_taylor-to-margot_frag5,DEEPVOICE_FAKE_taylor-to-margot_frag5,1,cc3bdf544cfc09bd9cc788f7f022ba1af9daf701
DeepVoice,DEEPVOICE_FAKE_taylor-to-margot_frag50,DEEPVOICE_FAKE_taylor-to-margot_frag50,1,cc3bdf544cfc09bd9cc788f7f022ba1af9daf701
DeepVoice,DEEPVOICE_FAKE_taylor-to-margot_frag51,DEEPVOICE_FAKE_taylor-to-margot_frag51,1,cc3bdf544cfc09bd9cc788f7f022ba1af9daf701
DeepVoice,DEEPVOICE_FAKE_taylor-to-margot_frag52,DEEPVOICE_FAKE_taylor-to-margot_frag52,1,cc3bdf544cfc09bd9cc788f7f022ba1af9daf701
DeepVoice,DEEPVOICE_FAKE_taylor-to-margot_frag53,DEEPVOICE_FAKE_taylor-to-margot_frag53,1,cc3bdf544cfc09bd9cc788f7f022ba1af9daf701
DeepVoice,DEEPVOICE_FAKE_taylor-to-margot_frag54,DEEPVOICE_FAKE_taylor-to-margot_frag54,1,cc3bdf544cfc09bd9cc788f7f022ba1af9daf701
DeepVoice,DEEPVOICE_FAKE_taylor-to-margot_frag55,DEEPVOICE_FAKE_taylor-to-margot_frag55,1,cc3bdf544cfc09bd9cc788f7f022ba1af9daf701
DeepVoice,DEEPVOICE_FAKE_taylor-to-margot_frag56,DEEPVOICE_FAKE_taylor-to-margot_frag56,1,cc3bdf544cfc09bd9cc788f7f022ba1af9daf701
DeepVoice,DEEPVOICE_FAKE_taylor-to-margot_frag57,DEEPVOICE_FAKE_taylor-to-margot_frag57,1,cc3bdf544cfc09bd9cc788f7f022ba1af9daf701
DeepVoice,DEEPVOICE_FAKE_taylor-to-margot_frag58,DEEPVOICE_FAKE_taylor-to-margot_frag58,1,cc3bdf544cfc09bd9cc788f7f022ba1af9daf701
DeepVoice,DEEPVOICE_FAKE_taylor-to-margot_frag59,DEEPVOICE_FAKE_taylor-to-margot_frag59,1,cc3bdf544cfc09bd9cc788f7f022ba1af9daf701
DeepVoice,DEEPVOICE_FAKE_taylor-to-margot_frag6,DEEPVOICE_FAKE_taylor-to-margot_frag6,1,cc3bdf544cfc09bd9cc788f7f022ba1af9daf701
DeepVoice,DEEPVOICE_FAKE_taylor-to-margot_frag60,DEEPVOICE_FAKE_taylor-to-margot_frag60,1,cc3bdf544cfc09bd9cc788f7f022ba1af9daf701
DeepVoice,DEEPVOICE_FAKE_taylor-to-margot_frag61,DEEPVOICE_FAKE_taylor-to-margot_frag61,1,cc3bdf544cfc09bd9cc788f7f022ba1af9daf701
DeepVoice,DEEPVOICE_FAKE_taylor-to-margot_frag62,DEEPVOICE_FAKE_taylor-to-margot_frag62,1,cc3bdf544cfc09bd9cc788f7f022ba1af9daf701
DeepVoice,DEEPVOICE_FAKE_taylor-to-margot_frag63,DEEPVOICE_FAKE_taylor-to-margot_frag63,1,cc3bdf544cfc09bd9cc788f7f022ba1af9daf701
DeepVoice,DEEPVOICE_FAKE_taylor-to-margot_frag64,DEEPVOICE_FAKE_taylor-to-margot_frag64,1,cc3bdf544cfc09bd9cc788f7f022ba1af9daf701
DeepVoice,DEEPVOICE_FAKE_taylor-to-margot_frag65,DEEPVOICE_FAKE_taylor-to-margot_frag65,1,cc3bdf544cfc09bd9cc788f7f022ba1af9daf701
DeepVoice,DEEPVOICE_FAKE_taylor-to-margot_frag66,DEEPVOICE_FAKE_taylor-to-margot_frag66,1,cc3bdf544cfc09bd9cc788f7f022ba1af9daf701
DeepVoice,DEEPVOICE_FAKE_taylor-to-margot_frag67,DEEPVOICE_FAKE_taylor-to-margot_frag67,1,cc3bdf544cfc09bd9cc788f7f022ba1af9daf701
DeepVoice,DEEPVOICE_FAKE_taylor-to-margot_frag68,DEEPVOICE_FAKE_taylor-to-margot_frag68,1,cc3bdf544cfc09bd9cc788f7f022ba1af9daf701
DeepVoice,DEEPVOICE_FAKE_taylor-to-margot_frag69,DEEPVOICE_FAKE_taylor-to-margot_frag69,1,cc3bdf544cfc09bd9cc788f7f022ba1af9daf701
DeepVoice,DEEPVOICE_FAKE_taylor-to-margot_frag7,DEEPVOICE_FAKE_taylor-to-margot_frag7,1,cc3bdf544cfc09bd9cc788f7f022ba1af9daf701
DeepVoice,DEEPVOICE_FAKE_taylor-to-margot_frag70,DEEPVOICE_FAKE_taylor-to-margot_frag70,1,cc3bdf544cfc09bd9cc788f7f022ba1af9daf701
DeepVoice,DEEPVOICE_FAKE_taylor-to-margot_frag71,DEEPVOICE_FAKE_taylor-to-margot_frag71,1,cc3bdf544cfc09bd9cc788f7f022ba1af9daf701
DeepVoice,DEEPVOICE_FAKE_taylor-to-margot_frag72,DEEPVOICE_FAKE_taylor-to-margot_frag72,1,cc3bdf544cfc09bd9cc788f7f022ba1af9daf701
DeepVoice,DEEPVOICE_FAKE_taylor-to-margot_frag73,DEEPVOICE_FAKE_taylor-to-margot_frag73,1,cc3bdf544cfc09bd9cc788f7f022ba1af9daf701
DeepVoice,DEEPVOICE_FAKE_taylor-to-margot_frag74,DEEPVOICE_FAKE_taylor-to-margot_frag74,1,cc3bdf544cfc09bd9cc788f7f022ba1af9daf701
DeepVoice,DEEPVOICE_FAKE_taylor-to-margot_frag75,DEEPVOICE_FAKE_taylor-to-margot_frag75,1,cc3bdf544cfc09bd9cc788f7f022ba1af9daf701
DeepVoice,DEEPVOICE_FAKE_taylor-to-margot_frag76,DEEPVOICE_FAKE_taylor-to-margot_frag76,1,cc3bdf544cfc09bd9cc788f7f022ba1af9daf701
DeepVoice,DEEPVOICE_FAKE_taylor-to-margot_frag77,DEEPVOICE_FAKE_taylor-to-margot_frag77,1,cc3bdf544cfc09bd9cc788f7f022ba1af9daf701
DeepVoice,DEEPVOICE_FAKE_taylor-to-margot_frag78,DEEPVOICE_FAKE_taylor-to-margot_frag78,1,cc3bdf544cfc09bd9cc788f7f022ba1af9daf701
DeepVoice,DEEPVOICE_FAKE_taylor-to-margot_frag79,DEEPVOICE_FAKE_taylor-to-margot_frag79,1,cc3bdf544cfc09bd9cc788f7f022ba1af9daf701
DeepVoice,DEEPVOICE_FAKE_taylor-to-margot_frag8,DEEPVOICE_FAKE_taylor-to-margot_frag8,1,cc3bdf544cfc09bd9cc788f7f022ba1af9daf701
DeepVoice,DEEPVOICE_FAKE_taylor-to-margot_frag80,DEEPVOICE_FAKE_taylor-to-margot_frag80,1,cc3bdf544cfc09bd9cc788f7f022ba1af9daf701
DeepVoice,DEEPVOICE_FAKE_taylor-to-margot_frag81,DEEPVOICE_FAKE_taylor-to-margot_frag81,1,cc3bdf544cfc09bd9cc788f7f022ba1af9daf701
DeepVoice,DEEPVOICE_FAKE_taylor-to-margot_frag82,DEEPVOICE_FAKE_taylor-to-margot_frag82,1,cc3bdf544cfc09bd9cc788f7f022ba1af9daf701
DeepVoice,DEEPVOICE_FAKE_taylor-to-margot_frag83,DEEPVOICE_FAKE_taylor-to-margot_frag83,1,cc3bdf544cfc09bd9cc788f7f022ba1af9daf701
DeepVoice,DEEPVOICE_FAKE_taylor-to-margot_frag84,DEEPVOICE_FAKE_taylor-to-margot_frag84,1,cc3bdf544cfc09bd9cc788f7f022ba1af9daf701
DeepVoice,DEEPVOICE_FAKE_taylor-to-margot_frag85,DEEPVOICE_FAKE_taylor-to-margot_frag85,1,cc3bdf544cfc09bd9cc788f7f022ba1af9daf701
DeepVoice,DEEPVOICE_FAKE_taylor-to-margot_frag86,DEEPVOICE_FAKE_taylor-to-margot_frag86,1,cc3bdf544cfc09bd9cc788f7f022ba1af9daf701
DeepVoice,DEEPVOICE_FAKE_taylor-to-margot_frag87,DEEPVOICE_FAKE_taylor-to-margot_frag87,1,cc3bdf544cfc09bd9cc788f7f022ba1af9daf701
DeepVoice,DEEPVOICE_FAKE_taylor-to-margot_frag88,DEEPVOICE_FAKE_taylor-to-margot_frag88,1,cc3bdf544cfc09bd9cc788f7f022ba1af9daf701
DeepVoice,DEEPVOICE_FAKE_taylor-to-margot_frag89,DEEPVOICE_FAKE_taylor-to-margot_frag89,1,cc3bdf544cfc09bd9cc788f7f022ba1af9daf701
DeepVoice,DEEPVOICE_FAKE_taylor-to-margot_frag9,DEEPVOICE_FAKE_taylor-to-margot_frag9,1,cc3bdf544cfc09bd9cc788f7f022ba1af9daf701
DeepVoice,DEEPVOICE_FAKE_taylor-to-margot_frag90,DEEPVOICE_FAKE_taylor-to-margot_frag90,1,cc3bdf544cfc09bd9cc788f7f022ba1af9daf701
DeepVoice,DEEPVOICE_FAKE_taylor-to-margot_frag91,DEEPVOICE_FAKE_taylor-to-margot_frag91,1,cc3bdf544cfc09bd9cc788f7f022ba1af9daf701
DeepVoice,DEEPVOICE_FAKE_taylor-to-margot_frag92,DEEPVOICE_FAKE_taylor-to-margot_frag92,1,cc3bdf544cfc09bd9cc788f7f022ba1af9daf701
DeepVoice,DEEPVOICE_FAKE_taylor-to-margot_frag93,DEEPVOICE_FAKE_taylor-to-margot_frag93,1,cc3bdf544cfc09bd9cc788f7f022ba1af9daf701
DeepVoice,DEEPVOICE_FAKE_taylor-to-margot_frag94,DEEPVOICE_FAKE_taylor-to-margot_frag94,1,cc3bdf544cfc09bd9cc788f7f022ba1af9daf701
DeepVoice,DEEPVOICE_FAKE_taylor-to-margot_frag95,DEEPVOICE_FAKE_taylor-to-margot_frag95,1,cc3bdf544cfc09bd9cc788f7f022ba1af9daf701
DeepVoice,DEEPVOICE_FAKE_taylor-to-margot_frag96,DEEPVOICE_FAKE_taylor-to-margot_frag96,1,cc3bdf544cfc09bd9cc788f7f022ba1af9daf701
DeepVoice,DEEPVOICE_FAKE_taylor-to-margot_frag97,DEEPVOICE_FAKE_taylor-to-margot_frag97,1,cc3bdf544cfc09bd9cc788f7f022ba1af9daf701
DeepVoice,DEEPVOICE_FAKE_taylor-to-margot_frag98,DEEPVOICE_FAKE_taylor-to-margot_frag98,1,cc3bdf544cfc09bd9cc788f7f022ba1af9daf701
DeepVoice,DEEPVOICE_FAKE_taylor-to-musk_frag0,DEEPVOICE_FAKE_taylor-to-musk_frag0,1,cc3bdf544cfc09bd9cc788f7f022ba1af9daf701
DeepVoice,DEEPVOICE_FAKE_taylor-to-musk_frag1,DEEPVOICE_FAKE_taylor-to-musk_frag1,1,cc3bdf544cfc09bd9cc788f7f022ba1af9daf701
DeepVoice,DEEPVOICE_FAKE_taylor-to-musk_frag10,DEEPVOICE_FAKE_taylor-to-musk_frag10,1,cc3bdf544cfc09bd9cc788f7f022ba1af9daf701
DeepVoice,DEEPVOICE_FAKE_taylor-to-musk_frag11,DEEPVOICE_FAKE_taylor-to-musk_frag11,1,cc3bdf544cfc09bd9cc788f7f022ba1af9daf701
DeepVoice,DEEPVOICE_FAKE_taylor-to-musk_frag12,DEEPVOICE_FAKE_taylor-to-musk_frag12,1,cc3bdf544cfc09bd9cc788f7f022ba1af9daf701
DeepVoice,DEEPVOICE_FAKE_taylor-to-musk_frag13,DEEPVOICE_FAKE_taylor-to-musk_frag13,1,cc3bdf544cfc09bd9cc788f7f022ba1af9daf701
DeepVoice,DEEPVOICE_FAKE_taylor-to-musk_frag14,DEEPVOICE_FAKE_taylor-to-musk_frag14,1,cc3bdf544cfc09bd9cc788f7f022ba1af9daf701
DeepVoice,DEEPVOICE_FAKE_taylor-to-musk_frag15,DEEPVOICE_FAKE_taylor-to-musk_frag15,1,cc3bdf544cfc09bd9cc788f7f022ba1af9daf701
DeepVoice,DEEPVOICE_FAKE_taylor-to-musk_frag16,DEEPVOICE_FAKE_taylor-to-musk_frag16,1,cc3bdf544cfc09bd9cc788f7f022ba1af9daf701
DeepVoice,DEEPVOICE_FAKE_taylor-to-musk_frag17,DEEPVOICE_FAKE_taylor-to-musk_frag17,1,cc3bdf544cfc09bd9cc788f7f022ba1af9daf701
DeepVoice,DEEPVOICE_FAKE_taylor-to-musk_frag18,DEEPVOICE_FAKE_taylor-to-musk_frag18,1,cc3bdf544cfc09bd9cc788f7f022ba1af9daf701
DeepVoice,DEEPVOICE_FAKE_taylor-to-musk_frag19,DEEPVOICE_FAKE_taylor-to-musk_frag19,1,cc3bdf544cfc09bd9cc788f7f022ba1af9daf701
DeepVoice,DEEPVOICE_FAKE_taylor-to-musk_frag2,DEEPVOICE_FAKE_taylor-to-musk_frag2,1,cc3bdf544cfc09bd9cc788f7f022ba1af9daf701
DeepVoice,DEEPVOICE_FAKE_taylor-to-musk_frag20,DEEPVOICE_FAKE_taylor-to-musk_frag20,1,cc3bdf544cfc09bd9cc788f7f022ba1af9daf701
DeepVoice,DEEPVOICE_FAKE_taylor-to-musk_frag21,DEEPVOICE_FAKE_taylor-to-musk_frag21,1,cc3bdf544cfc09bd9cc788f7f022ba1af9daf701
DeepVoice,DEEPVOICE_FAKE_taylor-to-musk_frag22,DEEPVOICE_FAKE_taylor-to-musk_frag22,1,cc3bdf544cfc09bd9cc788f7f022ba1af9daf701
DeepVoice,DEEPVOICE_FAKE_taylor-to-musk_frag23,DEEPVOICE_FAKE_taylor-to-musk_frag23,1,cc3bdf544cfc09bd9cc788f7f022ba1af9daf701
DeepVoice,DEEPVOICE_FAKE_taylor-to-musk_frag24,DEEPVOICE_FAKE_taylor-to-musk_frag24,1,cc3bdf544cfc09bd9cc788f7f022ba1af9daf701
DeepVoice,DEEPVOICE_FAKE_taylor-to-musk_frag25,DEEPVOICE_FAKE_taylor-to-musk_frag25,1,cc3bdf544cfc09bd9cc788f7f022ba1af9daf701
DeepVoice,DEEPVOICE_FAKE_taylor-to-musk_frag26,DEEPVOICE_FAKE_taylor-to-musk_frag26,1,cc3bdf544cfc09bd9cc788f7f022ba1af9daf701
DeepVoice,DEEPVOICE_FAKE_taylor-to-musk_frag27,DEEPVOICE_FAKE_taylor-to-musk_frag27,1,cc3bdf544cfc09bd9cc788f7f022ba1af9daf701
DeepVoice,DEEPVOICE_FAKE_taylor-to-musk_frag28,DEEPVOICE_FAKE_taylor-to-musk_frag28,1,cc3bdf544cfc09bd9cc788f7f022ba1af9daf701
DeepVoice,DEEPVOICE_FAKE_taylor-to-musk_frag29,DEEPVOICE_FAKE_taylor-to-musk_frag29,1,cc3bdf544cfc09bd9cc788f7f022ba1af9daf701
DeepVoice,DEEPVOICE_FAKE_taylor-to-musk_frag3,DEEPVOICE_FAKE_taylor-to-musk_frag3,1,cc3bdf544cfc09bd9cc788f7f022ba1af9daf701
DeepVoice,DEEPVOICE_FAKE_taylor-to-musk_frag30,DEEPVOICE_FAKE_taylor-to-musk_frag30,1,cc3bdf544cfc09bd9cc788f7f022ba1af9daf701
DeepVoice,DEEPVOICE_FAKE_taylor-to-musk_frag31,DEEPVOICE_FAKE_taylor-to-musk_frag31,1,cc3bdf544cfc09bd9cc788f7f022ba1af9daf701
DeepVoice,DEEPVOICE_FAKE_taylor-to-musk_frag32,DEEPVOICE_FAKE_taylor-to-musk_frag32,1,cc3bdf544cfc09bd9cc788f7f022ba1af9daf701
DeepVoice,DEEPVOICE_FAKE_taylor-to-musk_frag33,DEEPVOICE_FAKE_taylor-to-musk_frag33,1,cc3bdf544cfc09bd9cc788f7f022ba1af9daf701
DeepVoice,DEEPVOICE_FAKE_taylor-to-musk_frag34,DEEPVOICE_FAKE_taylor-to-musk_frag34,1,cc3bdf544cfc09bd9cc788f7f022ba1af9daf701
DeepVoice,DEEPVOICE_FAKE_taylor-to-musk_frag35,DEEPVOICE_FAKE_taylor-to-musk_frag35,1,cc3bdf544cfc09bd9cc788f7f022ba1af9daf701
DeepVoice,DEEPVOICE_FAKE_taylor-to-musk_frag36,DEEPVOICE_FAKE_taylor-to-musk_frag36,1,cc3bdf544cfc09bd9cc788f7f022ba1af9daf701
DeepVoice,DEEPVOICE_FAKE_taylor-to-musk_frag37,DEEPVOICE_FAKE_taylor-to-musk_frag37,1,cc3bdf544cfc09bd9cc788f7f022ba1af9daf701
DeepVoice,DEEPVOICE_FAKE_taylor-to-musk_frag38,DEEPVOICE_FAKE_taylor-to-musk_frag38,1,cc3bdf544cfc09bd9cc788f7f022ba1af9daf701
DeepVoice,DEEPVOICE_FAKE_taylor-to-musk_frag39,DEEPVOICE_FAKE_taylor-to-musk_frag39,1,cc3bdf544cfc09bd9cc788f7f022ba1af9daf701
DeepVoice,DEEPVOICE_FAKE_taylor-to-musk_frag4,DEEPVOICE_FAKE_taylor-to-musk_frag4,1,cc3bdf544cfc09bd9cc788f7f022ba1af9daf701
DeepVoice,DEEPVOICE_FAKE_taylor-to-musk_frag40,DEEPVOICE_FAKE_taylor-to-musk_frag40,1,cc3bdf544cfc09bd9cc788f7f022ba1af9daf701
DeepVoice,DEEPVOICE_FAKE_taylor-to-musk_frag41,DEEPVOICE_FAKE_taylor-to-musk_frag41,1,cc3bdf544cfc09bd9cc788f7f022ba1af9daf701
DeepVoice,DEEPVOICE_FAKE_taylor-to-musk_frag42,DEEPVOICE_FAKE_taylor-to-musk_frag42,1,cc3bdf544cfc09bd9cc788f7f022ba1af9daf701
DeepVoice,DEEPVOICE_FAKE_taylor-to-musk_frag43,DEEPVOICE_FAKE_taylor-to-musk_frag43,1,cc3bdf544cfc09bd9cc788f7f022ba1af9daf701
DeepVoice,DEEPVOICE_FAKE_taylor-to-musk_frag44,DEEPVOICE_FAKE_taylor-to-musk_frag44,1,cc3bdf544cfc09bd9cc788f7f022ba1af9daf701
DeepVoice,DEEPVOICE_FAKE_taylor-to-musk_frag45,DEEPVOICE_FAKE_taylor-to-musk_frag45,1,cc3bdf544cfc09bd9cc788f7f022ba1af9daf701
DeepVoice,DEEPVOICE_FAKE_taylor-to-musk_frag46,DEEPVOICE_FAKE_taylor-to-musk_frag46,1,cc3bdf544cfc09bd9cc788f7f022ba1af9daf701
DeepVoice,DEEPVOICE_FAKE_taylor-to-musk_frag47,DEEPVOICE_FAKE_taylor-to-musk_frag47,1,cc3bdf544cfc09bd9cc788f7f022ba1af9daf701
DeepVoice,DEEPVOICE_FAKE_taylor-to-musk_frag48,DEEPVOICE_FAKE_taylor-to-musk_frag48,1,cc3bdf544cfc09bd9cc788f7f022ba1af9daf701
DeepVoice,DEEPVOICE_FAKE_taylor-to-musk_frag49,DEEPVOICE_FAKE_taylor-to-musk_frag49,1,cc3bdf544cfc09bd9cc788f7f022ba1af9daf701
DeepVoice,DEEPVOICE_FAKE_taylor-to-musk_frag5,DEEPVOICE_FAKE_taylor-to-musk_frag5,1,cc3bdf544cfc09bd9cc788f7f022ba1af9daf701
DeepVoice,DEEPVOICE_FAKE_taylor-to-musk_frag50,DEEPVOICE_FAKE_taylor-to-musk_frag50,1,cc3bdf544cfc09bd9cc788f7f022ba1af9daf701
DeepVoice,DEEPVOICE_FAKE_taylor-to-musk_frag51,DEEPVOICE_FAKE_taylor-to-musk_frag51,1,cc3bdf544cfc09bd9cc788f7f022ba1af9daf701
DeepVoice,DEEPVOICE_FAKE_taylor-to-musk_frag52,DEEPVOICE_FAKE_taylor-to-musk_frag52,1,cc3bdf544cfc09bd9cc788f7f022ba1af9daf701
DeepVoice,DEEPVOICE_FAKE_taylor-to-musk_frag53,DEEPVOICE_FAKE_taylor-to-musk_frag53,1,cc3bdf544cfc09bd9cc788f7f022ba1af9daf701
DeepVoice,DEEPVOICE_FAKE_taylor-to-musk_frag54,DEEPVOICE_FAKE_taylor-to-musk_frag54,1,cc3bdf544cfc09bd9cc788f7f022ba1af9daf701
DeepVoice,DEEPVOICE_FAKE_taylor-to-musk_frag55,DEEPVOICE_FAKE_taylor-to-musk_frag55,1,cc3bdf544cfc09bd9cc788f7f022ba1af9daf701
DeepVoice,DEEPVOICE_FAKE_taylor-to-musk_frag56,DEEPVOICE_FAKE_taylor-to-musk_frag56,1,cc3bdf544cfc09bd9cc788f7f022ba1af9daf701
DeepVoice,DEEPVOICE_FAKE_taylor-to-musk_frag57,DEEPVOICE_FAKE_taylor-to-musk_frag57,1,cc3bdf544cfc09bd9cc788f7f022ba1af9daf701
DeepVoice,DEEPVOICE_FAKE_taylor-to-musk_frag58,DEEPVOICE_FAKE_taylor-to-musk_frag58,1,cc3bdf544cfc09bd9cc788f7f022ba1af9daf701
DeepVoice,DEEPVOICE_FAKE_taylor-to-musk_frag59,DEEPVOICE_FAKE_taylor-to-musk_frag59,1,cc3bdf544cfc09bd9cc788f7f022ba1af9daf701
DeepVoice,DEEPVOICE_FAKE_taylor-to-musk_frag6,DEEPVOICE_FAKE_taylor-to-musk_frag6,1,cc3bdf544cfc09bd9cc788f7f022ba1af9daf701
DeepVoice,DEEPVOICE_FAKE_taylor-to-musk_frag60,DEEPVOICE_FAKE_taylor-to-musk_frag60,1,cc3bdf544cfc09bd9cc788f7f022ba1af9daf701
DeepVoice,DEEPVOICE_FAKE_taylor-to-musk_frag61,DEEPVOICE_FAKE_taylor-to-musk_frag61,1,cc3bdf544cfc09bd9cc788f7f022ba1af9daf701
DeepVoice,DEEPVOICE_FAKE_taylor-to-musk_frag62,DEEPVOICE_FAKE_taylor-to-musk_frag62,1,cc3bdf544cfc09bd9cc788f7f022ba1af9daf701
DeepVoice,DEEPVOICE_FAKE_taylor-to-musk_frag63,DEEPVOICE_FAKE_taylor-to-musk_frag63,1,cc3bdf544cfc09bd9cc788f7f022ba1af9daf701
DeepVoice,DEEPVOICE_FAKE_taylor-to-musk_frag64,DEEPVOICE_FAKE_taylor-to-musk_frag64,1,cc3bdf544cfc09bd9cc788f7f022ba1af9daf701
DeepVoice,DEEPVOICE_FAKE_taylor-to-musk_frag65,DEEPVOICE_FAKE_taylor-to-musk_frag65,1,cc3bdf544cfc09bd9cc788f7f022ba1af9daf701
DeepVoice,DEEPVOICE_FAKE_taylor-to-musk_frag66,DEEPVOICE_FAKE_taylor-to-musk_frag66,1,cc3bdf544cfc09bd9cc788f7f022ba1af9daf701
DeepVoice,DEEPVOICE_FAKE_taylor-to-musk_frag67,DEEPVOICE_FAKE_taylor-to-musk_frag67,1,cc3bdf544cfc09bd9cc788f7f022ba1af9daf701
DeepVoice,DEEPVOICE_FAKE_taylor-to-musk_frag68,DEEPVOICE_FAKE_taylor-to-musk_frag68,1,cc3bdf544cfc09bd9cc788f7f022ba1af9daf701
DeepVoice,DEEPVOICE_FAKE_taylor-to-musk_frag69,DEEPVOICE_FAKE_taylor-to-musk_frag69,1,cc3bdf544cfc09bd9cc788f7f022ba1af9daf701
DeepVoice,DEEPVOICE_FAKE_taylor-to-musk_frag7,DEEPVOICE_FAKE_taylor-to-musk_frag7,1,cc3bdf544cfc09bd9cc788f7f022ba1af9daf701
DeepVoice,DEEPVOICE_FAKE_taylor-to-musk_frag70,DEEPVOICE_FAKE_taylor-to-musk_frag70,1,cc3bdf544cfc09bd9cc788f7f022ba1af9daf701
DeepVoice,DEEPVOICE_FAKE_taylor-to-musk_frag71,DEEPVOICE_FAKE_taylor-to-musk_frag71,1,cc3bdf544cfc09bd9cc788f7f022ba1af9daf701
DeepVoice,DEEPVOICE_FAKE_taylor-to-musk_frag72,DEEPVOICE_FAKE_taylor-to-musk_frag72,1,cc3bdf544cfc09bd9cc788f7f022ba1af9daf701
DeepVoice,DEEPVOICE_FAKE_taylor-to-musk_frag73,DEEPVOICE_FAKE_taylor-to-musk_frag73,1,cc3bdf544cfc09bd9cc788f7f022ba1af9daf701
DeepVoice,DEEPVOICE_FAKE_taylor-to-musk_frag74,DEEPVOICE_FAKE_taylor-to-musk_frag74,1,cc3bdf544cfc09bd9cc788f7f022ba1af9daf701
DeepVoice,DEEPVOICE_FAKE_taylor-to-musk_frag75,DEEPVOICE_FAKE_taylor-to-musk_frag75,1,cc3bdf544cfc09bd9cc788f7f022ba1af9daf701
DeepVoice,DEEPVOICE_FAKE_taylor-to-musk_frag76,DEEPVOICE_FAKE_taylor-to-musk_frag76,1,cc3bdf544cfc09bd9cc788f7f022ba1af9daf701
DeepVoice,DEEPVOICE_FAKE_taylor-to-musk_frag77,DEEPVOICE_FAKE_taylor-to-musk_frag77,1,cc3bdf544cfc09bd9cc788f7f022ba1af9daf701
DeepVoice,DEEPVOICE_FAKE_taylor-to-musk_frag78,DEEPVOICE_FAKE_taylor-to-musk_frag78,1,cc3bdf544cfc09bd9cc788f7f022ba1af9daf701
DeepVoice,DEEPVOICE_FAKE_taylor-to-musk_frag79,DEEPVOICE_FAKE_taylor-to-musk_frag79,1,cc3bdf544cfc09bd9cc788f7f022ba1af9daf701
DeepVoice,DEEPVOICE_FAKE_taylor-to-musk_frag8,DEEPVOICE_FAKE_taylor-to-musk_frag8,1,cc3bdf544cfc09bd9cc788f7f022ba1af9daf701
DeepVoice,DEEPVOICE_FAKE_taylor-to-musk_frag80,DEEPVOICE_FAKE_taylor-to-musk_frag80,1,cc3bdf544cfc09bd9cc788f7f022ba1af9daf701
DeepVoice,DEEPVOICE_FAKE_taylor-to-musk_frag81,DEEPVOICE_FAKE_taylor-to-musk_frag81,1,cc3bdf544cfc09bd9cc788f7f022ba1af9daf701
DeepVoice,DEEPVOICE_FAKE_taylor-to-musk_frag82,DEEPVOICE_FAKE_taylor-to-musk_frag82,1,cc3bdf544cfc09bd9cc788f7f022ba1af9daf701
DeepVoice,DEEPVOICE_FAKE_taylor-to-musk_frag83,DEEPVOICE_FAKE_taylor-to-musk_frag83,1,cc3bdf544cfc09bd9cc788f7f022ba1af9daf701
DeepVoice,DEEPVOICE_FAKE_taylor-to-musk_frag84,DEEPVOICE_FAKE_taylor-to-musk_frag84,1,cc3bdf544cfc09bd9cc788f7f022ba1af9daf701
DeepVoice,DEEPVOICE_FAKE_taylor-to-musk_frag85,DEEPVOICE_FAKE_taylor-to-musk_frag85,1,cc3bdf544cfc09bd9cc788f7f022ba1af9daf701
DeepVoice,DEEPVOICE_FAKE_taylor-to-musk_frag86,DEEPVOICE_FAKE_taylor-to-musk_frag86,1,cc3bdf544cfc09bd9cc788f7f022ba1af9daf701
DeepVoice,DEEPVOICE_FAKE_taylor-to-musk_frag87,DEEPVOICE_FAKE_taylor-to-musk_frag87,1,cc3bdf544cfc09bd9cc788f7f022ba1af9daf701
DeepVoice,DEEPVOICE_FAKE_taylor-to-musk_frag88,DEEPVOICE_FAKE_taylor-to-musk_frag88,1,cc3bdf544cfc09bd9cc788f7f022ba1af9daf701
DeepVoice,DEEPVOICE_FAKE_taylor-to-musk_frag89,DEEPVOICE_FAKE_taylor-to-musk_frag89,1,cc3bdf544cfc09bd9cc788f7f022ba1af9daf701
DeepVoice,DEEPVOICE_FAKE_taylor-to-musk_frag9,DEEPVOICE_FAKE_taylor-to-musk_frag9,1,cc3bdf544cfc09bd9cc788f7f022ba1af9daf701
DeepVoice,DEEPVOICE_FAKE_taylor-to-musk_frag90,DEEPVOICE_FAKE_taylor-to-musk_frag90,1,cc3bdf544cfc09bd9cc788f7f022ba1af9daf701
DeepVoice,DEEPVOICE_FAKE_taylor-to-musk_frag91,DEEPVOICE_FAKE_taylor-to-musk_frag91,1,cc3bdf544cfc09bd9cc788f7f022ba1af9daf701
DeepVoice,DEEPVOICE_FAKE_taylor-to-musk_frag92,DEEPVOICE_FAKE_taylor-to-musk_frag92,1,cc3bdf544cfc09bd9cc788f7f022ba1af9daf701
DeepVoice,DEEPVOICE_FAKE_taylor-to-musk_frag93,DEEPVOICE_FAKE_taylor-to-musk_frag93,1,cc3bdf544cfc09bd9cc788f7f022ba1af9daf701
DeepVoice,DEEPVOICE_FAKE_taylor-to-musk_frag94,DEEPVOICE_FAKE_taylor-to-musk_frag94,1,cc3bdf544cfc09bd9cc788f7f022ba1af9daf701
DeepVoice,DEEPVOICE_FAKE_taylor-to-musk_frag95,DEEPVOICE_FAKE_taylor-to-musk_frag95,1,cc3bdf544cfc09bd9cc788f7f022ba1af9daf701
DeepVoice,DEEPVOICE_FAKE_taylor-to-musk_frag96,DEEPVOICE_FAKE_taylor-to-musk_frag96,1,cc3bdf544cfc09bd9cc788f7f022ba1af9daf701
DeepVoice,DEEPVOICE_FAKE_taylor-to-musk_frag97,DEEPVOICE_FAKE_taylor-to-musk_frag97,1,cc3bdf544cfc09bd9cc788f7f022ba1af9daf701
DeepVoice,DEEPVOICE_FAKE_taylor-to-musk_frag98,DEEPVOICE_FAKE_taylor-to-musk_frag98,1,cc3bdf544cfc09bd9cc788f7f022ba1af9daf701
DeepVoice,DEEPVOICE_FAKE_taylor-to-obama_frag0,DEEPVOICE_FAKE_taylor-to-obama_frag0,1,cc3bdf544cfc09bd9cc788f7f022ba1af9daf701
DeepVoice,DEEPVOICE_FAKE_taylor-to-obama_frag1,DEEPVOICE_FAKE_taylor-to-obama_frag1,1,cc3bdf544cfc09bd9cc788f7f022ba1af9daf701
DeepVoice,DEEPVOICE_FAKE_taylor-to-obama_frag10,DEEPVOICE_FAKE_taylor-to-obama_frag10,1,cc3bdf544cfc09bd9cc788f7f022ba1af9daf701
DeepVoice,DEEPVOICE_FAKE_taylor-to-obama_frag100,DEEPVOICE_FAKE_taylor-to-obama_frag100,1,cc3bdf544cfc09bd9cc788f7f022ba1af9daf701
DeepVoice,DEEPVOICE_FAKE_taylor-to-obama_frag101,DEEPVOICE_FAKE_taylor-to-obama_frag101,1,cc3bdf544cfc09bd9cc788f7f022ba1af9daf701
DeepVoice,DEEPVOICE_FAKE_taylor-to-obama_frag11,DEEPVOICE_FAKE_taylor-to-obama_frag11,1,cc3bdf544cfc09bd9cc788f7f022ba1af9daf701
DeepVoice,DEEPVOICE_FAKE_taylor-to-obama_frag12,DEEPVOICE_FAKE_taylor-to-obama_frag12,1,cc3bdf544cfc09bd9cc788f7f022ba1af9daf701
DeepVoice,DEEPVOICE_FAKE_taylor-to-obama_frag13,DEEPVOICE_FAKE_taylor-to-obama_frag13,1,cc3bdf544cfc09bd9cc788f7f022ba1af9daf701
DeepVoice,DEEPVOICE_FAKE_taylor-to-obama_frag14,DEEPVOICE_FAKE_taylor-to-obama_frag14,1,cc3bdf544cfc09bd9cc788f7f022ba1af9daf701
DeepVoice,DEEPVOICE_FAKE_taylor-to-obama_frag15,DEEPVOICE_FAKE_taylor-to-obama_frag15,1,cc3bdf544cfc09bd9cc788f7f022ba1af9daf701
DeepVoice,DEEPVOICE_FAKE_taylor-to-obama_frag16,DEEPVOICE_FAKE_taylor-to-obama_frag16,1,cc3bdf544cfc09bd9cc788f7f022ba1af9daf701
DeepVoice,DEEPVOICE_FAKE_taylor-to-obama_frag17,DEEPVOICE_FAKE_taylor-to-obama_frag17,1,cc3bdf544cfc09bd9cc788f7f022ba1af9daf701
DeepVoice,DEEPVOICE_FAKE_taylor-to-obama_frag18,DEEPVOICE_FAKE_taylor-to-obama_frag18,1,cc3bdf544cfc09bd9cc788f7f022ba1af9daf701
DeepVoice,DEEPVOICE_FAKE_taylor-to-obama_frag19,DEEPVOICE_FAKE_taylor-to-obama_frag19,1,cc3bdf544cfc09bd9cc788f7f022ba1af9daf701
DeepVoice,DEEPVOICE_FAKE_taylor-to-obama_frag2,DEEPVOICE_FAKE_taylor-to-obama_frag2,1,cc3bdf544cfc09bd9cc788f7f022ba1af9daf701
DeepVoice,DEEPVOICE_FAKE_taylor-to-obama_frag20,DEEPVOICE_FAKE_taylor-to-obama_frag20,1,cc3bdf544cfc09bd9cc788f7f022ba1af9daf701
DeepVoice,DEEPVOICE_FAKE_taylor-to-obama_frag21,DEEPVOICE_FAKE_taylor-to-obama_frag21,1,cc3bdf544cfc09bd9cc788f7f022ba1af9daf701
DeepVoice,DEEPVOICE_FAKE_taylor-to-obama_frag22,DEEPVOICE_FAKE_taylor-to-obama_frag22,1,cc3bdf544cfc09bd9cc788f7f022ba1af9daf701
DeepVoice,DEEPVOICE_FAKE_taylor-to-obama_frag23,DEEPVOICE_FAKE_taylor-to-obama_frag23,1,cc3bdf544cfc09bd9cc788f7f022ba1af9daf701
DeepVoice,DEEPVOICE_FAKE_taylor-to-obama_frag24,DEEPVOICE_FAKE_taylor-to-obama_frag24,1,cc3bdf544cfc09bd9cc788f7f022ba1af9daf701
DeepVoice,DEEPVOICE_FAKE_taylor-to-obama_frag25,DEEPVOICE_FAKE_taylor-to-obama_frag25,1,cc3bdf544cfc09bd9cc788f7f022ba1af9daf701
DeepVoice,DEEPVOICE_FAKE_taylor-to-obama_frag26,DEEPVOICE_FAKE_taylor-to-obama_frag26,1,cc3bdf544cfc09bd9cc788f7f022ba1af9daf701
DeepVoice,DEEPVOICE_FAKE_taylor-to-obama_frag27,DEEPVOICE_FAKE_taylor-to-obama_frag27,1,cc3bdf544cfc09bd9cc788f7f022ba1af9daf701
DeepVoice,DEEPVOICE_FAKE_taylor-to-obama_frag28,DEEPVOICE_FAKE_taylor-to-obama_frag28,1,cc3bdf544cfc09bd9cc788f7f022ba1af9daf701
DeepVoice,DEEPVOICE_FAKE_taylor-to-obama_frag29,DEEPVOICE_FAKE_taylor-to-obama_frag29,1,cc3bdf544cfc09bd9cc788f7f022ba1af9daf701
DeepVoice,DEEPVOICE_FAKE_taylor-to-obama_frag3,DEEPVOICE_FAKE_taylor-to-obama_frag3,1,cc3bdf544cfc09bd9cc788f7f022ba1af9daf701
DeepVoice,DEEPVOICE_FAKE_taylor-to-obama_frag30,DEEPVOICE_FAKE_taylor-to-obama_frag30,1,cc3bdf544cfc09bd9cc788f7f022ba1af9daf701
DeepVoice,DEEPVOICE_FAKE_taylor-to-obama_frag31,DEEPVOICE_FAKE_taylor-to-obama_frag31,1,cc3bdf544cfc09bd9cc788f7f022ba1af9daf701
DeepVoice,DEEPVOICE_FAKE_taylor-to-obama_frag32,DEEPVOICE_FAKE_taylor-to-obama_frag32,1,cc3bdf544cfc09bd9cc788f7f022ba1af9daf701
DeepVoice,DEEPVOICE_FAKE_taylor-to-obama_frag33,DEEPVOICE_FAKE_taylor-to-obama_frag33,1,cc3bdf544cfc09bd9cc788f7f022ba1af9daf701
DeepVoice,DEEPVOICE_FAKE_taylor-to-obama_frag34,DEEPVOICE_FAKE_taylor-to-obama_frag34,1,cc3bdf544cfc09bd9cc788f7f022ba1af9daf701
DeepVoice,DEEPVOICE_FAKE_taylor-to-obama_frag35,DEEPVOICE_FAKE_taylor-to-obama_frag35,1,cc3bdf544cfc09bd9cc788f7f022ba1af9daf701
DeepVoice,DEEPVOICE_FAKE_taylor-to-obama_frag36,DEEPVOICE_FAKE_taylor-to-obama_frag36,1,cc3bdf544cfc09bd9cc788f7f022ba1af9daf701
DeepVoice,DEEPVOICE_FAKE_taylor-to-obama_frag37,DEEPVOICE_FAKE_taylor-to-obama_frag37,1,cc3bdf544cfc09bd9cc788f7f022ba1af9daf701
DeepVoice,DEEPVOICE_FAKE_taylor-to-obama_frag38,DEEPVOICE_FAKE_taylor-to-obama_frag38,1,cc3bdf544cfc09bd9cc788f7f022ba1af9daf701
DeepVoice,DEEPVOICE_FAKE_taylor-to-obama_frag39,DEEPVOICE_FAKE_taylor-to-obama_frag39,1,cc3bdf544cfc09bd9cc788f7f022ba1af9daf701
DeepVoice,DEEPVOICE_FAKE_taylor-to-obama_frag4,DEEPVOICE_FAKE_taylor-to-obama_frag4,1,cc3bdf544cfc09bd9cc788f7f022ba1af9daf701
DeepVoice,DEEPVOICE_FAKE_taylor-to-obama_frag40,DEEPVOICE_FAKE_taylor-to-obama_frag40,1,cc3bdf544cfc09bd9cc788f7f022ba1af9daf701
DeepVoice,DEEPVOICE_FAKE_taylor-to-obama_frag41,DEEPVOICE_FAKE_taylor-to-obama_frag41,1,cc3bdf544cfc09bd9cc788f7f022ba1af9daf701
DeepVoice,DEEPVOICE_FAKE_taylor-to-obama_frag42,DEEPVOICE_FAKE_taylor-to-obama_frag42,1,cc3bdf544cfc09bd9cc788f7f022ba1af9daf701
DeepVoice,DEEPVOICE_FAKE_taylor-to-obama_frag43,DEEPVOICE_FAKE_taylor-to-obama_frag43,1,cc3bdf544cfc09bd9cc788f7f022ba1af9daf701
DeepVoice,DEEPVOICE_FAKE_taylor-to-obama_frag44,DEEPVOICE_FAKE_taylor-to-obama_frag44,1,cc3bdf544cfc09bd9cc788f7f022ba1af9daf701
DeepVoice,DEEPVOICE_FAKE_taylor-to-obama_frag45,DEEPVOICE_FAKE_taylor-to-obama_frag45,1,cc3bdf544cfc09bd9cc788f7f022ba1af9daf701
DeepVoice,DEEPVOICE_FAKE_taylor-to-obama_frag46,DEEPVOICE_FAKE_taylor-to-obama_frag46,1,cc3bdf544cfc09bd9cc788f7f022ba1af9daf701
DeepVoice,DEEPVOICE_FAKE_taylor-to-obama_frag47,DEEPVOICE_FAKE_taylor-to-obama_frag47,1,cc3bdf544cfc09bd9cc788f7f022ba1af9daf701
DeepVoice,DEEPVOICE_FAKE_taylor-to-obama_frag48,DEEPVOICE_FAKE_taylor-to-obama_frag48,1,cc3bdf544cfc09bd9cc788f7f022ba1af9daf701
DeepVoice,DEEPVOICE_FAKE_taylor-to-obama_frag49,DEEPVOICE_FAKE_taylor-to-obama_frag49,1,cc3bdf544cfc09bd9cc788f7f022ba1af9daf701
DeepVoice,DEEPVOICE_FAKE_taylor-to-obama_frag5,DEEPVOICE_FAKE_taylor-to-obama_frag5,1,cc3bdf544cfc09bd9cc788f7f022ba1af9daf701
DeepVoice,DEEPVOICE_FAKE_taylor-to-obama_frag50,DEEPVOICE_FAKE_taylor-to-obama_frag50,1,cc3bdf544cfc09bd9cc788f7f022ba1af9daf701
DeepVoice,DEEPVOICE_FAKE_taylor-to-obama_frag51,DEEPVOICE_FAKE_taylor-to-obama_frag51,1,cc3bdf544cfc09bd9cc788f7f022ba1af9daf701
DeepVoice,DEEPVOICE_FAKE_taylor-to-obama_frag52,DEEPVOICE_FAKE_taylor-to-obama_frag52,1,cc3bdf544cfc09bd9cc788f7f022ba1af9daf701
DeepVoice,DEEPVOICE_FAKE_taylor-to-obama_frag53,DEEPVOICE_FAKE_taylor-to-obama_frag53,1,cc3bdf544cfc09bd9cc788f7f022ba1af9daf701
DeepVoice,DEEPVOICE_FAKE_taylor-to-obama_frag54,DEEPVOICE_FAKE_taylor-to-obama_frag54,1,cc3bdf544cfc09bd9cc788f7f022ba1af9daf701
DeepVoice,DEEPVOICE_FAKE_taylor-to-obama_frag55,DEEPVOICE_FAKE_taylor-to-obama_frag55,1,cc3bdf544cfc09bd9cc788f7f022ba1af9daf701
DeepVoice,DEEPVOICE_FAKE_taylor-to-obama_frag56,DEEPVOICE_FAKE_taylor-to-obama_frag56,1,cc3bdf544cfc09bd9cc788f7f022ba1af9daf701
DeepVoice,DEEPVOICE_FAKE_taylor-to-obama_frag57,DEEPVOICE_FAKE_taylor-to-obama_frag57,1,cc3bdf544cfc09bd9cc788f7f022ba1af9daf701
DeepVoice,DEEPVOICE_FAKE_taylor-to-obama_frag58,DEEPVOICE_FAKE_taylor-to-obama_frag58,1,cc3bdf544cfc09bd9cc788f7f022ba1af9daf701
DeepVoice,DEEPVOICE_FAKE_taylor-to-obama_frag59,DEEPVOICE_FAKE_taylor-to-obama_frag59,1,cc3bdf544cfc09bd9cc788f7f022ba1af9daf701
DeepVoice,DEEPVOICE_FAKE_taylor-to-obama_frag6,DEEPVOICE_FAKE_taylor-to-obama_frag6,1,cc3bdf544cfc09bd9cc788f7f022ba1af9daf701
DeepVoice,DEEPVOICE_FAKE_taylor-to-obama_frag60,DEEPVOICE_FAKE_taylor-to-obama_frag60,1,cc3bdf544cfc09bd9cc788f7f022ba1af9daf701
DeepVoice,DEEPVOICE_FAKE_taylor-to-obama_frag61,DEEPVOICE_FAKE_taylor-to-obama_frag61,1,cc3bdf544cfc09bd9cc788f7f022ba1af9daf701
DeepVoice,DEEPVOICE_FAKE_taylor-to-obama_frag62,DEEPVOICE_FAKE_taylor-to-obama_frag62,1,cc3bdf544cfc09bd9cc788f7f022ba1af9daf701
DeepVoice,DEEPVOICE_FAKE_taylor-to-obama_frag63,DEEPVOICE_FAKE_taylor-to-obama_frag63,1,cc3bdf544cfc09bd9cc788f7f022ba1af9daf701
DeepVoice,DEEPVOICE_FAKE_taylor-to-obama_frag64,DEEPVOICE_FAKE_taylor-to-obama_frag64,1,cc3bdf544cfc09bd9cc788f7f022ba1af9daf701
DeepVoice,DEEPVOICE_FAKE_taylor-to-obama_frag65,DEEPVOICE_FAKE_taylor-to-obama_frag65,1,cc3bdf544cfc09bd9cc788f7f022ba1af9daf701
DeepVoice,DEEPVOICE_FAKE_taylor-to-obama_frag66,DEEPVOICE_FAKE_taylor-to-obama_frag66,1,cc3bdf544cfc09bd9cc788f7f022ba1af9daf701
DeepVoice,DEEPVOICE_FAKE_taylor-to-obama_frag67,DEEPVOICE_FAKE_taylor-to-obama_frag67,1,cc3bdf544cfc09bd9cc788f7f022ba1af9daf701
DeepVoice,DEEPVOICE_FAKE_taylor-to-obama_frag68,DEEPVOICE_FAKE_taylor-to-obama_frag68,1,cc3bdf544cfc09bd9cc788f7f022ba1af9daf701
DeepVoice,DEEPVOICE_FAKE_taylor-to-obama_frag69,DEEPVOICE_FAKE_taylor-to-obama_frag69,1,cc3bdf544cfc09bd9cc788f7f022ba1af9daf701
DeepVoice,DEEPVOICE_FAKE_taylor-to-obama_frag7,DEEPVOICE_FAKE_taylor-to-obama_frag7,1,cc3bdf544cfc09bd9cc788f7f022ba1af9daf701
DeepVoice,DEEPVOICE_FAKE_taylor-to-obama_frag70,DEEPVOICE_FAKE_taylor-to-obama_frag70,1,cc3bdf544cfc09bd9cc788f7f022ba1af9daf701
DeepVoice,DEEPVOICE_FAKE_taylor-to-obama_frag71,DEEPVOICE_FAKE_taylor-to-obama_frag71,1,cc3bdf544cfc09bd9cc788f7f022ba1af9daf701
DeepVoice,DEEPVOICE_FAKE_taylor-to-obama_frag72,DEEPVOICE_FAKE_taylor-to-obama_frag72,1,cc3bdf544cfc09bd9cc788f7f022ba1af9daf701
DeepVoice,DEEPVOICE_FAKE_taylor-to-obama_frag73,DEEPVOICE_FAKE_taylor-to-obama_frag73,1,cc3bdf544cfc09bd9cc788f7f022ba1af9daf701
DeepVoice,DEEPVOICE_FAKE_taylor-to-obama_frag74,DEEPVOICE_FAKE_taylor-to-obama_frag74,1,cc3bdf544cfc09bd9cc788f7f022ba1af9daf701
DeepVoice,DEEPVOICE_FAKE_taylor-to-obama_frag75,DEEPVOICE_FAKE_taylor-to-obama_frag75,1,cc3bdf544cfc09bd9cc788f7f022ba1af9daf701
DeepVoice,DEEPVOICE_FAKE_taylor-to-obama_frag76,DEEPVOICE_FAKE_taylor-to-obama_frag76,1,cc3bdf544cfc09bd9cc788f7f022ba1af9daf701
DeepVoice,DEEPVOICE_FAKE_taylor-to-obama_frag77,DEEPVOICE_FAKE_taylor-to-obama_frag77,1,cc3bdf544cfc09bd9cc788f7f022ba1af9daf701
DeepVoice,DEEPVOICE_FAKE_taylor-to-obama_frag78,DEEPVOICE_FAKE_taylor-to-obama_frag78,1,cc3bdf544cfc09bd9cc788f7f022ba1af9daf701
DeepVoice,DEEPVOICE_FAKE_taylor-to-obama_frag79,DEEPVOICE_FAKE_taylor-to-obama_frag79,1,cc3bdf544cfc09bd9cc788f7f022ba1af9daf701
DeepVoice,DEEPVOICE_FAKE_taylor-to-obama_frag8,DEEPVOICE_FAKE_taylor-to-obama_frag8,1,cc3bdf544cfc09bd9cc788f7f022ba1af9daf701
DeepVoice,DEEPVOICE_FAKE_taylor-to-obama_frag80,DEEPVOICE_FAKE_taylor-to-obama_frag80,1,cc3bdf544cfc09bd9cc788f7f022ba1af9daf701
DeepVoice,DEEPVOICE_FAKE_taylor-to-obama_frag81,DEEPVOICE_FAKE_taylor-to-obama_frag81,1,cc3bdf544cfc09bd9cc788f7f022ba1af9daf701
DeepVoice,DEEPVOICE_FAKE_taylor-to-obama_frag82,DEEPVOICE_FAKE_taylor-to-obama_frag82,1,cc3bdf544cfc09bd9cc788f7f022ba1af9daf701
DeepVoice,DEEPVOICE_FAKE_taylor-to-obama_frag83,DEEPVOICE_FAKE_taylor-to-obama_frag83,1,cc3bdf544cfc09bd9cc788f7f022ba1af9daf701
DeepVoice,DEEPVOICE_FAKE_taylor-to-obama_frag84,DEEPVOICE_FAKE_taylor-to-obama_frag84,1,cc3bdf544cfc09bd9cc788f7f022ba1af9daf701
DeepVoice,DEEPVOICE_FAKE_taylor-to-obama_frag85,DEEPVOICE_FAKE_taylor-to-obama_frag85,1,cc3bdf544cfc09bd9cc788f7f022ba1af9daf701
DeepVoice,DEEPVOICE_FAKE_taylor-to-obama_frag86,DEEPVOICE_FAKE_taylor-to-obama_frag86,1,cc3bdf544cfc09bd9cc788f7f022ba1af9daf701
DeepVoice,DEEPVOICE_FAKE_taylor-to-obama_frag87,DEEPVOICE_FAKE_taylor-to-obama_frag87,1,cc3bdf544cfc09bd9cc788f7f022ba1af9daf701
DeepVoice,DEEPVOICE_FAKE_taylor-to-obama_frag88,DEEPVOICE_FAKE_taylor-to-obama_frag88,1,cc3bdf544cfc09bd9cc788f7f022ba1af9daf701
DeepVoice,DEEPVOICE_FAKE_taylor-to-obama_frag89,DEEPVOICE_FAKE_taylor-to-obama_frag89,1,cc3bdf544cfc09bd9cc788f7f022ba1af9daf701
DeepVoice,DEEPVOICE_FAKE_taylor-to-obama_frag9,DEEPVOICE_FAKE_taylor-to-obama_frag9,1,cc3bdf544cfc09bd9cc788f7f022ba1af9daf701
DeepVoice,DEEPVOICE_FAKE_taylor-to-obama_frag90,DEEPVOICE_FAKE_taylor-to-obama_frag90,1,cc3bdf544cfc09bd9cc788f7f022ba1af9daf701
DeepVoice,DEEPVOICE_FAKE_taylor-to-obama_frag91,DEEPVOICE_FAKE_taylor-to-obama_frag91,1,cc3bdf544cfc09bd9cc788f7f022ba1af9daf701
DeepVoice,DEEPVOICE_FAKE_taylor-to-obama_frag92,DEEPVOICE_FAKE_taylor-to-obama_frag92,1,cc3bdf544cfc09bd9cc788f7f022ba1af9daf701
DeepVoice,DEEPVOICE_FAKE_taylor-to-obama_frag93,DEEPVOICE_FAKE_taylor-to-obama_frag93,1,cc3bdf544cfc09bd9cc788f7f022ba1af9daf701
DeepVoice,DEEPVOICE_FAKE_taylor-to-obama_frag94,DEEPVOICE_FAKE_taylor-to-obama_frag94,1,cc3bdf544cfc09bd9cc788f7f022ba1af9daf701
DeepVoice,DEEPVOICE_FAKE_taylor-to-obama_frag95,DEEPVOICE_FAKE_taylor-to-obama_frag95,1,cc3bdf544cfc09bd9cc788f7f022ba1af9daf701
DeepVoice,DEEPVOICE_FAKE_taylor-to-obama_frag96,DEEPVOICE_FAKE_taylor-to-obama_frag96,1,cc3bdf544cfc09bd9cc788f7f022ba1af9daf701
DeepVoice,DEEPVOICE_FAKE_taylor-to-obama_frag97,DEEPVOICE_FAKE_taylor-to-obama_frag97,1,cc3bdf544cfc09bd9cc788f7f022ba1af9daf701
DeepVoice,DEEPVOICE_FAKE_taylor-to-obama_frag98,DEEPVOICE_FAKE_taylor-to-obama_frag98,1,cc3bdf544cfc09bd9cc788f7f022ba1af9daf701
DeepVoice,DEEPVOICE_FAKE_taylor-to-obama_frag99,DEEPVOICE_FAKE_taylor-to-obama_frag99,1,cc3bdf544cfc09bd9cc788f7f022ba1af9daf701
DeepVoice,DEEPVOICE_FAKE_taylor-to-ryan_frag0,DEEPVOICE_FAKE_taylor-to-ryan_frag0,1,cc3bdf544cfc09bd9cc788f7f022ba1af9daf701
DeepVoice,DEEPVOICE_FAKE_taylor-to-ryan_frag1,DEEPVOICE_FAKE_taylor-to-ryan_frag1,1,cc3bdf544cfc09bd9cc788f7f022ba1af9daf701
DeepVoice,DEEPVOICE_FAKE_taylor-to-ryan_frag10,DEEPVOICE_FAKE_taylor-to-ryan_frag10,1,cc3bdf544cfc09bd9cc788f7f022ba1af9daf701
DeepVoice,DEEPVOICE_FAKE_taylor-to-ryan_frag100,DEEPVOICE_FAKE_taylor-to-ryan_frag100,1,cc3bdf544cfc09bd9cc788f7f022ba1af9daf701
DeepVoice,DEEPVOICE_FAKE_taylor-to-ryan_frag101,DEEPVOICE_FAKE_taylor-to-ryan_frag101,1,cc3bdf544cfc09bd9cc788f7f022ba1af9daf701
DeepVoice,DEEPVOICE_FAKE_taylor-to-ryan_frag11,DEEPVOICE_FAKE_taylor-to-ryan_frag11,1,cc3bdf544cfc09bd9cc788f7f022ba1af9daf701
DeepVoice,DEEPVOICE_FAKE_taylor-to-ryan_frag12,DEEPVOICE_FAKE_taylor-to-ryan_frag12,1,cc3bdf544cfc09bd9cc788f7f022ba1af9daf701
DeepVoice,DEEPVOICE_FAKE_taylor-to-ryan_frag13,DEEPVOICE_FAKE_taylor-to-ryan_frag13,1,cc3bdf544cfc09bd9cc788f7f022ba1af9daf701
DeepVoice,DEEPVOICE_FAKE_taylor-to-ryan_frag14,DEEPVOICE_FAKE_taylor-to-ryan_frag14,1,cc3bdf544cfc09bd9cc788f7f022ba1af9daf701
DeepVoice,DEEPVOICE_FAKE_taylor-to-ryan_frag15,DEEPVOICE_FAKE_taylor-to-ryan_frag15,1,cc3bdf544cfc09bd9cc788f7f022ba1af9daf701
DeepVoice,DEEPVOICE_FAKE_taylor-to-ryan_frag16,DEEPVOICE_FAKE_taylor-to-ryan_frag16,1,cc3bdf544cfc09bd9cc788f7f022ba1af9daf701
DeepVoice,DEEPVOICE_FAKE_taylor-to-ryan_frag17,DEEPVOICE_FAKE_taylor-to-ryan_frag17,1,cc3bdf544cfc09bd9cc788f7f022ba1af9daf701
DeepVoice,DEEPVOICE_FAKE_taylor-to-ryan_frag18,DEEPVOICE_FAKE_taylor-to-ryan_frag18,1,cc3bdf544cfc09bd9cc788f7f022ba1af9daf701
DeepVoice,DEEPVOICE_FAKE_taylor-to-ryan_frag19,DEEPVOICE_FAKE_taylor-to-ryan_frag19,1,cc3bdf544cfc09bd9cc788f7f022ba1af9daf701
DeepVoice,DEEPVOICE_FAKE_taylor-to-ryan_frag2,DEEPVOICE_FAKE_taylor-to-ryan_frag2,1,cc3bdf544cfc09bd9cc788f7f022ba1af9daf701
DeepVoice,DEEPVOICE_FAKE_taylor-to-ryan_frag20,DEEPVOICE_FAKE_taylor-to-ryan_frag20,1,cc3bdf544cfc09bd9cc788f7f022ba1af9daf701
DeepVoice,DEEPVOICE_FAKE_taylor-to-ryan_frag21,DEEPVOICE_FAKE_taylor-to-ryan_frag21,1,cc3bdf544cfc09bd9cc788f7f022ba1af9daf701
DeepVoice,DEEPVOICE_FAKE_taylor-to-ryan_frag22,DEEPVOICE_FAKE_taylor-to-ryan_frag22,1,cc3bdf544cfc09bd9cc788f7f022ba1af9daf701
DeepVoice,DEEPVOICE_FAKE_taylor-to-ryan_frag23,DEEPVOICE_FAKE_taylor-to-ryan_frag23,1,cc3bdf544cfc09bd9cc788f7f022ba1af9daf701
DeepVoice,DEEPVOICE_FAKE_taylor-to-ryan_frag24,DEEPVOICE_FAKE_taylor-to-ryan_frag24,1,cc3bdf544cfc09bd9cc788f7f022ba1af9daf701
DeepVoice,DEEPVOICE_FAKE_taylor-to-ryan_frag25,DEEPVOICE_FAKE_taylor-to-ryan_frag25,1,cc3bdf544cfc09bd9cc788f7f022ba1af9daf701
DeepVoice,DEEPVOICE_FAKE_taylor-to-ryan_frag26,DEEPVOICE_FAKE_taylor-to-ryan_frag26,1,cc3bdf544cfc09bd9cc788f7f022ba1af9daf701
DeepVoice,DEEPVOICE_FAKE_taylor-to-ryan_frag27,DEEPVOICE_FAKE_taylor-to-ryan_frag27,1,cc3bdf544cfc09bd9cc788f7f022ba1af9daf701
DeepVoice,DEEPVOICE_FAKE_taylor-to-ryan_frag28,DEEPVOICE_FAKE_taylor-to-ryan_frag28,1,cc3bdf544cfc09bd9cc788f7f022ba1af9daf701
DeepVoice,DEEPVOICE_FAKE_taylor-to-ryan_frag29,DEEPVOICE_FAKE_taylor-to-ryan_frag29,1,cc3bdf544cfc09bd9cc788f7f022ba1af9daf701
DeepVoice,DEEPVOICE_FAKE_taylor-to-ryan_frag3,DEEPVOICE_FAKE_taylor-to-ryan_frag3,1,cc3bdf544cfc09bd9cc788f7f022ba1af9daf701
DeepVoice,DEEPVOICE_FAKE_taylor-to-ryan_frag30,DEEPVOICE_FAKE_taylor-to-ryan_frag30,1,cc3bdf544cfc09bd9cc788f7f022ba1af9daf701
DeepVoice,DEEPVOICE_FAKE_taylor-to-ryan_frag31,DEEPVOICE_FAKE_taylor-to-ryan_frag31,1,cc3bdf544cfc09bd9cc788f7f022ba1af9daf701
DeepVoice,DEEPVOICE_FAKE_taylor-to-ryan_frag32,DEEPVOICE_FAKE_taylor-to-ryan_frag32,1,cc3bdf544cfc09bd9cc788f7f022ba1af9daf701
DeepVoice,DEEPVOICE_FAKE_taylor-to-ryan_frag33,DEEPVOICE_FAKE_taylor-to-ryan_frag33,1,cc3bdf544cfc09bd9cc788f7f022ba1af9daf701
DeepVoice,DEEPVOICE_FAKE_taylor-to-ryan_frag34,DEEPVOICE_FAKE_taylor-to-ryan_frag34,1,cc3bdf544cfc09bd9cc788f7f022ba1af9daf701
DeepVoice,DEEPVOICE_FAKE_taylor-to-ryan_frag35,DEEPVOICE_FAKE_taylor-to-ryan_frag35,1,cc3bdf544cfc09bd9cc788f7f022ba1af9daf701
DeepVoice,DEEPVOICE_FAKE_taylor-to-ryan_frag36,DEEPVOICE_FAKE_taylor-to-ryan_frag36,1,cc3bdf544cfc09bd9cc788f7f022ba1af9daf701
DeepVoice,DEEPVOICE_FAKE_taylor-to-ryan_frag37,DEEPVOICE_FAKE_taylor-to-ryan_frag37,1,cc3bdf544cfc09bd9cc788f7f022ba1af9daf701
DeepVoice,DEEPVOICE_FAKE_taylor-to-ryan_frag38,DEEPVOICE_FAKE_taylor-to-ryan_frag38,1,cc3bdf544cfc09bd9cc788f7f022ba1af9daf701
DeepVoice,DEEPVOICE_FAKE_taylor-to-ryan_frag39,DEEPVOICE_FAKE_taylor-to-ryan_frag39,1,cc3bdf544cfc09bd9cc788f7f022ba1af9daf701
DeepVoice,DEEPVOICE_FAKE_taylor-to-ryan_frag4,DEEPVOICE_FAKE_taylor-to-ryan_frag4,1,cc3bdf544cfc09bd9cc788f7f022ba1af9daf701
DeepVoice,DEEPVOICE_FAKE_taylor-to-ryan_frag40,DEEPVOICE_FAKE_taylor-to-ryan_frag40,1,cc3bdf544cfc09bd9cc788f7f022ba1af9daf701
DeepVoice,DEEPVOICE_FAKE_taylor-to-ryan_frag41,DEEPVOICE_FAKE_taylor-to-ryan_frag41,1,cc3bdf544cfc09bd9cc788f7f022ba1af9daf701
DeepVoice,DEEPVOICE_FAKE_taylor-to-ryan_frag42,DEEPVOICE_FAKE_taylor-to-ryan_frag42,1,cc3bdf544cfc09bd9cc788f7f022ba1af9daf701
DeepVoice,DEEPVOICE_FAKE_taylor-to-ryan_frag43,DEEPVOICE_FAKE_taylor-to-ryan_frag43,1,cc3bdf544cfc09bd9cc788f7f022ba1af9daf701
DeepVoice,DEEPVOICE_FAKE_taylor-to-ryan_frag44,DEEPVOICE_FAKE_taylor-to-ryan_frag44,1,cc3bdf544cfc09bd9cc788f7f022ba1af9daf701
DeepVoice,DEEPVOICE_FAKE_taylor-to-ryan_frag45,DEEPVOICE_FAKE_taylor-to-ryan_frag45,1,cc3bdf544cfc09bd9cc788f7f022ba1af9daf701
DeepVoice,DEEPVOICE_FAKE_taylor-to-ryan_frag46,DEEPVOICE_FAKE_taylor-to-ryan_frag46,1,cc3bdf544cfc09bd9cc788f7f022ba1af9daf701
DeepVoice,DEEPVOICE_FAKE_taylor-to-ryan_frag47,DEEPVOICE_FAKE_taylor-to-ryan_frag47,1,cc3bdf544cfc09bd9cc788f7f022ba1af9daf701
DeepVoice,DEEPVOICE_FAKE_taylor-to-ryan_frag48,DEEPVOICE_FAKE_taylor-to-ryan_frag48,1,cc3bdf544cfc09bd9cc788f7f022ba1af9daf701
DeepVoice,DEEPVOICE_FAKE_taylor-to-ryan_frag49,DEEPVOICE_FAKE_taylor-to-ryan_frag49,1,cc3bdf544cfc09bd9cc788f7f022ba1af9daf701
DeepVoice,DEEPVOICE_FAKE_taylor-to-ryan_frag5,DEEPVOICE_FAKE_taylor-to-ryan_frag5,1,cc3bdf544cfc09bd9cc788f7f022ba1af9daf701
DeepVoice,DEEPVOICE_FAKE_taylor-to-ryan_frag50,DEEPVOICE_FAKE_taylor-to-ryan_frag50,1,cc3bdf544cfc09bd9cc788f7f022ba1af9daf701
DeepVoice,DEEPVOICE_FAKE_taylor-to-ryan_frag51,DEEPVOICE_FAKE_taylor-to-ryan_frag51,1,cc3bdf544cfc09bd9cc788f7f022ba1af9daf701
DeepVoice,DEEPVOICE_FAKE_taylor-to-ryan_frag52,DEEPVOICE_FAKE_taylor-to-ryan_frag52,1,cc3bdf544cfc09bd9cc788f7f022ba1af9daf701
DeepVoice,DEEPVOICE_FAKE_taylor-to-ryan_frag53,DEEPVOICE_FAKE_taylor-to-ryan_frag53,1,cc3bdf544cfc09bd9cc788f7f022ba1af9daf701
DeepVoice,DEEPVOICE_FAKE_taylor-to-ryan_frag54,DEEPVOICE_FAKE_taylor-to-ryan_frag54,1,cc3bdf544cfc09bd9cc788f7f022ba1af9daf701
DeepVoice,DEEPVOICE_FAKE_taylor-to-ryan_frag55,DEEPVOICE_FAKE_taylor-to-ryan_frag55,1,cc3bdf544cfc09bd9cc788f7f022ba1af9daf701
DeepVoice,DEEPVOICE_FAKE_taylor-to-ryan_frag56,DEEPVOICE_FAKE_taylor-to-ryan_frag56,1,cc3bdf544cfc09bd9cc788f7f022ba1af9daf701
DeepVoice,DEEPVOICE_FAKE_taylor-to-ryan_frag57,DEEPVOICE_FAKE_taylor-to-ryan_frag57,1,cc3bdf544cfc09bd9cc788f7f022ba1af9daf701
DeepVoice,DEEPVOICE_FAKE_taylor-to-ryan_frag58,DEEPVOICE_FAKE_taylor-to-ryan_frag58,1,cc3bdf544cfc09bd9cc788f7f022ba1af9daf701
DeepVoice,DEEPVOICE_FAKE_taylor-to-ryan_frag59,DEEPVOICE_FAKE_taylor-to-ryan_frag59,1,cc3bdf544cfc09bd9cc788f7f022ba1af9daf701
DeepVoice,DEEPVOICE_FAKE_taylor-to-ryan_frag6,DEEPVOICE_FAKE_taylor-to-ryan_frag6,1,cc3bdf544cfc09bd9cc788f7f022ba1af9daf701
DeepVoice,DEEPVOICE_FAKE_taylor-to-ryan_frag60,DEEPVOICE_FAKE_taylor-to-ryan_frag60,1,cc3bdf544cfc09bd9cc788f7f022ba1af9daf701
DeepVoice,DEEPVOICE_FAKE_taylor-to-ryan_frag61,DEEPVOICE_FAKE_taylor-to-ryan_frag61,1,cc3bdf544cfc09bd9cc788f7f022ba1af9daf701
DeepVoice,DEEPVOICE_FAKE_taylor-to-ryan_frag62,DEEPVOICE_FAKE_taylor-to-ryan_frag62,1,cc3bdf544cfc09bd9cc788f7f022ba1af9daf701
DeepVoice,DEEPVOICE_FAKE_taylor-to-ryan_frag63,DEEPVOICE_FAKE_taylor-to-ryan_frag63,1,cc3bdf544cfc09bd9cc788f7f022ba1af9daf701
DeepVoice,DEEPVOICE_FAKE_taylor-to-ryan_frag64,DEEPVOICE_FAKE_taylor-to-ryan_frag64,1,cc3bdf544cfc09bd9cc788f7f022ba1af9daf701
DeepVoice,DEEPVOICE_FAKE_taylor-to-ryan_frag65,DEEPVOICE_FAKE_taylor-to-ryan_frag65,1,cc3bdf544cfc09bd9cc788f7f022ba1af9daf701
DeepVoice,DEEPVOICE_FAKE_taylor-to-ryan_frag66,DEEPVOICE_FAKE_taylor-to-ryan_frag66,1,cc3bdf544cfc09bd9cc788f7f022ba1af9daf701
DeepVoice,DEEPVOICE_FAKE_taylor-to-ryan_frag67,DEEPVOICE_FAKE_taylor-to-ryan_frag67,1,cc3bdf544cfc09bd9cc788f7f022ba1af9daf701
DeepVoice,DEEPVOICE_FAKE_taylor-to-ryan_frag68,DEEPVOICE_FAKE_taylor-to-ryan_frag68,1,cc3bdf544cfc09bd9cc788f7f022ba1af9daf701
DeepVoice,DEEPVOICE_FAKE_taylor-to-ryan_frag69,DEEPVOICE_FAKE_taylor-to-ryan_frag69,1,cc3bdf544cfc09bd9cc788f7f022ba1af9daf701
DeepVoice,DEEPVOICE_FAKE_taylor-to-ryan_frag7,DEEPVOICE_FAKE_taylor-to-ryan_frag7,1,cc3bdf544cfc09bd9cc788f7f022ba1af9daf701
DeepVoice,DEEPVOICE_FAKE_taylor-to-ryan_frag70,DEEPVOICE_FAKE_taylor-to-ryan_frag70,1,cc3bdf544cfc09bd9cc788f7f022ba1af9daf701
DeepVoice,DEEPVOICE_FAKE_taylor-to-ryan_frag71,DEEPVOICE_FAKE_taylor-to-ryan_frag71,1,cc3bdf544cfc09bd9cc788f7f022ba1af9daf701
DeepVoice,DEEPVOICE_FAKE_taylor-to-ryan_frag72,DEEPVOICE_FAKE_taylor-to-ryan_frag72,1,cc3bdf544cfc09bd9cc788f7f022ba1af9daf701
DeepVoice,DEEPVOICE_FAKE_taylor-to-ryan_frag73,DEEPVOICE_FAKE_taylor-to-ryan_frag73,1,cc3bdf544cfc09bd9cc788f7f022ba1af9daf701
DeepVoice,DEEPVOICE_FAKE_taylor-to-ryan_frag74,DEEPVOICE_FAKE_taylor-to-ryan_frag74,1,cc3bdf544cfc09bd9cc788f7f022ba1af9daf701
DeepVoice,DEEPVOICE_FAKE_taylor-to-ryan_frag75,DEEPVOICE_FAKE_taylor-to-ryan_frag75,1,cc3bdf544cfc09bd9cc788f7f022ba1af9daf701
DeepVoice,DEEPVOICE_FAKE_taylor-to-ryan_frag76,DEEPVOICE_FAKE_taylor-to-ryan_frag76,1,cc3bdf544cfc09bd9cc788f7f022ba1af9daf701
DeepVoice,DEEPVOICE_FAKE_taylor-to-ryan_frag77,DEEPVOICE_FAKE_taylor-to-ryan_frag77,1,cc3bdf544cfc09bd9cc788f7f022ba1af9daf701
DeepVoice,DEEPVOICE_FAKE_taylor-to-ryan_frag78,DEEPVOICE_FAKE_taylor-to-ryan_frag78,1,cc3bdf544cfc09bd9cc788f7f022ba1af9daf701
DeepVoice,DEEPVOICE_FAKE_taylor-to-ryan_frag79,DEEPVOICE_FAKE_taylor-to-ryan_frag79,1,cc3bdf544cfc09bd9cc788f7f022ba1af9daf701
DeepVoice,DEEPVOICE_FAKE_taylor-to-ryan_frag8,DEEPVOICE_FAKE_taylor-to-ryan_frag8,1,cc3bdf544cfc09bd9cc788f7f022ba1af9daf701
DeepVoice,DEEPVOICE_FAKE_taylor-to-ryan_frag80,DEEPVOICE_FAKE_taylor-to-ryan_frag80,1,cc3bdf544cfc09bd9cc788f7f022ba1af9daf701
DeepVoice,DEEPVOICE_FAKE_taylor-to-ryan_frag81,DEEPVOICE_FAKE_taylor-to-ryan_frag81,1,cc3bdf544cfc09bd9cc788f7f022ba1af9daf701
DeepVoice,DEEPVOICE_FAKE_taylor-to-ryan_frag82,DEEPVOICE_FAKE_taylor-to-ryan_frag82,1,cc3bdf544cfc09bd9cc788f7f022ba1af9daf701
DeepVoice,DEEPVOICE_FAKE_taylor-to-ryan_frag83,DEEPVOICE_FAKE_taylor-to-ryan_frag83,1,cc3bdf544cfc09bd9cc788f7f022ba1af9daf701
DeepVoice,DEEPVOICE_FAKE_taylor-to-ryan_frag84,DEEPVOICE_FAKE_taylor-to-ryan_frag84,1,cc3bdf544cfc09bd9cc788f7f022ba1af9daf701
DeepVoice,DEEPVOICE_FAKE_taylor-to-ryan_frag85,DEEPVOICE_FAKE_taylor-to-ryan_frag85,1,cc3bdf544cfc09bd9cc788f7f022ba1af9daf701
DeepVoice,DEEPVOICE_FAKE_taylor-to-ryan_frag86,DEEPVOICE_FAKE_taylor-to-ryan_frag86,1,cc3bdf544cfc09bd9cc788f7f022ba1af9daf701
DeepVoice,DEEPVOICE_FAKE_taylor-to-ryan_frag87,DEEPVOICE_FAKE_taylor-to-ryan_frag87,1,cc3bdf544cfc09bd9cc788f7f022ba1af9daf701
DeepVoice,DEEPVOICE_FAKE_taylor-to-ryan_frag88,DEEPVOICE_FAKE_taylor-to-ryan_frag88,1,cc3bdf544cfc09bd9cc788f7f022ba1af9daf701
DeepVoice,DEEPVOICE_FAKE_taylor-to-ryan_frag89,DEEPVOICE_FAKE_taylor-to-ryan_frag89,1,cc3bdf544cfc09bd9cc788f7f022ba1af9daf701
DeepVoice,DEEPVOICE_FAKE_taylor-to-ryan_frag9,DEEPVOICE_FAKE_taylor-to-ryan_frag9,1,cc3bdf544cfc09bd9cc788f7f022ba1af9daf701
DeepVoice,DEEPVOICE_FAKE_taylor-to-ryan_frag90,DEEPVOICE_FAKE_taylor-to-ryan_frag90,1,cc3bdf544cfc09bd9cc788f7f022ba1af9daf701
DeepVoice,DEEPVOICE_FAKE_taylor-to-ryan_frag91,DEEPVOICE_FAKE_taylor-to-ryan_frag91,1,cc3bdf544cfc09bd9cc788f7f022ba1af9daf701
DeepVoice,DEEPVOICE_FAKE_taylor-to-ryan_frag92,DEEPVOICE_FAKE_taylor-to-ryan_frag92,1,cc3bdf544cfc09bd9cc788f7f022ba1af9daf701
DeepVoice,DEEPVOICE_FAKE_taylor-to-ryan_frag93,DEEPVOICE_FAKE_taylor-to-ryan_frag93,1,cc3bdf544cfc09bd9cc788f7f022ba1af9daf701
DeepVoice,DEEPVOICE_FAKE_taylor-to-ryan_frag94,DEEPVOICE_FAKE_taylor-to-ryan_frag94,1,cc3bdf544cfc09bd9cc788f7f022ba1af9daf701
DeepVoice,DEEPVOICE_FAKE_taylor-to-ryan_frag95,DEEPVOICE_FAKE_taylor-to-ryan_frag95,1,cc3bdf544cfc09bd9cc788f7f022ba1af9daf701
DeepVoice,DEEPVOICE_FAKE_taylor-to-ryan_frag96,DEEPVOICE_FAKE_taylor-to-ryan_frag96,1,cc3bdf544cfc09bd9cc788f7f022ba1af9daf701
DeepVoice,DEEPVOICE_FAKE_taylor-to-ryan_frag97,DEEPVOICE_FAKE_taylor-to-ryan_frag97,1,cc3bdf544cfc09bd9cc788f7f022ba1af9daf701
DeepVoice,DEEPVOICE_FAKE_taylor-to-ryan_frag98,DEEPVOICE_FAKE_taylor-to-ryan_frag98,1,cc3bdf544cfc09bd9cc788f7f022ba1af9daf701
DeepVoice,DEEPVOICE_FAKE_taylor-to-ryan_frag99,DEEPVOICE_FAKE_taylor-to-ryan_frag99,1,cc3bdf544cfc09bd9cc788f7f022ba1af9daf701
DeepVoice,DEEPVOICE_FAKE_taylor-to-trump_frag0,DEEPVOICE_FAKE_taylor-to-trump_frag0,1,cc3bdf544cfc09bd9cc788f7f022ba1af9daf701
DeepVoice,DEEPVOICE_FAKE_taylor-to-trump_frag1,DEEPVOICE_FAKE_taylor-to-trump_frag1,1,cc3bdf544cfc09bd9cc788f7f022ba1af9daf701
DeepVoice,DEEPVOICE_FAKE_taylor-to-trump_frag10,DEEPVOICE_FAKE_taylor-to-trump_frag10,1,cc3bdf544cfc09bd9cc788f7f022ba1af9daf701
DeepVoice,DEEPVOICE_FAKE_taylor-to-trump_frag100,DEEPVOICE_FAKE_taylor-to-trump_frag100,1,cc3bdf544cfc09bd9cc788f7f022ba1af9daf701
DeepVoice,DEEPVOICE_FAKE_taylor-to-trump_frag11,DEEPVOICE_FAKE_taylor-to-trump_frag11,1,cc3bdf544cfc09bd9cc788f7f022ba1af9daf701
DeepVoice,DEEPVOICE_FAKE_taylor-to-trump_frag12,DEEPVOICE_FAKE_taylor-to-trump_frag12,1,cc3bdf544cfc09bd9cc788f7f022ba1af9daf701
DeepVoice,DEEPVOICE_FAKE_taylor-to-trump_frag13,DEEPVOICE_FAKE_taylor-to-trump_frag13,1,cc3bdf544cfc09bd9cc788f7f022ba1af9daf701
DeepVoice,DEEPVOICE_FAKE_taylor-to-trump_frag14,DEEPVOICE_FAKE_taylor-to-trump_frag14,1,cc3bdf544cfc09bd9cc788f7f022ba1af9daf701
DeepVoice,DEEPVOICE_FAKE_taylor-to-trump_frag15,DEEPVOICE_FAKE_taylor-to-trump_frag15,1,cc3bdf544cfc09bd9cc788f7f022ba1af9daf701
DeepVoice,DEEPVOICE_FAKE_taylor-to-trump_frag16,DEEPVOICE_FAKE_taylor-to-trump_frag16,1,cc3bdf544cfc09bd9cc788f7f022ba1af9daf701
DeepVoice,DEEPVOICE_FAKE_taylor-to-trump_frag17,DEEPVOICE_FAKE_taylor-to-trump_frag17,1,cc3bdf544cfc09bd9cc788f7f022ba1af9daf701
DeepVoice,DEEPVOICE_FAKE_taylor-to-trump_frag18,DEEPVOICE_FAKE_taylor-to-trump_frag18,1,cc3bdf544cfc09bd9cc788f7f022ba1af9daf701
DeepVoice,DEEPVOICE_FAKE_taylor-to-trump_frag19,DEEPVOICE_FAKE_taylor-to-trump_frag19,1,cc3bdf544cfc09bd9cc788f7f022ba1af9daf701
DeepVoice,DEEPVOICE_FAKE_taylor-to-trump_frag2,DEEPVOICE_FAKE_taylor-to-trump_frag2,1,cc3bdf544cfc09bd9cc788f7f022ba1af9daf701
DeepVoice,DEEPVOICE_FAKE_taylor-to-trump_frag20,DEEPVOICE_FAKE_taylor-to-trump_frag20,1,cc3bdf544cfc09bd9cc788f7f022ba1af9daf701
DeepVoice,DEEPVOICE_FAKE_taylor-to-trump_frag21,DEEPVOICE_FAKE_taylor-to-trump_frag21,1,cc3bdf544cfc09bd9cc788f7f022ba1af9daf701
DeepVoice,DEEPVOICE_FAKE_taylor-to-trump_frag22,DEEPVOICE_FAKE_taylor-to-trump_frag22,1,cc3bdf544cfc09bd9cc788f7f022ba1af9daf701
DeepVoice,DEEPVOICE_FAKE_taylor-to-trump_frag23,DEEPVOICE_FAKE_taylor-to-trump_frag23,1,cc3bdf544cfc09bd9cc788f7f022ba1af9daf701
DeepVoice,DEEPVOICE_FAKE_taylor-to-trump_frag24,DEEPVOICE_FAKE_taylor-to-trump_frag24,1,cc3bdf544cfc09bd9cc788f7f022ba1af9daf701
DeepVoice,DEEPVOICE_FAKE_taylor-to-trump_frag25,DEEPVOICE_FAKE_taylor-to-trump_frag25,1,cc3bdf544cfc09bd9cc788f7f022ba1af9daf701
DeepVoice,DEEPVOICE_FAKE_taylor-to-trump_frag26,DEEPVOICE_FAKE_taylor-to-trump_frag26,1,cc3bdf544cfc09bd9cc788f7f022ba1af9daf701
DeepVoice,DEEPVOICE_FAKE_taylor-to-trump_frag27,DEEPVOICE_FAKE_taylor-to-trump_frag27,1,cc3bdf544cfc09bd9cc788f7f022ba1af9daf701
DeepVoice,DEEPVOICE_FAKE_taylor-to-trump_frag28,DEEPVOICE_FAKE_taylor-to-trump_frag28,1,cc3bdf544cfc09bd9cc788f7f022ba1af9daf701
DeepVoice,DEEPVOICE_FAKE_taylor-to-trump_frag29,DEEPVOICE_FAKE_taylor-to-trump_frag29,1,cc3bdf544cfc09bd9cc788f7f022ba1af9daf701
DeepVoice,DEEPVOICE_FAKE_taylor-to-trump_frag3,DEEPVOICE_FAKE_taylor-to-trump_frag3,1,cc3bdf544cfc09bd9cc788f7f022ba1af9daf701
DeepVoice,DEEPVOICE_FAKE_taylor-to-trump_frag30,DEEPVOICE_FAKE_taylor-to-trump_frag30,1,cc3bdf544cfc09bd9cc788f7f022ba1af9daf701
DeepVoice,DEEPVOICE_FAKE_taylor-to-trump_frag31,DEEPVOICE_FAKE_taylor-to-trump_frag31,1,cc3bdf544cfc09bd9cc788f7f022ba1af9daf701
DeepVoice,DEEPVOICE_FAKE_taylor-to-trump_frag32,DEEPVOICE_FAKE_taylor-to-trump_frag32,1,cc3bdf544cfc09bd9cc788f7f022ba1af9daf701
DeepVoice,DEEPVOICE_FAKE_taylor-to-trump_frag33,DEEPVOICE_FAKE_taylor-to-trump_frag33,1,cc3bdf544cfc09bd9cc788f7f022ba1af9daf701
DeepVoice,DEEPVOICE_FAKE_taylor-to-trump_frag34,DEEPVOICE_FAKE_taylor-to-trump_frag34,1,cc3bdf544cfc09bd9cc788f7f022ba1af9daf701
DeepVoice,DEEPVOICE_FAKE_taylor-to-trump_frag35,DEEPVOICE_FAKE_taylor-to-trump_frag35,1,cc3bdf544cfc09bd9cc788f7f022ba1af9daf701
DeepVoice,DEEPVOICE_FAKE_taylor-to-trump_frag36,DEEPVOICE_FAKE_taylor-to-trump_frag36,1,cc3bdf544cfc09bd9cc788f7f022ba1af9daf701
DeepVoice,DEEPVOICE_FAKE_taylor-to-trump_frag37,DEEPVOICE_FAKE_taylor-to-trump_frag37,1,cc3bdf544cfc09bd9cc788f7f022ba1af9daf701
DeepVoice,DEEPVOICE_FAKE_taylor-to-trump_frag38,DEEPVOICE_FAKE_taylor-to-trump_frag38,1,cc3bdf544cfc09bd9cc788f7f022ba1af9daf701
DeepVoice,DEEPVOICE_FAKE_taylor-to-trump_frag39,DEEPVOICE_FAKE_taylor-to-trump_frag39,1,cc3bdf544cfc09bd9cc788f7f022ba1af9daf701
DeepVoice,DEEPVOICE_FAKE_taylor-to-trump_frag4,DEEPVOICE_FAKE_taylor-to-trump_frag4,1,cc3bdf544cfc09bd9cc788f7f022ba1af9daf701
DeepVoice,DEEPVOICE_FAKE_taylor-to-trump_frag40,DEEPVOICE_FAKE_taylor-to-trump_frag40,1,cc3bdf544cfc09bd9cc788f7f022ba1af9daf701
DeepVoice,DEEPVOICE_FAKE_taylor-to-trump_frag41,DEEPVOICE_FAKE_taylor-to-trump_frag41,1,cc3bdf544cfc09bd9cc788f7f022ba1af9daf701
DeepVoice,DEEPVOICE_FAKE_taylor-to-trump_frag42,DEEPVOICE_FAKE_taylor-to-trump_frag42,1,cc3bdf544cfc09bd9cc788f7f022ba1af9daf701
DeepVoice,DEEPVOICE_FAKE_taylor-to-trump_frag43,DEEPVOICE_FAKE_taylor-to-trump_frag43,1,cc3bdf544cfc09bd9cc788f7f022ba1af9daf701
DeepVoice,DEEPVOICE_FAKE_taylor-to-trump_frag44,DEEPVOICE_FAKE_taylor-to-trump_frag44,1,cc3bdf544cfc09bd9cc788f7f022ba1af9daf701
DeepVoice,DEEPVOICE_FAKE_taylor-to-trump_frag45,DEEPVOICE_FAKE_taylor-to-trump_frag45,1,cc3bdf544cfc09bd9cc788f7f022ba1af9daf701
DeepVoice,DEEPVOICE_FAKE_taylor-to-trump_frag46,DEEPVOICE_FAKE_taylor-to-trump_frag46,1,cc3bdf544cfc09bd9cc788f7f022ba1af9daf701
DeepVoice,DEEPVOICE_FAKE_taylor-to-trump_frag47,DEEPVOICE_FAKE_taylor-to-trump_frag47,1,cc3bdf544cfc09bd9cc788f7f022ba1af9daf701
DeepVoice,DEEPVOICE_FAKE_taylor-to-trump_frag48,DEEPVOICE_FAKE_taylor-to-trump_frag48,1,cc3bdf544cfc09bd9cc788f7f022ba1af9daf701
DeepVoice,DEEPVOICE_FAKE_taylor-to-trump_frag49,DEEPVOICE_FAKE_taylor-to-trump_frag49,1,cc3bdf544cfc09bd9cc788f7f022ba1af9daf701
DeepVoice,DEEPVOICE_FAKE_taylor-to-trump_frag5,DEEPVOICE_FAKE_taylor-to-trump_frag5,1,cc3bdf544cfc09bd9cc788f7f022ba1af9daf701
DeepVoice,DEEPVOICE_FAKE_taylor-to-trump_frag50,DEEPVOICE_FAKE_taylor-to-trump_frag50,1,cc3bdf544cfc09bd9cc788f7f022ba1af9daf701
DeepVoice,DEEPVOICE_FAKE_taylor-to-trump_frag51,DEEPVOICE_FAKE_taylor-to-trump_frag51,1,cc3bdf544cfc09bd9cc788f7f022ba1af9daf701
DeepVoice,DEEPVOICE_FAKE_taylor-to-trump_frag52,DEEPVOICE_FAKE_taylor-to-trump_frag52,1,cc3bdf544cfc09bd9cc788f7f022ba1af9daf701
DeepVoice,DEEPVOICE_FAKE_taylor-to-trump_frag53,DEEPVOICE_FAKE_taylor-to-trump_frag53,1,cc3bdf544cfc09bd9cc788f7f022ba1af9daf701
DeepVoice,DEEPVOICE_FAKE_taylor-to-trump_frag54,DEEPVOICE_FAKE_taylor-to-trump_frag54,1,cc3bdf544cfc09bd9cc788f7f022ba1af9daf701
DeepVoice,DEEPVOICE_FAKE_taylor-to-trump_frag55,DEEPVOICE_FAKE_taylor-to-trump_frag55,1,cc3bdf544cfc09bd9cc788f7f022ba1af9daf701
DeepVoice,DEEPVOICE_FAKE_taylor-to-trump_frag56,DEEPVOICE_FAKE_taylor-to-trump_frag56,1,cc3bdf544cfc09bd9cc788f7f022ba1af9daf701
DeepVoice,DEEPVOICE_FAKE_taylor-to-trump_frag57,DEEPVOICE_FAKE_taylor-to-trump_frag57,1,cc3bdf544cfc09bd9cc788f7f022ba1af9daf701
DeepVoice,DEEPVOICE_FAKE_taylor-to-trump_frag58,DEEPVOICE_FAKE_taylor-to-trump_frag58,1,cc3bdf544cfc09bd9cc788f7f022ba1af9daf701
DeepVoice,DEEPVOICE_FAKE_taylor-to-trump_frag59,DEEPVOICE_FAKE_taylor-to-trump_frag59,1,cc3bdf544cfc09bd9cc788f7f022ba1af9daf701
DeepVoice,DEEPVOICE_FAKE_taylor-to-trump_frag6,DEEPVOICE_FAKE_taylor-to-trump_frag6,1,cc3bdf544cfc09bd9cc788f7f022ba1af9daf701
DeepVoice,DEEPVOICE_FAKE_taylor-to-trump_frag60,DEEPVOICE_FAKE_taylor-to-trump_frag60,1,cc3bdf544cfc09bd9cc788f7f022ba1af9daf701
DeepVoice,DEEPVOICE_FAKE_taylor-to-trump_frag61,DEEPVOICE_FAKE_taylor-to-trump_frag61,1,cc3bdf544cfc09bd9cc788f7f022ba1af9daf701
DeepVoice,DEEPVOICE_FAKE_taylor-to-trump_frag62,DEEPVOICE_FAKE_taylor-to-trump_frag62,1,cc3bdf544cfc09bd9cc788f7f022ba1af9daf701
DeepVoice,DEEPVOICE_FAKE_taylor-to-trump_frag63,DEEPVOICE_FAKE_taylor-to-trump_frag63,1,cc3bdf544cfc09bd9cc788f7f022ba1af9daf701
DeepVoice,DEEPVOICE_FAKE_taylor-to-trump_frag64,DEEPVOICE_FAKE_taylor-to-trump_frag64,1,cc3bdf544cfc09bd9cc788f7f022ba1af9daf701
DeepVoice,DEEPVOICE_FAKE_taylor-to-trump_frag65,DEEPVOICE_FAKE_taylor-to-trump_frag65,1,cc3bdf544cfc09bd9cc788f7f022ba1af9daf701
DeepVoice,DEEPVOICE_FAKE_taylor-to-trump_frag66,DEEPVOICE_FAKE_taylor-to-trump_frag66,1,cc3bdf544cfc09bd9cc788f7f022ba1af9daf701
DeepVoice,DEEPVOICE_FAKE_taylor-to-trump_frag67,DEEPVOICE_FAKE_taylor-to-trump_frag67,1,cc3bdf544cfc09bd9cc788f7f022ba1af9daf701
DeepVoice,DEEPVOICE_FAKE_taylor-to-trump_frag68,DEEPVOICE_FAKE_taylor-to-trump_frag68,1,cc3bdf544cfc09bd9cc788f7f022ba1af9daf701
DeepVoice,DEEPVOICE_FAKE_taylor-to-trump_frag69,DEEPVOICE_FAKE_taylor-to-trump_frag69,1,cc3bdf544cfc09bd9cc788f7f022ba1af9daf701
DeepVoice,DEEPVOICE_FAKE_taylor-to-trump_frag7,DEEPVOICE_FAKE_taylor-to-trump_frag7,1,cc3bdf544cfc09bd9cc788f7f022ba1af9daf701
DeepVoice,DEEPVOICE_FAKE_taylor-to-trump_frag70,DEEPVOICE_FAKE_taylor-to-trump_frag70,1,cc3bdf544cfc09bd9cc788f7f022ba1af9daf701
DeepVoice,DEEPVOICE_FAKE_taylor-to-trump_frag71,DEEPVOICE_FAKE_taylor-to-trump_frag71,1,cc3bdf544cfc09bd9cc788f7f022ba1af9daf701
DeepVoice,DEEPVOICE_FAKE_taylor-to-trump_frag72,DEEPVOICE_FAKE_taylor-to-trump_frag72,1,cc3bdf544cfc09bd9cc788f7f022ba1af9daf701
DeepVoice,DEEPVOICE_FAKE_taylor-to-trump_frag73,DEEPVOICE_FAKE_taylor-to-trump_frag73,1,cc3bdf544cfc09bd9cc788f7f022ba1af9daf701
DeepVoice,DEEPVOICE_FAKE_taylor-to-trump_frag74,DEEPVOICE_FAKE_taylor-to-trump_frag74,1,cc3bdf544cfc09bd9cc788f7f022ba1af9daf701
DeepVoice,DEEPVOICE_FAKE_taylor-to-trump_frag75,DEEPVOICE_FAKE_taylor-to-trump_frag75,1,cc3bdf544cfc09bd9cc788f7f022ba1af9daf701
DeepVoice,DEEPVOICE_FAKE_taylor-to-trump_frag76,DEEPVOICE_FAKE_taylor-to-trump_frag76,1,cc3bdf544cfc09bd9cc788f7f022ba1af9daf701
DeepVoice,DEEPVOICE_FAKE_taylor-to-trump_frag77,DEEPVOICE_FAKE_taylor-to-trump_frag77,1,cc3bdf544cfc09bd9cc788f7f022ba1af9daf701
DeepVoice,DEEPVOICE_FAKE_taylor-to-trump_frag78,DEEPVOICE_FAKE_taylor-to-trump_frag78,1,cc3bdf544cfc09bd9cc788f7f022ba1af9daf701
DeepVoice,DEEPVOICE_FAKE_taylor-to-trump_frag79,DEEPVOICE_FAKE_taylor-to-trump_frag79,1,cc3bdf544cfc09bd9cc788f7f022ba1af9daf701
DeepVoice,DEEPVOICE_FAKE_taylor-to-trump_frag8,DEEPVOICE_FAKE_taylor-to-trump_frag8,1,cc3bdf544cfc09bd9cc788f7f022ba1af9daf701
DeepVoice,DEEPVOICE_FAKE_taylor-to-trump_frag80,DEEPVOICE_FAKE_taylor-to-trump_frag80,1,cc3bdf544cfc09bd9cc788f7f022ba1af9daf701
DeepVoice,DEEPVOICE_FAKE_taylor-to-trump_frag81,DEEPVOICE_FAKE_taylor-to-trump_frag81,1,cc3bdf544cfc09bd9cc788f7f022ba1af9daf701
DeepVoice,DEEPVOICE_FAKE_taylor-to-trump_frag82,DEEPVOICE_FAKE_taylor-to-trump_frag82,1,cc3bdf544cfc09bd9cc788f7f022ba1af9daf701
DeepVoice,DEEPVOICE_FAKE_taylor-to-trump_frag83,DEEPVOICE_FAKE_taylor-to-trump_frag83,1,cc3bdf544cfc09bd9cc788f7f022ba1af9daf701
DeepVoice,DEEPVOICE_FAKE_taylor-to-trump_frag84,DEEPVOICE_FAKE_taylor-to-trump_frag84,1,cc3bdf544cfc09bd9cc788f7f022ba1af9daf701
DeepVoice,DEEPVOICE_FAKE_taylor-to-trump_frag85,DEEPVOICE_FAKE_taylor-to-trump_frag85,1,cc3bdf544cfc09bd9cc788f7f022ba1af9daf701
DeepVoice,DEEPVOICE_FAKE_taylor-to-trump_frag86,DEEPVOICE_FAKE_taylor-to-trump_frag86,1,cc3bdf544cfc09bd9cc788f7f022ba1af9daf701
DeepVoice,DEEPVOICE_FAKE_taylor-to-trump_frag87,DEEPVOICE_FAKE_taylor-to-trump_frag87,1,cc3bdf544cfc09bd9cc788f7f022ba1af9daf701
DeepVoice,DEEPVOICE_FAKE_taylor-to-trump_frag88,DEEPVOICE_FAKE_taylor-to-trump_frag88,1,cc3bdf544cfc09bd9cc788f7f022ba1af9daf701
DeepVoice,DEEPVOICE_FAKE_taylor-to-trump_frag89,DEEPVOICE_FAKE_taylor-to-trump_frag89,1,cc3bdf544cfc09bd9cc788f7f022ba1af9daf701
DeepVoice,DEEPVOICE_FAKE_taylor-to-trump_frag9,DEEPVOICE_FAKE_taylor-to-trump_frag9,1,cc3bdf544cfc09bd9cc788f7f022ba1af9daf701
DeepVoice,DEEPVOICE_FAKE_taylor-to-trump_frag90,DEEPVOICE_FAKE_taylor-to-trump_frag90,1,cc3bdf544cfc09bd9cc788f7f022ba1af9daf701
DeepVoice,DEEPVOICE_FAKE_taylor-to-trump_frag91,DEEPVOICE_FAKE_taylor-to-trump_frag91,1,cc3bdf544cfc09bd9cc788f7f022ba1af9daf701
DeepVoice,DEEPVOICE_FAKE_taylor-to-trump_frag92,DEEPVOICE_FAKE_taylor-to-trump_frag92,1,cc3bdf544cfc09bd9cc788f7f022ba1af9daf701
DeepVoice,DEEPVOICE_FAKE_taylor-to-trump_frag93,DEEPVOICE_FAKE_taylor-to-trump_frag93,1,cc3bdf544cfc09bd9cc788f7f022ba1af9daf701
DeepVoice,DEEPVOICE_FAKE_taylor-to-trump_frag94,DEEPVOICE_FAKE_taylor-to-trump_frag94,1,cc3bdf544cfc09bd9cc788f7f022ba1af9daf701
DeepVoice,DEEPVOICE_FAKE_taylor-to-trump_frag95,DEEPVOICE_FAKE_taylor-to-trump_frag95,1,cc3bdf544cfc09bd9cc788f7f022ba1af9daf701
DeepVoice,DEEPVOICE_FAKE_taylor-to-trump_frag96,DEEPVOICE_FAKE_taylor-to-trump_frag96,1,cc3bdf544cfc09bd9cc788f7f022ba1af9daf701
DeepVoice,DEEPVOICE_FAKE_taylor-to-trump_frag97,DEEPVOICE_FAKE_taylor-to-trump_frag97,1,cc3bdf544cfc09bd9cc788f7f022ba1af9daf701
DeepVoice,DEEPVOICE_FAKE_taylor-to-trump_frag98,DEEPVOICE_FAKE_taylor-to-trump_frag98,1,cc3bdf544cfc09bd9cc788f7f022ba1af9daf701
DeepVoice,DEEPVOICE_FAKE_taylor-to-trump_frag99,DEEPVOICE_FAKE_taylor-to-trump_frag99,1,cc3bdf544cfc09bd9cc788f7f022ba1af9daf701
DeepVoice,DEEPVOICE_FAKE_trump-to-Biden_frag0,DEEPVOICE_FAKE_trump-to-Biden_frag0,1,cc3bdf544cfc09bd9cc788f7f022ba1af9daf701
DeepVoice,DEEPVOICE_FAKE_trump-to-Biden_frag1,DEEPVOICE_FAKE_trump-to-Biden_frag1,1,cc3bdf544cfc09bd9cc788f7f022ba1af9daf701
DeepVoice,DEEPVOICE_FAKE_trump-to-Biden_frag10,DEEPVOICE_FAKE_trump-to-Biden_frag10,1,cc3bdf544cfc09bd9cc788f7f022ba1af9daf701
DeepVoice,DEEPVOICE_FAKE_trump-to-Biden_frag100,DEEPVOICE_FAKE_trump-to-Biden_frag100,1,cc3bdf544cfc09bd9cc788f7f022ba1af9daf701
DeepVoice,DEEPVOICE_FAKE_trump-to-Biden_frag101,DEEPVOICE_FAKE_trump-to-Biden_frag101,1,cc3bdf544cfc09bd9cc788f7f022ba1af9daf701
DeepVoice,DEEPVOICE_FAKE_trump-to-Biden_frag102,DEEPVOICE_FAKE_trump-to-Biden_frag102,1,cc3bdf544cfc09bd9cc788f7f022ba1af9daf701
DeepVoice,DEEPVOICE_FAKE_trump-to-Biden_frag11,DEEPVOICE_FAKE_trump-to-Biden_frag11,1,cc3bdf544cfc09bd9cc788f7f022ba1af9daf701
DeepVoice,DEEPVOICE_FAKE_trump-to-Biden_frag12,DEEPVOICE_FAKE_trump-to-Biden_frag12,1,cc3bdf544cfc09bd9cc788f7f022ba1af9daf701
DeepVoice,DEEPVOICE_FAKE_trump-to-Biden_frag13,DEEPVOICE_FAKE_trump-to-Biden_frag13,1,cc3bdf544cfc09bd9cc788f7f022ba1af9daf701
DeepVoice,DEEPVOICE_FAKE_trump-to-Biden_frag14,DEEPVOICE_FAKE_trump-to-Biden_frag14,1,cc3bdf544cfc09bd9cc788f7f022ba1af9daf701
DeepVoice,DEEPVOICE_FAKE_trump-to-Biden_frag15,DEEPVOICE_FAKE_trump-to-Biden_frag15,1,cc3bdf544cfc09bd9cc788f7f022ba1af9daf701
DeepVoice,DEEPVOICE_FAKE_trump-to-Biden_frag16,DEEPVOICE_FAKE_trump-to-Biden_frag16,1,cc3bdf544cfc09bd9cc788f7f022ba1af9daf701
DeepVoice,DEEPVOICE_FAKE_trump-to-Biden_frag17,DEEPVOICE_FAKE_trump-to-Biden_frag17,1,cc3bdf544cfc09bd9cc788f7f022ba1af9daf701
DeepVoice,DEEPVOICE_FAKE_trump-to-Biden_frag18,DEEPVOICE_FAKE_trump-to-Biden_frag18,1,cc3bdf544cfc09bd9cc788f7f022ba1af9daf701
DeepVoice,DEEPVOICE_FAKE_trump-to-Biden_frag19,DEEPVOICE_FAKE_trump-to-Biden_frag19,1,cc3bdf544cfc09bd9cc788f7f022ba1af9daf701
DeepVoice,DEEPVOICE_FAKE_trump-to-Biden_frag2,DEEPVOICE_FAKE_trump-to-Biden_frag2,1,cc3bdf544cfc09bd9cc788f7f022ba1af9daf701
DeepVoice,DEEPVOICE_FAKE_trump-to-Biden_frag20,DEEPVOICE_FAKE_trump-to-Biden_frag20,1,cc3bdf544cfc09bd9cc788f7f022ba1af9daf701
DeepVoice,DEEPVOICE_FAKE_trump-to-Biden_frag21,DEEPVOICE_FAKE_trump-to-Biden_frag21,1,cc3bdf544cfc09bd9cc788f7f022ba1af9daf701
DeepVoice,DEEPVOICE_FAKE_trump-to-Biden_frag22,DEEPVOICE_FAKE_trump-to-Biden_frag22,1,cc3bdf544cfc09bd9cc788f7f022ba1af9daf701
DeepVoice,DEEPVOICE_FAKE_trump-to-Biden_frag23,DEEPVOICE_FAKE_trump-to-Biden_frag23,1,cc3bdf544cfc09bd9cc788f7f022ba1af9daf701
DeepVoice,DEEPVOICE_FAKE_trump-to-Biden_frag24,DEEPVOICE_FAKE_trump-to-Biden_frag24,1,cc3bdf544cfc09bd9cc788f7f022ba1af9daf701
DeepVoice,DEEPVOICE_FAKE_trump-to-Biden_frag25,DEEPVOICE_FAKE_trump-to-Biden_frag25,1,cc3bdf544cfc09bd9cc788f7f022ba1af9daf701
DeepVoice,DEEPVOICE_FAKE_trump-to-Biden_frag26,DEEPVOICE_FAKE_trump-to-Biden_frag26,1,cc3bdf544cfc09bd9cc788f7f022ba1af9daf701
DeepVoice,DEEPVOICE_FAKE_trump-to-Biden_frag27,DEEPVOICE_FAKE_trump-to-Biden_frag27,1,cc3bdf544cfc09bd9cc788f7f022ba1af9daf701
DeepVoice,DEEPVOICE_FAKE_trump-to-Biden_frag28,DEEPVOICE_FAKE_trump-to-Biden_frag28,1,cc3bdf544cfc09bd9cc788f7f022ba1af9daf701
DeepVoice,DEEPVOICE_FAKE_trump-to-Biden_frag29,DEEPVOICE_FAKE_trump-to-Biden_frag29,1,cc3bdf544cfc09bd9cc788f7f022ba1af9daf701
DeepVoice,DEEPVOICE_FAKE_trump-to-Biden_frag3,DEEPVOICE_FAKE_trump-to-Biden_frag3,1,cc3bdf544cfc09bd9cc788f7f022ba1af9daf701
DeepVoice,DEEPVOICE_FAKE_trump-to-Biden_frag30,DEEPVOICE_FAKE_trump-to-Biden_frag30,1,cc3bdf544cfc09bd9cc788f7f022ba1af9daf701
DeepVoice,DEEPVOICE_FAKE_trump-to-Biden_frag31,DEEPVOICE_FAKE_trump-to-Biden_frag31,1,cc3bdf544cfc09bd9cc788f7f022ba1af9daf701
DeepVoice,DEEPVOICE_FAKE_trump-to-Biden_frag32,DEEPVOICE_FAKE_trump-to-Biden_frag32,1,cc3bdf544cfc09bd9cc788f7f022ba1af9daf701
DeepVoice,DEEPVOICE_FAKE_trump-to-Biden_frag33,DEEPVOICE_FAKE_trump-to-Biden_frag33,1,cc3bdf544cfc09bd9cc788f7f022ba1af9daf701
DeepVoice,DEEPVOICE_FAKE_trump-to-Biden_frag34,DEEPVOICE_FAKE_trump-to-Biden_frag34,1,cc3bdf544cfc09bd9cc788f7f022ba1af9daf701
DeepVoice,DEEPVOICE_FAKE_trump-to-Biden_frag35,DEEPVOICE_FAKE_trump-to-Biden_frag35,1,cc3bdf544cfc09bd9cc788f7f022ba1af9daf701
DeepVoice,DEEPVOICE_FAKE_trump-to-Biden_frag36,DEEPVOICE_FAKE_trump-to-Biden_frag36,1,cc3bdf544cfc09bd9cc788f7f022ba1af9daf701
DeepVoice,DEEPVOICE_FAKE_trump-to-Biden_frag37,DEEPVOICE_FAKE_trump-to-Biden_frag37,1,cc3bdf544cfc09bd9cc788f7f022ba1af9daf701
DeepVoice,DEEPVOICE_FAKE_trump-to-Biden_frag38,DEEPVOICE_FAKE_trump-to-Biden_frag38,1,cc3bdf544cfc09bd9cc788f7f022ba1af9daf701
DeepVoice,DEEPVOICE_FAKE_trump-to-Biden_frag39,DEEPVOICE_FAKE_trump-to-Biden_frag39,1,cc3bdf544cfc09bd9cc788f7f022ba1af9daf701
DeepVoice,DEEPVOICE_FAKE_trump-to-Biden_frag4,DEEPVOICE_FAKE_trump-to-Biden_frag4,1,cc3bdf544cfc09bd9cc788f7f022ba1af9daf701
DeepVoice,DEEPVOICE_FAKE_trump-to-Biden_frag40,DEEPVOICE_FAKE_trump-to-Biden_frag40,1,cc3bdf544cfc09bd9cc788f7f022ba1af9daf701
DeepVoice,DEEPVOICE_FAKE_trump-to-Biden_frag41,DEEPVOICE_FAKE_trump-to-Biden_frag41,1,cc3bdf544cfc09bd9cc788f7f022ba1af9daf701
DeepVoice,DEEPVOICE_FAKE_trump-to-Biden_frag42,DEEPVOICE_FAKE_trump-to-Biden_frag42,1,cc3bdf544cfc09bd9cc788f7f022ba1af9daf701
DeepVoice,DEEPVOICE_FAKE_trump-to-Biden_frag43,DEEPVOICE_FAKE_trump-to-Biden_frag43,1,cc3bdf544cfc09bd9cc788f7f022ba1af9daf701
DeepVoice,DEEPVOICE_FAKE_trump-to-Biden_frag44,DEEPVOICE_FAKE_trump-to-Biden_frag44,1,cc3bdf544cfc09bd9cc788f7f022ba1af9daf701
DeepVoice,DEEPVOICE_FAKE_trump-to-Biden_frag45,DEEPVOICE_FAKE_trump-to-Biden_frag45,1,cc3bdf544cfc09bd9cc788f7f022ba1af9daf701
DeepVoice,DEEPVOICE_FAKE_trump-to-Biden_frag46,DEEPVOICE_FAKE_trump-to-Biden_frag46,1,cc3bdf544cfc09bd9cc788f7f022ba1af9daf701
DeepVoice,DEEPVOICE_FAKE_trump-to-Biden_frag47,DEEPVOICE_FAKE_trump-to-Biden_frag47,1,cc3bdf544cfc09bd9cc788f7f022ba1af9daf701
DeepVoice,DEEPVOICE_FAKE_trump-to-Biden_frag48,DEEPVOICE_FAKE_trump-to-Biden_frag48,1,cc3bdf544cfc09bd9cc788f7f022ba1af9daf701
DeepVoice,DEEPVOICE_FAKE_trump-to-Biden_frag49,DEEPVOICE_FAKE_trump-to-Biden_frag49,1,cc3bdf544cfc09bd9cc788f7f022ba1af9daf701
DeepVoice,DEEPVOICE_FAKE_trump-to-Biden_frag5,DEEPVOICE_FAKE_trump-to-Biden_frag5,1,cc3bdf544cfc09bd9cc788f7f022ba1af9daf701
DeepVoice,DEEPVOICE_FAKE_trump-to-Biden_frag50,DEEPVOICE_FAKE_trump-to-Biden_frag50,1,cc3bdf544cfc09bd9cc788f7f022ba1af9daf701
DeepVoice,DEEPVOICE_FAKE_trump-to-Biden_frag51,DEEPVOICE_FAKE_trump-to-Biden_frag51,1,cc3bdf544cfc09bd9cc788f7f022ba1af9daf701
DeepVoice,DEEPVOICE_FAKE_trump-to-Biden_frag52,DEEPVOICE_FAKE_trump-to-Biden_frag52,1,cc3bdf544cfc09bd9cc788f7f022ba1af9daf701
DeepVoice,DEEPVOICE_FAKE_trump-to-Biden_frag53,DEEPVOICE_FAKE_trump-to-Biden_frag53,1,cc3bdf544cfc09bd9cc788f7f022ba1af9daf701
DeepVoice,DEEPVOICE_FAKE_trump-to-Biden_frag54,DEEPVOICE_FAKE_trump-to-Biden_frag54,1,cc3bdf544cfc09bd9cc788f7f022ba1af9daf701
DeepVoice,DEEPVOICE_FAKE_trump-to-Biden_frag55,DEEPVOICE_FAKE_trump-to-Biden_frag55,1,cc3bdf544cfc09bd9cc788f7f022ba1af9daf701
DeepVoice,DEEPVOICE_FAKE_trump-to-Biden_frag56,DEEPVOICE_FAKE_trump-to-Biden_frag56,1,cc3bdf544cfc09bd9cc788f7f022ba1af9daf701
DeepVoice,DEEPVOICE_FAKE_trump-to-Biden_frag57,DEEPVOICE_FAKE_trump-to-Biden_frag57,1,cc3bdf544cfc09bd9cc788f7f022ba1af9daf701
DeepVoice,DEEPVOICE_FAKE_trump-to-Biden_frag58,DEEPVOICE_FAKE_trump-to-Biden_frag58,1,cc3bdf544cfc09bd9cc788f7f022ba1af9daf701
DeepVoice,DEEPVOICE_FAKE_trump-to-Biden_frag59,DEEPVOICE_FAKE_trump-to-Biden_frag59,1,cc3bdf544cfc09bd9cc788f7f022ba1af9daf701
DeepVoice,DEEPVOICE_FAKE_trump-to-Biden_frag6,DEEPVOICE_FAKE_trump-to-Biden_frag6,1,cc3bdf544cfc09bd9cc788f7f022ba1af9daf701
DeepVoice,DEEPVOICE_FAKE_trump-to-Biden_frag60,DEEPVOICE_FAKE_trump-to-Biden_frag60,1,cc3bdf544cfc09bd9cc788f7f022ba1af9daf701
DeepVoice,DEEPVOICE_FAKE_trump-to-Biden_frag61,DEEPVOICE_FAKE_trump-to-Biden_frag61,1,cc3bdf544cfc09bd9cc788f7f022ba1af9daf701
DeepVoice,DEEPVOICE_FAKE_trump-to-Biden_frag62,DEEPVOICE_FAKE_trump-to-Biden_frag62,1,cc3bdf544cfc09bd9cc788f7f022ba1af9daf701
DeepVoice,DEEPVOICE_FAKE_trump-to-Biden_frag63,DEEPVOICE_FAKE_trump-to-Biden_frag63,1,cc3bdf544cfc09bd9cc788f7f022ba1af9daf701
DeepVoice,DEEPVOICE_FAKE_trump-to-Biden_frag64,DEEPVOICE_FAKE_trump-to-Biden_frag64,1,cc3bdf544cfc09bd9cc788f7f022ba1af9daf701
DeepVoice,DEEPVOICE_FAKE_trump-to-Biden_frag65,DEEPVOICE_FAKE_trump-to-Biden_frag65,1,cc3bdf544cfc09bd9cc788f7f022ba1af9daf701
DeepVoice,DEEPVOICE_FAKE_trump-to-Biden_frag66,DEEPVOICE_FAKE_trump-to-Biden_frag66,1,cc3bdf544cfc09bd9cc788f7f022ba1af9daf701
DeepVoice,DEEPVOICE_FAKE_trump-to-Biden_frag67,DEEPVOICE_FAKE_trump-to-Biden_frag67,1,cc3bdf544cfc09bd9cc788f7f022ba1af9daf701
DeepVoice,DEEPVOICE_FAKE_trump-to-Biden_frag68,DEEPVOICE_FAKE_trump-to-Biden_frag68,1,cc3bdf544cfc09bd9cc788f7f022ba1af9daf701
DeepVoice,DEEPVOICE_FAKE_trump-to-Biden_frag69,DEEPVOICE_FAKE_trump-to-Biden_frag69,1,cc3bdf544cfc09bd9cc788f7f022ba1af9daf701
DeepVoice,DEEPVOICE_FAKE_trump-to-Biden_frag7,DEEPVOICE_FAKE_trump-to-Biden_frag7,1,cc3bdf544cfc09bd9cc788f7f022ba1af9daf701
DeepVoice,DEEPVOICE_FAKE_trump-to-Biden_frag70,DEEPVOICE_FAKE_trump-to-Biden_frag70,1,cc3bdf544cfc09bd9cc788f7f022ba1af9daf701
DeepVoice,DEEPVOICE_FAKE_trump-to-Biden_frag71,DEEPVOICE_FAKE_trump-to-Biden_frag71,1,cc3bdf544cfc09bd9cc788f7f022ba1af9daf701
DeepVoice,DEEPVOICE_FAKE_trump-to-Biden_frag72,DEEPVOICE_FAKE_trump-to-Biden_frag72,1,cc3bdf544cfc09bd9cc788f7f022ba1af9daf701
DeepVoice,DEEPVOICE_FAKE_trump-to-Biden_frag73,DEEPVOICE_FAKE_trump-to-Biden_frag73,1,cc3bdf544cfc09bd9cc788f7f022ba1af9daf701
DeepVoice,DEEPVOICE_FAKE_trump-to-Biden_frag74,DEEPVOICE_FAKE_trump-to-Biden_frag74,1,cc3bdf544cfc09bd9cc788f7f022ba1af9daf701
DeepVoice,DEEPVOICE_FAKE_trump-to-Biden_frag75,DEEPVOICE_FAKE_trump-to-Biden_frag75,1,cc3bdf544cfc09bd9cc788f7f022ba1af9daf701
DeepVoice,DEEPVOICE_FAKE_trump-to-Biden_frag76,DEEPVOICE_FAKE_trump-to-Biden_frag76,1,cc3bdf544cfc09bd9cc788f7f022ba1af9daf701
DeepVoice,DEEPVOICE_FAKE_trump-to-Biden_frag77,DEEPVOICE_FAKE_trump-to-Biden_frag77,1,cc3bdf544cfc09bd9cc788f7f022ba1af9daf701
DeepVoice,DEEPVOICE_FAKE_trump-to-Biden_frag78,DEEPVOICE_FAKE_trump-to-Biden_frag78,1,cc3bdf544cfc09bd9cc788f7f022ba1af9daf701
DeepVoice,DEEPVOICE_FAKE_trump-to-Biden_frag79,DEEPVOICE_FAKE_trump-to-Biden_frag79,1,cc3bdf544cfc09bd9cc788f7f022ba1af9daf701
DeepVoice,DEEPVOICE_FAKE_trump-to-Biden_frag8,DEEPVOICE_FAKE_trump-to-Biden_frag8,1,cc3bdf544cfc09bd9cc788f7f022ba1af9daf701
DeepVoice,DEEPVOICE_FAKE_trump-to-Biden_frag80,DEEPVOICE_FAKE_trump-to-Biden_frag80,1,cc3bdf544cfc09bd9cc788f7f022ba1af9daf701
DeepVoice,DEEPVOICE_FAKE_trump-to-Biden_frag81,DEEPVOICE_FAKE_trump-to-Biden_frag81,1,cc3bdf544cfc09bd9cc788f7f022ba1af9daf701
DeepVoice,DEEPVOICE_FAKE_trump-to-Biden_frag82,DEEPVOICE_FAKE_trump-to-Biden_frag82,1,cc3bdf544cfc09bd9cc788f7f022ba1af9daf701
DeepVoice,DEEPVOICE_FAKE_trump-to-Biden_frag83,DEEPVOICE_FAKE_trump-to-Biden_frag83,1,cc3bdf544cfc09bd9cc788f7f022ba1af9daf701
DeepVoice,DEEPVOICE_FAKE_trump-to-Biden_frag84,DEEPVOICE_FAKE_trump-to-Biden_frag84,1,cc3bdf544cfc09bd9cc788f7f022ba1af9daf701
DeepVoice,DEEPVOICE_FAKE_trump-to-Biden_frag85,DEEPVOICE_FAKE_trump-to-Biden_frag85,1,cc3bdf544cfc09bd9cc788f7f022ba1af9daf701
DeepVoice,DEEPVOICE_FAKE_trump-to-Biden_frag86,DEEPVOICE_FAKE_trump-to-Biden_frag86,1,cc3bdf544cfc09bd9cc788f7f022ba1af9daf701
DeepVoice,DEEPVOICE_FAKE_trump-to-Biden_frag87,DEEPVOICE_FAKE_trump-to-Biden_frag87,1,cc3bdf544cfc09bd9cc788f7f022ba1af9daf701
DeepVoice,DEEPVOICE_FAKE_trump-to-Biden_frag88,DEEPVOICE_FAKE_trump-to-Biden_frag88,1,cc3bdf544cfc09bd9cc788f7f022ba1af9daf701
DeepVoice,DEEPVOICE_FAKE_trump-to-Biden_frag89,DEEPVOICE_FAKE_trump-to-Biden_frag89,1,cc3bdf544cfc09bd9cc788f7f022ba1af9daf701
DeepVoice,DEEPVOICE_FAKE_trump-to-Biden_frag9,DEEPVOICE_FAKE_trump-to-Biden_frag9,1,cc3bdf544cfc09bd9cc788f7f022ba1af9daf701
DeepVoice,DEEPVOICE_FAKE_trump-to-Biden_frag90,DEEPVOICE_FAKE_trump-to-Biden_frag90,1,cc3bdf544cfc09bd9cc788f7f022ba1af9daf701
DeepVoice,DEEPVOICE_FAKE_trump-to-Biden_frag91,DEEPVOICE_FAKE_trump-to-Biden_frag91,1,cc3bdf544cfc09bd9cc788f7f022ba1af9daf701
DeepVoice,DEEPVOICE_FAKE_trump-to-Biden_frag92,DEEPVOICE_FAKE_trump-to-Biden_frag92,1,cc3bdf544cfc09bd9cc788f7f022ba1af9daf701
DeepVoice,DEEPVOICE_FAKE_trump-to-Biden_frag93,DEEPVOICE_FAKE_trump-to-Biden_frag93,1,cc3bdf544cfc09bd9cc788f7f022ba1af9daf701
DeepVoice,DEEPVOICE_FAKE_trump-to-Biden_frag94,DEEPVOICE_FAKE_trump-to-Biden_frag94,1,cc3bdf544cfc09bd9cc788f7f022ba1af9daf701
DeepVoice,DEEPVOICE_FAKE_trump-to-Biden_frag95,DEEPVOICE_FAKE_trump-to-Biden_frag95,1,cc3bdf544cfc09bd9cc788f7f022ba1af9daf701
DeepVoice,DEEPVOICE_FAKE_trump-to-Biden_frag96,DEEPVOICE_FAKE_trump-to-Biden_frag96,1,cc3bdf544cfc09bd9cc788f7f022ba1af9daf701
DeepVoice,DEEPVOICE_FAKE_trump-to-Biden_frag97,DEEPVOICE_FAKE_trump-to-Biden_frag97,1,cc3bdf544cfc09bd9cc788f7f022ba1af9daf701
DeepVoice,DEEPVOICE_FAKE_trump-to-Biden_frag98,DEEPVOICE_FAKE_trump-to-Biden_frag98,1,cc3bdf544cfc09bd9cc788f7f022ba1af9daf701
DeepVoice,DEEPVOICE_FAKE_trump-to-Biden_frag99,DEEPVOICE_FAKE_trump-to-Biden_frag99,1,cc3bdf544cfc09bd9cc788f7f022ba1af9daf701
DeepVoice,DEEPVOICE_FAKE_trump-to-Obama_frag0,DEEPVOICE_FAKE_trump-to-Obama_frag0,1,cc3bdf544cfc09bd9cc788f7f022ba1af9daf701
DeepVoice,DEEPVOICE_FAKE_trump-to-Obama_frag1,DEEPVOICE_FAKE_trump-to-Obama_frag1,1,cc3bdf544cfc09bd9cc788f7f022ba1af9daf701
DeepVoice,DEEPVOICE_FAKE_trump-to-Obama_frag10,DEEPVOICE_FAKE_trump-to-Obama_frag10,1,cc3bdf544cfc09bd9cc788f7f022ba1af9daf701
DeepVoice,DEEPVOICE_FAKE_trump-to-Obama_frag11,DEEPVOICE_FAKE_trump-to-Obama_frag11,1,cc3bdf544cfc09bd9cc788f7f022ba1af9daf701
DeepVoice,DEEPVOICE_FAKE_trump-to-Obama_frag12,DEEPVOICE_FAKE_trump-to-Obama_frag12,1,cc3bdf544cfc09bd9cc788f7f022ba1af9daf701
DeepVoice,DEEPVOICE_FAKE_trump-to-Obama_frag13,DEEPVOICE_FAKE_trump-to-Obama_frag13,1,cc3bdf544cfc09bd9cc788f7f022ba1af9daf701
DeepVoice,DEEPVOICE_FAKE_trump-to-Obama_frag14,DEEPVOICE_FAKE_trump-to-Obama_frag14,1,cc3bdf544cfc09bd9cc788f7f022ba1af9daf701
DeepVoice,DEEPVOICE_FAKE_trump-to-Obama_frag15,DEEPVOICE_FAKE_trump-to-Obama_frag15,1,cc3bdf544cfc09bd9cc788f7f022ba1af9daf701
DeepVoice,DEEPVOICE_FAKE_trump-to-Obama_frag16,DEEPVOICE_FAKE_trump-to-Obama_frag16,1,cc3bdf544cfc09bd9cc788f7f022ba1af9daf701
DeepVoice,DEEPVOICE_FAKE_trump-to-Obama_frag17,DEEPVOICE_FAKE_trump-to-Obama_frag17,1,cc3bdf544cfc09bd9cc788f7f022ba1af9daf701
DeepVoice,DEEPVOICE_FAKE_trump-to-Obama_frag18,DEEPVOICE_FAKE_trump-to-Obama_frag18,1,cc3bdf544cfc09bd9cc788f7f022ba1af9daf701
DeepVoice,DEEPVOICE_FAKE_trump-to-Obama_frag19,DEEPVOICE_FAKE_trump-to-Obama_frag19,1,cc3bdf544cfc09bd9cc788f7f022ba1af9daf701
DeepVoice,DEEPVOICE_FAKE_trump-to-Obama_frag2,DEEPVOICE_FAKE_trump-to-Obama_frag2,1,cc3bdf544cfc09bd9cc788f7f022ba1af9daf701
DeepVoice,DEEPVOICE_FAKE_trump-to-Obama_frag20,DEEPVOICE_FAKE_trump-to-Obama_frag20,1,cc3bdf544cfc09bd9cc788f7f022ba1af9daf701
DeepVoice,DEEPVOICE_FAKE_trump-to-Obama_frag21,DEEPVOICE_FAKE_trump-to-Obama_frag21,1,cc3bdf544cfc09bd9cc788f7f022ba1af9daf701
DeepVoice,DEEPVOICE_FAKE_trump-to-Obama_frag22,DEEPVOICE_FAKE_trump-to-Obama_frag22,1,cc3bdf544cfc09bd9cc788f7f022ba1af9daf701
DeepVoice,DEEPVOICE_FAKE_trump-to-Obama_frag23,DEEPVOICE_FAKE_trump-to-Obama_frag23,1,cc3bdf544cfc09bd9cc788f7f022ba1af9daf701
DeepVoice,DEEPVOICE_FAKE_trump-to-Obama_frag24,DEEPVOICE_FAKE_trump-to-Obama_frag24,1,cc3bdf544cfc09bd9cc788f7f022ba1af9daf701
DeepVoice,DEEPVOICE_FAKE_trump-to-Obama_frag25,DEEPVOICE_FAKE_trump-to-Obama_frag25,1,cc3bdf544cfc09bd9cc788f7f022ba1af9daf701
DeepVoice,DEEPVOICE_FAKE_trump-to-Obama_frag26,DEEPVOICE_FAKE_trump-to-Obama_frag26,1,cc3bdf544cfc09bd9cc788f7f022ba1af9daf701
DeepVoice,DEEPVOICE_FAKE_trump-to-Obama_frag27,DEEPVOICE_FAKE_trump-to-Obama_frag27,1,cc3bdf544cfc09bd9cc788f7f022ba1af9daf701
DeepVoice,DEEPVOICE_FAKE_trump-to-Obama_frag28,DEEPVOICE_FAKE_trump-to-Obama_frag28,1,cc3bdf544cfc09bd9cc788f7f022ba1af9daf701
DeepVoice,DEEPVOICE_FAKE_trump-to-Obama_frag29,DEEPVOICE_FAKE_trump-to-Obama_frag29,1,cc3bdf544cfc09bd9cc788f7f022ba1af9daf701
DeepVoice,DEEPVOICE_FAKE_trump-to-Obama_frag3,DEEPVOICE_FAKE_trump-to-Obama_frag3,1,cc3bdf544cfc09bd9cc788f7f022ba1af9daf701
DeepVoice,DEEPVOICE_FAKE_trump-to-Obama_frag30,DEEPVOICE_FAKE_trump-to-Obama_frag30,1,cc3bdf544cfc09bd9cc788f7f022ba1af9daf701
DeepVoice,DEEPVOICE_FAKE_trump-to-Obama_frag31,DEEPVOICE_FAKE_trump-to-Obama_frag31,1,cc3bdf544cfc09bd9cc788f7f022ba1af9daf701
DeepVoice,DEEPVOICE_FAKE_trump-to-Obama_frag32,DEEPVOICE_FAKE_trump-to-Obama_frag32,1,cc3bdf544cfc09bd9cc788f7f022ba1af9daf701
DeepVoice,DEEPVOICE_FAKE_trump-to-Obama_frag33,DEEPVOICE_FAKE_trump-to-Obama_frag33,1,cc3bdf544cfc09bd9cc788f7f022ba1af9daf701
DeepVoice,DEEPVOICE_FAKE_trump-to-Obama_frag34,DEEPVOICE_FAKE_trump-to-Obama_frag34,1,cc3bdf544cfc09bd9cc788f7f022ba1af9daf701
DeepVoice,DEEPVOICE_FAKE_trump-to-Obama_frag35,DEEPVOICE_FAKE_trump-to-Obama_frag35,1,cc3bdf544cfc09bd9cc788f7f022ba1af9daf701
DeepVoice,DEEPVOICE_FAKE_trump-to-Obama_frag36,DEEPVOICE_FAKE_trump-to-Obama_frag36,1,cc3bdf544cfc09bd9cc788f7f022ba1af9daf701
DeepVoice,DEEPVOICE_FAKE_trump-to-Obama_frag37,DEEPVOICE_FAKE_trump-to-Obama_frag37,1,cc3bdf544cfc09bd9cc788f7f022ba1af9daf701
DeepVoice,DEEPVOICE_FAKE_trump-to-Obama_frag38,DEEPVOICE_FAKE_trump-to-Obama_frag38,1,cc3bdf544cfc09bd9cc788f7f022ba1af9daf701
DeepVoice,DEEPVOICE_FAKE_trump-to-Obama_frag39,DEEPVOICE_FAKE_trump-to-Obama_frag39,1,cc3bdf544cfc09bd9cc788f7f022ba1af9daf701
DeepVoice,DEEPVOICE_FAKE_trump-to-Obama_frag4,DEEPVOICE_FAKE_trump-to-Obama_frag4,1,cc3bdf544cfc09bd9cc788f7f022ba1af9daf701
DeepVoice,DEEPVOICE_FAKE_trump-to-Obama_frag40,DEEPVOICE_FAKE_trump-to-Obama_frag40,1,cc3bdf544cfc09bd9cc788f7f022ba1af9daf701
DeepVoice,DEEPVOICE_FAKE_trump-to-Obama_frag41,DEEPVOICE_FAKE_trump-to-Obama_frag41,1,cc3bdf544cfc09bd9cc788f7f022ba1af9daf701
DeepVoice,DEEPVOICE_FAKE_trump-to-Obama_frag42,DEEPVOICE_FAKE_trump-to-Obama_frag42,1,cc3bdf544cfc09bd9cc788f7f022ba1af9daf701
DeepVoice,DEEPVOICE_FAKE_trump-to-Obama_frag43,DEEPVOICE_FAKE_trump-to-Obama_frag43,1,cc3bdf544cfc09bd9cc788f7f022ba1af9daf701
DeepVoice,DEEPVOICE_FAKE_trump-to-Obama_frag44,DEEPVOICE_FAKE_trump-to-Obama_frag44,1,cc3bdf544cfc09bd9cc788f7f022ba1af9daf701
DeepVoice,DEEPVOICE_FAKE_trump-to-Obama_frag45,DEEPVOICE_FAKE_trump-to-Obama_frag45,1,cc3bdf544cfc09bd9cc788f7f022ba1af9daf701
DeepVoice,DEEPVOICE_FAKE_trump-to-Obama_frag46,DEEPVOICE_FAKE_trump-to-Obama_frag46,1,cc3bdf544cfc09bd9cc788f7f022ba1af9daf701
DeepVoice,DEEPVOICE_FAKE_trump-to-Obama_frag47,DEEPVOICE_FAKE_trump-to-Obama_frag47,1,cc3bdf544cfc09bd9cc788f7f022ba1af9daf701
DeepVoice,DEEPVOICE_FAKE_trump-to-Obama_frag48,DEEPVOICE_FAKE_trump-to-Obama_frag48,1,cc3bdf544cfc09bd9cc788f7f022ba1af9daf701
DeepVoice,DEEPVOICE_FAKE_trump-to-Obama_frag49,DEEPVOICE_FAKE_trump-to-Obama_frag49,1,cc3bdf544cfc09bd9cc788f7f022ba1af9daf701
DeepVoice,DEEPVOICE_FAKE_trump-to-Obama_frag5,DEEPVOICE_FAKE_trump-to-Obama_frag5,1,cc3bdf544cfc09bd9cc788f7f022ba1af9daf701
DeepVoice,DEEPVOICE_FAKE_trump-to-Obama_frag50,DEEPVOICE_FAKE_trump-to-Obama_frag50,1,cc3bdf544cfc09bd9cc788f7f022ba1af9daf701
DeepVoice,DEEPVOICE_FAKE_trump-to-Obama_frag51,DEEPVOICE_FAKE_trump-to-Obama_frag51,1,cc3bdf544cfc09bd9cc788f7f022ba1af9daf701
DeepVoice,DEEPVOICE_FAKE_trump-to-Obama_frag52,DEEPVOICE_FAKE_trump-to-Obama_frag52,1,cc3bdf544cfc09bd9cc788f7f022ba1af9daf701
DeepVoice,DEEPVOICE_FAKE_trump-to-Obama_frag53,DEEPVOICE_FAKE_trump-to-Obama_frag53,1,cc3bdf544cfc09bd9cc788f7f022ba1af9daf701
DeepVoice,DEEPVOICE_FAKE_trump-to-Obama_frag54,DEEPVOICE_FAKE_trump-to-Obama_frag54,1,cc3bdf544cfc09bd9cc788f7f022ba1af9daf701
DeepVoice,DEEPVOICE_FAKE_trump-to-Obama_frag55,DEEPVOICE_FAKE_trump-to-Obama_frag55,1,cc3bdf544cfc09bd9cc788f7f022ba1af9daf701
DeepVoice,DEEPVOICE_FAKE_trump-to-Obama_frag56,DEEPVOICE_FAKE_trump-to-Obama_frag56,1,cc3bdf544cfc09bd9cc788f7f022ba1af9daf701
DeepVoice,DEEPVOICE_FAKE_trump-to-Obama_frag57,DEEPVOICE_FAKE_trump-to-Obama_frag57,1,cc3bdf544cfc09bd9cc788f7f022ba1af9daf701
DeepVoice,DEEPVOICE_FAKE_trump-to-Obama_frag58,DEEPVOICE_FAKE_trump-to-Obama_frag58,1,cc3bdf544cfc09bd9cc788f7f022ba1af9daf701
DeepVoice,DEEPVOICE_FAKE_trump-to-Obama_frag59,DEEPVOICE_FAKE_trump-to-Obama_frag59,1,cc3bdf544cfc09bd9cc788f7f022ba1af9daf701
DeepVoice,DEEPVOICE_FAKE_trump-to-Obama_frag6,DEEPVOICE_FAKE_trump-to-Obama_frag6,1,cc3bdf544cfc09bd9cc788f7f022ba1af9daf701
DeepVoice,DEEPVOICE_FAKE_trump-to-Obama_frag60,DEEPVOICE_FAKE_trump-to-Obama_frag60,1,cc3bdf544cfc09bd9cc788f7f022ba1af9daf701
DeepVoice,DEEPVOICE_FAKE_trump-to-Obama_frag61,DEEPVOICE_FAKE_trump-to-Obama_frag61,1,cc3bdf544cfc09bd9cc788f7f022ba1af9daf701
DeepVoice,DEEPVOICE_FAKE_trump-to-Obama_frag62,DEEPVOICE_FAKE_trump-to-Obama_frag62,1,cc3bdf544cfc09bd9cc788f7f022ba1af9daf701
DeepVoice,DEEPVOICE_FAKE_trump-to-Obama_frag63,DEEPVOICE_FAKE_trump-to-Obama_frag63,1,cc3bdf544cfc09bd9cc788f7f022ba1af9daf701
DeepVoice,DEEPVOICE_FAKE_trump-to-Obama_frag64,DEEPVOICE_FAKE_trump-to-Obama_frag64,1,cc3bdf544cfc09bd9cc788f7f022ba1af9daf701
DeepVoice,DEEPVOICE_FAKE_trump-to-Obama_frag65,DEEPVOICE_FAKE_trump-to-Obama_frag65,1,cc3bdf544cfc09bd9cc788f7f022ba1af9daf701
DeepVoice,DEEPVOICE_FAKE_trump-to-Obama_frag66,DEEPVOICE_FAKE_trump-to-Obama_frag66,1,cc3bdf544cfc09bd9cc788f7f022ba1af9daf701
DeepVoice,DEEPVOICE_FAKE_trump-to-Obama_frag67,DEEPVOICE_FAKE_trump-to-Obama_frag67,1,cc3bdf544cfc09bd9cc788f7f022ba1af9daf701
DeepVoice,DEEPVOICE_FAKE_trump-to-Obama_frag68,DEEPVOICE_FAKE_trump-to-Obama_frag68,1,cc3bdf544cfc09bd9cc788f7f022ba1af9daf701
DeepVoice,DEEPVOICE_FAKE_trump-to-Obama_frag69,DEEPVOICE_FAKE_trump-to-Obama_frag69,1,cc3bdf544cfc09bd9cc788f7f022ba1af9daf701
DeepVoice,DEEPVOICE_FAKE_trump-to-Obama_frag7,DEEPVOICE_FAKE_trump-to-Obama_frag7,1,cc3bdf544cfc09bd9cc788f7f022ba1af9daf701
DeepVoice,DEEPVOICE_FAKE_trump-to-Obama_frag70,DEEPVOICE_FAKE_trump-to-Obama_frag70,1,cc3bdf544cfc09bd9cc788f7f022ba1af9daf701
DeepVoice,DEEPVOICE_FAKE_trump-to-Obama_frag71,DEEPVOICE_FAKE_trump-to-Obama_frag71,1,cc3bdf544cfc09bd9cc788f7f022ba1af9daf701
DeepVoice,DEEPVOICE_FAKE_trump-to-Obama_frag72,DEEPVOICE_FAKE_trump-to-Obama_frag72,1,cc3bdf544cfc09bd9cc788f7f022ba1af9daf701
DeepVoice,DEEPVOICE_FAKE_trump-to-Obama_frag73,DEEPVOICE_FAKE_trump-to-Obama_frag73,1,cc3bdf544cfc09bd9cc788f7f022ba1af9daf701
DeepVoice,DEEPVOICE_FAKE_trump-to-Obama_frag74,DEEPVOICE_FAKE_trump-to-Obama_frag74,1,cc3bdf544cfc09bd9cc788f7f022ba1af9daf701
DeepVoice,DEEPVOICE_FAKE_trump-to-Obama_frag75,DEEPVOICE_FAKE_trump-to-Obama_frag75,1,cc3bdf544cfc09bd9cc788f7f022ba1af9daf701
DeepVoice,DEEPVOICE_FAKE_trump-to-Obama_frag76,DEEPVOICE_FAKE_trump-to-Obama_frag76,1,cc3bdf544cfc09bd9cc788f7f022ba1af9daf701
DeepVoice,DEEPVOICE_FAKE_trump-to-Obama_frag77,DEEPVOICE_FAKE_trump-to-Obama_frag77,1,cc3bdf544cfc09bd9cc788f7f022ba1af9daf701
DeepVoice,DEEPVOICE_FAKE_trump-to-Obama_frag78,DEEPVOICE_FAKE_trump-to-Obama_frag78,1,cc3bdf544cfc09bd9cc788f7f022ba1af9daf701
DeepVoice,DEEPVOICE_FAKE_trump-to-Obama_frag79,DEEPVOICE_FAKE_trump-to-Obama_frag79,1,cc3bdf544cfc09bd9cc788f7f022ba1af9daf701
DeepVoice,DEEPVOICE_FAKE_trump-to-Obama_frag8,DEEPVOICE_FAKE_trump-to-Obama_frag8,1,cc3bdf544cfc09bd9cc788f7f022ba1af9daf701
DeepVoice,DEEPVOICE_FAKE_trump-to-Obama_frag80,DEEPVOICE_FAKE_trump-to-Obama_frag80,1,cc3bdf544cfc09bd9cc788f7f022ba1af9daf701
DeepVoice,DEEPVOICE_FAKE_trump-to-Obama_frag81,DEEPVOICE_FAKE_trump-to-Obama_frag81,1,cc3bdf544cfc09bd9cc788f7f022ba1af9daf701
DeepVoice,DEEPVOICE_FAKE_trump-to-Obama_frag82,DEEPVOICE_FAKE_trump-to-Obama_frag82,1,cc3bdf544cfc09bd9cc788f7f022ba1af9daf701
DeepVoice,DEEPVOICE_FAKE_trump-to-Obama_frag83,DEEPVOICE_FAKE_trump-to-Obama_frag83,1,cc3bdf544cfc09bd9cc788f7f022ba1af9daf701
DeepVoice,DEEPVOICE_FAKE_trump-to-Obama_frag84,DEEPVOICE_FAKE_trump-to-Obama_frag84,1,cc3bdf544cfc09bd9cc788f7f022ba1af9daf701
DeepVoice,DEEPVOICE_FAKE_trump-to-Obama_frag85,DEEPVOICE_FAKE_trump-to-Obama_frag85,1,cc3bdf544cfc09bd9cc788f7f022ba1af9daf701
DeepVoice,DEEPVOICE_FAKE_trump-to-Obama_frag86,DEEPVOICE_FAKE_trump-to-Obama_frag86,1,cc3bdf544cfc09bd9cc788f7f022ba1af9daf701
DeepVoice,DEEPVOICE_FAKE_trump-to-Obama_frag87,DEEPVOICE_FAKE_trump-to-Obama_frag87,1,cc3bdf544cfc09bd9cc788f7f022ba1af9daf701
DeepVoice,DEEPVOICE_FAKE_trump-to-Obama_frag88,DEEPVOICE_FAKE_trump-to-Obama_frag88,1,cc3bdf544cfc09bd9cc788f7f022ba1af9daf701
DeepVoice,DEEPVOICE_FAKE_trump-to-Obama_frag89,DEEPVOICE_FAKE_trump-to-Obama_frag89,1,cc3bdf544cfc09bd9cc788f7f022ba1af9daf701
DeepVoice,DEEPVOICE_FAKE_trump-to-Obama_frag9,DEEPVOICE_FAKE_trump-to-Obama_frag9,1,cc3bdf544cfc09bd9cc788f7f022ba1af9daf701
DeepVoice,DEEPVOICE_FAKE_trump-to-Obama_frag90,DEEPVOICE_FAKE_trump-to-Obama_frag90,1,cc3bdf544cfc09bd9cc788f7f022ba1af9daf701
DeepVoice,DEEPVOICE_FAKE_trump-to-Obama_frag91,DEEPVOICE_FAKE_trump-to-Obama_frag91,1,cc3bdf544cfc09bd9cc788f7f022ba1af9daf701
DeepVoice,DEEPVOICE_FAKE_trump-to-Obama_frag92,DEEPVOICE_FAKE_trump-to-Obama_frag92,1,cc3bdf544cfc09bd9cc788f7f022ba1af9daf701
DeepVoice,DEEPVOICE_FAKE_trump-to-Obama_frag93,DEEPVOICE_FAKE_trump-to-Obama_frag93,1,cc3bdf544cfc09bd9cc788f7f022ba1af9daf701
DeepVoice,DEEPVOICE_FAKE_trump-to-Obama_frag94,DEEPVOICE_FAKE_trump-to-Obama_frag94,1,cc3bdf544cfc09bd9cc788f7f022ba1af9daf701
DeepVoice,DEEPVOICE_FAKE_trump-to-Obama_frag95,DEEPVOICE_FAKE_trump-to-Obama_frag95,1,cc3bdf544cfc09bd9cc788f7f022ba1af9daf701
DeepVoice,DEEPVOICE_FAKE_trump-to-Obama_frag96,DEEPVOICE_FAKE_trump-to-Obama_frag96,1,cc3bdf544cfc09bd9cc788f7f022ba1af9daf701
DeepVoice,DEEPVOICE_FAKE_trump-to-Obama_frag97,DEEPVOICE_FAKE_trump-to-Obama_frag97,1,cc3bdf544cfc09bd9cc788f7f022ba1af9daf701
DeepVoice,DEEPVOICE_FAKE_trump-to-Obama_frag98,DEEPVOICE_FAKE_trump-to-Obama_frag98,1,cc3bdf544cfc09bd9cc788f7f022ba1af9daf701
DeepVoice,DEEPVOICE_FAKE_trump-to-Obama_frag99,DEEPVOICE_FAKE_trump-to-Obama_frag99,1,cc3bdf544cfc09bd9cc788f7f022ba1af9daf701
DeepVoice,DEEPVOICE_FAKE_trump-to-linus_frag0,DEEPVOICE_FAKE_trump-to-linus_frag0,1,cc3bdf544cfc09bd9cc788f7f022ba1af9daf701
DeepVoice,DEEPVOICE_FAKE_trump-to-linus_frag1,DEEPVOICE_FAKE_trump-to-linus_frag1,1,cc3bdf544cfc09bd9cc788f7f022ba1af9daf701
DeepVoice,DEEPVOICE_FAKE_trump-to-linus_frag10,DEEPVOICE_FAKE_trump-to-linus_frag10,1,cc3bdf544cfc09bd9cc788f7f022ba1af9daf701
DeepVoice,DEEPVOICE_FAKE_trump-to-linus_frag11,DEEPVOICE_FAKE_trump-to-linus_frag11,1,cc3bdf544cfc09bd9cc788f7f022ba1af9daf701
DeepVoice,DEEPVOICE_FAKE_trump-to-linus_frag12,DEEPVOICE_FAKE_trump-to-linus_frag12,1,cc3bdf544cfc09bd9cc788f7f022ba1af9daf701
DeepVoice,DEEPVOICE_FAKE_trump-to-linus_frag13,DEEPVOICE_FAKE_trump-to-linus_frag13,1,cc3bdf544cfc09bd9cc788f7f022ba1af9daf701
DeepVoice,DEEPVOICE_FAKE_trump-to-linus_frag14,DEEPVOICE_FAKE_trump-to-linus_frag14,1,cc3bdf544cfc09bd9cc788f7f022ba1af9daf701
DeepVoice,DEEPVOICE_FAKE_trump-to-linus_frag15,DEEPVOICE_FAKE_trump-to-linus_frag15,1,cc3bdf544cfc09bd9cc788f7f022ba1af9daf701
DeepVoice,DEEPVOICE_FAKE_trump-to-linus_frag16,DEEPVOICE_FAKE_trump-to-linus_frag16,1,cc3bdf544cfc09bd9cc788f7f022ba1af9daf701
DeepVoice,DEEPVOICE_FAKE_trump-to-linus_frag17,DEEPVOICE_FAKE_trump-to-linus_frag17,1,cc3bdf544cfc09bd9cc788f7f022ba1af9daf701
DeepVoice,DEEPVOICE_FAKE_trump-to-linus_frag18,DEEPVOICE_FAKE_trump-to-linus_frag18,1,cc3bdf544cfc09bd9cc788f7f022ba1af9daf701
DeepVoice,DEEPVOICE_FAKE_trump-to-linus_frag19,DEEPVOICE_FAKE_trump-to-linus_frag19,1,cc3bdf544cfc09bd9cc788f7f022ba1af9daf701
DeepVoice,DEEPVOICE_FAKE_trump-to-linus_frag2,DEEPVOICE_FAKE_trump-to-linus_frag2,1,cc3bdf544cfc09bd9cc788f7f022ba1af9daf701
DeepVoice,DEEPVOICE_FAKE_trump-to-linus_frag20,DEEPVOICE_FAKE_trump-to-linus_frag20,1,cc3bdf544cfc09bd9cc788f7f022ba1af9daf701
DeepVoice,DEEPVOICE_FAKE_trump-to-linus_frag21,DEEPVOICE_FAKE_trump-to-linus_frag21,1,cc3bdf544cfc09bd9cc788f7f022ba1af9daf701
DeepVoice,DEEPVOICE_FAKE_trump-to-linus_frag22,DEEPVOICE_FAKE_trump-to-linus_frag22,1,cc3bdf544cfc09bd9cc788f7f022ba1af9daf701
DeepVoice,DEEPVOICE_FAKE_trump-to-linus_frag23,DEEPVOICE_FAKE_trump-to-linus_frag23,1,cc3bdf544cfc09bd9cc788f7f022ba1af9daf701
DeepVoice,DEEPVOICE_FAKE_trump-to-linus_frag24,DEEPVOICE_FAKE_trump-to-linus_frag24,1,cc3bdf544cfc09bd9cc788f7f022ba1af9daf701
DeepVoice,DEEPVOICE_FAKE_trump-to-linus_frag25,DEEPVOICE_FAKE_trump-to-linus_frag25,1,cc3bdf544cfc09bd9cc788f7f022ba1af9daf701
DeepVoice,DEEPVOICE_FAKE_trump-to-linus_frag26,DEEPVOICE_FAKE_trump-to-linus_frag26,1,cc3bdf544cfc09bd9cc788f7f022ba1af9daf701
DeepVoice,DEEPVOICE_FAKE_trump-to-linus_frag27,DEEPVOICE_FAKE_trump-to-linus_frag27,1,cc3bdf544cfc09bd9cc788f7f022ba1af9daf701
DeepVoice,DEEPVOICE_FAKE_trump-to-linus_frag28,DEEPVOICE_FAKE_trump-to-linus_frag28,1,cc3bdf544cfc09bd9cc788f7f022ba1af9daf701
DeepVoice,DEEPVOICE_FAKE_trump-to-linus_frag29,DEEPVOICE_FAKE_trump-to-linus_frag29,1,cc3bdf544cfc09bd9cc788f7f022ba1af9daf701
DeepVoice,DEEPVOICE_FAKE_trump-to-linus_frag3,DEEPVOICE_FAKE_trump-to-linus_frag3,1,cc3bdf544cfc09bd9cc788f7f022ba1af9daf701
DeepVoice,DEEPVOICE_FAKE_trump-to-linus_frag30,DEEPVOICE_FAKE_trump-to-linus_frag30,1,cc3bdf544cfc09bd9cc788f7f022ba1af9daf701
DeepVoice,DEEPVOICE_FAKE_trump-to-linus_frag31,DEEPVOICE_FAKE_trump-to-linus_frag31,1,cc3bdf544cfc09bd9cc788f7f022ba1af9daf701
DeepVoice,DEEPVOICE_FAKE_trump-to-linus_frag32,DEEPVOICE_FAKE_trump-to-linus_frag32,1,cc3bdf544cfc09bd9cc788f7f022ba1af9daf701
DeepVoice,DEEPVOICE_FAKE_trump-to-linus_frag33,DEEPVOICE_FAKE_trump-to-linus_frag33,1,cc3bdf544cfc09bd9cc788f7f022ba1af9daf701
DeepVoice,DEEPVOICE_FAKE_trump-to-linus_frag34,DEEPVOICE_FAKE_trump-to-linus_frag34,1,cc3bdf544cfc09bd9cc788f7f022ba1af9daf701
DeepVoice,DEEPVOICE_FAKE_trump-to-linus_frag35,DEEPVOICE_FAKE_trump-to-linus_frag35,1,cc3bdf544cfc09bd9cc788f7f022ba1af9daf701
DeepVoice,DEEPVOICE_FAKE_trump-to-linus_frag36,DEEPVOICE_FAKE_trump-to-linus_frag36,1,cc3bdf544cfc09bd9cc788f7f022ba1af9daf701
DeepVoice,DEEPVOICE_FAKE_trump-to-linus_frag37,DEEPVOICE_FAKE_trump-to-linus_frag37,1,cc3bdf544cfc09bd9cc788f7f022ba1af9daf701
DeepVoice,DEEPVOICE_FAKE_trump-to-linus_frag38,DEEPVOICE_FAKE_trump-to-linus_frag38,1,cc3bdf544cfc09bd9cc788f7f022ba1af9daf701
DeepVoice,DEEPVOICE_FAKE_trump-to-linus_frag39,DEEPVOICE_FAKE_trump-to-linus_frag39,1,cc3bdf544cfc09bd9cc788f7f022ba1af9daf701
DeepVoice,DEEPVOICE_FAKE_trump-to-linus_frag4,DEEPVOICE_FAKE_trump-to-linus_frag4,1,cc3bdf544cfc09bd9cc788f7f022ba1af9daf701
DeepVoice,DEEPVOICE_FAKE_trump-to-linus_frag40,DEEPVOICE_FAKE_trump-to-linus_frag40,1,cc3bdf544cfc09bd9cc788f7f022ba1af9daf701
DeepVoice,DEEPVOICE_FAKE_trump-to-linus_frag41,DEEPVOICE_FAKE_trump-to-linus_frag41,1,cc3bdf544cfc09bd9cc788f7f022ba1af9daf701
DeepVoice,DEEPVOICE_FAKE_trump-to-linus_frag42,DEEPVOICE_FAKE_trump-to-linus_frag42,1,cc3bdf544cfc09bd9cc788f7f022ba1af9daf701
DeepVoice,DEEPVOICE_FAKE_trump-to-linus_frag43,DEEPVOICE_FAKE_trump-to-linus_frag43,1,cc3bdf544cfc09bd9cc788f7f022ba1af9daf701
DeepVoice,DEEPVOICE_FAKE_trump-to-linus_frag44,DEEPVOICE_FAKE_trump-to-linus_frag44,1,cc3bdf544cfc09bd9cc788f7f022ba1af9daf701
DeepVoice,DEEPVOICE_FAKE_trump-to-linus_frag45,DEEPVOICE_FAKE_trump-to-linus_frag45,1,cc3bdf544cfc09bd9cc788f7f022ba1af9daf701
DeepVoice,DEEPVOICE_FAKE_trump-to-linus_frag46,DEEPVOICE_FAKE_trump-to-linus_frag46,1,cc3bdf544cfc09bd9cc788f7f022ba1af9daf701
DeepVoice,DEEPVOICE_FAKE_trump-to-linus_frag47,DEEPVOICE_FAKE_trump-to-linus_frag47,1,cc3bdf544cfc09bd9cc788f7f022ba1af9daf701
DeepVoice,DEEPVOICE_FAKE_trump-to-linus_frag48,DEEPVOICE_FAKE_trump-to-linus_frag48,1,cc3bdf544cfc09bd9cc788f7f022ba1af9daf701
DeepVoice,DEEPVOICE_FAKE_trump-to-linus_frag49,DEEPVOICE_FAKE_trump-to-linus_frag49,1,cc3bdf544cfc09bd9cc788f7f022ba1af9daf701
DeepVoice,DEEPVOICE_FAKE_trump-to-linus_frag5,DEEPVOICE_FAKE_trump-to-linus_frag5,1,cc3bdf544cfc09bd9cc788f7f022ba1af9daf701
DeepVoice,DEEPVOICE_FAKE_trump-to-linus_frag50,DEEPVOICE_FAKE_trump-to-linus_frag50,1,cc3bdf544cfc09bd9cc788f7f022ba1af9daf701
DeepVoice,DEEPVOICE_FAKE_trump-to-linus_frag51,DEEPVOICE_FAKE_trump-to-linus_frag51,1,cc3bdf544cfc09bd9cc788f7f022ba1af9daf701
DeepVoice,DEEPVOICE_FAKE_trump-to-linus_frag52,DEEPVOICE_FAKE_trump-to-linus_frag52,1,cc3bdf544cfc09bd9cc788f7f022ba1af9daf701
DeepVoice,DEEPVOICE_FAKE_trump-to-linus_frag53,DEEPVOICE_FAKE_trump-to-linus_frag53,1,cc3bdf544cfc09bd9cc788f7f022ba1af9daf701
DeepVoice,DEEPVOICE_FAKE_trump-to-linus_frag54,DEEPVOICE_FAKE_trump-to-linus_frag54,1,cc3bdf544cfc09bd9cc788f7f022ba1af9daf701
DeepVoice,DEEPVOICE_FAKE_trump-to-linus_frag55,DEEPVOICE_FAKE_trump-to-linus_frag55,1,cc3bdf544cfc09bd9cc788f7f022ba1af9daf701
DeepVoice,DEEPVOICE_FAKE_trump-to-linus_frag56,DEEPVOICE_FAKE_trump-to-linus_frag56,1,cc3bdf544cfc09bd9cc788f7f022ba1af9daf701
DeepVoice,DEEPVOICE_FAKE_trump-to-linus_frag57,DEEPVOICE_FAKE_trump-to-linus_frag57,1,cc3bdf544cfc09bd9cc788f7f022ba1af9daf701
DeepVoice,DEEPVOICE_FAKE_trump-to-linus_frag58,DEEPVOICE_FAKE_trump-to-linus_frag58,1,cc3bdf544cfc09bd9cc788f7f022ba1af9daf701
DeepVoice,DEEPVOICE_FAKE_trump-to-linus_frag59,DEEPVOICE_FAKE_trump-to-linus_frag59,1,cc3bdf544cfc09bd9cc788f7f022ba1af9daf701
DeepVoice,DEEPVOICE_FAKE_trump-to-linus_frag6,DEEPVOICE_FAKE_trump-to-linus_frag6,1,cc3bdf544cfc09bd9cc788f7f022ba1af9daf701
DeepVoice,DEEPVOICE_FAKE_trump-to-linus_frag60,DEEPVOICE_FAKE_trump-to-linus_frag60,1,cc3bdf544cfc09bd9cc788f7f022ba1af9daf701
DeepVoice,DEEPVOICE_FAKE_trump-to-linus_frag61,DEEPVOICE_FAKE_trump-to-linus_frag61,1,cc3bdf544cfc09bd9cc788f7f022ba1af9daf701
DeepVoice,DEEPVOICE_FAKE_trump-to-linus_frag62,DEEPVOICE_FAKE_trump-to-linus_frag62,1,cc3bdf544cfc09bd9cc788f7f022ba1af9daf701
DeepVoice,DEEPVOICE_FAKE_trump-to-linus_frag63,DEEPVOICE_FAKE_trump-to-linus_frag63,1,cc3bdf544cfc09bd9cc788f7f022ba1af9daf701
DeepVoice,DEEPVOICE_FAKE_trump-to-linus_frag64,DEEPVOICE_FAKE_trump-to-linus_frag64,1,cc3bdf544cfc09bd9cc788f7f022ba1af9daf701
DeepVoice,DEEPVOICE_FAKE_trump-to-linus_frag65,DEEPVOICE_FAKE_trump-to-linus_frag65,1,cc3bdf544cfc09bd9cc788f7f022ba1af9daf701
DeepVoice,DEEPVOICE_FAKE_trump-to-linus_frag66,DEEPVOICE_FAKE_trump-to-linus_frag66,1,cc3bdf544cfc09bd9cc788f7f022ba1af9daf701
DeepVoice,DEEPVOICE_FAKE_trump-to-linus_frag67,DEEPVOICE_FAKE_trump-to-linus_frag67,1,cc3bdf544cfc09bd9cc788f7f022ba1af9daf701
DeepVoice,DEEPVOICE_FAKE_trump-to-linus_frag68,DEEPVOICE_FAKE_trump-to-linus_frag68,1,cc3bdf544cfc09bd9cc788f7f022ba1af9daf701
DeepVoice,DEEPVOICE_FAKE_trump-to-linus_frag69,DEEPVOICE_FAKE_trump-to-linus_frag69,1,cc3bdf544cfc09bd9cc788f7f022ba1af9daf701
DeepVoice,DEEPVOICE_FAKE_trump-to-linus_frag7,DEEPVOICE_FAKE_trump-to-linus_frag7,1,cc3bdf544cfc09bd9cc788f7f022ba1af9daf701
DeepVoice,DEEPVOICE_FAKE_trump-to-linus_frag70,DEEPVOICE_FAKE_trump-to-linus_frag70,1,cc3bdf544cfc09bd9cc788f7f022ba1af9daf701
DeepVoice,DEEPVOICE_FAKE_trump-to-linus_frag71,DEEPVOICE_FAKE_trump-to-linus_frag71,1,cc3bdf544cfc09bd9cc788f7f022ba1af9daf701
DeepVoice,DEEPVOICE_FAKE_trump-to-linus_frag72,DEEPVOICE_FAKE_trump-to-linus_frag72,1,cc3bdf544cfc09bd9cc788f7f022ba1af9daf701
DeepVoice,DEEPVOICE_FAKE_trump-to-linus_frag73,DEEPVOICE_FAKE_trump-to-linus_frag73,1,cc3bdf544cfc09bd9cc788f7f022ba1af9daf701
DeepVoice,DEEPVOICE_FAKE_trump-to-linus_frag74,DEEPVOICE_FAKE_trump-to-linus_frag74,1,cc3bdf544cfc09bd9cc788f7f022ba1af9daf701
DeepVoice,DEEPVOICE_FAKE_trump-to-linus_frag75,DEEPVOICE_FAKE_trump-to-linus_frag75,1,cc3bdf544cfc09bd9cc788f7f022ba1af9daf701
DeepVoice,DEEPVOICE_FAKE_trump-to-linus_frag76,DEEPVOICE_FAKE_trump-to-linus_frag76,1,cc3bdf544cfc09bd9cc788f7f022ba1af9daf701
DeepVoice,DEEPVOICE_FAKE_trump-to-linus_frag77,DEEPVOICE_FAKE_trump-to-linus_frag77,1,cc3bdf544cfc09bd9cc788f7f022ba1af9daf701
DeepVoice,DEEPVOICE_FAKE_trump-to-linus_frag78,DEEPVOICE_FAKE_trump-to-linus_frag78,1,cc3bdf544cfc09bd9cc788f7f022ba1af9daf701
DeepVoice,DEEPVOICE_FAKE_trump-to-linus_frag79,DEEPVOICE_FAKE_trump-to-linus_frag79,1,cc3bdf544cfc09bd9cc788f7f022ba1af9daf701
DeepVoice,DEEPVOICE_FAKE_trump-to-linus_frag8,DEEPVOICE_FAKE_trump-to-linus_frag8,1,cc3bdf544cfc09bd9cc788f7f022ba1af9daf701
DeepVoice,DEEPVOICE_FAKE_trump-to-linus_frag80,DEEPVOICE_FAKE_trump-to-linus_frag80,1,cc3bdf544cfc09bd9cc788f7f022ba1af9daf701
DeepVoice,DEEPVOICE_FAKE_trump-to-linus_frag81,DEEPVOICE_FAKE_trump-to-linus_frag81,1,cc3bdf544cfc09bd9cc788f7f022ba1af9daf701
DeepVoice,DEEPVOICE_FAKE_trump-to-linus_frag82,DEEPVOICE_FAKE_trump-to-linus_frag82,1,cc3bdf544cfc09bd9cc788f7f022ba1af9daf701
DeepVoice,DEEPVOICE_FAKE_trump-to-linus_frag83,DEEPVOICE_FAKE_trump-to-linus_frag83,1,cc3bdf544cfc09bd9cc788f7f022ba1af9daf701
DeepVoice,DEEPVOICE_FAKE_trump-to-linus_frag84,DEEPVOICE_FAKE_trump-to-linus_frag84,1,cc3bdf544cfc09bd9cc788f7f022ba1af9daf701
DeepVoice,DEEPVOICE_FAKE_trump-to-linus_frag85,DEEPVOICE_FAKE_trump-to-linus_frag85,1,cc3bdf544cfc09bd9cc788f7f022ba1af9daf701
DeepVoice,DEEPVOICE_FAKE_trump-to-linus_frag86,DEEPVOICE_FAKE_trump-to-linus_frag86,1,cc3bdf544cfc09bd9cc788f7f022ba1af9daf701
DeepVoice,DEEPVOICE_FAKE_trump-to-linus_frag87,DEEPVOICE_FAKE_trump-to-linus_frag87,1,cc3bdf544cfc09bd9cc788f7f022ba1af9daf701
DeepVoice,DEEPVOICE_FAKE_trump-to-linus_frag88,DEEPVOICE_FAKE_trump-to-linus_frag88,1,cc3bdf544cfc09bd9cc788f7f022ba1af9daf701
DeepVoice,DEEPVOICE_FAKE_trump-to-linus_frag89,DEEPVOICE_FAKE_trump-to-linus_frag89,1,cc3bdf544cfc09bd9cc788f7f022ba1af9daf701
DeepVoice,DEEPVOICE_FAKE_trump-to-linus_frag9,DEEPVOICE_FAKE_trump-to-linus_frag9,1,cc3bdf544cfc09bd9cc788f7f022ba1af9daf701
DeepVoice,DEEPVOICE_FAKE_trump-to-linus_frag90,DEEPVOICE_FAKE_trump-to-linus_frag90,1,cc3bdf544cfc09bd9cc788f7f022ba1af9daf701
DeepVoice,DEEPVOICE_FAKE_trump-to-linus_frag91,DEEPVOICE_FAKE_trump-to-linus_frag91,1,cc3bdf544cfc09bd9cc788f7f022ba1af9daf701
DeepVoice,DEEPVOICE_FAKE_trump-to-linus_frag92,DEEPVOICE_FAKE_trump-to-linus_frag92,1,cc3bdf544cfc09bd9cc788f7f022ba1af9daf701
DeepVoice,DEEPVOICE_FAKE_trump-to-linus_frag93,DEEPVOICE_FAKE_trump-to-linus_frag93,1,cc3bdf544cfc09bd9cc788f7f022ba1af9daf701
DeepVoice,DEEPVOICE_FAKE_trump-to-linus_frag94,DEEPVOICE_FAKE_trump-to-linus_frag94,1,cc3bdf544cfc09bd9cc788f7f022ba1af9daf701
DeepVoice,DEEPVOICE_FAKE_trump-to-linus_frag95,DEEPVOICE_FAKE_trump-to-linus_frag95,1,cc3bdf544cfc09bd9cc788f7f022ba1af9daf701
DeepVoice,DEEPVOICE_FAKE_trump-to-linus_frag96,DEEPVOICE_FAKE_trump-to-linus_frag96,1,cc3bdf544cfc09bd9cc788f7f022ba1af9daf701
DeepVoice,DEEPVOICE_FAKE_trump-to-margot_frag0,DEEPVOICE_FAKE_trump-to-margot_frag0,1,cc3bdf544cfc09bd9cc788f7f022ba1af9daf701
DeepVoice,DEEPVOICE_FAKE_trump-to-margot_frag1,DEEPVOICE_FAKE_trump-to-margot_frag1,1,cc3bdf544cfc09bd9cc788f7f022ba1af9daf701
DeepVoice,DEEPVOICE_FAKE_trump-to-margot_frag10,DEEPVOICE_FAKE_trump-to-margot_frag10,1,cc3bdf544cfc09bd9cc788f7f022ba1af9daf701
DeepVoice,DEEPVOICE_FAKE_trump-to-margot_frag100,DEEPVOICE_FAKE_trump-to-margot_frag100,1,cc3bdf544cfc09bd9cc788f7f022ba1af9daf701
DeepVoice,DEEPVOICE_FAKE_trump-to-margot_frag101,DEEPVOICE_FAKE_trump-to-margot_frag101,1,cc3bdf544cfc09bd9cc788f7f022ba1af9daf701
DeepVoice,DEEPVOICE_FAKE_trump-to-margot_frag102,DEEPVOICE_FAKE_trump-to-margot_frag102,1,cc3bdf544cfc09bd9cc788f7f022ba1af9daf701
DeepVoice,DEEPVOICE_FAKE_trump-to-margot_frag103,DEEPVOICE_FAKE_trump-to-margot_frag103,1,cc3bdf544cfc09bd9cc788f7f022ba1af9daf701
DeepVoice,DEEPVOICE_FAKE_trump-to-margot_frag11,DEEPVOICE_FAKE_trump-to-margot_frag11,1,cc3bdf544cfc09bd9cc788f7f022ba1af9daf701
DeepVoice,DEEPVOICE_FAKE_trump-to-margot_frag12,DEEPVOICE_FAKE_trump-to-margot_frag12,1,cc3bdf544cfc09bd9cc788f7f022ba1af9daf701
DeepVoice,DEEPVOICE_FAKE_trump-to-margot_frag13,DEEPVOICE_FAKE_trump-to-margot_frag13,1,cc3bdf544cfc09bd9cc788f7f022ba1af9daf701
DeepVoice,DEEPVOICE_FAKE_trump-to-margot_frag14,DEEPVOICE_FAKE_trump-to-margot_frag14,1,cc3bdf544cfc09bd9cc788f7f022ba1af9daf701
DeepVoice,DEEPVOICE_FAKE_trump-to-margot_frag15,DEEPVOICE_FAKE_trump-to-margot_frag15,1,cc3bdf544cfc09bd9cc788f7f022ba1af9daf701
DeepVoice,DEEPVOICE_FAKE_trump-to-margot_frag16,DEEPVOICE_FAKE_trump-to-margot_frag16,1,cc3bdf544cfc09bd9cc788f7f022ba1af9daf701
DeepVoice,DEEPVOICE_FAKE_trump-to-margot_frag17,DEEPVOICE_FAKE_trump-to-margot_frag17,1,cc3bdf544cfc09bd9cc788f7f022ba1af9daf701
DeepVoice,DEEPVOICE_FAKE_trump-to-margot_frag18,DEEPVOICE_FAKE_trump-to-margot_frag18,1,cc3bdf544cfc09bd9cc788f7f022ba1af9daf701
DeepVoice,DEEPVOICE_FAKE_trump-to-margot_frag19,DEEPVOICE_FAKE_trump-to-margot_frag19,1,cc3bdf544cfc09bd9cc788f7f022ba1af9daf701
DeepVoice,DEEPVOICE_FAKE_trump-to-margot_frag2,DEEPVOICE_FAKE_trump-to-margot_frag2,1,cc3bdf544cfc09bd9cc788f7f022ba1af9daf701
DeepVoice,DEEPVOICE_FAKE_trump-to-margot_frag20,DEEPVOICE_FAKE_trump-to-margot_frag20,1,cc3bdf544cfc09bd9cc788f7f022ba1af9daf701
DeepVoice,DEEPVOICE_FAKE_trump-to-margot_frag21,DEEPVOICE_FAKE_trump-to-margot_frag21,1,cc3bdf544cfc09bd9cc788f7f022ba1af9daf701
DeepVoice,DEEPVOICE_FAKE_trump-to-margot_frag22,DEEPVOICE_FAKE_trump-to-margot_frag22,1,cc3bdf544cfc09bd9cc788f7f022ba1af9daf701
DeepVoice,DEEPVOICE_FAKE_trump-to-margot_frag23,DEEPVOICE_FAKE_trump-to-margot_frag23,1,cc3bdf544cfc09bd9cc788f7f022ba1af9daf701
DeepVoice,DEEPVOICE_FAKE_trump-to-margot_frag24,DEEPVOICE_FAKE_trump-to-margot_frag24,1,cc3bdf544cfc09bd9cc788f7f022ba1af9daf701
DeepVoice,DEEPVOICE_FAKE_trump-to-margot_frag25,DEEPVOICE_FAKE_trump-to-margot_frag25,1,cc3bdf544cfc09bd9cc788f7f022ba1af9daf701
DeepVoice,DEEPVOICE_FAKE_trump-to-margot_frag26,DEEPVOICE_FAKE_trump-to-margot_frag26,1,cc3bdf544cfc09bd9cc788f7f022ba1af9daf701
DeepVoice,DEEPVOICE_FAKE_trump-to-margot_frag27,DEEPVOICE_FAKE_trump-to-margot_frag27,1,cc3bdf544cfc09bd9cc788f7f022ba1af9daf701
DeepVoice,DEEPVOICE_FAKE_trump-to-margot_frag28,DEEPVOICE_FAKE_trump-to-margot_frag28,1,cc3bdf544cfc09bd9cc788f7f022ba1af9daf701
DeepVoice,DEEPVOICE_FAKE_trump-to-margot_frag29,DEEPVOICE_FAKE_trump-to-margot_frag29,1,cc3bdf544cfc09bd9cc788f7f022ba1af9daf701
DeepVoice,DEEPVOICE_FAKE_trump-to-margot_frag3,DEEPVOICE_FAKE_trump-to-margot_frag3,1,cc3bdf544cfc09bd9cc788f7f022ba1af9daf701
DeepVoice,DEEPVOICE_FAKE_trump-to-margot_frag30,DEEPVOICE_FAKE_trump-to-margot_frag30,1,cc3bdf544cfc09bd9cc788f7f022ba1af9daf701
DeepVoice,DEEPVOICE_FAKE_trump-to-margot_frag31,DEEPVOICE_FAKE_trump-to-margot_frag31,1,cc3bdf544cfc09bd9cc788f7f022ba1af9daf701
DeepVoice,DEEPVOICE_FAKE_trump-to-margot_frag32,DEEPVOICE_FAKE_trump-to-margot_frag32,1,cc3bdf544cfc09bd9cc788f7f022ba1af9daf701
DeepVoice,DEEPVOICE_FAKE_trump-to-margot_frag33,DEEPVOICE_FAKE_trump-to-margot_frag33,1,cc3bdf544cfc09bd9cc788f7f022ba1af9daf701
DeepVoice,DEEPVOICE_FAKE_trump-to-margot_frag34,DEEPVOICE_FAKE_trump-to-margot_frag34,1,cc3bdf544cfc09bd9cc788f7f022ba1af9daf701
DeepVoice,DEEPVOICE_FAKE_trump-to-margot_frag35,DEEPVOICE_FAKE_trump-to-margot_frag35,1,cc3bdf544cfc09bd9cc788f7f022ba1af9daf701
DeepVoice,DEEPVOICE_FAKE_trump-to-margot_frag36,DEEPVOICE_FAKE_trump-to-margot_frag36,1,cc3bdf544cfc09bd9cc788f7f022ba1af9daf701
DeepVoice,DEEPVOICE_FAKE_trump-to-margot_frag37,DEEPVOICE_FAKE_trump-to-margot_frag37,1,cc3bdf544cfc09bd9cc788f7f022ba1af9daf701
DeepVoice,DEEPVOICE_FAKE_trump-to-margot_frag38,DEEPVOICE_FAKE_trump-to-margot_frag38,1,cc3bdf544cfc09bd9cc788f7f022ba1af9daf701
DeepVoice,DEEPVOICE_FAKE_trump-to-margot_frag39,DEEPVOICE_FAKE_trump-to-margot_frag39,1,cc3bdf544cfc09bd9cc788f7f022ba1af9daf701
DeepVoice,DEEPVOICE_FAKE_trump-to-margot_frag4,DEEPVOICE_FAKE_trump-to-margot_frag4,1,cc3bdf544cfc09bd9cc788f7f022ba1af9daf701
DeepVoice,DEEPVOICE_FAKE_trump-to-margot_frag40,DEEPVOICE_FAKE_trump-to-margot_frag40,1,cc3bdf544cfc09bd9cc788f7f022ba1af9daf701
DeepVoice,DEEPVOICE_FAKE_trump-to-margot_frag41,DEEPVOICE_FAKE_trump-to-margot_frag41,1,cc3bdf544cfc09bd9cc788f7f022ba1af9daf701
DeepVoice,DEEPVOICE_FAKE_trump-to-margot_frag42,DEEPVOICE_FAKE_trump-to-margot_frag42,1,cc3bdf544cfc09bd9cc788f7f022ba1af9daf701
DeepVoice,DEEPVOICE_FAKE_trump-to-margot_frag43,DEEPVOICE_FAKE_trump-to-margot_frag43,1,cc3bdf544cfc09bd9cc788f7f022ba1af9daf701
DeepVoice,DEEPVOICE_FAKE_trump-to-margot_frag44,DEEPVOICE_FAKE_trump-to-margot_frag44,1,cc3bdf544cfc09bd9cc788f7f022ba1af9daf701
DeepVoice,DEEPVOICE_FAKE_trump-to-margot_frag45,DEEPVOICE_FAKE_trump-to-margot_frag45,1,cc3bdf544cfc09bd9cc788f7f022ba1af9daf701
DeepVoice,DEEPVOICE_FAKE_trump-to-margot_frag46,DEEPVOICE_FAKE_trump-to-margot_frag46,1,cc3bdf544cfc09bd9cc788f7f022ba1af9daf701
DeepVoice,DEEPVOICE_FAKE_trump-to-margot_frag47,DEEPVOICE_FAKE_trump-to-margot_frag47,1,cc3bdf544cfc09bd9cc788f7f022ba1af9daf701
DeepVoice,DEEPVOICE_FAKE_trump-to-margot_frag48,DEEPVOICE_FAKE_trump-to-margot_frag48,1,cc3bdf544cfc09bd9cc788f7f022ba1af9daf701
DeepVoice,DEEPVOICE_FAKE_trump-to-margot_frag49,DEEPVOICE_FAKE_trump-to-margot_frag49,1,cc3bdf544cfc09bd9cc788f7f022ba1af9daf701
DeepVoice,DEEPVOICE_FAKE_trump-to-margot_frag5,DEEPVOICE_FAKE_trump-to-margot_frag5,1,cc3bdf544cfc09bd9cc788f7f022ba1af9daf701
DeepVoice,DEEPVOICE_FAKE_trump-to-margot_frag50,DEEPVOICE_FAKE_trump-to-margot_frag50,1,cc3bdf544cfc09bd9cc788f7f022ba1af9daf701
DeepVoice,DEEPVOICE_FAKE_trump-to-margot_frag51,DEEPVOICE_FAKE_trump-to-margot_frag51,1,cc3bdf544cfc09bd9cc788f7f022ba1af9daf701
DeepVoice,DEEPVOICE_FAKE_trump-to-margot_frag52,DEEPVOICE_FAKE_trump-to-margot_frag52,1,cc3bdf544cfc09bd9cc788f7f022ba1af9daf701
DeepVoice,DEEPVOICE_FAKE_trump-to-margot_frag53,DEEPVOICE_FAKE_trump-to-margot_frag53,1,cc3bdf544cfc09bd9cc788f7f022ba1af9daf701
DeepVoice,DEEPVOICE_FAKE_trump-to-margot_frag54,DEEPVOICE_FAKE_trump-to-margot_frag54,1,cc3bdf544cfc09bd9cc788f7f022ba1af9daf701
DeepVoice,DEEPVOICE_FAKE_trump-to-margot_frag55,DEEPVOICE_FAKE_trump-to-margot_frag55,1,cc3bdf544cfc09bd9cc788f7f022ba1af9daf701
DeepVoice,DEEPVOICE_FAKE_trump-to-margot_frag56,DEEPVOICE_FAKE_trump-to-margot_frag56,1,cc3bdf544cfc09bd9cc788f7f022ba1af9daf701
DeepVoice,DEEPVOICE_FAKE_trump-to-margot_frag57,DEEPVOICE_FAKE_trump-to-margot_frag57,1,cc3bdf544cfc09bd9cc788f7f022ba1af9daf701
DeepVoice,DEEPVOICE_FAKE_trump-to-margot_frag58,DEEPVOICE_FAKE_trump-to-margot_frag58,1,cc3bdf544cfc09bd9cc788f7f022ba1af9daf701
DeepVoice,DEEPVOICE_FAKE_trump-to-margot_frag59,DEEPVOICE_FAKE_trump-to-margot_frag59,1,cc3bdf544cfc09bd9cc788f7f022ba1af9daf701
DeepVoice,DEEPVOICE_FAKE_trump-to-margot_frag6,DEEPVOICE_FAKE_trump-to-margot_frag6,1,cc3bdf544cfc09bd9cc788f7f022ba1af9daf701
DeepVoice,DEEPVOICE_FAKE_trump-to-margot_frag60,DEEPVOICE_FAKE_trump-to-margot_frag60,1,cc3bdf544cfc09bd9cc788f7f022ba1af9daf701
DeepVoice,DEEPVOICE_FAKE_trump-to-margot_frag61,DEEPVOICE_FAKE_trump-to-margot_frag61,1,cc3bdf544cfc09bd9cc788f7f022ba1af9daf701
DeepVoice,DEEPVOICE_FAKE_trump-to-margot_frag62,DEEPVOICE_FAKE_trump-to-margot_frag62,1,cc3bdf544cfc09bd9cc788f7f022ba1af9daf701
DeepVoice,DEEPVOICE_FAKE_trump-to-margot_frag63,DEEPVOICE_FAKE_trump-to-margot_frag63,1,cc3bdf544cfc09bd9cc788f7f022ba1af9daf701
DeepVoice,DEEPVOICE_FAKE_trump-to-margot_frag64,DEEPVOICE_FAKE_trump-to-margot_frag64,1,cc3bdf544cfc09bd9cc788f7f022ba1af9daf701
DeepVoice,DEEPVOICE_FAKE_trump-to-margot_frag65,DEEPVOICE_FAKE_trump-to-margot_frag65,1,cc3bdf544cfc09bd9cc788f7f022ba1af9daf701
DeepVoice,DEEPVOICE_FAKE_trump-to-margot_frag66,DEEPVOICE_FAKE_trump-to-margot_frag66,1,cc3bdf544cfc09bd9cc788f7f022ba1af9daf701
DeepVoice,DEEPVOICE_FAKE_trump-to-margot_frag67,DEEPVOICE_FAKE_trump-to-margot_frag67,1,cc3bdf544cfc09bd9cc788f7f022ba1af9daf701
DeepVoice,DEEPVOICE_FAKE_trump-to-margot_frag68,DEEPVOICE_FAKE_trump-to-margot_frag68,1,cc3bdf544cfc09bd9cc788f7f022ba1af9daf701
DeepVoice,DEEPVOICE_FAKE_trump-to-margot_frag69,DEEPVOICE_FAKE_trump-to-margot_frag69,1,cc3bdf544cfc09bd9cc788f7f022ba1af9daf701
DeepVoice,DEEPVOICE_FAKE_trump-to-margot_frag7,DEEPVOICE_FAKE_trump-to-margot_frag7,1,cc3bdf544cfc09bd9cc788f7f022ba1af9daf701
DeepVoice,DEEPVOICE_FAKE_trump-to-margot_frag70,DEEPVOICE_FAKE_trump-to-margot_frag70,1,cc3bdf544cfc09bd9cc788f7f022ba1af9daf701
DeepVoice,DEEPVOICE_FAKE_trump-to-margot_frag71,DEEPVOICE_FAKE_trump-to-margot_frag71,1,cc3bdf544cfc09bd9cc788f7f022ba1af9daf701
DeepVoice,DEEPVOICE_FAKE_trump-to-margot_frag72,DEEPVOICE_FAKE_trump-to-margot_frag72,1,cc3bdf544cfc09bd9cc788f7f022ba1af9daf701
DeepVoice,DEEPVOICE_FAKE_trump-to-margot_frag73,DEEPVOICE_FAKE_trump-to-margot_frag73,1,cc3bdf544cfc09bd9cc788f7f022ba1af9daf701
DeepVoice,DEEPVOICE_FAKE_trump-to-margot_frag74,DEEPVOICE_FAKE_trump-to-margot_frag74,1,cc3bdf544cfc09bd9cc788f7f022ba1af9daf701
DeepVoice,DEEPVOICE_FAKE_trump-to-margot_frag75,DEEPVOICE_FAKE_trump-to-margot_frag75,1,cc3bdf544cfc09bd9cc788f7f022ba1af9daf701
DeepVoice,DEEPVOICE_FAKE_trump-to-margot_frag76,DEEPVOICE_FAKE_trump-to-margot_frag76,1,cc3bdf544cfc09bd9cc788f7f022ba1af9daf701
DeepVoice,DEEPVOICE_FAKE_trump-to-margot_frag77,DEEPVOICE_FAKE_trump-to-margot_frag77,1,cc3bdf544cfc09bd9cc788f7f022ba1af9daf701
DeepVoice,DEEPVOICE_FAKE_trump-to-margot_frag78,DEEPVOICE_FAKE_trump-to-margot_frag78,1,cc3bdf544cfc09bd9cc788f7f022ba1af9daf701
DeepVoice,DEEPVOICE_FAKE_trump-to-margot_frag79,DEEPVOICE_FAKE_trump-to-margot_frag79,1,cc3bdf544cfc09bd9cc788f7f022ba1af9daf701
DeepVoice,DEEPVOICE_FAKE_trump-to-margot_frag8,DEEPVOICE_FAKE_trump-to-margot_frag8,1,cc3bdf544cfc09bd9cc788f7f022ba1af9daf701
DeepVoice,DEEPVOICE_FAKE_trump-to-margot_frag80,DEEPVOICE_FAKE_trump-to-margot_frag80,1,cc3bdf544cfc09bd9cc788f7f022ba1af9daf701
DeepVoice,DEEPVOICE_FAKE_trump-to-margot_frag81,DEEPVOICE_FAKE_trump-to-margot_frag81,1,cc3bdf544cfc09bd9cc788f7f022ba1af9daf701
DeepVoice,DEEPVOICE_FAKE_trump-to-margot_frag82,DEEPVOICE_FAKE_trump-to-margot_frag82,1,cc3bdf544cfc09bd9cc788f7f022ba1af9daf701
DeepVoice,DEEPVOICE_FAKE_trump-to-margot_frag83,DEEPVOICE_FAKE_trump-to-margot_frag83,1,cc3bdf544cfc09bd9cc788f7f022ba1af9daf701
DeepVoice,DEEPVOICE_FAKE_trump-to-margot_frag84,DEEPVOICE_FAKE_trump-to-margot_frag84,1,cc3bdf544cfc09bd9cc788f7f022ba1af9daf701
DeepVoice,DEEPVOICE_FAKE_trump-to-margot_frag85,DEEPVOICE_FAKE_trump-to-margot_frag85,1,cc3bdf544cfc09bd9cc788f7f022ba1af9daf701
DeepVoice,DEEPVOICE_FAKE_trump-to-margot_frag86,DEEPVOICE_FAKE_trump-to-margot_frag86,1,cc3bdf544cfc09bd9cc788f7f022ba1af9daf701
DeepVoice,DEEPVOICE_FAKE_trump-to-margot_frag87,DEEPVOICE_FAKE_trump-to-margot_frag87,1,cc3bdf544cfc09bd9cc788f7f022ba1af9daf701
DeepVoice,DEEPVOICE_FAKE_trump-to-margot_frag88,DEEPVOICE_FAKE_trump-to-margot_frag88,1,cc3bdf544cfc09bd9cc788f7f022ba1af9daf701
DeepVoice,DEEPVOICE_FAKE_trump-to-margot_frag89,DEEPVOICE_FAKE_trump-to-margot_frag89,1,cc3bdf544cfc09bd9cc788f7f022ba1af9daf701
DeepVoice,DEEPVOICE_FAKE_trump-to-margot_frag9,DEEPVOICE_FAKE_trump-to-margot_frag9,1,cc3bdf544cfc09bd9cc788f7f022ba1af9daf701
DeepVoice,DEEPVOICE_FAKE_trump-to-margot_frag90,DEEPVOICE_FAKE_trump-to-margot_frag90,1,cc3bdf544cfc09bd9cc788f7f022ba1af9daf701
DeepVoice,DEEPVOICE_FAKE_trump-to-margot_frag91,DEEPVOICE_FAKE_trump-to-margot_frag91,1,cc3bdf544cfc09bd9cc788f7f022ba1af9daf701
DeepVoice,DEEPVOICE_FAKE_trump-to-margot_frag92,DEEPVOICE_FAKE_trump-to-margot_frag92,1,cc3bdf544cfc09bd9cc788f7f022ba1af9daf701
DeepVoice,DEEPVOICE_FAKE_trump-to-margot_frag93,DEEPVOICE_FAKE_trump-to-margot_frag93,1,cc3bdf544cfc09bd9cc788f7f022ba1af9daf701
DeepVoice,DEEPVOICE_FAKE_trump-to-margot_frag94,DEEPVOICE_FAKE_trump-to-margot_frag94,1,cc3bdf544cfc09bd9cc788f7f022ba1af9daf701
DeepVoice,DEEPVOICE_FAKE_trump-to-margot_frag95,DEEPVOICE_FAKE_trump-to-margot_frag95,1,cc3bdf544cfc09bd9cc788f7f022ba1af9daf701
DeepVoice,DEEPVOICE_FAKE_trump-to-margot_frag96,DEEPVOICE_FAKE_trump-to-margot_frag96,1,cc3bdf544cfc09bd9cc788f7f022ba1af9daf701
DeepVoice,DEEPVOICE_FAKE_trump-to-margot_frag97,DEEPVOICE_FAKE_trump-to-margot_frag97,1,cc3bdf544cfc09bd9cc788f7f022ba1af9daf701
DeepVoice,DEEPVOICE_FAKE_trump-to-margot_frag98,DEEPVOICE_FAKE_trump-to-margot_frag98,1,cc3bdf544cfc09bd9cc788f7f022ba1af9daf701
DeepVoice,DEEPVOICE_FAKE_trump-to-margot_frag99,DEEPVOICE_FAKE_trump-to-margot_frag99,1,cc3bdf544cfc09bd9cc788f7f022ba1af9daf701
DeepVoice,DEEPVOICE_FAKE_trump-to-musk_frag0,DEEPVOICE_FAKE_trump-to-musk_frag0,1,cc3bdf544cfc09bd9cc788f7f022ba1af9daf701
DeepVoice,DEEPVOICE_FAKE_trump-to-musk_frag1,DEEPVOICE_FAKE_trump-to-musk_frag1,1,cc3bdf544cfc09bd9cc788f7f022ba1af9daf701
DeepVoice,DEEPVOICE_FAKE_trump-to-musk_frag10,DEEPVOICE_FAKE_trump-to-musk_frag10,1,cc3bdf544cfc09bd9cc788f7f022ba1af9daf701
DeepVoice,DEEPVOICE_FAKE_trump-to-musk_frag100,DEEPVOICE_FAKE_trump-to-musk_frag100,1,cc3bdf544cfc09bd9cc788f7f022ba1af9daf701
DeepVoice,DEEPVOICE_FAKE_trump-to-musk_frag101,DEEPVOICE_FAKE_trump-to-musk_frag101,1,cc3bdf544cfc09bd9cc788f7f022ba1af9daf701
DeepVoice,DEEPVOICE_FAKE_trump-to-musk_frag102,DEEPVOICE_FAKE_trump-to-musk_frag102,1,cc3bdf544cfc09bd9cc788f7f022ba1af9daf701
DeepVoice,DEEPVOICE_FAKE_trump-to-musk_frag103,DEEPVOICE_FAKE_trump-to-musk_frag103,1,cc3bdf544cfc09bd9cc788f7f022ba1af9daf701
DeepVoice,DEEPVOICE_FAKE_trump-to-musk_frag104,DEEPVOICE_FAKE_trump-to-musk_frag104,1,cc3bdf544cfc09bd9cc788f7f022ba1af9daf701
DeepVoice,DEEPVOICE_FAKE_trump-to-musk_frag11,DEEPVOICE_FAKE_trump-to-musk_frag11,1,cc3bdf544cfc09bd9cc788f7f022ba1af9daf701
DeepVoice,DEEPVOICE_FAKE_trump-to-musk_frag12,DEEPVOICE_FAKE_trump-to-musk_frag12,1,cc3bdf544cfc09bd9cc788f7f022ba1af9daf701
DeepVoice,DEEPVOICE_FAKE_trump-to-musk_frag13,DEEPVOICE_FAKE_trump-to-musk_frag13,1,cc3bdf544cfc09bd9cc788f7f022ba1af9daf701
DeepVoice,DEEPVOICE_FAKE_trump-to-musk_frag14,DEEPVOICE_FAKE_trump-to-musk_frag14,1,cc3bdf544cfc09bd9cc788f7f022ba1af9daf701
DeepVoice,DEEPVOICE_FAKE_trump-to-musk_frag15,DEEPVOICE_FAKE_trump-to-musk_frag15,1,cc3bdf544cfc09bd9cc788f7f022ba1af9daf701
DeepVoice,DEEPVOICE_FAKE_trump-to-musk_frag16,DEEPVOICE_FAKE_trump-to-musk_frag16,1,cc3bdf544cfc09bd9cc788f7f022ba1af9daf701
DeepVoice,DEEPVOICE_FAKE_trump-to-musk_frag17,DEEPVOICE_FAKE_trump-to-musk_frag17,1,cc3bdf544cfc09bd9cc788f7f022ba1af9daf701
DeepVoice,DEEPVOICE_FAKE_trump-to-musk_frag18,DEEPVOICE_FAKE_trump-to-musk_frag18,1,cc3bdf544cfc09bd9cc788f7f022ba1af9daf701
DeepVoice,DEEPVOICE_FAKE_trump-to-musk_frag19,DEEPVOICE_FAKE_trump-to-musk_frag19,1,cc3bdf544cfc09bd9cc788f7f022ba1af9daf701
DeepVoice,DEEPVOICE_FAKE_trump-to-musk_frag2,DEEPVOICE_FAKE_trump-to-musk_frag2,1,cc3bdf544cfc09bd9cc788f7f022ba1af9daf701
DeepVoice,DEEPVOICE_FAKE_trump-to-musk_frag20,DEEPVOICE_FAKE_trump-to-musk_frag20,1,cc3bdf544cfc09bd9cc788f7f022ba1af9daf701
DeepVoice,DEEPVOICE_FAKE_trump-to-musk_frag21,DEEPVOICE_FAKE_trump-to-musk_frag21,1,cc3bdf544cfc09bd9cc788f7f022ba1af9daf701
DeepVoice,DEEPVOICE_FAKE_trump-to-musk_frag22,DEEPVOICE_FAKE_trump-to-musk_frag22,1,cc3bdf544cfc09bd9cc788f7f022ba1af9daf701
DeepVoice,DEEPVOICE_FAKE_trump-to-musk_frag23,DEEPVOICE_FAKE_trump-to-musk_frag23,1,cc3bdf544cfc09bd9cc788f7f022ba1af9daf701
DeepVoice,DEEPVOICE_FAKE_trump-to-musk_frag24,DEEPVOICE_FAKE_trump-to-musk_frag24,1,cc3bdf544cfc09bd9cc788f7f022ba1af9daf701
DeepVoice,DEEPVOICE_FAKE_trump-to-musk_frag25,DEEPVOICE_FAKE_trump-to-musk_frag25,1,cc3bdf544cfc09bd9cc788f7f022ba1af9daf701
DeepVoice,DEEPVOICE_FAKE_trump-to-musk_frag26,DEEPVOICE_FAKE_trump-to-musk_frag26,1,cc3bdf544cfc09bd9cc788f7f022ba1af9daf701
DeepVoice,DEEPVOICE_FAKE_trump-to-musk_frag27,DEEPVOICE_FAKE_trump-to-musk_frag27,1,cc3bdf544cfc09bd9cc788f7f022ba1af9daf701
DeepVoice,DEEPVOICE_FAKE_trump-to-musk_frag28,DEEPVOICE_FAKE_trump-to-musk_frag28,1,cc3bdf544cfc09bd9cc788f7f022ba1af9daf701
DeepVoice,DEEPVOICE_FAKE_trump-to-musk_frag29,DEEPVOICE_FAKE_trump-to-musk_frag29,1,cc3bdf544cfc09bd9cc788f7f022ba1af9daf701
DeepVoice,DEEPVOICE_FAKE_trump-to-musk_frag3,DEEPVOICE_FAKE_trump-to-musk_frag3,1,cc3bdf544cfc09bd9cc788f7f022ba1af9daf701
DeepVoice,DEEPVOICE_FAKE_trump-to-musk_frag30,DEEPVOICE_FAKE_trump-to-musk_frag30,1,cc3bdf544cfc09bd9cc788f7f022ba1af9daf701
DeepVoice,DEEPVOICE_FAKE_trump-to-musk_frag31,DEEPVOICE_FAKE_trump-to-musk_frag31,1,cc3bdf544cfc09bd9cc788f7f022ba1af9daf701
DeepVoice,DEEPVOICE_FAKE_trump-to-musk_frag32,DEEPVOICE_FAKE_trump-to-musk_frag32,1,cc3bdf544cfc09bd9cc788f7f022ba1af9daf701
DeepVoice,DEEPVOICE_FAKE_trump-to-musk_frag33,DEEPVOICE_FAKE_trump-to-musk_frag33,1,cc3bdf544cfc09bd9cc788f7f022ba1af9daf701
DeepVoice,DEEPVOICE_FAKE_trump-to-musk_frag34,DEEPVOICE_FAKE_trump-to-musk_frag34,1,cc3bdf544cfc09bd9cc788f7f022ba1af9daf701
DeepVoice,DEEPVOICE_FAKE_trump-to-musk_frag35,DEEPVOICE_FAKE_trump-to-musk_frag35,1,cc3bdf544cfc09bd9cc788f7f022ba1af9daf701
DeepVoice,DEEPVOICE_FAKE_trump-to-musk_frag36,DEEPVOICE_FAKE_trump-to-musk_frag36,1,cc3bdf544cfc09bd9cc788f7f022ba1af9daf701
DeepVoice,DEEPVOICE_FAKE_trump-to-musk_frag37,DEEPVOICE_FAKE_trump-to-musk_frag37,1,cc3bdf544cfc09bd9cc788f7f022ba1af9daf701
DeepVoice,DEEPVOICE_FAKE_trump-to-musk_frag38,DEEPVOICE_FAKE_trump-to-musk_frag38,1,cc3bdf544cfc09bd9cc788f7f022ba1af9daf701
DeepVoice,DEEPVOICE_FAKE_trump-to-musk_frag39,DEEPVOICE_FAKE_trump-to-musk_frag39,1,cc3bdf544cfc09bd9cc788f7f022ba1af9daf701
DeepVoice,DEEPVOICE_FAKE_trump-to-musk_frag4,DEEPVOICE_FAKE_trump-to-musk_frag4,1,cc3bdf544cfc09bd9cc788f7f022ba1af9daf701
DeepVoice,DEEPVOICE_FAKE_trump-to-musk_frag40,DEEPVOICE_FAKE_trump-to-musk_frag40,1,cc3bdf544cfc09bd9cc788f7f022ba1af9daf701
DeepVoice,DEEPVOICE_FAKE_trump-to-musk_frag41,DEEPVOICE_FAKE_trump-to-musk_frag41,1,cc3bdf544cfc09bd9cc788f7f022ba1af9daf701
DeepVoice,DEEPVOICE_FAKE_trump-to-musk_frag42,DEEPVOICE_FAKE_trump-to-musk_frag42,1,cc3bdf544cfc09bd9cc788f7f022ba1af9daf701
DeepVoice,DEEPVOICE_FAKE_trump-to-musk_frag43,DEEPVOICE_FAKE_trump-to-musk_frag43,1,cc3bdf544cfc09bd9cc788f7f022ba1af9daf701
DeepVoice,DEEPVOICE_FAKE_trump-to-musk_frag44,DEEPVOICE_FAKE_trump-to-musk_frag44,1,cc3bdf544cfc09bd9cc788f7f022ba1af9daf701
DeepVoice,DEEPVOICE_FAKE_trump-to-musk_frag45,DEEPVOICE_FAKE_trump-to-musk_frag45,1,cc3bdf544cfc09bd9cc788f7f022ba1af9daf701
DeepVoice,DEEPVOICE_FAKE_trump-to-musk_frag46,DEEPVOICE_FAKE_trump-to-musk_frag46,1,cc3bdf544cfc09bd9cc788f7f022ba1af9daf701
DeepVoice,DEEPVOICE_FAKE_trump-to-musk_frag47,DEEPVOICE_FAKE_trump-to-musk_frag47,1,cc3bdf544cfc09bd9cc788f7f022ba1af9daf701
DeepVoice,DEEPVOICE_FAKE_trump-to-musk_frag48,DEEPVOICE_FAKE_trump-to-musk_frag48,1,cc3bdf544cfc09bd9cc788f7f022ba1af9daf701
DeepVoice,DEEPVOICE_FAKE_trump-to-musk_frag49,DEEPVOICE_FAKE_trump-to-musk_frag49,1,cc3bdf544cfc09bd9cc788f7f022ba1af9daf701
DeepVoice,DEEPVOICE_FAKE_trump-to-musk_frag5,DEEPVOICE_FAKE_trump-to-musk_frag5,1,cc3bdf544cfc09bd9cc788f7f022ba1af9daf701
DeepVoice,DEEPVOICE_FAKE_trump-to-musk_frag50,DEEPVOICE_FAKE_trump-to-musk_frag50,1,cc3bdf544cfc09bd9cc788f7f022ba1af9daf701
DeepVoice,DEEPVOICE_FAKE_trump-to-musk_frag51,DEEPVOICE_FAKE_trump-to-musk_frag51,1,cc3bdf544cfc09bd9cc788f7f022ba1af9daf701
DeepVoice,DEEPVOICE_FAKE_trump-to-musk_frag52,DEEPVOICE_FAKE_trump-to-musk_frag52,1,cc3bdf544cfc09bd9cc788f7f022ba1af9daf701
DeepVoice,DEEPVOICE_FAKE_trump-to-musk_frag53,DEEPVOICE_FAKE_trump-to-musk_frag53,1,cc3bdf544cfc09bd9cc788f7f022ba1af9daf701
DeepVoice,DEEPVOICE_FAKE_trump-to-musk_frag54,DEEPVOICE_FAKE_trump-to-musk_frag54,1,cc3bdf544cfc09bd9cc788f7f022ba1af9daf701
DeepVoice,DEEPVOICE_FAKE_trump-to-musk_frag55,DEEPVOICE_FAKE_trump-to-musk_frag55,1,cc3bdf544cfc09bd9cc788f7f022ba1af9daf701
DeepVoice,DEEPVOICE_FAKE_trump-to-musk_frag56,DEEPVOICE_FAKE_trump-to-musk_frag56,1,cc3bdf544cfc09bd9cc788f7f022ba1af9daf701
DeepVoice,DEEPVOICE_FAKE_trump-to-musk_frag57,DEEPVOICE_FAKE_trump-to-musk_frag57,1,cc3bdf544cfc09bd9cc788f7f022ba1af9daf701
DeepVoice,DEEPVOICE_FAKE_trump-to-musk_frag58,DEEPVOICE_FAKE_trump-to-musk_frag58,1,cc3bdf544cfc09bd9cc788f7f022ba1af9daf701
DeepVoice,DEEPVOICE_FAKE_trump-to-musk_frag59,DEEPVOICE_FAKE_trump-to-musk_frag59,1,cc3bdf544cfc09bd9cc788f7f022ba1af9daf701
DeepVoice,DEEPVOICE_FAKE_trump-to-musk_frag6,DEEPVOICE_FAKE_trump-to-musk_frag6,1,cc3bdf544cfc09bd9cc788f7f022ba1af9daf701
DeepVoice,DEEPVOICE_FAKE_trump-to-musk_frag60,DEEPVOICE_FAKE_trump-to-musk_frag60,1,cc3bdf544cfc09bd9cc788f7f022ba1af9daf701
DeepVoice,DEEPVOICE_FAKE_trump-to-musk_frag61,DEEPVOICE_FAKE_trump-to-musk_frag61,1,cc3bdf544cfc09bd9cc788f7f022ba1af9daf701
DeepVoice,DEEPVOICE_FAKE_trump-to-musk_frag62,DEEPVOICE_FAKE_trump-to-musk_frag62,1,cc3bdf544cfc09bd9cc788f7f022ba1af9daf701
DeepVoice,DEEPVOICE_FAKE_trump-to-musk_frag63,DEEPVOICE_FAKE_trump-to-musk_frag63,1,cc3bdf544cfc09bd9cc788f7f022ba1af9daf701
DeepVoice,DEEPVOICE_FAKE_trump-to-musk_frag64,DEEPVOICE_FAKE_trump-to-musk_frag64,1,cc3bdf544cfc09bd9cc788f7f022ba1af9daf701
DeepVoice,DEEPVOICE_FAKE_trump-to-musk_frag65,DEEPVOICE_FAKE_trump-to-musk_frag65,1,cc3bdf544cfc09bd9cc788f7f022ba1af9daf701
DeepVoice,DEEPVOICE_FAKE_trump-to-musk_frag66,DEEPVOICE_FAKE_trump-to-musk_frag66,1,cc3bdf544cfc09bd9cc788f7f022ba1af9daf701
DeepVoice,DEEPVOICE_FAKE_trump-to-musk_frag67,DEEPVOICE_FAKE_trump-to-musk_frag67,1,cc3bdf544cfc09bd9cc788f7f022ba1af9daf701
DeepVoice,DEEPVOICE_FAKE_trump-to-musk_frag68,DEEPVOICE_FAKE_trump-to-musk_frag68,1,cc3bdf544cfc09bd9cc788f7f022ba1af9daf701
DeepVoice,DEEPVOICE_FAKE_trump-to-musk_frag69,DEEPVOICE_FAKE_trump-to-musk_frag69,1,cc3bdf544cfc09bd9cc788f7f022ba1af9daf701
DeepVoice,DEEPVOICE_FAKE_trump-to-musk_frag7,DEEPVOICE_FAKE_trump-to-musk_frag7,1,cc3bdf544cfc09bd9cc788f7f022ba1af9daf701
DeepVoice,DEEPVOICE_FAKE_trump-to-musk_frag70,DEEPVOICE_FAKE_trump-to-musk_frag70,1,cc3bdf544cfc09bd9cc788f7f022ba1af9daf701
DeepVoice,DEEPVOICE_FAKE_trump-to-musk_frag71,DEEPVOICE_FAKE_trump-to-musk_frag71,1,cc3bdf544cfc09bd9cc788f7f022ba1af9daf701
DeepVoice,DEEPVOICE_FAKE_trump-to-musk_frag72,DEEPVOICE_FAKE_trump-to-musk_frag72,1,cc3bdf544cfc09bd9cc788f7f022ba1af9daf701
DeepVoice,DEEPVOICE_FAKE_trump-to-musk_frag73,DEEPVOICE_FAKE_trump-to-musk_frag73,1,cc3bdf544cfc09bd9cc788f7f022ba1af9daf701
DeepVoice,DEEPVOICE_FAKE_trump-to-musk_frag74,DEEPVOICE_FAKE_trump-to-musk_frag74,1,cc3bdf544cfc09bd9cc788f7f022ba1af9daf701
DeepVoice,DEEPVOICE_FAKE_trump-to-musk_frag75,DEEPVOICE_FAKE_trump-to-musk_frag75,1,cc3bdf544cfc09bd9cc788f7f022ba1af9daf701
DeepVoice,DEEPVOICE_FAKE_trump-to-musk_frag76,DEEPVOICE_FAKE_trump-to-musk_frag76,1,cc3bdf544cfc09bd9cc788f7f022ba1af9daf701
DeepVoice,DEEPVOICE_FAKE_trump-to-musk_frag77,DEEPVOICE_FAKE_trump-to-musk_frag77,1,cc3bdf544cfc09bd9cc788f7f022ba1af9daf701
DeepVoice,DEEPVOICE_FAKE_trump-to-musk_frag78,DEEPVOICE_FAKE_trump-to-musk_frag78,1,cc3bdf544cfc09bd9cc788f7f022ba1af9daf701
DeepVoice,DEEPVOICE_FAKE_trump-to-musk_frag79,DEEPVOICE_FAKE_trump-to-musk_frag79,1,cc3bdf544cfc09bd9cc788f7f022ba1af9daf701
DeepVoice,DEEPVOICE_FAKE_trump-to-musk_frag8,DEEPVOICE_FAKE_trump-to-musk_frag8,1,cc3bdf544cfc09bd9cc788f7f022ba1af9daf701
DeepVoice,DEEPVOICE_FAKE_trump-to-musk_frag80,DEEPVOICE_FAKE_trump-to-musk_frag80,1,cc3bdf544cfc09bd9cc788f7f022ba1af9daf701
DeepVoice,DEEPVOICE_FAKE_trump-to-musk_frag81,DEEPVOICE_FAKE_trump-to-musk_frag81,1,cc3bdf544cfc09bd9cc788f7f022ba1af9daf701
DeepVoice,DEEPVOICE_FAKE_trump-to-musk_frag82,DEEPVOICE_FAKE_trump-to-musk_frag82,1,cc3bdf544cfc09bd9cc788f7f022ba1af9daf701
DeepVoice,DEEPVOICE_FAKE_trump-to-musk_frag83,DEEPVOICE_FAKE_trump-to-musk_frag83,1,cc3bdf544cfc09bd9cc788f7f022ba1af9daf701
DeepVoice,DEEPVOICE_FAKE_trump-to-musk_frag84,DEEPVOICE_FAKE_trump-to-musk_frag84,1,cc3bdf544cfc09bd9cc788f7f022ba1af9daf701
DeepVoice,DEEPVOICE_FAKE_trump-to-musk_frag85,DEEPVOICE_FAKE_trump-to-musk_frag85,1,cc3bdf544cfc09bd9cc788f7f022ba1af9daf701
DeepVoice,DEEPVOICE_FAKE_trump-to-musk_frag86,DEEPVOICE_FAKE_trump-to-musk_frag86,1,cc3bdf544cfc09bd9cc788f7f022ba1af9daf701
DeepVoice,DEEPVOICE_FAKE_trump-to-musk_frag87,DEEPVOICE_FAKE_trump-to-musk_frag87,1,cc3bdf544cfc09bd9cc788f7f022ba1af9daf701
DeepVoice,DEEPVOICE_FAKE_trump-to-musk_frag88,DEEPVOICE_FAKE_trump-to-musk_frag88,1,cc3bdf544cfc09bd9cc788f7f022ba1af9daf701
DeepVoice,DEEPVOICE_FAKE_trump-to-musk_frag89,DEEPVOICE_FAKE_trump-to-musk_frag89,1,cc3bdf544cfc09bd9cc788f7f022ba1af9daf701
DeepVoice,DEEPVOICE_FAKE_trump-to-musk_frag9,DEEPVOICE_FAKE_trump-to-musk_frag9,1,cc3bdf544cfc09bd9cc788f7f022ba1af9daf701
DeepVoice,DEEPVOICE_FAKE_trump-to-musk_frag90,DEEPVOICE_FAKE_trump-to-musk_frag90,1,cc3bdf544cfc09bd9cc788f7f022ba1af9daf701
DeepVoice,DEEPVOICE_FAKE_trump-to-musk_frag91,DEEPVOICE_FAKE_trump-to-musk_frag91,1,cc3bdf544cfc09bd9cc788f7f022ba1af9daf701
DeepVoice,DEEPVOICE_FAKE_trump-to-musk_frag92,DEEPVOICE_FAKE_trump-to-musk_frag92,1,cc3bdf544cfc09bd9cc788f7f022ba1af9daf701
DeepVoice,DEEPVOICE_FAKE_trump-to-musk_frag93,DEEPVOICE_FAKE_trump-to-musk_frag93,1,cc3bdf544cfc09bd9cc788f7f022ba1af9daf701
DeepVoice,DEEPVOICE_FAKE_trump-to-musk_frag94,DEEPVOICE_FAKE_trump-to-musk_frag94,1,cc3bdf544cfc09bd9cc788f7f022ba1af9daf701
DeepVoice,DEEPVOICE_FAKE_trump-to-musk_frag95,DEEPVOICE_FAKE_trump-to-musk_frag95,1,cc3bdf544cfc09bd9cc788f7f022ba1af9daf701
DeepVoice,DEEPVOICE_FAKE_trump-to-musk_frag96,DEEPVOICE_FAKE_trump-to-musk_frag96,1,cc3bdf544cfc09bd9cc788f7f022ba1af9daf701
DeepVoice,DEEPVOICE_FAKE_trump-to-musk_frag97,DEEPVOICE_FAKE_trump-to-musk_frag97,1,cc3bdf544cfc09bd9cc788f7f022ba1af9daf701
DeepVoice,DEEPVOICE_FAKE_trump-to-musk_frag98,DEEPVOICE_FAKE_trump-to-musk_frag98,1,cc3bdf544cfc09bd9cc788f7f022ba1af9daf701
DeepVoice,DEEPVOICE_FAKE_trump-to-musk_frag99,DEEPVOICE_FAKE_trump-to-musk_frag99,1,cc3bdf544cfc09bd9cc788f7f022ba1af9daf701
DeepVoice,DEEPVOICE_FAKE_trump-to-ryan_frag0,DEEPVOICE_FAKE_trump-to-ryan_frag0,1,cc3bdf544cfc09bd9cc788f7f022ba1af9daf701
DeepVoice,DEEPVOICE_FAKE_trump-to-ryan_frag1,DEEPVOICE_FAKE_trump-to-ryan_frag1,1,cc3bdf544cfc09bd9cc788f7f022ba1af9daf701
DeepVoice,DEEPVOICE_FAKE_trump-to-ryan_frag10,DEEPVOICE_FAKE_trump-to-ryan_frag10,1,cc3bdf544cfc09bd9cc788f7f022ba1af9daf701
DeepVoice,DEEPVOICE_FAKE_trump-to-ryan_frag11,DEEPVOICE_FAKE_trump-to-ryan_frag11,1,cc3bdf544cfc09bd9cc788f7f022ba1af9daf701
DeepVoice,DEEPVOICE_FAKE_trump-to-ryan_frag12,DEEPVOICE_FAKE_trump-to-ryan_frag12,1,cc3bdf544cfc09bd9cc788f7f022ba1af9daf701
DeepVoice,DEEPVOICE_FAKE_trump-to-ryan_frag13,DEEPVOICE_FAKE_trump-to-ryan_frag13,1,cc3bdf544cfc09bd9cc788f7f022ba1af9daf701
DeepVoice,DEEPVOICE_FAKE_trump-to-ryan_frag14,DEEPVOICE_FAKE_trump-to-ryan_frag14,1,cc3bdf544cfc09bd9cc788f7f022ba1af9daf701
DeepVoice,DEEPVOICE_FAKE_trump-to-ryan_frag15,DEEPVOICE_FAKE_trump-to-ryan_frag15,1,cc3bdf544cfc09bd9cc788f7f022ba1af9daf701
DeepVoice,DEEPVOICE_FAKE_trump-to-ryan_frag16,DEEPVOICE_FAKE_trump-to-ryan_frag16,1,cc3bdf544cfc09bd9cc788f7f022ba1af9daf701
DeepVoice,DEEPVOICE_FAKE_trump-to-ryan_frag17,DEEPVOICE_FAKE_trump-to-ryan_frag17,1,cc3bdf544cfc09bd9cc788f7f022ba1af9daf701
DeepVoice,DEEPVOICE_FAKE_trump-to-ryan_frag18,DEEPVOICE_FAKE_trump-to-ryan_frag18,1,cc3bdf544cfc09bd9cc788f7f022ba1af9daf701
DeepVoice,DEEPVOICE_FAKE_trump-to-ryan_frag19,DEEPVOICE_FAKE_trump-to-ryan_frag19,1,cc3bdf544cfc09bd9cc788f7f022ba1af9daf701
DeepVoice,DEEPVOICE_FAKE_trump-to-ryan_frag2,DEEPVOICE_FAKE_trump-to-ryan_frag2,1,cc3bdf544cfc09bd9cc788f7f022ba1af9daf701
DeepVoice,DEEPVOICE_FAKE_trump-to-ryan_frag20,DEEPVOICE_FAKE_trump-to-ryan_frag20,1,cc3bdf544cfc09bd9cc788f7f022ba1af9daf701
DeepVoice,DEEPVOICE_FAKE_trump-to-ryan_frag21,DEEPVOICE_FAKE_trump-to-ryan_frag21,1,cc3bdf544cfc09bd9cc788f7f022ba1af9daf701
DeepVoice,DEEPVOICE_FAKE_trump-to-ryan_frag22,DEEPVOICE_FAKE_trump-to-ryan_frag22,1,cc3bdf544cfc09bd9cc788f7f022ba1af9daf701
DeepVoice,DEEPVOICE_FAKE_trump-to-ryan_frag23,DEEPVOICE_FAKE_trump-to-ryan_frag23,1,cc3bdf544cfc09bd9cc788f7f022ba1af9daf701
DeepVoice,DEEPVOICE_FAKE_trump-to-ryan_frag24,DEEPVOICE_FAKE_trump-to-ryan_frag24,1,cc3bdf544cfc09bd9cc788f7f022ba1af9daf701
DeepVoice,DEEPVOICE_FAKE_trump-to-ryan_frag25,DEEPVOICE_FAKE_trump-to-ryan_frag25,1,cc3bdf544cfc09bd9cc788f7f022ba1af9daf701
DeepVoice,DEEPVOICE_FAKE_trump-to-ryan_frag26,DEEPVOICE_FAKE_trump-to-ryan_frag26,1,cc3bdf544cfc09bd9cc788f7f022ba1af9daf701
DeepVoice,DEEPVOICE_FAKE_trump-to-ryan_frag27,DEEPVOICE_FAKE_trump-to-ryan_frag27,1,cc3bdf544cfc09bd9cc788f7f022ba1af9daf701
DeepVoice,DEEPVOICE_FAKE_trump-to-ryan_frag28,DEEPVOICE_FAKE_trump-to-ryan_frag28,1,cc3bdf544cfc09bd9cc788f7f022ba1af9daf701
DeepVoice,DEEPVOICE_FAKE_trump-to-ryan_frag29,DEEPVOICE_FAKE_trump-to-ryan_frag29,1,cc3bdf544cfc09bd9cc788f7f022ba1af9daf701
DeepVoice,DEEPVOICE_FAKE_trump-to-ryan_frag3,DEEPVOICE_FAKE_trump-to-ryan_frag3,1,cc3bdf544cfc09bd9cc788f7f022ba1af9daf701
DeepVoice,DEEPVOICE_FAKE_trump-to-ryan_frag30,DEEPVOICE_FAKE_trump-to-ryan_frag30,1,cc3bdf544cfc09bd9cc788f7f022ba1af9daf701
DeepVoice,DEEPVOICE_FAKE_trump-to-ryan_frag31,DEEPVOICE_FAKE_trump-to-ryan_frag31,1,cc3bdf544cfc09bd9cc788f7f022ba1af9daf701
DeepVoice,DEEPVOICE_FAKE_trump-to-ryan_frag32,DEEPVOICE_FAKE_trump-to-ryan_frag32,1,cc3bdf544cfc09bd9cc788f7f022ba1af9daf701
DeepVoice,DEEPVOICE_FAKE_trump-to-ryan_frag33,DEEPVOICE_FAKE_trump-to-ryan_frag33,1,cc3bdf544cfc09bd9cc788f7f022ba1af9daf701
DeepVoice,DEEPVOICE_FAKE_trump-to-ryan_frag34,DEEPVOICE_FAKE_trump-to-ryan_frag34,1,cc3bdf544cfc09bd9cc788f7f022ba1af9daf701
DeepVoice,DEEPVOICE_FAKE_trump-to-ryan_frag35,DEEPVOICE_FAKE_trump-to-ryan_frag35,1,cc3bdf544cfc09bd9cc788f7f022ba1af9daf701
DeepVoice,DEEPVOICE_FAKE_trump-to-ryan_frag36,DEEPVOICE_FAKE_trump-to-ryan_frag36,1,cc3bdf544cfc09bd9cc788f7f022ba1af9daf701
DeepVoice,DEEPVOICE_FAKE_trump-to-ryan_frag37,DEEPVOICE_FAKE_trump-to-ryan_frag37,1,cc3bdf544cfc09bd9cc788f7f022ba1af9daf701
DeepVoice,DEEPVOICE_FAKE_trump-to-ryan_frag38,DEEPVOICE_FAKE_trump-to-ryan_frag38,1,cc3bdf544cfc09bd9cc788f7f022ba1af9daf701
DeepVoice,DEEPVOICE_FAKE_trump-to-ryan_frag39,DEEPVOICE_FAKE_trump-to-ryan_frag39,1,cc3bdf544cfc09bd9cc788f7f022ba1af9daf701
DeepVoice,DEEPVOICE_FAKE_trump-to-ryan_frag4,DEEPVOICE_FAKE_trump-to-ryan_frag4,1,cc3bdf544cfc09bd9cc788f7f022ba1af9daf701
DeepVoice,DEEPVOICE_FAKE_trump-to-ryan_frag40,DEEPVOICE_FAKE_trump-to-ryan_frag40,1,cc3bdf544cfc09bd9cc788f7f022ba1af9daf701
DeepVoice,DEEPVOICE_FAKE_trump-to-ryan_frag41,DEEPVOICE_FAKE_trump-to-ryan_frag41,1,cc3bdf544cfc09bd9cc788f7f022ba1af9daf701
DeepVoice,DEEPVOICE_FAKE_trump-to-ryan_frag42,DEEPVOICE_FAKE_trump-to-ryan_frag42,1,cc3bdf544cfc09bd9cc788f7f022ba1af9daf701
DeepVoice,DEEPVOICE_FAKE_trump-to-ryan_frag43,DEEPVOICE_FAKE_trump-to-ryan_frag43,1,cc3bdf544cfc09bd9cc788f7f022ba1af9daf701
DeepVoice,DEEPVOICE_FAKE_trump-to-ryan_frag44,DEEPVOICE_FAKE_trump-to-ryan_frag44,1,cc3bdf544cfc09bd9cc788f7f022ba1af9daf701
DeepVoice,DEEPVOICE_FAKE_trump-to-ryan_frag45,DEEPVOICE_FAKE_trump-to-ryan_frag45,1,cc3bdf544cfc09bd9cc788f7f022ba1af9daf701
DeepVoice,DEEPVOICE_FAKE_trump-to-ryan_frag46,DEEPVOICE_FAKE_trump-to-ryan_frag46,1,cc3bdf544cfc09bd9cc788f7f022ba1af9daf701
DeepVoice,DEEPVOICE_FAKE_trump-to-ryan_frag47,DEEPVOICE_FAKE_trump-to-ryan_frag47,1,cc3bdf544cfc09bd9cc788f7f022ba1af9daf701
DeepVoice,DEEPVOICE_FAKE_trump-to-ryan_frag48,DEEPVOICE_FAKE_trump-to-ryan_frag48,1,cc3bdf544cfc09bd9cc788f7f022ba1af9daf701
DeepVoice,DEEPVOICE_FAKE_trump-to-ryan_frag49,DEEPVOICE_FAKE_trump-to-ryan_frag49,1,cc3bdf544cfc09bd9cc788f7f022ba1af9daf701
DeepVoice,DEEPVOICE_FAKE_trump-to-ryan_frag5,DEEPVOICE_FAKE_trump-to-ryan_frag5,1,cc3bdf544cfc09bd9cc788f7f022ba1af9daf701
DeepVoice,DEEPVOICE_FAKE_trump-to-ryan_frag50,DEEPVOICE_FAKE_trump-to-ryan_frag50,1,cc3bdf544cfc09bd9cc788f7f022ba1af9daf701
DeepVoice,DEEPVOICE_FAKE_trump-to-ryan_frag51,DEEPVOICE_FAKE_trump-to-ryan_frag51,1,cc3bdf544cfc09bd9cc788f7f022ba1af9daf701
DeepVoice,DEEPVOICE_FAKE_trump-to-ryan_frag52,DEEPVOICE_FAKE_trump-to-ryan_frag52,1,cc3bdf544cfc09bd9cc788f7f022ba1af9daf701
DeepVoice,DEEPVOICE_FAKE_trump-to-ryan_frag53,DEEPVOICE_FAKE_trump-to-ryan_frag53,1,cc3bdf544cfc09bd9cc788f7f022ba1af9daf701
DeepVoice,DEEPVOICE_FAKE_trump-to-ryan_frag54,DEEPVOICE_FAKE_trump-to-ryan_frag54,1,cc3bdf544cfc09bd9cc788f7f022ba1af9daf701
DeepVoice,DEEPVOICE_FAKE_trump-to-ryan_frag55,DEEPVOICE_FAKE_trump-to-ryan_frag55,1,cc3bdf544cfc09bd9cc788f7f022ba1af9daf701
DeepVoice,DEEPVOICE_FAKE_trump-to-ryan_frag56,DEEPVOICE_FAKE_trump-to-ryan_frag56,1,cc3bdf544cfc09bd9cc788f7f022ba1af9daf701
DeepVoice,DEEPVOICE_FAKE_trump-to-ryan_frag57,DEEPVOICE_FAKE_trump-to-ryan_frag57,1,cc3bdf544cfc09bd9cc788f7f022ba1af9daf701
DeepVoice,DEEPVOICE_FAKE_trump-to-ryan_frag58,DEEPVOICE_FAKE_trump-to-ryan_frag58,1,cc3bdf544cfc09bd9cc788f7f022ba1af9daf701
DeepVoice,DEEPVOICE_FAKE_trump-to-ryan_frag59,DEEPVOICE_FAKE_trump-to-ryan_frag59,1,cc3bdf544cfc09bd9cc788f7f022ba1af9daf701
DeepVoice,DEEPVOICE_FAKE_trump-to-ryan_frag6,DEEPVOICE_FAKE_trump-to-ryan_frag6,1,cc3bdf544cfc09bd9cc788f7f022ba1af9daf701
DeepVoice,DEEPVOICE_FAKE_trump-to-ryan_frag60,DEEPVOICE_FAKE_trump-to-ryan_frag60,1,cc3bdf544cfc09bd9cc788f7f022ba1af9daf701
DeepVoice,DEEPVOICE_FAKE_trump-to-ryan_frag61,DEEPVOICE_FAKE_trump-to-ryan_frag61,1,cc3bdf544cfc09bd9cc788f7f022ba1af9daf701
DeepVoice,DEEPVOICE_FAKE_trump-to-ryan_frag62,DEEPVOICE_FAKE_trump-to-ryan_frag62,1,cc3bdf544cfc09bd9cc788f7f022ba1af9daf701
DeepVoice,DEEPVOICE_FAKE_trump-to-ryan_frag63,DEEPVOICE_FAKE_trump-to-ryan_frag63,1,cc3bdf544cfc09bd9cc788f7f022ba1af9daf701
DeepVoice,DEEPVOICE_FAKE_trump-to-ryan_frag64,DEEPVOICE_FAKE_trump-to-ryan_frag64,1,cc3bdf544cfc09bd9cc788f7f022ba1af9daf701
DeepVoice,DEEPVOICE_FAKE_trump-to-ryan_frag65,DEEPVOICE_FAKE_trump-to-ryan_frag65,1,cc3bdf544cfc09bd9cc788f7f022ba1af9daf701
DeepVoice,DEEPVOICE_FAKE_trump-to-ryan_frag66,DEEPVOICE_FAKE_trump-to-ryan_frag66,1,cc3bdf544cfc09bd9cc788f7f022ba1af9daf701
DeepVoice,DEEPVOICE_FAKE_trump-to-ryan_frag67,DEEPVOICE_FAKE_trump-to-ryan_frag67,1,cc3bdf544cfc09bd9cc788f7f022ba1af9daf701
DeepVoice,DEEPVOICE_FAKE_trump-to-ryan_frag68,DEEPVOICE_FAKE_trump-to-ryan_frag68,1,cc3bdf544cfc09bd9cc788f7f022ba1af9daf701
DeepVoice,DEEPVOICE_FAKE_trump-to-ryan_frag69,DEEPVOICE_FAKE_trump-to-ryan_frag69,1,cc3bdf544cfc09bd9cc788f7f022ba1af9daf701
DeepVoice,DEEPVOICE_FAKE_trump-to-ryan_frag7,DEEPVOICE_FAKE_trump-to-ryan_frag7,1,cc3bdf544cfc09bd9cc788f7f022ba1af9daf701
DeepVoice,DEEPVOICE_FAKE_trump-to-ryan_frag70,DEEPVOICE_FAKE_trump-to-ryan_frag70,1,cc3bdf544cfc09bd9cc788f7f022ba1af9daf701
DeepVoice,DEEPVOICE_FAKE_trump-to-ryan_frag71,DEEPVOICE_FAKE_trump-to-ryan_frag71,1,cc3bdf544cfc09bd9cc788f7f022ba1af9daf701
DeepVoice,DEEPVOICE_FAKE_trump-to-ryan_frag72,DEEPVOICE_FAKE_trump-to-ryan_frag72,1,cc3bdf544cfc09bd9cc788f7f022ba1af9daf701
DeepVoice,DEEPVOICE_FAKE_trump-to-ryan_frag73,DEEPVOICE_FAKE_trump-to-ryan_frag73,1,cc3bdf544cfc09bd9cc788f7f022ba1af9daf701
DeepVoice,DEEPVOICE_FAKE_trump-to-ryan_frag74,DEEPVOICE_FAKE_trump-to-ryan_frag74,1,cc3bdf544cfc09bd9cc788f7f022ba1af9daf701
DeepVoice,DEEPVOICE_FAKE_trump-to-ryan_frag75,DEEPVOICE_FAKE_trump-to-ryan_frag75,1,cc3bdf544cfc09bd9cc788f7f022ba1af9daf701
DeepVoice,DEEPVOICE_FAKE_trump-to-ryan_frag76,DEEPVOICE_FAKE_trump-to-ryan_frag76,1,cc3bdf544cfc09bd9cc788f7f022ba1af9daf701
DeepVoice,DEEPVOICE_FAKE_trump-to-ryan_frag77,DEEPVOICE_FAKE_trump-to-ryan_frag77,1,cc3bdf544cfc09bd9cc788f7f022ba1af9daf701
DeepVoice,DEEPVOICE_FAKE_trump-to-ryan_frag78,DEEPVOICE_FAKE_trump-to-ryan_frag78,1,cc3bdf544cfc09bd9cc788f7f022ba1af9daf701
DeepVoice,DEEPVOICE_FAKE_trump-to-ryan_frag79,DEEPVOICE_FAKE_trump-to-ryan_frag79,1,cc3bdf544cfc09bd9cc788f7f022ba1af9daf701
DeepVoice,DEEPVOICE_FAKE_trump-to-ryan_frag8,DEEPVOICE_FAKE_trump-to-ryan_frag8,1,cc3bdf544cfc09bd9cc788f7f022ba1af9daf701
DeepVoice,DEEPVOICE_FAKE_trump-to-ryan_frag80,DEEPVOICE_FAKE_trump-to-ryan_frag80,1,cc3bdf544cfc09bd9cc788f7f022ba1af9daf701
DeepVoice,DEEPVOICE_FAKE_trump-to-ryan_frag81,DEEPVOICE_FAKE_trump-to-ryan_frag81,1,cc3bdf544cfc09bd9cc788f7f022ba1af9daf701
DeepVoice,DEEPVOICE_FAKE_trump-to-ryan_frag82,DEEPVOICE_FAKE_trump-to-ryan_frag82,1,cc3bdf544cfc09bd9cc788f7f022ba1af9daf701
DeepVoice,DEEPVOICE_FAKE_trump-to-ryan_frag83,DEEPVOICE_FAKE_trump-to-ryan_frag83,1,cc3bdf544cfc09bd9cc788f7f022ba1af9daf701
DeepVoice,DEEPVOICE_FAKE_trump-to-ryan_frag84,DEEPVOICE_FAKE_trump-to-ryan_frag84,1,cc3bdf544cfc09bd9cc788f7f022ba1af9daf701
DeepVoice,DEEPVOICE_FAKE_trump-to-ryan_frag85,DEEPVOICE_FAKE_trump-to-ryan_frag85,1,cc3bdf544cfc09bd9cc788f7f022ba1af9daf701
DeepVoice,DEEPVOICE_FAKE_trump-to-ryan_frag86,DEEPVOICE_FAKE_trump-to-ryan_frag86,1,cc3bdf544cfc09bd9cc788f7f022ba1af9daf701
DeepVoice,DEEPVOICE_FAKE_trump-to-ryan_frag87,DEEPVOICE_FAKE_trump-to-ryan_frag87,1,cc3bdf544cfc09bd9cc788f7f022ba1af9daf701
DeepVoice,DEEPVOICE_FAKE_trump-to-ryan_frag88,DEEPVOICE_FAKE_trump-to-ryan_frag88,1,cc3bdf544cfc09bd9cc788f7f022ba1af9daf701
DeepVoice,DEEPVOICE_FAKE_trump-to-ryan_frag89,DEEPVOICE_FAKE_trump-to-ryan_frag89,1,cc3bdf544cfc09bd9cc788f7f022ba1af9daf701
DeepVoice,DEEPVOICE_FAKE_trump-to-ryan_frag9,DEEPVOICE_FAKE_trump-to-ryan_frag9,1,cc3bdf544cfc09bd9cc788f7f022ba1af9daf701
DeepVoice,DEEPVOICE_FAKE_trump-to-ryan_frag90,DEEPVOICE_FAKE_trump-to-ryan_frag90,1,cc3bdf544cfc09bd9cc788f7f022ba1af9daf701
DeepVoice,DEEPVOICE_FAKE_trump-to-ryan_frag91,DEEPVOICE_FAKE_trump-to-ryan_frag91,1,cc3bdf544cfc09bd9cc788f7f022ba1af9daf701
DeepVoice,DEEPVOICE_FAKE_trump-to-ryan_frag92,DEEPVOICE_FAKE_trump-to-ryan_frag92,1,cc3bdf544cfc09bd9cc788f7f022ba1af9daf701
DeepVoice,DEEPVOICE_FAKE_trump-to-ryan_frag93,DEEPVOICE_FAKE_trump-to-ryan_frag93,1,cc3bdf544cfc09bd9cc788f7f022ba1af9daf701
DeepVoice,DEEPVOICE_FAKE_trump-to-ryan_frag94,DEEPVOICE_FAKE_trump-to-ryan_frag94,1,cc3bdf544cfc09bd9cc788f7f022ba1af9daf701
DeepVoice,DEEPVOICE_FAKE_trump-to-ryan_frag95,DEEPVOICE_FAKE_trump-to-ryan_frag95,1,cc3bdf544cfc09bd9cc788f7f022ba1af9daf701
DeepVoice,DEEPVOICE_FAKE_trump-to-ryan_frag96,DEEPVOICE_FAKE_trump-to-ryan_frag96,1,cc3bdf544cfc09bd9cc788f7f022ba1af9daf701
DeepVoice,DEEPVOICE_FAKE_trump-to-ryan_frag97,DEEPVOICE_FAKE_trump-to-ryan_frag97,1,cc3bdf544cfc09bd9cc788f7f022ba1af9daf701
DeepVoice,DEEPVOICE_FAKE_trump-to-taylor_frag0,DEEPVOICE_FAKE_trump-to-taylor_frag0,1,cc3bdf544cfc09bd9cc788f7f022ba1af9daf701
DeepVoice,DEEPVOICE_FAKE_trump-to-taylor_frag1,DEEPVOICE_FAKE_trump-to-taylor_frag1,1,cc3bdf544cfc09bd9cc788f7f022ba1af9daf701
DeepVoice,DEEPVOICE_FAKE_trump-to-taylor_frag10,DEEPVOICE_FAKE_trump-to-taylor_frag10,1,cc3bdf544cfc09bd9cc788f7f022ba1af9daf701
DeepVoice,DEEPVOICE_FAKE_trump-to-taylor_frag11,DEEPVOICE_FAKE_trump-to-taylor_frag11,1,cc3bdf544cfc09bd9cc788f7f022ba1af9daf701
DeepVoice,DEEPVOICE_FAKE_trump-to-taylor_frag12,DEEPVOICE_FAKE_trump-to-taylor_frag12,1,cc3bdf544cfc09bd9cc788f7f022ba1af9daf701
DeepVoice,DEEPVOICE_FAKE_trump-to-taylor_frag13,DEEPVOICE_FAKE_trump-to-taylor_frag13,1,cc3bdf544cfc09bd9cc788f7f022ba1af9daf701
DeepVoice,DEEPVOICE_FAKE_trump-to-taylor_frag14,DEEPVOICE_FAKE_trump-to-taylor_frag14,1,cc3bdf544cfc09bd9cc788f7f022ba1af9daf701
DeepVoice,DEEPVOICE_FAKE_trump-to-taylor_frag15,DEEPVOICE_FAKE_trump-to-taylor_frag15,1,cc3bdf544cfc09bd9cc788f7f022ba1af9daf701
DeepVoice,DEEPVOICE_FAKE_trump-to-taylor_frag16,DEEPVOICE_FAKE_trump-to-taylor_frag16,1,cc3bdf544cfc09bd9cc788f7f022ba1af9daf701
DeepVoice,DEEPVOICE_FAKE_trump-to-taylor_frag17,DEEPVOICE_FAKE_trump-to-taylor_frag17,1,cc3bdf544cfc09bd9cc788f7f022ba1af9daf701
DeepVoice,DEEPVOICE_FAKE_trump-to-taylor_frag18,DEEPVOICE_FAKE_trump-to-taylor_frag18,1,cc3bdf544cfc09bd9cc788f7f022ba1af9daf701
DeepVoice,DEEPVOICE_FAKE_trump-to-taylor_frag19,DEEPVOICE_FAKE_trump-to-taylor_frag19,1,cc3bdf544cfc09bd9cc788f7f022ba1af9daf701
DeepVoice,DEEPVOICE_FAKE_trump-to-taylor_frag2,DEEPVOICE_FAKE_trump-to-taylor_frag2,1,cc3bdf544cfc09bd9cc788f7f022ba1af9daf701
DeepVoice,DEEPVOICE_FAKE_trump-to-taylor_frag20,DEEPVOICE_FAKE_trump-to-taylor_frag20,1,cc3bdf544cfc09bd9cc788f7f022ba1af9daf701
DeepVoice,DEEPVOICE_FAKE_trump-to-taylor_frag21,DEEPVOICE_FAKE_trump-to-taylor_frag21,1,cc3bdf544cfc09bd9cc788f7f022ba1af9daf701
DeepVoice,DEEPVOICE_FAKE_trump-to-taylor_frag22,DEEPVOICE_FAKE_trump-to-taylor_frag22,1,cc3bdf544cfc09bd9cc788f7f022ba1af9daf701
DeepVoice,DEEPVOICE_FAKE_trump-to-taylor_frag23,DEEPVOICE_FAKE_trump-to-taylor_frag23,1,cc3bdf544cfc09bd9cc788f7f022ba1af9daf701
DeepVoice,DEEPVOICE_FAKE_trump-to-taylor_frag24,DEEPVOICE_FAKE_trump-to-taylor_frag24,1,cc3bdf544cfc09bd9cc788f7f022ba1af9daf701
DeepVoice,DEEPVOICE_FAKE_trump-to-taylor_frag25,DEEPVOICE_FAKE_trump-to-taylor_frag25,1,cc3bdf544cfc09bd9cc788f7f022ba1af9daf701
DeepVoice,DEEPVOICE_FAKE_trump-to-taylor_frag26,DEEPVOICE_FAKE_trump-to-taylor_frag26,1,cc3bdf544cfc09bd9cc788f7f022ba1af9daf701
DeepVoice,DEEPVOICE_FAKE_trump-to-taylor_frag27,DEEPVOICE_FAKE_trump-to-taylor_frag27,1,cc3bdf544cfc09bd9cc788f7f022ba1af9daf701
DeepVoice,DEEPVOICE_FAKE_trump-to-taylor_frag28,DEEPVOICE_FAKE_trump-to-taylor_frag28,1,cc3bdf544cfc09bd9cc788f7f022ba1af9daf701
DeepVoice,DEEPVOICE_FAKE_trump-to-taylor_frag29,DEEPVOICE_FAKE_trump-to-taylor_frag29,1,cc3bdf544cfc09bd9cc788f7f022ba1af9daf701
DeepVoice,DEEPVOICE_FAKE_trump-to-taylor_frag3,DEEPVOICE_FAKE_trump-to-taylor_frag3,1,cc3bdf544cfc09bd9cc788f7f022ba1af9daf701
DeepVoice,DEEPVOICE_FAKE_trump-to-taylor_frag30,DEEPVOICE_FAKE_trump-to-taylor_frag30,1,cc3bdf544cfc09bd9cc788f7f022ba1af9daf701
DeepVoice,DEEPVOICE_FAKE_trump-to-taylor_frag31,DEEPVOICE_FAKE_trump-to-taylor_frag31,1,cc3bdf544cfc09bd9cc788f7f022ba1af9daf701
DeepVoice,DEEPVOICE_FAKE_trump-to-taylor_frag32,DEEPVOICE_FAKE_trump-to-taylor_frag32,1,cc3bdf544cfc09bd9cc788f7f022ba1af9daf701
DeepVoice,DEEPVOICE_FAKE_trump-to-taylor_frag33,DEEPVOICE_FAKE_trump-to-taylor_frag33,1,cc3bdf544cfc09bd9cc788f7f022ba1af9daf701
DeepVoice,DEEPVOICE_FAKE_trump-to-taylor_frag34,DEEPVOICE_FAKE_trump-to-taylor_frag34,1,cc3bdf544cfc09bd9cc788f7f022ba1af9daf701
DeepVoice,DEEPVOICE_FAKE_trump-to-taylor_frag35,DEEPVOICE_FAKE_trump-to-taylor_frag35,1,cc3bdf544cfc09bd9cc788f7f022ba1af9daf701
DeepVoice,DEEPVOICE_FAKE_trump-to-taylor_frag36,DEEPVOICE_FAKE_trump-to-taylor_frag36,1,cc3bdf544cfc09bd9cc788f7f022ba1af9daf701
DeepVoice,DEEPVOICE_FAKE_trump-to-taylor_frag37,DEEPVOICE_FAKE_trump-to-taylor_frag37,1,cc3bdf544cfc09bd9cc788f7f022ba1af9daf701
DeepVoice,DEEPVOICE_FAKE_trump-to-taylor_frag38,DEEPVOICE_FAKE_trump-to-taylor_frag38,1,cc3bdf544cfc09bd9cc788f7f022ba1af9daf701
DeepVoice,DEEPVOICE_FAKE_trump-to-taylor_frag39,DEEPVOICE_FAKE_trump-to-taylor_frag39,1,cc3bdf544cfc09bd9cc788f7f022ba1af9daf701
DeepVoice,DEEPVOICE_FAKE_trump-to-taylor_frag4,DEEPVOICE_FAKE_trump-to-taylor_frag4,1,cc3bdf544cfc09bd9cc788f7f022ba1af9daf701
DeepVoice,DEEPVOICE_FAKE_trump-to-taylor_frag40,DEEPVOICE_FAKE_trump-to-taylor_frag40,1,cc3bdf544cfc09bd9cc788f7f022ba1af9daf701
DeepVoice,DEEPVOICE_FAKE_trump-to-taylor_frag41,DEEPVOICE_FAKE_trump-to-taylor_frag41,1,cc3bdf544cfc09bd9cc788f7f022ba1af9daf701
DeepVoice,DEEPVOICE_FAKE_trump-to-taylor_frag42,DEEPVOICE_FAKE_trump-to-taylor_frag42,1,cc3bdf544cfc09bd9cc788f7f022ba1af9daf701
DeepVoice,DEEPVOICE_FAKE_trump-to-taylor_frag43,DEEPVOICE_FAKE_trump-to-taylor_frag43,1,cc3bdf544cfc09bd9cc788f7f022ba1af9daf701
DeepVoice,DEEPVOICE_FAKE_trump-to-taylor_frag44,DEEPVOICE_FAKE_trump-to-taylor_frag44,1,cc3bdf544cfc09bd9cc788f7f022ba1af9daf701
DeepVoice,DEEPVOICE_FAKE_trump-to-taylor_frag45,DEEPVOICE_FAKE_trump-to-taylor_frag45,1,cc3bdf544cfc09bd9cc788f7f022ba1af9daf701
DeepVoice,DEEPVOICE_FAKE_trump-to-taylor_frag46,DEEPVOICE_FAKE_trump-to-taylor_frag46,1,cc3bdf544cfc09bd9cc788f7f022ba1af9daf701
DeepVoice,DEEPVOICE_FAKE_trump-to-taylor_frag47,DEEPVOICE_FAKE_trump-to-taylor_frag47,1,cc3bdf544cfc09bd9cc788f7f022ba1af9daf701
DeepVoice,DEEPVOICE_FAKE_trump-to-taylor_frag48,DEEPVOICE_FAKE_trump-to-taylor_frag48,1,cc3bdf544cfc09bd9cc788f7f022ba1af9daf701
DeepVoice,DEEPVOICE_FAKE_trump-to-taylor_frag49,DEEPVOICE_FAKE_trump-to-taylor_frag49,1,cc3bdf544cfc09bd9cc788f7f022ba1af9daf701
DeepVoice,DEEPVOICE_FAKE_trump-to-taylor_frag5,DEEPVOICE_FAKE_trump-to-taylor_frag5,1,cc3bdf544cfc09bd9cc788f7f022ba1af9daf701
DeepVoice,DEEPVOICE_FAKE_trump-to-taylor_frag50,DEEPVOICE_FAKE_trump-to-taylor_frag50,1,cc3bdf544cfc09bd9cc788f7f022ba1af9daf701
DeepVoice,DEEPVOICE_FAKE_trump-to-taylor_frag51,DEEPVOICE_FAKE_trump-to-taylor_frag51,1,cc3bdf544cfc09bd9cc788f7f022ba1af9daf701
DeepVoice,DEEPVOICE_FAKE_trump-to-taylor_frag52,DEEPVOICE_FAKE_trump-to-taylor_frag52,1,cc3bdf544cfc09bd9cc788f7f022ba1af9daf701
DeepVoice,DEEPVOICE_FAKE_trump-to-taylor_frag53,DEEPVOICE_FAKE_trump-to-taylor_frag53,1,cc3bdf544cfc09bd9cc788f7f022ba1af9daf701
DeepVoice,DEEPVOICE_FAKE_trump-to-taylor_frag54,DEEPVOICE_FAKE_trump-to-taylor_frag54,1,cc3bdf544cfc09bd9cc788f7f022ba1af9daf701
DeepVoice,DEEPVOICE_FAKE_trump-to-taylor_frag55,DEEPVOICE_FAKE_trump-to-taylor_frag55,1,cc3bdf544cfc09bd9cc788f7f022ba1af9daf701
DeepVoice,DEEPVOICE_FAKE_trump-to-taylor_frag56,DEEPVOICE_FAKE_trump-to-taylor_frag56,1,cc3bdf544cfc09bd9cc788f7f022ba1af9daf701
DeepVoice,DEEPVOICE_FAKE_trump-to-taylor_frag57,DEEPVOICE_FAKE_trump-to-taylor_frag57,1,cc3bdf544cfc09bd9cc788f7f022ba1af9daf701
DeepVoice,DEEPVOICE_FAKE_trump-to-taylor_frag58,DEEPVOICE_FAKE_trump-to-taylor_frag58,1,cc3bdf544cfc09bd9cc788f7f022ba1af9daf701
DeepVoice,DEEPVOICE_FAKE_trump-to-taylor_frag59,DEEPVOICE_FAKE_trump-to-taylor_frag59,1,cc3bdf544cfc09bd9cc788f7f022ba1af9daf701
DeepVoice,DEEPVOICE_FAKE_trump-to-taylor_frag6,DEEPVOICE_FAKE_trump-to-taylor_frag6,1,cc3bdf544cfc09bd9cc788f7f022ba1af9daf701
DeepVoice,DEEPVOICE_FAKE_trump-to-taylor_frag60,DEEPVOICE_FAKE_trump-to-taylor_frag60,1,cc3bdf544cfc09bd9cc788f7f022ba1af9daf701
DeepVoice,DEEPVOICE_FAKE_trump-to-taylor_frag61,DEEPVOICE_FAKE_trump-to-taylor_frag61,1,cc3bdf544cfc09bd9cc788f7f022ba1af9daf701
DeepVoice,DEEPVOICE_FAKE_trump-to-taylor_frag62,DEEPVOICE_FAKE_trump-to-taylor_frag62,1,cc3bdf544cfc09bd9cc788f7f022ba1af9daf701
DeepVoice,DEEPVOICE_FAKE_trump-to-taylor_frag63,DEEPVOICE_FAKE_trump-to-taylor_frag63,1,cc3bdf544cfc09bd9cc788f7f022ba1af9daf701
DeepVoice,DEEPVOICE_FAKE_trump-to-taylor_frag64,DEEPVOICE_FAKE_trump-to-taylor_frag64,1,cc3bdf544cfc09bd9cc788f7f022ba1af9daf701
DeepVoice,DEEPVOICE_FAKE_trump-to-taylor_frag65,DEEPVOICE_FAKE_trump-to-taylor_frag65,1,cc3bdf544cfc09bd9cc788f7f022ba1af9daf701
DeepVoice,DEEPVOICE_FAKE_trump-to-taylor_frag66,DEEPVOICE_FAKE_trump-to-taylor_frag66,1,cc3bdf544cfc09bd9cc788f7f022ba1af9daf701
DeepVoice,DEEPVOICE_FAKE_trump-to-taylor_frag67,DEEPVOICE_FAKE_trump-to-taylor_frag67,1,cc3bdf544cfc09bd9cc788f7f022ba1af9daf701
DeepVoice,DEEPVOICE_FAKE_trump-to-taylor_frag68,DEEPVOICE_FAKE_trump-to-taylor_frag68,1,cc3bdf544cfc09bd9cc788f7f022ba1af9daf701
DeepVoice,DEEPVOICE_FAKE_trump-to-taylor_frag69,DEEPVOICE_FAKE_trump-to-taylor_frag69,1,cc3bdf544cfc09bd9cc788f7f022ba1af9daf701
DeepVoice,DEEPVOICE_FAKE_trump-to-taylor_frag7,DEEPVOICE_FAKE_trump-to-taylor_frag7,1,cc3bdf544cfc09bd9cc788f7f022ba1af9daf701
DeepVoice,DEEPVOICE_FAKE_trump-to-taylor_frag70,DEEPVOICE_FAKE_trump-to-taylor_frag70,1,cc3bdf544cfc09bd9cc788f7f022ba1af9daf701
DeepVoice,DEEPVOICE_FAKE_trump-to-taylor_frag71,DEEPVOICE_FAKE_trump-to-taylor_frag71,1,cc3bdf544cfc09bd9cc788f7f022ba1af9daf701
DeepVoice,DEEPVOICE_FAKE_trump-to-taylor_frag72,DEEPVOICE_FAKE_trump-to-taylor_frag72,1,cc3bdf544cfc09bd9cc788f7f022ba1af9daf701
DeepVoice,DEEPVOICE_FAKE_trump-to-taylor_frag73,DEEPVOICE_FAKE_trump-to-taylor_frag73,1,cc3bdf544cfc09bd9cc788f7f022ba1af9daf701
DeepVoice,DEEPVOICE_FAKE_trump-to-taylor_frag74,DEEPVOICE_FAKE_trump-to-taylor_frag74,1,cc3bdf544cfc09bd9cc788f7f022ba1af9daf701
DeepVoice,DEEPVOICE_FAKE_trump-to-taylor_frag75,DEEPVOICE_FAKE_trump-to-taylor_frag75,1,cc3bdf544cfc09bd9cc788f7f022ba1af9daf701
DeepVoice,DEEPVOICE_FAKE_trump-to-taylor_frag76,DEEPVOICE_FAKE_trump-to-taylor_frag76,1,cc3bdf544cfc09bd9cc788f7f022ba1af9daf701
DeepVoice,DEEPVOICE_FAKE_trump-to-taylor_frag77,DEEPVOICE_FAKE_trump-to-taylor_frag77,1,cc3bdf544cfc09bd9cc788f7f022ba1af9daf701
DeepVoice,DEEPVOICE_FAKE_trump-to-taylor_frag78,DEEPVOICE_FAKE_trump-to-taylor_frag78,1,cc3bdf544cfc09bd9cc788f7f022ba1af9daf701
DeepVoice,DEEPVOICE_FAKE_trump-to-taylor_frag79,DEEPVOICE_FAKE_trump-to-taylor_frag79,1,cc3bdf544cfc09bd9cc788f7f022ba1af9daf701
DeepVoice,DEEPVOICE_FAKE_trump-to-taylor_frag8,DEEPVOICE_FAKE_trump-to-taylor_frag8,1,cc3bdf544cfc09bd9cc788f7f022ba1af9daf701
DeepVoice,DEEPVOICE_FAKE_trump-to-taylor_frag80,DEEPVOICE_FAKE_trump-to-taylor_frag80,1,cc3bdf544cfc09bd9cc788f7f022ba1af9daf701
DeepVoice,DEEPVOICE_FAKE_trump-to-taylor_frag81,DEEPVOICE_FAKE_trump-to-taylor_frag81,1,cc3bdf544cfc09bd9cc788f7f022ba1af9daf701
DeepVoice,DEEPVOICE_FAKE_trump-to-taylor_frag82,DEEPVOICE_FAKE_trump-to-taylor_frag82,1,cc3bdf544cfc09bd9cc788f7f022ba1af9daf701
DeepVoice,DEEPVOICE_FAKE_trump-to-taylor_frag83,DEEPVOICE_FAKE_trump-to-taylor_frag83,1,cc3bdf544cfc09bd9cc788f7f022ba1af9daf701
DeepVoice,DEEPVOICE_FAKE_trump-to-taylor_frag84,DEEPVOICE_FAKE_trump-to-taylor_frag84,1,cc3bdf544cfc09bd9cc788f7f022ba1af9daf701
DeepVoice,DEEPVOICE_FAKE_trump-to-taylor_frag85,DEEPVOICE_FAKE_trump-to-taylor_frag85,1,cc3bdf544cfc09bd9cc788f7f022ba1af9daf701
DeepVoice,DEEPVOICE_FAKE_trump-to-taylor_frag86,DEEPVOICE_FAKE_trump-to-taylor_frag86,1,cc3bdf544cfc09bd9cc788f7f022ba1af9daf701
DeepVoice,DEEPVOICE_FAKE_trump-to-taylor_frag87,DEEPVOICE_FAKE_trump-to-taylor_frag87,1,cc3bdf544cfc09bd9cc788f7f022ba1af9daf701
DeepVoice,DEEPVOICE_FAKE_trump-to-taylor_frag88,DEEPVOICE_FAKE_trump-to-taylor_frag88,1,cc3bdf544cfc09bd9cc788f7f022ba1af9daf701
DeepVoice,DEEPVOICE_FAKE_trump-to-taylor_frag89,DEEPVOICE_FAKE_trump-to-taylor_frag89,1,cc3bdf544cfc09bd9cc788f7f022ba1af9daf701
DeepVoice,DEEPVOICE_FAKE_trump-to-taylor_frag9,DEEPVOICE_FAKE_trump-to-taylor_frag9,1,cc3bdf544cfc09bd9cc788f7f022ba1af9daf701
DeepVoice,DEEPVOICE_FAKE_trump-to-taylor_frag90,DEEPVOICE_FAKE_trump-to-taylor_frag90,1,cc3bdf544cfc09bd9cc788f7f022ba1af9daf701
DeepVoice,DEEPVOICE_FAKE_trump-to-taylor_frag91,DEEPVOICE_FAKE_trump-to-taylor_frag91,1,cc3bdf544cfc09bd9cc788f7f022ba1af9daf701
DeepVoice,DEEPVOICE_FAKE_trump-to-taylor_frag92,DEEPVOICE_FAKE_trump-to-taylor_frag92,1,cc3bdf544cfc09bd9cc788f7f022ba1af9daf701
DeepVoice,DEEPVOICE_FAKE_trump-to-taylor_frag93,DEEPVOICE_FAKE_trump-to-taylor_frag93,1,cc3bdf544cfc09bd9cc788f7f022ba1af9daf701
DeepVoice,DEEPVOICE_FAKE_trump-to-taylor_frag94,DEEPVOICE_FAKE_trump-to-taylor_frag94,1,cc3bdf544cfc09bd9cc788f7f022ba1af9daf701
DeepVoice,DEEPVOICE_FAKE_trump-to-taylor_frag95,DEEPVOICE_FAKE_trump-to-taylor_frag95,1,cc3bdf544cfc09bd9cc788f7f022ba1af9daf701
DeepVoice,DEEPVOICE_FAKE_trump-to-taylor_frag96,DEEPVOICE_FAKE_trump-to-taylor_frag96,1,cc3bdf544cfc09bd9cc788f7f022ba1af9daf701
DeepVoice,DEEPVOICE_FAKE_trump-to-taylor_frag97,DEEPVOICE_FAKE_trump-to-taylor_frag97,1,cc3bdf544cfc09bd9cc788f7f022ba1af9daf701
DeepVoice,DEEPVOICE_FAKE_trump-to-taylor_frag98,DEEPVOICE_FAKE_trump-to-taylor_frag98,1,cc3bdf544cfc09bd9cc788f7f022ba1af9daf701
