model,item_id,seed,family,template,k,expected_count,expected_words,target_unit,n_words,duration_s,count_a,rms,spectral_flatness,trailing_silence_s,loop_ac_peak,n_speech_tokens,hit_cap,count_b,expected_duration_s,duration_ratio,agree,count_final,outcome,correct,transcript
llasa1b,ct_blue_t4_k02,0,control_word,t4,2,2,9,blue,21,40.96,0,0.0024081815499812365,0.0027983004692941904,6.25e-05,0.8593202233314514,2048,True,20,4.1,9.990243902439026,False,20,loop,0,O  O O  O  O O O O OT    O O O O AO O     AA  O  O WA UT WA
llasa1b,ct_blue_t4_k02,1,control_word,t4,2,2,9,blue,1,40.96,0,0.0005984040908515453,0.013247234746813774,21.0188125,0.10119394212961197,2048,True,20,4.1,9.990243902439026,False,20,empty,0,O
llasa1b,ct_blue_t4_k02,2,control_word,t4,2,2,9,blue,9,5.54,0,0.01791730336844921,0.006819622125476599,6.25e-05,0.17599323391914368,277,False,3,4.1,1.351219512195122,False,3,undercount,0,THE NIGHT WAS GRA BY BEFORE THE SPELL AWA
llasa1b,ct_blue_t4_k03,0,control_word,t4,3,3,10,blue,10,3.8,2,0.002820545807480812,0.0430944561958313,0.0320625,0.2188771516084671,190,False,2,6.1499999999999995,0.6178861788617886,True,2,truncation,0,THE LIGHT WAS GREEN BRIGHT PAL THE FAST TO LIT
llasa1b,ct_blue_t4_k03,1,control_word,t4,3,3,10,blue,1,40.96,0,0.0005107066826894879,0.024517538025975227,5.749625,0.3149370849132538,2048,True,20,6.1499999999999995,6.660162601626017,False,20,empty,0,TEET
llasa1b,ct_blue_t4_k03,2,control_word,t4,3,3,10,blue,9,4.84,1,0.0740610733628273,0.025918232277035713,0.7188125,0.11811177432537079,242,False,2,6.1499999999999995,0.7869918699186992,True,1,undercount,0,THE LIGHT WAS GREEN BACK PAL BEFORE THE STOHAAFED
llasa1b,ct_blue_t4_k04,0,control_word,t4,4,4,11,blue,9,5.3,2,0.0016832826659083366,0.06287623196840286,0.007125,0.17907504737377167,265,False,3,8.2,0.6463414634146342,True,2,truncation,0,THE LIGHT WAS GREEN BRIGHT AT EFARTHES FONE WA
llasa1b,ct_blue_t4_k04,1,control_word,t4,4,4,11,blue,10,22.92,0,0.005032846704125404,0.03548969328403473,6.25e-05,0.46911051869392395,1146,False,11,8.2,2.7951219512195125,False,11,loop,0,TE LIGHT WAS BLAIN BLANK OUN THEN BEFORE THE STORM
llasa1b,ct_blue_t4_k04,2,control_word,t4,4,4,11,blue,11,4.46,2,0.03395884111523628,0.024117087945342064,0.6490625,0.37959104776382446,223,False,2,8.2,0.5439024390243903,True,2,truncation,0,THE LIGHT WAS GREEN BRIGHT AND ENN UPON IS FORM LAWN
llasa1b,ct_blue_t4_k06,0,control_word,t4,6,6,13,blue,16,40.96,0,0.03180163726210594,0.011630156077444553,35.62175,0.3918144404888153,2048,True,20,12.299999999999999,3.3300813008130086,False,20,loop,0,THE RERUP WOD AA O O O O O O O OOO  OOO T O SIE
llasa1b,ct_blue_t4_k06,1,control_word,t4,6,6,13,blue,2,16.26,0,0.00215138983912766,0.02175583317875862,2.228875,0.4204723536968231,813,False,8,12.299999999999999,1.3219512195121954,False,8,undercount,0,TAT TAN
llasa1b,ct_blue_t4_k06,2,control_word,t4,6,6,13,blue,13,6.98,6,0.023630309849977493,0.07220326364040375,0.664375,0.3281889259815216,349,False,3,12.299999999999999,0.5674796747967481,False,6,truncation,0,THE LIGHT WAS GREEN BRIGHT PALE DIM WARM COLD BEFORE THE STORM ARRIVED
llasa1b,ct_blue_t4_k08,0,control_word,t4,8,8,15,blue,15,9.42,8,0.03410572558641434,0.09696845710277557,0.67775,0.2508683502674103,471,False,5,16.4,0.5743902439024391,False,8,truncation,0,THE LIGHT WAS GREEN BRIGHT PALE DIM WARM COLD SHARP SOFT BEFORE THE STORM ARRIVED
llasa1b,ct_blue_t4_k08,1,control_word,t4,8,8,15,blue,8,37.04,0,0.000335395714500919,0.028196275234222412,0.0759375,0.16493043303489685,1852,False,18,16.4,2.258536585365854,False,18,empty,0,A WA A  AAAA A AT A  AA
llasa1b,ct_blue_t4_k08,2,control_word,t4,8,8,15,blue,15,9.92,8,0.02331206016242504,0.07682237029075623,0.7880625,0.24396216869354248,496,False,5,16.4,0.6048780487804879,False,8,truncation,0,THE LIGHT WAS GREEN BRIGHT PALE DIM WARM COLD SHARP SOFT BEFORE THE STORM ARRIVED
llasa1b,ct_blue_t4_k12,0,control_word,t4,12,12,19,blue,19,13.68,12,0.03775374963879585,0.08464236557483673,6.25e-05,0.23783408105373383,684,False,7,24.599999999999998,0.5560975609756098,False,12,truncation,0,THE LIGHT WAS GREEN BRIGHT PALE DIM WARM COLD SHARP SOFT GREEN BRIGHT PALE DIM BEFORE THE STORM ARRIVED
llasa1b,ct_blue_t4_k12,1,control_word,t4,12,12,19,blue,19,11.22,12,0.021140070632100105,0.03812801465392113,0.878875,0.25768589973449707,561,False,5,24.599999999999998,0.45609756097560983,False,12,truncation,0,THE LIGHT WAS GREEN BRIGHT PALE DIM WARM COLD SHARP SOFT GREEN BRIGHT PALE DIM BEFORE THE STORM ARRIVED
llasa1b,ct_blue_t4_k12,2,control_word,t4,12,12,19,blue,19,12.56,12,0.014929089695215225,0.10903234034776688,0.4626875,0.16999365389347076,628,False,6,24.599999999999998,0.510569105691057,False,12,truncation,0,THE LIGHT WAS GREEN BRIGHT PALE DIM WARM COLD SHARP SOFT GREEN BRIGHT PALE DIM BEFORE THE STORM ARRIVED
llasa1b,ct_blue_t4_k16,0,control_word,t4,16,16,23,blue,23,13.1,16,0.035775672644376755,0.09956060349941254,0.9243125,0.17104509472846985,655,False,6,32.8,0.39939024390243905,False,16,truncation,0,THE LIGHT WAS GREEN BRIGHT PALE DIM WARM COLD SHARP SOFT GREEN BRIGHT PALE DIM WARM COLD SHARP SOFT BEFORE THE STORM ARRIVED
llasa1b,ct_blue_t4_k16,1,control_word,t4,16,16,23,blue,11,40.96,7,0.015274333767592907,0.012256749905645847,6.25e-05,0.40681639313697815,2048,True,20,32.8,1.2487804878048783,False,20,loop,0,THE LIGHT WAS GREEN BRIGHT PALE DIM WARM COLD SHARP SOFGREEN
llasa1b,ct_blue_t4_k16,2,control_word,t4,16,16,23,blue,23,15.14,16,0.030081558972597122,0.04473118484020233,0.5815625,0.22529591619968414,757,False,7,32.8,0.4615853658536586,False,16,truncation,0,THE LIGHT WAS GREEN BRIGHT PALE DIM WARM COLD SHARP SOFT GREEN BRIGHT PALE DIM WARM COLD SHARP SOFT BEFORE THE STORM ARRIVED
llasa1b,ct_blue_t4_k24,0,control_word,t4,24,24,31,blue,31,21.0,24,0.053782738745212555,0.10470790416002274,0.9939375,0.18207591772079468,1050,False,10,49.199999999999996,0.426829268292683,False,24,truncation,0,THE LIGHT WAS GREEN BRIGHT PALE DIM WARM COLD SHARP SOFT GREEN BRIGHT PALE DIM WARM COLD SHARP SOFT GREEN BRIGHT PALE DIM WARM COLD SHARP SOFT BEFORE THE STORM ARRIVED
llasa1b,ct_blue_t4_k24,1,control_word,t4,24,24,31,blue,31,40.96,24,0.015935828909277916,0.03731627017259598,10.82725,0.36861452460289,2048,True,20,49.199999999999996,0.8325203252032521,False,24,correct,1,THE LIGHT WAS GREEN BRIGHT PALE DIM WARM COLD SHARP SOFT GREEN BRIGHT PALE DIM WARM COLD SHARP SOFT GREEN BRIGHT PALE DIM WARM COLD SHARP SOFT BEFORE THE STORM ARRIVED
llasa1b,ct_blue_t4_k24,2,control_word,t4,24,24,31,blue,31,19.28,24,0.027978258207440376,0.03645677864551544,0.610125,0.1749948114156723,964,False,9,49.199999999999996,0.391869918699187,False,24,truncation,0,THE LIGHT WAS GREEN BRIGHT PALE DIM WARM COLD SHARP SOFT GREEN BRIGHT PALE DIM WARM COLD SHARP SOFT GREEN BRIGHT PALE DIM WARM COLD SHARP SOFT BEFORE THE STORM ARRIVED
llasa1b,ct_blue_t4_k32,0,control_word,t4,32,32,39,blue,42,33.62,32,0.023307038471102715,0.040372852236032486,6.25e-05,0.33424776792526245,1681,False,16,65.6,0.5125,False,32,truncation,0,THE LIGHT WAS GREEN BRIGHT PALE DIM WARM COLD SHARPBEFORE THE SHARP SOFT GREEN BRIGHT PALE DIM WARM COLD SHARP SOFT GREEN BRIGHT PALE DIM WARM COLD SHARP S SOFT GREEN BRIGHT PALE DIM WARM COLD SHARP SOFT BEFORE THE STORM ARRIVED
llasa1b,ct_blue_t4_k32,1,control_word,t4,32,32,39,blue,8,40.96,5,0.016535788774490356,0.017075026407837868,6.25e-05,0.3715493381023407,2048,True,20,65.6,0.6243902439024391,False,20,loop,0,THE LIGHT WAS GREEN BRIGHT PALE DIM WARM
llasa1b,ct_blue_t4_k32,2,control_word,t4,32,32,39,blue,39,25.44,32,0.03395882248878479,0.02725105918943882,1.2219375,0.33906394243240356,1272,False,12,65.6,0.38780487804878055,False,32,truncation,0,THE LIGHT WAS GREEN BRIGHT PALE DIM WARM COLD SHARP SOFT GREEN BRIGHT PALE DIM WARM COLD SHARP SOFT GREEN BRIGHT PALE DIM WARM COLD SHARP SOFT GREEN BRIGHT PALE DIM WARM COLD SHARP SOFT BEFORE THE STORM ARRIVED
llasa1b,ct_far_t3_k02,0,control_word,t3,2,2,10,far,10,4.26,2,0.045828867703676224,0.07127169519662857,0.614125,0.3644941449165344,213,False,2,4.26,1.0,True,2,correct,1,HE WALKED DEEP FAST INTO THE FOREST OF FARCAN AP
llasa1b,ct_far_t3_k02,1,control_word,t3,2,2,10,far,0,40.96,0,0.0002946138265542686,0.12804673612117767,5.1708125,0.4257459342479706,2048,True,19,4.26,9.615023474178404,False,19,empty,0,
llasa1b,ct_far_t3_k02,2,control_word,t3,2,2,10,far,10,5.54,0,0.015661749988794327,0.003054681932553649,6.25e-05,0.21952110528945923,277,False,3,4.26,1.3004694835680752,False,3,undercount,0,HE WALKED FAT FIRST INTO THE FENCE EFER TURNING BACK
llasa1b,ct_far_t3_k03,0,control_word,t3,3,3,11,far,1,40.96,0,0.0013006225926801562,0.012221060693264008,6.25e-05,0.844550371170044,2048,True,19,6.39,6.410015649452269,False,19,loop,0,EPO
llasa1b,ct_far_t3_k03,1,control_word,t3,3,3,11,far,3,40.96,0,0.0025220506358891726,0.030195916071534157,6.25e-05,0.5622575879096985,2048,True,19,6.39,6.410015649452269,False,19,loop,0,I TAT W
llasa1b,ct_far_t3_k03,2,control_word,t3,3,3,11,far,32,40.96,0,0.004604685120284557,0.0016596351051703095,6.25e-05,0.40806448459625244,2048,True,19,6.39,6.410015649452269,False,19,loop,0,OO  AAO O O EO E ATE A A A A  IT A A E T A I A A E ET A A A A IT A AT  A A  AD
llasa1b,ct_far_t3_k04,0,control_word,t3,4,4,12,far,12,6.12,4,0.03699275851249695,0.03962550684809685,1.070625,0.26649996638298035,306,False,3,8.52,0.7183098591549296,True,4,correct,1,HE WALKED DEEP FAST LONG WIDE INTO THE FOREST BEFORE TURNING BACK
llasa1b,ct_far_t3_k04,1,control_word,t3,4,4,12,far,1,40.96,0,0.0023584060836583376,0.03223033621907234,20.0394375,0.6598925590515137,2048,True,19,8.52,4.807511737089202,False,19,loop,0,A
llasa1b,ct_far_t3_k04,2,control_word,t3,4,4,12,far,12,6.98,4,0.024630175903439522,0.09371361881494522,0.4606875,0.12552957236766815,349,False,3,8.52,0.8192488262910799,True,4,correct,1,HE WALKED DEEP FAST LONG WIDE INTO THE FOREST BEFORE TURNING BACK
llasa1b,ct_far_t3_k06,0,control_word,t3,6,6,14,far,15,8.7,6,0.03580030798912048,0.08294492959976196,1.342125,0.17159885168075562,435,False,4,12.78,0.6807511737089201,False,6,truncation,0,HE WALKED DEEP FAST LONG WIDE HIGH AND LOW INTO THE FOREST BEFORE TURNING BACK
llasa1b,ct_far_t3_k06,1,control_word,t3,6,6,14,far,14,8.2,6,0.05275718867778778,0.0457635298371315,1.0535,0.3736785650253296,410,False,4,12.78,0.6416275430359937,False,6,truncation,0,HE WALKED DEEP FAST LONG WIDE HIGH LOW INTO THE FOREST BEFORE TURNING BACK
llasa1b,ct_far_t3_k06,2,control_word,t3,6,6,14,far,13,6.62,4,0.02358097769320011,0.08245298266410828,0.7699375,0.29486045241355896,331,False,3,12.78,0.5179968701095462,True,4,truncation,0,HE WALKED DEEP FAST LONG WIDE HIGHLOW INTO THE FOREST BEFORE TURNING BACK
llasa1b,ct_far_t3_k08,0,control_word,t3,8,8,16,far,16,7.7,7,0.04733394831418991,0.050096094608306885,1.40175,0.3442222774028778,385,False,4,17.04,0.4518779342723005,False,7,truncation,0,HE WALKED DEEP FAST LONG WIDE HIGH LO NEAR PAST INTO THE FOREST BEFORE TURNING BACK
llasa1b,ct_far_t3_k08,1,control_word,t3,8,8,16,far,16,7.84,8,0.052893996238708496,0.025098377838730812,0.9405,0.3815325200557709,392,False,4,17.04,0.46009389671361506,False,8,truncation,0,HE WALKED DEEP FAST LONG WIDE HIGH LOW NEAR PAST INTO THE FOREST BEFORE TURNING BACK
llasa1b,ct_far_t3_k08,2,control_word,t3,8,8,16,far,17,6.98,8,0.028721632435917854,0.06821142137050629,0.483,0.21695512533187866,349,False,3,17.04,0.40962441314553993,False,8,truncation,0,HE WALKED DEEP FAST LONG WIDE HIGH AND LOW NEAR PAST INTO THE FOREST BEFORE TURNING BACK
llasa1b,ct_far_t3_k12,0,control_word,t3,12,12,20,far,20,13.68,12,0.03377077728509903,0.10896188765764236,1.77125,0.3039613962173462,684,False,6,25.56,0.5352112676056339,False,12,truncation,0,HE WALKED DEEP FAST LONG WIDE HIGH LOW NEAR PAST DEEP FAST LONG WIDE INTO THE FOREST BEFORE TURNING BACK
llasa1b,ct_far_t3_k12,1,control_word,t3,12,12,20,far,20,10.14,11,0.02788153663277626,0.05861051380634308,1.21025,0.23167873919010162,507,False,5,25.56,0.39671361502347424,False,11,truncation,0,HE WALKED DEEP FAST LONG WIDE HIGH LOW NEAR PAS DEEP FAST LONG WIDE INTO THE FOREST BEFORE TURNING BACK
llasa1b,ct_far_t3_k12,2,control_word,t3,12,12,20,far,20,12.74,12,0.020243100821971893,0.10356146097183228,1.2506875,0.158379927277565,637,False,6,25.56,0.498435054773083,False,12,truncation,0,HE WALKED DEEP FAST LONG WIDE HIGH LOW NEAR PAST DEEP FAST LONG WIDE INTO THE FOREST BEFORE TURNING BACK
llasa1b,ct_far_t3_k16,0,control_word,t3,16,16,24,far,24,12.74,14,0.035661228001117706,0.0375986248254776,0.4843125,0.2187783420085907,637,False,6,34.08,0.37382629107981225,False,14,truncation,0,HE WALKED DEEP FAST LONG WIDE HIGH LOW NEAR PAST DEEP FAST LONG WIDE I LO NEAR PAST INTO THE FOREST BEFORE TURNING BACK
llasa1b,ct_far_t3_k16,1,control_word,t3,16,16,24,far,24,11.94,14,0.02395956590771675,0.08143399655818939,6.25e-05,0.3487546443939209,597,False,6,34.08,0.3503521126760563,False,14,truncation,0,HE WALKED DEEP FAST LONG WIDE HIGH LOW NEAR PAS DEEP FAST LONG WIDE HIGH LOW NEAR PASD INTO THE FOREST BEFORE TURNING BACK
llasa1b,ct_far_t3_k16,2,control_word,t3,16,16,24,far,24,14.9,8,0.01475856639444828,0.06178367882966995,0.8655625,0.15703128278255463,745,False,7,34.08,0.43720657276995306,True,8,truncation,0,HE WALKED DEEP FAST LONG WIDE HIGH LOW NEAR PAS DEEP FAST LONG WIDE HIGH LOW NEAR PAST INTO THE FOREST BEFORE TURNING BACK
llasa1b,ct_far_t3_k24,0,control_word,t3,24,24,32,far,32,21.0,22,0.031852029263973236,0.05487333610653877,0.5645625,0.251688688993454,1050,False,10,51.12,0.41079812206572774,False,22,truncation,0,HE WALKED DEEP FAST LONG WIDE HIGH LOW NEAR PAST DEEP FAST LONG WIDE HIGH LOW NEAR PAS DEEP FAST LONG WIDE HIGH LOW NEAR PASET INTO THE FOREST BEFORE TURNING BACK
llasa1b,ct_far_t3_k24,1,control_word,t3,24,24,32,far,32,17.62,22,0.027421459555625916,0.07774757593870163,1.899625,0.33280545473098755,881,False,8,51.12,0.34467918622848204,False,22,truncation,0,HE WALKED DEEP FAST LONG WIDE HIGH LOW NEAR PAST DEEP FAST LONG WIDE HIGH LOW NEAR PAS DEEP FAST LONG WIDE HIGH LOW NEAR PASED INTO THE FOREST BEFORE TURNING BACK
llasa1b,ct_far_t3_k24,2,control_word,t3,24,24,32,far,32,18.36,15,0.038393449038267136,0.06341100484132767,0.5851875,0.30968165397644043,918,False,9,51.12,0.3591549295774648,False,15,truncation,0,HE WALKED DEEP FAST LONG WIDE HIGH LOW NEAR PAS DEEP FAST LONG WIDE HIGH LO NEAR PAST DEEP FAST LONG WIDE HIGH LOW NEAR PASSED INTO THE FOREST BEFORE TURNING BACK
llasa1b,ct_far_t3_k32,0,control_word,t3,32,32,40,far,40,18.3,32,0.046733614057302475,0.02389204502105713,6.25e-05,0.2202763557434082,915,False,9,68.16,0.26848591549295775,False,32,truncation,0,HE WALKED DEEP FAST LONG WIDE HIGH LOW NEAR PAST DEEP FAST LONG WIDE HIGH LOW NEAR PAST DEEP FAST LONG WIDE HIGH LOW NEAR PAST DEEP FAST LONG WIDE HIGH LOW NEAR PAST INTO THE FOREST BEFORE TURNING BACK
llasa1b,ct_far_t3_k32,1,control_word,t3,32,32,40,far,40,25.92,32,0.01782519556581974,0.03330099955201149,1.2090625,0.177754744887352,1296,False,12,68.16,0.3802816901408451,False,32,truncation,0,HE WALKED DEEP FAST LONG WIDE HIGH LOW NEAR PAST DEEP FAST LONG WIDE HIGH LOW NEAR PAST DEEP FAST LONG WIDE HIGH LOW NEAR PAST DEEP FAST LONG WIDE HIGH LOW NEAR PAST INTO THE FOREST BEFORE TURNING BACK
llasa1b,ct_far_t3_k32,2,control_word,t3,32,32,40,far,40,24.3,32,0.03856272250413895,0.045056555420160294,0.675125,0.168337881565094,1215,False,11,68.16,0.3565140845070423,False,32,truncation,0,HE WALKED DEEP FAST LONG WIDE HIGH LOW NEAR PAST DEEP FAST LONG WIDE HIGH LOW NEAR PAST DEEP FAST LONG WIDE HIGH LOW NEAR PAST DEEP FAST LONG WIDE HIGH LOW NEAR PAST INTO THE FOREST BEFORE TURNING BACK
llasa1b,ct_no_t2_k02,0,control_word,t2,2,2,12,no,0,30.02,0,2.2771615476813167e-05,0.14840535819530487,6.25e-05,2.5379657131452404e-07,1501,False,15,4.1,7.321951219512195,False,15,empty,0,
llasa1b,ct_no_t2_k02,1,control_word,t2,2,2,12,no,7,12.64,1,0.010131859220564365,0.03866461664438248,8.2721875,0.5270137786865234,632,False,6,4.1,3.082926829268293,False,6,loop,0,SHE SAID YES LAGI TO THE ARPORT
llasa1b,ct_no_t2_k02,2,control_word,t2,2,2,12,no,1,40.96,0,0.00249291630461812,0.013454613275825977,6.25e-05,0.6142166256904602,2048,True,20,4.1,9.990243902439026,False,20,loop,0,SUCCESS
llasa1b,ct_no_t2_k03,0,control_word,t2,3,3,13,no,2,19.36,0,0.007005299907177687,0.10305429995059967,4.8696875,0.5031045079231262,968,False,9,6.1499999999999995,3.1479674796747967,False,9,loop,0,BOY A
llasa1b,ct_no_t2_k03,1,control_word,t2,3,3,13,no,7,40.96,0,0.005843024235218763,0.002503269352018833,6.25e-05,0.7734179496765137,2048,True,20,6.1499999999999995,6.660162601626017,False,20,loop,0,TIS THE BEST TAT YESET TO NOT
llasa1b,ct_no_t2_k03,2,control_word,t2,3,3,13,no,36,40.96,0,0.0016794396797195077,0.0018745745765045285,6.25e-05,0.3811940550804138,2048,True,20,6.1499999999999995,6.660162601626017,False,20,loop,0,SO A OF OO OF O  OF O OF OF A OF O  O E O OF OF O O E OF OF  A O OF OF T AOO O  O OF OE  O OF  O
llasa1b,ct_no_t2_k04,0,control_word,t2,4,4,14,no,0,17.52,0,2.2480364350485615e-05,0.1638914793729782,6.25e-05,9.409760792777888e-08,876,False,9,8.2,2.1365853658536587,False,9,empty,0,
llasa1b,ct_no_t2_k04,1,control_word,t2,4,4,14,no,6,13.26,1,0.08905607461929321,0.03593925014138222,3.9685,0.2845510244369507,663,False,6,8.2,1.6170731707317074,False,6,loop,0,SUSA YES LADIS SHOT FING TANA
llasa1b,ct_no_t2_k04,2,control_word,t2,4,4,14,no,14,5.92,1,0.10177917778491974,0.010004677809774876,6.25e-05,0.1958080530166626,296,False,3,8.2,0.7219512195121952,False,3,undercount,0,SHE SAID YES NEVER SHAR FIND TO ME OFFER AND THEN LEFT HER HOME
llasa1b,ct_no_t2_k06,0,control_word,t2,6,6,16,no,0,17.46,0,2.288927680638153e-05,0.16327868402004242,6.25e-05,6.119089590583826e-08,873,False,9,12.299999999999999,1.4195121951219514,False,9,empty,0,
llasa1b,ct_no_t2_k06,1,control_word,t2,6,6,16,no,17,13.7,3,0.008348433300852776,0.0766124501824379,5.0911875,0.26231062412261963,685,False,7,12.299999999999999,1.113821138211382,False,7,undercount,0,SHE SAID YES NET IS SURE FINE COTEN RALD TO THE OFFER AND THEN LEFT THE ROOM
llasa1b,ct_no_t2_k06,2,control_word,t2,6,6,16,no,5,40.96,0,0.009625577367842197,0.0006680488004349172,6.25e-05,0.6187816262245178,2048,True,20,12.299999999999999,3.3300813008130086,False,20,loop,0,SASYES YE O A I
llasa1b,ct_no_t2_k08,0,control_word,t2,8,8,18,no,12,40.96,2,0.14360280334949493,0.02153446339070797,11.72775,0.8180242776870728,2048,True,20,16.4,2.4975609756097565,False,20,loop,0,SHE SAID YENIN A SHOW OF FINE LOOKIN WELL I RAL GOD
llasa1b,ct_no_t2_k08,1,control_word,t2,8,8,18,no,16,9.02,2,0.013082856312394142,0.04186015948653221,0.3560625,0.27132371068000793,451,False,4,16.4,0.55,False,4,truncation,0,SHE SAID YES MAME SHADE FINER KA WELL MIKE HU TE ELOFTER NEVER LEFT THE ROOM
llasa1b,ct_no_t2_k08,2,control_word,t2,8,8,18,no,26,40.96,0,0.0028016555588692427,0.0003276952775195241,6.25e-05,0.6046837568283081,2048,True,20,16.4,2.4975609756097565,False,20,loop,0,A A E   E EE E E A AE A   A A A A A A A E A A A A A E A A
llasa1b,ct_no_t2_k12,0,control_word,t2,12,12,22,no,5,40.96,1,0.005885343067348003,0.0086783142760396,0.96475,0.2739226222038269,2048,True,20,24.599999999999998,1.6650406504065043,False,20,loop,0,SHE SAID A YES A
llasa1b,ct_no_t2_k12,1,control_word,t2,12,12,22,no,21,9.76,8,0.13220995664596558,0.04286517947912216,0.3293125,0.2794221043586731,488,False,5,24.599999999999998,0.39674796747967483,False,8,truncation,0,SHE SAID YES MAYBE SURE FINE OKEY WILL WRIHT  YES MAYBE SURE FINE TO THE OFFER AND THEN LEFT THE ROOM
llasa1b,ct_no_t2_k12,2,control_word,t2,12,12,22,no,22,13.3,4,0.10812713205814362,0.0229409821331501,0.440375,0.17978613078594208,665,False,6,24.599999999999998,0.5406504065040652,False,6,truncation,0,SHE SAID YES MAYBE SURE FIND OKA WELL RIGHT HUM YES MAYBE SURE FINE TO THE OFFER AND THEN LEFT THE ROOM
llasa1b,ct_no_t2_k16,0,control_word,t2,16,16,26,no,17,18.24,6,0.10997333377599716,0.02512916550040245,0.226125,0.28531843423843384,912,False,9,32.8,0.5560975609756098,False,9,truncation,0,SHE SAID YES MAY BE SURE FINE OCA WELL WRIGHT HUMYES MAY BE SURE FINE O'CA
llasa1b,ct_no_t2_k16,1,control_word,t2,16,16,26,no,25,13.36,9,0.1012854054570198,0.08090944588184357,0.2761875,0.38916125893592834,668,False,7,32.8,0.40731707317073174,True,9,truncation,0,SHE SAID YES MAYBE SURE FINE O'KE WELL RIGHT HUYES MAYBE SURE FIND OKE WELL RIGT UTO THE OFFERR AND THEN LEFT THE ROOM
llasa1b,ct_no_t2_k16,2,control_word,t2,16,16,26,no,18,16.82,10,0.11332090198993683,0.018147455528378487,0.051,0.17121365666389465,841,False,8,32.8,0.5128048780487805,True,10,truncation,0,SHE SAID YES MAYBE SURE FINE OC WELL RIGHT U YES MAYBE SURE FINE O'QA WELLLLRIGHT HU
llasa1b,ct_no_t2_k24,0,control_word,t2,24,24,34,no,8,40.96,3,0.022557886317372322,0.02348579838871956,27.9858125,0.4180047810077667,2048,True,20,49.199999999999996,0.8325203252032521,False,20,loop,0,SHE SAID YES MAY BE SURE FINE OCEYES
llasa1b,ct_no_t2_k24,1,control_word,t2,24,24,34,no,37,17.52,11,0.13620060682296753,0.04762135073542595,0.2305625,0.21048715710639954,876,False,9,49.199999999999996,0.3560975609756098,True,11,truncation,0,SHE SAID YES MAYBE SURE FINE O'KE WELL RITE HUM YES MAYBE SURE FIND O'KA WELL RIGHT HUM YES MAYBE SURE FIND O'KE WELL RIGHT HUM TO THE OFFER AND THEN LEFT THE ROOM
llasa1b,ct_no_t2_k24,2,control_word,t2,24,24,34,no,22,24.36,9,0.14822763204574585,0.01810419000685215,0.1974375,0.4333830773830414,1218,False,12,49.199999999999996,0.49512195121951225,True,9,truncation,0,SHE SAID YES MAYBE SURE FIND OKA WELL RIGHT H YES MAYBE SURE FIN KA WELLBRIGHT  YES MAYBE SURE FIND OKA WELL
llasa1b,ct_no_t2_k32,0,control_word,t2,32,32,42,no,38,22.16,20,0.11810669302940369,0.03685285523533821,0.685125,0.25375670194625854,1108,False,11,65.6,0.3378048780487805,False,20,truncation,0,SHE SAID YES MAYBE SURE FINE OKE WELL WRIT  YES MAYBE SURE FINE OQA WELL RITE  YES MAYBE SURE FINE OQA WELL WRITE  YES MAYBE SURE FINE OQ WELL WRITE  TO THE OFFER AND THEN LEFT THE ROOM
llasa1b,ct_no_t2_k32,1,control_word,t2,32,32,42,no,43,17.84,15,0.15897433459758759,0.02316543273627758,0.2524375,0.14325493574142456,892,False,9,65.6,0.27195121951219514,False,15,truncation,0,SHE SAID YES MAYBE SURE FINE O'KE WELL RIT  YES MAYBE SURE FIN O'KA WELL RIT  YES MAY BE SURE FINE O'KA WELL RIT  YES MAYBE SURE FINE O'KA WELL RIT  TO THE OFFER AND THEN LEFT THE ROOM
llasa1b,ct_no_t2_k32,2,control_word,t2,32,32,42,no,47,22.68,12,0.1963937133550644,0.03464886546134949,0.2420625,0.22455348074436188,1134,False,11,65.6,0.3457317073170732,True,12,truncation,0,SHE SAID YES MAY BE SURE FINE O'KA WELL RIGHT HUM YES MAYBE SURE FINE O'KA WELL RIGHT HU YES MAYBE SURE FIN O KA WELL RIGHT HU YES MAY BE SURE FINE OKA WELL RIGHT HU TO THE OFFER AND THEN LEFT THE ROOM
llasa1b,ct_quick_t5_k02,0,control_word,t5,2,2,9,quick,6,4.92,0,0.04728447645902634,0.03680213540792465,0.7731875,0.14565414190292358,246,False,2,4.1,1.2000000000000002,False,2,undercount,0,THE RUNNER MOVED SWIFTSEF ONTEN APA
llasa1b,ct_quick_t5_k02,1,control_word,t5,2,2,9,quick,1,40.96,0,0.0018021701835095882,0.021647488698363304,5.168875,0.086997851729393,2048,True,20,4.1,9.990243902439026,False,20,loop,0,P
llasa1b,ct_quick_t5_k02,2,control_word,t5,2,2,9,quick,4,9.0,0,0.015350599773228168,0.009073657914996147,0.017875,0.28590118885040283,450,False,4,4.1,2.1951219512195124,False,4,loop,0,A A ES FEGA
llasa1b,ct_quick_t5_k03,0,control_word,t5,3,3,10,quick,9,17.26,0,0.01338210143148899,0.0042559122666716576,6.25e-05,0.27037617564201355,863,False,8,6.1499999999999995,2.806504065040651,False,8,loop,0,WEN INE SMITH SCANS STEADIL OU AN OUT BATT
llasa1b,ct_quick_t5_k03,1,control_word,t5,3,3,10,quick,5,33.52,0,0.04003661125898361,0.01990685984492302,6.25e-05,0.42435789108276367,1676,False,16,6.1499999999999995,5.450406504065041,False,16,loop,0,NO I AN'T BELL
llasa1b,ct_quick_t5_k03,2,control_word,t5,3,3,10,quick,8,5.62,1,0.06900007277727127,0.04309314861893654,0.7338125,0.16782937943935394,281,False,3,6.1499999999999995,0.9138211382113822,False,3,undercount,0,THE RUNNER MOVED SWIFTSY STEADY AANGING AT AF
llasa1b,ct_quick_t5_k04,0,control_word,t5,4,4,11,quick,9,7.02,1,0.0444820299744606,0.058087367564439774,0.0014375,0.21990370750427246,351,False,3,8.2,0.8560975609756097,False,3,undercount,0,THE RUNNER MOVED SCATSY STEADY LIT AANE A PA
llasa1b,ct_quick_t5_k04,1,control_word,t5,4,4,11,quick,1,40.96,0,0.00584666570648551,0.041291557252407074,21.7910625,0.09995968639850616,2048,True,20,8.2,4.995121951219513,False,20,loop,0,TTETE
llasa1b,ct_quick_t5_k04,2,control_word,t5,4,4,11,quick,10,6.12,1,0.025374487042427063,0.06366398930549622,6.25e-05,0.1482096165418625,306,False,3,8.2,0.7463414634146343,False,3,undercount,0,THE RUNNER MOVED SWIFT SNAD STEADYLY ALONG THE NARROW PATH
llasa1b,ct_quick_t5_k06,0,control_word,t5,6,6,13,quick,13,6.76,6,0.03541535884141922,0.11482305079698563,0.892625,0.20004189014434814,338,False,3,12.299999999999999,0.5495934959349594,False,6,truncation,0,THE RUNNER MOVED SWIFT SMOOTH STEADY LIGHT SHARP LOOSE ALONG THE NARROW PATH
llasa1b,ct_quick_t5_k06,1,control_word,t5,6,6,13,quick,10,33.02,0,0.0015201960923150182,0.02990046888589859,0.069125,0.19058290123939514,1651,False,16,12.299999999999999,2.6845528455284557,False,16,loop,0,TAT I A MUCH BE MA M M M TE
llasa1b,ct_quick_t5_k06,2,control_word,t5,6,6,13,quick,13,6.98,6,0.06238916143774986,0.028271352872252464,1.17075,0.16208475828170776,349,False,3,12.299999999999999,0.5674796747967481,False,6,truncation,0,THE RUNNER MOVED SWIFT SMOOTH STEADY LIGHT SHARP LOOSE ALONG THE NARROW PATH
llasa1b,ct_quick_t5_k08,0,control_word,t5,8,8,15,quick,15,9.42,8,0.015589806251227856,0.11075697839260101,0.8895,0.3113258183002472,471,False,5,16.4,0.5743902439024391,False,8,truncation,0,THE RUNNER MOVED SWIFT SMOOTH STEADY LIGHT SHARP LOOSE TIGHT CLEAN ALONG THE NARROW PATH
llasa1b,ct_quick_t5_k08,1,control_word,t5,8,8,15,quick,15,6.98,8,0.039144739508628845,0.06138873100280762,0.4420625,0.14837178587913513,349,False,3,16.4,0.425609756097561,False,8,truncation,0,THE RUNNER MOVED SWIFT SMOOTH STEADY LIGHT SHARP LOOSE TIGHT CLEAN ALONG THE NARROW PATH
llasa1b,ct_quick_t5_k08,2,control_word,t5,8,8,15,quick,15,8.44,8,0.0261604655534029,0.06429092586040497,0.8694375,0.24820436537265778,422,False,4,16.4,0.5146341463414634,False,8,truncation,0,THE RUNNER MOVED SWIFT SMOOTH STEADY LIGHT SHARP LOOSE TIGHT CLEAN ALONG THE NARROW PATH
llasa1b,ct_quick_t5_k12,0,control_word,t5,12,12,19,quick,19,10.96,12,0.028994686901569366,0.055666759610176086,6.25e-05,0.22677189111709595,548,False,5,24.599999999999998,0.4455284552845529,False,12,truncation,0,THE RUNNER MOVED SWIFT SMOOTH STEADY LIGHT SHARP LOOSE TIGHT CLEAN SWIFT SMOOTH STEADY LIGHT ALONG THE NARROW PATH
llasa1b,ct_quick_t5_k12,1,control_word,t5,12,12,19,quick,19,11.16,12,0.04207874462008476,0.08469375222921371,0.5703125,0.15948791801929474,558,False,5,24.599999999999998,0.4536585365853659,False,12,truncation,0,THE RUNNER MOVED SWIFT SMOOTH STEADY LIGHT SHARP LOOSE TIGHT CLEAN SWIFT SMOOTH STEADY LIGHT ALONG THE NARROW PATH
llasa1b,ct_quick_t5_k12,2,control_word,t5,12,12,19,quick,19,9.14,12,0.0770430862903595,0.008466514758765697,1.0446875,0.2935880720615387,457,False,4,24.599999999999998,0.3715447154471545,False,12,truncation,0,THE RUNNER MOVED SWIFT SMOOTH STEADY LIGHT SHARP LOOSE TIGHT CLEAN SWIFT SMOOTH STEADY LIGHT ALONG THE NARROW PATH
llasa1b,ct_quick_t5_k16,0,control_word,t5,16,16,23,quick,23,18.72,15,0.03962720185518265,0.00968853011727333,6.25e-05,0.36267393827438354,936,False,9,32.8,0.5707317073170732,False,15,truncation,0,THE RUNNER MOVED SWIFT SMOOTH STEADY LIGHT SHARP LOOSE TIGHT CLEAN SWIFT SMOOTH STEADY LIGHT SHARP LOSE TIGHT CLEAN ALONG THE NARROW PATH
llasa1b,ct_quick_t5_k16,1,control_word,t5,16,16,23,quick,23,13.6,16,0.051074136048555374,0.07479725033044815,1.1211875,0.12864181399345398,680,False,7,32.8,0.41463414634146345,False,16,truncation,0,THE RUNNER MOVED SWIFT SMOOTH STEADY LIGHT SHARP LOOSE TIGHT CLEAN SWIFT SMOOTH STEADY LIGHT SHARP LOOSE TIGHT CLEAN ALONG THE NARROW PATH
llasa1b,ct_quick_t5_k16,2,control_word,t5,16,16,23,quick,23,10.22,16,0.04269485920667648,0.08952509611845016,0.4853125,0.20803610980510712,511,False,5,32.8,0.3115853658536586,False,16,truncation,0,THE RUNNER MOVED SWIFT SMOOTH STEADY LIGHT SHARP LOOSE TIGHT CLEAN SWIFT SMOOTH STEADY LIGHT SHARP LOOSE TIGHT CLEAN ALONG THE NARROW PATH
llasa1b,ct_quick_t5_k24,0,control_word,t5,24,24,31,quick,31,20.88,23,0.028745271265506744,0.054767899215221405,6.25e-05,0.12984773516654968,1044,False,10,49.199999999999996,0.42439024390243907,False,23,truncation,0,THE RUNNER MOVED SWIFT SMOOTH STEADY LIGHT SHARP LOOSE TIGHT CLEAN SWIFT SMOOTH STEADY LIGHT SHARP LOOSE TIGHT CLEAN SWIFT SMOOTH STEAD LIGHT SHARP LOOSE TIGHT CLEAN ALONG THE NARROW PATH
llasa1b,ct_quick_t5_k24,1,control_word,t5,24,24,31,quick,31,16.62,24,0.036156121641397476,0.10447496175765991,1.7918125,0.18066689372062683,831,False,8,49.199999999999996,0.3378048780487805,False,24,truncation,0,THE RUNNER MOVED SWIFT SMOOTH STEADY LIGHT SHARP LOOSE TIGHT CLEAN SWIFT SMOOTH STEADY LIGHT SHARP LOOSE TIGHT CLEAN SWIFT SMOOTH STEADY LIGHT SHARP LOOSE TIGHT CLEAN ALONG THE NARROW PATH
llasa1b,ct_quick_t5_k24,2,control_word,t5,24,24,31,quick,31,15.84,24,0.03049899823963642,0.1093325987458229,6.25e-05,0.20886138081550598,792,False,8,49.199999999999996,0.32195121951219513,False,24,truncation,0,THE RUNNER MOVES SWIFT SMOOTH STEADY LIGHT SHARP LOOSE TIGHT CLEAN SWIFT SMOOTH STEADY LIGHT SHARP LOOSE TIGHT CLEAN SWIFT SMOOTH STEADY LIGHT SHARP LOOSE TIGHT CLEAN ALONG THE NARROW PATH
llasa1b,ct_quick_t5_k32,0,control_word,t5,32,32,39,quick,39,24.18,32,0.028353216126561165,0.0544939786195755,0.7266875,0.17196322977542877,1209,False,12,65.6,0.3685975609756098,False,32,truncation,0,THE RUNNER MOVED SWIFT SMOOTH STEADY LIGHT SHARP LOOSE TIGHT CLEAN SWIFT SMOOTH STEADY LIGHT SHARP LOOSE TIGHT CLEAN SWIFT SMOOTH STEADY LIGHT SHARP LOOSE TIGHT CLEAN SWIFT SMOOTH STEADY LIGHT SHARP LOOSE TIGHT CLEAN ALONG THE NARROW PATH
llasa1b,ct_quick_t5_k32,1,control_word,t5,32,32,39,quick,39,20.3,32,0.0367940329015255,0.09354205429553986,3.1746875,0.16250178217887878,1015,False,10,65.6,0.3094512195121952,False,32,truncation,0,THE RUNNER MOVED SWIFT SMOOTH STEADY LIGHT SHARP LOOSE TIGHT CLEAN SWIFT SMOOTH STEADY LIGHT SHARP LOOSE TIGHT CLEAN SWIFT SMOOTH STEADY LIGHT SHARP LOOSE TIGHT CLEAN SWIFT SMOOTH STEADY LIGHT SHARP LOOSE TIGHT CLEAN ALONG THE NARROW PATH
llasa1b,ct_quick_t5_k32,2,control_word,t5,32,32,39,quick,19,40.96,14,0.025592487305402756,0.005106447264552116,6.25e-05,0.20276248455047607,2048,True,20,65.6,0.6243902439024391,False,20,loop,0,THE RUNNER MOVED SWIFT SMOOTH STEADY LIGHT SHARP LOOSE SWIFT SMOOTH STEADY LIGHT SWIFT SMOOTH STEADY LIGHT SHAR OP
llasa1b,ct_really_t6_k02,0,control_word,t6,2,2,9,really,9,4.02,2,0.008833269588649273,0.03722868487238884,0.8215,0.2697750926017761,201,False,2,3.8499999999999996,1.044155844155844,True,2,correct,1,THEY WERE TRULY QUITE TIRED AFTERIN A LONG JOURNEY
llasa1b,ct_really_t6_k02,1,control_word,t6,2,2,9,really,12,11.48,1,0.014883297495543957,0.032693348824977875,4.1349375,0.6228963732719421,574,False,6,3.8499999999999996,2.9818181818181824,False,6,loop,0,NOW I TRELL YOU QUITE KIND I'L TAKE A LONG JAN
llasa1b,ct_really_t6_k02,2,control_word,t6,2,2,9,really,8,3.68,2,0.07082713395357132,0.070207379758358,0.4004375,0.24400795996189117,184,False,2,3.8499999999999996,0.9558441558441559,True,2,correct,1,THEY WERE TRULY QUITE TIRED AKIN ALONE JAMI
llasa1b,ct_really_t6_k03,0,control_word,t6,3,3,10,really,10,5.36,1,0.025291992351412773,0.061295703053474426,0.7479375,0.37577712535858154,268,False,3,5.7749999999999995,0.9281385281385283,False,3,undercount,0,THEY WERE TRULY QUAK TE TIRED AFTER THE LONG GIN
llasa1b,ct_really_t6_k03,1,control_word,t6,3,3,10,really,2,40.96,0,0.0006375093362294137,0.021824242547154427,6.25e-05,0.3453633487224579,2048,True,21,5.7749999999999995,7.0926406926406935,False,21,empty,0,T T
llasa1b,ct_really_t6_k03,2,control_word,t6,3,3,10,really,8,5.18,2,0.03114844672381878,0.009791516698896885,6.25e-05,0.39681604504585266,259,False,3,5.7749999999999995,0.896969696969697,True,2,undercount,0,THEY WERE TRULY QUITE NARTIRED OF THE DIMFIM
llasa1b,ct_really_t6_k04,0,control_word,t6,4,4,11,really,11,4.88,2,0.12440379709005356,0.029227765277028084,0.7465625,0.33581551909446716,244,False,3,7.699999999999999,0.6337662337662339,True,2,truncation,0,THEY WERE TRULY QUITE VANYA A TI ASKING A LONG JA
llasa1b,ct_really_t6_k04,1,control_word,t6,4,4,11,really,10,8.6,0,0.05955752357840538,0.012270482257008553,0.7469375,0.5635490417480469,430,False,4,7.699999999999999,1.116883116883117,False,4,undercount,0,E RE CRE CUITE TO RATER CLORD OFPIGI AN DOI
llasa1b,ct_really_t6_k04,2,control_word,t6,4,4,11,really,11,5.54,4,0.028474589809775352,0.10063827037811279,0.83475,0.17391149699687958,277,False,3,7.699999999999999,0.7194805194805195,True,4,correct,1,THEY WERE TRULY QUITE VERY RATHER TIRED AFTER THE LONG JOURNEY
llasa1b,ct_really_t6_k06,0,control_word,t6,6,6,13,really,13,8.92,6,0.039666786789894104,0.09067082405090332,0.6101875,0.23871007561683655,446,False,5,11.549999999999999,0.7722943722943724,True,6,correct,1,THEY WERE TRULY QUITE VERY RATHER DEEPLY CLEARLY TIRED AFTER THE LONG JOURNEY
llasa1b,ct_really_t6_k06,1,control_word,t6,6,6,13,really,12,10.36,1,0.05459027364850044,0.01587069034576416,0.93475,0.3917551040649414,518,False,5,11.549999999999999,0.896969696969697,False,5,undercount,0,THEY ARE TRUE QUITE VE RI DIMP OU CILL TAG AFTER GEINGVI
llasa1b,ct_really_t6_k06,2,control_word,t6,6,6,13,really,13,5.76,6,0.03555061295628548,0.06756417453289032,0.7410625,0.2880231440067291,288,False,3,11.549999999999999,0.49870129870129876,False,6,truncation,0,THEY WERE TRULY QUITE VERY RATHER DEEPLY CLEARLY TIRED AFTER THE LONG JOURNEY
llasa1b,ct_really_t6_k08,0,control_word,t6,8,8,15,really,15,7.14,8,0.03353414312005043,0.07987604290246964,0.790625,0.20500503480434418,357,False,4,15.399999999999999,0.4636363636363637,False,8,truncation,0,THEY WERE TRULY QUITE VERY RATHER DEEPLY CLEARLY PLAINLY SURELY TIRED AFTER THE LONG JOURNEY
llasa1b,ct_really_t6_k08,1,control_word,t6,8,8,15,really,15,8.64,8,0.0397171787917614,0.02450668439269066,0.70925,0.2035529911518097,432,False,4,15.399999999999999,0.5610389610389611,False,8,truncation,0,THEY WERE TRULY QUITE VERY RATHER DEEPLY CLEARLY PLAINLY SURELY TIRED AFTER THE LONG JOURNEY
llasa1b,ct_really_t6_k08,2,control_word,t6,8,8,15,really,15,8.64,8,0.025480831041932106,0.05901756137609482,0.67275,0.26219967007637024,432,False,4,15.399999999999999,0.5610389610389611,False,8,truncation,0,THEY WERE TRULY QUITE VERY RATHER DEEPLY CLEARLY PLAINLY SURELY TIRED AFTER THE LONG JOURNEY
llasa1b,ct_really_t6_k12,0,control_word,t6,12,12,19,really,19,9.2,12,0.03516225889325142,0.038632165640592575,0.743625,0.1658341884613037,460,False,5,23.099999999999998,0.39826839826839827,False,12,truncation,0,THEY WERE TRULY QUITE VERY RATHER DEEPLY CLEARLY PLAINLY SURELY TRULY QUITE VERY RATHER TIRED AFTER THE LONG JOURNEY
llasa1b,ct_really_t6_k12,1,control_word,t6,12,12,19,really,19,11.94,12,0.032964546233415604,0.04910838231444359,0.66325,0.2709783613681793,597,False,6,23.099999999999998,0.5168831168831169,False,12,truncation,0,THEY WERE TRULY QUITE VERY RATHER DEEPLY CLEARLY PLAINLY SURELY TRULY QUITE VERY RATHER TIRED AFTER THE LONG JOURNEY
llasa1b,ct_really_t6_k12,2,control_word,t6,12,12,19,really,19,12.3,12,0.02348429709672928,0.09864818304777145,0.589375,0.16274181008338928,615,False,6,23.099999999999998,0.5324675324675325,False,12,truncation,0,THEY WERE TRULY QUITE VERY RATHER DEEPLY CLEARLY PLAINLY SURELY TRULY QUITE VERY RATHER TIRED AFTER THE LONG JOURNEY
llasa1b,ct_really_t6_k16,0,control_word,t6,16,16,23,really,23,12.94,15,0.058385372161865234,0.016442229971289635,6.25e-05,0.22074639797210693,647,False,7,30.799999999999997,0.42012987012987013,False,15,truncation,0,THEY WERE TRULY QUITE VERY RATHER DEEPLY CLEARLY PLAINLY SURELY TRULY QUITE VERY RATHER DEEPLY CLEARLY PLAINLY SHURLEY TIRED AFTER THE LONG JOURNEY
llasa1b,ct_really_t6_k16,1,control_word,t6,16,16,23,really,23,15.68,16,0.04280314967036247,0.008944466710090637,0.93925,0.1619744747877121,784,False,8,30.799999999999997,0.5090909090909091,False,16,truncation,0,THEY WERE TRULY QUITE VERY RATHER DEEPLY CLEARLY PLAINLY SURELY TRULY QUITE VERY RATHER DEEPLY CLEARLY PLAINLY SURELY TIRED AFTER THE LONG JOURNEY
llasa1b,ct_really_t6_k16,2,control_word,t6,16,16,23,really,10,27.96,5,0.10768334567546844,0.03812217712402344,2.7975625,0.4657386243343353,1398,False,15,30.799999999999997,0.9077922077922079,False,15,undercount,0,THEY WERTRULY QUITE VERY RATHER DE QUITE VERY RA DEAA
llasa1b,ct_really_t6_k24,0,control_word,t6,24,24,31,really,31,17.24,24,0.08341620862483978,0.03501799330115318,0.615125,0.26238662004470825,862,False,9,46.199999999999996,0.37316017316017314,False,24,truncation,0,THEY WERE TRULY QUITE VERY RATHER DEEPLY CLEARLY PLAINLY SURELY TRULY QUITE VERY RATHER DEEPLY CLEARLY PLAINLY SURELY TRULY QUITE VERY RATHER DEEPLY CLEARLY PLAINLY SURELY TIRED AFTER THE LONG JOURNEY
llasa1b,ct_really_t6_k24,1,control_word,t6,24,24,31,really,31,23.88,24,0.08627314120531082,0.0071922591887414455,2.240625,0.34927019476890564,1194,False,12,46.199999999999996,0.5168831168831169,False,24,truncation,0,THEY WERE TRULY QUITE VERY RATHER DEEPLY CLEARLY PLAINLY SURELY TRULY QUITE VERY RATHER DEEPLY CLEARLY PLAINLY SURELY TRULY QUITE VERY RATHER DEEPLY CLEARLY PLAINLY SURELY TIRED AFTER THE LONG JOURNEY
llasa1b,ct_really_t6_k24,2,control_word,t6,24,24,31,really,4,40.26,0,0.02902066335082054,0.0415307953953743,32.2581875,0.6064186096191406,2013,False,21,46.199999999999996,0.8714285714285714,False,21,undercount,0,THEY WERE TRU TA
llasa1b,ct_really_t6_k32,0,control_word,t6,32,32,39,really,38,36.08,24,0.08523543924093246,0.021536706015467644,0.65125,0.16686652600765228,1804,False,19,61.599999999999994,0.5857142857142857,False,24,truncation,0,THEY WERE TRULY QUITE VERY RATHER DEEPLY CLEARLY PLAINLY SURELY TRULY QUITE VERY RATHER DEEPLY CLEARLY PLAINLY SURELY QUITE VERY RATHER DEEPLY CLEARLY PLAINLY SURELY TRULY QUITE VERY RATHER DEEPLY CLEARLY PLAINLY SURELY TIRED AFTER THE LONG JOURNEY
llasa1b,ct_really_t6_k32,1,control_word,t6,32,32,39,really,38,26.12,31,0.07640589028596878,0.017282985150814056,3.308625,0.203290194272995,1306,False,14,61.599999999999994,0.4240259740259741,False,31,truncation,0,THEY WERE TRULY QUITE VERY RATHER DEEPLY CLEARLY PLAINLY SURELY TRULY QUITE VERY RATHER DEEPLY CLEARLY PLAINLY SURELY TRULY QUITE VERY RATHER DEEPLY CLEARLY PLAINLY SURELY QUITE VERY RATHER DEEPLY CLEARLY PLAINLY SURELY TIRED AFTER THE LONG JOURNEY
llasa1b,ct_really_t6_k32,2,control_word,t6,32,32,39,really,31,40.96,17,0.18568766117095947,0.031255509704351425,6.25e-05,0.3078785240650177,2048,True,21,61.599999999999994,0.664935064935065,True,17,loop,0,THEY WERE TRULY QUITE VERY RATHER DEEPLY CLEARLY PLAINLY SURELY QUITE VERY RATHER DEEPLY CLEARLY PLAINLY SURELY TRULY QUITE VERY RATHER DEEPLY CLEARLY PLAINLY TIRED AFTER THE RATHER RATHER DEEPLY QUEARLY
llasa1b,ct_very_t1_k02,0,control_word,t1,2,2,12,very,13,4.96,1,0.006739546079188585,0.04865487292408943,0.26425,0.251257985830307,248,False,2,4.44,1.117117117117117,True,1,undercount,0,THE DOG WAS QUITE NAR A BIRD AND TE A PAGE THE FED
llasa1b,ct_very_t1_k02,1,control_word,t1,2,2,12,very,12,7.34,1,0.057110872119665146,0.022236095741391182,1.1205625,0.5881018042564392,367,False,3,4.44,1.653153153153153,False,3,loop,0,THE DAT WAS QUITE NEARLY DA WHAN I ROD ACROSS THE FIELD
llasa1b,ct_very_t1_k02,2,control_word,t1,2,2,12,very,12,4.44,2,0.1018594354391098,0.0350031852722168,0.814875,0.29420313239097595,222,False,2,4.44,1.0,True,2,correct,1,THE DOG WAS QUITE REALLY MAT AN WHEN I PASSED THE FOUND
llasa1b,ct_very_t1_k03,0,control_word,t1,3,3,13,very,0,16.84,0,0.00012955420243088156,0.18107227981090546,14.8915625,0.07357238978147507,842,False,8,6.66,2.5285285285285286,False,8,empty,0,
llasa1b,ct_very_t1_k03,1,control_word,t1,3,3,13,very,12,16.76,0,0.04009297490119934,0.02435203082859516,8.2058125,0.5371268391609192,838,False,8,6.66,2.516516516516517,False,8,loop,0,THE DOG WAS CAUGHT AY TROI BIP AND AN AN PUSSED  FIN
llasa1b,ct_very_t1_k03,2,control_word,t1,3,3,13,very,13,5.54,1,0.04699353128671646,0.04151572659611702,0.8131875,0.18215468525886536,277,False,2,6.66,0.8318318318318318,True,1,undercount,0,THE DOG WAS QUITE REELIN TUYT THAT AND E RAN ACROSS THE FIELD
llasa1b,ct_very_t1_k04,0,control_word,t1,4,4,14,very,17,10.78,1,0.026185723021626472,0.019035905599594116,3.6725625,0.18629002571105957,539,False,5,8.88,1.2139639639639639,False,5,undercount,0,THE DOG MUST QUITE NEARLY GIV IN A THING AT THAT AND IT RAN ACROS THE FAL
llasa1b,ct_very_t1_k04,1,control_word,t1,4,4,14,very,19,40.96,0,0.0005200456944294274,0.022159725427627563,6.25e-05,0.10639695078134537,2048,True,18,8.88,4.612612612612613,False,18,empty,0,E EO O O  O TET E A AT ET EA ET TA AT E  EAE TAT NOT O
llasa1b,ct_very_t1_k04,2,control_word,t1,4,4,14,very,11,6.78,0,0.05998607724905014,0.0008426783024333417,6.25e-05,0.3325842320919037,339,False,3,8.88,0.7635135135135135,False,3,undercount,0,THE DOG WAS OT N FA A TAA O A US
llasa1b,ct_very_t1_k06,0,control_word,t1,6,6,16,very,16,6.62,6,0.05023525282740593,0.060199033468961716,0.49725,0.15784309804439545,331,False,3,13.32,0.496996996996997,False,6,truncation,0,THE DOG WAS QUITE REALLY TRULY FAIRLY RATHER SOMEWHAT BIG AND IT RAN ACROSS THE FIELD
llasa1b,ct_very_t1_k06,1,control_word,t1,6,6,16,very,16,7.26,6,0.05269499123096466,0.04318181052803993,0.476375,0.28283149003982544,363,False,3,13.32,0.545045045045045,False,6,truncation,0,THE DOG WAS QUITE REALLY TRULY FAIRLY RATHER SOMEWHAT BIG AND IT RAN ACROSS THE FIELD
llasa1b,ct_very_t1_k06,2,control_word,t1,6,6,16,very,16,6.42,6,0.054062794893980026,0.1285039186477661,0.5233125,0.22099940478801727,321,False,3,13.32,0.48198198198198194,False,6,truncation,0,THE DOG WAS QUITE REALLY TRULY FAIRLY RATHER SOMEWHAT BIG AND IT RAN ACROSS THE FIELD
llasa1b,ct_very_t1_k08,0,control_word,t1,8,8,18,very,18,7.7,8,0.04682062566280365,0.03953077271580696,0.28775,0.18241840600967407,385,False,3,17.76,0.4335585585585585,False,8,truncation,0,THE DOG WAS QUITE REALLY TRULY FAIRLY RATHER SOMEWHAT EXTREMELY NOTABLY BIG AND IT RAN ACROSS THE FIELD
llasa1b,ct_very_t1_k08,1,control_word,t1,8,8,18,very,18,7.7,8,0.04064232110977173,0.03580154478549957,0.70325,0.179645374417305,385,False,3,17.76,0.4335585585585585,False,8,truncation,0,THE DOG WAS QUITE REALLY TRULY FAIRLY RATHER SOMEWHAT EXTREMELY NOTABLY BIG AND IT RAN ACROSS THE FIELD
llasa1b,ct_very_t1_k08,2,control_word,t1,8,8,18,very,18,9.0,8,0.03586460277438164,0.0948186069726944,0.94975,0.20349068939685822,450,False,4,17.76,0.5067567567567567,False,8,truncation,0,THE DOG WAS QUITE REALLY TRULY FAIRLY RATHER SOMEWHAT EXTREMELY NOTABLY BIG AND IT RAN ACROSS THE FIELD
llasa1b,ct_very_t1_k12,0,control_word,t1,12,12,22,very,22,9.38,12,0.03165475279092789,0.07407084852457047,6.25e-05,0.18418188393115997,469,False,4,26.64,0.35210210210210213,False,12,truncation,0,THE DOG WAS QUITE REALLY TRULY FAIRLY RATHER SOMEWHAT EXTREMELY NOTABLY QUITE REALLY TRULY FAIRLY BIG AND IT RAN ACROSS THE FIELD
llasa1b,ct_very_t1_k12,1,control_word,t1,12,12,22,very,22,9.42,12,0.04367043823003769,0.032460059970617294,0.599625,0.15386348962783813,471,False,4,26.64,0.3536036036036036,False,12,truncation,0,THE DOG WAS QUITE REALLY TRULY FAIRLY RATHER SOMEWHAT EXTREMELY NOTABLY QUITE REALLY TRULY FAIRLY BIG AND IT RAN ACROSS THE FIELD
llasa1b,ct_very_t1_k12,2,control_word,t1,12,12,22,very,22,10.34,12,0.029229993000626564,0.04263948276638985,0.688625,0.23715688288211823,517,False,5,26.64,0.38813813813813813,False,12,truncation,0,THE DOG WAS QUITE REALLY TRULY FAIRLY RATHER SOMEWHAT EXTREMELY NOTABLY QUITE REALLY TRULY FAIRLY BIG AND IT RAN ACROSS THE FIELD
llasa1b,ct_very_t1_k16,0,control_word,t1,16,16,26,very,26,12.6,16,0.04701169207692146,0.07879248261451721,1.139,0.16157184541225433,630,False,6,35.52,0.3547297297297297,False,16,truncation,0,THE DOG WAS QUITE REALLY TRULY FAIRLY RATHER SOMEWHAT EXTREMELY NOTABLY QUITE REALLY TRULY FAIRLY RATHER SOMEWHAT EXTREMELY NOTABLY BIG AND IT RAN ACROSS THE FIELD
llasa1b,ct_very_t1_k16,1,control_word,t1,16,16,26,very,26,11.94,16,0.03417453542351723,0.049285899847745895,0.71425,0.15985091030597687,597,False,5,35.52,0.33614864864864863,False,16,truncation,0,THE DOG WAS QUITE REALLY TRULY FAIRLY RATHER SOMEWHAT EXTREMELY NOTABLY QUITE REALLY TRULY FAIRLY RATHER SOMEWHAT EXTREMELY NOTABLY BIG AND IT RAN ACROSS THE FIELD
llasa1b,ct_very_t1_k16,2,control_word,t1,16,16,26,very,26,12.3,16,0.032983455806970596,0.03704037517309189,0.9273125,0.17996525764465332,615,False,6,35.52,0.34628378378378377,False,16,truncation,0,THE DOG WAS QUITE REALLY TRULY FAIRLY RATHER SOMEWHAT EXTREMELY NOTABLY QUITE REALLY TRULY FAIRLY RATHER SOMEWHAT EXTREMELY NOTABLY BIG AND IT RAN ACROSS THE FIELD
llasa1b,ct_very_t1_k24,0,control_word,t1,24,24,34,very,34,19.94,24,0.07141851633787155,0.06532943248748779,1.542625,0.22759759426116943,997,False,9,53.28,0.37424924924924924,False,24,truncation,0,THE DOB WAS QUITE REALLY TRULY FAIRLY RATHER SOMEWHAT EXTREMELY NOTABLY QUITE REALLY TRULY FAIRLY RATHER SOMEWHAT EXTREMELY NOTABLY QUITE REALLY TRULY FAIRLY RATHER SOMEWHAT EXTREMELY NOTABLY BIG AND IT RAN ACROSS THE FIELD
llasa1b,ct_very_t1_k24,1,control_word,t1,24,24,34,very,0,40.96,0,5.416558269644156e-05,0.07499639689922333,6.25e-05,0.47218257188796997,2048,True,18,53.28,0.7687687687687688,False,18,empty,0,
llasa1b,ct_very_t1_k24,2,control_word,t1,24,24,34,very,34,23.16,24,0.017313359305262566,0.06857901811599731,0.645,0.20769791305065155,1158,False,10,53.28,0.4346846846846847,False,24,truncation,0,THE DOG WAS QUITE REALLY TRULY FAIRLY RATHER SOMEWHAT EXTREMELY NOTABLY QUITE REALLY TRULY FAIRLY RATHER SOMEWHAT EXTREMELY NOTABLY QUITE REALLY TRULY FAIRLY RATHER SOMEWHAT EXTREMELY NOTABLY BIG AND IT RAN ACROSS THE FIELD
llasa1b,ct_very_t1_k32,0,control_word,t1,32,32,42,very,42,19.82,32,0.032096028327941895,0.06583299487829208,0.3848125,0.23042795062065125,991,False,9,71.04,0.2789977477477477,False,32,truncation,0,THE DOG WAS QUITE REALLY TRULY FAIRLY RATHER SOMEWHAT EXTREMELY NOTABLY QUITE REALLY TRULY FAIRLY RATHER SOMEWHAT EXTREMELY NOTABLY QUITE REALLY TRULY FAIRLY RATHER SOMEWHAT EXTREMELY NOTABLY QUITE REALLY TRULY FAIRLY RATHER SOMEWHAT EXTREMELY NOTABLY BIG AND IT RAN ACROSS THE FIELD
llasa1b,ct_very_t1_k32,1,control_word,t1,32,32,42,very,42,21.38,32,0.034994132816791534,0.011433491483330727,0.59375,0.1385839283466339,1069,False,10,71.04,0.30095720720720714,False,32,truncation,0,THE DOG WAS QUITE REALLY TRULY FAIRLY RATHER SOMEWHAT EXTREMELY NOTABLY QUITE REALLY TRULY FAIRLY RATHER SOMEWHAT EXTREMELY NOTABLY QUITE REALLY TRULY FAIRLY RATHER SOMEWHAT EXTREMELY NOTABLY QUITE REALLY TRULY FAIRLY RATHER SOMEWHAT EXTREMELY NOTABLY BIG AND IT RAN ACROSS THE FIELD
llasa1b,ct_very_t1_k32,2,control_word,t1,32,32,42,very,42,20.3,32,0.02117987535893917,0.054318349808454514,0.941375,0.2514546811580658,1015,False,9,71.04,0.2857545045045045,False,32,truncation,0,THE DOG WAS QUITE REALLY TRULY FAIRLY RATHER SOMEWHAT EXTREMELY NOTABLY QUITE REALLY TRULY FAIRLY RATHER SOMEWHAT EXTREMELY NOTABLY QUITE REALLY TRULY FAIRLY RATHER SOMEWHAT EXTREMELY NOTABLY QUITE REALLY TRULY FAIRLY RATHER SOMEWHAT EXTREMELY NOTABLY BIG AND IT RAN ACROSS THE FIELD
llasa1b,nm_n01,0,numbers,n01,4,4,9,six,9,4.88,4,0.035028088837862015,0.08580335974693298,0.328375,0.18055786192417145,244,False,1,17.5,0.27885714285714286,False,4,truncation,0,SIX HUNDRED SIXTY SIX THOUSAND SIX HUNDRED SIXTY SIX
llasa1b,nm_n01,1,numbers,n01,4,4,9,six,9,5.54,4,0.0939088836312294,0.05011960119009018,0.8483125,0.2944009304046631,277,False,1,17.5,0.31657142857142856,False,4,truncation,0,SIX HUNDRED SIXTY SIX THOUSAND SIX HUNDRED SIXTY SIX
llasa1b,nm_n01,2,numbers,n01,4,4,9,six,9,4.32,4,0.04852520301938057,0.0645013153553009,0.274625,0.16186366975307465,216,False,1,17.5,0.24685714285714289,False,4,truncation,0,SIX HUNDRED SIXTY SIX THOUSAND SIX HUNDRED SIXTY SIX
llasa1b,nm_n02,0,numbers,n02,4,4,9,seven,9,6.28,4,0.05539495125412941,0.027232248336076736,0.2554375,0.20201203227043152,314,False,1,17.5,0.3588571428571429,False,4,truncation,0,SEVEN HUNDRED SEVENTY SEVEN THOUSAND SEVEN HUNDRED SEVENTY SEVEN
llasa1b,nm_n02,1,numbers,n02,4,4,9,seven,9,5.46,3,0.022388136014342308,0.04382508620619774,0.8340625,0.29938915371894836,273,False,1,17.5,0.312,False,3,truncation,0,SEVEN HUNDRED SEVENTY SEVEN THOUSAND SEVEN HUNDRED SENNO SETTING
llasa1b,nm_n02,2,numbers,n02,4,4,9,seven,9,5.32,4,0.04364217072725296,0.02787403203547001,0.2563125,0.21905142068862915,266,False,1,17.5,0.304,False,4,truncation,0,SEVEN HUNDRED SEVENTY SEVEN THOUSAND SEVEN HUNDRED SEVENTY SEVEN
llasa1b,nm_n03,0,numbers,n03,4,4,9,nine,9,5.9,4,0.040219441056251526,0.0206333976238966,0.3085,0.15131928026676178,295,False,1,17.5,0.3371428571428572,False,4,truncation,0,NINE HUNDRED NINETY NINE THOUSAND NINE HUNDRED NINETY NINE
llasa1b,nm_n03,1,numbers,n03,4,4,9,nine,9,6.06,4,0.016248764470219612,0.02624468505382538,0.041625,0.25353702902793884,303,False,1,17.5,0.34628571428571425,False,4,truncation,0,NINE HUNDRED NINETY NINE THOUSAND NINE HUNDRED NINETY NINE
llasa1b,nm_n03,2,numbers,n03,4,4,9,nine,9,4.5,4,0.03744577616453171,0.008178944699466228,0.255125,0.22513233125209808,225,False,1,17.5,0.2571428571428571,False,4,truncation,0,NINE HUNDRED NINETY NINE THOUSAND NINE HUNDRED NINETY NINE
llasa1b,nm_n04,0,numbers,n04,4,4,9,three,9,4.02,4,0.09812551736831665,0.03586629033088684,0.231,0.30594781041145325,201,False,1,17.5,0.22971428571428568,False,4,truncation,0,THREE HUNDRED THIRTY THREE THOUSAND THREE HUNDRED THIRTY THREE
llasa1b,nm_n04,1,numbers,n04,4,4,9,three,8,5.06,1,0.004939892794936895,0.07385342568159103,0.164,0.1202976256608963,253,False,1,17.5,0.28914285714285715,True,1,truncation,0,THREE HUNDRED SEVTY TIX THOUSAND SALED AT SENISE
llasa1b,nm_n04,2,numbers,n04,4,4,9,three,8,9.76,0,0.029796449467539787,0.021885616704821587,0.2539375,0.45266836881637573,488,False,2,17.5,0.5577142857142857,False,2,truncation,0,FREE HIN TANG TAN TIN THOUSN TININI THING
llasa1b,nm_n05,0,numbers,n05,6,6,14,six,14,7.76,6,0.22334086894989014,0.07247599959373474,0.2541875,0.24267062544822693,388,False,2,26.25,0.2956190476190476,False,6,truncation,0,SIX HUNDRED SIXTY SIX MILLION SIX HUNDRED SIXTY SIX THOUSAND SIX HUNDRED SIXTY SIX
llasa1b,nm_n05,1,numbers,n05,6,6,14,six,14,11.4,6,0.02588527463376522,0.0480344332754612,1.73025,0.3283466100692749,570,False,3,26.25,0.4342857142857143,False,6,truncation,0,SIX HUNDRED SIXTY SIX MILLION SIX HUNDRED SIXTY SIX THOUSAND SIX HUNDRED SIXTY SIX
llasa1b,nm_n05,2,numbers,n05,6,6,14,six,14,7.28,6,0.22838856279850006,0.06893208622932434,0.2391875,0.2265893816947937,364,False,2,26.25,0.2773333333333333,False,6,truncation,0,SIX HUNDRED SIXTY SIX MILLION SIX HUNDRED SIXTY SIX THOUSAND SIX HUNDRED SIXTY SIX
llasa1b,nm_n06,0,numbers,n06,4,4,9,eight,9,4.68,4,0.07056262344121933,0.044023703783750534,0.3450625,0.1470324993133545,234,False,1,17.5,0.2674285714285714,False,4,truncation,0,EIGHT HUNDRED EIGHTY EIGHT THOUSAND EIGHT HUNDRED EIGHTY EIGHT
llasa1b,nm_n06,1,numbers,n06,4,4,9,eight,9,3.86,4,0.10376234352588654,0.0336218997836113,0.2591875,0.18613147735595703,193,False,1,17.5,0.22057142857142856,False,4,truncation,0,EIGHT HUNDRED EIGHTY EIGHT THOUSAND EIGHT HUNDRED EIGHTY EIGHT
llasa1b,nm_n06,2,numbers,n06,4,4,9,eight,9,3.32,4,0.0526198148727417,0.023569656535983086,0.2643125,0.11830377578735352,166,False,1,17.5,0.1897142857142857,False,4,truncation,0,EIGHT HUNDRED EIGHTY EIGHT THOUSAND EIGHT HUNDRED EIGHTY EIGHT
llasa1b,nm_n07,0,numbers,n07,2,2,4,five,4,1.96,2,0.11124449223279953,0.06939082592725754,0.2749375,0.3210636377334595,98,False,2,1.92,1.0208333333333333,True,2,correct,1,FIVE HUNDRED FIFTY FIVE
llasa1b,nm_n07,1,numbers,n07,2,2,4,five,4,1.94,2,0.16975083947181702,0.09207169711589813,0.20275,0.23526279628276825,97,False,2,1.92,1.0104166666666667,True,2,correct,1,FIVE HUNDRED FIFTY FIVE
llasa1b,nm_n07,2,numbers,n07,2,2,4,five,4,1.86,2,0.0797848254442215,0.0705830305814743,0.17675,0.2608836591243744,93,False,2,1.92,0.9687500000000001,True,2,correct,1,FIVE HUNDRED FIFTY FIVE
llasa1b,nm_n08,0,numbers,n08,2,2,4,four,4,2.14,2,0.14878392219543457,0.04440094158053398,0.11925,0.14405545592308044,107,False,2,2.14,1.0,True,2,correct,1,FOUR HUNDRED FORTY FOUR
llasa1b,nm_n08,1,numbers,n08,2,2,4,four,2,5.64,1,0.11637694388628006,0.051692843437194824,0.6081875,0.3315280079841614,282,False,5,2.14,2.6355140186915884,False,5,loop,0,FOUR HUNDRED
llasa1b,nm_n08,2,numbers,n08,2,2,4,four,3,2.44,0,0.13654476404190063,0.012298407964408398,6.25e-05,0.14734885096549988,122,False,2,2.14,1.1401869158878504,False,2,undercount,0,FOR AD AN
llasa1b,nm_n09,0,numbers,n09,6,6,14,two,14,5.14,6,0.03518899157643318,0.04598976671695709,0.267875,0.18570290505886078,257,False,1,26.25,0.1958095238095238,False,6,truncation,0,TWO HUNDRED TWENTY TWO MILLION TWO HUNDRED TWENTY TWO THOUSAND TWO HUNDRED TWENTY TWO
llasa1b,nm_n09,1,numbers,n09,6,6,14,two,13,8.12,5,0.07897110283374786,0.04998970776796341,1.4780625,0.22282741963863373,406,False,2,26.25,0.3093333333333333,False,5,truncation,0,TWO HUNDRED TWENTY TUNER TWO HUNDRED TWENTY TWO THOUSAND TWO HUNDRED TWENTY TWO
llasa1b,nm_n09,2,numbers,n09,6,6,14,two,14,5.76,6,0.03243090584874153,0.03726886957883835,0.24975,0.16957604885101318,288,False,1,26.25,0.21942857142857142,False,6,truncation,0,TWO HUNDRED TWENTY TWO MILLION TWO HUNDRED TWENTY TWO THOUSAND TWO HUNDRED TWENTY TWO
llasa1b,nm_n10,0,numbers,n10,2,2,7,one,7,3.64,2,0.18711446225643158,0.029951153323054314,0.3689375,0.17613644897937775,182,False,0,22.3,0.16322869955156952,False,2,truncation,0,ONE HUNDRED ELEVEN THOUSAND ONE HUNDRED ELEVEN
llasa1b,nm_n10,1,numbers,n10,2,2,7,one,1,14.16,0,0.0015217183390632272,0.0185646153986454,0.055125,0.7355802655220032,708,False,1,22.3,0.6349775784753363,True,0,truncation,0,BE
llasa1b,nm_n10,2,numbers,n10,2,2,7,one,9,40.96,2,0.017425905913114548,0.001689128577709198,32.9111875,0.324764609336853,2048,True,4,22.3,1.8367713004484305,False,4,loop,0,ONE HUNDRED LEVEN THOUSAND ONE POLITIC IN THE NAME
llasa1b,sr_s1_k01,0,sentence_rep,s1,1,1,4,bell,3,3.8,0,0.026781007647514343,0.0359070859849453,6.25e-05,0.1295829564332962,190,False,2,1.9139999999999988,1.9853709508881934,False,2,loop,0,THE DAAN FO
llasa1b,sr_s1_k01,1,sentence_rep,s1,1,1,4,bell,0,40.96,0,0.0010952450102195144,0.015759827569127083,5.70275,0.9213685989379883,2048,True,16,1.9139999999999988,21.400208986415898,False,16,degenerate,0,
llasa1b,sr_s1_k01,2,sentence_rep,s1,1,1,4,bell,4,2.1,1,0.090134397149086,0.04631494730710983,0.3730625,0.11882492899894714,105,False,1,1.9139999999999988,1.0971786833855806,True,1,correct,1,THE BELL RANG TWICE
llasa1b,sr_s1_k02,0,sentence_rep,s1,2,2,8,bell,8,4.24,2,0.037670645862817764,0.04390866309404373,0.0035,0.2597493529319763,212,False,2,4.535999999999999,0.9347442680776017,True,2,correct,1,THE BELL RANG TWICE THE BELL RANG TWICE
llasa1b,sr_s1_k02,1,sentence_rep,s1,2,2,8,bell,8,9.58,1,0.05353378504514694,0.05978284031152725,4.50075,0.3886479139328003,479,False,4,4.535999999999999,2.1119929453262793,False,4,loop,0,THE BELL RANG TWICE TE BA AN PICE
llasa1b,sr_s1_k02,2,sentence_rep,s1,2,2,8,bell,8,4.46,2,0.02599455788731575,0.1115555390715599,0.3483125,0.44997134804725647,223,False,2,4.535999999999999,0.9832451499118169,True,2,correct,1,THE BELL RANG TWICE THE BELL RANG TWICE
llasa1b,sr_s1_k03,0,sentence_rep,s1,3,3,12,bell,12,9.06,3,0.027260243892669678,0.045639991760253906,1.5423125,0.2883818447589874,453,False,4,7.1579999999999995,1.2657166806370497,True,3,correct,1,THE BELL RANG TWICE THE BELL RANG TWICE THE BELL RANG TWICE
llasa1b,sr_s1_k03,1,sentence_rep,s1,3,3,12,bell,12,6.34,3,0.17588689923286438,0.10062190145254135,0.181375,0.5759676098823547,317,False,3,7.1579999999999995,0.8857222687901649,True,3,correct,1,THE BELL RANG TWICE THE BELL RANG TWICE THE BELL RANG TWICE
llasa1b,sr_s1_k03,2,sentence_rep,s1,3,3,12,bell,12,6.26,3,0.03628769889473915,0.11515440046787262,0.57175,0.6128454804420471,313,False,3,7.1579999999999995,0.8745459625593741,True,3,correct,1,THE BELL RANG TWICE THE BELL RANG TWICE THE BELL RANG TWICE
llasa1b,sr_s1_k04,0,sentence_rep,s1,4,4,16,bell,3,40.96,0,0.0035202931612730026,0.00023283905466087162,0.031,0.4900267422199249,2048,True,16,9.78,4.188139059304704,False,16,loop,0,SE BEL RANG
llasa1b,sr_s1_k04,1,sentence_rep,s1,4,4,16,bell,16,8.46,4,0.11800544708967209,0.07021541893482208,0.4048125,0.6688975691795349,423,False,3,9.78,0.8650306748466259,True,4,correct,1,THE BELL RANG TWICE THE BELL RANG TWICE THE BELL RANG TWICE THE BELL RANG TWICE
llasa1b,sr_s1_k04,2,sentence_rep,s1,4,4,16,bell,16,9.72,4,0.025942621752619743,0.12540335953235626,1.5160625,0.2954269349575043,486,False,4,9.78,0.9938650306748468,True,4,correct,1,THE BELL RANG TWICE THE BELL RANG TWICE THE BELL RANG TWICE THE BELL RANG TWICE
llasa1b,sr_s1_k06,0,sentence_rep,s1,6,6,24,bell,24,13.28,6,0.088746078312397,0.03732537850737572,0.4051875,0.6310541033744812,664,False,5,15.024000000000001,0.8839190628328008,True,6,correct,1,THE BELL RANG TWICE THE BELL RANG TWICE THE BELL RANG TWICE THE BELL RANG TWICE THE BELL RANG TWICE THE BELL RANG TWICE
llasa1b,sr_s1_k06,1,sentence_rep,s1,6,6,24,bell,24,9.18,6,0.16571563482284546,0.06988441944122314,0.2995625,0.33218225836753845,459,False,4,15.024000000000001,0.6110223642172523,False,6,truncation,0,THE BELL RANG TWICE THE BELL RANG TWICE THE BELL RANG TWICE THE BELL RANG TWICE THE BELL RANG TWICE THE BELL RANG TWICE
llasa1b,sr_s1_k06,2,sentence_rep,s1,6,6,24,bell,20,40.96,5,0.04734765738248825,0.11172962188720703,22.88925,0.358329713344574,2048,True,16,15.024000000000001,2.726304579339723,False,16,loop,0,THE BELL RANG TWICE THE BELL RANG TWICE THE BELL RANG TWICE THE BELL RANG TWICE THE BELL RANG TWICE
llasa1b,sr_s1_k08,0,sentence_rep,s1,8,8,32,bell,32,16.06,8,0.1584433764219284,0.0676494762301445,0.4404375,0.605156421661377,803,False,6,20.268,0.7923820801263074,False,8,correct,1,THE BELL RANG TWICE THE BELL RANG TWICE THE BELL RANG TWICE THE BELL RANG TWICE THE BELL RANG TWICE THE BELL RANG TWICE THE BELL RANG TWICE THE BELL RANG TWICE
llasa1b,sr_s1_k08,1,sentence_rep,s1,8,8,32,bell,32,17.22,8,0.15186958014965057,0.047799646854400635,0.2774375,0.6224656105041504,861,False,7,20.268,0.8496151568975725,True,8,correct,1,THE BELL RANG TWICE THE BELL RANG TWICE THE BELL RANG TWICE THE BELL RANG TWICE THE BELL RANG TWICE THE BELL RANG TWICE THE BELL RANG TWICE THE BELL RANG TWICE
llasa1b,sr_s1_k08,2,sentence_rep,s1,8,8,32,bell,32,20.1,8,0.03248170018196106,0.070654958486557,0.500625,0.5317476987838745,1005,False,8,20.268,0.9917110716400237,True,8,correct,1,THE BELL RANG TWICE THE BELL RANG TWICE THE BELL RANG TWICE THE BELL RANG TWICE THE BELL RANG TWICE THE BELL RANG TWICE THE BELL RANG TWICE THE BELL RANG TWICE
llasa1b,sr_s1_k12,0,sentence_rep,s1,12,12,48,bell,41,29.62,10,0.13994909822940826,0.06324868649244308,0.508375,0.35673779249191284,1481,False,12,30.756000000000004,0.9630641175705552,False,12,undercount,0,THE BELL RANG TWICE THE BELL RANG TWICE THE BELL RANG TWICE THE BELL RANG TWICE THE BELL RANG TWICE THE BELL RANG TWICE THE BELL RANG TWICE THE BELL RANG TWICE THE BEL BELL RANG TWICE THE BELL RANG TWICE
llasa1b,sr_s1_k12,1,sentence_rep,s1,12,12,48,bell,48,17.4,12,0.1729271560907364,0.04685435816645622,0.345125,0.6798014640808105,870,False,7,30.756000000000004,0.5657432696059305,False,12,truncation,0,THE BELL RANG TWICE THE BELL RANG TWICE THE BELL RANG TWICE THE BELL RANG TWICE THE BELL RANG TWICE THE BELL RANG TWICE THE BELL RANG TWICE THE BELL RANG TWICE THE BELL RANG TWICE THE BELL RANG TWICE THE BELL RANG TWICE THE BELL RANG TWICE
llasa1b,sr_s1_k12,2,sentence_rep,s1,12,12,48,bell,3,40.96,1,0.044725969433784485,0.024344338104128838,29.7306875,0.7098560333251953,2048,True,16,30.756000000000004,1.3317726622447652,False,16,loop,0,THE BETHE BELL
llasa1b,sr_s1_k16,0,sentence_rep,s1,16,16,64,bell,70,31.64,17,0.09003259986639023,0.06205949932336807,0.179875,0.32534298300743103,1582,False,12,41.24400000000001,0.76714188730482,False,17,overcount,0,THE BELL RANG TWICE THE BELL RANG TWICE THE BELL RANG TWICE THE BELL RANG TWICE THE BELL RANG TWICE THE BELL RANG TWICE THE BELL RANG TWICE THE BELL RANG TWICE THE BELL RANG TWICE THE BELL RANG TWICE THE BELL RANG TWIE THE BELL RANG TWICE THE BELL RANG TWICE THE BELL RANG TW NG TWICE THE BELL RANG TWICE THE BELL RANG TWICE THE BELL RANG TWICE
llasa1b,sr_s1_k16,1,sentence_rep,s1,16,16,64,bell,65,27.02,16,0.14200663566589355,0.05546700209379196,0.3686875,0.6286060810089111,1351,False,11,41.24400000000001,0.6551255940257976,False,16,truncation,0,THE BELL RANG TWICE THE BELL RANG TWICE THE BELL RANG TWICE THE BELL RANG TWICE THE BELL RANG TWICE THE BELL RANG TWICE THE BELL RANG TWICE THE BELL RANG TWICE THE BELL RANG TWICE THE BELL RANG TWICE THE BELL RANG TWICE THE BELL RANG TWICE THE BELL RANG TWICE THE BELL RANG TWICE THE BELL RANG TWICE CE THE BELL RANG TWICE
llasa1b,sr_s1_k16,2,sentence_rep,s1,16,16,64,bell,61,34.04,15,0.06851083040237427,0.0847434252500534,0.3835,0.434200257062912,1702,False,13,41.24400000000001,0.8253321695276887,True,15,undercount,0,THE BELL RANG TWICE THE BELL RANG TWICE THE BELL RANG TWICE THE BELL RANG TWICE THE BELL RANG TWICE THE BELL RANG TWICE THE BELL RANG TWICE THE BELL RANG TWICE THE BELL RANG TWICE THE BELL RANG TWICE THE BELL RANG TWICE THE BELL RANG RANG TWICE THE BELL RANG TWICE THE BELL RANG TWICE THE BELL RANG TWICE
llasa1b,sr_s2_k01,0,sentence_rep,s2,1,1,4,stones,4,2.56,1,0.07230823487043381,0.0136841656640172,6.25e-05,0.25965362787246704,128,False,1,2.724444444444446,0.9396411092985314,True,1,correct,1,HE COUNTED THE STONES
llasa1b,sr_s2_k01,1,sentence_rep,s2,1,1,4,stones,4,4.88,1,0.0054595451802015305,0.05558853596448898,0.853125,0.00910012237727642,244,False,2,2.724444444444446,1.7911908646003254,True,1,loop,0,COUNT OF THE STONES
llasa1b,sr_s2_k01,2,sentence_rep,s2,1,1,4,stones,4,2.06,1,0.021957704797387123,0.05366424843668938,0.0044375,0.12828859686851501,103,False,1,2.724444444444446,0.756117455138662,True,1,correct,1,HE COUNTED THE STONES
llasa1b,sr_s2_k02,0,sentence_rep,s2,2,2,8,stones,8,4.34,2,0.013586010783910751,0.03154250234365463,0.018125,0.3442697525024414,217,False,2,4.857777777777779,0.8934126258005488,True,2,correct,1,HE COUNTED THE STONES HE COUNTED THE STONES
llasa1b,sr_s2_k02,1,sentence_rep,s2,2,2,8,stones,8,3.62,2,0.13564720749855042,0.1107310801744461,0.2359375,0.45696160197257996,181,False,1,4.857777777777779,0.7451967063129001,True,2,correct,1,HE COUNTED THE STONES HE COUNTED THE STONES
llasa1b,sr_s2_k02,2,sentence_rep,s2,2,2,8,stones,8,3.96,2,0.03763224557042122,0.04028133675456047,0.562125,0.40500572323799133,198,False,2,4.857777777777779,0.8151875571820676,True,2,correct,1,HE COUNTED THE STONES HE COUNTED THE STONES
llasa1b,sr_s2_k03,0,sentence_rep,s2,3,3,12,stones,12,5.54,3,0.020886853337287903,0.05136333033442497,6.25e-05,0.33580443263053894,277,False,2,6.99111111111111,0.7924348378893835,True,3,correct,1,HE COUNTED THE STONES HE COUNTED THE STONES HE COUNTED THE STONES
llasa1b,sr_s2_k03,1,sentence_rep,s2,3,3,12,stones,12,9.72,3,0.021638603881001472,0.16187824308872223,2.2351875,0.32228150963783264,486,False,4,6.99111111111111,1.3903369357914817,True,3,correct,1,HE COUNTED THE STONES HE COUNTED THE STONES HE COUNTED THE STONES
llasa1b,sr_s2_k03,2,sentence_rep,s2,3,3,12,stones,12,7.04,3,0.02475828304886818,0.11830475926399231,0.510125,0.39136555790901184,352,False,3,6.99111111111111,1.006993006993007,True,3,correct,1,HE COUNTED THE STONES HE COUNTED THE STONES HE COUNTED THE STONES
llasa1b,sr_s2_k04,0,sentence_rep,s2,4,4,16,stones,16,13.06,4,0.0032948553562164307,0.13078632950782776,6.25e-05,0.2399326115846634,653,False,6,9.124444444444443,1.4313200194836828,False,6,correct,1,HE COUNTED THE STONES HE COUNTED THE STONES HE COUNTED THE STONES HE COUNTED THE STONES
llasa1b,sr_s2_k04,1,sentence_rep,s2,4,4,16,stones,16,8.5,4,0.12551744282245636,0.061938270926475525,0.2025,0.2098870426416397,425,False,4,9.124444444444443,0.9315635655138823,True,4,correct,1,HE COUNTED THE STONES HE COUNTED THE STONES HE COUNTED THE STONES HE COUNTED THE STONES
llasa1b,sr_s2_k04,2,sentence_rep,s2,4,4,16,stones,16,11.24,4,0.023225801065564156,0.1424361765384674,2.3505,0.445395290851593,562,False,5,9.124444444444443,1.231855820750122,True,4,correct,1,HE COUNTED THE STONES HE COUNTED THE STONES HE COUNTED THE STONES HE COUNTED THE STONES
llasa1b,sr_s2_k06,0,sentence_rep,s2,6,6,24,stones,2,40.96,0,0.12151848524808884,0.04323134198784828,5.6265,0.8630825877189636,2048,True,19,13.391111111111107,3.0587454364420856,False,19,loop,0,HEM HE
llasa1b,sr_s2_k06,1,sentence_rep,s2,6,6,24,stones,24,20.68,6,0.06874004006385803,0.03390692174434662,1.6189375,0.396100252866745,1034,False,9,13.391111111111107,1.54430799867242,False,9,miscount,0,HE COUNTED THE STONES HE COUNTED THE STONES HE COUNTED THE STONES HE COUNTED THE STONES HE COUNTED THE STONES HE COUNTED THE STONES
llasa1b,sr_s2_k06,2,sentence_rep,s2,6,6,24,stones,20,18.46,5,0.03293121978640556,0.06852039694786072,0.839,0.20298920571804047,923,False,8,13.391111111111107,1.3785263856621313,False,8,undercount,0,HE COUNTED THE STONES HE COUNTED THE STONES HE COUNTED THE STONES HE COUNTED THE STONES HE COUNTED THE STONES
llasa1b,sr_s2_k08,0,sentence_rep,s2,8,8,32,stones,36,13.28,9,0.0629052072763443,0.029393525794148445,0.39075,0.4384653568267822,664,False,6,17.657777777777774,0.7520765164862825,False,9,overcount,0,HE COUNTED THE STONES HE COUNTED THE STONES HE COUNTED THE STONES HE COUNTED THE STONES HE COUNTED THE STONES HE COUNTED THE STONES HE COUNTED THE STONES HE COUNTED THE STONES HE COUNTED THE STONES
llasa1b,sr_s2_k08,1,sentence_rep,s2,8,8,32,stones,32,23.9,8,0.14014875888824463,0.03828153759241104,0.382125,0.45183345675468445,1195,False,11,17.657777777777774,1.3535112006040777,False,11,correct,1,HE COUNTED THE STONES HE COUNTED THE STONES HE COUNTED THE STONES HE COUNTED THE STONES HE COUNTED THE STONES HE COUNTED THE STONES HE COUNTED THE STONES HE COUNTED THE STONES
llasa1b,sr_s2_k08,2,sentence_rep,s2,8,8,32,stones,32,19.26,8,0.07060929387807846,0.06790440529584885,1.182875,0.29067736864089966,963,False,9,17.657777777777774,1.0907374779763406,True,8,correct,1,HE COUNTED THE STONES HE COUNTED THE STONES HE COUNTED THE STONES HE COUNTED THE STONES HE COUNTED THE STONES HE COUNTED THE STONES HE COUNTED THE STONES HE COUNTED THE STONES
llasa1b,sr_s2_k12,0,sentence_rep,s2,12,12,48,stones,24,40.96,6,0.04850276932120323,0.04846924915909767,24.0524375,0.38095948100090027,2048,True,19,26.191111111111102,1.5638893602579338,False,19,loop,0,HE COUNTED THE STONES HE COUNTED THE STONES HE COUNTED THE STONES HE COUNTED THE STONES HE COUNTED THE STONES HE COUNTED THE STONES
llasa1b,sr_s2_k12,1,sentence_rep,s2,12,12,48,stones,12,40.96,3,0.007109121419489384,0.06673043966293335,25.4615625,0.36577552556991577,2048,True,19,26.191111111111102,1.5638893602579338,False,19,loop,0,HE COUNTED THE STONES HE COUNTED THE STONES HE COUNTED THE STONES
llasa1b,sr_s2_k12,2,sentence_rep,s2,12,12,48,stones,48,19.36,12,0.04939982667565346,0.030329028144478798,0.1123125,0.6267884969711304,968,False,9,26.191111111111102,0.7391820804344139,False,12,correct,1,HE COUNTED THE STONES HE COUNTED THE STONES HE COUNTED THE STONES HE COUNTED THE STONES HE COUNTED THE STONES HE COUNTED THE STONES HE COUNTED THE STONES HE COUNTED THE STONES HE COUNTED THE STONES HE COUNTED THE STONES HE COUNTED THE STONES HE COUNTED THE STONES
llasa1b,sr_s2_k16,0,sentence_rep,s2,16,16,64,stones,5,40.96,0,0.24920347332954407,0.007363531738519669,6.25e-05,0.8007825016975403,2048,True,19,34.72444444444443,1.1795725073595296,False,19,loop,0,HE COU D S HE
llasa1b,sr_s2_k16,1,sentence_rep,s2,16,16,64,stones,4,40.96,1,0.004169019404798746,0.024436360225081444,38.66325,0.45738109946250916,2048,True,19,34.72444444444443,1.1795725073595296,False,19,loop,0,HE COUNTED THE STONES
llasa1b,sr_s2_k16,2,sentence_rep,s2,16,16,64,stones,69,30.9,17,0.024606354534626007,0.03395165875554085,0.02325,0.4267915189266205,1545,False,14,34.72444444444443,0.8898630487648794,False,17,overcount,0,HE COUNTED THE STONES HE COUNTED THE STONES HE COUNTED THE STONES HE COUNTED THE STONES HE COUNTED THE STONES HE COUNTED THE STONES HE COUNTED THE STONES HE COUNTED THE STONES HE COUNTED THE STONES HE COUNTED THE STONES HE COUNTED THE STONES HE COUNTED THE STONES HE COUNTED THE STONES HE COUNTED OUNTED THE STONES HE COUNTED THE STONES HE COUNTED THE STONES HE COUNTED THE STONES
llasa1b,sr_s3_k01,0,sentence_rep,s3,1,1,5,rain,3,2.44,0,0.009490486234426498,0.07460770756006241,6.25e-05,0.36073821783065796,122,False,1,0.4619999999999953,5.281385281385335,True,0,loop,0,WRIEN FOND OF
llasa1b,sr_s3_k01,1,sentence_rep,s3,1,1,5,rain,4,9.4,0,0.005996630061417818,0.027362052351236343,6.25e-05,0.4567749798297882,470,False,2,0.4619999999999953,20.346320346320553,False,2,loop,0,HOW YE FONDIN IM
llasa1b,sr_s3_k01,2,sentence_rep,s3,1,1,5,rain,5,2.32,1,0.10876571387052536,0.026047678664326668,0.6725,0.2732533812522888,116,False,1,0.4619999999999953,5.021645021645073,True,1,loop,0,RAIN FELL ON THE RORF
llasa1b,sr_s3_k02,0,sentence_rep,s3,2,2,10,rain,10,5.22,2,0.13398019969463348,0.05998830497264862,0.3058125,0.4686225652694702,261,False,2,6.657999999999997,0.7840192249924905,True,2,correct,1,RAIN FELL ON THE ROOF RAIN FELL ON THE ROOF
llasa1b,sr_s3_k02,1,sentence_rep,s3,2,2,10,rain,5,25.22,1,0.0436396598815918,0.02695387788116932,6.25e-05,0.25236690044403076,1261,False,5,6.657999999999997,3.787924301592071,False,5,loop,0,RAIN FELL ON THE ROOF
llasa1b,sr_s3_k02,2,sentence_rep,s3,2,2,10,rain,10,4.38,2,0.045072849839925766,0.0766233429312706,0.307625,0.31561389565467834,219,False,2,6.657999999999997,0.6578552117753081,True,2,truncation,0,RAIN FELL ON THE ROOF RAIN FELL ON THE ROOF
llasa1b,sr_s3_k03,0,sentence_rep,s3,3,3,15,rain,15,13.78,3,0.05589505657553673,0.026173628866672516,6.25e-05,0.3881241977214813,689,False,3,12.854,1.0720398319589233,True,3,correct,1,RAIN FELL ON THE ROOF RAIN FELL ON THE ROOF RAIN FELL ON THE ROO
llasa1b,sr_s3_k03,1,sentence_rep,s3,3,3,15,rain,12,20.2,3,0.03359914571046829,0.05224165692925453,6.7415625,0.33094826340675354,1010,False,4,12.854,1.571495254395519,True,3,miscount,0,RAIN FELL ON THE ROOF RAIN FELL ON THE ROOF RAIN FELL
llasa1b,sr_s3_k03,2,sentence_rep,s3,3,3,15,rain,15,6.44,3,0.07698775082826614,0.06509553641080856,0.010125,0.40122196078300476,322,False,2,12.854,0.5010113583320368,True,3,truncation,0,RAIN FELL ON THE ROOF RAIN FELL ON THE ROOF RAIN FELL ON THE ROOF
llasa1b,sr_s3_k04,0,sentence_rep,s3,4,4,20,rain,20,12.88,4,0.05175803601741791,0.04163976013660431,0.1055,0.4275895357131958,644,False,3,19.05,0.6761154855643045,True,4,truncation,0,RAIN FELL ON THE ROOF RAIN FELL ON THE ROOF RAIN FELL ON THE ROOF RAIN FELL ON THE ROOF
llasa1b,sr_s3_k04,1,sentence_rep,s3,4,4,20,rain,15,15.1,3,0.04945354163646698,0.06958393007516861,2.85575,0.33062976598739624,755,False,3,19.05,0.7926509186351706,True,3,undercount,0,RAIN FELL ON THE ROOF RAIN FELL ON THE ROOF RAIN FELL ON THE ROOF
llasa1b,sr_s3_k04,2,sentence_rep,s3,4,4,20,rain,15,9.78,3,0.061942871659994125,0.03552856296300888,0.0265,0.3552468419075012,489,False,3,19.05,0.5133858267716535,True,3,truncation,0,RAIN FELL ON THE ROOF RAIN FELL ON THE ROOF RAIN FELL ON THE ROOF
llasa1b,sr_s3_k06,0,sentence_rep,s3,6,6,30,rain,1,40.96,0,0.0070263477973639965,0.004406016319990158,38.425375,0.5110511183738708,2048,True,8,31.442000000000004,1.3027161122066024,False,8,loop,0,RA
llasa1b,sr_s3_k06,1,sentence_rep,s3,6,6,30,rain,20,40.96,4,0.0672721266746521,0.05032295733690262,32.3725,0.5062471032142639,2048,True,8,31.442000000000004,1.3027161122066024,False,8,loop,0,RAIN FELL ON THE ROOF RAIN FELL ON THE ROOF RAIN FELL ON THE ROOF RAIN FELL ON THE ROOF
llasa1b,sr_s3_k06,2,sentence_rep,s3,6,6,30,rain,8,40.96,0,0.08010920137166977,0.02430119924247265,4.597,0.5576902627944946,2048,True,8,31.442000000000004,1.3027161122066024,False,8,loop,0,RAINFEL ONRAIN FELONRAINS RAINS R RAINS RAINS BUN
llasa1b,sr_s3_k08,0,sentence_rep,s3,8,8,40,rain,1,40.96,1,0.01763453148305416,0.04849524423480034,39.9114375,0.4134522080421448,2048,True,8,43.834,0.9344344572706118,False,8,loop,0,RAIN
llasa1b,sr_s3_k08,1,sentence_rep,s3,8,8,40,rain,8,40.96,4,0.04394269734621048,0.010505028069019318,18.9995,0.19185765087604523,2048,True,8,43.834,0.9344344572706118,False,8,loop,0,RAIN RAIN FELL ON RAIN FELL ON RAIN
llasa1b,sr_s3_k08,2,sentence_rep,s3,8,8,40,rain,22,40.96,5,0.03874308615922928,0.06554075330495834,6.25e-05,0.2553994357585907,2048,True,8,43.834,0.9344344572706118,False,8,loop,0,RAIN FELL ON THE ROOF RAIN FELL ON THE ROOF RAIN FELL ON THE ROOF RAIN FELL ON THE ROOF RAIN FEL
llasa1b,sr_s3_k12,0,sentence_rep,s3,12,12,60,rain,15,40.96,0,0.003526618704199791,3.1261934054782614e-05,6.25e-05,0.10909359157085419,2048,True,8,68.61800000000001,0.5969279197878107,False,8,loop,0,O O A  A E A E A AAAAA  AA  A A  AA A AA
llasa1b,sr_s3_k12,1,sentence_rep,s3,12,12,60,rain,17,40.96,5,0.07798626273870468,0.050809480249881744,6.25e-05,0.2022385448217392,2048,True,8,68.61800000000001,0.5969279197878107,False,8,loop,0,RAIN FELL ON RAIN FELL ON RAIN FELL ON RAIN FELL ON THE ROOF RAIN FELL ON
llasa1b,sr_s3_k12,2,sentence_rep,s3,12,12,60,rain,16,40.96,6,0.05136944353580475,0.02093544788658619,1.579875,0.2384178340435028,2048,True,8,68.61800000000001,0.5969279197878107,False,8,loop,0,RAIN FOLL RAIN RAIN FOL RAIN OL THE ROF RAIN FELL ON THE ROFE RAIN FELL
llasa1b,sr_s3_k16,0,sentence_rep,s3,16,16,80,rain,2,40.96,0,0.01327151246368885,0.03267758712172508,0.006875,0.49550551176071167,2048,True,8,93.40200000000002,0.4385345067557439,False,8,loop,0,RA O
llasa1b,sr_s3_k16,1,sentence_rep,s3,16,16,80,rain,50,40.96,10,0.06707445532083511,0.06727612018585205,14.4586875,0.4412873685359955,2048,True,8,93.40200000000002,0.4385345067557439,True,10,loop,0,RAIN FELL ON THE ROOF RAIN FELL ON THE ROOF RAIN FELL ON THE ROOF RAIN FELL ON THE ROOF RAIN FELL ON THE ROOF RAIN FELL ON THE ROOF RAIN FELL ON THE ROOF RAIN FELL ON THE ROOF RAIN FELL ON THE ROOF RAIN FELL ON THE ROOF
llasa1b,sr_s3_k16,2,sentence_rep,s3,16,16,80,rain,1,40.96,1,0.014548069797456264,0.03017955645918846,39.3670625,0.3687589466571808,2048,True,8,93.40200000000002,0.4385345067557439,False,8,loop,0,RAIN
llasa1b,sr_s4_k01,0,sentence_rep,s4,1,1,4,door,4,3.56,1,0.0435292087495327,0.07686629146337509,0.522625,0.07912524789571762,178,False,1,2.823333333333336,1.2609208972845325,True,1,correct,1,THE DOOR STARED OPEN
llasa1b,sr_s4_k01,1,sentence_rep,s4,1,1,4,door,4,3.36,1,0.041395701467990875,0.04278368502855301,0.47675,0.10508657991886139,168,False,1,2.823333333333336,1.190082644628098,True,1,correct,1,THE DOOR STARED OPEN
llasa1b,sr_s4_k01,2,sentence_rep,s4,1,1,4,door,4,2.86,1,0.13162861764431,0.005728935357183218,0.625625,0.20689615607261658,143,False,1,2.823333333333336,1.012987012987012,True,1,correct,1,THE DOOR STAD ANTE
llasa1b,sr_s4_k02,0,sentence_rep,s4,2,2,8,door,8,3.5,2,0.1950559765100479,0.02061181329190731,0.13075,0.46358153223991394,175,False,1,5.406666666666668,0.6473489519112205,True,2,truncation,0,THE DOOR STAYED OPEN THE DOOR STAYED OPEN
llasa1b,sr_s4_k02,1,sentence_rep,s4,2,2,8,door,8,6.22,2,0.1631326973438263,0.056216657161712646,0.2888125,0.1753537505865097,311,False,2,5.406666666666668,1.1504315659679405,True,2,correct,1,THE DOOR STAYED OPEN THE DOOR STAYED OPEN
llasa1b,sr_s4_k02,2,sentence_rep,s4,2,2,8,door,8,3.88,2,0.01930098794400692,0.12554191052913666,0.726125,0.4768098294734955,194,False,1,5.406666666666668,0.7176325524044388,True,2,correct,1,THE DOOR STAYED OPEN THE DOOR STAYED OPEN
llasa1b,sr_s4_k03,0,sentence_rep,s4,3,3,12,door,12,6.98,3,0.04461757466197014,0.08017419278621674,0.48375,0.5293530225753784,349,False,3,7.990000000000001,0.8735919899874843,True,3,correct,1,THE DOOR STAYED OPEN THE DOOR STAYED OPEN THE DOOR STAYED OPEN
llasa1b,sr_s4_k03,1,sentence_rep,s4,3,3,12,door,12,12.26,3,0.08710487931966782,0.04006556421518326,1.9150625,0.27158844470977783,613,False,5,7.990000000000001,1.53441802252816,False,5,miscount,0,THE DOOR STAYED OPEN THE DOOR STAYD OPEN THE DOOR STAYD OPEN
llasa1b,sr_s4_k03,2,sentence_rep,s4,3,3,12,door,12,6.04,3,0.02078453078866005,0.09523500502109528,0.553375,0.36087918281555176,302,False,2,7.990000000000001,0.7559449311639549,True,3,correct,1,THE DOOR STAYED OPEN THE DOOR STAYED OPEN THE DOOR STAYED OPEN
llasa1b,sr_s4_k04,0,sentence_rep,s4,4,4,16,door,16,12.28,4,0.11861501634120941,0.05065323784947395,0.4409375,0.36270588636398315,614,False,5,10.573333333333334,1.1614123581336695,True,4,correct,1,THE DOOR STAYED OPEN THE DOOR STAYED OPEN THE DOOR STAYED OPEN THE DOOR STAYED OPEN
llasa1b,sr_s4_k04,1,sentence_rep,s4,4,4,16,door,0,40.96,0,0.00016237638192251325,0.03243344649672508,6.25e-05,0.2191602885723114,2048,True,16,10.573333333333334,3.8738965952080706,False,16,empty,0,
llasa1b,sr_s4_k04,2,sentence_rep,s4,4,4,16,door,16,10.44,4,0.009642113000154495,0.12483369559049606,0.5858125,0.25629544258117676,522,False,4,10.573333333333334,0.9873896595208069,True,4,correct,1,THE DOOR STAYED OPEN THE DOOR STAYED OPEN THE DOOR STAYED OPEN THE DOOR STAYED OPEN
llasa1b,sr_s4_k06,0,sentence_rep,s4,6,6,24,door,24,17.52,6,0.06537673622369766,0.0827985480427742,1.501,0.3167863190174103,876,False,7,15.74,1.113087674714104,True,6,correct,1,THE DOOR STAYED OPEN THE DOOR STAYED OPEN THE DOOR STAYED OPEN THE DOOR STAYED OPEN THE DOOR STAYED OPEN THE DOOR STAYED OPEN
llasa1b,sr_s4_k06,1,sentence_rep,s4,6,6,24,door,24,11.4,6,0.1633562594652176,0.048239484429359436,0.20575,0.5572681427001953,570,False,4,15.74,0.7242693773824651,False,6,correct,1,THE DOOR STAYED OPEN THE DOOR STAYED OPEN THE DOOR STAYED OPEN THE DOOR STAYED OPEN THE DOOR STAYED OPEN THE DOOR STAYED OPEN
llasa1b,sr_s4_k06,2,sentence_rep,s4,6,6,24,door,16,25.24,4,0.028113342821598053,0.0062032295390963554,1.5028125,0.28032419085502625,1262,False,10,15.74,1.6035578144853875,False,10,loop,0,THE DOOR STAYED OPEN THE DOOR STAYED OPEN THE DOOR STAYED OPEN THE DOOR STAYED OPEN
llasa1b,sr_s4_k08,0,sentence_rep,s4,8,8,32,door,31,19.82,8,0.03121240995824337,0.021956324577331543,6.25e-05,0.35966774821281433,991,False,8,20.906666666666663,0.9480229591836736,True,8,correct,1,DOOR STAYED OPEN THE DOOR STAYED OPEN THE DOOR STAYED OPEN THE DOOR STAYED OPEN THE DOOR STAYED OPEN THE DOOR STAYED OPEN THE DOOR STAYED OPEN THE DOOR STAYED OPEN
llasa1b,sr_s4_k08,1,sentence_rep,s4,8,8,32,door,32,24.2,8,0.08402688056230545,0.04286026582121849,0.3116875,0.3689037561416626,1210,False,9,20.906666666666663,1.1575255102040818,True,8,correct,1,THE DOOR STAYED OPEN THE DOOR STAED OPEN THE DOOR STAYED OPEN THE DOOR STAED OPEN THE DOOR STAYED OPEN THE DOOR STAYED OPEN THE DOOR STAYED OPEN THE DOOR STAYED OPEN
llasa1b,sr_s4_k08,2,sentence_rep,s4,8,8,32,door,4,40.96,0,0.30205273628234863,0.0074849361553788185,6.25e-05,0.7242786288261414,2048,True,16,20.906666666666663,1.9591836734693882,False,16,loop,0,DO STAY THE DO
llasa1b,sr_s4_k12,0,sentence_rep,s4,12,12,48,door,23,24.04,6,0.07855702936649323,0.01864486373960972,0.02225,0.29550912976264954,1202,False,9,31.239999999999995,0.7695262483994879,False,9,undercount,0,DOOR STAYED OPEN TOR DOOR STAYD OPEN TOR DOOR STAYD OPEN TOR DOOR STAYD OPEN DOR DOOR STAYD OPEN TER DOOR STAYD O
llasa1b,sr_s4_k12,1,sentence_rep,s4,12,12,48,door,4,40.96,0,0.0257490873336792,0.007151686120778322,0.0124375,0.3622710406780243,2048,True,16,31.239999999999995,1.3111395646606916,False,16,loop,0,DOR S DOR SSTE
llasa1b,sr_s4_k12,2,sentence_rep,s4,12,12,48,door,23,31.92,6,0.08157978951931,0.04274575784802437,0.0613125,0.4025803208351135,1596,False,12,31.239999999999995,1.0217669654289374,False,12,undercount,0,THE DOOR STAYD THE DOOR STAYD THE DOOR STAYED OPEN THE DOOR STAYED OPEN THE DOOR STAYED OPE PEN THE DOOR STAYED OPEN
llasa1b,sr_s4_k16,0,sentence_rep,s4,16,16,64,door,2,40.96,0,0.01974811777472496,0.001257508061826229,22.4293125,0.7447992563247681,2048,True,16,41.57333333333332,0.9852469531751125,False,16,loop,0,DOS DOSDO
llasa1b,sr_s4_k16,1,sentence_rep,s4,16,16,64,door,16,40.96,4,0.08739540725946426,0.027167392894625664,13.8185,0.5311049222946167,2048,True,16,41.57333333333332,0.9852469531751125,False,16,loop,0,THE DOOR STAYED OPEN THE DOOR STAYED OPEN THE DOOR STAYED OPEN THE DOOR STAYED OPEN
llasa1b,sr_s4_k16,2,sentence_rep,s4,16,16,64,door,2,40.96,0,0.06097167357802391,0.01862170733511448,35.175875,0.8543198108673096,2048,True,16,41.57333333333332,0.9852469531751125,False,16,loop,0,THE DO
llasa1b,tw_w1_k1,0,twisters,w1,1,2,8,sea,7,2.9,1,0.050687965005636215,0.05248143523931503,0.3144375,0.17257970571517944,145,False,1,3.63,0.7988980716253443,True,1,undercount,0,SHE SELLS SEA SHELLS AT THE SAINCHAN
llasa1b,tw_w1_k1,1,twisters,w1,1,2,8,sea,8,7.84,0,0.0012993491254746914,0.06613731384277344,4.0099375,0.3169226050376892,392,False,2,3.63,2.159779614325069,False,2,loop,0,SHE SOUDS AND HOWLS BAT TE SIK HAR
llasa1b,tw_w1_k1,2,twisters,w1,1,2,8,sea,7,3.04,1,0.07088833302259445,0.03272705897688866,6.25e-05,0.1679922491312027,152,False,1,3.63,0.837465564738292,True,1,undercount,0,SHE SELLS SEA SHELS AT THE SINCON
llasa1b,tw_w1_k2,0,twisters,w1,2,4,16,sea,16,7.42,4,0.19629885256290436,0.06534717977046967,0.2350625,0.3950892388820648,371,False,2,7.26,1.022038567493113,False,4,correct,1,SHE SELLS SEA SHELLS BY THE SEA SHORE SHE SELLS SEA SHELLS BY THE SEA SHORE
llasa1b,tw_w1_k2,1,twisters,w1,2,4,16,sea,12,9.0,0,0.1509629786014557,0.04513576999306679,0.421875,0.39050495624542236,450,False,2,7.26,1.2396694214876034,False,2,undercount,0,SHE SELLS SEASHELLS BY THE SEASHORE SHE SELLS SEASHELLS BY THE SEASHORE
llasa1b,tw_w1_k2,2,twisters,w1,2,4,16,sea,16,7.1,4,0.12713278830051422,0.044127728790044785,0.2354375,0.2318054884672165,355,False,2,7.26,0.977961432506887,False,4,correct,1,SHE SELLS SEA SHELLS BY THE SEA SHORE SHE SELLS SEA SHELLS BY THE SEA SHORE
llasa1b,tw_w1_k4,0,twisters,w1,4,8,32,sea,29,22.54,5,0.22580860555171967,0.06332789361476898,1.0508125,0.3053651750087738,1127,False,6,14.52,1.5523415977961432,True,5,undercount,0,SHE SELLS SEA SHELLS BY THE SEASHORE SHE SELLS SEASHELLS BY THE SEA SHORE SHE SELLS SEA SHELLS BY THE SEA SHORE SHE SELLS SEA SHELLS BY THE SEASHORE
llasa1b,tw_w1_k4,1,twisters,w1,4,8,32,sea,28,14.76,4,0.13589408993721008,0.07341329008340836,0.2558125,0.3506580591201782,738,False,4,14.52,1.0165289256198347,True,4,undercount,0,SHE SELLS SEA SHELLS BY THE SEASHORE SHE SELLS SEA SHELLS BY THE SEASHORE SHE SELLS SEA SHELLS BY THE SEASHORE SHE SELLS SEA SHELLS BY THE SEASHORE
llasa1b,tw_w1_k4,2,twisters,w1,4,8,32,sea,28,18.86,4,0.07704931497573853,0.0801590159535408,0.0329375,0.41309139132499695,943,False,5,14.52,1.2988980716253444,True,4,undercount,0,SHE SELLS SEA SHELLS BY THE SEASHORE SHE SELLS SEA SHELLS BY THE SEASHORE SHE SELLS SEA SHELLS BY THE SEASHORE SHE SELLS SEA SHELLS BY THE SEASHORE
llasa1b,tw_w2_k1,0,twisters,w2,1,1,8,peck,5,8.2,0,0.04359496384859085,0.0055391788482666016,6.25e-05,0.22343574464321136,410,False,2,3.7,2.216216216216216,False,2,loop,0,TREEDI HIGRA TIT AFEOFTIVLY HAT
llasa1b,tw_w2_k1,1,twisters,w2,1,1,8,peck,8,12.14,0,0.0007385836797766387,0.03608674928545952,5.9445,0.36054378747940063,607,False,3,3.7,3.281081081081081,False,3,empty,0,PETE BANO PEMPED EBER AND ON THE ABS
llasa1b,tw_w2_k1,2,twisters,w2,1,1,8,peck,9,6.84,0,0.016568543389439583,0.011093632318079472,0.0273125,0.18364761769771576,342,False,2,3.7,1.8486486486486484,False,2,loop,0,PETER FATE PEK A PAK OF A AT LATE
llasa1b,tw_w2_k2,0,twisters,w2,2,2,16,peck,16,7.62,0,0.03312268853187561,0.0398482009768486,0.5528125,0.2238708734512329,381,False,2,7.4,1.0297297297297296,False,2,undercount,0,PETER PIPER PICKED A PACK OF PICKLED PEPPERS PETER PIPER PICKED A PACK OF PICKLED PEPPERS
llasa1b,tw_w2_k2,1,twisters,w2,2,2,16,peck,16,10.28,0,0.14974212646484375,0.09271126985549927,0.2658125,0.21917776763439178,514,False,3,7.4,1.389189189189189,False,3,undercount,0,PETER PIPER PICKED A PACK OF PICKLED PEPPERS PETER PIPER PICKED A PACK OF PICKLED PEPPERS
llasa1b,tw_w2_k2,2,twisters,w2,2,2,16,peck,16,7.4,2,0.027647648006677628,0.025314290076494217,0.1880625,0.2746681571006775,370,False,2,7.4,1.0,True,2,correct,1,PETER PIPER PICKED A PECK OF PICKLED PEPPERS PETER PIPER PICKED A PECK OF PICKLED PEPPERS
llasa1b,tw_w2_k4,0,twisters,w2,4,4,32,peck,32,20.98,0,0.08838774263858795,0.035279519855976105,0.2691875,0.30657753348350525,1049,False,6,14.8,1.4175675675675676,False,6,undercount,0,PETER PIPER PICKED A PACK OF PICKLED PEPPERS PETER PIPER PICKED A PACK OF PICKLED PEPPERS PETER PIPER PICKED A PACK OF PICKLED PPPERS PETER PIPER PICKED A PACK OF PICKLED PEPPERS
llasa1b,tw_w2_k4,1,twisters,w2,4,4,32,peck,32,12.9,0,0.10456538200378418,0.07182805985212326,0.293875,0.5213608741760254,645,False,3,14.8,0.8716216216216216,False,3,undercount,0,PETER PIPER PICKED A PACK OF PICKLED PEPPERS PETER PIPER PICKED A PACK OF PICKLED PEPPERS PETER PIPER PICKED A PACK OF PICKLED PEPPERS PETER PIPER PICKED A PCK OF PICKLED PEPPERS
llasa1b,tw_w2_k4,2,twisters,w2,4,4,32,peck,32,23.32,0,0.09300445765256882,0.05721769481897354,0.7988125,0.40819278359413147,1166,False,6,14.8,1.5756756756756756,False,6,undercount,0,PETER PIPER PCKED A PACK OF PICKLED PEPPERS PETER PIPER PICKED A PACK OF PICKLED PEPPERS PETER PIPER PICKED A PACK OF PICKLED PEPPERS PETER PIPER PICKED A PACK OF PICKLED PEPPERS
llasa1b,tw_w3_k1,0,twisters,w3,1,1,7,chuck,8,3.02,0,0.04204921796917915,0.14370132982730865,0.53475,0.31036168336868286,151,False,1,2.6966666666666668,1.1199011124845488,True,0,undercount,0,HOW MUCH WOOD WOULD A WHET TRAP TRAP
llasa1b,tw_w3_k1,1,twisters,w3,1,1,7,chuck,8,10.08,0,0.004491205792874098,0.03407496586441994,6.0624375,0.17917823791503906,504,False,4,2.6966666666666668,3.737948084054388,False,4,loop,0,HOW MUCH LAND WITH A LAT CHAP CHP
llasa1b,tw_w3_k1,2,twisters,w3,1,1,7,chuck,7,2.8,0,0.06719958037137985,0.02618212066590786,6.25e-05,0.13516169786453247,140,False,1,2.6966666666666668,1.03831891223733,True,0,undercount,0,HOW MUCH WOOD WOULD I HEGTUP CUP
llasa1b,tw_w3_k2,0,twisters,w3,2,2,14,chuck,14,5.86,2,0.05222292244434357,0.04536030441522598,0.3988125,0.21478785574436188,293,False,2,5.3933333333333335,1.0865265760197775,True,2,correct,1,HOW MUCH WOOD WOULD A WOODCHUCK CHUCK HOW MUCH WOOD WOULD A WOODCHUCK CHUCK
llasa1b,tw_w3_k2,1,twisters,w3,2,2,14,chuck,14,4.56,2,0.09260545670986176,0.0655151903629303,0.152875,0.2880091071128845,228,False,2,5.3933333333333335,0.84548825710754,True,2,correct,1,HOW MUCH WOOD WOULD A WOODCHUCK CHUCK HOW MUCH WOOD WOULD A WOODCHUCK CHUCK
llasa1b,tw_w3_k2,2,twisters,w3,2,2,14,chuck,14,5.76,2,0.03647220879793167,0.0858943983912468,0.8498125,0.26169297099113464,288,False,2,5.3933333333333335,1.0679851668726823,True,2,correct,1,HOW MUCH WOOD WOULD A WOODCHUCK CHUCK HOW MUCH WOOD WOULD A WOODCHUCK CHUCK
llasa1b,tw_w3_k4,0,twisters,w3,4,4,28,chuck,21,19.48,3,0.03295359015464783,0.04724881425499916,0.3933125,0.2197544425725937,974,False,7,10.786666666666667,1.8059332509270705,False,7,loop,0,HOW MUCH WOUD WOULD A WOODCHUCK CHUCK HOW MUCH WOUD WOULD A WOODCHUCK CHUCK HOW MUCH WOULD WOULD A WOODCHUCK CHUCK
llasa1b,tw_w3_k4,1,twisters,w3,4,4,28,chuck,28,9.02,4,0.15239420533180237,0.04200943559408188,0.2638125,0.6077975630760193,451,False,3,10.786666666666667,0.8362175525339925,True,4,correct,1,HOW MUCH WOOD WOULD A WOODCHUCK CHUCK HOW MUCH WOOD WOULD A WOODCHUCK CHUCK HOW MUCH WOOD WOULD A WOODCHUCK CHUCK HOW MUCH WOOD WOULD A WOODCHUCK CHUCK
llasa1b,tw_w3_k4,2,twisters,w3,4,4,28,chuck,28,19.62,4,0.07872579246759415,0.036083295941352844,0.7706875,0.3897441327571869,981,False,7,10.786666666666667,1.818912237330037,False,7,loop,0,HOW MUCH WOOD WOULD A WOODCHUCK CHUCK HOW MUCH WOOD WOULD A WOODCHUCK CHUCK HOW MUCH WOOD WOULD A WOODCHUCK CHUCK HOW MUCH WOOD WOULD A WOODCHUCK CHUCK
llasa1b,tw_w4_k1,0,twisters,w4,1,4,8,lorry,6,40.96,0,0.0015301047824323177,0.01392088271677494,6.25e-05,0.42111682891845703,2048,True,31,5.937579158316634,6.898434346366271,False,31,loop,0,AAT A  NE E E  T
llasa1b,tw_w4_k1,1,twisters,w4,1,4,8,lorry,6,6.04,0,0.05635790899395943,0.02619815059006214,0.6958125,0.16552186012268066,302,False,1,5.937579158316634,1.01724959599737,True,0,undercount,0,RED LORY YANOE NAT NI DENANI
llasa1b,tw_w4_k1,2,twisters,w4,1,4,8,lorry,1,40.96,0,0.018903791904449463,0.015723368152976036,19.809875,0.9095974564552307,2048,True,31,5.937579158316634,6.898434346366271,False,31,loop,0,E
llasa1b,tw_w4_k2,0,twisters,w4,2,8,16,lorry,23,37.02,0,0.06033552438020706,0.028950346633791924,0.004625,0.354445219039917,1851,False,27,7.114509018036074,5.203451131504672,False,27,loop,0,RED LORI YELLOW LOURY RED LORY YELLOW LOURY RED LOURY YELLOW LORY RED LORY YELLOW LOURY LORY RED LORY YELLOW LORY RED LORY
llasa1b,tw_w4_k2,1,twisters,w4,2,8,16,lorry,16,22.54,0,0.14835797250270844,0.022097323089838028,2.460625,0.3728764057159424,1127,False,15,7.114509018036074,3.1681736494898782,False,15,loop,0,RED LORI YELLOW LORI RED LORI YELLOW LORI RED LORI YELLOW LORI RED LORI YELLOW LORI
llasa1b,tw_w4_k2,2,twisters,w4,2,8,16,lorry,2,40.96,0,0.0364094041287899,0.007040803786367178,19.396,0.5458928942680359,2048,True,31,7.114509018036074,5.757249009898199,False,31,loop,0,RED O
llasa1b,tw_w4_k4,0,twisters,w4,4,16,32,lorry,29,32.68,0,0.12253419309854507,0.016808586195111275,0.00175,0.2553252577781677,1634,False,24,9.468368737474956,3.4514921108485654,False,24,loop,0,RED LORY YELLOW LORI RED LORI YELLOW LORI RED LORI YELLOW LORI RED LORI RED LORIY RED LORY RED LORI YELLOW L LORI RED LORI YELLOW LORI RED LORY
llasa1b,tw_w4_k4,1,twisters,w4,4,16,32,lorry,2,40.96,0,0.006453812588006258,0.010481376200914383,0.005375,0.7352572679519653,2048,True,31,9.468368737474956,4.325982768064787,False,31,loop,0,Y   O
llasa1b,tw_w4_k4,2,twisters,w4,4,16,32,lorry,3,35.92,0,0.11159685254096985,0.006415320560336113,3.33975,0.9348542094230652,1796,False,26,9.468368737474956,3.793684107150565,False,26,loop,0,RED LOR R
llasa1b,tw_w5_k1,0,twisters,w5,1,2,8,sixth,15,40.96,0,0.009222326800227165,0.017814578488469124,37.406875,0.3072505593299866,2048,True,31,5.937579158316634,6.898434346366271,False,31,loop,0,WITH THE SIX SIK IIATE AD AT I A E A A   OF TAT A
llasa1b,tw_w5_k1,1,twisters,w5,1,2,8,sixth,29,40.96,0,0.0004812605620827526,0.019395897164940834,6.25e-05,0.6011534333229065,2048,True,31,5.937579158316634,6.898434346366271,False,31,empty,0,E  OA OT OT O O    O  O O  O O OO OO O A AE A A  A   A A  A A A  A A A  A A
llasa1b,tw_w5_k1,2,twisters,w5,1,2,8,sixth,1,40.96,0,0.005537702236324549,0.017799800261855125,0.012875,0.07924164831638336,2048,True,31,5.937579158316634,6.898434346366271,False,31,loop,0,THIS
llasa1b,tw_w5_k2,0,twisters,w5,2,4,16,sixth,19,15.36,2,0.022320348769426346,0.032262224704027176,0.017375,0.15089841187000275,768,False,9,7.114509018036074,2.158968378711825,False,9,loop,0,THE SIXTH SEIC SHAKES SIX SIX SHEET IS SEX THE SIXTH SIX SHAKES SIX SHEET IS SIK IS SEX
llasa1b,tw_w5_k2,1,twisters,w5,2,4,16,sixth,15,8.36,0,0.04436177387833595,0.04300900548696518,0.9869375,0.2423797994852066,418,False,3,7.114509018036074,1.1750635186218004,False,3,undercount,0,THE SIX SIX SHAKES SIX IX SET A SIP E SIX SIX SKE IX EIGHT
llasa1b,tw_w5_k2,2,twisters,w5,2,4,16,sixth,17,40.96,2,0.03141715005040169,0.017263034358620644,31.7628125,0.503097653388977,2048,True,31,7.114509018036074,5.757249009898199,False,31,loop,0,THE SIXTH SIX SHEXS SIX SHEEP IS SICK THE SIXTH SIX SHKS SHEEKS SIX SHEEP IS SICK
llasa1b,tw_w5_k4,0,twisters,w5,4,8,32,sixth,48,40.96,0,0.05812454596161842,0.058272477239370346,20.993125,0.721625804901123,2048,True,31,9.468368737474956,4.325982768064787,False,31,loop,0,THE SIXT SIX SIX SX SIX SIPE SIK THE SIX SIX SIX SIX SX SIX SIX SIX SX SIX SIX SIX SIX SIX SIX SIX SIX SIX SIX SIX SIX SIX SIX SIX SIX SIX SIX SX SIX SIX SIX SIX SIX SIX SIX SIX SIX SIX SIX
llasa1b,tw_w5_k4,1,twisters,w5,4,8,32,sixth,17,30.42,0,0.031085684895515442,0.042645908892154694,11.205625,0.20566636323928833,1521,False,22,9.468368737474956,3.2128026319465532,False,22,loop,0,THE SIX SIK SHAKS SI SHIK IS SIK THE SIX SIK SHS SIX SH IS SIK SIK
llasa1b,tw_w5_k4,2,twisters,w5,4,8,32,sixth,34,13.72,0,0.14025908708572388,0.06629490107297897,0.3466875,0.27809208631515503,686,False,8,9.468368737474956,1.4490352435998262,False,8,undercount,0,THE SIX SIX SHEX SIX SHEEP IS SICK THE SIX SX SHX SIX SHEEP IS SICK THE SIX SIX SIX SIX SX SHEEP IS SICK THE SIX SIX SIX SIX SIX SHEEP IS SICK
llasa1b,tw_w6_k1,0,twisters,w6,1,0,5,s,5,3.76,0,0.012507464736700058,0.0651758462190628,0.8078125,0.4445587694644928,188,False,0,5.937579158316634,0.6332547153890912,True,0,truncation,0,SIX LIX SLIM SICCAAR SAPPINGS
llasa1b,tw_w6_k1,1,twisters,w6,1,0,5,s,2,12.76,0,0.00048199298908002675,0.017306137830018997,6.25e-05,0.5260279774665833,638,False,7,5.937579158316634,2.149023980948086,False,7,empty,0,SIX WEX
llasa1b,tw_w6_k1,2,twisters,w6,1,0,5,s,5,40.96,0,0.01631896384060383,0.017050817608833313,34.1675625,0.5221253037452698,2048,True,31,5.937579158316634,6.898434346366271,False,31,loop,0,SIX NIX NAS   SECOND O
llasa1b,tw_w6_k2,0,twisters,w6,2,0,10,s,7,15.64,0,0.05957304686307907,0.04144558683037758,1.2298125,0.6279500722885132,782,False,9,7.114509018036074,2.198324573115426,False,9,loop,0,SIX SLIK SLIM SICKU SIX SLIK SLI
llasa1b,tw_w6_k2,1,twisters,w6,2,0,10,s,10,11.52,0,0.03677431866526604,0.15013016760349274,4.26425,0.44036969542503357,576,False,6,7.114509018036074,1.6192262840338687,False,6,loop,0,SIX SLICK SLIM SICAMORE SAPLINGS SIX SLICK SLIM SYCAMORE SAPLINGS
llasa1b,tw_w6_k2,2,twisters,w6,2,0,10,s,10,9.42,0,0.02345745638012886,0.08742774277925491,0.0524375,0.2638794481754303,471,False,4,7.114509018036074,1.3240548260068614,False,4,correct,1,SIX SLIK SLIM SYCAMORE SAPLINGS SIX SLIK SLIM SYCAMOR SAPLINGS
llasa1b,tw_w6_k4,0,twisters,w6,4,0,20,s,16,40.96,0,0.012025359086692333,0.04689931496977806,6.25e-05,0.2546934485435486,2048,True,31,9.468368737474956,4.325982768064787,False,31,loop,0,SIX SLI SLIM SYCAMORE SAPLINGS SIX SLIK SLIM SYCAMORE SAPLINGS SIX SLIX SLIM SYCAMORE SAPLINGS SIX
llasa1b,tw_w6_k4,1,twisters,w6,4,0,20,s,1,29.22,0,0.01345653086900711,0.09935668855905533,2.5971875,0.4938896596431732,1461,False,21,9.468368737474956,3.086064855538405,False,21,loop,0,SIXSIX
llasa1b,tw_w6_k4,2,twisters,w6,4,0,20,s,20,20.46,0,0.022103281691670418,0.06448373943567276,6.25e-05,0.338611364364624,1023,False,13,9.468368737474956,2.1608790877589246,False,13,loop,0,SIX SLIC SLIM SYCAMORE SAPLINGS SIX SLCK SLIM SYCAMORE SAPLINGS SIX SLICK SLIM SYCAMORE SAPLINGS SIX  SLIK SLIM SYCAMORE SAPLINGS
llasa1b,tw_w7_k1,0,twisters,w7,1,0,5,fr,5,3.08,0,0.07647424191236496,0.06813570111989975,0.155125,0.469061940908432,154,False,0,5.400000000000002,0.5703703703703702,True,0,truncation,0,FRESH FRENCH BATH THY FACE
llasa1b,tw_w7_k1,1,twisters,w7,1,0,5,fr,5,9.02,0,0.0015466269105672836,0.1073191836476326,4.2264375,0.4956914186477661,451,False,4,5.400000000000002,1.6703703703703696,False,4,loop,0,SOT FRENCH FA FA FONES
llasa1b,tw_w7_k1,2,twisters,w7,1,0,5,fr,5,4.1,0,0.07574462890625,0.016054991632699966,1.0369375,0.6342423558235168,205,False,0,5.400000000000002,0.7592592592592589,True,0,correct,1,FIRST FIRD FIVE FIVE THINGS
llasa1b,tw_w7_k2,0,twisters,w7,2,0,10,fr,10,7.76,0,0.04233482480049133,0.09292729198932648,0.3054375,0.2936188280582428,388,False,3,6.7933333333333366,1.1422963689892045,False,3,correct,1,FRESH FRENCH FRIED FLY FRITDERS FRESH FRENCH FRIED FLY FRITTERS
llasa1b,tw_w7_k2,1,twisters,w7,2,0,10,fr,10,6.16,0,0.052422136068344116,0.08028095215559006,0.1669375,0.45474937558174133,308,False,2,6.7933333333333366,0.906771344455348,False,2,correct,1,FRESH FRENCH FRIED FLY FRIDDES FRESH FRENCH FRIED FLY FRIDDES
llasa1b,tw_w7_k2,2,twisters,w7,2,0,10,fr,10,6.46,0,0.11024101078510284,0.10175656527280807,0.4101875,0.27250897884368896,323,False,2,6.7933333333333366,0.950932286555446,False,2,correct,1,FRESH FRENCH FRIED FLY FRETTERS FRESH FRENCH FRIED FLY FRETTERS
llasa1b,tw_w7_k4,0,twisters,w7,4,0,20,fr,3,22.32,0,0.012777932919561863,0.07044702023267746,16.18525,0.5937342047691345,1116,False,13,9.580000000000005,2.3298538622129423,False,13,loop,0,FRESH FRENCH FRIED
llasa1b,tw_w7_k4,1,twisters,w7,4,0,20,fr,32,40.96,0,0.042995885014534,0.004636928904801607,6.25e-05,0.3963280916213989,2048,True,27,9.580000000000005,4.275574112734862,False,27,loop,0,FRESH FRENCH FRIED FLY FRITTERS FRESH FRENCH FRIED FLY FRITTERS FRESH FRENCH FRIED FLY FRITTERS FRESH FRENCH FRIED FLY FRITTERS FRESH FRY FLY FRITTERS FRY FLY FRITTERS FRESH FRY FLY FLY FLY
llasa1b,tw_w7_k4,2,twisters,w7,4,0,20,fr,20,14.96,0,0.14888818562030792,0.09177594631910324,0.5929375,0.5050747990608215,748,False,8,9.580000000000005,1.561586638830897,False,8,miscount,0,FRESH FRENCH FRIED FLY FRITTERS FRESH FRENCH FRIED FLY FRITTERS FRESH FRENCH FRIED FLY FRITTERS FRESH FRENCH FRIED FLY FRITTERS
llasa1b,tw_w8_k1,0,twisters,w8,1,3,6,rural,7,4.84,1,0.019265905022621155,0.018940195441246033,0.5594375,0.12190312147140503,242,False,1,7.67,0.6310299869621904,True,1,truncation,0,TRULY RURAL TELLI ALO TELLI IT ALL
llasa1b,tw_w8_k1,1,twisters,w8,1,3,6,rural,1,40.96,0,0.001155623234808445,0.06721824407577515,32.2476875,0.3923233151435852,2048,True,5,7.67,5.340286831812255,False,5,loop,0,DEMA
llasa1b,tw_w8_k1,2,twisters,w8,1,3,6,rural,7,6.08,1,0.12656950950622559,0.013614526018500328,1.0235,0.3742102086544037,304,False,1,7.67,0.7926988265971316,True,1,undercount,0,TRULY RURAL TRI N AL TOAN ALL
llasa1b,tw_w8_k2,0,twisters,w8,2,6,12,rural,11,19.52,5,0.17547588050365448,0.0390300452709198,1.9486875,0.34444379806518555,976,False,3,15.34,1.272490221642764,False,5,undercount,0,TRULY RURAL TRULY RURAL TRULY RURAL TRULY RURAL TRULY RURAL TRULY
llasa1b,tw_w8_k2,1,twisters,w8,2,6,12,rural,9,28.68,4,0.22411327064037323,0.031118318438529968,0.0458125,0.4105581045150757,1434,False,4,15.34,1.8696219035202086,True,4,loop,0,TRULY RURAL TRULY RURAL TRULY RURAL TRULY RURAL TRULY
llasa1b,tw_w8_k2,2,twisters,w8,2,6,12,rural,12,15.34,6,0.16056068241596222,0.03978255018591881,0.6745625,0.4790685772895813,767,False,2,15.34,1.0,False,6,correct,1,TRULY RURAL TRULY RURAL TRULY RURAL TRULY RURAL TRULY RURAL TRULY RURAL
llasa1b,tw_w8_k4,0,twisters,w8,4,12,24,rural,23,40.96,11,0.1650133579969406,0.0271262489259243,6.25e-05,0.5333819389343262,2048,True,5,30.68,1.3350717079530638,False,11,loop,0,TRULY RURAL TRULY RURAL TRULY RURAL TRULY RURAL TRULY RURAL TRULY RURAL TRULY RURAL TRU ULY RURAL TRULY RURAL TRULY RURAL TRULY RURAL
llasa1b,tw_w8_k4,1,twisters,w8,4,12,24,rural,9,31.36,4,0.1110273003578186,0.01603877730667591,8.135,0.20771481096744537,1568,False,4,30.68,1.0221642764015646,True,4,undercount,0,TRULY RURAL TRULY TRULY RURAL TRULY RURAL TRULY RURAL
llasa1b,tw_w8_k4,2,twisters,w8,4,12,24,rural,18,40.96,4,0.14690183103084564,0.026135480031371117,2.0165625,0.5323626399040222,2048,True,5,30.68,1.3350717079530638,True,4,loop,0,TRULY RURAL TRULY RURAL TRULY RURAL TRULY RURAAL  TRULY RURALL TRULY RURAL TRULY RUR TRULY RU TRULY RUR
llasa1b,wr_blue_t4_k01,0,word_rep,t4,1,1,8,blue,7,3.08,0,0.00366658391430974,0.01937277428805828,0.001875,0.13198654353618622,154,False,1,3.16,0.9746835443037974,True,0,undercount,0,THE LIGHT WAS BARE BEFORE THE STONE
llasa1b,wr_blue_t4_k01,1,word_rep,t4,1,1,8,blue,7,4.48,0,0.0041354624554514885,0.038091883063316345,0.11575,0.34571242332458496,224,False,1,3.16,1.4177215189873418,True,0,undercount,0,THE LIGHT WAS BU EFORE HIS SCOA
llasa1b,wr_blue_t4_k01,2,word_rep,t4,1,1,8,blue,7,6.84,0,0.025446252897381783,0.01127484068274498,0.0548125,0.3807085156440735,342,False,2,3.16,2.1645569620253164,False,2,loop,0,THE RAT IS B EFOR E STD
llasa1b,wr_blue_t4_k02,0,word_rep,t4,2,2,9,blue,5,7.34,0,0.009127079509198666,0.005755733698606491,0.0108125,0.39397335052490234,367,False,2,6.32,1.1613924050632911,False,2,undercount,0,FAEVERS BE B EFE EXCLAIM
llasa1b,wr_blue_t4_k02,1,word_rep,t4,2,2,9,blue,4,40.96,0,0.0011669431114569306,0.03058096021413803,29.7874375,0.27511200308799744,2048,True,13,6.32,6.481012658227848,False,13,loop,0,BI ON TA AN
llasa1b,wr_blue_t4_k02,2,word_rep,t4,2,2,9,blue,9,6.32,2,0.042281728237867355,0.006764531135559082,0.004875,0.26129844784736633,316,False,2,6.32,1.0,True,2,correct,1,E LIGHT WAS BLUE BLUE BEFORE THE STALVER EYE
llasa1b,wr_blue_t4_k03,0,word_rep,t4,3,3,10,blue,2,40.96,0,0.016130156815052032,0.011038897559046745,26.8420625,0.9188970923423767,2048,True,13,9.48,4.320675105485232,False,13,loop,0,B  BED
llasa1b,wr_blue_t4_k03,1,word_rep,t4,3,3,10,blue,22,40.96,0,0.0005944977165199816,0.015256406739354134,6.25e-05,0.14799723029136658,2048,True,13,9.48,4.320675105485232,False,13,empty,0,UT YET A T ET  WA A E YET YET E E A A TAT TA TA A E T TUT E
llasa1b,wr_blue_t4_k03,2,word_rep,t4,3,3,10,blue,11,5.92,0,0.08615382015705109,0.0007497317274101079,6.25e-05,0.19270171225070953,296,False,2,9.48,0.6244725738396624,False,2,truncation,0,THE NIGHT WAS NO O O E FOR TE STA A
llasa1b,wr_blue_t4_k04,0,word_rep,t4,4,4,11,blue,6,40.96,0,0.06489868462085724,0.0014788222033530474,33.9663125,0.4424280822277069,2048,True,13,12.64,3.240506329113924,False,13,loop,0,AN I AS BI I BI
llasa1b,wr_blue_t4_k04,1,word_rep,t4,4,4,11,blue,22,40.96,0,0.0005462706903927028,0.01420310977846384,6.25e-05,0.11170825362205505,2048,True,13,12.64,3.240506329113924,False,13,empty,0,A A OT OO AT E EA TAT THEN TEA A A AT ET TA AT A E E TAE TUT E
llasa1b,wr_blue_t4_k04,2,word_rep,t4,4,4,11,blue,4,9.64,0,0.00933179259300232,0.0013121237279847264,6.25e-05,0.4217069745063782,482,False,3,12.64,0.7626582278481012,False,3,undercount,0,TEGIRIGT O O  O
llasa1b,wr_blue_t4_k06,0,word_rep,t4,6,6,13,blue,13,6.68,3,0.08353551477193832,0.0015754841733723879,6.25e-05,0.17418722808361053,334,False,2,18.96,0.3523206751054852,True,3,truncation,0,THE LIGHT WAS BLUE BLO BLUE BLU BLUE BLUN BEFORE THE STAR EY
llasa1b,wr_blue_t4_k06,1,word_rep,t4,6,6,13,blue,5,40.96,0,0.011304487474262714,0.001998625695705414,6.25e-05,0.9046201109886169,2048,True,13,18.96,2.160337552742616,False,13,loop,0,THE LIGHT WAS SAL O
llasa1b,wr_blue_t4_k06,2,word_rep,t4,6,6,13,blue,6,40.96,0,0.010245281271636486,0.001137957675382495,6.25e-05,0.43340378999710083,2048,True,13,18.96,2.160337552742616,False,13,loop,0,TE GEM O E O E
llasa1b,wr_blue_t4_k08,0,word_rep,t4,8,8,15,blue,14,13.44,0,0.040950316935777664,0.00033740251092240214,1.719625,0.16967490315437317,672,False,4,25.28,0.5316455696202531,False,4,truncation,0,THE LIGHT WAS BRU LONG LONG LONG LONG LONG LONG WI ONG WAS GOON
llasa1b,wr_blue_t4_k08,1,word_rep,t4,8,8,15,blue,16,40.96,0,0.0022004370111972094,0.009967906400561333,6.25e-05,0.6963704824447632,2048,True,13,25.28,1.620253164556962,False,13,loop,0,BO  BO BE THE POPITE TE EE  O O O O  OO  OO O O O
llasa1b,wr_blue_t4_k08,2,word_rep,t4,8,8,15,blue,13,16.22,0,0.04565030708909035,0.00039201282197609544,6.25e-05,0.261282742023468,811,False,5,25.28,0.6416139240506329,False,5,truncation,0,THE RAG HAS BOT BOT BO THE O BO THE BO THE FA
llasa1b,wr_blue_t4_k12,0,word_rep,t4,12,12,19,blue,6,16.46,0,0.006543600000441074,0.0289901290088892,0.567625,0.45118412375450134,823,False,5,37.92,0.4340717299578059,False,5,truncation,0,THE NIGHTLIES DAIIINI BATEET A OTE
llasa1b,wr_blue_t4_k12,1,word_rep,t4,12,12,19,blue,7,40.96,0,0.0012400085106492043,0.025135880336165428,20.1633125,0.3502182364463806,2048,True,13,37.92,1.080168776371308,False,13,loop,0,TO I CUN TE TE AAN I
llasa1b,wr_blue_t4_k12,2,word_rep,t4,12,12,19,blue,19,7.72,12,0.039426058530807495,0.014353635720908642,0.286125,0.1841963231563568,386,False,2,37.92,0.20358649789029534,False,12,truncation,0,THE LIGHT WAS BLUE BLUE BLUE BLUE BLUE BLUE BLUE BLUE BLUE BLUE BLUE BLUE BEFORE THE STORM ARRIVED
llasa1b,wr_blue_t4_k16,0,word_rep,t4,16,16,23,blue,36,29.46,27,0.08567221462726593,0.04085718095302582,0.010625,0.21138370037078857,1473,False,9,50.56,0.5826740506329113,False,27,overcount,0,THE LIGHT WAS BLUE BLUE BLUE BLUE BLUE BLUE BLUE BLUE BLUE BLUE BLUE BLUE BLUE BLUE BLUE BLUE BLUE BLUE LUE BLUE BLUE BLUE BLUE BLUE BLUE BLUE BLUE BLUE BLUK BEFORE THE STORM ARRIVED
llasa1b,wr_blue_t4_k16,1,word_rep,t4,16,16,23,blue,19,25.0,6,0.10282585769891739,0.014169246889650822,0.592,0.21826648712158203,1250,False,8,50.56,0.49446202531645567,True,6,truncation,0,BLIGT WITH BLUE LE BLUE BLUE BLU BLUE BLUE BLU LUE BLUE BLU BLU AN FOR E STAR HI
llasa1b,wr_blue_t4_k16,2,word_rep,t4,16,16,23,blue,38,40.96,8,0.024016205221414566,0.036310095340013504,23.786625,0.6849210262298584,2048,True,13,50.56,0.810126582278481,False,13,loop,0,THE LIGHT WAS BLUE BLUE BLUE BLUE BLUE BLUE BLUE BLU BLU BLUE BLU BLU BLUO BLU BLU BLUO BO BLO BO BO BO BOO BOO BO BO BO BO BO BO BO BO BO BO BO BOO
llasa1b,wr_blue_t4_k24,0,word_rep,t4,24,24,31,blue,25,40.96,21,0.058389436453580856,0.03543637692928314,16.0168125,0.5990262031555176,2048,True,13,75.84,0.540084388185654,False,21,loop,0,THE LIGHT WAS BLUE BLUE BLUE BLUE BLUE BLUE BLUE BLUE BLUE BLUE BLUE BLUE BLUE BLUE BLUE BLUE BLUE BLUE BLUE BLUE BLUE BLUEBLUEBLUEBLUE
llasa1b,wr_blue_t4_k24,1,word_rep,t4,24,24,31,blue,29,10.66,19,0.2053946703672409,0.035215239971876144,0.2481875,0.15594260394573212,533,False,3,75.84,0.1405590717299578,False,19,truncation,0,THE LIGHT WAS BLUE BLUE BLUE BLUE BLUE BLUE BLUE BLUE BLUE BLUE BLUE BLUE BLUE BLUE BLUE LUE BLUE BLUE BLUE BLUE LUE BO BEFORE THE STORM ARRIVED
llasa1b,wr_blue_t4_k24,2,word_rep,t4,24,24,31,blue,27,10.86,20,0.04236138239502907,0.012625925242900848,0.33125,0.2313944399356842,543,False,3,75.84,0.14319620253164556,False,20,truncation,0,THE LIGHT WAS BLUE BLUE BLUE BLUE BLUE BLUE BLUE BLUE BLUE BLUE BLUE BLUE BLUE BLUE BLUE BLUE BLUE BLUE BLUE BLUE BEFORE THE STORM ARRIVED
llasa1b,wr_blue_t4_k32,0,word_rep,t4,32,32,39,blue,16,40.96,7,0.02027604728937149,0.003099815221503377,6.25e-05,0.3226388692855835,2048,True,13,101.12,0.4050632911392405,False,13,loop,0,THE LIGHT WAS BLUE BLUE BLUE BOLAR DA BELO BO B BLUE BLUE BLUE BLUE BLU
llasa1b,wr_blue_t4_k32,1,word_rep,t4,32,32,39,blue,10,40.96,3,0.22168664634227753,0.016619164496660233,11.1289375,0.7562081217765808,2048,True,13,101.12,0.4050632911392405,False,13,loop,0,THE LIGHT WAS BLUE BLUE BLUE BLIAA BLU BLU E
llasa1b,wr_blue_t4_k32,2,word_rep,t4,32,32,39,blue,32,40.96,29,0.0775311216711998,0.0017988091567531228,6.25e-05,0.30786579847335815,2048,True,13,101.12,0.4050632911392405,False,29,loop,0,THE LIGHT WAS BLUE BLUE BLUE BLUE BLUE BLUE BLUE BLUE BLUE BLUE BLUE BLUE BLUE BLUE BLUE BLUE BLUE BLUE BLUE BLUE BLUE BLUE BLUE BLUE BLUE BLUE BLUE BLUE BLUE
llasa1b,wr_far_t3_k01,0,word_rep,t3,1,1,9,far,9,3.56,1,0.009470238350331783,0.09609446674585342,0.3930625,0.3090382516384125,178,False,0,4.816363636363636,0.7391468478671197,True,1,correct,1,HE WALKED FAR INTO THE FOREST BEFORE TURNING BACK
llasa1b,wr_far_t3_k01,1,word_rep,t3,1,1,9,far,5,11.16,0,0.0021061862353235483,0.09340342879295349,3.0961875,0.3829757273197174,558,False,6,4.816363636363636,2.3171007927519818,False,6,loop,0,HEO PAT DON AN TO
llasa1b,wr_far_t3_k01,2,word_rep,t3,1,1,9,far,9,6.86,1,0.07910559326410294,0.00859492365270853,2.7089375,0.41739946603775024,343,False,2,4.816363636363636,1.424311060777652,True,1,correct,1,HE WALKED FAR TO THE FIRST BEFORE TURNING BAK
llasa1b,wr_far_t3_k02,0,word_rep,t3,2,2,10,far,10,4.64,2,0.004934472963213921,0.043685078620910645,0.332875,0.07911631464958191,232,False,1,6.214545454545453,0.7466354593329434,True,2,correct,1,HE WALKED FAR FAR INTO THE FIRST BEFORE TURNING BACK
llasa1b,wr_far_t3_k02,1,word_rep,t3,2,2,10,far,1,38.84,0,0.00034002866595983505,0.0404052659869194,6.25e-05,0.03779005631804466,1942,False,25,6.214545454545453,6.249853715623174,False,25,empty,0,A
llasa1b,wr_far_t3_k02,2,word_rep,t3,2,2,10,far,11,9.5,0,0.12965141236782074,0.002172747626900673,0.0018125,0.2685202360153198,475,False,4,6.214545454545453,1.5286717378583972,False,4,undercount,0,HE WORKED FA FI INTO TE AS I FA TE BA
llasa1b,wr_far_t3_k03,0,word_rep,t3,3,3,11,far,9,5.34,0,0.008545790798962116,0.0012212408473715186,6.25e-05,0.3774253726005554,267,False,1,7.6127272727272715,0.7014568903749703,True,0,undercount,0,HE WALKED FRIT A INTO THE FIRST BESANK ANEVE
llasa1b,wr_far_t3_k03,1,word_rep,t3,3,3,11,far,1,15.88,0,0.00020984253205824643,0.18453124165534973,0.00275,0.12353669852018356,794,False,9,7.6127272727272715,2.085980415572009,False,9,empty,0,E
llasa1b,wr_far_t3_k03,2,word_rep,t3,3,3,11,far,11,8.4,3,0.06301794201135635,0.03646094352006912,6.25e-05,0.5366873741149902,420,False,4,7.6127272727272715,1.1034153331741106,True,3,correct,1,HE WENT FAR FAR FAR INTO THE FOREST BEFORE COMING BACK
llasa1b,wr_far_t3_k04,0,word_rep,t3,4,4,12,far,12,7.02,4,0.0237776730209589,0.00287613389082253,0.00225,0.4527173936367035,351,False,3,9.010909090909088,0.7790556900726394,True,4,correct,1,HE WALKED FAR FAR FAR FAR INTO THE FOREST BEFORE TURNING UP
llasa1b,wr_far_t3_k04,1,word_rep,t3,4,4,12,far,3,33.42,0,0.0005485941073857248,0.0049072266556322575,6.25e-05,0.6869057416915894,1671,False,21,9.010909090909088,3.708837772397096,False,21,empty,0,A  E  E
llasa1b,wr_far_t3_k04,2,word_rep,t3,4,4,12,far,0,18.68,0,0.0015562432818114758,0.044992439448833466,6.25e-05,0.13773222267627716,934,False,11,9.010909090909088,2.0730427764326076,False,11,degenerate,0,
llasa1b,wr_far_t3_k06,0,word_rep,t3,6,6,14,far,12,7.78,1,0.007392999716103077,0.06069345772266388,0.452625,0.42906683683395386,389,False,3,11.807272727272723,0.6589159223898986,False,3,truncation,0,HE WALKED FAR FO FOA FANFI INTO THE FOST BEFORE PIING UP
llasa1b,wr_far_t3_k06,1,word_rep,t3,6,6,14,far,0,23.36,0,2.3174992747954093e-05,0.04452138394117355,6.25e-05,2.6816156605491415e-05,1168,False,14,11.807272727272723,1.9784416384354795,False,14,empty,0,
llasa1b,wr_far_t3_k06,2,word_rep,t3,6,6,14,far,14,10.22,0,0.013882721774280071,0.021944323554635048,0.8028125,0.4693010151386261,511,False,5,11.807272727272723,0.8655682168155224,False,5,undercount,0,SHE WALKED FAIR FAIR FAIR FAIR FAIR FAIR INTO THE FACE BEFORE COMING HOME
llasa1b,wr_far_t3_k08,0,word_rep,t3,8,8,16,far,15,7.7,7,0.0541515126824379,0.09823518991470337,0.9669375,0.5372850894927979,385,False,3,14.603636363636358,0.5272659362549803,False,7,truncation,0,HE WALKED FAR FAR FAR FAR FAR FAR FAR INTO THE FOREST BEFORE TURNING BACK
llasa1b,wr_far_t3_k08,1,word_rep,t3,8,8,16,far,3,29.92,0,0.00021930382354184985,0.11619427055120468,18.0775625,0.29985707998275757,1496,False,19,14.603636363636358,2.048804780876495,False,19,empty,0,A AD TA
llasa1b,wr_far_t3_k08,2,word_rep,t3,8,8,16,far,16,12.94,8,0.03663218766450882,0.054225534200668335,0.6900625,0.3873651325702667,647,False,7,14.603636363636358,0.886080677290837,True,8,correct,1,HE WALKED FAR FAR FAR FAR FAR FAR FAR FAR INTO THE FOREST BEFORE TURNING BACK
llasa1b,wr_far_t3_k12,0,word_rep,t3,12,12,20,far,19,17.76,11,0.03492220863699913,0.11077341437339783,3.5251875,0.3725389540195465,888,False,10,20.19636363636363,0.8793662225423122,True,11,undercount,0,HE WALKED FAR FAR FAR FAR FAR FAR FAR FAR FAR FAR FAR INTO THE FOREST BEFORE TURNING BACK
llasa1b,wr_far_t3_k12,1,word_rep,t3,12,12,20,far,12,22.0,10,0.02154916152358055,0.1309971958398819,7.50775,0.5050213932991028,1100,False,13,20.19636363636363,1.0893050054015128,False,13,undercount,0,HE WALKED FAR FAR FAR FAR FAR FAR FAR FAR FAR FAR
llasa1b,wr_far_t3_k12,2,word_rep,t3,12,12,20,far,19,13.68,11,0.038235485553741455,0.09709016233682632,0.7295625,0.3944883346557617,684,False,7,20.19636363636363,0.6773496579042134,False,11,truncation,0,HE WALKED FAR FAR FAR FAR FAR FAR FAR FAR FAR FAR FAR INTO THE FOREST BEFORE TURNING BACK
llasa1b,wr_far_t3_k16,0,word_rep,t3,16,16,24,far,14,22.32,11,0.02908366732299328,0.0764496847987175,1.761,0.32082632184028625,1116,False,14,25.7890909090909,0.8654822335025384,False,14,undercount,0,HE WALKED FAR FAR FAR FAR FAR FAR FAR FAR FARR FAR FAR FAR
llasa1b,wr_far_t3_k16,1,word_rep,t3,16,16,24,far,22,11.94,14,0.011887568980455399,0.09007885307073593,0.93,0.5529142022132874,597,False,6,25.7890909090909,0.46298646362098156,False,14,truncation,0,HE WALKED FAR FAR FAR FAR FAR FAR FAR FAR FAR FAR FAR FAR FAR FAR INTO THE FOREST BEFORE TURNING BACK
llasa1b,wr_far_t3_k16,2,word_rep,t3,16,16,24,far,25,21.14,17,0.016275888308882713,0.08454212546348572,0.585875,0.3950815796852112,1057,False,13,25.7890909090909,0.8197264523406659,False,17,overcount,0,HE WALKED FAR FAR FAR FAR FAR FAR FAR FAR FAR FAR FAR FAR FAR FAR FAR FAR FAR INTO THE FOREST BEFORE TURNING BACK
llasa1b,wr_far_t3_k24,0,word_rep,t3,24,24,32,far,72,40.96,60,0.03186604008078575,0.03698870539665222,0.0159375,0.3737124800682068,2048,True,27,36.97454545454544,1.1077891424075534,False,60,loop,0,HE WALKED FAR FAR FAR FAR FAR FAR FAR FAR FAR FAR FAR FAR FAR FAR FAR FAR FAR FAR FAR FAR FAR FAR FAR FAR FAR FAR FAR FAR FAR FAR FAR FAR FAR FAR FAR FAR FAR FAR FAR FAR FAR FAR FAR FAR FAR FAR FAR FAR FAR FAR FAR FAR FAR FAR FAR FAR FAR FAR FAR FAR SAR SAR SA SA SA SA SA SA SA SA
llasa1b,wr_far_t3_k24,1,word_rep,t3,24,24,32,far,32,23.16,29,0.06278920918703079,0.04364784061908722,2.9196875,0.7407373785972595,1158,False,14,36.97454545454544,0.6263768686073959,False,29,overcount,0,HE WALKED FAR FAR FAR FAR FAR FAR FAR FAR FAR FAR FAR FAR FAR FAR FAR FAR FAR FAR FAR FAR FAR FAR FAR FAR FAR FAR FAR FR FAR FAR
llasa1b,wr_far_t3_k24,2,word_rep,t3,24,24,32,far,27,24.16,25,0.03439351171255112,0.0877620130777359,3.932125,0.4125136137008667,1208,False,15,36.97454545454544,0.6534225019669554,False,25,overcount,0,HE WALKED FAR FAR FAR FAR FAR FAR FAR FAR FAR FAR FAR FAR FAR FAR FAR FAR FAR FAR FAR FAR FAR FAR FAR FAR FAR
llasa1b,wr_far_t3_k32,0,word_rep,t3,32,32,40,far,36,25.94,28,0.032297536730766296,0.06690842658281326,0.0173125,0.5350728034973145,1297,False,16,48.15999999999998,0.538621262458472,False,28,truncation,0,HE WALKED FAR FAR FAR FAR FAR FAR FAR FAR FAR FAR FAR FAR FAR FAR FAR FAR FAR FAR FAR FAR FAR FAR FAR FAR FAR FAR FAR FAR INTO THE FOREST BEFORE TURNING BACK
llasa1b,wr_far_t3_k32,1,word_rep,t3,32,32,40,far,41,36.5,36,0.02277967892587185,0.04976397380232811,6.25e-05,0.5189518928527832,1825,False,24,48.15999999999998,0.7578903654485053,False,36,overcount,0,HE WALKED FAR FAR FAR FAR FAR FAR FAR FAR FAR FAR FAR FAR FAR FAR FAR FAR FAR FAR FAR FAR FAR FAR FAR AR FAR FAR F FAR FAR FAR FAR FAR FAR FAR FAR FAR FAR FAR FA
llasa1b,wr_far_t3_k32,2,word_rep,t3,32,32,40,far,33,24.72,25,0.024556288495659828,0.07672207802534103,0.837625,0.2829172909259796,1236,False,15,48.15999999999998,0.5132890365448507,False,25,truncation,0,HE WALKED FAR FAR FAR FAR FAR FAR FAR FAR FAR FAR FAR FAR FAR FAR FAR FAR FAR FAR FAR FAR FAR FAR FAR FAR FAR INTO THE FOREST BEFORE TURNING BACK
llasa1b,wr_no_t2_k01,0,word_rep,t2,1,1,11,no,12,12.72,0,0.003357718698680401,0.006423789542168379,0.022,0.3572760820388794,636,False,7,1.7466666666666668,7.2824427480916025,False,7,loop,0,HES SENT IM O TO THE ALEVOT AND BEN M UP BELO
llasa1b,wr_no_t2_k01,1,word_rep,t2,1,1,11,no,11,8.3,0,0.017659854143857956,0.03536739945411682,0.177125,0.33475103974342346,415,False,5,1.7466666666666668,4.751908396946565,False,5,loop,0,SHE SAID ME TO THE AFIR AND THEN LEFT THE ROM
llasa1b,wr_no_t2_k01,2,word_rep,t2,1,1,11,no,1,40.96,0,0.001445319619961083,0.01235285960137844,6.25e-05,0.3799324929714203,2048,True,23,1.7466666666666668,23.450381679389313,False,23,loop,0,AAASSAS
llasa1b,wr_no_t2_k02,0,word_rep,t2,2,2,12,no,5,37.1,0,0.012858312577009201,0.02026819810271263,25.5700625,0.5027947425842285,1855,False,21,3.4933333333333336,10.620229007633588,False,21,loop,0,SHE SAID NOW NOW FO
llasa1b,wr_no_t2_k02,1,word_rep,t2,2,2,12,no,10,7.58,0,0.009368018247187138,0.04054908826947212,1.1965,0.5482611656188965,379,False,4,3.4933333333333336,2.1698473282442747,False,4,loop,0,SHE SAID MAAR TO THE OFFER AND THEN LOFT AGAIN
llasa1b,wr_no_t2_k02,2,word_rep,t2,2,2,12,no,5,7.24,0,0.0028853523544967175,0.013579209335148335,6.25e-05,0.2821182310581207,362,False,4,3.4933333333333336,2.0725190839694654,False,4,loop,0,NSISTE VA ATTHING BU TALE
llasa1b,wr_no_t2_k03,0,word_rep,t2,3,3,13,no,13,40.96,0,0.0021071757655590773,0.030295521020889282,6.25e-05,0.7521876692771912,2048,True,23,5.24,7.816793893129771,False,23,loop,0,SHE SAID AAA A E AT OAT AEOO OA OEAAL AT OE ET
llasa1b,wr_no_t2_k03,1,word_rep,t2,3,3,13,no,9,28.52,0,0.004704557359218597,0.0350872166454792,5.748625,0.38600578904151917,1426,False,16,5.24,5.442748091603053,False,16,loop,0,SHE SAID NANATA TO BHE OFFERD INTEN TEPIN TT
llasa1b,wr_no_t2_k03,2,word_rep,t2,3,3,13,no,13,5.24,3,0.07316546887159348,0.01528599951416254,1.1129375,0.422469824552536,262,False,3,5.24,1.0,True,3,correct,1,SHE SAID NO NO NO TO THE AVER AND THER LEFT THE AM
llasa1b,wr_no_t2_k04,0,word_rep,t2,4,4,14,no,12,8.76,2,0.004372363910079002,0.02938726171851158,6.25e-05,0.24287790060043335,438,False,5,6.986666666666667,1.2538167938931297,False,5,undercount,0,SHE SANG NO NO ALOUD TO THE AFA INING LIF OF AO
llasa1b,wr_no_t2_k04,1,word_rep,t2,4,4,14,no,6,40.96,0,0.004700485151261091,0.01222367212176323,21.32575,0.5324852466583252,2048,True,23,6.986666666666667,5.862595419847328,False,23,loop,0,SHE SAID NIA ANY NE MO
llasa1b,wr_no_t2_k04,2,word_rep,t2,4,4,14,no,14,6.86,4,0.04825305566191673,0.03238122537732124,0.009375,0.23900878429412842,343,False,4,6.986666666666667,0.9818702290076335,True,4,correct,1,SHE SAID NO NO NO NO CAN HELP HER AND THEN LEFT THE ROOM
llasa1b,wr_no_t2_k06,0,word_rep,t2,6,6,16,no,12,7.7,5,0.006041031330823898,0.006163432262837887,0.0035,0.20482094585895538,385,False,4,10.48,0.7347328244274809,True,5,undercount,0,SHE SAID NO NO NO NO NO CANOTO AND THEN LEFT THEOM
llasa1b,wr_no_t2_k06,1,word_rep,t2,6,6,16,no,6,40.96,0,0.015330291353166103,0.028867142274975777,31.446,0.512083113193512,2048,True,23,10.48,3.9083969465648853,False,23,loop,0,SHE O RAD NOO TEE TETETE
llasa1b,wr_no_t2_k06,2,word_rep,t2,6,6,16,no,16,9.5,6,0.0231200959533453,0.03978606313467026,2.5056875,0.36317241191864014,475,False,5,10.48,0.9064885496183206,True,6,correct,1,SHE SAID NO NO NO NO NO NO TO THE OFFER AND THEN LEFT THE ROOM
llasa1b,wr_no_t2_k08,0,word_rep,t2,8,8,18,no,17,7.2,7,0.05360357090830803,0.0865151658654213,1.3740625,0.21752314269542694,360,False,4,13.973333333333334,0.5152671755725191,False,7,truncation,0,SHE SAID NO NO NO NO NO NO NO TO THE OFFER AND THEN LEFT THE ROOM
llasa1b,wr_no_t2_k08,1,word_rep,t2,8,8,18,no,6,20.3,0,0.0023550004698336124,0.021047081798315048,0.4720625,0.5584119558334351,1015,False,12,13.973333333333334,1.452767175572519,False,12,undercount,0,SHE SA NAI ME A  ET
llasa1b,wr_no_t2_k08,2,word_rep,t2,8,8,18,no,25,31.08,12,0.017355255782604218,0.027447687461972237,6.25e-05,0.36474961042404175,1554,False,18,13.973333333333334,2.2242366412213737,False,18,loop,0,SHE SAID NO NO NO NO NO NO NO TO THE OFFER AND THEN LEFT THE ROOM SHE SAID NO NO NO NO NO DEAD
llasa1b,wr_no_t2_k12,0,word_rep,t2,12,12,22,no,20,7.7,10,0.05211963504552841,0.0797492191195488,1.3015,0.5009167790412903,385,False,4,20.96,0.36736641221374045,False,10,truncation,0,SHE SAID NO NO NO NO NO NO NO NO NO NO TO THE OFFER AND THEN LEFT THE ROOM
llasa1b,wr_no_t2_k12,1,word_rep,t2,12,12,22,no,8,40.96,6,0.005411993712186813,0.1160200759768486,32.7263125,0.5178385972976685,2048,True,23,20.96,1.9541984732824427,False,23,loop,0,SHE SAID NO NO NO NO NO NO
llasa1b,wr_no_t2_k12,2,word_rep,t2,12,12,22,no,21,9.0,11,0.03429536521434784,0.041410062462091446,0.7566875,0.32083824276924133,450,False,5,20.96,0.4293893129770992,False,11,truncation,0,SHE SAID NO NO NO NO NO NO NO NO NO NO NO TO THE OFFER AND THEN LEFT THE ROOM
llasa1b,wr_no_t2_k16,0,word_rep,t2,16,16,26,no,23,11.22,13,0.06664503365755081,0.04840236157178879,0.740375,0.4019428491592407,561,False,6,27.94666666666667,0.4014790076335878,False,13,truncation,0,SHE SAID NO NO NO NO NO NO NO NO NO NO NO NO NO TO THE OFFER AND THEN LEFT THE REALM
llasa1b,wr_no_t2_k16,1,word_rep,t2,16,16,26,no,28,7.74,17,0.2279871553182602,0.029835496097803116,0.2364375,0.3001647889614105,387,False,4,27.94666666666667,0.276956106870229,False,17,overcount,0,SHE SAID NO NO NO NO NO NO NO NO NO NO NO NO NO NO NO NO NO NON TO THE OFFER AND THEN LEFT THE ROOM
llasa1b,wr_no_t2_k16,2,word_rep,t2,16,16,26,no,25,40.96,15,0.0124669773504138,0.011967379599809647,25.5460625,0.367348849773407,2048,True,23,27.94666666666667,1.465648854961832,False,23,loop,0,SHE SAID NO NO NO NO NO NO NO NO NO NO NO NO NO NO NO  TO THE OFFER AND THEN LEFT THE ROOM
llasa1b,wr_no_t2_k24,0,word_rep,t2,24,24,34,no,25,40.96,23,0.045986663550138474,0.10267037898302078,25.08825,0.5645646452903748,2048,True,23,41.92,0.9770992366412213,True,23,loop,0,SHE SAID NO NO NO NO NO NO NO NO NO NO NO NO NO NO NO NO NO NO NO NO NO NO NO
llasa1b,wr_no_t2_k24,1,word_rep,t2,24,24,34,no,21,7.04,19,0.27187496423721313,0.016986696049571037,0.2788125,0.23782281577587128,352,False,4,41.92,0.16793893129770993,False,19,truncation,0,SHE SAID NO NO NO NO NO NO NO NO NO NO NO NO NO NO NO NO NO NO NO
llasa1b,wr_no_t2_k24,2,word_rep,t2,24,24,34,no,11,40.96,9,0.018307045102119446,0.0006106424261815846,6.25e-05,0.7813644409179688,2048,True,23,41.92,0.9770992366412213,False,23,loop,0,SHE SAID NO NO NO NO NO NO NO NO NO
llasa1b,wr_no_t2_k32,0,word_rep,t2,32,32,42,no,31,23.48,20,0.08052505552768707,0.05809013545513153,0.463125,0.19218012690544128,1174,False,13,55.89333333333334,0.4200858778625954,False,20,truncation,0,SHE SAID NO NO NO NO NO NO NO NO NO NO NO NO NO NO NO NO NO NO NO NO TO THE OFFER AND THEN LEFT THE ROOM K
llasa1b,wr_no_t2_k32,1,word_rep,t2,32,32,42,no,3,40.96,1,0.25515809655189514,0.0007953385938890278,6.25e-05,0.3926783502101898,2048,True,23,55.89333333333334,0.732824427480916,False,23,loop,0,SHE SAID NO
llasa1b,wr_no_t2_k32,2,word_rep,t2,32,32,42,no,21,33.62,3,0.032951172441244125,0.015399695374071598,6.25e-05,0.31304559111595154,1681,False,19,55.89333333333334,0.6015028625954197,False,19,truncation,0,SHE SAID NO NO NO TO THE OFFER AND THEN LEFT THE ROOM AND THEN LEFT THE ROOM I E THEN
llasa1b,wr_quick_t5_k01,0,word_rep,t5,1,1,8,quick,8,4.38,1,0.019105084240436554,0.03204295411705971,1.03675,0.17220795154571533,219,False,1,4.17,1.0503597122302157,True,1,correct,1,THE RUNNER MOVED QUICK ALONG THE NARROW PATH
llasa1b,wr_quick_t5_k01,1,word_rep,t5,1,1,8,quick,1,38.84,0,0.0005391513695940375,0.05556396767497063,31.9425625,0.5260539054870605,1942,False,50,4.17,9.314148681055157,False,50,empty,0,BU
llasa1b,wr_quick_t5_k01,2,word_rep,t5,1,1,8,quick,8,3.96,1,0.06311114877462387,0.038569677621126175,6.25e-05,0.14379842579364777,198,False,1,4.17,0.9496402877697842,True,1,correct,1,THE RUNNER MOVED QUICK ALONG THE NARROW PATH
llasa1b,wr_quick_t5_k02,0,word_rep,t5,2,2,9,quick,5,4.7,1,0.0023917804937809706,0.07434841990470886,0.9123125,0.12409647554159164,235,False,2,4.88,0.9631147540983607,True,1,undercount,0,THE RUNNER MOVED QUICK PLUCK
llasa1b,wr_quick_t5_k02,1,word_rep,t5,2,2,9,quick,0,40.96,0,0.0005784583045169711,0.047471944242715836,34.0709375,0.48336195945739746,2048,True,53,4.88,8.39344262295082,False,53,empty,0,
llasa1b,wr_quick_t5_k02,2,word_rep,t5,2,2,9,quick,9,4.88,2,0.04905358701944351,0.04405571520328522,0.011,0.24497316777706146,244,False,2,4.88,1.0,True,2,correct,1,THE RUNNER MOVED QUICK QUICK ALONG TE NARROW PATH
llasa1b,wr_quick_t5_k03,0,word_rep,t5,3,3,10,quick,9,4.22,1,0.0028351801447570324,0.043933674693107605,0.5693125,0.16625571250915527,211,False,1,5.59,0.7549194991055456,True,1,undercount,0,THE RUNNER MOVED QUICK WIT CLACKELANG AN HI PAS
llasa1b,wr_quick_t5_k03,1,word_rep,t5,3,3,10,quick,19,40.96,0,0.0047140284441411495,0.02908882312476635,32.1296875,0.22692111134529114,2048,True,53,5.59,7.32737030411449,False,53,loop,0,MAAN IS PITE PITE QITE BEIND AN ARO PA TAT WIT WIT WIT WIT MA  IT NET WITH WITH
llasa1b,wr_quick_t5_k03,2,word_rep,t5,3,3,10,quick,9,6.86,1,0.03603249043226242,0.056265488266944885,0.742125,0.15483200550079346,343,False,5,5.59,1.227191413237925,False,5,undercount,0,THE RUNNER MOVED QUICK PUICK PICK AON A APON
llasa1b,wr_quick_t5_k04,0,word_rep,t5,4,4,11,quick,11,8.0,0,0.04228437319397926,0.085617795586586,0.6491875,0.18290959298610687,400,False,6,6.300000000000001,1.2698412698412698,False,6,undercount,0,THE RUNNER MOVED CLICK CLICK CLICK CLICK ALONG THE HEL PATH
llasa1b,wr_quick_t5_k04,1,word_rep,t5,4,4,11,quick,4,24.64,0,0.005721477326005697,0.016202164813876152,10.0420625,0.1813025176525116,1232,False,30,6.300000000000001,3.9111111111111105,False,30,loop,0,MI LAN MUMY MOTER
llasa1b,wr_quick_t5_k04,2,word_rep,t5,4,4,11,quick,11,6.12,3,0.031000478193163872,0.04951762035489082,0.0015,0.21346628665924072,306,False,4,6.300000000000001,0.9714285714285713,True,3,undercount,0,THE RUNNER MOVED QUICK QUICK QUIK QUICK AO TE LA A
llasa1b,wr_quick_t5_k06,0,word_rep,t5,6,6,13,quick,36,40.96,0,0.0004349290975369513,0.023513853549957275,6.25e-05,0.7723544239997864,2048,True,53,7.720000000000001,5.305699481865284,False,53,empty,0,EO  O O O O O O   O OO O  OO OOOOOOO OT OV OF OOOT O O OF O  LLOOF O OV   V O O OV OO O OO E LOVO LOV OV LOV O
llasa1b,wr_quick_t5_k06,1,word_rep,t5,6,6,13,quick,2,28.52,0,0.050126709043979645,0.023208964616060257,13.914125,0.9481098055839539,1426,False,35,7.720000000000001,3.694300518134715,False,35,loop,0,A TE
llasa1b,wr_quick_t5_k06,2,word_rep,t5,6,6,13,quick,13,7.04,6,0.03027123212814331,0.06365258991718292,0.727875,0.21094892919063568,352,False,5,7.720000000000001,0.9119170984455958,True,6,correct,1,THE RUNNER MOVED QUICK QUICK QUICK QUICK QUICK QUICK ALONG THE NARROW PATH
llasa1b,wr_quick_t5_k08,0,word_rep,t5,8,8,15,quick,15,6.62,8,0.05509938299655914,0.06861355155706406,0.670375,0.40028050541877747,331,False,4,9.140000000000002,0.7242888402625819,False,8,correct,1,THE RUNNER MOVED QUICK QUICK QUICK QUICK QUICK QUICK QUICK QUICK ALONG THE NARROW PATH
llasa1b,wr_quick_t5_k08,1,word_rep,t5,8,8,15,quick,17,8.36,10,0.10874097794294357,0.03467884287238121,1.7465,0.25221288204193115,418,False,7,9.140000000000002,0.9146608315098466,False,10,overcount,0,THE RUNNER MOVED QUICK QUICK QUICK QUICK QUICK QUICK QUICK QUICK QUICK QUICK ALONG THE NARROW PATH
llasa1b,wr_quick_t5_k08,2,word_rep,t5,8,8,15,quick,16,7.04,9,0.03393574431538582,0.043257638812065125,0.855,0.1768961399793625,352,False,5,9.140000000000002,0.7702407002188182,False,9,overcount,0,THE RUNNER MOVED QUICK QUICK QUICK QUICK QUICK QUICK QUICK QUICK QUICK ALONG THE NARROW PATH
llasa1b,wr_quick_t5_k12,0,word_rep,t5,12,12,19,quick,16,12.02,12,0.025714315474033356,0.11599151045084,3.9491875,0.5692635774612427,601,False,12,11.980000000000002,1.0033388981636058,True,12,correct,1,THE RUNNER MOVED QUICK QUICK QUICK QUICK QUICK QUICK QUICK UICK QUICK QUICK QUICK QUICK QUICK
llasa1b,wr_quick_t5_k12,1,word_rep,t5,12,12,19,quick,23,18.46,16,0.048888880759477615,0.09279060363769531,0.891625,0.21896255016326904,923,False,21,11.980000000000002,1.5409015025041735,False,21,overcount,0,THE RUNNER MOVED QUICK QUICK QUICK QUICK QUICK QUICK QUICK QUICK QUICK QUICK QUICK QUICK QUICK QUICK QUICK QUICK ALONG THE NARROW PATH
llasa1b,wr_quick_t5_k12,2,word_rep,t5,12,12,19,quick,19,8.64,16,0.015546312555670738,0.05027893930673599,2.0289375,0.2633272111415863,432,False,7,11.980000000000002,0.7212020033388981,False,16,overcount,0,THE RUNNER MOVED QUICK QUICK QUICK QUICK QUICK QUICK QUICK QUICK QUICK QUICK QUICK QUICK QUICK QUICK QUICK QUICK
llasa1b,wr_quick_t5_k16,0,word_rep,t5,16,16,23,quick,42,40.96,34,0.021013716235756874,0.024273309856653214,26.8726875,0.5576111078262329,2048,True,53,14.820000000000004,2.7638326585695,False,53,loop,0,THE RUNNER MOVED QUICK QUICK QUICK QUICK QUICK QUICK QUICK QUICK QUICK QUICK QUICK UICK QUICK QUICK QUICK UICK QUICK QUICK QUICK QUICK QUICK QUICK QUICK QUICK QUICK QUICK QUICK QICK QUICK QUICK QUICK UIC QUICK QUICK QUICK QUICK QUICK QUICK WITTAFF
llasa1b,wr_quick_t5_k16,1,word_rep,t5,16,16,23,quick,24,11.52,17,0.07249988615512848,0.043822139501571655,1.3990625,0.21438266336917877,576,False,11,14.820000000000004,0.7773279352226719,False,17,overcount,0,THE RUNNER MOVED QUICK QUICK QUICK QUICK QUICK QUICK QUICK QUICK QUICK QUICK QUICK QUICK QUICK QUICK QUICK QUICK QUICK ALONG THE NARROW PATH
llasa1b,wr_quick_t5_k16,2,word_rep,t5,16,16,23,quick,28,12.96,22,0.022938374429941177,0.07029770314693451,0.007875,0.350368469953537,648,False,13,14.820000000000004,0.8744939271255059,False,22,overcount,0,THE RUNNER MOVED QUICK QUICK QUICK QUICK QUICK QUICK QUICK QUICK QUICK QUICK QUICK QUICK QUICK QUICK QUICK QUICK QUICK QUICK QUICK QUICK QICK QUICK QUICK CIK CI
llasa1b,wr_quick_t5_k24,0,word_rep,t5,24,24,31,quick,26,10.88,16,0.031169695779681206,0.11458970606327057,6.25e-05,0.38091543316841125,544,False,10,20.500000000000007,0.530731707317073,False,16,truncation,0,THE RUNNER MOVED QUICK QUICK QUICK QUICK QUICK QUICK UICK QUICK QUICK QUICK QUICK QUICK QUICK QUICK QUICK QUICK QUICK QI KI KA KA KAKE SAID
llasa1b,wr_quick_t5_k24,1,word_rep,t5,24,24,31,quick,31,12.02,23,0.04895801097154617,0.01655776984989643,1.2209375,0.16047881543636322,601,False,12,20.500000000000007,0.5863414634146339,False,23,truncation,0,THE RUNNER MOVED QUICK QUICK QUICK QUICK QUICK QUICK QUICK QUICK QUICK QUICK QUICK QUICK QUICK QUICK QUICK QUICK QUICK QUICK QUICK QUICK WUICK QUICK QUICK QUICK ALONG THE NARROW PATH
llasa1b,wr_quick_t5_k24,2,word_rep,t5,24,24,31,quick,30,10.54,26,0.02111763134598732,0.049509499222040176,0.161125,0.17028121650218964,527,False,10,20.500000000000007,0.5141463414634144,False,26,overcount,0,THE RUNNER MOVED QUICK QUICK UICK QUICK QUICK QUICK QUICK QUICK QUICK QUICK QUICK QUICK QUICK QUICK QUICK QUICK QUICK QUICK QUICK QUICK QUICK QUICK QUICK QUICK QUICK QUICK QUICK
llasa1b,wr_quick_t5_k32,0,word_rep,t5,32,32,39,quick,32,38.38,26,0.08537452667951584,0.01139872521162033,6.25e-05,0.4842315912246704,1919,False,49,26.18000000000001,1.466004583651642,False,49,undercount,0,THE RUNNER MOVED QUICK QUICK QUICK QUICK QUICK QUICK QUICK QUICK QUICK QUICK QUICK QUICK UICK QUICK QUICK QUICK QUICK QUICK QUICK QUICK QUICK QUICK QUICK QUICK QUICK QUICK QUICK WAS TABA
llasa1b,wr_quick_t5_k32,1,word_rep,t5,32,32,39,quick,40,21.9,31,0.01999196596443653,0.026804212480783463,6.25e-05,0.3443553149700165,1095,False,26,26.18000000000001,0.8365164247517185,False,31,undercount,0,THE RUNNER MOVED QUICK QUICK QUICK QUICK QUICK QUICK QUICK QUICK QUICK QUICK QUICK QUICK QUICK QUICK QUICK QUICK QUICK QUICK QUICK QUICKWHIT QUICK QUICK QUICK QUICK QUICK QUICK QUICK QUICK QUIT QUICK WIT QUICK QUICK WUICK WUIT QUICK WIT
llasa1b,wr_quick_t5_k32,2,word_rep,t5,32,32,39,quick,25,12.04,13,0.01648079976439476,0.09106463193893433,0.352,0.3796086609363556,602,False,12,26.18000000000001,0.45989304812834203,True,13,truncation,0,THE RUNNER MOVED QUICK QUICK QUICK QUICK QUICK QUICK QUICK QUICK QUICK QUICK QUICK UICK UICK QUICK QUICK WUIK IN ABOVE CAT MY NARROW PATH
llasa1b,wr_really_t6_k01,0,word_rep,t6,1,1,8,really,6,7.2,0,0.09456487745046616,0.0013223420828580856,6.25e-05,0.5096887946128845,360,False,2,3.14,2.2929936305732483,False,2,loop,0,TE YU TIRED UPE A TO
llasa1b,wr_really_t6_k01,1,word_rep,t6,1,1,8,really,5,6.24,0,0.02503315731883049,0.021999698132276535,1.336625,0.43558675050735474,312,False,2,3.14,1.9872611464968153,False,2,loop,0,A E MATE TE LAMES
llasa1b,wr_really_t6_k01,2,word_rep,t6,1,1,8,really,8,3.14,1,0.08072422444820404,0.03402286022901535,0.1633125,0.1306307017803192,157,False,1,3.14,1.0,True,1,correct,1,THEY WERE REALLY TIRED AFTER THE LONG JOURNEY
llasa1b,wr_really_t6_k02,0,word_rep,t6,2,2,9,really,10,5.34,0,0.022998403757810593,0.0002203452750109136,6.25e-05,0.49656006693840027,267,False,2,6.28,0.8503184713375795,False,2,undercount,0,THEY WERE RUNNING ALL THE TIME ABOUT THE NON TO
llasa1b,wr_really_t6_k02,1,word_rep,t6,2,2,9,really,3,8.38,0,0.06287028640508652,0.01621929556131363,3.57375,0.44467705488204956,419,False,3,6.28,1.3343949044585988,False,3,undercount,0,I WILL BEHIND
llasa1b,wr_really_t6_k02,2,word_rep,t6,2,2,9,really,9,6.98,1,0.014372025616466999,0.019256653264164925,0.0084375,0.3901485502719879,349,False,2,6.28,1.1114649681528663,True,1,undercount,0,THEY WERE REALLY AN TIRD OF TER NON CAN
llasa1b,wr_really_t6_k03,0,word_rep,t6,3,3,10,really,9,4.46,2,0.00916645210236311,0.04507869482040405,0.4753125,0.3748113214969635,223,False,1,9.42,0.4734607218683652,True,2,truncation,0,THEY WERE REALLY REALLY AN TIRED AFTER LONG CHATTING
llasa1b,wr_really_t6_k03,1,word_rep,t6,3,3,10,really,20,40.96,0,0.0003627284604590386,0.03872648626565933,6.25e-05,0.08314866572618484,2048,True,13,9.42,4.348195329087049,False,13,empty,0,AO TE YE TA A O  A O O O  O OOT OT OT OT OT OO OT  O NO
llasa1b,wr_really_t6_k03,2,word_rep,t6,3,3,10,really,11,7.7,0,0.006124110892415047,0.03197826072573662,6.25e-05,0.6458179354667664,385,False,2,9.42,0.8174097664543525,False,2,undercount,0,THERE AIN'T AY ADA MADE TON UP I TE ANSRO
llasa1b,wr_really_t6_k04,0,word_rep,t6,4,4,11,really,11,7.02,1,0.028493093326687813,0.0019848572555929422,0.005125,0.4278632700443268,351,False,2,12.56,0.5589171974522292,True,1,truncation,0,THEY WERE REALLY NA NO NO TIRED AFTER THE LONG TIN
llasa1b,wr_really_t6_k04,1,word_rep,t6,4,4,11,really,3,40.96,0,0.00035521830432116985,0.038315508514642715,6.25e-05,0.340289443731308,2048,True,13,12.56,3.2611464968152863,False,13,empty,0,E E    MA
llasa1b,wr_really_t6_k04,2,word_rep,t6,4,4,11,really,3,40.96,1,0.03069227933883667,0.017296791076660156,37.144625,0.6899380087852478,2048,True,13,12.56,3.2611464968152863,False,13,loop,0,THEY WERE REALLY
llasa1b,wr_really_t6_k06,0,word_rep,t6,6,6,13,really,42,40.96,0,0.00038052344461902976,0.031258076429367065,6.25e-05,0.7040523886680603,2048,True,13,18.84,2.1740976645435244,False,13,empty,0,O FO O A O O O O  O O O O O O O O O O O   O O O OO O O O O O OO    O O  O O  O O O OOO ALO L O O WO
llasa1b,wr_really_t6_k06,1,word_rep,t6,6,6,13,really,7,22.9,0,0.0035678131971508265,0.05868017300963402,6.25e-05,0.514641523361206,1145,False,7,18.84,1.2154989384288746,False,7,undercount,0,B E E  E E E AN
llasa1b,wr_really_t6_k06,2,word_rep,t6,6,6,13,really,2,40.96,0,0.1040709838271141,0.02202865667641163,19.011375,0.9588354825973511,2048,True,13,18.84,2.1740976645435244,False,13,loop,0,THE MOG
llasa1b,wr_really_t6_k08,0,word_rep,t6,8,8,15,really,7,40.96,0,0.0005321904318407178,0.021191926673054695,6.25e-05,0.5886801481246948,2048,True,13,25.12,1.6305732484076432,False,13,empty,0,MAA OOOO AT AT OT O AA
llasa1b,wr_really_t6_k08,1,word_rep,t6,8,8,15,really,10,36.46,0,0.007848648354411125,0.006553711835294962,6.25e-05,0.7280421257019043,1823,False,12,25.12,1.4514331210191083,False,12,undercount,0,BE ALEDEA  MU HA A O E E IT E
llasa1b,wr_really_t6_k08,2,word_rep,t6,8,8,15,really,8,14.96,0,0.012977538630366325,0.00013893269351683557,6.25e-05,0.7728884816169739,748,False,5,25.12,0.5955414012738853,False,5,truncation,0,BIGGE BI BI B BO  BO BO GI
llasa1b,wr_really_t6_k12,0,word_rep,t6,12,12,19,really,0,40.96,0,0.00169666507281363,0.012204699218273163,23.9373125,0.7834645509719849,2048,True,13,37.68,1.0870488322717622,False,13,degenerate,0,
llasa1b,wr_really_t6_k12,1,word_rep,t6,12,12,19,really,46,40.96,0,0.000377060379832983,0.021502124145627022,6.25e-05,0.14782167971134186,2048,True,13,37.68,1.0870488322717622,False,13,empty,0,O AO OO O O O O O OE  O O  O O O  O O O OO OO  OO O E ON LOTE TE A LO WOO LOT OT LN LOT LOT LO OT LON OT LO OT O LO OT LO I  O A
llasa1b,wr_really_t6_k12,2,word_rep,t6,12,12,19,really,1,11.24,0,0.013573511503636837,9.827006579143927e-05,6.25e-05,0.4080727696418762,562,False,4,37.68,0.29830148619957536,False,4,truncation,0,TE
llasa1b,wr_really_t6_k16,0,word_rep,t6,16,16,23,really,15,26.42,11,0.024993084371089935,0.004328479524701834,1.613875,0.5000692009925842,1321,False,8,50.24,0.525875796178344,False,11,truncation,0,THEY WERE REALLY REALLY REALLY REALLY REALLY REALLY REALLY REALLY REALLY REALLY REALLY TEERE TIRED
llasa1b,wr_really_t6_k16,1,word_rep,t6,16,16,23,really,5,40.96,0,0.0030367744620889425,0.017586426809430122,31.6669375,0.8908786773681641,2048,True,13,50.24,0.8152866242038216,False,13,loop,0,BE A O  OO O
llasa1b,wr_really_t6_k16,2,word_rep,t6,16,16,23,really,21,9.04,13,0.04480830207467079,0.013999179936945438,2.1711875,0.5624392032623291,452,False,3,50.24,0.17993630573248406,False,13,truncation,0,THEY WERE REALLY REALLY REALLY REALLY REALLY REALLY REALLY REALLY REALLY REALLY REALLY REALL REALLY REALLY TIRED AFTER THE LONG JOURNEY
llasa1b,wr_really_t6_k24,0,word_rep,t6,24,24,31,really,9,40.96,0,0.17844074964523315,0.012187514454126358,6.25e-05,0.6768169403076172,2048,True,13,75.36,0.5435244161358811,False,13,loop,0,THEY WERE REALLYLRA IN THE TIT IT TEETEN ENTEETECOEN
llasa1b,wr_really_t6_k24,1,word_rep,t6,24,24,31,really,1,30.08,0,7.315477705560625e-05,0.06713365018367767,0.0075,0.31759241223335266,1504,False,10,75.36,0.39915074309978765,False,10,empty,0,BE
llasa1b,wr_really_t6_k24,2,word_rep,t6,24,24,31,really,24,33.96,15,0.04168218374252319,0.014468716457486153,6.25e-05,0.6173862814903259,1698,False,11,75.36,0.45063694267515925,False,15,truncation,0,THERE WERE REALLY REALLY REALLY REALLY REALLY REALLY REALLY REALLY REALLY REALL REALLY REALLY REALLY REALLY REALLY REALLY REALL EASY THE TET    A  TTIT
llasa1b,wr_really_t6_k32,0,word_rep,t6,32,32,39,really,5,40.96,3,0.03181382268667221,0.04956415295600891,17.8574375,0.542823851108551,2048,True,13,100.48,0.4076433121019108,False,13,loop,0,THEY WERE REALLY REALLY REALLY
llasa1b,wr_really_t6_k32,1,word_rep,t6,32,32,39,really,8,27.12,6,0.016115600243210793,0.012429019436240196,9.207875,0.45741111040115356,1356,False,9,100.48,0.26990445859872614,True,6,truncation,0,THEY WERE REALLY REALLY REALLY REALLY REALLY REALLY
llasa1b,wr_really_t6_k32,2,word_rep,t6,32,32,39,really,0,40.96,0,2.5283809009124525e-05,0.07838613539934158,6.25e-05,0.005494952201843262,2048,True,13,100.48,0.4076433121019108,False,13,empty,0,
llasa1b,wr_very_t1_k01,0,word_rep,t1,1,1,11,very,11,5.3,0,0.07504286617040634,0.00048248792882077396,0.005875,0.38031724095344543,265,False,0,7.473333333333334,0.7091882247992863,True,0,undercount,0,THE DOLL WAS THERE DEAD AND IT RAN ACROSS THE FELD
llasa1b,wr_very_t1_k01,1,word_rep,t1,1,1,11,very,10,33.28,0,0.0011873109033331275,0.006739848293364048,6.25e-05,0.12623678147792816,1664,False,33,7.473333333333334,4.453166815343443,False,33,loop,0,I E E E  EE THE TALBE OF  E THAT
llasa1b,wr_very_t1_k01,2,word_rep,t1,1,1,11,very,11,4.6,1,0.023798363283276558,0.009283707477152348,6.25e-05,0.16292166709899902,230,False,0,7.473333333333334,0.615521855486173,True,1,truncation,0,THE DOG WAS VERY BIG AND I RAN ACROSS THE FIELD
llasa1b,wr_very_t1_k02,0,word_rep,t1,2,2,12,very,10,5.42,0,0.0060246288776397705,0.005156408529728651,6.25e-05,0.31596383452415466,271,False,0,8.273333333333333,0.6551168412570507,True,0,truncation,0,THE DOUBT WAS NEER GA BII  TE HAT OF AST
llasa1b,wr_very_t1_k02,1,word_rep,t1,2,2,12,very,12,14.02,2,0.02803163416683674,0.024272935464978218,6.65975,0.4349105954170227,701,False,9,8.273333333333333,1.6946011281224818,False,9,loop,0,A THO WAS VERY VERY GOOD AND A I POSSED TE FELD
llasa1b,wr_very_t1_k02,2,word_rep,t1,2,2,12,very,12,4.7,1,0.06545896083116531,0.00883148517459631,6.25e-05,0.10586491972208023,235,False,0,8.273333333333333,0.5680902497985496,True,1,truncation,0,THE DOG WAS VERY VA BAIN AND IT RAN ACROSS THE FIELD
llasa1b,wr_very_t1_k03,0,word_rep,t1,3,3,13,very,12,6.2,3,0.05315415933728218,0.00023819894704502076,0.0015,0.31051191687583923,310,False,0,9.073333333333332,0.6833210874357092,False,3,truncation,0,THE DOG WAS VERY VERY VERY DEAD AND ANT HAD TO FAT
llasa1b,wr_very_t1_k03,1,word_rep,t1,3,3,13,very,6,40.96,0,0.03221619874238968,0.03460799902677536,32.2696875,0.23498141765594482,2048,True,43,9.073333333333332,4.514327700220427,False,43,loop,0,THE DOG WASN'T AN AN
llasa1b,wr_very_t1_k03,2,word_rep,t1,3,3,13,very,9,6.0,1,0.039532192051410675,0.00817461870610714,6.25e-05,0.1586587280035019,300,False,0,9.073333333333332,0.6612784717119765,True,1,truncation,0,THE DOG WAS VERY AA AN AND ANAFOSAN ILL
llasa1b,wr_very_t1_k04,0,word_rep,t1,4,4,14,very,13,8.64,1,0.06226808950304985,0.0008299276232719421,6.25e-05,0.25128158926963806,432,False,2,9.873333333333331,0.8750844024307902,True,1,undercount,0,THE DOG WAS VERY VE VE DAGDIG AND ET ALLY PAUSED TO TIG
llasa1b,wr_very_t1_k04,1,word_rep,t1,4,4,14,very,3,40.96,0,0.01025837566703558,0.027794551104307175,25.19525,0.4023415148258209,2048,True,43,9.873333333333331,4.148548278190413,False,43,loop,0,TEN T AND
llasa1b,wr_very_t1_k04,2,word_rep,t1,4,4,14,very,14,6.86,0,0.058160122483968735,0.005263013765215874,0.0565625,0.18520350754261017,343,False,0,9.873333333333331,0.6948008102633357,True,0,truncation,0,THE DOG WAS BERYN VANT BAN TAN BAG AND IT RAN ACROSS THE BANK
llasa1b,wr_very_t1_k06,0,word_rep,t1,6,6,16,very,13,10.08,0,0.09748361259698868,0.03910345584154129,0.9565625,0.44632285833358765,504,False,4,11.473333333333331,0.8785589773387568,False,4,undercount,0,THE DOG WAS NE TA TA A A BANG ALA COS TE FIL
llasa1b,wr_very_t1_k06,1,word_rep,t1,6,6,16,very,5,40.96,0,0.03349648416042328,0.01487948838621378,30.4231875,0.4228091835975647,2048,True,43,11.473333333333331,3.570017431725742,False,43,loop,0,UTHE DRIVE WAS BANK AHEAD
llasa1b,wr_very_t1_k06,2,word_rep,t1,6,6,16,very,16,7.44,6,0.051278289407491684,0.010992609895765781,0.2985625,0.4365648031234741,372,False,1,11.473333333333331,0.6484601975595585,False,6,truncation,0,THE DOG WAS VERY VERY VERY VERY VERY VERY BIG AND IT RAN ACROSS THE FIELD
llasa1b,wr_very_t1_k08,0,word_rep,t1,8,8,18,very,6,40.96,3,0.02154795452952385,0.001910163089632988,26.9764375,0.7249456644058228,2048,True,43,13.07333333333333,3.1330953595104547,False,43,loop,0,THE DOG WAS VERY VERY VERY
llasa1b,wr_very_t1_k08,1,word_rep,t1,8,8,18,very,16,9.02,2,0.03789415583014488,0.011081543751060963,0.1559375,0.17587406933307648,451,False,3,13.07333333333333,0.6899541050484448,True,2,truncation,0,THE DOG WAS VERY VERY VER TERY ER TA TA TA TI AN ADANCE THE FOOD
llasa1b,wr_very_t1_k08,2,word_rep,t1,8,8,18,very,17,10.58,7,0.049740616232156754,0.02583468332886696,0.29,0.19656941294670105,529,False,5,13.07333333333333,0.8092809790923,False,7,undercount,0,THE DOG WAS VERY VERY VERY VERY VERY VERY VERY BIG AND IT RAN ACROSS THE FIELD
llasa1b,wr_very_t1_k12,0,word_rep,t1,12,12,22,very,8,25.06,2,0.15372991561889648,0.024139799177646637,3.3044375,0.7939096689224243,1253,False,23,16.273333333333326,1.539942646456371,False,23,undercount,0,THE DOG WAS VERY VERRRY VER VERY  VERI
llasa1b,wr_very_t1_k12,1,word_rep,t1,12,12,22,very,21,16.52,11,0.024934181943535805,0.013393905945122242,1.0416875,0.5621480941772461,826,False,12,16.273333333333326,1.015157722244982,True,11,undercount,0,THE DOG WAS VERY VERY VERY VERY VERY VERY VERY VERY VERY VERY VERY BIG AND IT RAN ACROSS THE FIELD
llasa1b,wr_very_t1_k12,2,word_rep,t1,12,12,22,very,15,17.02,12,0.028137462213635445,0.01782810501754284,4.7073125,0.6765247583389282,851,False,13,16.273333333333326,1.0458828349037284,True,12,correct,1,THE DOG WAS VERY VERY VERY VERY VERY VERY VERY VERY VERY VERY VERY VERY
llasa1b,wr_very_t1_k16,0,word_rep,t1,16,16,26,very,4,24.62,0,0.07338879257440567,0.01133161410689354,2.501125,0.542702317237854,1231,False,22,19.47333333333333,1.2642930503252314,False,22,undercount,0,THE DOG WAS VERYVERRY
llasa1b,wr_very_t1_k16,1,word_rep,t1,16,16,26,very,10,23.88,6,0.05950046330690384,0.00576154887676239,3.195625,0.37707674503326416,1194,False,22,19.47333333333333,1.2262923656282096,False,22,undercount,0,THE DOG WAS VERY VERY  VERY VERY VERY VERY VER
llasa1b,wr_very_t1_k16,2,word_rep,t1,16,16,26,very,21,26.64,18,0.025189092382788658,0.032047372311353683,5.5573125,0.5594159364700317,1332,False,25,19.47333333333333,1.3680246490927768,False,25,overcount,0,THE DOG WAS VERY VERY VERY VERY VERY VERY VERY VERY VERY VERY VERY VERY VERY VERY VERY VERY VERY VERY
llasa1b,wr_very_t1_k24,0,word_rep,t1,24,24,34,very,26,23.56,23,0.13242878019809723,0.026341520249843597,0.8458125,0.6073760390281677,1178,False,21,25.87333333333332,0.9105900541097659,True,23,undercount,0,THE DOG WAS VERY VERY VERY VERY VERY VERY VERY VERY VERY VERY VERY VERY VERY VERY VERY VERY VERY VERY VERY VERY VERY VERY VERY
llasa1b,wr_very_t1_k24,1,word_rep,t1,24,24,34,very,32,40.96,21,0.023603292182087898,0.01705513894557953,25.181625,0.663445234298706,2048,True,43,25.87333333333332,1.5830971399123945,False,43,loop,0,THE DOG WAS VERY VERY VERY VERY VERY VERY VERY VERY VERY VERY VERY VERY VER VERY VERY VERY VERY VERY VERY VERY VERY VERY BIG AND IT RAN ACROSS THE FIELD
llasa1b,wr_very_t1_k24,2,word_rep,t1,24,24,34,very,31,40.96,23,0.024901345372200012,0.006747175008058548,0.0045625,0.6062373518943787,2048,True,43,25.87333333333332,1.5830971399123945,False,43,loop,0,THE DOLL WAS VERY VERY VERY VERY VERY VERY VERY VERY VERY VERY VERY VERY VERY VERY  VERY VERY VERY VERY VERY VERY VERY VERY VER ERY VERY VR VE SAD
llasa1b,wr_very_t1_k32,0,word_rep,t1,32,32,42,very,40,21.56,24,0.14329351484775543,0.02276107668876648,0.243,0.599403440952301,1078,False,19,32.27333333333332,0.6680437926048339,False,24,truncation,0,THE DOG WAS VERY VERY VERY VERY VERY VERY VERY VERY VERY VERY VERY VERY VERY ERY VERY VER VER VERY VERY VERY VER VERY VRY ERY VERY ERY VERY VERY VER VRY VERY ERY VRY VERY VERY FERY FEIRY
llasa1b,wr_very_t1_k32,1,word_rep,t1,32,32,42,very,12,26.58,8,0.07656200230121613,0.021953634917736053,2.8595,0.25712108612060547,1329,False,25,32.27333333333332,0.8235901673208018,False,25,undercount,0,THE DOG WAS VERY VERY VERY VERY VERY VERY VERY VERY VER
llasa1b,wr_very_t1_k32,2,word_rep,t1,32,32,42,very,8,29.24,5,0.028616778552532196,0.005918597802519798,4.0100625,0.44584032893180847,1462,False,28,32.27333333333332,0.9060111547200995,False,28,undercount,0,THE DOG WAS VERY VERY VERY VERY VERY
llasa3b,ct_blue_t4_k02,0,control_word,t4,2,2,9,blue,8,3.48,1,0.008811160922050476,0.05764439329504967,0.010125,0.26826146245002747,174,False,3,2.48,1.403225806451613,False,3,undercount,0,THE LIGHT WAS GREEN BRIGT AFO E STANA
llasa3b,ct_blue_t4_k02,1,control_word,t4,2,2,9,blue,9,6.24,0,0.00243960740044713,0.050515953451395035,0.33725,0.14343339204788208,312,False,5,2.48,2.5161290322580645,False,5,loop,0,THE LIGHT WAS PULING RAT WITHON A STA I
llasa3b,ct_blue_t4_k02,2,control_word,t4,2,2,9,blue,9,4.82,0,0.006466464139521122,0.05362839251756668,0.0215625,0.1207750216126442,241,False,4,2.48,1.9435483870967742,False,4,loop,0,THE LIGHT WAS ON WID UPO THE FAM OD
llasa3b,ct_blue_t4_k03,0,control_word,t4,3,3,10,blue,12,3.72,3,0.054401300847530365,0.0654570460319519,0.4184375,0.2132432907819748,186,False,3,3.7199999999999998,1.0000000000000002,True,3,correct,1,THE LIGHT WAS GREEN BRIGHT PALE IN FRONT OF THE STRONG AKT
llasa3b,ct_blue_t4_k03,1,control_word,t4,3,3,10,blue,12,40.96,0,0.0004769537190441042,0.028859687969088554,6.25e-05,0.3712333142757416,2048,True,33,3.7199999999999998,11.010752688172044,False,33,empty,0,A I A TAT AT A AT A A  I A  A
llasa3b,ct_blue_t4_k03,2,control_word,t4,3,3,10,blue,9,6.98,0,0.02501019835472107,0.004658901132643223,6.25e-05,0.27532655000686646,349,False,6,3.7199999999999998,1.8763440860215057,False,6,loop,0,THE LIGHT AS O BAK OF THE FOGES FAO
llasa3b,ct_blue_t4_k04,0,control_word,t4,4,4,11,blue,0,40.96,0,2.26664178626379e-05,0.03790852427482605,6.25e-05,3.959554760513129e-06,2048,True,33,4.96,8.258064516129032,False,33,empty,0,
llasa3b,ct_blue_t4_k04,1,control_word,t4,4,4,11,blue,11,6.92,1,0.0928448736667633,0.02798389457166195,0.1431875,0.12298708409070969,346,False,6,4.96,1.3951612903225807,False,6,undercount,0,TE WORIT WAS CAN BLACK PALE GIN BEFORE THE STORM LIVED
llasa3b,ct_blue_t4_k04,2,control_word,t4,4,4,11,blue,11,9.26,0,0.058898624032735825,0.0009132481063716114,6.25e-05,0.17567427456378937,463,False,7,4.96,1.8669354838709677,False,7,loop,0,THE NIGHT WAS CEN BAK FE BOO BEFOR THE SWO O
llasa3b,ct_blue_t4_k06,0,control_word,t4,6,6,13,blue,0,40.96,0,2.275617589475587e-05,0.07763911038637161,6.25e-05,2.861954953914392e-06,2048,True,33,7.4399999999999995,5.505376344086022,False,33,empty,0,
llasa3b,ct_blue_t4_k06,1,control_word,t4,6,6,13,blue,13,8.02,0,0.10805949568748474,0.029915325343608856,0.445,0.3259328007698059,401,False,6,7.4399999999999995,1.0779569892473118,False,6,undercount,0,THE LORD WAS I BUCH PAL DE ON CAT BEFOR THE STOM OF
llasa3b,ct_blue_t4_k06,2,control_word,t4,6,6,13,blue,1,11.86,0,0.019154643639922142,0.0011342744110152125,6.25e-05,0.3435884118080139,593,False,10,7.4399999999999995,1.5940860215053765,False,10,undercount,0,BOAAA
llasa3b,ct_blue_t4_k08,0,control_word,t4,8,8,15,blue,15,8.28,8,0.03967896103858948,0.024288251996040344,6.25e-05,0.22500844299793243,414,False,7,9.92,0.8346774193548386,True,8,correct,1,THE LIGHT WAS GREEN BRIGHT PALE DIM WARM COLD SHARP SOFT BEFORE THE STORM ARRIVED
llasa3b,ct_blue_t4_k08,1,control_word,t4,8,8,15,blue,15,8.3,8,0.05617357790470123,0.08577248454093933,0.83525,0.17308089137077332,415,False,7,9.92,0.8366935483870969,True,8,correct,1,THE LIGHT WAS GREEN BRIGHT PALE DIM WARM COLD SHARP SOFT BEFORE THE STORM ARRIVED
llasa3b,ct_blue_t4_k08,2,control_word,t4,8,8,15,blue,15,8.36,8,0.030481532216072083,0.07465183734893799,0.6729375,0.20308561623096466,418,False,7,9.92,0.8427419354838709,True,8,correct,1,THE LIGHT WAS GREEN BRIGHT PALE DIM WARM COLD SHARP SOFT BEFORE THE STORM ARRIVED
llasa3b,ct_blue_t4_k12,0,control_word,t4,12,12,19,blue,19,9.5,12,0.035468317568302155,0.08313298970460892,6.25e-05,0.1758279949426651,475,False,8,14.879999999999999,0.6384408602150538,False,12,truncation,0,THE LIGHT WAS GREEN BRIGHT PALE DIM WARM COLD SHARP SOFT GREEN BRIGHT PALE DIM BEFORE THE STORM ARRIVED
llasa3b,ct_blue_t4_k12,1,control_word,t4,12,12,19,blue,19,9.3,12,0.05361776426434517,0.04300316050648689,1.062,0.22108836472034454,465,False,8,14.879999999999999,0.6250000000000001,False,12,truncation,0,THE LIGHT WAS GREEN BRIGHT PALE DIM WARM COLD SHARP SOFT GREEN BRIGHT PALE DIM BEFORE THE STORM ARRIVED
llasa3b,ct_blue_t4_k12,2,control_word,t4,12,12,19,blue,19,14.56,12,0.03750470653176308,0.05335156247019768,0.44925,0.33864185214042664,728,False,12,14.879999999999999,0.9784946236559141,True,12,correct,1,THE LIGHT WAS GREEN BRIGHT PALE DIM WARM COLD SHARP SOFT GREEN BRIGHT PALE DIM BEFORE THE STORM ARRIVED
llasa3b,ct_blue_t4_k16,0,control_word,t4,16,16,23,blue,23,13.94,16,0.0349736288189888,0.06071411818265915,6.25e-05,0.367837131023407,697,False,11,19.84,0.7026209677419355,False,16,correct,1,THE LIGHT WAS GREEN BRIGHT PALE DIM WARM COLD SHARP SOFT GREEN BRIGHT PALE DIM WARM COLD SHARP SOFT BEFORE THE STORM ARRIVED
llasa3b,ct_blue_t4_k16,1,control_word,t4,16,16,23,blue,23,11.68,16,0.02563360333442688,0.1155698373913765,0.785875,0.20902752876281738,584,False,9,19.84,0.5887096774193549,False,16,truncation,0,THE LIGHT WAS GREEN BRIGHT PALE DIM WARM COLD SHARP SOFT GREEN BRIGHT PALE DIM WARM COLD SHARP SOFT BEFORE THE STORM ARRIVED
llasa3b,ct_blue_t4_k16,2,control_word,t4,16,16,23,blue,23,13.34,16,0.027532972395420074,0.023092860355973244,0.014,0.2548031508922577,667,False,11,19.84,0.6723790322580645,False,16,truncation,0,THE LIGHT WAS GREEN BRIGHT PALE DIM WARM COLD SHARP SOFT GREEN BRIGHT PALE DIM WARM COLD SHARP SOFT BEFORE THE STORM ARRIVED
llasa3b,ct_blue_t4_k24,0,control_word,t4,24,24,31,blue,31,17.72,24,0.022506194189190865,0.11002148687839508,0.594875,0.22756046056747437,886,False,14,29.759999999999998,0.5954301075268817,False,24,truncation,0,THE LIGHT WAS GREEN BRIGHT PALE DIM WARM COLD SHARP SOFT GREEN BRIGHT PALE DIM WARM COLD SHARP SOFT GREEN BRIGHT PALE DIM WARM COLD SHARP SOFT BEFORE THE STORM ARRIVED
llasa3b,ct_blue_t4_k24,1,control_word,t4,24,24,31,blue,31,24.36,24,0.021565483883023262,0.06060932204127312,0.067125,0.4040035903453827,1218,False,20,29.759999999999998,0.8185483870967742,False,24,correct,1,THE LIGHT WAS GREEN BRIGHT PALE DIM WARM COLD SHARP SOFT GREEN BRIGHT PALE DIM WARM COLD SHARP SOFT GREEN BRIGHT PALE DIM WARM COLD SHARP SOFT BEFORE THE STORM ARRIVED
llasa3b,ct_blue_t4_k24,2,control_word,t4,24,24,31,blue,31,14.7,24,0.03531752526760101,0.09884927421808243,0.440125,0.21008966863155365,735,False,12,29.759999999999998,0.4939516129032258,False,24,truncation,0,THE LIGHT WAS GREEN BRIGHT PALE DIM WARM COLD SHARP SOFT GREEN BRIGHT PALE DIM WARM COLD SHARP SOFT GREEN BRIGHT PALE DIM WARM COLD SHARP SOFT BEFORE THE STORM ARRIVED
llasa3b,ct_blue_t4_k32,0,control_word,t4,32,32,39,blue,39,19.48,32,0.05643036589026451,0.027883749455213547,0.0075625,0.34678614139556885,974,False,16,39.68,0.49092741935483875,False,32,truncation,0,THE LIGHT WAS GREEN BRIGHT PALE DIM WARM COLD SHARP SOFT GREEN BRIGHT PALE DIM WARM COLD SHARP SOFT GREEN BRIGHT PALE DIM WARM COLD SHARP SOFT GREEN BRIGHT PALE DIM WARM COLD SHARP SOFT BEFORE THE STORM ARRIVED
llasa3b,ct_blue_t4_k32,1,control_word,t4,32,32,39,blue,47,20.46,32,0.022497177124023438,0.050150059163570404,0.005125,0.3152381181716919,1023,False,16,39.68,0.515625,False,32,truncation,0,THE LIGHT WAS GREEN BRIGHT PALE DIM WARM COLD SHARP SOFT GREEN BRIGHT PALE DIM WARM COLD SHARP SOFT GREEN BRIGHT PALE DIM WRM COLD SHARP SOFT GREEN BRIGHT PALE DIM WARM COLD SHARP SOFT GREEN BRIGHT PALE DIM WARM COLD SHARP SOFT BEFORE THE STORM ARRIVED
llasa3b,ct_blue_t4_k32,2,control_word,t4,32,32,39,blue,40,27.4,32,0.06415542215108871,0.02599550224840641,0.7994375,0.3400038778781891,1370,False,22,39.68,0.690524193548387,False,32,truncation,0,THE LIGHT WAS GREEN BRIGHT PALE DIM WARM COLD SHARP SOFT GREEN BRIGHT PALE DIM WARM COLD SHARP SOFT GREEN BRIGHT PALE DIM WARM COLD SHARP SOFT GREEN BRIGHT PALE DIM WARM COLD SHARP SOFT BE BEFORE THE STORM ARRIVED
llasa3b,ct_far_t3_k02,0,control_word,t3,2,2,10,far,10,4.48,2,0.10045235604047775,0.07412581890821457,1.1419375,0.20930567383766174,224,False,2,5.12,0.8750000000000001,True,2,correct,1,HE WALKED DEEP FAST INTO THE FOREST BE FORE TAINNAC
llasa3b,ct_far_t3_k02,1,control_word,t3,2,2,10,far,10,6.64,2,0.09184197336435318,0.03270505368709564,0.44425,0.20369970798492432,332,False,3,5.12,1.296875,True,2,correct,1,HE WALKED DEEP FAST INTO THE FOREST BEFORE CHIING BACK
llasa3b,ct_far_t3_k02,2,control_word,t3,2,2,10,far,10,4.24,2,0.09131783246994019,0.03683025762438774,0.6943125,0.17658141255378723,212,False,2,5.12,0.828125,True,2,correct,1,HE WALKED DEEP FAST INTO THE FOREST BEFORE TURNING THAT
llasa3b,ct_far_t3_k03,0,control_word,t3,3,3,11,far,1,40.96,0,5.513999713002704e-05,0.04749802500009537,0.002125,0.007926181890070438,2048,True,16,7.68,5.333333333333334,False,16,empty,0,ANND
llasa3b,ct_far_t3_k03,1,control_word,t3,3,3,11,far,13,21.28,1,0.06998177617788315,0.006306231487542391,0.0924375,0.2503376603126526,1064,False,8,7.68,2.7708333333333335,False,8,loop,0,HE WARKED EEP FAST LOD INTO THE FOREST BEFORE BENING DARK ET WITH
llasa3b,ct_far_t3_k03,2,control_word,t3,3,3,11,far,0,12.14,0,0.01982351578772068,0.0004331395321059972,0.0605,0.47455865144729614,607,False,5,7.68,1.5807291666666667,False,5,degenerate,0,
llasa3b,ct_far_t3_k04,0,control_word,t3,4,4,12,far,12,7.76,1,0.07517217099666595,0.04153795540332794,0.7646875,0.21235594153404236,388,False,3,10.24,0.7578125,False,3,undercount,0,HE WALKED DIP FAST ONG WARD INTO THE FOREST BEFORE TURNING BACK
llasa3b,ct_far_t3_k04,1,control_word,t3,4,4,12,far,14,40.96,0,0.0009824339067563415,0.02471812441945076,6.25e-05,0.019293952733278275,2048,True,16,10.24,4.0,False,16,empty,0,EA O APE  O OT O O OO O O NA NAA A NO
llasa3b,ct_far_t3_k04,2,control_word,t3,4,4,12,far,3,40.96,0,0.008829381316900253,0.0004398488672450185,6.25e-05,0.7061769366264343,2048,True,16,10.24,4.0,False,16,loop,0,THE NEN TET
llasa3b,ct_far_t3_k06,0,control_word,t3,6,6,14,far,14,11.1,6,0.03336147591471672,0.06301050633192062,0.5884375,0.22430753707885742,555,False,4,15.36,0.72265625,False,6,correct,1,HE WALKED DEEP FAST LONG WIDE HIGH LOW INTO THE FOREST BEFORE TURNING BACK
llasa3b,ct_far_t3_k06,1,control_word,t3,6,6,14,far,10,8.02,2,0.0823892205953598,0.02864213101565838,0.471375,0.16323962807655334,401,False,3,15.36,0.5221354166666666,True,2,truncation,0,HE WALKED DEEP FAST YRITRAO INTO THE FOREST BEFORE KALBEK
llasa3b,ct_far_t3_k06,2,control_word,t3,6,6,14,far,14,7.42,6,0.044639505445957184,0.07540148496627808,0.5228125,0.32438287138938904,371,False,3,15.36,0.4830729166666667,False,6,truncation,0,HE WALKED DEEP FAST LONG WIDE HIGH LOW INTO THE FOREST BEFORE TURNING BACK
llasa3b,ct_far_t3_k08,0,control_word,t3,8,8,16,far,16,9.2,8,0.03356380760669708,0.07932661473751068,0.748375,0.3314466178417206,460,False,4,20.48,0.44921874999999994,False,8,truncation,0,HE WALKED DEEP FAST LONG WIDE HIGH LOW NEAR PAST INTO THE FOREST BEFORE TURNING BACK
llasa3b,ct_far_t3_k08,1,control_word,t3,8,8,16,far,16,7.78,8,0.0302715003490448,0.06835151463747025,0.749375,0.3759722411632538,389,False,3,20.48,0.3798828125,False,8,truncation,0,HE WALKED DEEP FAST LONG WIDE HIGH LOW NEAR PAST INTO THE FOREST BEFORE TURNING BACK
llasa3b,ct_far_t3_k08,2,control_word,t3,8,8,16,far,16,8.66,7,0.023487532511353493,0.08269500732421875,0.870625,0.14139072597026825,433,False,3,20.48,0.4228515625,False,7,truncation,0,HE WALKED DEEP FAST LONG WIDE HIGH LOW NEAR PASET INTO THE FOREST BEFORE TURNING BACK
llasa3b,ct_far_t3_k12,0,control_word,t3,12,12,20,far,20,10.68,11,0.037759095430374146,0.08123666048049927,0.6271875,0.2333919256925583,534,False,4,30.72,0.34765625,False,11,truncation,0,HE WALKED DEEP FAST LONG WIDE HIGH LOW NEAR PAS DEEP FAST LONG WIDE INTO THE FOREST BEFORE TURNING BACK
llasa3b,ct_far_t3_k12,1,control_word,t3,12,12,20,far,20,9.8,11,0.029079260304570198,0.07302314788103104,0.4468125,0.32006028294563293,490,False,4,30.72,0.3190104166666667,False,11,truncation,0,HE WALKED DEEP FAST LONG WIDE HIGH LOW NEAR PAS DEEP FAST LONG WIDE INTO THE FOREST BEFORE TURNING BACK
llasa3b,ct_far_t3_k12,2,control_word,t3,12,12,20,far,20,9.92,11,0.026619654148817062,0.07412159442901611,0.741875,0.17739559710025787,496,False,4,30.72,0.3229166666666667,False,11,truncation,0,HE WALKED DEEP FAST LONG WIDE HIGH LOW NEAR PAS DEEP FAST LONG WIDE INTO THE FOREST BEFORE TURNING BACK
llasa3b,ct_far_t3_k16,0,control_word,t3,16,16,24,far,24,13.26,14,0.036664921790361404,0.06933014839887619,1.042,0.21828116476535797,663,False,5,40.96,0.32373046875,False,14,truncation,0,HE WALKED DEEP FAST LONG WIDE HIGH LOW NEAR PAS DEEP FAST LONG WIDE HIGH LOW NEAR PASED INTO THE FOREST BEFORE TURNING BACK
llasa3b,ct_far_t3_k16,1,control_word,t3,16,16,24,far,24,16.94,16,0.02838059328496456,0.021321332082152367,1.6964375,0.14083097875118256,847,False,7,40.96,0.41357421875,False,16,truncation,0,HE WALKED DEEP FAST LONG WIDE HIGH LOW NEAR PAST DEEP FAST LONG WIDE HIGH LOW NEAR PAST INTO THE FOREST BEFORE TURNING BACK
llasa3b,ct_far_t3_k16,2,control_word,t3,16,16,24,far,24,9.44,8,0.03975901007652283,0.029271787032485008,0.00175,0.30787327885627747,472,False,4,40.96,0.23046874999999997,False,8,truncation,0,HE WALKED DEEP FAST LONG WIDE HIGH LO NEAR PAST DEEP FAST LONG WIDE HIGH LOW NEAR PAST INTO THE FOREST BEFORE TURNING BACK
llasa3b,ct_far_t3_k24,0,control_word,t3,24,24,32,far,32,19.98,24,0.034474294632673264,0.08023783564567566,2.008625,0.2149442434310913,999,False,8,61.44,0.3251953125,False,24,truncation,0,HE WALKED DEEP FAST LONG WIDE HIGH LOW NEAR PAST DEEP FAST LONG WIDE HIGH LOW NEAR PAST DEEP FAST LONG WIDE HIGH LOW NEAR PAST INTO THE FOREST BEFORE TURNING BACK
llasa3b,ct_far_t3_k24,1,control_word,t3,24,24,32,far,33,27.52,23,0.0369219034910202,0.021964676678180695,0.9754375,0.33687007427215576,1376,False,11,61.44,0.4479166666666667,False,23,truncation,0,HE WALKED DEEP FAST LONG WIDE HIGH LOW NEAR PAST DEEP FAST LONG WIDE HIGH LOW NEAR PAST DEEP FAST LONG WIDE HID LOW NEAR PAST INTO THE FOREST BEFOR FOR TURNING BACK
llasa3b,ct_far_t3_k24,2,control_word,t3,24,24,32,far,32,16.28,16,0.031596649438142776,0.05041708052158356,0.5946875,0.38969090580940247,814,False,6,61.44,0.26497395833333337,False,16,truncation,0,HE WALKED DEEP FAST LONG WIDE HIGH LO NEAR PAST DEEP FAST LONG WIDE HIGH LOW NEAR PAST DEEP FAST LONG WIDE HIGH LOW NEAR PAST INTO THE FOREST BEFORE TURNING BACK
llasa3b,ct_far_t3_k32,0,control_word,t3,32,32,40,far,40,21.48,16,0.033300384879112244,0.06963718682527542,0.748875,0.19675526022911072,1074,False,8,81.92,0.26220703125,False,16,truncation,0,HE WALKED DEEP FAST LONG WIDE HIGH LO NEAR PAST DEEP FAST LONG WIDE HIGH LO NEAR PAST DEEP FAST LONG WIDE HIGH LOW NEAR PAST DEEP FAST LONG WIDE HIGH LOW NEAR PAST INTO THE FOREST BEFORE TURNING BACK
llasa3b,ct_far_t3_k32,1,control_word,t3,32,32,40,far,32,36.72,24,0.026044121012091637,0.024192292243242264,0.889625,0.30395859479904175,1836,False,14,81.92,0.4482421875,False,24,truncation,0,HE WALKED DEEP FAST LONG WIDE HIGH LOW NEAR PAST DEEP FAST LONG WIDE HIGH LOW NEAR PAST DEEP FAST LONG WIDE HIGH LOW NEAR PAST INTO THE FOREST BEFORE TURNING BACK
llasa3b,ct_far_t3_k32,2,control_word,t3,32,32,40,far,40,24.36,31,0.037407808005809784,0.05304466560482979,0.995875,0.299945592880249,1218,False,10,81.92,0.29736328125,False,31,truncation,0,HE WALKED DEEP FAST LONG WIDE HIGH LOW NEAR PAST DEEP FAST LONG WIDE HIGH LOW NEAR PAST DEEP FAST LONG WIDE HIGH LOW NEAR PAST DEEP FAST LONG WIDE HIGH LOW NEAR PASE INTO THE FOREST BEFORE TURNING BACK
llasa3b,ct_no_t2_k02,0,control_word,t2,2,2,12,no,11,7.76,1,0.14779438078403473,0.04218393564224243,0.9084375,0.22231313586235046,388,False,3,5.725132482826302,1.3554271492018213,False,3,undercount,0,SHE SAID YES MAKING A COME OFFER A O LEFT DAN
llasa3b,ct_no_t2_k02,1,control_word,t2,2,2,12,no,12,7.28,1,0.09236716479063034,0.03629636764526367,0.590125,0.1882232427597046,364,False,3,5.725132482826302,1.271586294612018,False,3,undercount,0,SHE SAID YES MAR ME TO THEIR OFFER AND THEN LEFT BEOD
llasa3b,ct_no_t2_k02,2,control_word,t2,2,2,12,no,10,5.14,1,0.02059282921254635,0.003501471132040024,6.25e-05,0.22635547816753387,257,False,2,5.725132482826302,0.8977958178991445,True,1,undercount,0,SHE SAID YES TEAGE TO ME OFO A OT TO
llasa3b,ct_no_t2_k03,0,control_word,t2,3,3,13,no,0,40.96,0,2.3239086658577435e-05,0.06406941264867783,6.25e-05,1.4213071608537575e-06,2048,True,23,7.395785083415116,5.5382896525551955,False,23,empty,0,
llasa3b,ct_no_t2_k03,1,control_word,t2,3,3,13,no,14,7.7,1,0.09527957439422607,0.04388289898633957,0.41675,0.2801509499549866,385,False,3,7.395785083415116,1.0411335528485108,False,3,undercount,0,SHE SAID YES NO WO SHORT I TOU OFFER AND TEMIN LEFT THE LAN
llasa3b,ct_no_t2_k03,2,control_word,t2,3,3,13,no,14,5.6,2,0.02565271034836769,0.04540553316473961,0.84875,0.09556547552347183,280,False,2,7.395785083415116,0.7571880384352806,True,2,undercount,0,SHE SAID YES MAY BE SURE TO THE OFFER AND THEN LEFT THE ROOM
llasa3b,ct_no_t2_k04,0,control_word,t2,4,4,14,no,15,5.54,3,0.026605457067489624,0.11354687809944153,0.47025,0.1808730959892273,277,False,2,9.06643768400393,0.6110448439715541,True,3,truncation,0,SHE SAID YES MAY BE SURE FINE TO THE OFFER AND THEN LEFT THE ROOM
llasa3b,ct_no_t2_k04,1,control_word,t2,4,4,14,no,14,9.66,1,0.09681447595357895,0.046422697603702545,0.815125,0.16090665757656097,483,False,4,9.06643768400393,1.0654680853366811,False,4,undercount,0,SHE SAID YES MAGI SHU FA TO THE OFAR AND THEN LEFT TE WOD
llasa3b,ct_no_t2_k04,2,control_word,t2,4,4,14,no,15,6.28,3,0.021792717278003693,0.04230914264917374,0.494,0.1922646015882492,314,False,2,9.06643768400393,0.6926645523720867,True,3,truncation,0,SHE SAID YES NAY BE SURE FINE TO THE OFFER AND THEN LEFT THE ROOM
llasa3b,ct_no_t2_k06,0,control_word,t2,6,6,16,no,18,6.4,4,0.028350312262773514,0.05660320073366165,0.595375,0.212026908993721,320,False,2,12.407742885181559,0.5158069488725024,False,4,truncation,0,SHE SAID YES MAY BE SURE FINE O KA WELL TO THE OFFER AND THEN LEFT THE ROOM
llasa3b,ct_no_t2_k06,1,control_word,t2,6,6,16,no,18,6.1,4,0.041861843317747116,0.04526112973690033,0.35175,0.2363138198852539,305,False,2,12.407742885181559,0.4916284981441038,False,4,truncation,0,SHE SAID YES MAY BE SURE FINE O KA WELL TO THE OFFER AND THEN LEFT THE ROOM
llasa3b,ct_no_t2_k06,2,control_word,t2,6,6,16,no,18,5.92,4,0.04574596509337425,0.03201291337609291,0.4848125,0.21534080803394318,296,False,2,12.407742885181559,0.4771214277070647,False,4,truncation,0,SHE SAID YES MAY BE SURE FINE O KA WELL TO THE OFFER AND THEN LEFT THE ROOM
llasa3b,ct_no_t2_k08,0,control_word,t2,8,8,18,no,18,11.66,4,0.06422202289104462,0.017392873764038086,0.50675,0.176279678940773,583,False,6,15.749048086359188,0.7403622070402555,False,6,undercount,0,SHE SAID YES MAY BE SURE FINE OKA WELL RIGTIN TO THE OFFER AND THEN LEFT THE ROOM
llasa3b,ct_no_t2_k08,1,control_word,t2,8,8,18,no,20,9.96,5,0.12033439427614212,0.04594852402806282,0.2584375,0.3086257874965668,498,False,5,15.749048086359188,0.6324191751390176,True,5,truncation,0,SHE SAID YES MAY BE SURE FINE O CA WELL RIGHT HU TO THE OFFER AND THEN LEFT THE ROOM
llasa3b,ct_no_t2_k08,2,control_word,t2,8,8,18,no,18,6.26,5,0.05029899999499321,0.03847213089466095,0.42675,0.16140097379684448,313,False,2,15.749048086359188,0.3974843410010291,False,5,truncation,0,SHE SAID YES MAYBE SURE FINE O KA WELL WRIGTEN TO THE OFFER AND THEN LEFT THE ROOM
llasa3b,ct_no_t2_k12,0,control_word,t2,12,12,22,no,21,11.5,10,0.03782755509018898,0.05366893485188484,0.7450625,0.21105946600437164,575,False,5,22.431658488714447,0.5126682900323998,False,10,truncation,0,SHE SAID YES MAYBE SURE FINE OKE WELL RIGHT  YES MAYBE SURE FINE TO THE OFFER AND THEN LEFT THE ROOM
llasa3b,ct_no_t2_k12,1,control_word,t2,12,12,22,no,11,40.96,5,0.007618226110935211,0.006002982147037983,25.144625,0.39910197257995605,2048,True,23,22.431658488714447,1.8259907095414865,False,23,loop,0,SHE SAID YES MAY BE SURE FINE O KAY WELL RIGHT
llasa3b,ct_no_t2_k12,2,control_word,t2,12,12,22,no,23,12.3,10,0.03302115947008133,0.053631462156772614,0.3648125,0.21993358433246613,615,False,6,22.431658488714447,0.5483321710781319,False,10,truncation,0,SHE SAID YES MAYBE SURE FINE O KA WELL RIGHT HU YES MAYBE SURE FINE TO THE OFFER AND THEN LEFT THE ROOM
llasa3b,ct_no_t2_k16,0,control_word,t2,16,16,26,no,23,40.96,5,0.12408742308616638,0.09050502628087997,2.439,0.3471822738647461,2048,True,23,29.114268891069706,1.4068702928193317,False,23,loop,0,SHE SAID YES MAYBE SURE FIN DOKE WIL YESMAYBE SURE FINE O KE WELL RIT  TO THE OFFER AND THEN LEFT THE ROO
llasa3b,ct_no_t2_k16,1,control_word,t2,16,16,26,no,4,40.96,2,0.09215513616800308,0.003497666446492076,6.25e-05,0.4078425168991089,2048,True,23,29.114268891069706,1.4068702928193317,False,23,loop,0,SHE SAID YES MAYBE
llasa3b,ct_no_t2_k16,2,control_word,t2,16,16,26,no,9,40.96,2,0.04292717203497887,0.0012843431904911995,6.25e-05,0.3340506851673126,2048,True,23,29.114268891069706,1.4068702928193317,False,23,loop,0,SHE SAID YES MAY BE SURE FIN NOKAY WEL
llasa3b,ct_no_t2_k24,0,control_word,t2,24,24,34,no,18,26.6,3,0.04760592058300972,0.01699354127049446,0.07575,0.3909037411212921,1330,False,14,42.47948969578022,0.6261845467188455,False,14,truncation,0,SHE SAID YES MAYBE SUR FI OQEY WELL WRITYES A TO THE OFFER AND THEN LEFT THE ROOM
llasa3b,ct_no_t2_k24,1,control_word,t2,24,24,34,no,10,40.96,3,0.020087404176592827,0.009356838651001453,6.9051875,0.3863694965839386,2048,True,23,42.47948969578022,0.9642300388572899,False,23,loop,0,SHE SAID YES MAYBE SURR FIIN  YESMAYBE SURR FIN MAYBE
llasa3b,ct_no_t2_k24,2,control_word,t2,24,24,34,no,36,14.14,11,0.05284896492958069,0.018432656303048134,0.200125,0.18997125327587128,707,False,7,42.47948969578022,0.33286652220317575,False,11,truncation,0,SHE SAID YES MAYBE SURE FINE O'KE WELL RIHT FUM YES MAYBE SURE FINE O'KE WELL RIGHT FUM YES MAYBE SURE FINE OKE WELL RIGT FUM TO THE OFFER AND THEN LEFT THE ROOM
llasa3b,ct_no_t2_k32,0,control_word,t2,32,32,42,no,56,25.06,16,0.12119526416063309,0.04941179230809212,0.1780625,0.24795398116111755,1253,False,14,55.844710500490734,0.4487443801822517,True,16,truncation,0,SHE SAID YES MAY BE SURE FINE O KA WELL WRIGTE HE YES MAY BE SURE FINE O KA WELL RITE HE WELL WRIGTE HE YES MAY BE SURE FINE O KA WELL WRIGTE HE WELL WRIGTE HE YES MAY BE SURE FINE O KA WELL WRIGTE HE TO THE OFFER AND THEN LEFT THE ROOM
llasa3b,ct_no_t2_k32,1,control_word,t2,32,32,42,no,17,40.96,3,0.012754066847264767,0.006878249812871218,0.04,0.6558067798614502,2048,True,23,55.844710500490734,0.7334624825325232,False,23,loop,0,SHE SAID YES AMAYBE SURE FIINE OCAY WELL RIGT TO THE OFFER AND THEN  LEFT THE ROUO
llasa3b,ct_no_t2_k32,2,control_word,t2,32,32,42,no,43,24.96,13,0.04563899338245392,0.03042100928723812,1.0103125,0.3294721245765686,1248,False,14,55.844710500490734,0.4469537002932563,True,13,truncation,0,SHE SAID YES MAYBE SURE FINE O KA WELL WRITTEN YES MAY B SRE FINE O K WELL WRITTEN YES MAY BE SURE FINE OKA WELL WRITTEN YES MAY BE SURE FINE OCA WELL WRITTEN TO THE OFFER AND THEN LEFT THE ROOM
llasa3b,ct_quick_t5_k02,0,control_word,t5,2,2,9,quick,9,5.06,1,0.035933058708906174,0.061368413269519806,0.867,0.24851001799106598,253,False,2,5.725132482826302,0.8838223421341773,True,1,undercount,0,THE RUNNER MOVED SWIFT SMALL ALONG A NIL PATH
llasa3b,ct_quick_t5_k02,1,control_word,t5,2,2,9,quick,8,7.02,0,0.0016498278127983212,0.05908203125,1.8866875,0.3368717133998871,351,False,3,5.725132482826302,1.2261724983758744,False,3,undercount,0,AAE OF SMATH SNO O E NARROW PIT
llasa3b,ct_quick_t5_k02,2,control_word,t5,2,2,9,quick,7,40.96,0,0.02825208753347397,0.00016155729827005416,6.25e-05,0.45538467168807983,2048,True,23,5.725132482826302,7.154419591663222,False,23,loop,0,THE BETER YOUR E THE GETER ME
llasa3b,ct_quick_t5_k03,0,control_word,t5,3,3,10,quick,11,6.62,0,0.061031900346279144,0.06405716389417648,0.716625,0.1814849078655243,331,False,3,7.395785083415116,0.8951044311502783,False,3,undercount,0,THE RUNNER MOVED SLAPPED SMOOTHED STADE AND AE TE NARROW PATH
llasa3b,ct_quick_t5_k03,1,control_word,t5,3,3,10,quick,0,40.96,0,0.00045546155888587236,0.004042339976876974,6.25e-05,0.10453198850154877,2048,True,23,7.395785083415116,5.5382896525551955,False,23,empty,0,
llasa3b,ct_quick_t5_k03,2,control_word,t5,3,3,10,quick,0,40.96,0,0.00809845607727766,0.004233515355736017,6.25e-05,0.8965821862220764,2048,True,23,7.395785083415116,5.5382896525551955,False,23,degenerate,0,
llasa3b,ct_quick_t5_k04,0,control_word,t5,4,4,11,quick,11,6.08,2,0.04291745275259018,0.04076758399605751,0.432375,0.22269466519355774,304,False,2,9.06643768400393,0.6706051717232941,True,2,truncation,0,THE RUNNER MOVED SWIFT SMOOTH STADING LIT LONG AN NARROW PATH
llasa3b,ct_quick_t5_k04,1,control_word,t5,4,4,11,quick,11,7.84,3,0.10959193855524063,0.04402140527963638,0.2450625,0.21507909893989563,392,False,3,9.06643768400393,0.8647277214326687,True,3,undercount,0,BE ROONER OVED SWIFT SMOOTH STEADY EYED AI THE NARROW PATH
llasa3b,ct_quick_t5_k04,2,control_word,t5,4,4,11,quick,5,40.96,0,0.138505220413208,0.00017600497812964022,6.25e-05,0.8666216731071472,2048,True,23,9.06643768400393,4.5177611568727185,False,23,loop,0,THE RUNNA RATE A A
llasa3b,ct_quick_t5_k06,0,control_word,t5,6,6,13,quick,13,7.78,6,0.04447536915540695,0.041941482573747635,6.25e-05,0.27688339352607727,389,False,3,12.407742885181559,0.6270278222231358,False,6,truncation,0,THE RUNNER MOVED SWIFT SMOOTH STEADY LIGHT SHARP LOOSE ALONG THE NARROW PATH
llasa3b,ct_quick_t5_k06,1,control_word,t5,6,6,13,quick,14,8.92,3,0.08579406887292862,0.051561515778303146,0.3733125,0.18929466605186462,446,False,4,12.407742885181559,0.7189059349910503,True,3,undercount,0,THE RUR I OVD SWIFT SMOOTH STEPPING OUT SHARP WOSE AWINGS I ALL CO
llasa3b,ct_quick_t5_k06,2,control_word,t5,6,6,13,quick,13,7.4,6,0.040567997843027115,0.026445886120200157,0.9625,0.18784818053245544,370,False,3,12.407742885181559,0.596401784633831,False,6,truncation,0,THE RUNNER MOVED SWIFT SMOOTH STEADY LIGHT SHARP LOOSE ALONG THE NARROW PATH
llasa3b,ct_quick_t5_k08,0,control_word,t5,8,8,15,quick,15,8.08,8,0.021637899801135063,0.046684470027685165,0.8774375,0.2706357538700104,404,False,3,15.749048086359188,0.513046881036472,False,8,truncation,0,THE RUNNER MOVED SWIFT SMOOTH STEADY LIGHT SHARP LOOSE TIGHT CLEAN ALONG THE NARROW PATH
llasa3b,ct_quick_t5_k08,1,control_word,t5,8,8,15,quick,15,10.44,8,0.03824145719408989,0.09601368755102158,2.65175,0.25821956992149353,522,False,5,15.749048086359188,0.6628972076758376,False,8,truncation,0,THE RUNNER MOVED SWIFT SMOOTH STEADY LIGHT SHARP LOOSE TIGHT CLEAN ALONG THE NARROW PATH
llasa3b,ct_quick_t5_k08,2,control_word,t5,8,8,15,quick,15,7.42,8,0.02859281376004219,0.03532912954688072,0.61875,0.23017887771129608,371,False,3,15.749048086359188,0.47113958629834435,False,8,truncation,0,THE RUNNER MOVED SWIFT SMOOTH STEADY LIGHT SHARP LOOSE TIGHT CLEAN ALONG THE NARROW PATH
llasa3b,ct_quick_t5_k12,0,control_word,t5,12,12,19,quick,19,14.08,12,0.03335358574986458,0.08649193495512009,0.9196875,0.25622260570526123,704,False,7,22.431658488714447,0.6276843064048859,False,12,truncation,0,THE RUNNER MOVED SWIFT SMOOTH STEADY LIGHT SHARP LOOSE TIGHT CLEAN SWIFT SMOOTH STEADY LIGHT ALONG THE NARROW PATH
llasa3b,ct_quick_t5_k12,1,control_word,t5,12,12,19,quick,19,12.68,12,0.05195565149188042,0.10437466204166412,1.853125,0.136961430311203,634,False,6,22.431658488714447,0.5652725145748546,False,12,truncation,0,THE RUNNER MOVED SWIFT SMOOTH STEADY LIGHT SHARP LOOSE TIGHT CLEAN SWIFT SMOOTH STEADY LIGHT ALONG THE NARROW PATH
llasa3b,ct_quick_t5_k12,2,control_word,t5,12,12,19,quick,19,9.72,12,0.038450613617897034,0.09571829438209534,0.425375,0.28370222449302673,486,False,4,22.431658488714447,0.4333161547056457,False,12,truncation,0,THE RUNNER MOVES SWIFT SMOOTH STEADY LIGHT SHARP LOOSE TIGHT CLEAN SWIFT SMOOTH STEADY LIGHT ALONG THE NARROW PATH
llasa3b,ct_quick_t5_k16,0,control_word,t5,16,16,23,quick,23,18.8,16,0.03156396001577377,0.08771272003650665,1.3274375,0.28070783615112305,940,False,10,29.114268891069706,0.645731482055748,False,16,truncation,0,THE RUNNER MOVED SWIFT SMOOTH STEADY LIGHT SHARP LOOSE TIGHT CLEAN SWIFT SMOOTH STEADY LIGHT SHARP LOOSE TIGHT CLEAN ALONG THE NARROW PATH
llasa3b,ct_quick_t5_k16,1,control_word,t5,16,16,23,quick,23,13.48,16,0.0676829144358635,0.08226242661476135,1.5014375,0.18225061893463135,674,False,7,29.114268891069706,0.4630032116016746,False,16,truncation,0,THE RUNNER MOVED SWIFT SMOOTH STEADY LIGHT SHARP LOOSE TIGHT CLEAN SWIFT SMOOTH STEADY LIGHT SHARP LOOSE TIGHT CLEAN ALONG THE NARROW PATH
llasa3b,ct_quick_t5_k16,2,control_word,t5,16,16,23,quick,23,10.52,16,0.04537027329206467,0.07563882321119308,0.4258125,0.249306321144104,526,False,5,29.114268891069706,0.3613348505971526,False,16,truncation,0,THE RUNNER MOVED SWIFT SMOOTH STEADY LIGHT SHARP LOOSE TIGHT CLEAN SWIFT SMOOTH STEADY LIGHT SHARP LOOSE TIGHT CLEAN ALONG THE NARROW PATH
llasa3b,ct_quick_t5_k24,0,control_word,t5,24,24,31,quick,31,24.88,24,0.03180025517940521,0.07865848392248154,1.2598125,0.17704986035823822,1244,False,13,42.47948969578022,0.5856944181340178,False,24,truncation,0,THE RUNNER MOVED SWIFT SMOOTH STEADY LIGHT SHARP LOOSE TIGHT CLEAN SWIFT SMOOTH STEADY LIGHT SHARP LOOSE TIGHT CLEAN SWIFT SMOOTH STEADY LIGHT SHARP LOOSE TIGHT CLEAN ALONG THE NARROW PATH
llasa3b,ct_quick_t5_k24,1,control_word,t5,24,24,31,quick,31,20.98,24,0.028738733381032944,0.09545949846506119,4.9954375,0.2570716440677643,1049,False,11,42.47948969578022,0.4938854056451646,False,24,truncation,0,THE RUNNER MOVED SWIFT SMOOTH STEADY LIGHT SHARP LOOSE TIGHT CLEAN SWIFT SMOOTH STEADY LIGHT SHARP LOOSE TIGHT CLEAN SWIFT SMOOTH STEADY LIGHT SHARP LOOSE TIGHT CLEAN ALONG THE NARROW PATH
llasa3b,ct_quick_t5_k24,2,control_word,t5,24,24,31,quick,31,15.58,24,0.056808844208717346,0.07749313861131668,0.461875,0.33422794938087463,779,False,8,42.47948969578022,0.3667652345067523,False,24,truncation,0,THE RUNNER MOVED SWIFT SMOOTH STEADY LIGHT SHARP LOOSE TIGHT CLEAN SWIFT SMOOTH STEADY LIGHT SHARP LOOSE TIGHT CLEAN SWIFT SMOOTH STEADY LIGHT SHARP LOOSE TIGHT CLEAN ALONG THE NARROW PATH
llasa3b,ct_quick_t5_k32,0,control_word,t5,32,32,39,quick,39,23.5,32,0.02353067509829998,0.059671755880117416,0.01,0.14246070384979248,1175,False,13,55.844710500490734,0.4208097739139232,False,32,truncation,0,THE RUNNER MOVED SWIFT SMOOTH STEADY LIGHT SHARP LOOSE TIGHT CLEAN SWIFT SMOOTH STEADY LIGHT SHARP LOOSE TIGHT CLEAN SWIFT SMOOTH STEADY LIGHT SHARP LOOSE TIGHT CLEAN SWIFT SMOOTH STEADY LIGHT SHARP LOOSE TIGHT CLEAN ALONG THE NARROW PATH
llasa3b,ct_quick_t5_k32,1,control_word,t5,32,32,39,quick,39,18.96,32,0.08230821788311005,0.06052232161164284,0.911875,0.25902944803237915,948,False,10,55.844710500490734,0.33951290695353126,False,32,truncation,0,THE RUNNER MOVES SWIFT SMOOTH STEADY LIGHT SHARP LOOSE TIGHT CLEAN SWIFT SMOOTH STEADY LIGHT SHARP LOOSE TIGHT CLEAN SWIFT SMOOTH STEADY LIGHT SHARP LOOSE TIGHT CLEAN SWIFT SMOOTH STEADY LIGHT SHARP LOOSE TIGHT CLEAN ALONG THE NARROW PATH
llasa3b,ct_quick_t5_k32,2,control_word,t5,32,32,39,quick,39,18.96,32,0.02007492072880268,0.05084357038140297,6.25e-05,0.1258552372455597,948,False,10,55.844710500490734,0.33951290695353126,False,32,truncation,0,THE RUNNER MOVED SWIFT SMOOTH STEADY LIGHT SHARP LOOSE TIGHT CLEAN SWIFT SMOOTH STEADY LIGHT SHARP LOOSE TIGHT CLEAN SWIFT SMOOTH STEADY LIGHT SHARP LOOSE TIGHT CLEAN SWIFT SMOOTH STEADY LIGHT SHARP LOOSE TIGHT CLEAN ALONG THE NARROW PATH
llasa3b,ct_really_t6_k02,0,control_word,t6,2,2,9,really,8,4.0,2,0.10959317535161972,0.07631003856658936,0.761625,0.3521314859390259,200,False,3,3.69,1.0840108401084012,True,2,correct,1,THEY WERE TRULY QUITE TIRED AFTER ONG JARNY
llasa3b,ct_really_t6_k02,1,control_word,t6,2,2,9,really,8,6.76,1,0.12428850680589676,0.040331121534109116,0.4200625,0.25701266527175903,338,False,8,3.69,1.8319783197831978,False,8,loop,0,THEY WERE TRULY PINT TIRED OF TAVARON GI
llasa3b,ct_really_t6_k02,2,control_word,t6,2,2,9,really,9,3.38,2,0.05048763379454613,0.07068131864070892,0.4065625,0.23511652648448944,169,False,1,3.69,0.9159891598915989,True,2,correct,1,THEY WERE TRULY QUITE TIRED AFTER THE LONG JOURNEY
llasa3b,ct_really_t6_k03,0,control_word,t6,3,3,10,really,10,3.88,3,0.042363379150629044,0.03005499206483364,6.25e-05,0.16867999732494354,194,False,2,4.170000000000001,0.9304556354916065,True,3,correct,1,THEY WERE TRULY QUITE VERY TIRED AFTER THE LONG JOURNEY
llasa3b,ct_really_t6_k03,1,control_word,t6,3,3,10,really,7,6.24,0,0.12280836701393127,0.030813567340373993,0.2743125,0.2411273866891861,312,False,7,4.170000000000001,1.4964028776978415,False,7,undercount,0,THEY WER DIFONA POT TA TAP OFTESALANGAI
llasa3b,ct_really_t6_k03,2,control_word,t6,3,3,10,really,10,4.46,3,0.03566485643386841,0.06273037940263748,0.71075,0.21964147686958313,223,False,4,4.170000000000001,1.069544364508393,True,3,correct,1,THEY WERE TRULY QUITE VERY TIRED AFTER THE LONG JOURNEY
llasa3b,ct_really_t6_k04,0,control_word,t6,4,4,11,really,12,7.02,1,0.09606724977493286,0.057411082088947296,0.36975,0.2841925024986267,351,False,9,4.650000000000002,1.509677419354838,False,9,undercount,0,THEY WERE TRULY QUIT VERRY NO THEIR KIND AFTER THE LONG JOURNEY
llasa3b,ct_really_t6_k04,1,control_word,t6,4,4,11,really,11,6.54,1,0.14005082845687866,0.025114990770816803,0.4716875,0.4841139018535614,327,False,8,4.650000000000002,1.4064516129032252,False,8,undercount,0,THEY WERE DELY QUITE VER BUT ATTIRED AFTER A LONG JOURNEY
llasa3b,ct_really_t6_k04,2,control_word,t6,4,4,11,really,11,4.24,4,0.03463355079293251,0.07763456553220749,0.543375,0.23080232739448547,212,False,3,4.650000000000002,0.9118279569892469,True,4,correct,1,THEY WERE TRULY QUITE VERY RATHER TIRED AFTER THE LONG JOURNEY
llasa3b,ct_really_t6_k06,0,control_word,t6,6,6,13,really,13,5.6,6,0.041328977793455124,0.08051255345344543,0.7516875,0.28136780858039856,280,False,6,5.610000000000004,0.9982174688057034,True,6,correct,1,THEY WERE TRULY QUITE VERY RATHER DEEPLY CLEARLY TIRED AFTER THE LONG JOURNEY
llasa3b,ct_really_t6_k06,1,control_word,t6,6,6,13,really,13,6.86,6,0.05931393429636955,0.024360358715057373,0.8523125,0.36510005593299866,343,False,9,5.610000000000004,1.2228163992869867,False,9,correct,1,THEY WERE TRULY QUITE VERY RATHER DEEPLY CLEARLY TIRED AFTER THE LONG JOURNEY
llasa3b,ct_really_t6_k06,2,control_word,t6,6,6,13,really,13,5.4,6,0.03309541568160057,0.09596969187259674,0.9975,0.38975101709365845,270,False,6,5.610000000000004,0.9625668449197855,True,6,correct,1,THEY WERE TRULY QUITE VERY RATHER DEEPLY CLEARLY TIRED AFTER THE LONG JOURNEY
llasa3b,ct_really_t6_k08,0,control_word,t6,8,8,15,really,15,7.22,8,0.04713878780603409,0.06084189936518669,1.0735625,0.29315027594566345,361,False,9,6.570000000000006,1.0989345509893444,True,8,correct,1,THEY WERE TRULY QUITE VERY RATHER DEEPLY CLEARLY PLAINLY SURELY TIRED AFTER THE LONG JOURNEY
llasa3b,ct_really_t6_k08,1,control_word,t6,8,8,15,really,15,8.08,8,0.044736191630363464,0.07354404777288437,0.53725,0.18627016246318817,404,False,11,6.570000000000006,1.2298325722983248,False,11,correct,1,THEY WERE TRULY QUITE VERY RATHER DEEPLY CLEARLY PLAINLY SURELY TIRED AFTER THE LONG JOURNEY
llasa3b,ct_really_t6_k08,2,control_word,t6,8,8,15,really,15,8.42,8,0.04696747660636902,0.05552734062075615,6.25e-05,0.21769407391548157,421,False,12,6.570000000000006,1.2815829528158285,False,12,correct,1,THEY WERE TRULY QUITE VERY RATHER DEEPLY CLEARLY PLAINLY SURELY TIRED AFTER THE LONG JOURNEY
llasa3b,ct_really_t6_k12,0,control_word,t6,12,12,19,really,19,10.88,11,0.035938311368227005,0.03851308673620224,6.25e-05,0.24472041428089142,544,False,17,8.490000000000009,1.2815076560659586,False,17,undercount,0,THEY WERE TRULY QUITE VERY RATHER DEEPLY CLEARLY PLAINLY SURELEY TRULY QUITE VERY RATHER TIRED AFTER THE LONG JOURNEY
llasa3b,ct_really_t6_k12,1,control_word,t6,12,12,19,really,19,12.7,12,0.04288305342197418,0.08751864731311798,0.4200625,0.17903421819210052,635,False,21,8.490000000000009,1.4958775029446392,False,21,miscount,0,THEY WERE TRULY QUITE VERY RATHER DEEPLY CLEARLY PLAINLY SURELY TRULY QUITE VERY RATHER TIRED AFTER THE LONG JOURNEY
llasa3b,ct_really_t6_k12,2,control_word,t6,12,12,19,really,19,9.5,12,0.039691392332315445,0.044761594384908676,1.128625,0.14760683476924896,475,False,14,8.490000000000009,1.1189634864546514,False,14,correct,1,THEY WERE TRULY QUITE VERY RATHER DEEPLY CLEARLY PLAINLY SURELY TRULY QUITE VERY RATHER TIRED AFTER THE LONG JOURNEY
llasa3b,ct_really_t6_k16,0,control_word,t6,16,16,23,really,23,14.9,16,0.045665107667446136,0.023642878979444504,1.011125,0.14856497943401337,745,False,25,10.410000000000013,1.4313160422670492,False,25,correct,1,THEY WERE TRULY QUITE VERY RATHER DEEPLY CLEARLY PLAINLY SURELY TRULY QUITE VERY RATHER DEEPLY CLEARLY PLAINLY SURELY TIRED AFTER THE LONG JOURNEY
llasa3b,ct_really_t6_k16,1,control_word,t6,16,16,23,really,23,10.68,16,0.043687038123607635,0.03635791689157486,0.356875,0.30315858125686646,534,False,17,10.410000000000013,1.0259365994236298,True,16,correct,1,THEY WERE TRULY QUITE VERY RATHER DEEPLY CLEARLY PLAINLY SURELY TRULY QUITE VERY RATHER DEEPLY CLEARLY PLAINLY SURELY TIRED AFTER THE LONG JOURNEY
llasa3b,ct_really_t6_k16,2,control_word,t6,16,16,23,really,23,14.26,16,0.03511412814259529,0.06709548830986023,3.596,0.17852360010147095,713,False,24,10.410000000000013,1.369836695485109,False,24,correct,1,THEY WERE TRULY QUITE VERY RATHER DEEPLY CLEARLY PLAINLY SURELY TRULY QUITE VERY RATHER DEEPLY CLEARLY PLAINLY SURELY TIRED AFTER THE LONG JOURNEY
llasa3b,ct_really_t6_k24,0,control_word,t6,24,24,31,really,31,17.08,24,0.056633360683918,0.08832719922065735,1.7533125,0.32072314620018005,854,False,30,14.250000000000021,1.1985964912280682,False,30,correct,1,THEY WERE TRULY QUITE VERY RATHER DEEPLY CLEARLY PLAINLY SURELY TRULY QUITE VERY RATHER DEEPLY CLEARLY PLAINLY SURELY TRULY QUITE VERY RATHER DEEPLY CLEARLY PLAINLY SURELY TIRED AFTER THE LONG JOURNEY
llasa3b,ct_really_t6_k24,1,control_word,t6,24,24,31,really,31,21.48,24,0.0365942046046257,0.051795363426208496,1.4031875,0.19724109768867493,1074,False,39,14.250000000000021,1.5073684210526292,False,39,miscount,0,THEY WERE TRULY QUITE VERY RATHER DEEPLY CLEARLY PLAINLY SURELY TRULY QUITE VERY RATHER DEEPLY CLEARLY PLAINLY SURELY TRULY QUITE VERY RATHER DEEPLY CLEARLY PLAINLY SURELY TIRED AFTER THE LONG JOURNEY
llasa3b,ct_really_t6_k24,2,control_word,t6,24,24,31,really,31,17.94,24,0.08432730287313461,0.024718159809708595,0.5151875,0.1954684853553772,897,False,32,14.250000000000021,1.2589473684210508,False,32,correct,1,THEY WERE TRULY QUITE VERY RATHER DEEPLY CLEARLY PLAINLY SURELY TRULY QUITE VERY RATHER DEEPLY CLEARLY PLAINLY SURELY TRULY QUITE VERY RATHER DEEPLY CLEARLY PLAINLY SURELY TIRED AFTER THE LONG JOURNEY
llasa3b,ct_really_t6_k32,0,control_word,t6,32,32,39,really,39,21.62,31,0.04380270838737488,0.08586765825748444,0.467125,0.36289653182029724,1081,False,39,18.09000000000003,1.1951354339414022,False,39,undercount,0,THEY WERE TRULY QUITE VERY RATHER DEEPLY CLEARLY PLAINLY SURELY TRULY QUITE VERY RATHER DEEPLY CLEARLY PLAINLY SURELY TRULY QUITE VERY RATHER DEEPLY CLEARLY PLAINLY SURELY TRULY QUITE VER RATHER DEEPLY CLEARLY PLAINLY SURELY TIRED AFTER THE LONG JOURNEY
llasa3b,ct_really_t6_k32,1,control_word,t6,32,32,39,really,9,40.96,6,0.031462643295526505,0.002292437944561243,6.25e-05,0.5701573491096497,2048,True,80,18.09000000000003,2.264234383637365,False,80,loop,0,THEY WERE TRULY QUITE VERY RATHER DEEPLY CLEARLY PLAIN
llasa3b,ct_really_t6_k32,2,control_word,t6,32,32,39,really,39,18.3,32,0.05128573626279831,0.05787670612335205,1.1951875,0.2837725579738617,915,False,32,18.09000000000003,1.0116086235489206,True,32,correct,1,THEY WERE TRULY QUITE VERY RATHER DEEPLY CLEARLY PLAINLY SURELY TRULY QUITE VERY RATHER DEEPLY CLEARLY PLAINLY SURELY TRULY QUITE VERY RATHER DEEPLY CLEARLY PLAINLY SURELY TRULY QUITE VERY RATHER DEEPLY CLEARLY PLAINLY SURELY TIRED AFTER THE LONG JOURNEY
llasa3b,ct_very_t1_k02,0,control_word,t1,2,2,12,very,12,3.56,2,0.09957551211118698,0.061404626816511154,0.4053125,0.12389000505208969,178,False,2,3.56,1.0,True,2,correct,1,THE DUP WAS QUITE REALLY BIG AND IT MART US THE FAINT
llasa3b,ct_very_t1_k02,1,control_word,t1,2,2,12,very,12,6.3,0,0.09906546026468277,0.028163358569145203,0.378125,0.19448435306549072,315,False,4,3.56,1.7696629213483146,False,4,loop,0,THE DOOR WAS QUAP O DECK AND AT RAN ACROSS E FIELD
llasa3b,ct_very_t1_k02,2,control_word,t1,2,2,12,very,10,5.72,1,0.09037848562002182,0.01591368019580841,1.223875,0.1640617400407791,286,False,3,3.56,1.6067415730337078,False,3,loop,0,THE DOG WAS QUITE REAGNEG AND A HAN CONSTANT EG
llasa3b,ct_very_t1_k03,0,control_word,t1,3,3,13,very,10,4.7,1,0.07031980901956558,0.059977322816848755,0.539625,0.14611417055130005,235,False,3,5.34,0.8801498127340824,False,3,undercount,0,THE DOG WAS QUITE RALLY TRA AND BIG AND UNAPOSTEFALED
llasa3b,ct_very_t1_k03,1,control_word,t1,3,3,13,very,13,6.76,1,0.11996255069971085,0.034614332020282745,0.349625,0.29482409358024597,338,False,4,5.34,1.2659176029962547,False,4,undercount,0,THE DOG WAS QUITE WILI CHALIG BACK AND AD VI A COSTOF FU
llasa3b,ct_very_t1_k03,2,control_word,t1,3,3,13,very,6,11.24,0,0.016237039119005203,0.0010873853461816907,6.25e-05,0.265414834022522,562,False,6,5.34,2.104868913857678,False,6,loop,0,HE MEN OFO TE FIA FA
llasa3b,ct_very_t1_k04,0,control_word,t1,4,4,14,very,7,7.2,0,0.002447731327265501,0.07324950397014618,0.7871875,0.053223807364702225,360,False,4,7.12,1.0112359550561798,False,4,undercount,0,MEDANLIK A UIT AITE AE O O
llasa3b,ct_very_t1_k04,1,control_word,t1,4,4,14,very,19,40.96,0,0.00035470727016218007,0.033149052411317825,6.25e-05,0.48179399967193604,2048,True,23,7.12,5.752808988764045,False,23,empty,0,TE O  O  O A A AT A OOT T A A O  OAT  A A AT A A
llasa3b,ct_very_t1_k04,2,control_word,t1,4,4,14,very,10,40.96,0,0.04417376592755318,0.0176248699426651,33.88625,0.6966506242752075,2048,True,23,7.12,5.752808988764045,False,23,loop,0,THE DOG WIT FACTY A A E ETER E ETER
llasa3b,ct_very_t1_k06,0,control_word,t1,6,6,16,very,16,7.76,6,0.027379445731639862,0.05123714730143547,6.25e-05,0.23465867340564728,388,False,4,10.68,0.7265917602996255,False,6,correct,1,THE DOG WAS QUITE REALLY TRULY FAIRLY RATHER SOMEWHAT BIG AND IT RAN ACROSS THE FIELD
llasa3b,ct_very_t1_k06,1,control_word,t1,6,6,16,very,16,6.14,6,0.0283145010471344,0.03930119797587395,0.2075,0.16120462119579315,307,False,3,10.68,0.5749063670411985,False,6,truncation,0,THE DOG WAS QUITE REALLY TRULY FAIRLY RATHER SOMEWHAT BIG AND IT RAN ACROSS THE FIELD
llasa3b,ct_very_t1_k06,2,control_word,t1,6,6,16,very,16,7.06,6,0.037067584693431854,0.06137046217918396,0.647875,0.1553422212600708,353,False,4,10.68,0.6610486891385767,False,6,truncation,0,THE DOG WAS QUITE REALLY TRULY FAIRLY RATHER SOMEWHAT BIG AND IT RAN ACROSS THE FIELD
llasa3b,ct_very_t1_k08,0,control_word,t1,8,8,18,very,18,8.22,8,0.0525057390332222,0.06334138661623001,0.6733125,0.16662774980068207,411,False,5,14.24,0.577247191011236,False,8,truncation,0,THE DOG WAS QUITE REALLY TRULY FAIRLY RATHER SOMEWHAT EXTREMELY NOTABLY BIG AND IT RAN ACROSS THE FIELD
llasa3b,ct_very_t1_k08,1,control_word,t1,8,8,18,very,18,8.68,8,0.032526373863220215,0.014042705297470093,0.864125,0.25678008794784546,434,False,5,14.24,0.6095505617977528,False,8,truncation,0,THE DOG WAS QUITE REALLY TRULY FAIRLY RATHER SOMEWHAT EXTREMELY NOTABLY BIG AND IT RAN ACROSS THE FIELD
llasa3b,ct_very_t1_k08,2,control_word,t1,8,8,18,very,18,7.92,8,0.08772269636392593,0.04765109345316887,0.595625,0.22470788657665253,396,False,4,14.24,0.5561797752808989,False,8,truncation,0,THE DOG WAS QUITE REALLY TRULY FAIRLY RATHER SOMEWHAT EXTREMELY NOTABLY BIG AND IT RAN ACROSS THE FIELD
llasa3b,ct_very_t1_k12,0,control_word,t1,12,12,22,very,22,13.26,12,0.04127441346645355,0.0377260185778141,6.25e-05,0.20062942802906036,663,False,7,21.36,0.6207865168539326,False,12,truncation,0,THE DOG WAS QUITE REALLY TRULY FAIRLY RATHER SOMEWHAT EXTREMELY NOTABLY QUITE REALLY TRULY FAIRLY BIG AND IT RAN ACROSS THE FIELD
llasa3b,ct_very_t1_k12,1,control_word,t1,12,12,22,very,22,9.8,12,0.016177969053387642,0.06699016690254211,0.3850625,0.13762594759464264,490,False,6,21.36,0.4588014981273409,False,12,truncation,0,THE DOG WAS QUITE REALLY TRULY FAIRLY RATHER SOMEWHAT EXTREMELY NOTABLY QUITE REALLY TRULY FAIRLY BIG AND IT RAN ACROSS THE FIELD
llasa3b,ct_very_t1_k12,2,control_word,t1,12,12,22,very,22,12.46,12,0.037898432463407516,0.0478285476565361,1.148875,0.2728634476661682,623,False,7,21.36,0.5833333333333334,False,12,truncation,0,THE DOG WAS QUITE REALLY TRULY FAIRLY RATHER SOMEWHAT EXTREMELY NOTABLY QUITE REALLY TRULY FAIRLY BIG AND IT RAN ACROSS THE FIELD
llasa3b,ct_very_t1_k16,0,control_word,t1,16,16,26,very,26,15.2,16,0.036655232310295105,0.061464693397283554,1.040625,0.28996336460113525,760,False,9,28.48,0.5337078651685393,False,16,truncation,0,THE DOG WAS QUITE REALLY TRULY FAIRLY RATHER SOMEWHAT EXTREMELY NOTABLY QUITE REALLY TRULY FAIRLY RATHER SOMEWHAT EXTREMELY NOTABLY BIG AND IT RAN ACROSS THE FIELD
llasa3b,ct_very_t1_k16,1,control_word,t1,16,16,26,very,26,14.08,16,0.02345050871372223,0.06087531894445419,0.3500625,0.16962139308452606,704,False,8,28.48,0.4943820224719101,False,16,truncation,0,THE DOG WAS QUITE REALLY TRULY FAIRLY RATHER SOMEWHAT EXTREMELY NOTABLY QUITE REALLY TRULY FAIRLY RATHER SOMEWHAT EXTREMELY NOTABLY BIG AND IT RAN ACROSS THE FIELD
llasa3b,ct_very_t1_k16,2,control_word,t1,16,16,26,very,26,17.08,16,0.03715907409787178,0.038753993809223175,0.439875,0.18080955743789673,854,False,10,28.48,0.5997191011235954,False,16,truncation,0,THE DOG WAS QUITE REALLY TRULY FAIRLY RATHER SOMEWHAT EXTREMELY NOTABLY QUITE REALLY TRULY FAIRLY RATHER SOMEWHAT EXTREMELY NOTABLY BIG AND IT RAN ACROSS THE FIELD
llasa3b,ct_very_t1_k24,0,control_word,t1,24,24,34,very,34,23.0,24,0.051775239408016205,0.06665204465389252,0.806,0.32423335313796997,1150,False,13,42.72,0.5383895131086143,False,24,truncation,0,THE DOG WAS QUITE REALLY TRULY FAIRLY RATHER SOMEWHAT EXTREMELY NOTABLY QUITE REALLY TRULY FAIRLY RATHER SOMEWHAT EXTREMELY NOTABLY QUITE REALLY TRULY FAIRLY RATHER SOMEWHAT EXTREMELY NOTABLY BIG AND IT RAN ACROSS THE FIELD
llasa3b,ct_very_t1_k24,1,control_word,t1,24,24,34,very,34,24.88,24,0.06705483794212341,0.08639524132013321,0.5779375,0.14537663757801056,1244,False,14,42.72,0.5823970037453183,False,24,truncation,0,THE DOG WAS QUITE REALLY TRULY FAIRLY RATHER SOMEWHAT EXTREMELY NOTABLY QUITE REALLY TRULY FAIRLY RATHER SOMEWHAT EXTREMELY NOTABLY QUITE REALLY TRULY FAIRLY RATHER SOMEWHAT EXTREMELY NOTABLY BIG AND IT RAN ACROSS THE FIELD
llasa3b,ct_very_t1_k24,2,control_word,t1,24,24,34,very,34,20.6,24,0.04647905379533768,0.03920305520296097,0.6748125,0.19636543095111847,1030,False,12,42.72,0.4822097378277154,False,24,truncation,0,THE DOG WAS QUITE REALLY TRULY FAIRLY RATHER SOMEWHAT EXTREMELY NOTABLY QUITE REALLY TRULY FAIRLY RATHER SOMEWHAT EXTREMELY NOTABLY QUITE REALLY TRULY FAIRLY RATHER SOMEWHAT EXTREMELY NOTABLY BIG AND IT RAN ACROSS THE FIELD
llasa3b,ct_very_t1_k32,0,control_word,t1,32,32,42,very,22,40.96,11,0.044414181262254715,0.01575051248073578,0.8018125,0.21859656274318695,2048,True,23,56.96,0.7191011235955056,False,23,loop,0,THE DOG WAS QUITE REALLY TRULY FAIRLY RATHER SOMEWHAT EXTREMELY NOTABLY TRULYR THRATHER SOMEWHAT EXTREMELY NOTABLY AND IT RAN ACROSS THE FIELD
llasa3b,ct_very_t1_k32,1,control_word,t1,32,32,42,very,42,21.68,32,0.03665521368384361,0.071041040122509,0.8138125,0.1698610484600067,1084,False,12,56.96,0.3806179775280899,False,32,truncation,0,THE DOG WAS QUITE REALLY TRULY FAIRLY RATHER SOMEWHAT EXTREMELY NOTABLY QUITE REALLY TRULY FAIRLY RATHER SOMEWHAT EXTREMELY NOTABLY QUITE REALLY TRULY FAIRLY RATHER SOMEWHAT EXTREMELY NOTABLY QUITE REALLY TRULY FAIRLY RATHER SOMEWHAT EXTREMELY NOTABLY BIG AND IT RAN ACROSS THE FIELD
llasa3b,ct_very_t1_k32,2,control_word,t1,32,32,42,very,0,40.96,0,0.005764758680015802,0.0009293026523664594,0.000375,0.7753406167030334,2048,True,23,56.96,0.7191011235955056,False,23,degenerate,0,
llasa3b,nm_n01,0,numbers,n01,4,4,9,six,9,3.88,4,0.13158419728279114,0.08254075795412064,0.2403125,0.25918614864349365,194,False,3,5.7371428571428575,0.6762948207171314,True,4,truncation,0,SIX HUNDRED SIXTY SIX THOUSAND SIX HUNDRED SIXTY SIX
llasa3b,nm_n01,1,numbers,n01,4,4,9,six,9,3.44,4,0.13292936980724335,0.05249904841184616,0.0716875,0.17028523981571198,172,False,2,5.7371428571428575,0.5996015936254979,False,4,truncation,0,SIX HUNDRED SIXTY SIX THOUSAND SIX HUNDRED SIXTY SIX
llasa3b,nm_n01,2,numbers,n01,4,4,9,six,9,5.02,4,0.03796040266752243,0.011964339762926102,6.25e-05,0.19789524376392365,251,False,3,5.7371428571428575,0.8749999999999999,True,4,correct,1,SIX HUNDRED SIXTE SIX THOUSAND SIX HUNDRED SIXTY SIX
llasa3b,nm_n02,0,numbers,n02,4,4,9,seven,9,5.34,4,0.05015129968523979,0.028593873605132103,0.2935,0.14170408248901367,267,False,4,5.7371428571428575,0.9307768924302788,True,4,correct,1,SEVEN HUNDRED SEVENTY SEVEN THOUSAND SEVEN HUNDRED SEVENTY SEVEN
llasa3b,nm_n02,1,numbers,n02,4,4,9,seven,9,5.76,4,0.05749209225177765,0.025374801829457283,0.9395625,0.23442262411117554,288,False,4,5.7371428571428575,1.00398406374502,True,4,correct,1,SEVEN HUNDRED SEVENTY SEVEN PERSORS SEVEN HUNDRED SEVENTY SEVEN
llasa3b,nm_n02,2,numbers,n02,4,4,9,seven,9,5.66,4,0.05043451115489006,0.027654075995087624,0.2676875,0.1818188577890396,283,False,4,5.7371428571428575,0.9865537848605577,True,4,correct,1,SEVEN HUNDRED SEVENTY SEVEN THOUSAND SEVEN HUNDRED SEVENTY SEVEN
llasa3b,nm_n03,0,numbers,n03,4,4,9,nine,9,6.6,4,0.058351658284664154,0.01703079789876938,0.2755,0.20536868274211884,330,False,5,5.7371428571428575,1.1503984063745019,True,4,correct,1,NINE HUNDRED NINETY NINE THOUSAND NINE HUNDRED NINETY NINE
llasa3b,nm_n03,1,numbers,n03,4,4,9,nine,9,6.3,4,0.15934257209300995,0.030704159289598465,0.1564375,0.2411801964044571,315,False,4,5.7371428571428575,1.0981075697211153,True,4,correct,1,NINE HUNDRED NINETY NINE THOUSAND NINE HUNDRED NINETY NINE
llasa3b,nm_n03,2,numbers,n03,4,4,9,nine,9,3.86,4,0.04612187668681145,0.014562460593879223,0.311125,0.2649122178554535,193,False,3,5.7371428571428575,0.672808764940239,True,4,truncation,0,NINE HUNDRED NINETY NINE THOUSAND NINE HUNDRED NINETY NINE
llasa3b,nm_n04,0,numbers,n04,4,4,9,three,9,7.08,4,0.22889071702957153,0.05122397094964981,0.2214375,0.26743757724761963,354,False,5,5.7371428571428575,1.2340637450199203,True,4,correct,1,THREE HUNDRED THIRTY THREE THOUSAND THREE HUNDRED THIRTY THREE
llasa3b,nm_n04,1,numbers,n04,4,4,9,three,0,40.96,0,0.00012983399210497737,0.036359548568725586,19.6499375,0.5224153995513916,2048,True,29,5.7371428571428575,7.139442231075697,False,29,empty,0,
llasa3b,nm_n04,2,numbers,n04,4,4,9,three,9,3.46,4,0.04071800038218498,0.013585026375949383,0.1,0.12348251044750214,173,False,2,5.7371428571428575,0.6030876494023903,False,4,truncation,0,THREE HUNDRED THIRTY THREE THOUSAND THREE HUNDRED THIRTY THREE
llasa3b,nm_n05,0,numbers,n05,6,6,14,six,14,5.2,6,0.09912107139825821,0.05325261130928993,0.1959375,0.1472887247800827,260,False,4,8.605714285714287,0.6042496679946878,False,6,truncation,0,SIX HUNDRED SIXTY SIX MILLION SIX HUNDRED SIXTY SIX THOUSAND SIX HUNDRED SIXTY SIX
llasa3b,nm_n05,1,numbers,n05,6,6,14,six,14,5.66,6,0.12412180006504059,0.06081685796380043,0.1855625,0.3273433446884155,283,False,4,8.605714285714287,0.6577025232403718,False,6,truncation,0,SIX HUNDRED SIXTY SIX MILLION SIX HUNDRED SIXTY SIX THOUSAND SIX HUNDRED SIXTY SIX
llasa3b,nm_n05,2,numbers,n05,6,6,14,six,0,40.96,0,0.0009224508539773524,0.006511855870485306,6.25e-05,0.4666672646999359,2048,True,29,8.605714285714287,4.759628154050464,False,29,empty,0,
llasa3b,nm_n06,0,numbers,n06,4,4,9,eight,9,4.06,4,0.040985267609357834,0.027349455282092094,0.1914375,0.21247312426567078,203,False,3,5.7371428571428575,0.7076693227091633,True,4,correct,1,EIGHT HUNDRED EIGHTY EIGHT THOUSAND EIGHT HUNDRED EIGHTY EIGHT
llasa3b,nm_n06,1,numbers,n06,4,4,9,eight,9,5.46,4,0.21761199831962585,0.044641315937042236,0.2396875,0.5603308081626892,273,False,4,5.7371428571428575,0.9516932270916334,True,4,correct,1,EIGHT HUNDRED EIGHTY EIGHT THOUSAND EIGHT HUNDRED EIGHTY EIGHT
llasa3b,nm_n06,2,numbers,n06,4,4,9,eight,9,4.48,4,0.04245967045426369,0.030208364129066467,0.25725,0.2130129486322403,224,False,3,5.7371428571428575,0.7808764940239044,True,4,correct,1,EIGHT HUNDRED EIGHTY EIGHT THOUSAND EIGHT HUNDRED EIGHTY EIGHT
llasa3b,nm_n07,0,numbers,n07,2,2,4,five,4,1.8,2,0.11349594593048096,0.04271484911441803,0.2136875,0.26321783661842346,90,False,2,1.9733333333333334,0.9121621621621622,True,2,correct,1,FIVE HUNDRED FIFTY FIVE
llasa3b,nm_n07,1,numbers,n07,2,2,4,five,4,1.92,2,0.08180095255374908,0.08214087039232254,0.1916875,0.25139400362968445,96,False,2,1.9733333333333334,0.9729729729729729,True,2,correct,1,FIVE HUNDRED FIFTY FIVE
llasa3b,nm_n07,2,numbers,n07,2,2,4,five,4,2.2,2,0.05175046995282173,0.09762368351221085,0.3305,0.29450204968452454,110,False,2,1.9733333333333334,1.114864864864865,True,2,correct,1,FIVE HUNDRED FIFTY FIVE
llasa3b,nm_n08,0,numbers,n08,2,2,4,four,4,3.32,2,0.014929672703146935,0.015409687533974648,6.25e-05,0.1921907216310501,166,False,2,2.88,1.1527777777777777,True,2,correct,1,FOUR HUNDRED FORTY FOUR
llasa3b,nm_n08,1,numbers,n08,2,2,4,four,4,2.44,2,0.09214428067207336,0.05074574425816536,0.2964375,0.14787109196186066,122,False,2,2.88,0.8472222222222222,True,2,correct,1,FOUR HUNDRED FORTY FOUR
llasa3b,nm_n08,2,numbers,n08,2,2,4,four,4,3.68,1,0.05083846673369408,0.06612932682037354,0.519125,0.1438121348619461,184,False,3,2.88,1.277777777777778,False,3,undercount,0,FOUR HUNDRED ANY AN
llasa3b,nm_n09,0,numbers,n09,6,6,14,two,1,40.96,0,0.015557078644633293,0.0007806966896168888,6.25e-05,0.8623089790344238,2048,True,29,8.605714285714287,4.759628154050464,False,29,loop,0,S
llasa3b,nm_n09,1,numbers,n09,6,6,14,two,14,4.5,6,0.08777274191379547,0.030438560992479324,0.1509375,0.1720951497554779,225,False,3,8.605714285714287,0.5229083665338645,False,6,truncation,0,TWO HUNDRED TWENTY TWO MILLION TWO HUNDRED TWENTY TWO THOUSAND TWO HUNDRED TWENTY TWO
llasa3b,nm_n09,2,numbers,n09,6,6,14,two,8,12.38,2,0.009281382896006107,0.03612585738301277,3.2586875,0.09632442891597748,619,False,9,8.605714285714287,1.438579017264276,False,9,undercount,0,TWO HUNDRED TWIF TE TWO HUNGRED TEN TO
llasa3b,nm_n10,0,numbers,n10,2,2,7,one,6,5.28,1,0.0047340355813503265,0.013600535690784454,0.7123125,0.3926403522491455,264,False,3,4.2,1.2571428571428571,False,3,undercount,0,ONE HUNDRED NOWN OTOIN ONVALOP O
llasa3b,nm_n10,1,numbers,n10,2,2,7,one,7,3.96,2,0.07639852166175842,0.06159825623035431,0.28425,0.3027738332748413,198,False,2,4.2,0.9428571428571428,True,2,correct,1,ONE HUNDRED ELEVEN THOUSAND ONE HUNDRED ELEVEN
llasa3b,nm_n10,2,numbers,n10,2,2,7,one,7,4.44,2,0.0807565450668335,0.02868526056408882,6.25e-05,0.1725997030735016,222,False,2,4.2,1.0571428571428572,True,2,correct,1,ONE HUNDRED ELEVEN THOUSAND ONE HANGER ANNON
llasa3b,sr_s1_k01,0,sentence_rep,s1,1,1,4,bell,4,4.74,0,0.012642237357795238,0.001125813345424831,6.25e-05,0.15942776203155518,237,False,2,2.1517647058823592,2.2028430836522626,False,2,loop,0,BUT THO A CLI
llasa3b,sr_s1_k01,1,sentence_rep,s1,1,1,4,bell,4,2.72,1,0.006440785713493824,0.10574822127819061,0.109875,0.15618383884429932,136,False,1,2.1517647058823592,1.26407873154729,True,1,correct,1,THE BELL RANG TWICE
llasa3b,sr_s1_k01,2,sentence_rep,s1,1,1,4,bell,4,2.54,1,0.017879804596304893,0.12099478393793106,6.25e-05,0.10480146110057831,127,False,1,2.1517647058823592,1.180426462547837,True,1,correct,1,THE BELL RANG TWICE
llasa3b,sr_s1_k02,0,sentence_rep,s1,2,2,8,bell,8,3.24,1,0.08971303701400757,0.0863061249256134,0.0929375,0.39838647842407227,162,False,1,5.286470588235302,0.6128852787359511,True,1,truncation,0,THE BELL RANG TWICE A BAN RAN TESE
llasa3b,sr_s1_k02,1,sentence_rep,s1,2,2,8,bell,8,4.7,2,0.10269301384687424,0.03983861953020096,0.5060625,0.49145936965942383,235,False,2,5.286470588235302,0.8890619784132624,True,2,correct,1,THE BELL RANG TICE THE BELL RANG TRICE
llasa3b,sr_s1_k02,2,sentence_rep,s1,2,2,8,bell,8,3.96,2,0.0321924090385437,0.10231463611125946,0.27475,0.3255659341812134,198,False,2,5.286470588235302,0.7490820073439401,True,2,correct,1,THE BELL RANG TWICE THE BELL RANG TWICE
llasa3b,sr_s1_k03,0,sentence_rep,s1,3,3,12,bell,12,9.06,3,0.02085847035050392,0.03134729340672493,0.0035625,0.29956379532814026,453,False,3,8.421176470588245,1.0758591785414908,True,3,correct,1,THE BELL RANG TWICE THE BELL RANG TWICE THE BELL RANG TWICE
llasa3b,sr_s1_k03,1,sentence_rep,s1,3,3,12,bell,13,10.3,3,0.08061295747756958,0.04546547681093216,0.031625,0.6058527231216431,515,False,4,8.421176470588245,1.2231070131321584,True,3,correct,1,THE BELL RANG TWICE THE BELL RANG TWICE THE BELL RANG TWICE CHIALDEGALDE
llasa3b,sr_s1_k03,2,sentence_rep,s1,3,3,12,bell,12,6.86,3,0.021454064175486565,0.11274433881044388,0.55075,0.4289611876010895,343,False,3,8.421176470588245,0.814613020396758,True,3,correct,1,THE BELL RANG TWICE THE BELL RANG TWICE THE BELL RANG TWICE
llasa3b,sr_s1_k04,0,sentence_rep,s1,4,4,16,bell,16,9.2,4,0.024947961792349815,0.032604772597551346,0.0175625,0.4794418215751648,460,False,3,11.555882352941188,0.7961313311275126,True,4,correct,1,THE BELL RANG TWICE THE BELL RANG TWICE THE BELL RANG TWICE THE BELL RANG TWICE
llasa3b,sr_s1_k04,1,sentence_rep,s1,4,4,16,bell,21,20.56,5,0.04216482862830162,0.042574651539325714,1.984375,0.3506486117839813,1028,False,7,11.555882352941188,1.7791804530414845,False,7,loop,0,THE BELL RANG TWICE THE BELL RANG TWICE THE BELL RANG TWICE THE BELL RANG TWICE I THE BELL RANG TWICE
llasa3b,sr_s1_k04,2,sentence_rep,s1,4,4,16,bell,16,7.76,4,0.026405442506074905,0.12925447523593903,0.4654375,0.46713051199913025,388,False,3,11.555882352941188,0.6715194706032063,True,4,truncation,0,THE BELL RANG TWICE THE BELL RANG TWICE THE BELL RANG TWICE THE BELL RANG TWICE
llasa3b,sr_s1_k06,0,sentence_rep,s1,6,6,24,bell,28,18.68,7,0.07759495079517365,0.05917979031801224,6.25e-05,0.7100329995155334,934,False,6,17.825294117647076,1.047949047949047,True,7,overcount,0,THE BELL RANG TWICE THE BELL RANG TWICE THE BELL RANG TWICE THE BELL RANG TWICE THE BELL RANG TWICE THE BELL RANG TWICE THE BELL RANG TWICE
llasa3b,sr_s1_k06,1,sentence_rep,s1,6,6,24,bell,24,7.26,6,0.09052789211273193,0.029486706480383873,0.0650625,0.3904961943626404,363,False,3,17.825294117647076,0.4072864072864069,False,6,truncation,0,THE BELL RANG TWICE THE BELL RANG TWICE THE BELL RANG TWICE THE BELL RANG TWICE THE BELL RANG TWICE THE BELL RANG TWICE
llasa3b,sr_s1_k06,2,sentence_rep,s1,6,6,24,bell,36,24.08,8,0.04580247402191162,0.06158147379755974,0.2375,0.31341689825057983,1204,False,8,17.825294117647076,1.3508893508893496,True,8,overcount,0,THE BELL RANG TWICE THE BELL RANG TWICE THE BELL RANG TWICE THE BELL RANG TWICE THE BLL RANG TWICE THE BELL RANG TWICE THE BELL RANG TWICE THE BELL RANG TWICE THE BELL RANG TWICE
llasa3b,sr_s1_k08,0,sentence_rep,s1,8,8,32,bell,28,26.78,7,0.08411452919244766,0.07557979971170425,2.4829375,0.28932511806488037,1339,False,9,24.09470588235296,1.111447474426893,False,9,undercount,0,THE BELL RANG TWICE THE BELL RANG TWICE THE BELL RANG TWICE THE BELL RANG TWICE THE BELL RANG TWICE THE BELL RANG TWICE THE BELL RANG TWICE
llasa3b,sr_s1_k08,1,sentence_rep,s1,8,8,32,bell,34,25.84,8,0.07040915638208389,0.049101393669843674,0.18675,0.26701822876930237,1292,False,9,24.09470588235296,1.072434755010863,True,8,correct,1,THE BELL RANG TWICE THE BELL RANG TWICE THE BELL RANG TWICE THE BELL RANG TWICE THE BELL RANG TWICE THE BELL RANG TWICE THE BELL RANG TWICE THE BELL RA LL RANG TWICE
llasa3b,sr_s1_k08,2,sentence_rep,s1,8,8,32,bell,49,40.96,12,0.05162234231829643,0.059872303158044815,0.459125,0.3801286220550537,2048,True,13,24.09470588235296,1.6999584971070028,True,12,loop,0,THE BELL RING TWICE THE BELL RING TWICE THE BELL RING TWICE THE BELL RING TWICE THE BELL RING TWICE THE BELL RING TWICE THE BELL RING TWICE THE BELL ELL RING TWICE THE BELL RING TWICE THE BELL RING TWICE THE BELL RING TWICE THE BELL RING TWICE
llasa3b,sr_s1_k12,0,sentence_rep,s1,12,12,48,bell,52,21.06,13,0.1250990778207779,0.04493126645684242,0.02075,0.8316539525985718,1053,False,7,36.633529411764734,0.5748831831976488,False,13,overcount,0,THE BELL RANG TWICE THE BELL RANG TWICE THE BELL RANG TWICE THE BELL RANG TWICE THE BELL RANG TWICE THE BELL RANG TWICE THE BELL RANG TWICE THE BELL RANG TWICE THE BELL RANG TWICE THE BELL RANG TWICE THE BELL RANG TWICE THE BELL RNG TWICE THE BELL RANG TWICE
llasa3b,sr_s1_k12,1,sentence_rep,s1,12,12,48,bell,38,32.94,9,0.12729412317276,0.038034651428461075,0.0789375,0.3206740915775299,1647,False,11,36.633529411764734,0.8991762608988865,False,11,undercount,0,THE BELL RANG TWICE THE BELL RANG TWICE THE BELL RANG TWICE THE BELL RANG TWICE THE BELL RANG TWICE THE BELL RANG TWICE THE BELL RANG TWICE THE BELL RANG TWICE THE BELL RANG TWICE WINE POITE
llasa3b,sr_s1_k12,2,sentence_rep,s1,12,12,48,bell,54,31.4,13,0.06350391358137131,0.08155427128076553,0.253625,0.6794496178627014,1570,False,10,36.633529411764734,0.8571382693450224,False,13,overcount,0,THE BELL RANG TWICE THE BELL RANG TWICE THE BELL RANG TWICE THE BELL RANG TWICE THE BELL RANG TWICE THE BELL RANG TWICE THE BELL RANG TWICE THE BELL RANG TWICE THE BELL RANG TWICE THE BELL RANG TWICE THE B THE BELL RANG TWICE THE BELL RANG TWICE THE BELL RANG TWICE
llasa3b,sr_s1_k16,0,sentence_rep,s1,16,16,64,bell,65,29.46,16,0.1302245855331421,0.08037654310464859,0.162375,0.4536152482032776,1473,False,10,49.172352941176506,0.5991171509576156,False,16,truncation,0,THE BELL RANG TWICE THE BELL RANG TWICE THE BELL RANG TWICE THE BELL RANG TWICE THE BELL RANG TWICE THE BELL RANG TWICE THE BELL RANG TWICE THE BELL RANG TWICE THE BELL RANG TWICE THE BELL RANG TWICE THE BELL RANG TWICE THE BELL RANG TWICE THE BELL RANG TWICE THE THE BELL RANG TWICE THE BELL RANG TWICE THE BELL RANG TWICE
llasa3b,sr_s1_k16,1,sentence_rep,s1,16,16,64,bell,32,40.96,8,0.07221818715333939,0.0739360824227333,19.9495,0.5265312790870667,2048,True,13,49.172352941176506,0.8329884081202966,False,13,loop,0,THE BELL RANG TWICE THE BELL RANG TWICE THE BELL RANG TWICE THE BELL RANG TWICE THE BELL RANG TWICE THE BELL RANG TWICE THE BELL RANG TWICE THE BELL RANG TWICE
llasa3b,sr_s1_k16,2,sentence_rep,s1,16,16,64,bell,1,40.96,0,0.01856352388858795,0.013098153285682201,0.5011875,0.2666235566139221,2048,True,13,49.172352941176506,0.8329884081202966,False,13,loop,0,IIN
llasa3b,sr_s2_k01,0,sentence_rep,s2,1,1,4,stones,4,2.48,0,0.01923505961894989,0.029175009578466415,6.25e-05,0.17529834806919098,124,False,0,4.772000000000001,0.5196982397317685,True,0,truncation,0,HE COUNTED THE STAIRS
llasa3b,sr_s2_k01,1,sentence_rep,s2,1,1,4,stones,4,5.84,1,0.05401191860437393,0.07795538753271103,0.12975,0.34138837456703186,292,False,2,4.772000000000001,1.223805532271584,True,1,correct,1,HE COUNTEED THE STONES
llasa3b,sr_s2_k01,2,sentence_rep,s2,1,1,4,stones,4,1.94,0,0.038000330328941345,0.04845888167619705,0.0095625,0.0944177433848381,97,False,0,4.772000000000001,0.40653813914501247,True,0,truncation,0,HE COUNTED THE STOWS
llasa3b,sr_s2_k02,0,sentence_rep,s2,2,2,8,stones,8,3.74,2,0.04029932618141174,0.07592380791902542,0.4734375,0.43006184697151184,187,False,0,5.558000000000001,0.6729039222741993,False,2,truncation,0,HE COUNTED THE STONES HE COUNTED THE STONES
llasa3b,sr_s2_k02,1,sentence_rep,s2,2,2,8,stones,7,8.02,0,0.004171082749962807,0.04543061554431915,0.6954375,0.17501813173294067,401,False,5,5.558000000000001,1.4429650953580422,False,5,undercount,0,THE COUNTED THESTONES THE COUNTED THE STONS
llasa3b,sr_s2_k02,2,sentence_rep,s2,2,2,8,stones,8,5.24,2,0.014817164279520512,0.05411920323967934,0.93775,0.49077677726745605,262,False,2,5.558000000000001,0.9427851745232098,True,2,correct,1,HE COUNTED THE STONES HE COUNTED THE STONES
llasa3b,sr_s2_k03,0,sentence_rep,s2,3,3,12,stones,12,6.62,3,0.025338605046272278,0.08996215462684631,0.1156875,0.5607889294624329,331,False,3,6.344,1.0435056746532156,True,3,correct,1,HE COUNTED THE STONES HE COUNTED THE STONES HE COUNTED THE STONES
llasa3b,sr_s2_k03,1,sentence_rep,s2,3,3,12,stones,12,6.64,3,0.0935228168964386,0.0669630840420723,0.5101875,0.40344640612602234,332,False,3,6.344,1.0466582597730139,True,3,correct,1,HE COUNTED THE STONES HE COUNTED THE STONES HE COUNTED THE STONES
llasa3b,sr_s2_k03,2,sentence_rep,s2,3,3,12,stones,12,6.84,3,0.01891412027180195,0.1291002780199051,0.624,0.34515154361724854,342,False,4,6.344,1.0781841109709962,True,3,correct,1,HE COUNTED THE STONES HE COUNTED THE STONES HE COUNTED THE STONES
llasa3b,sr_s2_k04,0,sentence_rep,s2,4,4,16,stones,16,5.96,4,0.02472526580095291,0.0884583443403244,6.25e-05,0.5728968381881714,298,False,3,7.13,0.8359046283309958,True,4,correct,1,HE COUNTED THE STONES HE COUNTED THE STONES HE COUNTED THE STONES HE COUNTED THE STONES
llasa3b,sr_s2_k04,1,sentence_rep,s2,4,4,16,stones,16,7.76,4,0.027180379256606102,0.10890000313520432,0.5214375,0.6674851179122925,388,False,5,7.13,1.08835904628331,True,4,correct,1,HE COUNTED THE STONES HE COUNTED THE STONES HE COUNTED THE STONES HE COUNTED THE STONES
llasa3b,sr_s2_k04,2,sentence_rep,s2,4,4,16,stones,16,7.34,4,0.029146507382392883,0.04416496306657791,0.4259375,0.40088093280792236,367,False,4,7.13,1.02945301542777,True,4,correct,1,HE COUNTED THE STONES HE COUNTED THE STONES HE COUNTED THE STONES HE COUNTED THE STONES
llasa3b,sr_s2_k06,0,sentence_rep,s2,6,6,24,stones,0,40.96,0,2.522695103834849e-05,0.04528558626770973,6.25e-05,0.011576692573726177,2048,True,47,8.702,4.7069639163410715,False,47,empty,0,
llasa3b,sr_s2_k06,1,sentence_rep,s2,6,6,24,stones,103,40.96,25,0.14365187287330627,0.03274591639637947,6.25e-05,0.818996250629425,2048,True,47,8.702,4.7069639163410715,False,47,loop,0,HE COUNTED THE STONES HE COUNTED THE STONES HE COUNTED THE STONES HE COUNTED THE STONES HE COUNTED THE STONES HE COUNTED THE STONES HE COUNTED THE STONES HE COUNTED THE STONES HE COUNTED THE STONES HE COUNTED THE STONES HE COUNTED THE STONES HE COUNTED THE STONES HE COUNTED THE STONES HE COUNTED THE STONES HE COUNTED THE STONES HE CO HE COUNTED THE STONES HE COUNTED THE STONES HE COUNTED THE STONES HE COUNTED THE STONES HE COUNTED THE STONES HE COUNTED THE STONES HE COUNTED THE STONES HE COUNTED THE STONES HE COUNTED THE STONES HE COUNTED THE STONES HE
llasa3b,sr_s2_k06,2,sentence_rep,s2,6,6,24,stones,57,40.96,13,0.1254543960094452,0.05547301098704338,1.3221875,0.6298211812973022,2048,True,47,8.702,4.7069639163410715,False,47,loop,0,HE COUNTED THE STONES HE COUNTED THE STONES HE COUNTED THE STONES HE COUNTED THE STONES HE COUNTED THE STONES HE COUNTED THE STONES HE COUNTED THE STONES HE COUNTED THE STONES HE COUNTED THE STO ONES HE COUNTED THE STONES HE COUNTED THE STONES HE COUNTED THE STONES HE COUNTED THE STONES HE COUNTED THE STONES
llasa3b,sr_s2_k08,0,sentence_rep,s2,8,8,32,stones,37,27.38,9,0.05083264037966728,0.038174763321876526,1.9691875,0.2599464952945709,1369,False,30,10.274,2.6649795600545065,False,30,loop,0,HE COUNTED THE STONES HE COUNTED THE STONES HE COUNTED THE STONES HE COUNTED THE STONES HE COUNTED THE STONES HE COUNTED THE STONES HE COUNTED THE STONES HE COUNTED THE STONES HE COUNTED THE STO STONES
llasa3b,sr_s2_k08,1,sentence_rep,s2,8,8,32,stones,32,40.96,8,0.049377746880054474,0.03570915386080742,7.721625,0.37836402654647827,2048,True,47,10.274,3.9867627019661285,False,47,loop,0,HE COUNTED THE STONES HE COUNTED THE STONES HE COUNTED THE STONES HE COUNTED THE STONES HE COUNTED THE STONES HE COUNTED THE STONES HE COUNTED THE STONES HE COUNTED THE STONES
llasa3b,sr_s2_k08,2,sentence_rep,s2,8,8,32,stones,60,40.96,14,0.12549929320812225,0.05784923955798149,6.25e-05,0.7150722742080688,2048,True,47,10.274,3.9867627019661285,False,47,loop,0,HE COUNTED THE STONES HE COUNTED THE STONES HE COUNTED THE STONES HE COUNTED THE STONES HE COUNTED THE STONES HE COUNTED THE STONES HE COUNTED THE STONES HE COUNTED THE STONES HE COUNTED THE STONES HE COUNTED THE STONES HE COUNTED THE STONES HE COUNTED THE STONES HE COUNTED THE STONES HE COUNTED THE STONES HE COUNTED THE ST
llasa3b,sr_s2_k12,0,sentence_rep,s2,12,12,48,stones,48,21.56,12,0.051416411995887756,0.07183122634887695,0.69875,0.8329901695251465,1078,False,22,13.417999999999997,1.6067968400655837,False,22,loop,0,HE COUNTED THE STONES HE COUNTED THE STONES HE COUNTED THE STONES HE COUNTED THE STONES HE COUNTED THE STONES HE COUNTED THE STONES HE COUNTED THE STONES HE COUNTED THE STONES HE COUNTED THE STONES HE COUNTED THE STONES HE COUNTED THE STONES HE COUNTED THE STONES
llasa3b,sr_s2_k12,1,sentence_rep,s2,12,12,48,stones,47,23.0,11,0.013027548789978027,0.1057601124048233,0.9423125,0.4140523374080658,1150,False,24,13.417999999999997,1.714115367416903,False,24,loop,0,HE COUNTED THE STONESHE COUNTED THE STONES HE COUNTED THE STONES HE COUNTED THE STONES HE COUNTED THE STONES HE COUNTED THE STONES HE COUNTED THE STONES HE COUNTED THE STONES HE COUNTED THE STONES HE COUNTED THE STONES HE COUNTED THE STONES HE COUNTED THE STONES
llasa3b,sr_s2_k12,2,sentence_rep,s2,12,12,48,stones,49,19.76,12,0.04167831316590309,0.07682589441537857,6.25e-05,0.4178612232208252,988,False,20,13.417999999999997,1.472648680876435,False,20,miscount,0,HE COUNTED THE STONES HE COUNTED THE STONES HE COUNTED THE STONES HE COUNTED THE STONES HE COUNTED THE STONES HE COUNTED THE STONES HE COUNTED THE STONES HE COUNTED THE STONES HE COUNTED THE STONES HE COUNTED THE STONES HE COUNTED THE STONES HE COUNTED THE STONES ONE
llasa3b,sr_s2_k16,0,sentence_rep,s2,16,16,64,stones,45,40.96,10,0.04168418422341347,0.04564213380217552,6.25e-05,0.2815377712249756,2048,True,47,16.561999999999998,2.473131264340056,False,47,loop,0,HE COUNTED THE STONES HE COUNTED THE STONES HE COUNTED THE STONES HE COUNTED THE STONES ENIBA THE STONES HE COUNTED THE S THE STONES HE COUNTED THE STONES HE COUNTED THE STONES HE COUNTED THE STONES HE COUNTED THE STONES HE COUNTED THE S
llasa3b,sr_s2_k16,1,sentence_rep,s2,16,16,64,stones,45,35.38,11,0.018906118348240852,0.031057195737957954,1.5228125,0.23228785395622253,1769,False,40,16.561999999999998,2.13621543291873,False,40,loop,0,HE COUNTED THE STONES HE COUNTED THE STONES HE COUNTED THE STONES HE COUNTED THE STONES HE COUNTED THE STONES HE COUNTED THE STONES HE COUNTED THE STONES HE HE COUNTED THE STONES HE COUNTED THE STONES HE COUNTED THE STONES HE COUNTED THE STONES
llasa3b,sr_s2_k16,2,sentence_rep,s2,16,16,64,stones,68,29.72,16,0.04211955517530441,0.034050945192575455,6.25e-05,0.3711566627025604,1486,False,33,16.561999999999998,1.7944692669967397,False,33,loop,0,HE COUNTED THE STONES HE COUNTED THE STONES HE COUNTED THE STONES HE COUNTED THE STONES HE COUNTED THE STONES HE COUNTED THE STONES HE COUNTED THE STONES HE COUNTED THE STONES HE COUNTED THE STONES HE COUNTED THE STONES HE COUNTED THE STONES HE COUNTED THE STONES HE COUNTED THE STONES HE COUNTED THE STONES SHE COUNTED THE STONES HE COUNTED THE STONES HE COUNTED THE STON
llasa3b,sr_s3_k01,0,sentence_rep,s3,1,1,5,rain,4,2.0,1,0.06930825114250183,0.004690741654485464,6.25e-05,0.22084443271160126,100,False,1,1.624827586206894,1.230899830220715,True,1,correct,1,RAIN FELL ON THEHUT
llasa3b,sr_s3_k01,1,sentence_rep,s3,1,1,5,rain,3,2.58,0,0.07768545299768448,0.04216448590159416,6.25e-05,0.46307170391082764,129,False,1,1.624827586206894,1.5878607809847225,True,0,undercount,0,RAN SON O
llasa3b,sr_s3_k01,2,sentence_rep,s3,1,1,5,rain,5,2.3,1,0.05180354788899422,0.02879324182868004,0.7651875,0.29308968782424927,115,False,1,1.624827586206894,1.415534804753822,True,1,correct,1,RAIN FELL ON THE RIF
llasa3b,sr_s3_k02,0,sentence_rep,s3,2,2,10,rain,9,4.88,1,0.027300026267766953,0.05032719671726227,0.1415625,0.4339337944984436,244,False,2,6.50068965517241,0.7506895820072145,True,1,undercount,0,RAIN FELL ON TE OS AN FELL ON OS
llasa3b,sr_s3_k02,1,sentence_rep,s3,2,2,10,rain,10,4.4,2,0.12465053796768188,0.05296643450856209,0.2401875,0.4296303689479828,220,False,2,6.50068965517241,0.6768512624655213,True,2,truncation,0,RAIN FELL ON THE ROOF RAIN FELL ON THE ROOF
llasa3b,sr_s3_k02,2,sentence_rep,s3,2,2,10,rain,8,8.16,0,0.011996384710073471,0.035137806087732315,6.25e-05,0.175404891371727,408,False,2,6.50068965517241,1.2552514322087849,False,2,undercount,0,GRAIN FO A O A TO ON O
llasa3b,sr_s3_k03,0,sentence_rep,s3,3,3,15,rain,15,9.2,3,0.12960802018642426,0.06297356635332108,0.3620625,0.5224971175193787,460,False,3,11.376551724137926,0.8086808923375367,True,3,correct,1,RAIN FELL ON THE ROOF RAIN FELL ON THE ROOF RAIN FELL ON THE ROOF
llasa3b,sr_s3_k03,1,sentence_rep,s3,3,3,15,rain,15,11.0,3,0.1907617598772049,0.06346005946397781,0.3260625,0.22863337397575378,550,False,3,11.376551724137926,0.9669010669253156,True,3,correct,1,RAIN FELL ON THE ROOF RAIN FELL ON THE ROOF RAIN FELL ON THE ROOF
llasa3b,sr_s3_k03,2,sentence_rep,s3,3,3,15,rain,15,14.98,3,0.08044543117284775,0.03361537307500839,1.930875,0.46243995428085327,749,False,4,11.376551724137926,1.3167434529582935,True,3,correct,1,RAIN FELL ON THE ROOF RAIN FELL ON THE ROOF RAIN FELL ON THE ROOF
llasa3b,sr_s3_k04,0,sentence_rep,s3,4,4,20,rain,20,12.92,4,0.04852092266082764,0.039627522230148315,0.3180625,0.3684746325016022,646,False,3,16.252413793103443,0.7949588390053469,True,4,correct,1,RAIN FELL ON THE ROOF RAIN FELL ON THE ROOF RAIN FELL ON THE ROOF RAIN FELL ON THE ROOF
llasa3b,sr_s3_k04,1,sentence_rep,s3,4,4,20,rain,20,12.12,4,0.15287552773952484,0.05406871438026428,0.357,0.6897852420806885,606,False,3,16.252413793103443,0.745735381481796,True,4,correct,1,RAIN FELL ON THE ROOF RAIN FELL ON THE ROOF RAIN FELL ON THE ROOF RAIN FELL ON THE ROOF
llasa3b,sr_s3_k04,2,sentence_rep,s3,4,4,20,rain,23,22.4,4,0.06240082532167435,0.04211132228374481,6.25e-05,0.23620811104774475,1120,False,5,16.252413793103443,1.3782568106594248,True,4,correct,1,RAIN FELL ON THE ROOF RAIN FELL ON THE ROOF RAIN FELL ON THE ROOF RAIN FELL ON THE ROOF ART FELL ON
llasa3b,sr_s3_k06,0,sentence_rep,s3,6,6,30,rain,70,40.96,14,0.08069469779729843,0.02345583587884903,0.554125,0.5478900074958801,2048,True,9,26.004137931034474,1.5751339309393735,False,14,loop,0,RAIN FELL ON THE ROOF RAIN FELL ON THE ROOF RAIN FELL ON THE ROOF RAIN FLL ON THE ROOF RAIN FELL ON THE ROOF RAIN FELL ON THE ROOF RAIN FLL ON THE ROOF RAIN FELL ON THE ROOF RAIN FELL ON THE ROOF RAIN FELL ON THE ROOF RAIN FELL ON THE ROOF RAIN FELL ON THE ROOF RAIN FELL ON THE ROOF RAIN FELL ON THE ROOF
llasa3b,sr_s3_k06,1,sentence_rep,s3,6,6,30,rain,31,26.56,6,0.16336235404014587,0.06421088427305222,0.367625,0.4481483995914459,1328,False,6,26.004137931034474,1.0213759083435,True,6,correct,1,RAIN FELL ON THE ROOF RAIN FELL ON THE ROOF RAIN FELL ON THE ROOF RAIN FELL ON THE ROOF RAIN FELL ON THE ROOF RAIN FELL O ON THE ROOF
llasa3b,sr_s3_k06,2,sentence_rep,s3,6,6,30,rain,18,40.96,13,0.0679147019982338,0.037352632731199265,0.1973125,0.5273326635360718,2048,True,9,26.004137931034474,1.5751339309393735,False,13,loop,0,RAIN FELL RAIN RAIN RAIN RAIN RAIN RAIN RAIN RAIN RA RAIN RAIN FELL ON AH RAIN RAIN
llasa3b,sr_s3_k08,0,sentence_rep,s3,8,8,40,rain,50,34.88,10,0.033775877207517624,0.08467070013284683,0.652875,0.48631489276885986,1744,False,8,35.75586206896551,0.9755043783512712,False,10,overcount,0,RAIN FELL ON THE ROOF RAIN FELL ON THE ROOF RAIN FELL ON THE ROOF RAIN FELL ON THE ROOF RAIN FELL ON THE ROOF RAIN FELL ON THE ROOF RAIN FELL ON THE ROOF RAIN FELL ON THE ROOF RAIN FELL ON THE ROOF RAIN FELL ON THE ROOF
llasa3b,sr_s3_k08,1,sentence_rep,s3,8,8,40,rain,41,32.26,8,0.07316628843545914,0.047545962035655975,0.0135,0.4364851117134094,1613,False,7,35.75586206896551,0.9022296802067662,True,8,correct,1,RAIN FELL ON THE ROOF RAIN FELL ON THE ROOF RAIN FELL ON THE ROOF RAIN FELL ON THE ROOF RAIN FELL ON THE ROOF RAIN FELL ON THE ROOF RAI RAIN FELL ON THE ROOF RAIN FELL ON THE ROOF
llasa3b,sr_s3_k08,2,sentence_rep,s3,8,8,40,rain,18,40.96,2,0.08446373045444489,0.03929413482546806,0.0716875,0.26976075768470764,2048,True,9,35.75586206896551,1.1455464259537864,False,9,loop,0,RAIN FELL ON THE ROOF RAIN FELL ON THE ROOF SHIN LIE RISE RISE RISE SHIN SHIN SHIN
llasa3b,sr_s3_k12,0,sentence_rep,s3,12,12,60,rain,13,40.96,8,0.05839449539780617,0.0032706144265830517,6.25e-05,0.5764338970184326,2048,True,9,55.259310344827576,0.7412325587200161,True,8,loop,0,RAIN RAIN RAIN RAIN RAIN RAIN RAI AN THE RAIN THE RAIN RAANN
llasa3b,sr_s3_k12,1,sentence_rep,s3,12,12,60,rain,21,40.96,5,0.057886090129613876,0.12985511124134064,6.9370625,0.25913795828819275,2048,True,9,55.259310344827576,0.7412325587200161,False,9,loop,0,RAIN FELL ON THE ROOF RAIN FELL ON THE ROOF RAIN FELL ON THE ROOF RAIN FELL ON THE ROOF RAIN
llasa3b,sr_s3_k12,2,sentence_rep,s3,12,12,60,rain,31,40.96,6,0.10284493863582611,0.1046823188662529,1.9300625,0.5949399471282959,2048,True,9,55.259310344827576,0.7412325587200161,False,9,loop,0,RAIN FELL ON THE ROOF RAIN FELL ON THE ROOF RAIN FELL ON THE ROOF RAIN FELL ON ON THE ROOF RAIN FELL ON THE ROOF RAIN FELL ON THE ROOF
llasa3b,sr_s3_k16,0,sentence_rep,s3,16,16,80,rain,2,40.96,0,0.06188740208745003,0.03474990278482437,8.839875,0.8063316345214844,2048,True,9,74.76275862068964,0.5478663542608344,False,9,loop,0,RAER RI
llasa3b,sr_s3_k16,1,sentence_rep,s3,16,16,80,rain,0,40.96,0,0.004521251190453768,0.024319039657711983,31.8151875,0.3856857120990753,2048,True,9,74.76275862068964,0.5478663542608344,False,9,degenerate,0,
llasa3b,sr_s3_k16,2,sentence_rep,s3,16,16,80,rain,46,40.96,9,0.11678756028413773,0.048720959573984146,1.36725,0.46691641211509705,2048,True,9,74.76275862068964,0.5478663542608344,True,9,loop,0,RAIN FELL ON THE ROOF RAIN FELL ON THE ROOF RAIN FELL ON THE ROOF RAIN FELL ON THE ROOF RAIN FELL ON THE ROOF RAIN FE FELL ON THE ROOF RAIN FELL ON THE ROOF RAIN FELL ON THE ROOF RAIN FELL ON THE ROOF
llasa3b,sr_s4_k01,0,sentence_rep,s4,1,1,4,door,4,2.48,1,0.09950423985719681,0.08278827369213104,6.25e-05,0.2759963870048523,124,False,1,2.912499999999997,0.8515021459227476,True,1,correct,1,THE DOOR STARED OPEN
llasa3b,sr_s4_k01,1,sentence_rep,s4,1,1,4,door,4,2.94,1,0.0767228975892067,0.04996014013886452,0.6625625,0.19247424602508545,147,False,1,2.912499999999997,1.009442060085838,True,1,correct,1,THE DOOR STAYED OPEN
llasa3b,sr_s4_k01,2,sentence_rep,s4,1,1,4,door,4,2.82,1,0.056547392159700394,0.028155630454421043,0.4655,0.12428002804517746,141,False,1,2.912499999999997,0.9682403433476404,True,1,correct,1,THE DOOR STAND OPEN
llasa3b,sr_s4_k02,0,sentence_rep,s4,2,2,8,door,8,5.34,2,0.013088203966617584,0.04496148228645325,2.1716875,0.33107414841651917,267,False,2,4.594999999999997,1.1621327529923837,True,2,correct,1,THE DOOR STAYED OPEN THE DOOR STAYED OPEN
llasa3b,sr_s4_k02,1,sentence_rep,s4,2,2,8,door,8,4.88,2,0.10784758627414703,0.05751414597034454,0.16075,0.4288349449634552,244,False,2,4.594999999999997,1.0620239390642008,True,2,correct,1,THE DOOR STAYED OPEN THE DOOR STAYED OPEN
llasa3b,sr_s4_k02,2,sentence_rep,s4,2,2,8,door,8,4.56,2,0.01942315511405468,0.1102948859333992,0.524625,0.4099305272102356,228,False,2,4.594999999999997,0.992383025027204,True,2,correct,1,THE DOOR STAYED OPEN THE DOOR STAYED OPEN
llasa3b,sr_s4_k03,0,sentence_rep,s4,3,3,12,door,0,40.96,0,0.0008959693950600922,0.008004928939044476,6.25e-05,0.7820298075675964,2048,True,24,6.277499999999996,6.5248904818797335,False,24,empty,0,
llasa3b,sr_s4_k03,1,sentence_rep,s4,3,3,12,door,10,40.96,2,0.18497881293296814,0.01944250613451004,6.25e-05,0.6750286817550659,2048,True,24,6.277499999999996,6.5248904818797335,False,24,loop,0,THE DOOR STAYD OPEN THE DOOR STAYD OPEN O ADO
llasa3b,sr_s4_k03,2,sentence_rep,s4,3,3,12,door,12,5.78,3,0.05267060548067093,0.050376832485198975,0.8668125,0.27823734283447266,289,False,3,6.277499999999996,0.9207487056949428,True,3,correct,1,THE DOOR STAYED OPEN THE DOOR STAYED OPEN THE DOOR STAYED OPEN
llasa3b,sr_s4_k04,0,sentence_rep,s4,4,4,16,door,40,40.96,10,0.0280718095600605,0.005323209799826145,0.7033125,0.2948082387447357,2048,True,24,7.959999999999997,5.145728643216082,False,24,loop,0,THE DOOR STAYED OPEN THE DOOR STAYED OPEN THE DOOR STAYED OPEN THE DOOR STAYED OPEN THE DOOR STAYED OPEN THE DOOR STAYED OPEN THE DOOR STAYED OPEN THE DOOR STAYED OPEN THE DOOR STAYED OPEN THE DOOR STAYED OPEN
llasa3b,sr_s4_k04,1,sentence_rep,s4,4,4,16,door,12,40.96,3,0.028607500717043877,0.01900707371532917,31.7221875,0.48563486337661743,2048,True,24,7.959999999999997,5.145728643216082,False,24,loop,0,THE DOOR STAYED OPEN THE DOOR STAYED OPEN THE DOOR STAYED OPEN
llasa3b,sr_s4_k04,2,sentence_rep,s4,4,4,16,door,20,18.92,5,0.12155114859342575,0.06133786961436272,1.6045625,0.32665613293647766,946,False,11,7.959999999999997,2.3768844221105536,False,11,loop,0,THE DOOR STAYED OPEN THE DOOR STAYED OPEN THE DOOR STAYED OPEN THE DOOR STAYED OPEN THE DOOR STAYED OPEN
llasa3b,sr_s4_k06,0,sentence_rep,s4,6,6,24,door,1,34.94,0,0.0495239682495594,0.04550939425826073,26.815625,0.8972794413566589,1747,False,20,11.324999999999996,3.0852097130242835,False,20,loop,0,T
llasa3b,sr_s4_k06,1,sentence_rep,s4,6,6,24,door,32,40.96,8,0.044145118445158005,0.03263511508703232,2.8731875,0.4105396866798401,2048,True,24,11.324999999999996,3.616777041942606,False,24,loop,0,THE DOOR STAYED OPEN THE DOOR STAYD OPEN THE DOOR STAYED OPEN THE DOOR STAYED OPEN THE DOOR STAYED OPEN THE DOOR STAYED OPEN THE DOOR STAYED OPEN THE DOOR STAYED OPEN
llasa3b,sr_s4_k06,2,sentence_rep,s4,6,6,24,door,24,15.38,6,0.09121432155370712,0.050680700689554214,0.0214375,0.4842245578765869,769,False,8,11.324999999999996,1.3580573951434884,False,8,correct,1,THE DOOR STAYED OPEN THE DOOR STAYED OPEN THE DOOR STAYED OPEN THE DOOR STAYED OPEN THE DOOR STAYD OPEN THE DOOR STAYED OPEN
llasa3b,sr_s4_k08,0,sentence_rep,s4,8,8,32,door,36,14.76,9,0.10872112214565277,0.02418970689177513,0.2955,0.6647359132766724,738,False,8,14.689999999999996,1.004765146358067,True,9,overcount,0,THE DOOR STAYED OPEN THE DOOR STAYED OPEN THE DOOR STAYED OPEN THE DOOR STAYED OPEN THE DOOR STAYED OPEN THE DOOR STAYED OPEN THE DOOR STAYED OPEN THE DOOR STAYED OPEN THE DOOR STAYED OPEN
llasa3b,sr_s4_k08,1,sentence_rep,s4,8,8,32,door,30,40.96,8,0.03838144615292549,0.0268465057015419,6.25e-05,0.3834834098815918,2048,True,24,14.689999999999996,2.788291354663037,False,24,loop,0,THE DOOR STAYED OPEN THE DOOR STAYED OPEN THE DOOR STAYED OPEN THE DOOR STAYED OPEN THE DOOR STAYED OPEN THE DOOR STAYED OPEN THE DOOR STAYED OPEN THE DOOR
llasa3b,sr_s4_k08,2,sentence_rep,s4,8,8,32,door,12,40.96,3,0.05985818803310394,0.002690131776034832,30.1813125,0.5195529460906982,2048,True,24,14.689999999999996,2.788291354663037,False,24,loop,0,THE DOOR STAYED OPEN THE DOOR STAYED OPEN THE DOOR STAYED OPEN
llasa3b,sr_s4_k12,0,sentence_rep,s4,12,12,48,door,48,24.28,12,0.10736633837223053,0.057774946093559265,0.2263125,0.7458014488220215,1214,False,14,21.419999999999995,1.1335200746965457,False,14,correct,1,THE DOOR STAYED OPEN THE DOOR STAYED OPEN THE DOOR STAYED OPEN THE DOOR STAYED OPEN THE DOOR STAED OPEN THE DOOR STAYED OPEN THE DOOR STAYED OPEN THE DOOR STAYED OPEN THE DOOR STAYED OPEN THE DOOR STAYED OPEN THE DOOR STAYED OPEN THE DOOR STAYED OPEN
llasa3b,sr_s4_k12,1,sentence_rep,s4,12,12,48,door,46,40.96,12,0.15294954180717468,0.03717346116900444,6.25e-05,0.5077601671218872,2048,True,24,21.419999999999995,1.9122315592903834,False,24,loop,0,THE DOOR STAYED OPEN THE DOOR STAYED OPEN THE DOOR STAYED OPEN THE DOOR STAYED OPEN THE DOOR STAYED OPEN THE DOOR STAYED OPEN THE DOOR STAYED OPEN THE DOOR STAYED OPEN THE DOOR STAYED OPEN THE DOOR STAYED OPEN THE DOOR STAYED OPEN THE DOOR
llasa3b,sr_s4_k12,2,sentence_rep,s4,12,12,48,door,1,40.96,0,0.002935792086645961,0.07223238795995712,34.773375,0.40594613552093506,2048,True,24,21.419999999999995,1.9122315592903834,False,24,loop,0,E
llasa3b,sr_s4_k16,0,sentence_rep,s4,16,16,64,door,2,40.96,0,0.05599876120686531,0.0039925179444253445,2.7774375,0.8365538120269775,2048,True,24,28.149999999999995,1.4550621669627002,False,24,loop,0,MOLOV AA
llasa3b,sr_s4_k16,1,sentence_rep,s4,16,16,64,door,12,40.96,3,0.05281234532594681,0.029835417866706848,5.8755625,0.41080090403556824,2048,True,24,28.149999999999995,1.4550621669627002,False,24,loop,0,THE DOOR STAYED OPEN THE DOOR STAYED OPEN THE DOOR STAYED OPEN
llasa3b,sr_s4_k16,2,sentence_rep,s4,16,16,64,door,7,40.96,0,0.06138227880001068,0.027822526171803474,1.4811875,0.3051689565181732,2048,True,24,28.149999999999995,1.4550621669627002,False,24,loop,0,WELL WELL WELL WELL WELTS WELL WELL
llasa3b,tw_w1_k1,0,twisters,w1,1,2,8,sea,8,3.62,1,0.01807589828968048,0.11586964130401611,6.25e-05,0.18807637691497803,181,False,0,4.820000000000002,0.7510373443983399,True,1,undercount,0,SHE SELLS SEA SHELLS BY THE TI SHORE
llasa3b,tw_w1_k1,1,twisters,w1,1,2,8,sea,8,4.82,2,0.05031224340200424,0.04326732084155083,1.74875,0.3490355610847473,241,False,1,4.820000000000002,0.9999999999999997,True,2,correct,1,SHE SELLS SEA SHELLS BY THE SEA SORE
llasa3b,tw_w1_k1,2,twisters,w1,1,2,8,sea,8,3.76,1,0.059362106025218964,0.015846339985728264,6.25e-05,0.34454014897346497,188,False,0,4.820000000000002,0.7800829875518669,True,1,undercount,0,SHE SELLS SEA SHELLS LYE A SING SHED
llasa3b,tw_w1_k2,0,twisters,w1,2,4,16,sea,16,7.48,4,0.07689854502677917,0.08022691309452057,0.44225,0.4004441797733307,374,False,2,6.640000000000001,1.1265060240963856,False,4,correct,1,SHE SELLS SEA SHELLS BY THE SEA SHORE SHE SELLS SEA SHELLS BY THE SEA SHORE
llasa3b,tw_w1_k2,1,twisters,w1,2,4,16,sea,16,5.8,4,0.15526337921619415,0.06532612442970276,0.2918125,0.5004559755325317,290,False,2,6.640000000000001,0.8734939759036143,False,4,correct,1,SHE SELLS SEA SHELLS BY THE SEA SHORE SHE SELLS SEA SHELLS BY THE SEA SHORE
llasa3b,tw_w1_k2,2,twisters,w1,2,4,16,sea,15,6.64,3,0.08223989605903625,0.07075309008359909,0.2846875,0.4383012354373932,332,False,2,6.640000000000001,0.9999999999999999,True,3,undercount,0,SHE SELLS SEA SHELLS BY THE SEA SHORE SHE SELLS SEA SHELLS BY THE SEASHORE
llasa3b,tw_w1_k4,0,twisters,w1,4,8,32,sea,39,40.96,8,0.03814683482050896,0.02617710828781128,7.8195,0.23772744834423065,2048,True,21,10.28,3.98443579766537,False,21,loop,0,SHE SELLS SEASHELLS BY THE SEA SHORE SHE SELLS SEA SHELLS BY THE SEA SHORE SHE SELLS SEASHELLS BY THE SEA SHORE SHE SELLS SEA SHELLS BY THE SEA SHORE ORE SHE SELLS SEA SHELLS BY THE SEA SHORE
llasa3b,tw_w1_k4,1,twisters,w1,4,8,32,sea,30,9.96,6,0.07074547559022903,0.04884347692131996,0.4319375,0.5437965989112854,498,False,4,10.28,0.9688715953307394,False,6,undercount,0,SHE SELLS SEA SHELLS BY THE SEASHORE SHE SELLS SEA SHELLS BY THE SEA SHORE SHE SELLS SEA SHELLS BY THE SEASHORE SHE SELLS SEA SHELLS BY THE SEA SHORE
llasa3b,tw_w1_k4,2,twisters,w1,4,8,32,sea,28,14.86,4,0.15453395247459412,0.07044430077075958,0.30625,0.6131308078765869,743,False,7,10.28,1.4455252918287937,False,7,undercount,0,SHE SELLS SEA SHELLS BY THE SEASHORE SHE SELLS SEA SHELLS BY THE SEASHORE SHE SELLS SEA SHELLS BY THE SEASHORE SHE SELLS SEA SHELLS BY THE SEASHORE
llasa3b,tw_w2_k1,0,twisters,w2,1,1,8,peck,8,5.6,0,0.004590234719216824,0.0026958014350384474,6.25e-05,0.3233124315738678,280,False,1,4.745000000000006,1.1801896733403565,True,0,undercount,0,PETER PYED THE FACT AFAD AT TATAT PATIS
llasa3b,tw_w2_k1,1,twisters,w2,1,1,8,peck,8,3.86,0,0.0052278186194598675,0.03384809568524361,0.51375,0.2420133650302887,193,False,1,4.745000000000006,0.8134878819810315,True,0,undercount,0,PETER PIPER PICKED A BAG OF PEDANG TATTERS
llasa3b,tw_w2_k1,2,twisters,w2,1,1,8,peck,8,5.26,0,0.06628166139125824,0.020842593163251877,0.6994375,0.2299579232931137,263,False,1,4.745000000000006,1.1085353003161207,True,0,undercount,0,PETER PIPER PICKED A PACK OF KITLONT PATLS
llasa3b,tw_w2_k2,0,twisters,w2,2,2,16,peck,7,40.96,0,0.057042140513658524,0.022670568898320198,26.174375,0.43557503819465637,2048,True,7,10.712000000000005,3.8237490664675113,False,7,loop,0,PETER PIPER PICKD A PICKLD PECKL PCKL
llasa3b,tw_w2_k2,1,twisters,w2,2,2,16,peck,16,6.66,0,0.14707976579666138,0.045495983213186264,0.31525,0.3676007390022278,333,False,1,10.712000000000005,0.6217326362957428,True,0,truncation,0,PETER PIPER PICKED A PACK OF PICKLED PEPPERS PETER PIPER PICKED A PACK OF PICKLED PEPPERS
llasa3b,tw_w2_k2,2,twisters,w2,2,2,16,peck,16,9.16,0,0.15947997570037842,0.023502841591835022,0.063125,0.2566077411174774,458,False,2,10.712000000000005,0.855115758028379,False,2,undercount,0,PETER PIPER PICKED A PACK OF PICKLED PEPPERS PETER PIPER PICKED A PACK OF PICKLED PEPPERS
llasa3b,tw_w2_k4,0,twisters,w2,4,4,32,peck,32,22.26,4,0.11500634998083115,0.0236447025090456,6.25e-05,0.3601889908313751,1113,False,4,22.646000000000004,0.9829550472489622,True,4,correct,1,PETER PIPER PICKED A PECK OF PICKLED PEPPERS PETER PIPER PICKED A PECK OF PICKLED PEPPERS PETER PIPER PICKED A PECK OF PICKLED PEPPERS PETER PIPER PICKED A PECK OF PICKLED PEPPERS
llasa3b,tw_w2_k4,1,twisters,w2,4,4,32,peck,16,40.96,0,0.017557863146066666,0.018088672310113907,32.5040625,0.4325064718723297,2048,True,7,22.646000000000004,1.8087079395919805,False,7,loop,0,PETER PIPER PICKED A PACK OF PICKLED PEPPERS PETER PIPER PICKED A PACK OF PICKLED PEPPERS
llasa3b,tw_w2_k4,2,twisters,w2,4,4,32,peck,32,16.14,0,0.08306927978992462,0.0282733291387558,2.1134375,0.4401504099369049,807,False,3,22.646000000000004,0.7127086461185197,False,3,undercount,0,PETER PIPER PICKED A PACK OF PICKLED PEPPERS PETER PIPER PICKED A PACK OF PICKLED PEPPERS PETER PIPER PICKED A PACK OF PICKLED PEPPERS PETER PIPER PICKED A PACK OF PICKLED PEPPERS
llasa3b,tw_w3_k1,0,twisters,w3,1,1,7,chuck,7,5.96,1,0.023369263857603073,0.06885169446468353,1.7961875,0.367020845413208,298,False,1,5.960000000000013,0.9999999999999978,True,1,correct,1,HOW MUCH WOOD WOULD A WOODCHUCK CHUCK
llasa3b,tw_w3_k1,1,twisters,w3,1,1,7,chuck,8,7.34,0,0.0716964527964592,0.06050241366028786,3.4650625,0.39486002922058105,367,False,1,5.960000000000013,1.231543624161071,True,0,undercount,0,HOW MUCH WIDE WHEN A WOT GITAK CHEK
llasa3b,tw_w3_k1,2,twisters,w3,1,1,7,chuck,7,3.62,0,0.07220613211393356,0.04863405227661133,6.25e-05,0.10468713939189911,181,False,1,5.960000000000013,0.6073825503355691,True,0,truncation,0,HOW MUCH WOOD WOULD THER CHOK CHUK
llasa3b,tw_w3_k2,0,twisters,w3,2,2,14,chuck,18,40.96,2,0.02103462442755699,0.031337495893239975,23.119,0.3104749321937561,2048,True,3,24.090000000000018,1.7002905770029046,True,2,loop,0,HOW MUCH WOOD WOULD A WOODCHUCK CHUCK HOW MUCH WOOD WOULD A WOODCHUCK CHUCK SHAP SHA RUBBER SEVENS
llasa3b,tw_w3_k2,1,twisters,w3,2,2,14,chuck,5,40.96,0,0.007796907797455788,0.021471435204148293,6.25e-05,0.8982987999916077,2048,True,3,24.090000000000018,1.7002905770029046,False,3,loop,0,AT TAT TA TA   ET
llasa3b,tw_w3_k2,2,twisters,w3,2,2,14,chuck,14,7.22,2,0.02390536107122898,0.07032302767038345,0.3895,0.312698632478714,361,False,1,24.090000000000018,0.299709422997094,True,2,truncation,0,HOW MUCH WOOD WOULD A WOODCHUCK CHUCK HOW MUCH WOOD WOULD A WOODCHUCK CHUCK
llasa3b,tw_w3_k4,0,twisters,w3,4,4,28,chuck,3,40.96,0,0.0012499361764639616,0.07510560750961304,25.886375,0.44446834921836853,2048,True,3,60.35000000000003,0.6787075393537694,False,3,loop,0,HOW MUCH W
llasa3b,tw_w3_k4,1,twisters,w3,4,4,28,chuck,35,18.14,4,0.13300396502017975,0.05834633857011795,0.34025,0.3942086696624756,907,False,2,60.35000000000003,0.30057995028997503,False,4,truncation,0,HOW MUCH WOOD WOULD A WOODCHUCK CHCK HOW MUCH WOOD WOULD A WOODCHUCK CHUCK HOW MUCH WOOD WOULD A WOODCHUCK CHUCK HOW MUCH WOOD WOULD A WOODCHUCK CHUCK HOW MUCH WOOD WOULD A WOODCHUCK CHUCK
llasa3b,tw_w3_k4,2,twisters,w3,4,4,28,chuck,47,40.96,12,0.08045262843370438,0.054963693022727966,0.4959375,0.4248756170272827,2048,True,3,60.35000000000003,0.6787075393537694,False,12,loop,0,HOW MUCH WOOD WOULD  WOOD CHUCK CHUCK HOW MUCH WOOUD WOULD A WOOD CHUCK CHUCK HOW MUCH WOOD WOOD A WOOD CHUCK CHUCK HOW MUCH WOOD WOULD A WOOD CHUCK CHUCK HOW MUCH WOOD WOULD A WOOLD CHUCK CHUCK HOW MUCH WOOD WOOLD A WOOLD CHUCK CHUCK
llasa3b,tw_w4_k1,0,twisters,w4,1,4,8,lorry,8,4.02,3,0.18721193075180054,0.010831900872290134,0.153125,0.5894094705581665,201,False,1,4.745000000000006,0.8472075869336131,False,3,undercount,0,RED LORRY YELLOW LORRY RED LORRY YELLOW LORY
llasa3b,tw_w4_k1,1,twisters,w4,1,4,8,lorry,8,5.58,1,0.2421136051416397,0.026361700147390366,0.225875,0.42218899726867676,279,False,1,4.745000000000006,1.175974710221284,True,1,undercount,0,RED LOURY YELLOW LORRY RED LAURY YELLOW LORY
llasa3b,tw_w4_k1,2,twisters,w4,1,4,8,lorry,8,6.92,0,0.06654839217662811,0.004057596437633038,0.3055,0.3269057869911194,346,False,1,4.745000000000006,1.458377239199155,True,0,undercount,0,RED LORI YELLOW LORI RED LORI YELLOW LORI
llasa3b,tw_w4_k2,0,twisters,w4,2,8,16,lorry,16,11.84,0,0.13535144925117493,0.03890039026737213,0.243625,0.2524327039718628,592,False,2,10.712000000000005,1.105302464525765,False,2,undercount,0,RED LORI YELLOW LORI RED LOURI YELLOW LURI RED LOURI YELLOW LOURI RED LORI YELLOW LOURI
llasa3b,tw_w4_k2,1,twisters,w4,2,8,16,lorry,9,40.96,0,0.13328269124031067,0.012067454867064953,6.25e-05,0.48700663447380066,2048,True,7,10.712000000000005,3.8237490664675113,False,7,loop,0,RED LORY YELLLOW LOORI RED LORI YELL LRI INI
llasa3b,tw_w4_k2,2,twisters,w4,2,8,16,lorry,16,7.58,0,0.07891036570072174,0.002394790994003415,0.3710625,0.24633687734603882,379,False,1,10.712000000000005,0.7076176250933529,True,0,undercount,0,RED GLORY YELLOW LORY RED LOR YELLOW LORY RED LORY YELLOW LORY RED LORY YELLOW LORY
llasa3b,tw_w4_k4,0,twisters,w4,4,16,32,lorry,34,40.96,4,0.21467380225658417,0.010080677457153797,6.25e-05,0.4725843369960785,2048,True,7,22.646000000000004,1.8087079395919805,False,7,loop,0,RED LRY YELLOW LORRI RED LORY YELLOW LORI RED LORRY YELLOW LORI RED LORRY YELLOW LORRI RED LORRY YELLOW LORRI RED LRY YELLOW LORRI RED LORRI YELLOW LORI RED LORRY YELLOW LORI TO DI
llasa3b,tw_w4_k4,1,twisters,w4,4,16,32,lorry,33,28.48,0,0.0671510174870491,0.003970715217292309,0.211375,0.5282700061798096,1424,False,5,22.646000000000004,1.257617239247549,False,5,undercount,0,RED NORRY YELLOW NORRY RED NORRY YELLOW NORRY RED NRRY YELLOW NORRY RED NORRY YELLOW NORRI RED NORY YELLOW NORRY RED NORRY YELLOW NORRY RED NO NORRY YELLOW NORRY RED NORRY YELLOW NORRY
llasa3b,tw_w4_k4,2,twisters,w4,4,16,32,lorry,32,24.62,4,0.13578268885612488,0.011281774379312992,0.0803125,0.3341136574745178,1231,False,4,22.646000000000004,1.0871677117371719,True,4,undercount,0,RED LORI YELLOW LORRI RED LURY YELLOW LORY RED LORY YELLOW LORRY RED LORIY YELLOW LRY RED LORRY YELLOW LORRY RED LORI YELLOW LRY RED LORI YELLOW LORRY RED LORRI YELLOW LORY
llasa3b,tw_w5_k1,0,twisters,w5,1,2,8,sixth,0,40.96,0,0.0006407307810150087,0.07317210733890533,6.25e-05,0.7358471751213074,2048,True,7,4.745000000000006,8.632244467860895,False,7,empty,0,
llasa3b,tw_w5_k1,1,twisters,w5,1,2,8,sixth,8,8.1,0,0.07656433433294296,0.03914706036448479,0.408875,0.1408681422472,405,False,2,4.745000000000006,1.7070600632244444,False,2,loop,0,THE SIX SIK SHAKES SIX SHAP IS SIK
llasa3b,tw_w5_k1,2,twisters,w5,1,2,8,sixth,8,5.88,0,0.07185114920139313,0.04857835918664932,1.2030625,0.18298295140266418,294,False,1,4.745000000000006,1.2391991570073746,True,0,undercount,0,THE SIX SIX SHANKS SIX SHANK A SAK
llasa3b,tw_w5_k2,0,twisters,w5,2,4,16,sixth,16,16.82,2,0.04614889621734619,0.05566929280757904,5.9631875,0.33689558506011963,841,False,3,10.712000000000005,1.5702016430171764,True,2,undercount,0,THE SIXTH SIK SHAKES SIX SHEEP IS SICK THE SIXTH SIK SHAKES SIX SHEEP IS SICK
llasa3b,tw_w5_k2,1,twisters,w5,2,4,16,sixth,33,40.96,0,0.02177690714597702,0.013290243223309517,6.25e-05,0.1495191752910614,2048,True,7,10.712000000000005,3.8237490664675113,False,7,loop,0,THE SX SIX SIX SIX SI  SIT TH SIX SIX SIX SX S IS SIT SIX SX I IS SIT SIX HE A SIK A SIX SIX HIV A SK SIX HI SIX
llasa3b,tw_w5_k2,2,twisters,w5,2,4,16,sixth,15,9.54,0,0.06846419721841812,0.0035654064267873764,6.25e-05,0.23836039006710052,477,False,2,10.712000000000005,0.8905899925317396,False,2,undercount,0,H SIX SIX SIX SI I SIX I SIX SIX SX SIX SHE I SIX
llasa3b,tw_w5_k4,0,twisters,w5,4,8,32,sixth,32,19.6,8,0.03523331880569458,0.07461395114660263,0.97825,0.26251643896102905,980,False,3,22.646000000000004,0.8654950101563189,False,8,correct,1,THE SIXTH SIK SHEEK SIXTH SHEEP IS SICK THE SIXTH SIK SHEEK SIXTH SHEEP IS SICK THE SIXTH SIX SHEEXT SIXTH SHEEP IS SICK THE SIXTH SK SHEE SIXTH SHEEP IS SICK
llasa3b,tw_w5_k4,1,twisters,w5,4,8,32,sixth,27,40.96,0,0.00018640577036421746,0.06296738982200623,6.25e-05,0.6063773036003113,2048,True,7,22.646000000000004,1.8087079395919805,False,7,empty,0,A  OO OT T  O     OT T LOK LK LO LOK LOK LTLOK LOK OTO LOK LAO LO A UP AT LLOK LOT LOT OT MAE A
llasa3b,tw_w5_k4,2,twisters,w5,4,8,32,sixth,32,14.2,0,0.06914962083101273,0.0895056277513504,0.2378125,0.37058454751968384,710,False,3,22.646000000000004,0.6270423032765167,False,3,truncation,0,THE SIX SIX SHAKE SIX SHEEP IS SICK THE SIX SIX SHAKE SIX SHEEP IS SICK THE SIX SIX SHAE SIX SHEEP IS SICK THE SIX SIX SHAKE SIX SHEEP IS SICK
llasa3b,tw_w6_k1,0,twisters,w6,1,0,5,s,5,5.0,0,0.03906748443841934,0.03508724644780159,6.25e-05,0.24475398659706116,250,False,1,4.540000000000004,1.101321585903083,True,0,correct,1,SIX SLET SLIM SEPAL SAPLINGS
llasa3b,tw_w6_k1,1,twisters,w6,1,0,5,s,5,4.16,0,0.0029266225174069405,0.06975819170475006,0.7544375,0.44867387413978577,208,False,1,4.540000000000004,0.916299559471365,True,0,correct,1,SIX SLICK SLIM SICKEING SAPLINGS
llasa3b,tw_w6_k1,2,twisters,w6,1,0,5,s,5,4.46,0,0.008571693673729897,0.08039741218090057,6.25e-05,0.4004352390766144,223,False,1,4.540000000000004,0.9823788546255499,True,0,correct,1,SIX SLIK SMELL SICAMORE SOPPINGS
llasa3b,tw_w6_k2,0,twisters,w6,2,0,10,s,10,7.28,0,0.054781168699264526,0.12040512263774872,0.747875,0.3305785655975342,364,False,2,7.046666666666671,1.0331125827814562,False,2,correct,1,SIX SLICK SLIM SYCAMORE SAPLINGS SIX SLICK SLIM SYCAMORE SAPLINGS
llasa3b,tw_w6_k2,1,twisters,w6,2,0,10,s,10,6.2,0,0.12029612064361572,0.09950394183397293,0.3425625,0.33389756083488464,310,False,2,7.046666666666671,0.8798486281929985,False,2,correct,1,SIX SLICK SLIM SYCAMORE SAPLINGS SIX SLIX SLIM SYCAMORE SAPLINGS
llasa3b,tw_w6_k2,2,twisters,w6,2,0,10,s,10,7.66,0,0.02473796159029007,0.11270726472139359,0.00025,0.26184332370758057,383,False,2,7.046666666666671,1.0870387890255433,False,2,correct,1,SIX SLEAK SLIM SICAMORE SAPLINGS SIX SLEIK SLIM SICAMORE SAPLINGS
llasa3b,tw_w6_k4,0,twisters,w6,4,0,20,s,20,12.2,0,0.0402609221637249,0.09311887621879578,0.365375,0.36240074038505554,610,False,4,12.060000000000006,1.0116086235489214,False,4,correct,1,SIX SLICK SLIM SYCAMORE SAPLINGS SIX SLIX SLIM SYCAMORE SAPLINGS SIX SLICX SLIM SYCAMORE SAPLINGS SIX SLIX SLIM SYCAMORE SAPLINGS
llasa3b,tw_w6_k4,1,twisters,w6,4,0,20,s,20,10.52,0,0.06640519946813583,0.04156765341758728,0.17575,0.289055198431015,526,False,3,12.060000000000006,0.872305140961857,False,3,correct,1,SIX SLEIK SLIM SYCAMORE SAPLINGS SIX SLEIK SLIM SYCAMORE SAPLINGS SIX SLEIX SLIM SYCAMORE SAPLINGS SIX SLEIX SLIM SYCAMORE SAPLINGS
llasa3b,tw_w6_k4,2,twisters,w6,4,0,20,s,20,13.68,0,0.06766286492347717,0.04609273001551628,0.2535,0.5519272089004517,684,False,5,12.060000000000006,1.1343283582089547,False,5,correct,1,SIX SLICK SLIM SYCAMORE SAPLINGS SIX SLICK SLIM SYCAMORE SAPLINGS SIX SLICK SLM SYCAMORE SAPLINGS SIX SLICK SLIM SYCAMORE SAPLINGS
llasa3b,tw_w7_k1,0,twisters,w7,1,0,5,fr,4,4.64,0,0.030100524425506592,0.02679487131536007,6.25e-05,0.40625932812690735,232,False,1,4.520000000000005,1.0265486725663704,True,0,correct,1,FUS THINGS BA ATIN
llasa3b,tw_w7_k1,1,twisters,w7,1,0,5,fr,5,4.46,0,0.02058524452149868,0.06218889728188515,0.64125,0.3050439655780792,223,False,1,4.520000000000005,0.986725663716813,True,0,correct,1,FRESH FRENCH FLAG FLAG FETUS
llasa3b,tw_w7_k1,2,twisters,w7,1,0,5,fr,5,4.46,0,0.003604187862947583,0.14050650596618652,6.25e-05,0.4319901168346405,223,False,1,4.520000000000005,0.986725663716813,True,0,correct,1,FRESH FRENCH BRIDE LANT ATI
llasa3b,tw_w7_k2,0,twisters,w7,2,0,10,fr,10,9.66,0,0.05728036165237427,0.0690598413348198,0.1425625,0.2634460926055908,483,False,2,8.17333333333334,1.1818923327895587,False,2,correct,1,FRESH FRENCH FRIED FLY FRIDDES FRESH FRENCH FRIED FLY FRIDDES
llasa3b,tw_w7_k2,1,twisters,w7,2,0,10,fr,10,8.1,0,0.06556231528520584,0.07686792314052582,0.614,0.269283652305603,405,False,2,8.17333333333334,0.9910277324632946,False,2,correct,1,FRESH FRENCH FRIED FLY FRITTERS FRESH FRENCH FRIED FLY FRITTERS
llasa3b,tw_w7_k2,2,twisters,w7,2,0,10,fr,10,6.76,0,0.013538185507059097,0.1296723186969757,0.1153125,0.3663078844547272,338,False,2,8.17333333333334,0.8270799347471446,False,2,correct,1,FRESH FRENCH BRIDE SAD FINICE FESH FENCH FAT SAD FAIC
llasa3b,tw_w7_k4,0,twisters,w7,4,0,20,fr,10,40.96,0,0.04733464866876602,0.07209370285272598,17.67975,0.4930982291698456,2048,True,11,15.480000000000011,2.645994832041342,False,11,loop,0,FRESH FRENCH FRIED FLY FRETCH FRENCH FRIED FLY FRECHFRENCH FRID
llasa3b,tw_w7_k4,1,twisters,w7,4,0,20,fr,15,15.92,0,0.05987933650612831,0.05821695551276207,0.416,0.3935866355895996,796,False,4,15.480000000000011,1.0284237726098184,False,4,correct,1,FRESH FRENCH FRIED FLY FRITTERS FRESH FRENCH FRIED FLY FRITTERS FRESH FRENCH FRIED FLY FRITTERS
llasa3b,tw_w7_k4,2,twisters,w7,4,0,20,fr,30,40.96,0,0.08730347454547882,0.0611240528523922,0.0796875,0.7011430859565735,2048,True,11,15.480000000000011,2.645994832041342,False,11,loop,0,FRESH FRENCH FRIED FLI FRITTERS FRESH FRENCH FRIED FLIE FRITTERS FRESH FRENCH FRIED FLIED FRITTERS FRESH FRENCH FRIED FLY FRITTERS FRESH FRENCH FRIED FLI FRITTERS FRESH FRENCH FRIED FLIE FRITTERS
llasa3b,tw_w8_k1,0,twisters,w8,1,3,6,rural,6,5.72,1,0.02774922177195549,0.0253347996622324,0.65125,0.33365628123283386,286,False,1,4.745000000000006,1.205479452054793,True,1,undercount,0,TRULY RURAL TWENTY NINE TWENTY NINE
llasa3b,tw_w8_k1,1,twisters,w8,1,3,6,rural,6,7.34,0,0.13738062977790833,0.03004688210785389,0.2735625,0.37095144391059875,367,False,1,4.745000000000006,1.5468914646996819,True,0,undercount,0,TURI WA TOY A TOY W
llasa3b,tw_w8_k1,2,twisters,w8,1,3,6,rural,4,5.64,1,0.06230933591723442,0.008912339806556702,6.25e-05,0.2927057147026062,282,False,1,4.745000000000006,1.188619599578502,True,1,undercount,0,TRULY RURAL FAE FA
llasa3b,tw_w8_k2,0,twisters,w8,2,6,12,rural,10,15.6,4,0.16912290453910828,0.05822315812110901,0.252625,0.14931227266788483,780,False,3,10.712000000000005,1.4563106796116498,True,4,undercount,0,TRULY RURAL TRULY  RURAL TRULY RURAL TRULY RURAL TRULY TRURAL
llasa3b,tw_w8_k2,1,twisters,w8,2,6,12,rural,10,34.72,0,0.2537277638912201,0.021774129942059517,6.25e-05,0.22001637518405914,1736,False,6,10.712000000000005,3.2412247946228514,False,6,loop,0,TRULY VURAL TRULY  VURAL TRULY VURAL TRULY VURAL TRULY VURALL
llasa3b,tw_w8_k2,2,twisters,w8,2,6,12,rural,6,40.96,3,0.014596013352274895,0.0017870560986921191,6.25e-05,0.5360947847366333,2048,True,7,10.712000000000005,3.8237490664675113,False,7,loop,0,TRULY RURAL TRULY RURAL TRULY RURAL
llasa3b,tw_w8_k4,0,twisters,w8,4,12,24,rural,5,40.96,0,0.3633573055267334,0.0034069668035954237,6.25e-05,0.39719974994659424,2048,True,7,22.646000000000004,1.8087079395919805,False,7,loop,0,TO LEAVE RO TRULY RO
llasa3b,tw_w8_k4,1,twisters,w8,4,12,24,rural,24,16.62,1,0.2371377795934677,0.038202013820409775,0.200625,0.7616162896156311,831,False,3,22.646000000000004,0.7339044422856132,False,3,undercount,0,TRULY RURAL TRULY MORAL TRULY MORAL TRULY MRL TRUL MRL TRULY MORL TRULY MOROL TRULY OR TRULY MRAL TRULY RAL TRULY MORAL TRULY MOROL
llasa3b,tw_w8_k4,2,twisters,w8,4,12,24,rural,2,40.96,0,0.04212551936507225,0.03419361263513565,37.573125,0.7385650873184204,2048,True,7,22.646000000000004,1.8087079395919805,False,7,loop,0,FREE A
llasa3b,wr_blue_t4_k01,0,word_rep,t4,1,1,8,blue,5,2.68,0,0.003573897760361433,0.12009043991565704,0.014375,0.06765773892402649,134,False,1,3.64,0.7362637362637363,True,0,undercount,0,THE LIGHT WAS BLU OSNO
llasa3b,wr_blue_t4_k01,1,word_rep,t4,1,1,8,blue,7,3.64,1,0.004897513892501593,0.05815762281417847,0.3155,0.050526298582553864,182,False,1,3.64,1.0,True,1,correct,1,THE LIGHT WAS BLUE BEFORE HISTA ARRIVED
llasa3b,wr_blue_t4_k01,2,word_rep,t4,1,1,8,blue,6,3.18,0,0.04194973409175873,0.006861829198896885,6.25e-05,0.11258693784475327,159,False,1,3.64,0.8736263736263736,True,0,undercount,0,THE LAT WAS ING EFORTHE STARO
llasa3b,wr_blue_t4_k02,0,word_rep,t4,2,2,9,blue,8,4.0,0,0.027500594034790993,0.02572222426533699,0.7618125,0.09374502301216125,200,False,1,7.28,0.5494505494505494,True,0,truncation,0,THE LIGHT WAS BU MA AN FACE TAAND
llasa3b,wr_blue_t4_k02,1,word_rep,t4,2,2,9,blue,9,11.4,0,0.1083514615893364,0.03609291464090347,6.25e-05,0.3685174584388733,570,False,3,7.28,1.565934065934066,False,3,undercount,0,THAT WAS NO NO THAT THOU IST GONE A
llasa3b,wr_blue_t4_k02,2,word_rep,t4,2,2,9,blue,5,2.84,0,0.008051020093262196,0.02582244947552681,6.25e-05,0.25636735558509827,142,False,1,7.28,0.39010989010989006,True,0,truncation,0,THE WHITEAS LOVMO OTUS ALO
llasa3b,wr_blue_t4_k03,0,word_rep,t4,3,3,10,blue,9,5.84,0,0.012625658884644508,0.021694116294384003,0.131875,0.3425736427307129,292,False,2,10.92,0.5347985347985348,False,2,truncation,0,THE LIKE NES YE AR FAR FA E FAGISTAIN
llasa3b,wr_blue_t4_k03,1,word_rep,t4,3,3,10,blue,9,4.82,0,0.00513044698163867,0.031983885914087296,0.999375,0.11694217473268509,241,False,1,10.92,0.44139194139194143,True,0,truncation,0,THE LIGHT WAS NE DE DAN TE FOCISTONE ANNA
llasa3b,wr_blue_t4_k03,2,word_rep,t4,3,3,10,blue,10,4.24,2,0.10856537520885468,0.0026226600166410208,0.011,0.13069353997707367,212,False,1,10.92,0.3882783882783883,True,2,truncation,0,THE LIGHT WAS BLUE BLUE KIN THE FLAMES CAME T
llasa3b,wr_blue_t4_k04,0,word_rep,t4,4,4,11,blue,13,6.14,0,0.02140115201473236,0.01758241094648838,0.2361875,0.15361100435256958,307,False,2,14.56,0.42170329670329665,False,2,truncation,0,THE LIGHT WAS BU HER HER ER HERE A FANT A STONE WALL
llasa3b,wr_blue_t4_k04,1,word_rep,t4,4,4,11,blue,11,7.66,0,0.0030042496509850025,0.040318507701158524,0.4410625,0.16036903858184814,383,False,2,14.56,0.5260989010989011,False,2,truncation,0,THE LIGHT WAS PA NOW NO NO BEFORE THE STORM ARRIVED
llasa3b,wr_blue_t4_k04,2,word_rep,t4,4,4,11,blue,11,4.76,2,0.11082786321640015,0.0013756284024566412,6.25e-05,0.24582794308662415,238,False,1,14.56,0.32692307692307687,True,2,truncation,0,THE WHITE WAS BLUE BUE BLUE BU CAID THE SNOA AT
llasa3b,wr_blue_t4_k06,0,word_rep,t4,6,6,13,blue,13,7.28,1,0.021196788176894188,0.007434748578816652,0.0134375,0.3581430912017822,364,False,2,21.84,0.33333333333333337,True,1,truncation,0,THE LIGHT WAS BLUE BLANK BLANK BLAN BLANK BLAN BEFORE E STAR LAMP
llasa3b,wr_blue_t4_k06,1,word_rep,t4,6,6,13,blue,15,40.96,3,0.03956432640552521,0.01722055673599243,6.25e-05,0.6730794906616211,2048,True,11,21.84,1.8754578754578755,False,11,loop,0,THE LIT WAS BLUE BLUE LUE BLUE LUE BLU MISSIS ARLOLITE O BE BE EP
llasa3b,wr_blue_t4_k06,2,word_rep,t4,6,6,13,blue,14,7.24,3,0.12016255408525467,0.011090276762843132,0.7899375,0.15354739129543304,362,False,2,21.84,0.3315018315018315,True,3,truncation,0,THE LIGHT WAS BLUE BLUE BLUE NO NO NO NO BEFORE THE STORM ARRIVED
llasa3b,wr_blue_t4_k08,0,word_rep,t4,8,8,15,blue,13,10.54,0,0.008351616561412811,0.012910609133541584,0.09875,0.27357736229896545,527,False,3,29.12,0.3619505494505494,False,3,truncation,0,THE LIGHT WAS GLON O  O  O O  O THE FINE STI NO
llasa3b,wr_blue_t4_k08,1,word_rep,t4,8,8,15,blue,34,21.6,0,0.01457151211798191,0.005845752544701099,2.2410625,0.27982601523399353,1080,False,6,29.12,0.7417582417582418,False,6,undercount,0,THE LAG WAS BI A TO TO O TO TO TO TO T TO TO T TO TO TO TO PO TO TO TO TA T TA TO TO TO TO TO TA TO
llasa3b,wr_blue_t4_k08,2,word_rep,t4,8,8,15,blue,13,6.02,2,0.023194527253508568,0.014217550866305828,6.25e-05,0.3179183602333069,301,False,2,29.12,0.20673076923076922,True,2,truncation,0,THE LIGHT WAS BLUE BLUE BON BRO BO  BON BRID FARTHEST DOW ELIE
llasa3b,wr_blue_t4_k12,0,word_rep,t4,12,12,19,blue,17,40.96,0,0.14418992400169373,0.008424666710197926,18.581125,0.5984019637107849,2048,True,11,43.68,0.9377289377289377,False,11,loop,0,LIKEWIS WELL WELL WELL WELL WELL WELL WELL WELL WELL WELL WELL WELL WELL WELL WELL WE
llasa3b,wr_blue_t4_k12,1,word_rep,t4,12,12,19,blue,19,7.42,12,0.2170625776052475,0.029920220375061035,0.259375,0.10375961661338806,371,False,2,43.68,0.16987179487179488,False,12,truncation,0,THE LIGHT WAS BLUE BLUE BLUE BLUE BLUE BLUE BLUE BLUE BLUE BLUE BLUE BLUE BEFORE THE STORM ARRIVED
llasa3b,wr_blue_t4_k12,2,word_rep,t4,12,12,19,blue,18,7.4,11,0.04202815145254135,0.019740428775548935,0.3435,0.16193963587284088,370,False,2,43.68,0.16941391941391942,False,11,truncation,0,THE LIGHT WAS BLUE BLUE BLUE BLUE BLUE BLUE BLUE BLUE BLUE BLUE BLUE BEFORE THE STORM ARRIVED
llasa3b,wr_blue_t4_k16,0,word_rep,t4,16,16,23,blue,0,40.96,0,2.2963155061006546e-05,0.03958627209067345,6.25e-05,4.639285577923147e-07,2048,True,11,58.24,0.7032967032967032,False,11,empty,0,
llasa3b,wr_blue_t4_k16,1,word_rep,t4,16,16,23,blue,22,7.56,14,0.2216748297214508,0.03861366957426071,0.3259375,0.32567834854125977,378,False,2,58.24,0.1298076923076923,False,14,truncation,0,THE WIT WAS BLUE BLUE LUE BLUE BLUE BLUE BLUE BLUE BLUE BLUE BLUE BLUE BLUE BLUE BLUE BEFORE THE STORM ARRIVED
llasa3b,wr_blue_t4_k16,2,word_rep,t4,16,16,23,blue,92,40.96,55,0.04114222899079323,0.0013125288533046842,6.25e-05,0.6727092862129211,2048,True,11,58.24,0.7032967032967032,False,55,loop,0,THE LIGHT WAS BLUE BLUE BLUE BLUE BLUE BLUE BLUE BLUE BLUE BLUE BLUE BLUE BLUE BLUE BLUE BLUE BLUE BLUE BLUE BLUE BLUE BLUE BLUE BLUE BLUE BLUE BLUE BLUE BLUE BLUE BLUE BLUE BLUE BLUE BLUE BLUE BLUE BLUE BLUE BLUE BLUE BLUE BLUE BLUE BLUE BLUE BLUE BLUE BLUE BLUE BLUE BLUE BLUE BLUE OE BLE BLOE BLOE BLOE BLOE BLOE BLOE BLOE BLOE BLOE BLOE BLOE BLOE BLOE BLOE BLOE BLOE BLOE BLOE BLOE BLUOE BLOE BLOE BLOE BLUOE BLOE BLOE BLOE BLOE BLUOE BLUOE BLUE BLOE BL
llasa3b,wr_blue_t4_k24,0,word_rep,t4,24,24,31,blue,4,40.96,0,0.021993396803736687,0.023347970098257065,6.25e-05,0.6592064499855042,2048,True,11,87.36,0.46886446886446886,False,11,loop,0,I AG  IA BY
llasa3b,wr_blue_t4_k24,1,word_rep,t4,24,24,31,blue,53,26.66,44,0.057749271392822266,0.0005864474806003273,6.25e-05,0.44082197546958923,1333,False,7,87.36,0.3051739926739927,False,44,overcount,0,THE LIGHT WAS BLUE BLUE BLUE BLUE BLUE BLUE BLUE BLUE BLUE BLUE BLUE BLUE BLUE BLUE BLUE BLUE BLUE BLUE BLUE BLUE BLUE BLUE BLUE BLUE BLUE BLUE BLUE BLUE BLUE BLUE BLUE BLUE BLUE BLUE BLUE BLUE BLUE BLUE BLUE BLUE BLUE BLUE BLUE BLUE BEFORE THE STORM ARRIVED IVED DAY
llasa3b,wr_blue_t4_k24,2,word_rep,t4,24,24,31,blue,79,40.26,23,0.24879050254821777,0.017088428139686584,6.25e-05,0.632365345954895,2013,False,11,87.36,0.4608516483516483,False,23,truncation,0,THE LIGHT WAS BLUE BLU BLUE BLU BLUE BLUE BLUE BLUE BLU BLU BLUE BLO BLUO BLU BLU BLUO BLUE BLUE BLU BLUO BLUO BLUO BLUE BLUE BLUO BLUO BLUO BLUO BLUE BLOE BLUE BLUOE BLUE BLU BLUOE BLU BLUE BLUE BLUE BLUE BLU BLUE BLUE BLUE BLUO BLUE BLUE BL BLO BLO BL BLO BLO BLO BLO LO BLO LO BL BLO BL BL BLO BLO BLO BLO BL BL BLO BLO BL BL BLOO BL BLO BL
llasa3b,wr_blue_t4_k32,0,word_rep,t4,32,32,39,blue,1,40.96,0,0.06009550765156746,0.015627311542630196,37.472,0.8228233456611633,2048,True,11,116.48,0.3516483516483516,False,11,loop,0,DO
llasa3b,wr_blue_t4_k32,1,word_rep,t4,32,32,39,blue,35,16.88,28,0.04342084750533104,0.0055665490217506886,0.5925,0.332803875207901,844,False,5,116.48,0.1449175824175824,False,28,truncation,0,THE LIGHT WAS BLUE BLUE BLUE BLUE BLUE BLUE BLUE BLUE BLUE BLUE BLUE BLUE BLUE BLUE BLUE BLUE BLUE BLUE BLUE BLUE BLUE BLUE BLUE BLUE BLUE BLUE BLUE BLUE YOU BEFORE THE STORM
llasa3b,wr_blue_t4_k32,2,word_rep,t4,32,32,39,blue,24,40.96,19,0.21390517055988312,0.015345534309744835,6.25e-05,0.719248354434967,2048,True,11,116.48,0.3516483516483516,False,19,loop,0,THE LIGHT WAS BLUE BLUE BLUE BLUE BLUE BLUE BLUE BLUE BLUE BLUE BLUE BLUE BLUE BLUE BLUE BLUE BLUE BLUE BLUE BLU BEFOR
llasa3b,wr_far_t3_k01,0,word_rep,t3,1,1,9,far,10,4.4,1,0.02406255342066288,0.04480898380279541,0.6850625,0.23677530884742737,220,False,1,4.780000000000001,0.920502092050209,True,1,correct,1,HE WALKED FAR INTO THE FACE AS THE CLEARED UP
llasa3b,wr_far_t3_k01,1,word_rep,t3,1,1,9,far,10,5.16,1,0.07352041453123093,0.030536044389009476,0.266125,0.20082075893878937,258,False,1,4.780000000000001,1.0794979079497906,True,1,correct,1,HE WALKED FAR INTO THE FOREST BEFORE TIING A GAPE
llasa3b,wr_far_t3_k01,2,word_rep,t3,1,1,9,far,0,40.96,0,0.00906984694302082,0.001395251601934433,6.25e-05,0.851213812828064,2048,True,28,4.780000000000001,8.569037656903763,False,28,degenerate,0,
llasa3b,wr_far_t3_k02,0,word_rep,t3,2,2,10,far,10,6.38,1,0.10833548754453659,0.043449968099594116,1.2823125,0.35139694809913635,319,False,2,6.130000000000001,1.0407830342577487,True,1,undercount,0,HE WALKED FAR AFAR INTO THE FOREST OFD FOUNT URNINGBE
llasa3b,wr_far_t3_k02,1,word_rep,t3,2,2,10,far,11,6.3,1,0.08547091484069824,0.03578729182481766,0.399,0.21796879172325134,315,False,2,6.130000000000001,1.027732463295269,True,1,undercount,0,HE WOP HOW FAR IT WAS A FOREST BEFORE TURVING BACK
llasa3b,wr_far_t3_k02,2,word_rep,t3,2,2,10,far,0,12.64,0,0.009199544787406921,0.0028840629383921623,6.25e-05,0.1328558474779129,632,False,7,6.130000000000001,2.061990212071778,False,7,degenerate,0,
llasa3b,wr_far_t3_k03,0,word_rep,t3,3,3,11,far,11,7.48,3,0.016058165580034256,0.05968745797872543,1.9260625,0.5097145438194275,374,False,3,7.48,1.0,True,3,correct,1,HE WALKED FAR FAR FAR INTO THE FOREST BEFORE TURND UP
llasa3b,wr_far_t3_k03,1,word_rep,t3,3,3,11,far,11,5.5,2,0.06496482342481613,0.06012304872274399,0.8935625,0.480206161737442,275,False,2,7.48,0.7352941176470588,True,2,undercount,0,HE WALKED FAR FAR FARTE INTO THE FOREST BEFORE TURNING BACK
llasa3b,wr_far_t3_k03,2,word_rep,t3,3,3,11,far,5,11.24,0,0.019715620204806328,0.0009780944092199206,6.25e-05,0.4046735167503357,562,False,6,7.48,1.5026737967914439,False,6,undercount,0,THE NEX MA O FON
llasa3b,wr_far_t3_k04,0,word_rep,t3,4,4,12,far,12,9.44,4,0.03734856843948364,0.12515664100646973,2.3796875,0.2928852438926697,472,False,4,8.83,1.0690826727066818,True,4,correct,1,HE WALKED FAR FAR FAR FAR INTO THE FOREST BEFORE TURNING BACK
llasa3b,wr_far_t3_k04,1,word_rep,t3,4,4,12,far,12,7.54,4,0.09983901679515839,0.02375490963459015,0.5093125,0.2869417667388916,377,False,3,8.83,0.8539071347678369,True,4,correct,1,HE WALKED FAR FAR FAR FAR INTO THE FOREST BEFORE CLYING DACK
llasa3b,wr_far_t3_k04,2,word_rep,t3,4,4,12,far,0,14.26,0,0.01469867117702961,0.0017647378845140338,6.25e-05,0.25839945673942566,713,False,8,8.83,1.6149490373725934,False,8,degenerate,0,
llasa3b,wr_far_t3_k06,0,word_rep,t3,6,6,14,far,14,11.36,6,0.034146104007959366,0.10089463740587234,0.3256875,0.41341960430145264,568,False,6,11.53,0.9852558542931483,True,6,correct,1,HE WALKED FAR FAR FAR FAR FAR FAR INTO THE FOREST BEFORE TURNING BACK
llasa3b,wr_far_t3_k06,1,word_rep,t3,6,6,14,far,12,40.96,0,0.03801487013697624,0.05071981996297836,13.3755,0.6510241627693176,2048,True,28,11.53,3.5524718126626196,False,28,loop,0,O WAT A A    R INTO THE POREST OF OR CALINDA ETMEN
llasa3b,wr_far_t3_k06,2,word_rep,t3,6,6,14,far,14,8.42,6,0.04607945680618286,0.07221094518899918,0.6975625,0.32952404022216797,421,False,4,11.53,0.7302688638334779,False,6,correct,1,HE WALKED FAR FAR FAR FAR FAR FAR INTO THE FOREST BEFORE TURNING BACK
llasa3b,wr_far_t3_k08,0,word_rep,t3,8,8,16,far,16,8.8,8,0.04437660053372383,0.07527674734592438,0.3858125,0.5688803195953369,440,False,4,14.229999999999999,0.61841180604357,False,8,truncation,0,HE WALKED FAR FAR FAR FAR FAR FAR FAR FAR INTO THE FOREST BEFORE TURNING BACK
llasa3b,wr_far_t3_k08,1,word_rep,t3,8,8,16,far,16,7.06,8,0.051629599183797836,0.04183923825621605,0.473375,0.5605787634849548,353,False,3,14.229999999999999,0.4961349262122277,False,8,truncation,0,HE WALKED FAR FAR FAR FAR FAR FAR FAR FAR INTO THE FOREST BEFORE TURNING BACK
llasa3b,wr_far_t3_k08,2,word_rep,t3,8,8,16,far,16,7.42,8,0.030873339623212814,0.02561676874756813,0.2648125,0.23967404663562775,371,False,3,14.229999999999999,0.5214335910049193,False,8,truncation,0,HE WALKED FAR FAR FAR FAR FAR FAR FAR FAR INTO THE FOREST BEFORE TURNING BACK
llasa3b,wr_far_t3_k12,0,word_rep,t3,12,12,20,far,19,8.2,11,0.024625489488244057,0.06685662269592285,6.25e-05,0.22323890030384064,410,False,4,19.63,0.41772796739684154,False,11,truncation,0,HE WALKED FAR FAR FAR FAR FAR FAR FAR FAR FAR FAR FAR INTO THE FOREST BEFORE TURNING BACK
llasa3b,wr_far_t3_k12,1,word_rep,t3,12,12,20,far,20,15.26,12,0.034833867102861404,0.10779377073049545,0.6900625,0.19379746913909912,763,False,9,19.63,0.7773815588385125,False,12,correct,1,HE WALKED FAR FAR FAR FAR FAR FAR FAR FAR FAR FAR FAR FAR INTO THE FOREST BEFORE TURNING BACK
llasa3b,wr_far_t3_k12,2,word_rep,t3,12,12,20,far,20,13.56,12,0.022448288276791573,0.04494309797883034,0.6104375,0.24496489763259888,678,False,8,19.63,0.6907794192562405,False,12,truncation,0,HE WALKED FAR FAR FAR FAR FAR FAR FAR FAR FAR FAR FAR FAR INTO THE FOREST BEFORE TURNING BACK
llasa3b,wr_far_t3_k16,0,word_rep,t3,16,16,24,far,23,9.3,14,0.03033584915101528,0.12723682820796967,0.806875,0.4351208209991455,465,False,4,25.029999999999998,0.37155413503795454,False,14,truncation,0,HE WALKED FAR FAR FAR FAR FAR FR FAR FAR FAR FAR FAR FAR FAR FAR FAR INTO THE FOREST BEFORE TURNING BACK
llasa3b,wr_far_t3_k16,1,word_rep,t3,16,16,24,far,25,13.7,17,0.007594600319862366,0.0538853257894516,0.0038125,0.49052098393440247,685,False,8,25.029999999999998,0.547343188174191,False,17,overcount,0,HE WALKED FAR FAR FAR FAR FAR FAR FAR FAR FAR FAR FAR FAR FAR FAR FAR FAR FAR INTO THE FOREST BEFORE TURNING BACK
llasa3b,wr_far_t3_k16,2,word_rep,t3,16,16,24,far,20,19.24,12,0.028967756778001785,0.058053068816661835,0.1148125,0.2730349004268646,962,False,12,25.029999999999998,0.7686775868957252,True,12,undercount,0,HE WALKED FAR FAR FAR FAR FAR FAR FAR FAR FAR FAR FAR FAR INTO THE FOREST BEFORE TURNING BACK
llasa3b,wr_far_t3_k24,0,word_rep,t3,24,24,32,far,30,17.94,22,0.015874356031417847,0.07018184661865234,0.3285625,0.430502712726593,897,False,11,35.82999999999999,0.5006977393245885,False,22,truncation,0,HE WALKED FAR FAR FAR FAR FAR FAR FAR FAR FAR FAR FAR FAR FAR FAR FAR FAR FAR FAR FAR FAR FAR FAR INTO THE FOREST BEFORE TURNING BACK
llasa3b,wr_far_t3_k24,1,word_rep,t3,24,24,32,far,26,20.38,18,0.04234950244426727,0.054535750299692154,0.3054375,0.4468327760696411,1019,False,13,35.82999999999999,0.5687970974044099,False,18,truncation,0,HE WALKED FAR FAR FAR FAR FAR FAR FAR FAR FAR FAR FAR FAR FAR FAR FAR FAR FAR FAR INTO THE FOREST BEFORE TURNING BACK
llasa3b,wr_far_t3_k24,2,word_rep,t3,24,24,32,far,24,18.46,15,0.021609816700220108,0.05507232993841171,0.345375,0.49410727620124817,923,False,11,35.82999999999999,0.5152107172760259,False,15,truncation,0,HE WALKED FAR FAR FAR FAR FAR FAR FAR FAR FAR FAR FAR FAR FAR FAR FAR FOR INTO THE FOREST BEFORE TURNING BACK
llasa3b,wr_far_t3_k32,0,word_rep,t3,32,32,40,far,56,33.42,44,0.02449866384267807,0.10549887269735336,6.25e-05,0.505101203918457,1671,False,22,46.62999999999999,0.7167059832725715,False,44,overcount,0,HE WALKED FAR FAR FAR FAR FAR FAR FAR FAR FAR FAR FAR FAR FAR FAR FAR FAR FAR FAR FAR FAR FAR FAR FAR FAR FAR FAR FAR FAR FAR FAR FAR FAR FAR FAR FAR FAR FAR FAR FAR FAR FAR FAR FAR FAR INTO THE F E FOREST BEFORE TURNING BACK FULL HE
llasa3b,wr_far_t3_k32,1,word_rep,t3,32,32,40,far,29,22.26,21,0.030650537461042404,0.06431591510772705,0.9106875,0.5603573322296143,1113,False,14,46.62999999999999,0.4773750804203304,False,21,truncation,0,HE WALKED FAR FAR FAR FAR FAR FAR FAR FAR FAR FAR FAR FAR FAR FAR FAR FAR FAR FAR FAR FAR FAR INTO THE FOREST BEFORE TURNING BACK
llasa3b,wr_far_t3_k32,2,word_rep,t3,32,32,40,far,27,18.38,24,0.04454997926950455,0.01656242460012436,6.25e-05,0.7956749200820923,919,False,11,46.62999999999999,0.39416684537851177,False,24,truncation,0,HE WALKED FAR FAR FAR FAR FAR FAR FAR FAR FAR FAR FAR FAR FAR FAR FAR FAR FAR R FAR FAR FAR FAR FAR FAR FAR
llasa3b,wr_no_t2_k01,0,word_rep,t2,1,1,11,no,10,4.52,1,0.038277942687273026,0.022911904379725456,6.25e-05,0.23684288561344147,226,False,1,4.405,1.0261066969353005,True,1,correct,1,SHE SAID NO TO THE OFFER AND A LEF MAHOM
llasa3b,wr_no_t2_k01,1,word_rep,t2,1,1,11,no,1,11.26,0,0.0011941742850467563,0.11527404189109802,3.471375,0.27925583720207214,563,False,6,4.405,2.5561861520998863,False,6,loop,0,A
llasa3b,wr_no_t2_k01,2,word_rep,t2,1,1,11,no,8,5.26,1,0.0906110554933548,0.023090511560440063,0.9866875,0.3009236752986908,263,False,2,4.405,1.1940976163450623,True,1,correct,1,SHE SAID NO PEGALFA AND I LEFT ALL
llasa3b,wr_no_t2_k02,0,word_rep,t2,2,2,12,no,9,4.88,2,0.04312220215797424,0.025309178978204727,0.7814375,0.1676560342311859,244,False,1,5.700000000000001,0.8561403508771928,True,2,correct,1,SHE SAID NO NO KAGAFA AND GEN AFTTE HER
llasa3b,wr_no_t2_k02,1,word_rep,t2,2,2,12,no,10,8.22,0,0.023980891332030296,0.06103142350912094,1.088875,0.40582501888275146,411,False,4,5.700000000000001,1.4421052631578946,False,4,undercount,0,EA SET NARE TO THE AFFAR AND ENTED THE ROOM
llasa3b,wr_no_t2_k02,2,word_rep,t2,2,2,12,no,10,4.58,2,0.06832075119018555,0.028810977935791016,1.024125,0.35431280732154846,229,False,1,5.700000000000001,0.8035087719298244,True,2,correct,1,SHE SAID NO NO TO HEFA AND I LEFT ON
llasa3b,wr_no_t2_k03,0,word_rep,t2,3,3,13,no,13,6.36,3,0.04230029508471489,0.035957347601652145,0.6656875,0.27068841457366943,318,False,3,6.995000000000001,0.9092208720514653,True,3,correct,1,SHE SAID NO NO NO TO THE ELEPHONT AND THEN LEFT THE ROOM
llasa3b,wr_no_t2_k03,1,word_rep,t2,3,3,13,no,12,8.6,3,0.07428796589374542,0.02971920371055603,1.056375,0.28638073801994324,430,False,4,6.995000000000001,1.2294496068620442,True,3,correct,1,SHE SAID NO NO NO TO THE OFFER AND THEN LEFT ALONE
llasa3b,wr_no_t2_k03,2,word_rep,t2,3,3,13,no,11,5.48,1,0.035779718309640884,0.012117783538997173,0.00475,0.43297716975212097,274,False,2,6.995000000000001,0.7834167262330235,True,1,undercount,0,SHE SAID NO O A KAN THEALTINE I DI AT AOM
llasa3b,wr_no_t2_k04,0,word_rep,t2,4,4,14,no,4,40.96,0,0.00591962831094861,0.04360513389110565,0.7689375,0.2653511166572571,2048,True,29,8.290000000000003,4.940892641737031,False,29,loop,0,SHE SAID EAF TE
llasa3b,wr_no_t2_k04,1,word_rep,t2,4,4,14,no,8,40.96,0,0.03205602988600731,0.07856523990631104,11.355125,0.76198810338974,2048,True,29,8.290000000000003,4.940892641737031,False,29,loop,0,SHES THEN MI MILIE O HE  A A
llasa3b,wr_no_t2_k04,2,word_rep,t2,4,4,14,no,14,4.7,4,0.04467075690627098,0.03899576887488365,0.0133125,0.33403825759887695,235,False,1,8.290000000000003,0.5669481302774425,False,4,truncation,0,SHE SAID NO NO NO NO TO THE AFFUR AND THEN LEFT THE ROOM
llasa3b,wr_no_t2_k06,0,word_rep,t2,6,6,16,no,0,40.96,0,0.00012424217129591852,0.025927996262907982,6.25e-05,0.08584009110927582,2048,True,29,10.880000000000003,3.7647058823529402,False,29,empty,0,
llasa3b,wr_no_t2_k06,1,word_rep,t2,6,6,16,no,15,11.1,6,0.1186351552605629,0.02832638844847679,0.3293125,0.260357141494751,555,False,6,10.880000000000003,1.020220588235294,True,6,correct,1,SHE SAID NO NO NO NO NO NO TO THE OFFER AND TEN LEFT TEN
llasa3b,wr_no_t2_k06,2,word_rep,t2,6,6,16,no,4,40.96,0,0.1439225971698761,0.0008932013297453523,6.25e-05,0.8942289352416992,2048,True,29,10.880000000000003,3.7647058823529402,False,29,loop,0,SHE FA NIO EGAGA
llasa3b,wr_no_t2_k08,0,word_rep,t2,8,8,18,no,17,7.2,7,0.03118564933538437,0.08383980393409729,0.4940625,0.27468472719192505,360,False,3,13.470000000000004,0.5345211581291758,False,7,truncation,0,SHE SAID NO NO NO NO NO NO NO TO THE OFFER AND THEN LEFT THE ROOM
llasa3b,wr_no_t2_k08,1,word_rep,t2,8,8,18,no,17,10.62,15,0.10255305469036102,0.02452588453888893,0.6013125,0.7215237617492676,531,False,6,13.470000000000004,0.7884187082405342,False,15,overcount,0,ITIS SO NO NO NO NO NO NO NO NO NO NO NO NO NO NO NO
llasa3b,wr_no_t2_k08,2,word_rep,t2,8,8,18,no,20,7.24,10,0.06450385600328445,0.018084343522787094,0.2984375,0.2546990215778351,362,False,3,13.470000000000004,0.5374907201187823,False,10,overcount,0,SHE SAID NO NO NO NO NO NO NO NO NO NO TO THE OFFER AND THEN LEFT THE ROOM
llasa3b,wr_no_t2_k12,0,word_rep,t2,12,12,22,no,25,13.04,15,0.05362442508339882,0.012723777443170547,0.0243125,0.3120376765727997,652,False,8,18.650000000000006,0.6991957104557638,False,15,overcount,0,SHE SAID NO NO NO NO NO NO NO NO NO NO NO NO NO NO NO TO THE OFFER AND THEN LEFT THE ROOM
llasa3b,wr_no_t2_k12,1,word_rep,t2,12,12,22,no,83,19.16,81,0.203224316239357,0.0052031646482646465,6.25e-05,0.645436704158783,958,False,12,18.650000000000006,1.027345844504021,False,81,overcount,0,SHE SAID NO NO NO NO NO NO NO NO NO NO NO NO NO NO NO NO NO NO NO NO NO NO NO NO NO NO NO NO NO NO NO NO NO NO NO NO NO NO NO NO NO NO NO NO NO NO NO NO NO NO NO NO NO NO NO NO NO NO NO NO NO NO NO NO NO NO NO NO NO NO NO NO NO NO NO NO NO NO NO NO NO
llasa3b,wr_no_t2_k12,2,word_rep,t2,12,12,22,no,21,13.52,11,0.05185386538505554,0.06158920004963875,0.719875,0.4338970482349396,676,False,8,18.650000000000006,0.7249329758713134,False,11,undercount,0,SHE SAID NO NO NO NO NO NO NO NO NO NO NO TO THE OFFER AND THEN LEFT THE ROOM
llasa3b,wr_no_t2_k16,0,word_rep,t2,16,16,26,no,23,13.04,13,0.1622553914785385,0.013549735769629478,6.25e-05,0.5858631134033203,652,False,8,23.83000000000001,0.547209399916072,False,13,truncation,0,SHE SAID NO NO NO NO NO NO NO NO NO NO NO NO NO TO THE OFFER AND THEN LEFT THE ROOM
llasa3b,wr_no_t2_k16,1,word_rep,t2,16,16,26,no,34,40.96,26,0.05275614932179451,0.016287285834550858,6.25e-05,0.4775960445404053,2048,True,29,23.83000000000001,1.7188417960553917,False,29,loop,0,SHE SAID NO NO NO NO NO NO NO NO NO NO NO NO NO NO NO NO NO NO NO NO NO NO NO NO NO NO TO THEE OFFER ATOO DA DA
llasa3b,wr_no_t2_k16,2,word_rep,t2,16,16,26,no,25,5.7,15,0.08737198263406754,0.019357196986675262,0.2825,0.2694741487503052,285,False,2,23.83000000000001,0.23919429290809896,False,15,truncation,0,SHE SAID NO NO NO NO NO NO NO NO NO NO NO NO NO NO NO TO THE OFFER AND THEN LEFT THE ROOM
llasa3b,wr_no_t2_k24,0,word_rep,t2,24,24,34,no,106,40.96,54,0.07229392230510712,0.0021326541900634766,6.25e-05,0.5216944217681885,2048,True,29,34.19000000000001,1.1980111143609238,False,54,loop,0,SHE SAID NO NO NO NO NO NO NO NO NO NO NO NO NO NO NO NO NO NO NO NO NO NO NO NO NO NO NO NO NO NO NO NO N NO NO NO NO NO NO NO NO NO NO NO NO NO NO NO NO NO NO NO NO NO NOW NOW NOW NOW NOW NOW NOW NOW NOW NOW NOW NOW NOW NO NOW NOW NOW NOW NOW NOW NOW NOW NOW NOW NOW NOW NOW NOW NOW NOW NOW NOW NOW NOW NOW NOW NOW NOW NOW NOW NOW NOW NOW NOW NOW NOW NOW NOW NOW NOW
llasa3b,wr_no_t2_k24,1,word_rep,t2,24,24,34,no,41,40.96,39,0.16831067204475403,0.0564308799803257,0.154625,0.8444986343383789,2048,True,29,34.19000000000001,1.1980111143609238,False,39,loop,0,SHE SAID NO NO NO NO NO NO NO NO NO NO NO NO NO NO NO NO NO NO NO NO NO NO NO NO NO NO NO NO NO NO NO NO NO NO NO NO NO NO NO
llasa3b,wr_no_t2_k24,2,word_rep,t2,24,24,34,no,35,15.24,25,0.07244554907083511,0.007719133049249649,0.0343125,0.5295100808143616,762,False,9,34.19000000000001,0.44574436969874215,False,25,overcount,0,SHE SAID NO NO NO NO NO NO NO NO NO NO NO NO NO NO NO NO NO NO NO NO NO NO NO NO NO TO THE OFFER AND THEN LEFT THE ROOM
llasa3b,wr_no_t2_k32,0,word_rep,t2,32,32,42,no,45,17.3,36,0.20560717582702637,0.009307903237640858,6.25e-05,0.39528989791870117,865,False,11,44.55000000000002,0.38832772166105484,False,36,overcount,0,SHE SAID NO NO NO NO NO NO NO NO NO NO NO NO NO NO NO NO NO NO NO NO NO NO NO NO NO NO NO NO NO NO NO NO NO NO NO NO THE OFFER AND THEN LEFT THE ROOM
llasa3b,wr_no_t2_k32,1,word_rep,t2,32,32,42,no,5,40.96,3,0.1268896609544754,0.045353230088949203,0.0008125,0.7192274928092957,2048,True,29,44.55000000000002,0.9194163860830524,False,29,loop,0,SHE SAID NO NO NO
llasa3b,wr_no_t2_k32,2,word_rep,t2,32,32,42,no,36,8.66,26,0.0491350032389164,0.012367045506834984,6.25e-05,0.28212663531303406,433,False,4,44.55000000000002,0.19438832772166098,False,26,truncation,0,SHE SAID NO NO NO NO NO NO NO NO NO NO NO NO NO NO NO NO NO NO NO NO NO NO NO NO NO NO TO THE OFFER AND THEN LEFT THE ROOM
llasa3b,wr_quick_t5_k01,0,word_rep,t5,1,1,8,quick,8,3.38,1,0.11642560362815857,0.10615081340074539,0.654125,0.16060367226600647,169,False,1,3.8099999999999987,0.8871391076115488,True,1,correct,1,THE RUNNER MOVED QUICK ALONG THE NARROW PATH
llasa3b,wr_quick_t5_k01,1,word_rep,t5,1,1,8,quick,8,5.36,0,0.11754030734300613,0.02565648965537548,0.4029375,0.29753822088241577,268,False,3,3.8099999999999987,1.4068241469816278,False,3,undercount,0,THE RONG INELS CROOK ALONG THE NARROW PATH
llasa3b,wr_quick_t5_k01,2,word_rep,t5,1,1,8,quick,7,4.24,1,0.10194511711597443,0.0021624199580401182,6.25e-05,0.25061821937561035,212,False,1,3.8099999999999987,1.112860892388452,True,1,correct,1,THE RUNNER MOVED QUICK A EN ATAT
llasa3b,wr_quick_t5_k02,0,word_rep,t5,2,2,9,quick,9,3.56,2,0.10957428812980652,0.12355505675077438,0.855,0.13359716534614563,178,False,1,4.809999999999999,0.7401247401247404,True,2,correct,1,THE RUNNER MOVED QUICK QUICK ALONG THE NARROW PATH
llasa3b,wr_quick_t5_k02,1,word_rep,t5,2,2,9,quick,9,6.06,2,0.11798526346683502,0.04124550148844719,0.2493125,0.2734996974468231,303,False,3,4.809999999999999,1.25987525987526,True,2,correct,1,THE RUNNER MOVED QUICK QUICK AON THE MERROW PATH
llasa3b,wr_quick_t5_k02,2,word_rep,t5,2,2,9,quick,6,4.24,0,0.093207947909832,0.0015475490363314748,0.0015625,0.15241818130016327,212,False,1,4.809999999999999,0.8814968814968818,True,0,undercount,0,THE RUNER MOVED QUICKLY PULLIN AAFALT
llasa3b,wr_quick_t5_k03,0,word_rep,t5,3,3,10,quick,10,3.86,2,0.0794546827673912,0.07346059381961823,0.5220625,0.13372382521629333,193,False,1,5.809999999999999,0.6643717728055079,True,2,truncation,0,THE RUNNER MOVED QUICK QUICK QUACK ALONG THE NIR PATH
llasa3b,wr_quick_t5_k03,1,word_rep,t5,3,3,10,quick,10,5.76,0,0.05107022449374199,0.03794720023870468,0.6475,0.21771281957626343,288,False,3,5.809999999999999,0.9913941480206542,False,3,undercount,0,THE RUNNER MOVED CLAK CLAK CLIP OOR A NARROW PATH
llasa3b,wr_quick_t5_k03,2,word_rep,t5,3,3,10,quick,8,5.9,1,0.12360265851020813,0.0012269015423953533,6.25e-05,0.23780027031898499,295,False,3,5.809999999999999,1.015490533562823,False,3,undercount,0,THE RUNNER MOVED QUICK EK PET KEP NEOUT
llasa3b,wr_quick_t5_k04,0,word_rep,t5,4,4,11,quick,4,10.78,1,0.02238672971725464,0.010618614964187145,6.25e-05,0.3468920588493347,539,False,8,6.809999999999999,1.5829662261380326,False,8,undercount,0,THE RUNNER MOVED QUICK
llasa3b,wr_quick_t5_k04,1,word_rep,t5,4,4,11,quick,11,6.3,0,0.06646537780761719,0.03923879563808441,0.65125,0.22458049654960632,315,False,3,6.809999999999999,0.9251101321585905,False,3,undercount,0,THE RUNNER ROOFED CLICK CLICK CLICK CLICK ALONG THE NARROW PATH
llasa3b,wr_quick_t5_k04,2,word_rep,t5,4,4,11,quick,11,9.5,0,0.0987616777420044,0.0018297197530046105,6.25e-05,0.3008878231048584,475,False,7,6.809999999999999,1.3950073421439062,False,7,undercount,0,THE RUNNER NO PLICK PUICK CICK ICK ALON THE YELLOW FOK
llasa3b,wr_quick_t5_k06,0,word_rep,t5,6,6,13,quick,15,8.58,8,0.16969966888427734,0.07355447113513947,0.229,0.21783438324928284,429,False,6,8.809999999999999,0.9738933030646993,False,8,overcount,0,THE RUNNER MOVED QUICK QUICK QUICK QUICK QUICK QUICK QUICK QUICK ALONG THE NARROW PATH
llasa3b,wr_quick_t5_k06,1,word_rep,t5,6,6,13,quick,13,7.76,5,0.10130924731492996,0.03126880154013634,0.4450625,0.3692220449447632,388,False,5,8.809999999999999,0.880817253121453,True,5,undercount,0,THE RUNNER LOLS QUICK QUICK QUICK QUICK UICK QUICK ALONGS A NARROW PATH
llasa3b,wr_quick_t5_k06,2,word_rep,t5,6,6,13,quick,1,18.1,0,0.034079182893037796,0.0007659342954866588,6.25e-05,0.9073925018310547,905,False,15,8.809999999999999,2.0544835414301934,False,15,loop,0,ANP
llasa3b,wr_quick_t5_k08,0,word_rep,t5,8,8,15,quick,16,14.88,0,0.025934360921382904,0.018351919949054718,0.791875,0.17482911050319672,744,False,12,10.809999999999999,1.376503237742831,False,12,undercount,0,THE RAIROD PLAT PLAT PLAT PLT PLAT PLAT PLT PLAT PLA PLAT A A NA A
llasa3b,wr_quick_t5_k08,1,word_rep,t5,8,8,15,quick,7,32.94,0,0.0009555559372529387,0.012814771384000778,6.25e-05,0.31866833567619324,1647,False,30,10.809999999999999,3.0471785383903796,False,30,empty,0,TTEN THEHENE AA EE E TA A
llasa3b,wr_quick_t5_k08,2,word_rep,t5,8,8,15,quick,16,8.1,0,0.10656838864088058,0.002401381963863969,6.25e-05,0.33106696605682373,405,False,5,10.809999999999999,0.7493061979648474,False,5,undercount,0,AN TEN E RUS CLACK CLACK CLACK CLACK CLACK CLACK CLACK CLAK AL THE YELLOW CALL
llasa3b,wr_quick_t5_k12,0,word_rep,t5,12,12,19,quick,17,40.96,0,0.000788410019595176,0.012325341813266277,6.25e-05,0.44234001636505127,2048,True,38,14.809999999999997,2.765698852126942,False,38,empty,0,I O O TAT TAT TAT TA AT TAT TAT AT AT TA AT TT TAT TAT
llasa3b,wr_quick_t5_k12,1,word_rep,t5,12,12,19,quick,57,23.44,21,0.08979669213294983,0.06169436499476433,0.08325,0.3647945821285248,1172,False,21,14.809999999999997,1.5827143821742071,True,21,overcount,0,THE RUNNER MOVED QUICK QUICK QUICK QUICK UICK QUIK QUICK QUICK QUICK QUICK QUIK QUIK QUIK QICK QUIK QUIK QUIK QUIK QUIK QUIK WUIK QUICK QUK QUICK ICK QUICK UICK QUICK QUICK QUICK QUICK QUIK QUICK QUICK QUICK UICK QUIK QUIK QUICK UICK QUEIK QUEIK QUIK QUIK QUIK QUIK QUIK QUIK QUIK QUICK QUICK I O O
llasa3b,wr_quick_t5_k12,2,word_rep,t5,12,12,19,quick,20,10.44,13,0.03498043864965439,0.029209161177277565,0.9293125,0.30913975834846497,522,False,8,14.809999999999997,0.7049291019581365,False,13,overcount,0,THE RUNNER MOVED QUICK QUICK QUICK QUICK QUICK QUICK QUICK QUICK QUICK QUICK QUICK QUICK QUICK ALONG THE NARROW PATH
llasa3b,wr_quick_t5_k16,0,word_rep,t5,16,16,23,quick,77,40.96,67,0.04881788417696953,0.0014302462805062532,6.7849375,0.45343583822250366,2048,True,38,18.809999999999995,2.1775651249335466,False,67,loop,0,THE RUNNER MOVED QUICK QUICK QUICK QUICK QUICK QUICK QUICK QUICK QUICK QUICK QUICK QUICK QUICK QUICK QUICK QUICK QUICK QUICK QUICK QUICK QUICK QUICK QUICK QUICK QUICK QUICK QUICK QUICK QUICK QUICK QUICK QUICK QUICK QUICK QUICK QUICK QUICK QUICK QUICK QUICK QUICK QUICK QUICK QUICK QUICK QUICK QUICK QUICK QUICK QUICK QUICK QUICK QUICK QUICK QUICK QUICK QUICK QUICK QUICK QUICK QUICK QUICK QUICK QUICK QUICK QUICK QUICK PRIK QUIK QUIK QUIK QUI QUIK QUIK
llasa3b,wr_quick_t5_k16,1,word_rep,t5,16,16,23,quick,25,7.28,17,0.029478244483470917,0.0072547802701592445,0.162625,0.12352969497442245,364,False,4,18.809999999999995,0.38702817650186083,False,17,overcount,0,THE RUNNER MOVED QUICK QUICK QUICK QUICK QUICK QUICK QUICK QUICK QUICK QUICK QUICK QUICK QUICK QUICK QUICK QUICK UICK QUICK ALONG THE NARROW PATH
llasa3b,wr_quick_t5_k16,2,word_rep,t5,16,16,23,quick,24,8.64,16,0.08864383399486542,0.02442299947142601,0.1575,0.2613833546638489,432,False,6,18.809999999999995,0.45933014354067,False,16,truncation,0,THE RUNNER MOVED QUICK QUICK QUICK QUICK QUICK QUICK QUICK QUICK UICK QUICK QUICK QUICK QUICK QUICK QUICK QUICK QUICK ALONG THE NARROW PATH
llasa3b,wr_quick_t5_k24,0,word_rep,t5,24,24,31,quick,118,40.96,53,0.10934609174728394,0.0003173803852405399,0.027875,0.4315046966075897,2048,True,38,26.809999999999995,1.5277881387541965,False,53,loop,0,THE RUNNER MOVE QUICK QUICK QUICK QUICK UICK QUICK QUICK QUICK QWCK QWICK WUICK WUICK WICK QUICK WICK WUICK WICK WICK QUICK WICK WUICK WICK WICK WICK WCK QUICK QUICK QUCK QUICK WUICK QUICK QUICK QUICK WUICK QUICK QUICK QUICK QUICK QUICK QUICK QUICK QUICK QUICK QUICK QUICK QUICK QUICK QUICK QUICK QUICK QUICK QUICK QUICK QUICK QUICK QUICK QUICK QUICK QUICK QUICK QUICK QUICK QUICK QUICK QUICK QUICK QUICK QUICK QUICK QUICK QUICK QUICK IK QUIK QUIK QUIK QUIK QUK QIK QUIK QUK QUIK QUIK QIK QUIK QUIK QUIK QUIK QUIK QUIK QUK UK QUK QUIK QUK QU QUK QUK QUIK QUIK QUIK QUIK QUIK QUIK QUIK QIK QUIK QUK QUK QUIK QUI QUIK QUIK QUIK QUI
llasa3b,wr_quick_t5_k24,1,word_rep,t5,24,24,31,quick,89,19.86,62,0.059841372072696686,0.0018446180038154125,6.25e-05,0.508984386920929,993,False,17,26.809999999999995,0.74076837001119,False,62,overcount,0,THE RUNNER MOVED QUICK QUICK QUICK QUICK QUICK QUICK QUICK QUICK QUICK QUICK UICK QUICK QUICK QUICK UICK QUICK QUHICK QUICK UICK QUICK QUIK QUICK UCK WICK UCK QUICK QUICK UICK UICK QUICK QUICK QUICK QUICK UICK QUICK QUICK QUICK UICK QUICK QUICK QUICK QUICK QUICK QUICK UICK QUICK QUICK QUICK QUICK QUICK UICK QUICK QUICK UCK QUICK QUICK UICK QUICK QUICK QUICK UICK QUICK QUICK QUICK QUICK QUICK QUICK QUICK UICK QUICK QUICK QUICK QUICK QUICK QUICK QUICK UICK QUICK QUICK QUICK UICK UICK WUICK WUICK QUICK W
llasa3b,wr_quick_t5_k24,2,word_rep,t5,24,24,31,quick,41,25.54,36,0.08192548155784607,0.005014038644731045,0.0855625,0.5075267553329468,1277,False,23,26.809999999999995,0.9526296158149945,False,36,overcount,0,THE RUNNER MOVED QUICK QUICK QUICK QUICK QUICK QUICK QUICK QUICK QUICK QUICK QUICK QUICK QUICK QUICK QUICK QUICK QUICK QUICK QUICK QUICK QUICK QUICK QUICK QUICK QUICK QUICK QUICK QUICK QUICK QUICK QUICK QUICK QUICK QUICK QUICK QUICK AL SO
llasa3b,wr_quick_t5_k32,0,word_rep,t5,32,32,39,quick,29,9.34,19,0.1235584244132042,0.002815288258716464,0.0945,0.4778761565685272,467,False,7,34.809999999999995,0.2683137029589199,False,19,truncation,0,THE RUNNER MOVED E QUICK QUICK QUICK QUICK UICK QUICK QUICK QUICK QUICK UICK QUICK QUICK QUICK QUICK QUICK QUICK QUICK QUICK QUICK QUICK QUICK ALONG THE NARROW PATH
llasa3b,wr_quick_t5_k32,1,word_rep,t5,32,32,39,quick,31,9.68,23,0.21155624091625214,0.007362153381109238,0.0919375,0.3408457040786743,484,False,7,34.809999999999995,0.2780810112036771,False,23,truncation,0,THE RUNNER MOVED QUICK QUICK QUICK QUICK QUICK UICK QUICK QUICK QUICK QUICK QUICK QUICK QUICK QUICK QUICK QUICK QUICK QUICK QUICK QUICK QUICK QUICK QUICK QUICK ALONG THE NARROW PATH
llasa3b,wr_quick_t5_k32,2,word_rep,t5,32,32,39,quick,31,11.72,23,0.09464710205793381,0.018965816125273705,6.25e-05,0.5346283912658691,586,False,9,34.809999999999995,0.3366848606722207,False,23,truncation,0,THE RUNNER MOVED QUICK QUICK QUICK QUICK QUICK QUICK QUICK QUICK QUICK QUICK QUICK QUICK QUICK QUICK QUICK QUICK QUICK QUICK QUICK QUICK QUICK QUICK QUICK ALONG THE NARROW PATH AH
llasa3b,wr_really_t6_k01,0,word_rep,t6,1,1,8,really,7,4.12,1,0.10095452517271042,0.048388369381427765,0.364125,0.1304706633090973,206,False,3,3.5400000000000005,1.1638418079096045,False,3,correct,1,THEY WERE REALLY TIRED AFTER THE LOGIN
llasa3b,wr_really_t6_k01,1,word_rep,t6,1,1,8,really,8,3.66,1,0.16167359054088593,0.047213368117809296,0.2354375,0.24834485352039337,183,False,1,3.5400000000000005,1.0338983050847457,True,1,correct,1,THEY WERE REALLY TIRED AFTER THE LONG JOURNEY
llasa3b,wr_really_t6_k01,2,word_rep,t6,1,1,8,really,8,2.84,1,0.11992314457893372,0.042723968625068665,0.04775,0.1690317690372467,142,False,0,3.5400000000000005,0.8022598870056495,True,1,correct,1,THEY WERE REALLY TIRED AFTER THE LONG GAME
llasa3b,wr_really_t6_k02,0,word_rep,t6,2,2,9,really,9,3.86,2,0.11189758777618408,0.06519763171672821,0.293125,0.1931619942188263,193,False,2,3.8600000000000003,0.9999999999999999,True,2,correct,1,THEY WERE REALLY REALLY TIRED AFTER THE LONG JOURNEY
llasa3b,wr_really_t6_k02,1,word_rep,t6,2,2,9,really,8,5.36,0,0.014306902885437012,0.03651880472898483,0.443625,0.3110508620738983,268,False,7,3.8600000000000003,1.38860103626943,False,7,undercount,0,DE RE AA TIED UP TE LON GON
llasa3b,wr_really_t6_k02,2,word_rep,t6,2,2,9,really,9,4.9,1,0.11925589293241501,0.001610185601748526,6.25e-05,0.16213244199752808,245,False,5,3.8600000000000003,1.2694300518134716,False,5,undercount,0,THEY WERE REALLY RAT AG UP IN ALONG FAMLI
llasa3b,wr_really_t6_k03,0,word_rep,t6,3,3,10,really,11,6.38,0,0.10766691714525223,0.027110766619443893,0.2275,0.2297542691230774,319,False,10,4.180000000000001,1.526315789473684,False,10,undercount,0,THEY WI LE E ME TUCH I START TE O JOHNNY
llasa3b,wr_really_t6_k03,1,word_rep,t6,3,3,10,really,10,5.48,1,0.12786725163459778,0.028938015922904015,0.232375,0.30769267678260803,274,False,7,4.180000000000001,1.3110047846889952,False,7,undercount,0,THEY WERE REALLY NA NAY TIRED AFTER THE LONG JOURNEY
llasa3b,wr_really_t6_k03,2,word_rep,t6,3,3,10,really,1,40.96,0,0.007474901154637337,0.0011183073511347175,6.25e-05,0.493442565202713,2048,True,118,4.180000000000001,9.799043062200957,False,118,loop,0,E
llasa3b,wr_really_t6_k04,0,word_rep,t6,4,4,11,really,0,40.96,0,2.2798818463343196e-05,0.06933208554983139,6.25e-05,4.124267434235662e-06,2048,True,118,4.5,9.102222222222222,False,118,empty,0,
llasa3b,wr_really_t6_k04,1,word_rep,t6,4,4,11,really,11,7.36,0,0.09766046702861786,0.03736252337694168,0.3113125,0.2911672294139862,368,False,13,4.5,1.6355555555555557,False,13,loop,0,TER WAI LA AI L RI TIED AFTER THE LONG JURNY
llasa3b,wr_really_t6_k04,2,word_rep,t6,4,4,11,really,11,6.76,4,0.054274700582027435,0.015632787719368935,0.30025,0.2066810131072998,338,False,11,4.5,1.5022222222222221,False,11,miscount,0,THEY WERE REALLY REALLY REALLY REALLY TIRED AFTER THE LONG JOURNEY
llasa3b,wr_really_t6_k06,0,word_rep,t6,6,6,13,really,22,20.4,15,0.12342891842126846,0.02594669722020626,0.2556875,0.3386640250682831,1020,False,54,5.140000000000001,3.9688715953307385,False,54,loop,0,THEY WERE REALLY REALLY  REALLY  REALLY REALLY REALLY REALLY REALLY REALLY REALLY REALLY REALLY REALLY REALLY REALLY TIRED AFTER THE LONG JOURNEY
llasa3b,wr_really_t6_k06,1,word_rep,t6,6,6,13,really,12,8.16,2,0.12712225317955017,0.017148058861494064,0.3166875,0.2559179365634918,408,False,15,5.140000000000001,1.5875486381322956,False,15,undercount,0,THEY WERE REALLY YONA RA RLY REALLY TIRED I THOUGHT THEON JO
llasa3b,wr_really_t6_k06,2,word_rep,t6,6,6,13,really,6,40.96,1,0.05464758723974228,0.0010157196084037423,7.356,0.8333397507667542,2048,True,118,5.140000000000001,7.9688715953307385,False,118,loop,0,THEY WERE REALLY L E T
llasa3b,wr_really_t6_k08,0,word_rep,t6,8,8,15,really,14,6.24,7,0.22874131798744202,0.020347008481621742,0.3045,0.21576832234859467,312,False,9,5.779999999999999,1.0795847750865053,False,9,undercount,0,THEY WERE REALLY REALLY REALLY REALLY REALLY REALLY REALLY TIRED AFTER THE LONG JOURNEY
llasa3b,wr_really_t6_k08,1,word_rep,t6,8,8,15,really,14,8.16,1,0.1356070637702942,0.019867299124598503,0.432625,0.6489945650100708,408,False,15,5.779999999999999,1.411764705882353,False,15,undercount,0,THEY WERE REALLY A A A A  EE ETE TIRED AFTER THE LONG JOURN
llasa3b,wr_really_t6_k08,2,word_rep,t6,8,8,15,really,15,6.44,7,0.08398859202861786,0.008234878070652485,0.3373125,0.2944069504737854,322,False,10,5.779999999999999,1.1141868512110729,False,10,undercount,0,THEY WERE REALLY REALLY REALLY REALLY REALL REALLY REALLY REALLY TIRED AFTER THE LONG JOURNEY
llasa3b,wr_really_t6_k12,0,word_rep,t6,12,12,19,really,18,9.96,11,0.2603173851966858,0.013811142183840275,0.2686875,0.17629219591617584,498,False,21,7.06,1.4107648725212467,False,21,undercount,0,THEY WERE REALLY REALLY REALLY REALLY REALLY REALLY REALLY REALLY REALLY REALLY REALLY TIRED AFTER THE LONG JOURNEY
llasa3b,wr_really_t6_k12,1,word_rep,t6,12,12,19,really,10,40.96,4,0.0951044112443924,0.0038053428288549185,6.25e-05,0.6010385751724243,2048,True,118,7.06,5.801699716713881,False,118,loop,0,THEY WERE REALLY REALLYLY REALLY REALY REALLY REALLY REALY REALYREA
llasa3b,wr_really_t6_k12,2,word_rep,t6,12,12,19,really,18,5.82,10,0.06906742602586746,0.006863706279546022,0.2405625,0.177413210272789,291,False,8,7.06,0.8243626062322947,False,10,undercount,0,THEY WERE REALLY REALLY REALLY REALLY REALLY REALLY REALL REALLY REALLY REALLY REALLY TIRED AFTER THE LONG JOURNEY
llasa3b,wr_really_t6_k16,0,word_rep,t6,16,16,23,really,21,7.2,13,0.2059117704629898,0.0017242421163246036,0.284875,0.31095167994499207,360,False,12,8.34,0.8633093525179857,True,13,undercount,0,THEY WERE REALLY REALL REALLY REALLY REALLY REALLY REALLY REALLY REALLY REALLY REALLY REALLY REALLY REALLY TIRED AFTER THE LONG JOURNEY
llasa3b,wr_really_t6_k16,1,word_rep,t6,16,16,23,really,20,40.96,14,0.08255647867918015,0.026743141934275627,0.4011875,0.4402550458908081,2048,True,118,8.34,4.91127098321343,False,118,loop,0,THEY WERE REALLY REALLY REALLY REALLY REALLY REALLY REALLY REALLY REALLY REALLY REALLY REALLY REALLY RALLY RELLY RALLY RALY REALLY
llasa3b,wr_really_t6_k16,2,word_rep,t6,16,16,23,really,28,15.36,21,0.06356903910636902,0.009571206755936146,0.6233125,0.14437934756278992,768,False,38,8.34,1.8417266187050358,False,38,loop,0,THEY WERE REALLY REALLY REALLY REALLY REALLY REALLY REALLY REALLY REALLY REALLY REALLY REALLY REALLY REALLY REALLY REALLY REALLY REALLY REALLY REALLY REALLY TIRED AFTER THE LONG JOURNEY
llasa3b,wr_really_t6_k24,0,word_rep,t6,24,24,31,really,8,40.96,1,0.280884325504303,0.0009819447295740247,6.25e-05,0.438709557056427,2048,True,118,10.899999999999999,3.7577981651376153,False,118,loop,0,THEY WER REALLY REALLEY REALLEA REALLA REAL LLL
llasa3b,wr_really_t6_k24,1,word_rep,t6,24,24,31,really,100,40.96,51,0.014701648615300655,0.003149028867483139,6.25e-05,0.6384475827217102,2048,True,118,10.899999999999999,3.7577981651376153,False,118,loop,0,THERE WERE REALLY REALLY REALLY REALLY REALLY REALLY REALL REALLY REALLY REALLY REALLY REALLY REALLY REALLY REALLY REALLY REALLY REALLY REALLY REALLY REALLY REALLY REALLY REALLY REALLY REALLY REALLY REALLY REALLY REALLY REALLY REALLY REALLY REALLY REALLY REALLY REALLY REALLY REALL REALLY REALLY REALLY REALLY REALLY REALLY REALLY REALLY REALLY REALLY REALL REALL REALLY REALLY REALLY REALLY LY WILLY WILLY WILLY ILL WILLY WLL WILL WILLY WIL ILY WILLY WLL ILLY WILLY WILLY WILLY ILL WILL WILLY WILLY WLL ILL WILLY WILLY ILL WLL WILL WL WLL WILL WILL WILLY WLLY WILLY ILLY WLLY WLLY WILLY WILLY WILLY WLLY ILLY
llasa3b,wr_really_t6_k24,2,word_rep,t6,24,24,31,really,42,40.96,35,0.1996566355228424,0.0018721030792221427,6.25e-05,0.723502516746521,2048,True,118,10.899999999999999,3.7577981651376153,False,118,loop,0,THEY WERE REALLY REALLY REALL REALLY REALL REALLY REALLY REALLY REALLY REALLY REALLY REALLY REALLY REALLY REALLY REALLY REALLY REALLY REALLY REALLY REALLY REALLY REALLY REALLY REALLY Y REALLY REALLY REALLY REALLY REALLY REALLY REALLY REALLY REALLY REALLY REALL REALLY REALLY R
llasa3b,wr_really_t6_k32,0,word_rep,t6,32,32,39,really,22,40.96,15,0.2626492977142334,0.0027127875946462154,6.25e-05,0.5283668041229248,2048,True,118,13.459999999999997,3.043090638930164,False,118,loop,0,THEYE WERE REALLY REALLY REALL REALLY REALLY REALLY REALLY REALLY REALLY REALLY REALL REALLY REALLY REALLY REALLY REALLY REALLY REALLYA TI LL
llasa3b,wr_really_t6_k32,1,word_rep,t6,32,32,39,really,14,40.96,7,0.13449297845363617,0.002246498130261898,6.25e-05,0.7667919993400574,2048,True,118,13.459999999999997,3.043090638930164,False,118,loop,0,THEY WERE REALLY REALLY REALY EALLY REALLY REALLY REALLY REALLY REAEALLY REALL REALLY REALYL
llasa3b,wr_really_t6_k32,2,word_rep,t6,32,32,39,really,3,40.96,0,0.2616363763809204,0.005739818327128887,6.25e-05,0.1967584639787674,2048,True,118,13.459999999999997,3.043090638930164,False,118,loop,0,AND WERE RA
llasa3b,wr_very_t1_k01,0,word_rep,t1,1,1,11,very,11,4.72,1,0.043561648577451706,0.06278546154499054,0.2771875,0.26784390211105347,236,False,2,4.172222222222223,1.1312916111850861,True,1,correct,1,THE DOG WAS VERY BIG AND IT RAN ACROSS THE FIELD
llasa3b,wr_very_t1_k01,1,word_rep,t1,1,1,11,very,11,3.96,1,0.08850816637277603,0.05924142152070999,0.3435,0.22818100452423096,198,False,1,4.172222222222223,0.9491344873501995,True,1,correct,1,THE DOG WAS VERY BIG AND HE RAN ACROSS THE FIELD
llasa3b,wr_very_t1_k01,2,word_rep,t1,1,1,11,very,10,3.94,1,0.09255734831094742,0.032120637595653534,0.362625,0.24127402901649475,197,False,1,4.172222222222223,0.9443408788282287,True,1,correct,1,THE DOG WAS VERY BIG AND A ASKED E FA
llasa3b,wr_very_t1_k02,0,word_rep,t1,2,2,12,very,12,5.6,2,0.12271411716938019,0.06456191092729568,0.493375,0.22825253009796143,280,False,3,4.8355555555555565,1.1580882352941173,True,2,correct,1,THE DOG WAS VERY VERY BIG AND IT RAN ACROSS THE FIELD
llasa3b,wr_very_t1_k02,1,word_rep,t1,2,2,12,very,12,4.16,2,0.07340148836374283,0.07399508357048035,0.4580625,0.13261950016021729,208,False,1,4.8355555555555565,0.8602941176470587,True,2,correct,1,THE DUCK WAS VERY VERY BIG AND IT RAN ACROSS THE FIELD
llasa3b,wr_very_t1_k02,2,word_rep,t1,2,2,12,very,12,4.54,2,0.06749963015317917,0.01752759888768196,0.3105625,0.21756425499916077,227,False,2,4.8355555555555565,0.9388786764705881,True,2,correct,1,THE DOG WAS VERY VERY BIG AND IT RAN ACROSS THE FIELD
llasa3b,wr_very_t1_k03,0,word_rep,t1,3,3,13,very,13,4.6,3,0.13191118836402893,0.044536229223012924,0.183,0.1555086374282837,230,False,2,5.49888888888889,0.836532632855122,True,3,correct,1,THE DOG WAS VERY VERY VERY BIG AND HI RAN ACROSS THE FIELD
llasa3b,wr_very_t1_k03,1,word_rep,t1,3,3,13,very,13,5.96,3,0.026286136358976364,0.05923831835389137,0.72825,0.232086181640625,298,False,4,5.49888888888889,1.083855324307941,True,3,correct,1,THE DOG WAS VERY VERY VERY BIG AND IT RAN ACROSS THE FIELD
llasa3b,wr_very_t1_k03,2,word_rep,t1,3,3,13,very,13,6.04,3,0.05298856645822525,0.013655412942171097,0.39525,0.16958115994930267,302,False,4,5.49888888888889,1.0984037179228126,True,3,correct,1,THE DOG WAS VERY VERY VERY BIG AND IT RAN ACROSS THE FIELD
llasa3b,wr_very_t1_k04,0,word_rep,t1,4,4,14,very,6,40.96,0,0.06295177340507507,0.007410014979541302,6.25e-05,0.32738393545150757,2048,True,56,6.162222222222223,6.646952758745041,False,56,loop,0,THE DOG WAS THE DOG WAS
llasa3b,wr_very_t1_k04,1,word_rep,t1,4,4,14,very,14,30.66,1,0.007055729161947966,0.024487879127264023,4.1316875,0.6305127143859863,1533,False,41,6.162222222222223,4.975477821853588,False,41,loop,0,THE DOG IS THARE E E E BI EL THE DOG WAS S VERY
llasa3b,wr_very_t1_k04,2,word_rep,t1,4,4,14,very,14,8.52,4,0.07000719755887985,0.013309028930962086,0.338,0.19786016643047333,426,False,8,6.162222222222223,1.382618103137396,False,8,correct,1,THE DOG WAS VERY VERY VERY VERY BIG AND IT RAN ACROSS THE FIELD
llasa3b,wr_very_t1_k06,0,word_rep,t1,6,6,16,very,7,40.96,3,0.04103578254580498,0.023131009191274643,0.0178125,0.5769306421279907,2048,True,56,7.488888888888889,5.4694362017804155,False,56,loop,0,THE DOG WAS VERY  VERY VERY VERYY
llasa3b,wr_very_t1_k06,1,word_rep,t1,6,6,16,very,15,11.52,5,0.13031268119812012,0.027368910610675812,0.51875,0.2372598648071289,576,False,12,7.488888888888889,1.5382789317507417,False,12,undercount,0,THE DOG WAS VERY VERY VERY VERY VERY BIG AND IT RAN ACROSS THE FIELD
llasa3b,wr_very_t1_k06,2,word_rep,t1,6,6,16,very,10,40.96,4,0.09319209307432175,0.003969469573348761,6.25e-05,0.811408519744873,2048,True,56,7.488888888888889,5.4694362017804155,False,56,loop,0,THE DOG WAS VERY VERY VERY VERY VEERY VER BEG
llasa3b,wr_very_t1_k08,0,word_rep,t1,8,8,18,very,5,40.96,0,0.09292519092559814,0.004090590868145227,6.25e-05,0.7640968561172485,2048,True,56,8.815555555555555,4.646332240988152,False,56,loop,0,THE DOG WAS VER VERYV
llasa3b,wr_very_t1_k08,1,word_rep,t1,8,8,18,very,16,9.38,6,0.20502969622612,0.022828178480267525,0.350625,0.3797595798969269,469,False,9,8.815555555555555,1.0640282329216033,False,9,undercount,0,THE DOG WAS VERY VERY VERY VERY VERY VERY BIG AND IT RAN ACROSS THE FIELD
llasa3b,wr_very_t1_k08,2,word_rep,t1,8,8,18,very,19,11.8,9,0.07173040509223938,0.01104256883263588,0.323,0.3965187668800354,590,False,12,8.815555555555555,1.338542979581548,False,12,overcount,0,THE DOG WAS VERY VERY VERY VERY VERY VERY VERY VERY VERY BIG AND IT RAN ACROSS THE FIELD
llasa3b,wr_very_t1_k12,0,word_rep,t1,12,12,22,very,6,40.96,1,0.10493870079517365,0.0015801270492374897,0.33,0.7300955653190613,2048,True,56,11.468888888888888,3.571400891300136,False,56,loop,0,THE DOG WAS VERY VE VE
llasa3b,wr_very_t1_k12,1,word_rep,t1,12,12,22,very,25,40.96,21,0.048912566155195236,0.000567954673897475,6.25e-05,0.6893470287322998,2048,True,56,11.468888888888888,3.571400891300136,False,56,loop,0,THE DOG WAS VERY VERY VERY VERY VERY VERY VERY VERY VERY VERY VERY VERY VERY VERY VERY VERY VERY VERY VERY VERY VERY V
llasa3b,wr_very_t1_k12,2,word_rep,t1,12,12,22,very,19,10.06,9,0.05590347200632095,0.022013206034898758,0.7455,0.3451337218284607,503,False,10,11.468888888888888,0.8771555900019378,True,9,undercount,0,THE DOG WAS VERY VERY VERY VERY VERY VERY VERY VERY VERY BIG AND IT RAN ACROSS THE FIELD
llasa3b,wr_very_t1_k16,0,word_rep,t1,16,16,26,very,22,26.58,11,0.038821976631879807,0.0022915764711797237,0.1365,0.44235557317733765,1329,False,35,14.12222222222222,1.8821400472069238,False,35,loop,0,THE DOG WAS VERY VERY VERY VERY VERY VERY VERY VERY VERY VERY VERY BIG AND IT RAN ACROSS TH THE FIELD
llasa3b,wr_very_t1_k16,1,word_rep,t1,16,16,26,very,25,27.9,14,0.05328721925616264,0.0040008993819355965,0.057125,0.5067266225814819,1395,False,37,14.12222222222222,1.9756097560975612,False,37,loop,0,THE DOG WAS VERY VERY VERY VERY VERY VERY VERY VERY VERY VERY VERY VERY VERY VERY BEIG AND IT RAN ACROSS TH THE FIELD
llasa3b,wr_very_t1_k16,2,word_rep,t1,16,16,26,very,22,13.86,12,0.07973862439393997,0.006029240321367979,0.190125,0.40094560384750366,693,False,16,14.12222222222222,0.9814319433516917,False,16,undercount,0,THE DOG WAS VERY VERY VERY VERY VERY VERY VERY VERY VERY VERY VERY VERY BIG AND IT RAN ACROSS THE FIELD
llasa3b,wr_very_t1_k24,0,word_rep,t1,24,24,34,very,26,14.62,16,0.2208995670080185,0.025272900238633156,0.063875,0.43751439452171326,731,False,17,19.428888888888885,0.7524877044492738,True,16,undercount,0,THE DOG WAS VERY VERY VERY VERY VERY VERY VERY VERY VERY VERY VERY VERY VERY VERY VERY VERY VIG AND IT RAN ACROSS THE FIELD
llasa3b,wr_very_t1_k24,1,word_rep,t1,24,24,34,very,5,40.96,1,0.04984257370233536,0.0007182772387750447,6.25e-05,0.2428029477596283,2048,True,56,19.428888888888885,2.1082008463913993,False,56,loop,0,THE DOG WAS VERY VERYVERYVERVER
llasa3b,wr_very_t1_k24,2,word_rep,t1,24,24,34,very,11,40.96,8,0.05835587903857231,0.029427239671349525,20.8316875,0.5005539655685425,2048,True,56,19.428888888888885,2.1082008463913993,False,56,loop,0,THE DOG WAS VERY VERY VERY VERY VERY VERY VERY VERY
llasa3b,wr_very_t1_k32,0,word_rep,t1,32,32,42,very,2,40.96,0,0.024512244388461113,3.116919288004283e-06,6.25e-05,0.5239148736000061,2048,True,56,24.73555555555555,1.6559159105201693,False,56,loop,0,EEE EEE
llasa3b,wr_very_t1_k32,1,word_rep,t1,32,32,42,very,94,40.96,90,0.10760875046253204,0.0002990698558278382,0.0226875,0.8672751784324646,2048,True,56,24.73555555555555,1.6559159105201693,False,90,loop,0,THE DOG WAS VERY VERY VERY VERY VERY VERY VERY VERY VERY VERY VERY VERY VERY VERY VERY VERY VERY VERY VERY VERY VERY VERY VERY VERY VERY VERY VERY VERY VERY VERY VERY VERY VERY VERY VERY VERY VERY VERY VERY VERY VERY VERY VERY VERY VERY VERY VERY VERY VERY VERY VERY VERY VERY VERY ERY VERY VERY VERY VERY VERY VERY VERY VERY VERY VERY VERY VERY VERY VERY VERY VERY VERY VERY VERY VERY VERY VERY VERY VERY VERY VERY VERY VERY VERY VERY VERY VERY VERY VERY VERY VERY
llasa3b,wr_very_t1_k32,2,word_rep,t1,32,32,42,very,6,40.96,0,0.003229450201615691,0.026476223021745682,17.8888125,0.5764371156692505,2048,True,56,24.73555555555555,1.6559159105201693,False,56,loop,0,A AFOE E HA HA E
llasa8b,ct_blue_t4_k02,0,control_word,t4,2,2,9,blue,5,6.42,0,0.02225274220108986,0.004039493389427662,6.25e-05,0.46462222933769226,321,False,2,6.14,1.0456026058631922,False,2,undercount,0,EOT IS TINGTOT OTHIX POABL
llasa8b,ct_blue_t4_k02,1,control_word,t4,2,2,9,blue,9,5.56,0,0.01669270358979702,0.049099843949079514,1.4660625,0.2889832556247711,278,False,2,6.14,0.9055374592833876,False,2,undercount,0,THE LIGHT WAS PLAING BAK BEFORE THE AT ARRRIVED
llasa8b,ct_blue_t4_k02,2,control_word,t4,2,2,9,blue,10,6.14,2,nan,nan,nan,nan,307,False,2,6.14,1.0,True,2,correct,1,THE LIGHT WAS GREEN AND BRIGHT AN ANVASTA WENT ON
llasa8b,ct_blue_t4_k03,0,control_word,t4,3,3,10,blue,10,6.24,1,0.09631921350955963,0.0474402941763401,0.897,0.21378514170646667,312,False,2,9.209999999999999,0.6775244299674268,True,1,truncation,0,THE LIGHT WAS GREEN THAT DAY BEFORE THE STONE ARIVED
llasa8b,ct_blue_t4_k03,1,control_word,t4,3,3,10,blue,11,4.68,1,0.06032763421535492,0.054463814944028854,0.7989375,0.26969462633132935,234,False,2,9.209999999999999,0.50814332247557,True,1,truncation,0,THE LIGHT WAS GREEN THAT PAT BEFORE T ETON A THAT
llasa8b,ct_blue_t4_k03,2,control_word,t4,3,3,10,blue,9,5.22,0,nan,nan,nan,nan,261,False,2,9.209999999999999,0.5667752442996743,False,2,truncation,0,THE LIGHT WAS GLEAMED O AD OF FATESPOI A
llasa8b,ct_blue_t4_k04,0,control_word,t4,4,4,11,blue,10,6.56,2,0.002061947248876095,0.061070334166288376,0.0098125,0.35218173265457153,328,False,2,12.28,0.5342019543973942,True,2,truncation,0,THE LIGHT WAS GREEN BRIGHT PANK DIN THE FANTIS GANGANA
llasa8b,ct_blue_t4_k04,1,control_word,t4,4,4,11,blue,11,7.58,0,0.08759279549121857,0.04059303179383278,0.520125,0.1887453943490982,379,False,2,12.28,0.6172638436482085,False,2,truncation,0,THE LIGHT WAS COIN BRIT CA TAN BEFORE THE TIM ARRIVED
llasa8b,ct_blue_t4_k04,2,control_word,t4,4,4,11,blue,8,5.48,1,nan,nan,nan,nan,274,False,2,12.28,0.4462540716612378,True,1,truncation,0,THE LIGHT WAS GREEN PIM AND HANEANICON AN
llasa8b,ct_blue_t4_k06,0,control_word,t4,6,6,13,blue,13,7.7,3,0.05474979057908058,0.03411409631371498,0.8853125,0.15153375267982483,385,False,3,18.419999999999998,0.41802388707926175,True,3,truncation,0,E LIGHT WAS GREEN BRIGHT PALE DOWN WORN POLED BEFORE THE STONE LIVE
llasa8b,ct_blue_t4_k06,1,control_word,t4,6,6,13,blue,13,9.36,0,0.13516125082969666,0.0370013602077961,0.52875,0.25130409002304077,468,False,3,18.419999999999998,0.50814332247557,False,3,truncation,0,THE LIP WAS A  BARK TANGIN TA WI HOT BEFORE THE STAR ARRIVED
llasa8b,ct_blue_t4_k06,2,control_word,t4,6,6,13,blue,13,7.06,6,nan,nan,nan,nan,353,False,2,18.419999999999998,0.38327904451682954,False,6,truncation,0,THE LIGHT WAS GREEN BRIGHT PALE DIM WARM COLD BEFORE THE STORM ARRIVED
llasa8b,ct_blue_t4_k08,0,control_word,t4,8,8,15,blue,15,9.92,8,0.03748714178800583,0.047863755375146866,0.056375,0.34893715381622314,496,False,3,24.56,0.40390879478827363,False,8,truncation,0,THE LIGHT WAS GREEN BRIGHT PALE DIM WARM COLD SHARP SOFT BEFORE THE STORM ARRIVED
llasa8b,ct_blue_t4_k08,1,control_word,t4,8,8,15,blue,15,13.74,8,0.0325188934803009,0.07363475114107132,1.108625,0.2280901074409485,687,False,4,24.56,0.5594462540716613,False,8,truncation,0,THE LIGHT WAS GREEN BRIGHT PALE DIM WARM COLD SHARP SOFT BEFORE THE STORM ARRIVED
llasa8b,ct_blue_t4_k08,2,control_word,t4,8,8,15,blue,15,9.5,8,nan,nan,nan,nan,475,False,3,24.56,0.38680781758957655,False,8,truncation,0,THE LIGHT WAS GREEN BRIGHT PALE DIM WARM COLD SHARP SOFT BEFORE THE STORM ARRIVED
llasa8b,ct_blue_t4_k12,0,control_word,t4,12,12,19,blue,19,11.16,12,0.04534425213932991,0.059588123112916946,1.0534375,0.25405481457710266,558,False,4,36.839999999999996,0.30293159609120524,False,12,truncation,0,THE LIGHT WAS GREEN BRIGHT PALE DIM WARM COLD SHARP SOFT GREEN BRIGHT PALE DIM BEFORE THE STORM ARRIVED
llasa8b,ct_blue_t4_k12,1,control_word,t4,12,12,19,blue,19,10.64,12,0.03300889581441879,0.036027636379003525,0.7510625,0.18742848932743073,532,False,3,36.839999999999996,0.2888165038002172,False,12,truncation,0,THE LIGHT WAS GREEN BRIGHT PALE DIM WARM COLD SHARP SOFT GREEN BRIGHT PALE DIM BEFORE THE STORM ARRIVED
llasa8b,ct_blue_t4_k12,2,control_word,t4,12,12,19,blue,19,19.94,12,nan,nan,nan,nan,997,False,6,36.839999999999996,0.5412595005428883,False,12,truncation,0,THE LIGHT WAS GREEN BRIGHT PALE DIM WARM COLD SHARP SOFT GREEN BRIGHT PALE DIM BEFORE THE STORM ARRIVED
llasa8b,ct_blue_t4_k16,0,control_word,t4,16,16,23,blue,23,20.92,16,0.029952073469758034,0.07945694029331207,1.160625,0.2443545013666153,1046,False,7,49.12,0.4258957654723128,False,16,truncation,0,THE LIGHT WAS GREEN BRIGHT PALE DIM WARM COLD SHARP SOFT GREEN BRIGHT PALE DIM WARM COLD SHARP SOFT BEFORE THE STORM ARRIVED
llasa8b,ct_blue_t4_k16,1,control_word,t4,16,16,23,blue,23,15.88,16,0.03474026173353195,0.10383107513189316,1.61475,0.23252615332603455,794,False,5,49.12,0.3232899022801303,False,16,truncation,0,THE LIGHT WAS GREEN BRIGHT PALE DIM WARM COLD SHARP SOFT GREEN BRIGHT PALE DIM WARM COLD SHARP SOFT BEFORE THE STORM ARRIVED
llasa8b,ct_blue_t4_k16,2,control_word,t4,16,16,23,blue,23,17.74,16,nan,nan,nan,nan,887,False,6,49.12,0.36115635179153094,False,16,truncation,0,THE LIGHT WAS GREEN BRIGHT PALE DIM WARM COLD SHARP SOFT GREEN BRIGHT PALE DIM WARM COLD SHARP SOFT BEFORE THE STORM ARRIVED
llasa8b,ct_blue_t4_k24,0,control_word,t4,24,24,31,blue,40,25.38,24,0.03823491930961609,0.035512205213308334,0.0459375,0.2366153746843338,1269,False,8,73.67999999999999,0.3444625407166124,False,24,truncation,0,THE LIGHT WAS GREEN BRIGHT PALE DIM WARM COLD SHARP SOFT GREEN BRIGHT PALE DIM WARM COLD SHARP SOFT GREEN BRIGHT PALE DIM WARM COLD SHARP SOFT GREEN BRIGHT PALE DIM WARM COLD SHARP SOFT BEFORE THE STORM ARRIVED O
llasa8b,ct_blue_t4_k24,1,control_word,t4,24,24,31,blue,31,19.82,24,0.02887551300227642,0.03167963773012161,0.00225,0.44915294647216797,991,False,6,73.67999999999999,0.2690010857763301,False,24,truncation,0,THE LIGHT WAS GREEN BRIGHT PALE DIM WARM COLD SHARP SOFT GREEN BRIGHT PALE DIM WARM COLD SHARP SOFT GREEN BRIGHT PALE DIM WARM COLD SHARP SOFT BEFORE THE STORM ARRIVED
llasa8b,ct_blue_t4_k24,2,control_word,t4,24,24,31,blue,31,23.3,24,nan,nan,nan,nan,1165,False,8,73.67999999999999,0.3162323561346363,False,24,truncation,0,THE LIGHT WAS GREEN BRIGHT PALE DIM WARM COLD SHARP SOFT GREEN BRIGHT PALE DIM WARM COLD SHARP SOFT GREEN BRIGHT PALE DIM WARM COLD SHARP SOFT BEFORE THE STORM ARRIVED
llasa8b,ct_blue_t4_k32,0,control_word,t4,32,32,39,blue,31,19.82,24,0.0370711125433445,0.05015506222844124,0.9629375,0.3857448995113373,991,False,6,98.24,0.20175081433224756,False,24,truncation,0,THE LIGHT WAS GREEN BRIGHT PALE DIM WARM COLD SHARP SOFT GREEN BRIGHT PALE DIM WARM COLD SHARP SOFT GREEN BRIGHT PALE DIM WARM COLD SHARP SOFT BEFORE THE STORM ARRIVED
llasa8b,ct_blue_t4_k32,1,control_word,t4,32,32,39,blue,40,28.12,32,0.02322094887495041,0.03825222700834274,0.9213125,0.4775609076023102,1406,False,9,98.24,0.28623778501628666,False,32,truncation,0,THE LIGHT WAS GREEN BRIGHT PALE DIM WARM COLD SHARP SOFT GREEN BRIGHT PALE DIM WARM COLD SHARP SOFT GREEN BRIGHT PALE DIM WARM COLD SHARP SOFT GREEN BRIGHT PALE DIM WARM COLD SHARP SOFT BEF BEFORE THE STORM ARRIVED
llasa8b,ct_blue_t4_k32,2,control_word,t4,32,32,39,blue,39,28.5,32,nan,nan,nan,nan,1425,False,9,98.24,0.2901058631921824,False,32,truncation,0,THE LIGHT WAS GREEN BRIGHT PALE DIM WARM COLD SHARP SOFT GREEN BRIGHT PALE DIM WARM COLD SHARP SOFT GREEN BRIGHT PALE DIM WARM COLD SHARP SOFT GREEN BRIGHT PALE DIM WARM COLD SHARP SOFT BEFORE THE STORM ARRIVED
llasa8b,ct_far_t3_k02,0,control_word,t3,2,2,10,far,10,4.62,2,0.03205427527427673,0.021846581250429153,6.25e-05,0.13382019102573395,231,False,2,5.35,0.8635514018691589,True,2,correct,1,HE WALKED DEEP FAST INTO THE FENCE BEFORE TURNING BACK
llasa8b,ct_far_t3_k02,1,control_word,t3,2,2,10,far,10,5.9,1,0.0026408738922327757,0.07555269449949265,1.3188125,0.2915588915348053,295,False,2,5.35,1.1028037383177571,True,1,undercount,0,SHE WALKED DEEP FIST INTO THE FOREST BEFORE TURNING BACK
llasa8b,ct_far_t3_k02,2,control_word,t3,2,2,10,far,10,6.08,2,nan,nan,nan,nan,304,False,2,5.35,1.1364485981308412,True,2,correct,1,HE WALKED DEEP FAST INTO THE FAST BEFORE TURNINEG BACK
llasa8b,ct_far_t3_k03,0,control_word,t3,3,3,11,far,12,8.56,1,0.008226132020354271,0.047751862555742264,0.450375,0.23253968358039856,428,False,3,8.024999999999999,1.0666666666666669,False,3,undercount,0,E MOED IN DEEP AS A TO THE FACE BEFOR TUN BACK
llasa8b,ct_far_t3_k03,1,control_word,t3,3,3,11,far,11,6.32,2,0.04589366540312767,0.06872757524251938,0.473875,0.3004198670387268,316,False,2,8.024999999999999,0.787538940809969,True,2,undercount,0,HE WORKED DET FAST LONG INTU THE FOREST BEFORE COTMING BACK
llasa8b,ct_far_t3_k03,2,control_word,t3,3,3,11,far,44,40.96,0,nan,nan,nan,nan,2048,True,15,8.024999999999999,5.104049844236761,False,15,loop,0,A ANBECTED AT E AT TOT AT A AT ATTO TI A A   E TAT O TAT IA AE TE TI AT O E T A A A ET TE TEA AT E AO THE DA O EN E  NEVER GAN  EET EGAN E
llasa8b,ct_far_t3_k04,0,control_word,t3,4,4,12,far,12,7.2,4,0.03390079364180565,0.077309750020504,0.780125,0.37641310691833496,360,False,3,10.7,0.6728971962616823,True,4,truncation,0,HE WALKED DEEP FAST LONG WIDE INTO THE FOREST BEFORE TURNING BACK
llasa8b,ct_far_t3_k04,1,control_word,t3,4,4,12,far,13,7.28,2,0.05659908428788185,0.044351838529109955,1.287875,0.22165906429290771,364,False,3,10.7,0.680373831775701,True,2,truncation,0,HE WALKED DIP FAST LO AND WIDE INTO THE FOREST BEFORE TURNING BACK
llasa8b,ct_far_t3_k04,2,control_word,t3,4,4,12,far,12,6.2,4,nan,nan,nan,nan,310,False,2,10.7,0.5794392523364487,False,4,truncation,0,HE WALKED DEEP FAST LONG WIDE INTO THE FOREST BEFORE TURNING BACK
llasa8b,ct_far_t3_k06,0,control_word,t3,6,6,14,far,14,6.4,6,0.04290923476219177,0.0707448348402977,1.223875,0.3735242784023285,320,False,2,16.049999999999997,0.398753894080997,False,6,truncation,0,HE WALKED DEEP FAST LONG WIDE HIGH LOW INTO THE FOREST BEFORE TURNING BACK
llasa8b,ct_far_t3_k06,1,control_word,t3,6,6,14,far,14,8.62,3,0.019874272868037224,0.03906961902976036,0.7781875,0.17632094025611877,431,False,3,16.049999999999997,0.5370716510903427,True,3,truncation,0,HE WALKED DEEP FAST ALONG WHITE HIGH LO INTO THE FOREST BEFORE COMING BACK
llasa8b,ct_far_t3_k06,2,control_word,t3,6,6,14,far,14,9.78,6,nan,nan,nan,nan,489,False,4,16.049999999999997,0.6093457943925235,False,6,truncation,0,HE WALKED DEEP FAST LONG WIDE HIGH LOW INTO THE FOREST BEFORE TURNING BACK
llasa8b,ct_far_t3_k08,0,control_word,t3,8,8,16,far,15,7.7,6,0.054239097982645035,0.07633165270090103,0.815875,0.2366839051246643,385,False,3,21.4,0.3598130841121496,False,6,truncation,0,HE WALKED DEEP FAST LONG WIDE HILO NEAR PAST INTO THE FOREST BEFORE TURNING BACK
llasa8b,ct_far_t3_k08,1,control_word,t3,8,8,16,far,16,8.16,1,0.042819615453481674,0.0251598060131073,0.5766875,0.20669294893741608,408,False,3,21.4,0.3813084112149533,False,3,truncation,0,HE WALKED DEEP FIST O AT HIG LI NE PASSED INTO THE FOREST BEFORE TURNING BAP
llasa8b,ct_far_t3_k08,2,control_word,t3,8,8,16,far,16,9.06,7,nan,nan,nan,nan,453,False,3,21.4,0.42336448598130844,False,7,truncation,0,HE WALKED DEEP FAST LONG WIDE HIGH LOW NEAR PASED INTO THE FOREST BEFORE TURNING BACK
llasa8b,ct_far_t3_k12,0,control_word,t3,12,12,20,far,20,8.78,11,0.02526921033859253,0.08489181846380234,0.793375,0.1526484340429306,439,False,3,32.099999999999994,0.27352024922118384,False,11,truncation,0,HE WALKED DEEP FAST LONG WIDE HIGH LOW NEAR PAS DEEP FAST LONG WIDE INTO THE FOREST BEFORE TURNING BACK
llasa8b,ct_far_t3_k12,1,control_word,t3,12,12,20,far,20,8.28,12,0.026051444932818413,0.06367629766464233,0.5221875,0.24992573261260986,414,False,3,32.099999999999994,0.2579439252336449,False,12,truncation,0,HE WALKED DEEP FAST LONG WIDE HIGH LOW NEAR PAST DEEP FAST LONG WIDE INTO THE FOREST BEFORE TURNING BACK
llasa8b,ct_far_t3_k12,2,control_word,t3,12,12,20,far,20,9.96,12,nan,nan,nan,nan,498,False,4,32.099999999999994,0.31028037383177576,False,12,truncation,0,HE WALKED DEEP FAST LONG WIDE HIGH LOW NEAR PAST DEEP FAST LONG WIDE INTO THE FOREST BEFORE TURNING BACK
llasa8b,ct_far_t3_k16,0,control_word,t3,16,16,24,far,24,12.6,15,0.047688454389572144,0.09769587218761444,0.501125,0.21248164772987366,630,False,5,42.8,0.294392523364486,False,15,truncation,0,HE WALKED DEEP FAST LONG WIDE HIGH LOW NEAR PAST DEEP FAST LONG WIDE HIGH LO NEAR PAST INTO THE FOREST BEFORE TURNING BACK
llasa8b,ct_far_t3_k16,1,control_word,t3,16,16,24,far,24,12.34,16,0.017537208274006844,0.042230863124132156,0.3391875,0.30657070875167847,617,False,5,42.8,0.2883177570093458,False,16,truncation,0,HE WALKED DEEP FAST LONG WIDE HIGH LOW NEAR PAST DEEP FAST LONG WIDE HIGH LOW NEAR PAST INTO THE FOREST BEFORE TURNING BACK
llasa8b,ct_far_t3_k16,2,control_word,t3,16,16,24,far,24,12.02,16,nan,nan,nan,nan,601,False,4,42.8,0.2808411214953271,False,16,truncation,0,HE WALKED DEEP FAST LONG WIDE HIGH LOW NEAR PAST DEEP FAST LONG WIDE HIGH LOW NEAR PAST INTO THE FOREST BEFORE TURNING BACK
llasa8b,ct_far_t3_k24,0,control_word,t3,24,24,32,far,32,18.86,24,0.04806022718548775,0.06908836960792542,0.0174375,0.2371153086423874,943,False,7,64.19999999999999,0.29376947040498447,False,24,truncation,0,HE WALKED DEEP FAST LONG WIDE HIGH LOW NEAR PAST DEEP FAST LONG WIDE HIGH LOW NEAR PAST DEEP FAST LONG WIDE HIGH LOW NEAR PAST INTO THE FOREST BEFORE TURNING BACK
llasa8b,ct_far_t3_k24,1,control_word,t3,24,24,32,far,32,16.14,8,0.00852549634873867,0.10208119451999664,6.25e-05,0.3098655641078949,807,False,6,64.19999999999999,0.2514018691588786,True,8,truncation,0,HE WALKED DEEP FAST LONG WIDE HIGH LOW NEAR PAS DEEP FAST LONG WIDE HIGH LOW NEAR PAS DEEP FAST LONG WIDE HIGH LOW NEAR PAST INTO THE FOREST BEFORE TURNING BACK
llasa8b,ct_far_t3_k24,2,control_word,t3,24,24,32,far,31,16.04,14,nan,nan,nan,nan,802,False,6,64.19999999999999,0.24984423676012465,False,14,truncation,0,HE WALKED DEEP FAST LONG WIDE HIGH LO NEAR PAST DEEP FAST LONG WIDE HIGHLO NEAR PAST DEEP FAST LONG WIDE HIGH LO NEAR PAST INTO THE FOREST BEFORE TURNING BACK
llasa8b,ct_far_t3_k32,0,control_word,t3,32,32,40,far,40,21.06,32,0.04565725475549698,0.060601506382226944,0.003375,0.22909078001976013,1053,False,8,85.6,0.24602803738317758,False,32,truncation,0,HE WALKED DEEP FAST LONG WIDE HIGH LOW NEAR PAST DEEP FAST LONG WIDE HIGH LOW NEAR PAST DEEP FAST LONG WIDE HIGH LOW NEAR PAST DEEP FAST LONG WIDE HIGH LOW NEAR PAST INTO THE FOREST BEFORE TURNING BACK
llasa8b,ct_far_t3_k32,1,control_word,t3,32,32,40,far,0,40.96,0,0.000979685690253973,0.04364892095327377,6.25e-05,0.39112257957458496,2048,True,15,85.6,0.4785046728971963,False,15,empty,0,
llasa8b,ct_far_t3_k32,2,control_word,t3,32,32,40,far,40,19.68,24,nan,nan,nan,nan,984,False,7,85.6,0.22990654205607478,False,24,truncation,0,HE WALKED DEEP FAST LONG WIDE HIGH LOW NEAR PAST DEEP FAST LONG WIDE HIGH LO NEAR PAST DEEP FAST LONG WIDE HIGH LOW NEAR PAST DEEP FAST LONG WIDE HIGH LOW NEAR PAST INTO THE FOREST BEFORE TURNING BACK
llasa8b,ct_no_t2_k02,0,control_word,t2,2,2,12,no,8,7.7,1,0.05464102327823639,0.10131826251745224,1.343875,0.3390788435935974,385,False,3,5.900710659898475,1.3049275661539526,False,3,undercount,0,SHE SAID YES AA TONOFA ANA LEF THO
llasa8b,ct_no_t2_k02,1,control_word,t2,2,2,12,no,9,6.02,1,0.004865960218012333,0.034632205963134766,0.382,0.21381378173828125,301,False,2,5.900710659898475,1.0202160971749084,True,1,undercount,0,SHE SAID YES O AN TONOWFATERN A LEFT ALONE
llasa8b,ct_no_t2_k02,2,control_word,t2,2,2,12,no,9,5.92,1,nan,nan,nan,nan,296,False,2,5.900710659898475,1.0032689859261557,True,1,undercount,0,SHE SAID YES MANDE CANEAFI AND THE EP EN
llasa8b,ct_no_t2_k03,0,control_word,t2,3,3,13,no,3,4.02,1,0.03773696720600128,0.12008015811443329,2.011,0.2155352532863617,201,False,1,7.198714043993229,0.5584330722727316,True,1,truncation,0,SHE SAID YES
llasa8b,ct_no_t2_k03,1,control_word,t2,3,3,13,no,12,6.04,1,0.02382734604179859,0.051030270755290985,1.154875,0.33624187111854553,302,False,2,7.198714043993229,0.839038745404801,True,1,undercount,0,SHE SAID YES MADE TE CHARTON OFFER AND THEN LEFT THE ROOM
llasa8b,ct_no_t2_k03,2,control_word,t2,3,3,13,no,1,40.96,0,nan,nan,nan,nan,2048,True,29,7.198714043993229,5.689905134400769,False,29,loop,0,P
llasa8b,ct_no_t2_k04,0,control_word,t2,4,4,14,no,15,4.88,3,0.02008700929582119,0.052693646401166916,0.4688125,0.31754952669143677,244,False,1,8.496717428087983,0.5743394482989352,False,3,truncation,0,SHE SAID YES MAY BE SURE FINE TO THE OFFER AND THEN LEFT THE ROOM
llasa8b,ct_no_t2_k04,1,control_word,t2,4,4,14,no,14,5.7,3,0.024984925985336304,0.044066574424505234,0.866875,0.3205326497554779,285,False,2,8.496717428087983,0.6708473064147399,True,3,truncation,0,SHE SAID YES MAYBE SURE FIND TO THE OFFER AND THEN LEFT THE ROOM
llasa8b,ct_no_t2_k04,2,control_word,t2,4,4,14,no,15,6.26,2,nan,nan,nan,nan,313,False,2,8.496717428087983,0.7367551119572406,True,2,undercount,0,SHE SAID YES MAY BE SURE FIND TO THE OFFER AND THEN LEFT THE ROOM
llasa8b,ct_no_t2_k06,0,control_word,t2,6,6,16,no,16,11.52,6,0.06000136211514473,0.04814327508211136,1.384375,0.22816498577594757,576,False,6,11.09272419627749,1.0385185637145737,True,6,correct,1,SHE SAID YES MAYBE SURE FINE OKAY WELL TO THE OFFER AND THEN LEFT THE ROOM
llasa8b,ct_no_t2_k06,1,control_word,t2,6,6,16,no,17,6.2,5,0.028941776603460312,0.05037005990743637,1.0878125,0.2114396095275879,310,False,2,11.09272419627749,0.5589249214436075,False,5,truncation,0,SHE SAID YES MAYBE SURE FINE O KA WELL TO THE OFFER AND THEN LEFT THE WILL
llasa8b,ct_no_t2_k06,2,control_word,t2,6,6,16,no,17,8.94,5,nan,nan,nan,nan,447,False,4,11.09272419627749,0.8059336770493307,True,5,undercount,0,SHE SAID YES MAYBE SURE FINE O K WELL TO THE OFFER AND THEN LEFT THE ROOM
llasa8b,ct_no_t2_k08,0,control_word,t2,8,8,18,no,17,10.26,3,0.008297874592244625,0.07823293656110764,0.413,0.25660622119903564,513,False,5,13.688730964466998,0.7495216340092266,False,5,undercount,0,SHE SAID YES MAYBE SURE FIAN OCA WILL WRITE TO THE OFFERER AND THEN LEFT THE ROOM
llasa8b,ct_no_t2_k08,1,control_word,t2,8,8,18,no,13,8.3,1,0.0035415024030953646,0.03288760781288147,0.7545,0.2839169204235077,415,False,4,13.688730964466998,0.6063381639645791,False,4,truncation,0,SHE SAID YES VURNISHEN I DONT CARE LIN NO NOI TO NOT AAIN
llasa8b,ct_no_t2_k08,2,control_word,t2,8,8,18,no,19,14.42,5,nan,nan,nan,nan,721,False,9,13.688730964466998,1.053421243899907,False,9,undercount,0,SHE SAID YES MAY BE SURE FINE OKA WELL RIGHT POU TO THE OFFER AND THEN LEFT THE ROOM
llasa8b,ct_no_t2_k12,0,control_word,t2,12,12,22,no,22,12.06,9,0.029209019616246223,0.0656895712018013,1.0553125,0.2159430831670761,603,False,7,18.880744500846017,0.6387459985732877,False,9,truncation,0,SHE SAID YES MAYBE SURE FINE O KA WELL RIGT  YES MAYBE SURE FINE TO THE OFFER AND THEN LEFT THE ROOM
llasa8b,ct_no_t2_k12,1,control_word,t2,12,12,22,no,24,9.42,8,0.08262669295072556,0.0650310218334198,0.231625,0.21543265879154205,471,False,5,18.880744500846017,0.49892100386072724,False,8,truncation,0,SHE SAID YES MAY BE SURE FINE OKA WELL RIGHT HU YES MAY BE SURE FINE TO THE OFFER AND THEN LEFT THE ROOM
llasa8b,ct_no_t2_k12,2,control_word,t2,12,12,22,no,23,10.36,10,nan,nan,nan,nan,518,False,5,18.880744500846017,0.5487071762205025,False,10,truncation,0,SHE SAID YES MAYBE SURE FINE O KA WELL RIGHT HU YES MAYBE SURE FINE TO THE OFFER AND THEN LEFT THE ROOM
llasa8b,ct_no_t2_k16,0,control_word,t2,16,16,26,no,25,31.72,5,0.03513540327548981,0.01339260395616293,0.114375,0.2747800350189209,1586,False,22,24.072758037225032,1.3176720320517332,False,22,undercount,0,SHE SAID YES MAYBE SUR FINE O'QE WELLRIGHT YES MAYBE SUR FINN O'KE WELL RIGHT TO THE OFFER AND THEN LEFT THE ROOM
llasa8b,ct_no_t2_k16,1,control_word,t2,16,16,26,no,19,25.44,4,0.105946846306324,0.03914934769272804,0.24625,0.244758740067482,1272,False,17,24.072758037225032,1.0567962325156397,False,17,undercount,0,SHE SAID YES MAYBE SUR FIN OKEY WELL RIGHT  SHURE THE OFFER AND THEN LEFT THE RO THE ROOM
llasa8b,ct_no_t2_k16,2,control_word,t2,16,16,26,no,18,27.46,10,nan,nan,nan,nan,1373,False,19,24.072758037225032,1.1407085119842557,False,19,undercount,0,SHE SAID YES MAYBE SURE FINE O'QUE WELL RIT YES MAYBE SURE FINE O'QE WELL RIGT
llasa8b,ct_no_t2_k24,0,control_word,t2,24,24,34,no,32,28.96,10,0.03852267935872078,0.03218318521976471,0.1843125,0.1875000298023224,1448,False,20,34.456785109983066,0.8404730710529783,False,20,undercount,0,SHE SAID YES MAYBE SURE FIND OKA WELL RIGT  YES MAYBE SURE FINE OKA WELL RIGT YES MAYBE SURE FINE O KA WELL RIGT TO THE OFFER AND THEN LEFT THE ROOM
llasa8b,ct_no_t2_k24,1,control_word,t2,24,24,34,no,32,18.3,10,0.027913948521018028,0.014708497561514378,0.608625,0.14809346199035645,915,False,12,34.456785109983066,0.53110004144577,True,10,truncation,0,SHE SAID YES MAY BE SURE FINE OKE WELL RIGHT  YES MAYBE SURE FINE OKE WELL RIGT  YES MAYBE SURE FINE OKE WELL RIGT  TO THE OFFER AND THEN LEFT THE ROOM
llasa8b,ct_no_t2_k24,2,control_word,t2,24,24,34,no,24,35.08,9,nan,nan,nan,nan,1754,False,24,34.456785109983066,1.0180868554053342,False,24,undercount,0,SHE SAID YES MAYBE SURE FINE OKA WELL RIT YES MAY BE SURE FINE O'QE WEL WELL RIT  DUIOFFRAN THEN LEFT THE ROOM
llasa8b,ct_no_t2_k32,0,control_word,t2,32,32,42,no,32,27.48,11,0.025173170492053032,0.04422992095351219,0.2610625,0.38845396041870117,1374,False,19,44.8408121827411,0.612834573290286,False,19,truncation,0,SHE SAID YES MAYBE SURE FIND OKA WELL RIT YES MAYBE SURE FIND OKA WELL WRIT YES MAY BE SURE FIND OKE WELL WRIT TO THE OFFER AND THEN LEFT THE ROOM
llasa8b,ct_no_t2_k32,1,control_word,t2,32,32,42,no,12,40.96,6,0.028573406860232353,0.011880186386406422,21.981375,0.6023631691932678,2048,True,29,44.8408121827411,0.9134535706684904,False,29,loop,0,SHE SAID YES MAYBE SU'RE FINE OQE WELL RIT YES MAYBE
llasa8b,ct_no_t2_k32,2,control_word,t2,32,32,42,no,24,31.88,7,nan,nan,nan,nan,1594,False,22,44.8408121827411,0.7109594685769403,False,22,undercount,0,SHE SAID YES MAY BE SURE FIND OQE WELLRIGT ANYES MAYBE SURE FINE O'QE WELL RIGHT AN YES AND THEN LEFT THE ROOM
llasa8b,ct_quick_t5_k02,0,control_word,t5,2,2,9,quick,8,4.68,0,0.045146673917770386,0.016648951917886734,6.25e-05,0.2885483503341675,234,False,1,6.3,0.7428571428571429,True,0,undercount,0,THE RUNNER MOVED SIT SLO ONG AN AADHAD
llasa8b,ct_quick_t5_k02,1,control_word,t5,2,2,9,quick,8,6.3,2,0.062255192548036575,0.04665067046880722,0.0245625,0.2312479019165039,315,False,2,6.3,1.0,True,2,correct,1,THE RUNNING OF SWIFT SMOOTH AND ANGENATING PATH
llasa8b,ct_quick_t5_k02,2,control_word,t5,2,2,9,quick,8,6.3,0,nan,nan,nan,nan,315,False,2,6.3,1.0,False,2,undercount,0,THE RUNNER MOVED SWIFTSNAT ALONG THE NIL AT
llasa8b,ct_quick_t5_k03,0,control_word,t5,3,3,10,quick,9,8.4,1,0.045508772134780884,0.021978434175252914,0.02025,0.22680771350860596,420,False,3,9.45,0.888888888888889,False,3,undercount,0,THE RUNNER MOVED SWIFT SNIT STEADYL A ANAO PATH
llasa8b,ct_quick_t5_k03,1,control_word,t5,3,3,10,quick,9,9.9,0,0.004975269548594952,0.011198117397725582,6.25e-05,0.22460508346557617,495,False,3,9.45,1.0476190476190477,False,3,undercount,0,MAY I ON  STUPSTON TAND HELON THE MOU FO
llasa8b,ct_quick_t5_k03,2,control_word,t5,3,3,10,quick,8,6.54,0,nan,nan,nan,nan,327,False,2,9.45,0.6920634920634922,False,2,truncation,0,THE RUNNER MOVED SIFTSON STAGGY AHANG TENA AT
llasa8b,ct_quick_t5_k04,0,control_word,t5,4,4,11,quick,11,5.42,1,0.07267046719789505,0.04556171968579292,0.7840625,0.21125543117523193,271,False,2,12.6,0.4301587301587302,True,1,truncation,0,THE RUNNER MOVED SWIFT SAIN STAGGERING AT AON A NARROW PATH
llasa8b,ct_quick_t5_k04,1,control_word,t5,4,4,11,quick,11,6.24,2,0.03826151415705681,0.044693607836961746,0.903625,0.1578696072101593,312,False,2,12.6,0.49523809523809526,True,2,truncation,0,THE RUNNING OF SMITH SLUNG STEADY LIGHT ALONG THE NARROW PATH
llasa8b,ct_quick_t5_k04,2,control_word,t5,4,4,11,quick,11,6.26,4,nan,nan,nan,nan,313,False,2,12.6,0.49682539682539684,False,4,truncation,0,THE RUNNER MOVED SWIFT SMOOTH STEADY LIGHT ALONG THE NARROW PATH
llasa8b,ct_quick_t5_k06,0,control_word,t5,6,6,13,quick,13,7.7,6,0.03933459892868996,0.11396560817956924,1.4710625,0.16008849442005157,385,False,2,18.9,0.40740740740740744,False,6,truncation,0,THE RUNNER MOVES SWIFT SMOOTH STEADY LIGHT SHARP LOOSE ALONG THE NARROW PATH
llasa8b,ct_quick_t5_k06,1,control_word,t5,6,6,13,quick,11,13.94,2,0.009284233674407005,0.08866072446107864,5.3403125,0.2047070860862732,697,False,4,18.9,0.7375661375661376,False,4,undercount,0,THE RI HOTED SLIFT SMOOTH STEADY WHITE SHARPNESS AL AA OF
llasa8b,ct_quick_t5_k06,2,control_word,t5,6,6,13,quick,13,5.76,6,nan,nan,nan,nan,288,False,2,18.9,0.3047619047619048,False,6,truncation,0,THE RUNNER MOVES SWIFT SMOOTH STEADY LIGHT SHARP LOOSE ALONG THE NARROW PATH
llasa8b,ct_quick_t5_k08,0,control_word,t5,8,8,15,quick,15,7.44,8,0.04002293571829796,0.079600989818573,6.25e-05,0.32830020785331726,372,False,2,25.2,0.29523809523809524,False,8,truncation,0,THE RUNNER MOVED SWIFT SMOOTH STEADY LIGHT SHARP LOOSE TIGHT CLEAN ALONG THE NARROW PATH
llasa8b,ct_quick_t5_k08,1,control_word,t5,8,8,15,quick,15,9.06,8,0.04671957343816757,0.10533670336008072,1.4596875,0.13893863558769226,453,False,3,25.2,0.3595238095238096,False,8,truncation,0,THE RUNNER MOVED SWIFT SMOOTH STEADY LIGHT SHARP LOOSE TIGHT CLEAN ALONG THE NARROW PATH
llasa8b,ct_quick_t5_k08,2,control_word,t5,8,8,15,quick,15,9.5,8,nan,nan,nan,nan,475,False,3,25.2,0.376984126984127,False,8,truncation,0,THE RUNNER MOVED SWIFT SMOOTH STEADY LIGHT SHARP LOOSE TIGHT CLEAN ALONG THE NARROW PATH
llasa8b,ct_quick_t5_k12,0,control_word,t5,12,12,19,quick,19,9.2,12,0.04087955504655838,0.0756702870130539,0.6868125,0.15843163430690765,460,False,3,37.8,0.24338624338624337,False,12,truncation,0,THE RUNNER MOVED SWIFT SMOOTH STEADY LIGHT SHARP LOOSE TIGHT CLEAN SWIFT SMOOTH STEADY LIGHT ALONG THE NARROW PATH
llasa8b,ct_quick_t5_k12,1,control_word,t5,12,12,19,quick,19,10.16,12,0.016966281458735466,0.0671529620885849,0.5196875,0.23847219347953796,508,False,3,37.8,0.2687830687830688,False,12,truncation,0,THE RUNNER MOVED SWIFT SMOOTH STEADY LIGHT SHARP LOOSE TIGHT CLEAN SWIFT SMOOTH STEADY LIGHT ALONG THE NARROW PATH
llasa8b,ct_quick_t5_k12,2,control_word,t5,12,12,19,quick,19,13.68,12,nan,nan,nan,nan,684,False,4,37.8,0.36190476190476195,False,12,truncation,0,THE RUNNER MOVED SWIFT SMOOTH STEADY LIGHT SHARP LOOSE TIGHT CLEAN SWIFT SMOOTH STEADY LIGHT ALONG THE NARROW PATH
llasa8b,ct_quick_t5_k16,0,control_word,t5,16,16,23,quick,23,17.9,16,0.04443279653787613,0.06770484894514084,1.00225,0.1472107619047165,895,False,6,50.4,0.3551587301587301,False,16,truncation,0,THE RUNNER MOVED SWIFT SMOOTH STEADY LIGHT SHARP LOOSE TIGHT CLEAN SWIFT SMOOTH STEADY LIGHT SHARP LOOSE TIGHT CLEAN ALONG THE NARROW PATH
llasa8b,ct_quick_t5_k16,1,control_word,t5,16,16,23,quick,23,13.26,16,0.0348188541829586,0.07848622649908066,0.6879375,0.28096532821655273,663,False,4,50.4,0.2630952380952381,False,16,truncation,0,THE RUNNER MOVED SWIFT SMOOTH STEADY LIGHT SHARP LOOSE TIGHT CLEAN SWIFT SMOOTH STEADY LIGHT SHARP LOOSE TIGHT CLEAN ALONG THE NARROW PATH
llasa8b,ct_quick_t5_k16,2,control_word,t5,16,16,23,quick,23,14.42,16,nan,nan,nan,nan,721,False,5,50.4,0.2861111111111111,False,16,truncation,0,THE RUNNER MOVED SWIFT SMOOTH STEADY LIGHT SHARP LOOSE TIGHT CLEAN SWIFT SMOOTH STEADY LIGHT SHARP LOOSE TIGHT CLEAN ALONG THE NARROW PATH
llasa8b,ct_quick_t5_k24,0,control_word,t5,24,24,31,quick,31,24.46,24,0.03539035841822624,0.05744168162345886,0.7955625,0.16583120822906494,1223,False,8,75.6,0.3235449735449736,False,24,truncation,0,THE RUNNER MOVED SWIFT SMOOTH STEADY LIGHT SHARP LOOSE TIGHT CLEAN SWIFT SMOOTH STEADY LIGHT SHARP LOOSE TIGHT CLEAN SWIFT SMOOTH STEADY LIGHT SHARP LOOSE TIGHT CLEAN ALONG THE NARROW PATH
llasa8b,ct_quick_t5_k24,1,control_word,t5,24,24,31,quick,31,25.32,24,0.03735524043440819,0.06792638450860977,0.7729375,0.16053731739521027,1266,False,8,75.6,0.33492063492063495,False,24,truncation,0,THE RUNNER MOVED SWIFT SMOOTH STEADY LIGHT SHARP LOOSE TIGHT CLEAN SWIFT SMOOTH STEADY LIGHT SHARP LOOSE TIGHT CLEAN SWIFT SMOOTH STEADY LIGHT SHARP LOOSE TIGHT CLEAN ALONG THE NARROW PATH
llasa8b,ct_quick_t5_k24,2,control_word,t5,24,24,31,quick,31,18.9,24,nan,nan,nan,nan,945,False,6,75.6,0.25,False,24,truncation,0,THE RUNNER MOVED SWIFT SMOOTH STEADY LIGHT SHARP LOOSE TIGHT CLEAN SWIFT SMOOTH STEADY LIGHT SHARP LOOSE TIGHT CLEAN SWIFT SMOOTH STEADY LIGHT SHARP LOOSE TIGHT CLEAN ALONG THE NARROW PATH
llasa8b,ct_quick_t5_k32,0,control_word,t5,32,32,39,quick,0,40.96,0,0.001328577403910458,0.009615371935069561,6.25e-05,0.6466692090034485,2048,True,13,100.8,0.40634920634920635,False,13,degenerate,0,
llasa8b,ct_quick_t5_k32,1,control_word,t5,32,32,39,quick,40,33.32,32,0.03693177178502083,0.07500647008419037,1.339875,0.17406433820724487,1666,False,11,100.8,0.33055555555555555,False,32,truncation,0,THE RUNNER MOVED SWIFT SMOOTH STEADY LIGHT SHARP LOOSE TIGHT CLEAN SWIFT SMOOTH STEADY LIGHT SHARP LOOSE TIGHT CLEAN SWIFT SMOOTH STEADY LIGHT SHARP LOOSE TIGHT CLEAN SWIFT SM SMOOTH STEADY LIGHT SHARP LOOSE TIGHT CLEAN ALONG THE NARROW PATH
llasa8b,ct_quick_t5_k32,2,control_word,t5,32,32,39,quick,41,26.82,32,nan,nan,nan,nan,1341,False,9,100.8,0.26607142857142857,False,32,truncation,0,THE RUNNER MOVED SWIFT SMOOTH STEADY LIGHT SHARP LOOSE TIGHT CLEAN SWIFT SMOOTH STEADY LIGHT SHARP LOOSE TIGHT CLEAN SWIFT SMOOTH STEADY LIGHT SHARP LOOSE TIGHT CLEAN SWIFT SMOOTH STEADY LIGHT SHARP LOOSE TIGHT CLEAN ALONG THE NG THE NARROW PATH
llasa8b,ct_really_t6_k02,0,control_word,t6,2,2,9,really,9,4.3,1,0.11362536996603012,0.07886949926614761,0.514,0.1887546181678772,215,False,3,3.160000000000002,1.3607594936708851,False,3,undercount,0,THEY WERE TRULY QUANK ID AFTER THE LONG JURNY
llasa8b,ct_really_t6_k02,1,control_word,t6,2,2,9,really,9,6.06,1,0.1039578840136528,0.04205433651804924,1.341,0.5220965147018433,303,False,4,3.160000000000002,1.9177215189873404,False,4,loop,0,THEY WERE COIT QUITE TIRED AFTER THE LONG JOURN
llasa8b,ct_really_t6_k02,2,control_word,t6,2,2,9,really,9,3.16,2,nan,nan,nan,nan,158,False,2,3.160000000000002,0.9999999999999994,True,2,correct,1,THEY WERE TRULY QUITE TIRED AFTER THE LONG JOURNEY
llasa8b,ct_really_t6_k03,0,control_word,t6,3,3,10,really,9,5.06,2,0.11260853707790375,0.044427357614040375,0.9556875,0.3089533746242523,253,False,3,4.700000000000001,1.0765957446808507,True,2,undercount,0,THEY WERE TRULY QUITE AATI AFTER THE LARGE AT
llasa8b,ct_really_t6_k03,1,control_word,t6,3,3,10,really,10,5.6,2,0.09126626700162888,0.03944426402449608,0.835,0.4023335874080658,280,False,4,4.700000000000001,1.1914893617021274,False,4,undercount,0,THEY WERE SURELY QUITE VERY TIRED AFTE E LONG JOY
llasa8b,ct_really_t6_k03,2,control_word,t6,3,3,10,really,10,4.7,3,nan,nan,nan,nan,235,False,3,4.700000000000001,0.9999999999999998,True,3,correct,1,THEY WERE TRULY QUITE VERY TIRED AFTER THE LONG JANI
llasa8b,ct_really_t6_k04,0,control_word,t6,4,4,11,really,10,6.56,1,0.11457663029432297,0.02875855192542076,0.7088125,0.18656089901924133,328,False,4,6.24,1.051282051282051,False,4,undercount,0,THEY WERE TRULY A COPTHI LARA TAT OF TAZAN JANE
llasa8b,ct_really_t6_k04,1,control_word,t6,4,4,11,really,10,6.02,0,0.09129097312688828,0.04028719291090965,0.857875,0.4826129376888275,301,False,4,6.24,0.9647435897435896,False,4,undercount,0,THEY WERE TROLI CLAK DANY BLAPO TIOD AFTER THE LONGSAUDIENC
llasa8b,ct_really_t6_k04,2,control_word,t6,4,4,11,really,11,8.9,3,nan,nan,nan,nan,445,False,6,6.24,1.4262820512820513,False,6,undercount,0,THEY WERE TRULY QUITE VERY WELL TIRED AFTER THE LONG JOURNEY
llasa8b,ct_really_t6_k06,0,control_word,t6,6,6,13,really,13,5.4,6,0.042349427938461304,0.006869735661894083,6.25e-05,0.3017736077308655,270,False,3,9.319999999999999,0.5793991416309014,False,6,truncation,0,THEY WERE TRULY QUITE VERY RATHER DEEPLY CLEARLY TIRED AFTER THE LONG JOURNEY
llasa8b,ct_really_t6_k06,1,control_word,t6,6,6,13,really,13,5.76,5,0.043409302830696106,0.018358970060944557,0.0035,0.36641183495521545,288,False,4,9.319999999999999,0.6180257510729614,True,5,truncation,0,THEY WERE TRULY QUITE VERY RATHER DEEPLY CHEERLY TIRED AFTER THE LONG JOURNEY
llasa8b,ct_really_t6_k06,2,control_word,t6,6,6,13,really,13,5.18,6,nan,nan,nan,nan,259,False,3,9.319999999999999,0.555793991416309,False,6,truncation,0,THEY WERE TRULY QUITE VERY RATHER DEEPLY CLEARLY TIRED AFTER THE LONG JOURNEY
llasa8b,ct_really_t6_k08,0,control_word,t6,8,8,15,really,15,8.28,8,0.03577898070216179,0.08242648839950562,0.61125,0.22482681274414062,414,False,5,12.399999999999997,0.6677419354838711,False,8,truncation,0,THEY WERE TRULY QUITE VERY RATHER DEEPLY CLEARLY PLAINLY SURELY TIRED AFTER THE LONG JOURNEY
llasa8b,ct_really_t6_k08,1,control_word,t6,8,8,15,really,15,6.76,8,0.05055001750588417,0.03570368513464928,0.7764375,0.3782825767993927,338,False,4,12.399999999999997,0.5451612903225808,False,8,truncation,0,THEY WERE TRULY QUITE VERY RATHER DEEPLY CLEARLY PLAINLY SURELY TIRED AFTER THE LONG JOURNEY
llasa8b,ct_really_t6_k08,2,control_word,t6,8,8,15,really,15,7.4,8,nan,nan,nan,nan,370,False,5,12.399999999999997,0.5967741935483872,False,8,truncation,0,THEY WERE TRULY QUITE VERY RATHER DEEPLY CLEARLY PLAINLY SURELY TIRED AFTER THE LONG JOURNEY
llasa8b,ct_really_t6_k12,0,control_word,t6,12,12,19,really,19,11.76,12,0.03702901676297188,0.04850225895643234,1.159875,0.16915059089660645,588,False,8,18.55999999999999,0.6336206896551727,False,12,truncation,0,THEY WERE TRULY QUITE VERY RATHER DEEPLY CLEARLY PLAINLY SURELY TRULY QUITE VERY RATHER TIRED AFTER THE LONG JOURNEY
llasa8b,ct_really_t6_k12,1,control_word,t6,12,12,19,really,19,12.96,12,0.04723536968231201,0.048333540558815,1.81825,0.2258373498916626,648,False,8,18.55999999999999,0.6982758620689659,False,12,truncation,0,THEY WERE TRULY QUITE VERY RATHER DEEPLY CLEARLY PLAINLY SURELY TRULY QUITE VERY RATHER TIRED AFTER THE LONG JOURNEY
llasa8b,ct_really_t6_k12,2,control_word,t6,12,12,19,really,19,9.5,12,nan,nan,nan,nan,475,False,6,18.55999999999999,0.5118534482758623,False,12,truncation,0,THEY WERE TRULY QUITE VERY RATHER DEEPLY CLEARLY PLAINLY SURELY TRULY QUITE VERY RATHER TIRED AFTER THE LONG JOURNEY
llasa8b,ct_really_t6_k16,0,control_word,t6,16,16,23,really,23,17.48,16,0.04143506661057472,0.03515265882015228,0.9661875,0.18063755333423615,874,False,11,24.719999999999988,0.7071197411003239,False,16,correct,1,THEY WERE TRULY QUITE VERY RATHER DEEPLY CLEARLY PLAINLY SURELY TRULY QUITE VERY RATHER DEEPLY CLEARLY PLAINLY SURELY TIRED AFTER THE LONG JOURNEY
llasa8b,ct_really_t6_k16,1,control_word,t6,16,16,23,really,23,16.14,16,0.06937180459499359,0.03135671094059944,2.094875,0.24905075132846832,807,False,10,24.719999999999988,0.6529126213592237,False,16,truncation,0,THEY WERE TRULY QUITE VERY RATHER DEEPLY CLEARLY PLAINLY SURELY TRULY QUITE VERY RATHER DEEPLY CLEARLY PLAINLY SURELY TIRED AFTER THE LONG JOURNEY
llasa8b,ct_really_t6_k16,2,control_word,t6,16,16,23,really,23,10.8,16,nan,nan,nan,nan,540,False,7,24.719999999999988,0.4368932038834954,False,16,truncation,0,THEY WERE TRULY QUITE VERY RATHER DEEPLY CLEARLY PLAINLY SURELY TRULY QUITE VERY RATHER DEEPLY CLEARLY PLAINLY SURELY TIRED AFTER THE LONG JOURNEY
llasa8b,ct_really_t6_k24,0,control_word,t6,24,24,31,really,31,18.5,24,0.031080711632966995,0.051315248012542725,0.5874375,0.16327844560146332,925,False,12,37.039999999999985,0.49946004319654447,False,24,truncation,0,THEY WERE TRULY QUITE VERY RATHER DEEPLY CLEARLY PLAINLY SURELY TRULY QUITE VERY RATHER DEEPLY CLEARLY PLAINLY SURELY TRULY QUITE VERY RATHER DEEPLY CLEARLY PLAINLY SURELY TIRED AFTER THE LONG JOURNEY
llasa8b,ct_really_t6_k24,1,control_word,t6,24,24,31,really,31,13.92,24,0.03046983666718006,0.04272346943616867,1.067625,0.24116405844688416,696,False,9,37.039999999999985,0.37580993520518374,False,24,truncation,0,THEY WERE TRULY QUITE VERY RATHER DEEPLY CLEARLY PLAINLY SURELY TRULY QUITE VERY RATHER DEEPLY CLEARLY PLAINLY SURELY TRULY QUITE VERY RATHER DEEPLY CLEARLY PLAINLY SURELY TIRED AFTER THE LONG JOURNEY
llasa8b,ct_really_t6_k24,2,control_word,t6,24,24,31,really,31,17.06,24,nan,nan,nan,nan,853,False,11,37.039999999999985,0.4605831533477323,False,24,truncation,0,THEY WERE TRULY QUITE VERY RATHER DEEPLY CLEARLY PLAINLY SURELY TRULY QUITE VERY RATHER DEEPLY CLEARLY PLAINLY SURELY TRULY QUITE VERY RATHER DEEPLY CLEARLY PLAINLY SURELY TIRED AFTER THE LONG JOURNEY
llasa8b,ct_really_t6_k32,0,control_word,t6,32,32,39,really,47,24.06,32,0.04306185245513916,0.04539978876709938,2.291125,0.2692667245864868,1203,False,16,49.35999999999998,0.4874392220421396,False,32,truncation,0,THEY WERE TRULY QUITE VERY RATHER DEEPLY CLEARLY PLAINLY SURELY TRULY QUITE VERY RATHER DEEPLY LEARLY PLAINLY SURELY TRULY QUITE VERY RATHER DEEPLY CLEARLY PLAINLY SURELY TRULY QUITE VERY RATHER DEEPLY CLEARLY PLAINLY SURELY TRULY QUITE VERY RATHER DEEPLY CLEARLY PLAINLY SURELY TIRED AFTER THE LONG JOURNEY
llasa8b,ct_really_t6_k32,1,control_word,t6,32,32,39,really,39,17.16,24,0.043229419738054276,0.02710644342005253,1.2036875,0.3442171812057495,858,False,11,49.35999999999998,0.347649918962723,False,24,truncation,0,THEY WERE TRULY QUITE VERY RATHER DEEPLY CLEARLY PLAINLY SURELY TRULY QUITE VERY RATHER DEEPLY CLEARELY PLAINLY SUREL TRULY QUITE VERY RATHER DEEPLY CLEARLY PLAINLY SURELY TRULY QUITE VERY RATHER DEEPLY CLEARLY PLAINLY SURELY TIRED AFTER THE LONG JOURNEY
llasa8b,ct_really_t6_k32,2,control_word,t6,32,32,39,really,39,19.02,32,nan,nan,nan,nan,951,False,12,49.35999999999998,0.38533225283630484,False,32,truncation,0,THEY WERE TRULY QUITE VERY RATHER DEEPLY CLEARLY PLAINLY SURELY TRULY QUITE VERY RATHER DEEPLY CLEARLY PLAINLY SURELY TRULY QUITE VERY RATHER DEEPLY CLEARLY PLAINLY SURELY TRULY QUITE VERY RATHER DEEPLY CLEARLY PLAINLY SURELY TIRED AFTER THE LONG JOURNEY
llasa8b,ct_very_t1_k02,0,control_word,t1,2,2,12,very,12,6.02,1,0.03170271962881088,0.010608294978737831,6.25e-05,0.241155743598938,301,False,2,5.900710659898475,1.0202160971749084,True,1,undercount,0,THE DOG WAS QUITE NARI DECK AND IT RAN ACROSS THE FIELD
llasa8b,ct_very_t1_k02,1,control_word,t1,2,2,12,very,12,6.68,0,0.08697805553674698,0.04205358773469925,0.442,0.2666585147380829,334,False,3,5.900710659898475,1.1320670314166756,False,3,undercount,0,THE DOL WAS PART WA BACK AT THE TRIAL POS TE FIELD
llasa8b,ct_very_t1_k02,2,control_word,t1,2,2,12,very,10,5.56,1,nan,nan,nan,nan,278,False,2,5.900710659898475,0.9422593854306462,True,1,undercount,0,THE DOG WAS QUITE WININ AN A LA PONSE AN
llasa8b,ct_very_t1_k03,0,control_word,t1,3,3,13,very,12,4.52,2,0.10102628171443939,0.0756273940205574,0.7255625,0.22068600356578827,226,False,1,7.198714043993229,0.6278899220578973,True,2,truncation,0,THE DOG WAS QUITE REALLY TRUE AND HAD BAGGED ATNATAPAS TO FAINT
llasa8b,ct_very_t1_k03,1,control_word,t1,3,3,13,very,13,8.42,0,0.08233939111232758,0.038364678621292114,0.4006875,0.2121744006872177,421,False,4,7.198714043993229,1.1696533503821893,False,4,undercount,0,THE DOG WAS CILD FOA TROY DECK AD A DRIEN AD CASO FEARED
llasa8b,ct_very_t1_k03,2,control_word,t1,3,3,13,very,14,6.02,1,nan,nan,nan,nan,301,False,2,7.198714043993229,0.8362604714133942,True,1,undercount,0,THE DOG WAS QUITE NAATIN IT BED AND IT RAN A PASSD THE FAL
llasa8b,ct_very_t1_k04,0,control_word,t1,4,4,14,very,13,8.24,1,0.012707836925983429,0.010104238986968994,6.25e-05,0.3090161979198456,412,False,4,8.496717428087983,0.9697862815539399,False,4,undercount,0,THE DOG WAS QUITE BATAIN FA AT AND A MANA PLASS THE FET
llasa8b,ct_very_t1_k04,1,control_word,t1,4,4,14,very,13,5.88,1,0.0029847240075469017,0.03435682877898216,0.3671875,0.3147049844264984,294,False,2,8.496717428087983,0.692031958196258,True,1,truncation,0,THE DOG WAS QUITE AMAED FONA FAMI TAT ANE TO MIE POSE TINT
llasa8b,ct_very_t1_k04,2,control_word,t1,4,4,14,very,13,25.62,1,nan,nan,nan,nan,1281,False,17,8.496717428087983,3.01528210356941,False,17,loop,0,GURAGOLUS QUITE RALY FI OUD EN AN A A THE CAR PUSED A
llasa8b,ct_very_t1_k06,0,control_word,t1,6,6,16,very,16,9.28,6,0.03401152417063713,0.04128102958202362,0.7495625,0.22330832481384277,464,False,5,11.09272419627749,0.836584398547851,True,6,correct,1,THE DOG WAS QUITE REALLY TRULY FAIRLY RATHER SOMEWHAT BIG AND IT RAN ACROSS THE FIELD
llasa8b,ct_very_t1_k06,1,control_word,t1,6,6,16,very,16,7.84,6,0.0326581671833992,0.04434607923030853,0.0044375,0.3350820243358612,392,False,3,11.09272419627749,0.7067695780835294,False,6,correct,1,THE DOG WAS QUITE REALLY TRULY FAIRLY RATHER SOMEWHAT BIG AND IT RAN ACROSS THE FIELD
llasa8b,ct_very_t1_k06,2,control_word,t1,6,6,16,very,16,11.22,6,nan,nan,nan,nan,561,False,6,11.09272419627749,1.0114738094511735,True,6,correct,1,THE DOG WAS QUITE REALLY TRULY FAIRLY RATHER SOMEWHAT BIG AND IT RAN ACROSS THE FIELD
llasa8b,ct_very_t1_k08,0,control_word,t1,8,8,18,very,18,11.22,8,0.04660826921463013,0.039014752954244614,1.1963125,0.19674396514892578,561,False,6,13.688730964466998,0.8196523132147683,False,8,correct,1,THE DOG WAS QUITE REALLY TRULY FAIRLY RATHER SOMEWHAT EXTREMELY NOTABLY BIG AND IT RAN ACROSS THE FIELD
llasa8b,ct_very_t1_k08,1,control_word,t1,8,8,18,very,18,9.42,8,0.04259837046265602,0.037328090518713,0.0085625,0.22400745749473572,471,False,5,13.688730964466998,0.6881572897043776,False,8,truncation,0,THE DOG WAS QUITE REALLY TRULY FAIRLY RATHER SOMEWHAT EXTREMELY NOTABLY BIG AND IT RAN ACROSS THE FIELD
llasa8b,ct_very_t1_k08,2,control_word,t1,8,8,18,very,18,9.42,8,nan,nan,nan,nan,471,False,5,13.688730964466998,0.6881572897043776,False,8,truncation,0,THE DOG WAS QUITE REALLY TRULY FAIRLY RATHER SOMEWHAT EXTREMELY NOTABLY BIG AND IT RAN ACROSS THE FIELD
llasa8b,ct_very_t1_k12,0,control_word,t1,12,12,22,very,22,11.6,12,0.03798364847898483,0.06541965901851654,0.52125,0.1290445327758789,580,False,6,18.880744500846017,0.614382552524887,False,12,truncation,0,THE DOG WAS QUITE REALLY TRULY FAIRLY RATHER SOMEWHAT EXTREMELY NOTABLY QUITE REALLY TRULY FAIRLY BIG AND IT RAN ACROSS THE FIELD
llasa8b,ct_very_t1_k12,1,control_word,t1,12,12,22,very,22,12.34,12,0.051932673901319504,0.03483544662594795,0.74475,0.14144115149974823,617,False,7,18.880744500846017,0.6535759222549229,False,12,truncation,0,THE DOG WAS QUITE REALLY TRULY FAIRLY RATHER SOMEWHAT EXTREMELY NOTABLY QUITE REALLY TRULY FAIRLY BIG AND IT RAN ACROSS THE FIELD
llasa8b,ct_very_t1_k12,2,control_word,t1,12,12,22,very,22,15.42,12,nan,nan,nan,nan,771,False,9,18.880744500846017,0.8167050827529102,False,12,correct,1,THE DOG WAS QUITE REALLY TRULY FAIRLY RATHER SOMEWHAT EXTREMELY NOTABLY QUITE REALLY TRULY FAIRLY BIG AND IT RAN ACROSS THE FIELD
llasa8b,ct_very_t1_k16,0,control_word,t1,16,16,26,very,26,17.42,16,0.03335953503847122,0.07479017227888107,1.1101875,0.21785150468349457,871,False,11,24.072758037225032,0.723639558585788,False,16,correct,1,THE DOG WAS QUITE REALLY TRULY FAIRLY RATHER SOMEWHAT EXTREMELY NOTABLY QUITE REALLY TRULY FAIRLY RATHER SOMEWHAT EXTREMELY NOTABLY BIG AND IT RAN ACROSS THE FIELD
llasa8b,ct_very_t1_k16,1,control_word,t1,16,16,26,very,26,14.18,16,0.044863469898700714,0.03328176587820053,1.01775,0.2363515943288803,709,False,8,24.072758037225032,0.5890475855767205,False,16,truncation,0,THE DOG WAS QUITE REALLY TRULY FAIRLY RATHER SOMEWHAT EXTREMELY NOTABLY QUITE REALLY TRULY FAIRLY RATHER SOMEWHAT EXTREMELY NOTABLY BIG AND IT RAN ACROSS THE FIELD
llasa8b,ct_very_t1_k16,2,control_word,t1,16,16,26,very,26,11.1,16,nan,nan,nan,nan,555,False,6,24.072758037225032,0.4611021297532862,False,16,truncation,0,THE DOG WAS QUITE REALLY TRULY FAIRLY RATHER SOMEWHAT EXTREMELY NOTABLY QUITE REALLY TRULY FAIRLY RATHER SOMEWHAT EXTREMELY NOTABLY BIG AND IT RAN ACROSS THE FIELD
llasa8b,ct_very_t1_k24,0,control_word,t1,24,24,34,very,34,19.14,24,0.05061138793826103,0.0638420507311821,0.806,0.16349944472312927,957,False,12,34.456785109983066,0.5554784040039366,False,24,truncation,0,THE DOG WAS QUITE REALLY TRULY FAIRLY RATHER SOMEWHAT EXTREMELY NOTABLY QUITE REALLY TRULY FAIRLY RATHER SOMEWHAT EXTREMELY NOTABLY QUITE REALLY TRULY FAIRLY RATHER SOMEWHAT EXTREMELY NOTABLY BIG AND IT RAN ACROSS THE FIELD
llasa8b,ct_very_t1_k24,1,control_word,t1,24,24,34,very,34,20.82,24,0.04921947419643402,0.033876556903123856,0.83725,0.11688300967216492,1041,False,13,34.456785109983066,0.6042351291202696,False,24,truncation,0,THE DOG WAS QUITE REALLY TRULY FAIRLY RATHER SOMEWHAT EXTREMELY NOTABLY QUITE REALLY TRULY FAIRLY RATHER SOMEWHAT EXTREMELY NOTABLY QUITE REALLY TRULY FAIRLY RATHER SOMEWHAT EXTREMELY NOTABLY BIG AND IT RAN ACROSS THE FIELD
llasa8b,ct_very_t1_k24,2,control_word,t1,24,24,34,very,34,23.14,24,nan,nan,nan,nan,1157,False,15,34.456785109983066,0.6715658447571103,False,24,truncation,0,THE DOG WAS QUITE REALLY TRULY FAIRLY RATHER SOMEWHAT EXTREMELY NOTABLY QUITE REALLY TRULY FAIRLY RATHER SOMEWHAT EXTREMELY NOTABLY QUITE REALLY TRULY FAIRLY RATHER SOMEWHAT EXTREMELY NOTABLY BIG AND IT RAN ACROSS THE FIELD
llasa8b,ct_very_t1_k32,0,control_word,t1,32,32,42,very,42,22.88,32,0.03806515410542488,0.0684070736169815,1.541125,0.2658834755420685,1144,False,15,44.8408121827411,0.5102494554906021,False,32,truncation,0,THE DOG WAS QUITE REALLY TRULY FAIRLY RATHER SOMEWHAT EXTREMELY NOTABLY QUITE REALLY TRULY FAIRLY RATHER SOMEWHAT EXTREMELY NOTABLY QUITE REALLY TRULY FAIRLY RATHER SOMEWHAT EXTREMELY NOTABLY QUITE REALLY TRULY FAIRLY RATHER SOMEWHAT EXTREMELY NOTABLY BIG AND IT RAN ACROSS THE FIELD
llasa8b,ct_very_t1_k32,1,control_word,t1,32,32,42,very,42,21.16,32,0.04910191148519516,0.04316310957074165,0.787875,0.20682045817375183,1058,False,14,44.8408121827411,0.4718915418785463,False,32,truncation,0,THE DOG WAS QUITE REALLY TRULY FAIRLY RATHER SOMEWHAT EXTREMELY NOTABLY QUITE REALLY TRULY FAIRLY RATHER SOMEWHAT EXTREMELY NOTABLY QUITE REALLY TRULY FAIRLY RATHER SOMEWHAT EXTREMELY NOTABLY QUITE REALLY TRULY FAIRLY RATHER SOMEWHAT EXTREMELY NOTABLY BIG AND IT RAN ACROSS THE FIELD
llasa8b,ct_very_t1_k32,2,control_word,t1,32,32,42,very,42,25.34,32,nan,nan,nan,nan,1267,False,17,44.8408121827411,0.5651101924008678,False,32,truncation,0,THE DOG WAS QUITE REALLY TRULY FAIRLY RATHER SOMEWHAT EXTREMELY NOTABLY QUITE REALLY TRULY FAIRLY RATHER SOMEWHAT EXTREMELY NOTABLY QUITE REALLY TRULY FAIRLY RATHER SOMEWHAT EXTREMELY NOTABLY QUITE REALLY TRULY FAIRLY RATHER SOMEWHAT EXTREMELY NOTABLY BIG AND IT RAN ACROSS THE FIELD
llasa8b,nm_n01,0,numbers,n01,4,4,9,six,9,4.0,4,0.03788762167096138,0.05919012799859047,0.3275,0.17991399765014648,200,False,3,4.95,0.8080808080808081,True,4,correct,1,SIX HUNDRED SIXTY SIX THOUSAND SIX HUNDRED SIXTY SIX
llasa8b,nm_n01,1,numbers,n01,4,4,9,six,9,5.6,4,0.019907530397176743,0.05699491128325462,1.1806875,0.25198015570640564,280,False,5,4.95,1.1313131313131313,True,4,correct,1,SIX HUNDRED SIXTY SIX THOUSAND SIX HUNDRED SIXTY SIX
llasa8b,nm_n01,2,numbers,n01,4,4,9,six,9,3.92,4,nan,nan,nan,nan,196,False,3,4.95,0.7919191919191919,True,4,correct,1,SIX HUNDRED SIXTY SIX THOUSAND SIX HUNDRED SIXTY SIX
llasa8b,nm_n02,0,numbers,n02,4,4,9,seven,9,4.42,4,0.04890641197562218,0.02391241304576397,0.278,0.2497015744447708,221,False,4,4.95,0.8929292929292929,True,4,correct,1,SEVEN HUNDRED SEVENTY SEVEN THOUSAND SEVEN HUNDRED SEVENTY SEVEN
llasa8b,nm_n02,1,numbers,n02,4,4,9,seven,9,4.5,4,0.05262335389852524,0.03620894253253937,0.279375,0.2178308069705963,225,False,4,4.95,0.9090909090909091,True,4,correct,1,SEVEN HUNDRED SEVENTY SEVEN THOUSAND SEVEN HUNDRED SEVENTY SEVEN
llasa8b,nm_n02,2,numbers,n02,4,4,9,seven,9,3.94,4,nan,nan,nan,nan,197,False,3,4.95,0.7959595959595959,True,4,correct,1,SEVEN HUNDRED SEVENTY SEVEN THOUSAND SEVEN HUNDRED SEVENTY SEVEN
llasa8b,nm_n03,0,numbers,n03,4,4,9,nine,9,5.3,4,0.04874980449676514,0.014854746870696545,0.291125,0.2046266794204712,265,False,4,4.95,1.0707070707070707,True,4,correct,1,NINE HUNDRED NINETY NINE THOUSAND NINE HUNDRED NINETY NINE
llasa8b,nm_n03,1,numbers,n03,4,4,9,nine,9,4.66,4,0.06792192906141281,0.01680460013449192,0.24125,0.281631737947464,233,False,4,4.95,0.9414141414141414,True,4,correct,1,NINE HUNDRED NINETY NINE THOUSAND NINE HUNDRED NINETY NINE
llasa8b,nm_n03,2,numbers,n03,4,4,9,nine,9,5.76,4,nan,nan,nan,nan,288,False,5,4.95,1.1636363636363636,True,4,correct,1,NINE HUNDRED NINETY NINE THOUSAND NINE HUNDRED NINETY NINE
llasa8b,nm_n04,0,numbers,n04,4,4,9,three,9,4.56,4,0.04502400755882263,0.02089473232626915,0.3400625,0.13909149169921875,228,False,4,4.95,0.9212121212121211,True,4,correct,1,THREE HUNDRED THIRTY THREE THOUSAND THREE HUNDRED THIRTY THREE
llasa8b,nm_n04,1,numbers,n04,4,4,9,three,9,3.66,4,0.12023595720529556,0.025456441566348076,0.3043125,0.15771153569221497,183,False,3,4.95,0.7393939393939394,True,4,correct,1,THREE HUNDRED THIRTY THREE THOUSAND THREE HUNDRED THIRTY THREE
llasa8b,nm_n04,2,numbers,n04,4,4,9,three,9,4.1,4,nan,nan,nan,nan,205,False,3,4.95,0.8282828282828282,True,4,correct,1,THREE HUNDRED THIRTY THREE THOUSAND THREE HUNDRED THIRTY THREE
llasa8b,nm_n05,0,numbers,n05,6,6,14,six,14,7.68,6,0.2131582498550415,0.07321739941835403,0.22825,0.4171595275402069,384,False,6,7.425000000000001,1.0343434343434341,True,6,correct,1,SIX HUNDRED SIXTY SIX MILLION SIX HUNDRED SIXTY SIX THOUSAND SIX HUNDRED SIXTY SIX
llasa8b,nm_n05,1,numbers,n05,6,6,14,six,14,6.74,6,0.003527273191139102,0.03779803588986397,1.169875,0.3030141294002533,337,False,5,7.425000000000001,0.9077441077441076,True,6,correct,1,SIX HUNDRED SIXTY SIX NARING SIX HUNDRED SIXTY SIX TOTE SIX HUNDRED SIXTY SIX
llasa8b,nm_n05,2,numbers,n05,6,6,14,six,14,7.64,6,nan,nan,nan,nan,382,False,6,7.425000000000001,1.0289562289562288,True,6,correct,1,SIX HUNDRED SIXTY SIX MAN SIX HUNDRED SIXTY SIX THOUSAN SIX HUNDRED SIXTY SIX
llasa8b,nm_n06,0,numbers,n06,4,4,9,eight,9,4.28,4,0.0761333778500557,0.034128446131944656,0.3505625,0.13964690268039703,214,False,3,4.95,0.8646464646464647,True,4,correct,1,EIGHT HUNDRED EIGHTY EIGHT THOUSAND EIGHT HUNDRED EIGHTY EIGHT
llasa8b,nm_n06,1,numbers,n06,4,4,9,eight,9,3.84,4,0.05468752235174179,0.02706226520240307,0.265375,0.20673471689224243,192,False,3,4.95,0.7757575757575756,True,4,correct,1,EIGHT HUNDRED EIGHTY EIGHT THOUSAND EIGHT HUNDRED EIGHTY EIGHT
llasa8b,nm_n06,2,numbers,n06,4,4,9,eight,9,6.42,4,nan,nan,nan,nan,321,False,5,4.95,1.2969696969696969,True,4,correct,1,EIGHT HUNDRED EIGHTY EIGHT THOUSAND EIGHT HUNDRED EIGHTY EIGHT
llasa8b,nm_n07,0,numbers,n07,2,2,4,five,4,1.86,2,0.09942592680454254,0.05510065332055092,0.26525,0.18896180391311646,93,False,2,1.86,1.0,True,2,correct,1,FIVE HUNDRED FIFTY FIVE
llasa8b,nm_n07,1,numbers,n07,2,2,4,five,4,2.2,2,0.07064156979322433,0.07021071016788483,0.2956875,0.2421242743730545,110,False,2,1.86,1.1827956989247312,True,2,correct,1,FIVE HUNDRED FIFTY FIVE
llasa8b,nm_n07,2,numbers,n07,2,2,4,five,4,1.52,2,nan,nan,nan,nan,76,False,2,1.86,0.8172043010752688,True,2,correct,1,FIVE HUNDRED FIFTY FIVE
llasa8b,nm_n08,0,numbers,n08,2,2,4,four,4,2.1,2,0.1025996208190918,0.06319893151521683,0.24325,0.12891842424869537,105,False,2,2.013333333333333,1.0430463576158941,True,2,correct,1,FOUR HUNDRED FORTY FOUR
llasa8b,nm_n08,1,numbers,n08,2,2,4,four,4,1.86,2,0.08738499134778976,0.08201201260089874,0.1285625,0.35781270265579224,93,False,2,2.013333333333333,0.9238410596026492,True,2,correct,1,FOUR HUNDRED FORTY FOUR
llasa8b,nm_n08,2,numbers,n08,2,2,4,four,4,2.08,2,nan,nan,nan,nan,104,False,2,2.013333333333333,1.0331125827814571,True,2,correct,1,FOUR HUNDRED FORTY FOUR
llasa8b,nm_n09,0,numbers,n09,6,6,14,two,14,5.34,6,0.04420144483447075,0.034395407885313034,0.297625,0.224636971950531,267,False,4,7.425000000000001,0.719191919191919,False,6,correct,1,TWO HUNDRED TWENTY TWO MILLION TWO HUNDRED TWENTY TWO THOUSAND TWO HUNDRED TWENTY TWO
llasa8b,nm_n09,1,numbers,n09,6,6,14,two,14,5.32,6,0.12609165906906128,0.04241820052266121,0.3769375,0.14908283948898315,266,False,4,7.425000000000001,0.7164983164983165,False,6,correct,1,TWO HUNDRED TWENTY TWO MILLION TWO HUNDRED TWENTY TWO THOUSAND TWO HUNDRED TWENTY TWO
llasa8b,nm_n09,2,numbers,n09,6,6,14,two,14,5.4,6,nan,nan,nan,nan,270,False,4,7.425000000000001,0.7272727272727273,False,6,correct,1,TWO HUNDRED TWENTY TWO MILLION TWO HUNDRED TWENTY TWO THOUSAND TWO HUNDRED TWENTY TWO
llasa8b,nm_n10,0,numbers,n10,2,2,7,one,7,5.06,2,0.056565798819065094,0.014457722194492817,0.252375,0.22808900475502014,253,False,2,4.09,1.2371638141809291,True,2,correct,1,ONE HUNDRED ELEVEN THOUSAND ONE HUNDRED ELEVEN
llasa8b,nm_n10,1,numbers,n10,2,2,7,one,10,12.76,0,0.12284871190786362,0.07728378474712372,6.25e-05,0.40086138248443604,638,False,6,4.09,3.119804400977995,False,6,loop,0,WY A A GRIP A LITTLE BOUSIN WIE  WOT O
llasa8b,nm_n10,2,numbers,n10,2,2,7,one,7,3.12,2,nan,nan,nan,nan,156,False,2,4.09,0.762836185819071,True,2,correct,1,ONE HUNDRED ELEVEN THOUSAND ONE HUNDRED ELEVEN
llasa8b,sr_s1_k01,0,sentence_rep,s1,1,1,4,bell,4,4.42,1,0.01844881661236286,0.0005643612239509821,6.25e-05,0.17309625446796417,221,False,1,3.7138461538461547,1.1901408450704223,True,1,correct,1,THE BELL RANG TWICE
llasa8b,sr_s1_k01,1,sentence_rep,s1,1,1,4,bell,4,4.5,1,0.045847538858652115,0.0778072327375412,1.193125,0.3152272701263428,225,False,1,3.7138461538461547,1.2116818558409277,True,1,correct,1,THE BELL RANG TWICE
llasa8b,sr_s1_k01,2,sentence_rep,s1,1,1,4,bell,3,2.92,0,nan,nan,nan,nan,146,False,1,3.7138461538461547,0.7862468931234463,True,0,undercount,0,THE DOAN CAT
llasa8b,sr_s1_k02,0,sentence_rep,s1,2,2,8,bell,8,3.88,2,0.03533492237329483,0.1453537791967392,0.1501875,0.43418872356414795,194,False,1,5.381538461538462,0.7209834190966267,True,2,correct,1,THE BELL RANG TWICE THE BELL RANG TWICE
llasa8b,sr_s1_k02,1,sentence_rep,s1,2,2,8,bell,8,5.6,2,0.08230938017368317,0.06904864311218262,0.794,0.29182395339012146,280,False,2,5.381538461538462,1.0405946255002858,True,2,correct,1,THE BELL RANG TWICE THE BELL RANG TWICE
llasa8b,sr_s1_k02,2,sentence_rep,s1,2,2,8,bell,8,3.68,2,nan,nan,nan,nan,184,False,1,5.381538461538462,0.6838193253287593,True,2,truncation,0,THE BELL RANG TWICE THE BELL RANG TWICE
llasa8b,sr_s1_k03,0,sentence_rep,s1,3,3,12,bell,12,10.26,3,0.022425271570682526,0.18137750029563904,0.114375,0.28388354182243347,513,False,5,7.049230769230769,1.4554779572239196,False,5,miscount,0,THE BELL RANG TWICE THE BELL RANG TWICE THE BELL RANG TWICE
llasa8b,sr_s1_k03,1,sentence_rep,s1,3,3,12,bell,12,6.68,3,0.09282831847667694,0.07361915707588196,0.45575,0.5534575581550598,334,False,3,7.049230769230769,0.9476211261457878,True,3,correct,1,THE BELL RANG TWICE THE BELL RANG TWICE THE BELL RANG TWICE
llasa8b,sr_s1_k03,2,sentence_rep,s1,3,3,12,bell,12,5.7,3,nan,nan,nan,nan,285,False,2,7.049230769230769,0.8085988651243998,True,3,correct,1,THE BELL RANG TWICE THE BELL RANG TWICE THE BELL RANG TWICE
llasa8b,sr_s1_k04,0,sentence_rep,s1,4,4,16,bell,0,40.96,0,2.821973612299189e-05,0.11989851295948029,6.25e-05,1.0768223546619993e-05,2048,True,23,8.716923076923075,4.698905753618074,False,23,empty,0,
llasa8b,sr_s1_k04,1,sentence_rep,s1,4,4,16,bell,20,17.58,5,0.0018506976775825024,0.05345531925559044,0.0015625,0.3271315395832062,879,False,9,8.716923076923075,2.016766678432757,False,9,loop,0,THE BELL RANG TWICE THE BELL RANG TWICE THE BELL RANG TWICE THE BELL RANG TWICE THE BELL RANG TWICE
llasa8b,sr_s1_k04,2,sentence_rep,s1,4,4,16,bell,16,7.04,4,nan,nan,nan,nan,352,False,3,8.716923076923075,0.8076244264031064,True,4,correct,1,THE BELL RANG TWICE THE BELL RANG TWICE THE BELL RANG TWICE THE BELL RANG TWICE
llasa8b,sr_s1_k06,0,sentence_rep,s1,6,6,24,bell,20,16.76,5,0.04716571047902107,0.02880292572081089,0.0081875,0.4697395861148834,838,False,9,12.052307692307691,1.390605054888946,False,9,undercount,0,THE BELL RANG TWICE THE BELL RANG TWICE THE BELL RANG TWICE THE BELL RANG TWICE THE BELL RANG TWICE
llasa8b,sr_s1_k06,1,sentence_rep,s1,6,6,24,bell,24,26.04,6,0.0462782196700573,0.03299946337938309,6.25e-05,0.4706534147262573,1302,False,14,12.052307692307691,2.160582078121011,False,14,loop,0,THE BELL RANG TWICE THE BELL RANG TWICE THE BELL RANG TWICE THE BELL RANG TWICE THE BELL RANG TWICE THE BELL RANG TWICE
llasa8b,sr_s1_k06,2,sentence_rep,s1,6,6,24,bell,24,18.52,6,nan,nan,nan,nan,926,False,10,12.052307692307691,1.5366351799846822,False,10,miscount,0,THE BELL RANG TWICE THE BELL RANG TWICE THE BELL RANG TWICE THE BELL RANG TWICE THE BELL RANG TWICE THE BELL RANG TWICE
llasa8b,sr_s1_k08,0,sentence_rep,s1,8,8,32,bell,6,36.88,0,0.12044545263051987,0.015671556815505028,0.2145625,0.6746994256973267,1844,False,21,15.387692307692305,2.396720655868827,False,21,loop,0,DT T T TE D DE
llasa8b,sr_s1_k08,1,sentence_rep,s1,8,8,32,bell,37,25.76,9,0.05854714661836624,0.045052748173475266,6.25e-05,0.4329488277435303,1288,False,14,15.387692307692305,1.674065186962608,False,14,loop,0,THE BELL RANG TWICE THE BELL RANG TWICE THE BELL RANG TWICE THE BELL RANG TWICE THE BELL RANG TWICE THE BELL RANG TWICE THE BELL RANG TWICE THE BELL RANG TWICE THE BELL RANG TWICE T
llasa8b,sr_s1_k08,2,sentence_rep,s1,8,8,32,bell,33,26.64,8,nan,nan,nan,nan,1332,False,15,15.387692307692305,1.7312537492501503,False,15,loop,0,THE BELL RANG TWICE THE BELL RANG TWICE THE BELL RANG TWICE THE BELL RANG TWICE THE BELL RANG TWICE THE BELL RANG TWICE THE BELL RANG TWICE THE BELL R RANG TWICE
llasa8b,sr_s1_k12,0,sentence_rep,s1,12,12,48,bell,6,39.7,1,0.1423635631799698,0.059734463691711426,0.0075,0.6969059109687805,1985,False,23,22.058461538461533,1.7997628679034738,False,23,loop,0,DI BELA THE BELL RANG TWI
llasa8b,sr_s1_k12,1,sentence_rep,s1,12,12,48,bell,34,34.28,8,0.10166651010513306,0.03354087099432945,0.3088125,0.4540025293827057,1714,False,19,22.058461538461533,1.5540521690612363,False,19,undercount,0,THE BELL RANG TWICE THE BELL RANG TWICE THE BELL RANG TWICE THE BELL RANG TWICE THE BELL RANG TWICE THE BELL RANG TWICE THE BE HE BELL RANG TWICE THE BELL RANG TWICE
llasa8b,sr_s1_k12,2,sentence_rep,s1,12,12,48,bell,6,40.96,1,nan,nan,nan,nan,2048,True,23,22.058461538461533,1.8568838052727024,False,23,loop,0,THE BELL THE BEL THE BEL
llasa8b,sr_s1_k16,0,sentence_rep,s1,16,16,64,bell,16,40.96,3,0.1855461448431015,0.005922544747591019,6.25e-05,0.4442993104457855,2048,True,23,28.72923076923076,1.4257256077969374,False,23,loop,0,D BE RAANGTWICE THE BELL RANG TWICE THE BELL RANG TWICE THE BELL RANGTWICE THE BEL
llasa8b,sr_s1_k16,1,sentence_rep,s1,16,16,64,bell,20,32.16,5,0.12990537285804749,0.03936576470732689,0.3474375,0.23014689981937408,1608,False,18,28.72923076923076,1.1194173717468139,False,18,undercount,0,THE BELL RANG TWICE THE BELL RANG TWICE THE BELL RANG TWICE THE BELL RANG TWICE THE BELL RANG TWICE
llasa8b,sr_s1_k16,2,sentence_rep,s1,16,16,64,bell,37,40.96,10,nan,nan,nan,nan,2048,True,23,28.72923076923076,1.4257256077969374,False,23,loop,0,THE BELL RANG TWICE THE BELL RANG TWICE THE BELL RANG TWICE THE BELL RANG TWICE THE BELL RANG TWICE THE BELL RANG TWICE THE BELL RANG TWICE THE BELL RANG TWICE THE BELL RANG TWICE BELL
llasa8b,sr_s2_k01,0,sentence_rep,s2,1,1,4,stones,4,3.02,1,0.018283357843756676,0.09905216097831726,0.936375,0.2705492675304413,151,False,1,3.0239999999999996,0.9986772486772488,True,1,correct,1,HE COUNTED THE STONES
llasa8b,sr_s2_k01,1,sentence_rep,s2,1,1,4,stones,4,3.86,0,0.08819489926099777,0.06602106243371964,1.265625,0.25246599316596985,193,False,1,3.0239999999999996,1.2764550264550265,True,0,undercount,0,HE COUNTED THE STAIRS
llasa8b,sr_s2_k01,2,sentence_rep,s2,1,1,4,stones,4,3.12,0,nan,nan,nan,nan,156,False,1,3.0239999999999996,1.0317460317460319,True,0,undercount,0,HE COUNTED THE STALLS
llasa8b,sr_s2_k02,0,sentence_rep,s2,2,2,8,stones,8,4.82,2,0.028400162234902382,0.032410360872745514,0.5555,0.49570930004119873,241,False,2,4.7459999999999996,1.0155920775389804,True,2,correct,1,HE COUNTED THE STONES HE COUNTED THE STONES
llasa8b,sr_s2_k02,1,sentence_rep,s2,2,2,8,stones,6,6.06,0,0.08151938766241074,0.04849656671285629,0.3035625,0.31267425417900085,303,False,3,4.7459999999999996,1.276864728192162,False,3,undercount,0,E CODED MUSTARS E PODED MUSTARS
llasa8b,sr_s2_k02,2,sentence_rep,s2,2,2,8,stones,8,4.68,2,nan,nan,nan,nan,234,False,2,4.7459999999999996,0.9860935524652339,True,2,correct,1,HE COUNTED THE STONES HE COUNTED THE STONES
llasa8b,sr_s2_k03,0,sentence_rep,s2,3,3,12,stones,12,6.36,3,0.009843550622463226,0.07187747210264206,0.008875,0.37561455368995667,318,False,3,6.468,0.9833024118738405,True,3,correct,1,HE COUNTED THE STONES HE COUNTED THE STONES HE COUNTED THE STONES
llasa8b,sr_s2_k03,1,sentence_rep,s2,3,3,12,stones,12,6.36,3,0.006018026731908321,0.03136057406663895,0.92575,0.3120165467262268,318,False,3,6.468,0.9833024118738405,True,3,correct,1,HE COUNTED THE STONES THE CANKERD THE STONES THE CANKERD THE STONES
llasa8b,sr_s2_k03,2,sentence_rep,s2,3,3,12,stones,12,6.68,3,nan,nan,nan,nan,334,False,3,6.468,1.0327767470624614,True,3,correct,1,HE COUNTED THE STONES HE COUNTED THE STONES HE COUNTED THE STONES
llasa8b,sr_s2_k04,0,sentence_rep,s2,4,4,16,stones,16,7.06,4,0.028492117300629616,0.06417302042245865,0.259125,0.4023800492286682,353,False,3,8.19,0.8620268620268621,True,4,correct,1,HE COUNTED THE STONES HE COUNTED THE STONES HE COUNTED THE STONES HE COUNTED THE STONES
llasa8b,sr_s2_k04,1,sentence_rep,s2,4,4,16,stones,16,9.06,4,0.020034216344356537,0.030474431812763214,1.6654375,0.3618128001689911,453,False,5,8.19,1.1062271062271063,True,4,correct,1,HE COUNTED THE STONES HE COUNTED THE STONES HE COUNTED THE STONES HE COUNTED THE STONES
llasa8b,sr_s2_k04,2,sentence_rep,s2,4,4,16,stones,16,11.44,4,nan,nan,nan,nan,572,False,6,8.19,1.3968253968253967,False,6,correct,1,HE COUNTED THE STONES HE COUNTED THE STONES HE COUNTED THE STONES HE COUNTED THE STONES
llasa8b,sr_s2_k06,0,sentence_rep,s2,6,6,24,stones,24,14.64,6,0.13818205893039703,0.07548864930868149,0.238125,0.5246531963348389,732,False,8,11.634,1.258380608561114,False,8,correct,1,HE COUNTED THE STONES HE COUNTED THE STONES HE COUNTED THE STONES HE COUNTED THE STONES HE COUNTED THE STONES HE COUNTED THE STONES
llasa8b,sr_s2_k06,1,sentence_rep,s2,6,6,24,stones,6,40.96,1,0.010195856913924217,0.03360288217663765,6.25e-05,0.4529061019420624,2048,True,23,11.634,3.520715145263882,False,23,loop,0,HE COUNTED THE STONES HE COUN
llasa8b,sr_s2_k06,2,sentence_rep,s2,6,6,24,stones,24,11.0,6,nan,nan,nan,nan,550,False,6,11.634,0.9455045556128588,True,6,correct,1,HE COUNTED THE STONES HE COUNTED THE STONES HE COUNTED THE STONES HE COUNTED THE STONES HE COUNTED THE STONES HE COUNTED THE STONES
llasa8b,sr_s2_k08,0,sentence_rep,s2,8,8,32,stones,32,40.96,8,0.060220830142498016,0.0640600323677063,8.1898125,0.332390695810318,2048,True,23,15.078000000000001,2.716540655259318,False,23,loop,0,HE COUNTED THE STONES HE COUNTED THE STONES HE COUNTED THE STONES HE COUNTED THE STONES HE COUNTED THE STONES HE COUNTED THE STONES HE COUNTED THE STONES HE COUNTED THE STONES
llasa8b,sr_s2_k08,1,sentence_rep,s2,8,8,32,stones,4,40.96,1,0.0024379726964980364,0.05196993052959442,39.017625,0.29460182785987854,2048,True,23,15.078000000000001,2.716540655259318,False,23,loop,0,HE COUNTED THE STONES
llasa8b,sr_s2_k08,2,sentence_rep,s2,8,8,32,stones,40,21.34,10,nan,nan,nan,nan,1067,False,12,15.078000000000001,1.41530706990317,False,12,overcount,0,HE COUNTED THE STONES HE COUNTED THE STONES HE COUNTED THE STONES HE COUNTED THE STONES HE COUNTED THE STONES HE COUNTED THE STONES HE COUNTED THE STONES HE COUNTED THE STONES HE COUNTED THE STONES HE COUNTED THE STONES
llasa8b,sr_s2_k12,0,sentence_rep,s2,12,12,48,stones,40,40.96,10,0.06623469293117523,0.07668700814247131,0.3465,0.3487173020839691,2048,True,23,21.966,1.8646999908950195,False,23,loop,0,HE COUNTED THE STONES HE COUNTED THE STONES HE COUNTED THE STONES HE COUNTED THE STONES HE COUNTED THE STONES HE COUNTED THE STONES HE COUNTED THE STONES HE COUNTED THE STONES HE COUNTED THE STONES HE COUNTED THE STONES
llasa8b,sr_s2_k12,1,sentence_rep,s2,12,12,48,stones,56,27.82,14,0.034051261842250824,0.08168458938598633,1.050125,0.40613773465156555,1391,False,15,21.966,1.2665027770190294,True,14,overcount,0,HE COUNTED THE STONES HE COUNTED THE STONES HE COUNTED THE STONES HE COUNTED THE STONES HE COUNTED THE STONES HE COUNTED THE STONES HE COUNTED THE STONES HE COUNTED THE STONES HE COUNTED THE STONES HE COUNTED THE STONES HE COUNTED THE STONES HE COUNTED THE STONES HE COUNTED THE STONES HE COUNTED THE STONES
llasa8b,sr_s2_k12,2,sentence_rep,s2,12,12,48,stones,48,28.72,12,nan,nan,nan,nan,1436,False,16,21.966,1.3074751889283436,False,16,correct,1,HE COUNTED THE STONES HE COUNTED THE STONES HE COUNTED THE STONES HE COUNTED THE STONES HE COUNTED THE STONES HE COUNTED THE STONES HE COUNTED THE STONES HE COUNTED THE STONES HE COUNTED THE STONES HE COUNTED THE STONES HE COUNTED THE STONES HE COUNTED THE STONES
llasa8b,sr_s2_k16,0,sentence_rep,s2,16,16,64,stones,28,40.96,7,0.09132781624794006,0.006107900757342577,0.00325,0.39034560322761536,2048,True,23,28.854000000000003,1.4195605461981007,False,23,loop,0,HE COUNTED THE STONES HE COUNTED THE STONES HE COUNTED THE STONES HE COUNTED THE STONES HE COUNTED THE STONES HE COUNTED THE STONES HE COUNTED THE STONES
llasa8b,sr_s2_k16,1,sentence_rep,s2,16,16,64,stones,56,19.92,14,nan,nan,nan,nan,996,False,11,28.854000000000003,0.6903722187564982,False,14,truncation,0,HE COUNTED THE STONES HE COUNTED THE STONES HE COUNTED THE STONES HE COUNTED THE STONES HE COUNTED THE STONES HE COUNTED THE STONES HE COUNTED THE STONES HE COUNTED THE STONES HE COUNTED THE STONES HE COUNTED THE STONES HE COUNTED THE STONES HE COUNTED THE STONES HE COUNTED THE STONES HE COUNTED THE STONES
llasa8b,sr_s2_k16,2,sentence_rep,s2,16,16,64,stones,40,40.96,10,nan,nan,nan,nan,2048,True,23,28.854000000000003,1.4195605461981007,False,23,loop,0,HE COUNTED THE STONES HE COUNTED THE STONES HE COUNTED THE STONES HE COUNTED THE STONES HE COUNTED THE STONES HE COUNTED THE STONES HE COUNTED THE STONES HE COUNTED THE STONES HE COUNTED THE STONES HE COUNTED THE STONES
llasa8b,sr_s3_k01,0,sentence_rep,s3,1,1,5,rain,2,2.3,1,0.09121423959732056,0.06399520486593246,0.498125,0.25772854685783386,115,False,1,3.3324137931034485,0.6901903973509933,True,1,truncation,0,RAIN FELL
llasa8b,sr_s3_k01,1,sentence_rep,s3,1,1,5,rain,3,3.36,1,nan,nan,nan,nan,168,False,1,3.3324137931034485,1.0082781456953642,True,1,correct,1,RAIN FAIR OZAOF
llasa8b,sr_s3_k01,2,sentence_rep,s3,1,1,5,rain,3,2.3,1,nan,nan,nan,nan,115,False,1,3.3324137931034485,0.6901903973509933,True,1,truncation,0,RAIN FELL O
llasa8b,sr_s3_k02,0,sentence_rep,s3,2,2,10,rain,5,4.88,1,0.09895581007003784,0.03277742490172386,0.3910625,0.4069865345954895,244,False,2,6.265517241379311,0.778866263070996,True,1,undercount,0,RAIN FELL ON THE ROOF
llasa8b,sr_s3_k02,1,sentence_rep,s3,2,2,10,rain,10,10.34,2,nan,nan,nan,nan,517,False,3,6.265517241379311,1.650302696752889,True,2,loop,0,RAIN FELL ON THE ROOF  RAIN FELL ON THE ROOF
llasa8b,sr_s3_k02,2,sentence_rep,s3,2,2,10,rain,1,40.96,0,nan,nan,nan,nan,2048,True,14,6.265517241379311,6.537369290038524,False,14,loop,0,RA
llasa8b,sr_s3_k03,0,sentence_rep,s3,3,3,15,rain,10,40.96,2,0.039328400045633316,0.008301873691380024,23.60675,0.2347373515367508,2048,True,14,9.198620689655176,4.452841505473083,False,14,loop,0,RAIN FELL ON DE ROOF RAIN FELL ON DE ROOF
llasa8b,sr_s3_k03,1,sentence_rep,s3,3,3,15,rain,15,5.12,3,nan,nan,nan,nan,256,False,2,9.198620689655176,0.5566051881841354,True,3,truncation,0,RAIN FELL ON THE ROOF RAIN FELL ON THE ROOF RAIN FELL ON THE ROOF
llasa8b,sr_s3_k03,2,sentence_rep,s3,3,3,15,rain,15,11.24,3,nan,nan,nan,nan,562,False,4,9.198620689655176,1.2219223271854847,True,3,correct,1,RAIN FELL ON THE ROOF RAIN FELL ON THE ROOF RAIN FELL ON THE ROOF
llasa8b,sr_s3_k04,0,sentence_rep,s3,4,4,20,rain,15,26.86,2,0.05844495818018913,0.08061476051807404,6.349625,0.22607579827308655,1343,False,9,12.131724137931037,2.2140299016542544,False,9,loop,0,RIN FELL ON THE ROOF RAIN FELL ON THE ROOF RAIN FELL ON THE ROOF
llasa8b,sr_s3_k04,1,sentence_rep,s3,4,4,20,rain,21,20.12,4,nan,nan,nan,nan,1006,False,7,12.131724137931037,1.6584617133761579,False,7,loop,0,RAIN FELL ON THE ROOF RAIN FELL ON THE ROOF RAIN FELL ON THE ROOF RAIN FELL ON THE ROOF FE
llasa8b,sr_s3_k04,2,sentence_rep,s3,4,4,20,rain,12,40.96,2,nan,nan,nan,nan,2048,True,14,12.131724137931037,3.376271957250866,False,14,loop,0,RAIN FELL ONRAIN FELL ON THE ROOF RAIN FELLL ON THE ROOF
llasa8b,sr_s3_k06,0,sentence_rep,s3,6,6,30,rain,1,39.02,0,0.0634012371301651,0.05373207479715347,28.655,0.8836839199066162,1951,False,13,17.997931034482765,2.168026976280798,False,13,loop,0,RA
llasa8b,sr_s3_k06,1,sentence_rep,s3,6,6,30,rain,20,28.46,4,nan,nan,nan,nan,1423,False,10,17.997931034482765,1.581292868912135,False,10,undercount,0,RAIN FELL ON THE ROOF RAIN FELL ON THE ROOF RAIN FELL ON THE ROOF RAIN FELL ON THE ROOF
llasa8b,sr_s3_k06,2,sentence_rep,s3,6,6,30,rain,2,40.96,0,nan,nan,nan,nan,2048,True,14,17.997931034482765,2.2758171437329953,False,14,loop,0,RA FA
llasa8b,sr_s3_k08,0,sentence_rep,s3,8,8,40,rain,2,40.96,1,0.2838249206542969,0.027726277709007263,0.6555625,0.6981874108314514,2048,True,14,23.864137931034488,1.716382972574632,False,14,loop,0,RAIN RAINBEL
llasa8b,sr_s3_k08,1,sentence_rep,s3,8,8,40,rain,21,29.74,4,nan,nan,nan,nan,1487,False,10,23.864137931034488,1.2462214258879285,False,10,undercount,0,RA  RAIN FELL ON THE ROOFS RAIN FELL ON THE ROOFS RAIN FELL ON THE ROOFS RAIN FELL ON THE ROOF
llasa8b,sr_s3_k08,2,sentence_rep,s3,8,8,40,rain,15,28.72,3,nan,nan,nan,nan,1436,False,10,23.864137931034488,1.203479467098228,False,10,undercount,0,RAIN FELLL LNDERAIN FELLL LN THE ROOF RAIN FELLLL L R RAIN FELON THE ROOF
llasa8b,sr_s3_k12,0,sentence_rep,s3,12,12,60,rain,1,40.96,0,0.030805280432105064,0.03771010786294937,39.280875,0.6261432766914368,2048,True,14,35.59655172413794,1.15067325389906,False,14,loop,0,RA
llasa8b,sr_s3_k12,1,sentence_rep,s3,12,12,60,rain,0,40.96,0,nan,nan,nan,nan,2048,True,14,35.59655172413794,1.15067325389906,False,14,degenerate,0,
llasa8b,sr_s3_k12,2,sentence_rep,s3,12,12,60,rain,4,40.96,1,nan,nan,nan,nan,2048,True,14,35.59655172413794,1.15067325389906,False,14,loop,0,RAIN FE MEN GO
llasa8b,sr_s3_k16,0,sentence_rep,s3,16,16,80,rain,21,40.96,4,0.1001359298825264,0.050807323306798935,10.4391875,0.525018036365509,2048,True,14,47.328965517241386,0.8654319728386786,False,14,loop,0,RAINNRAIN FELL ON THE ROOF RAIN FELL ON THE ROOF RAIN FELL ON THE ROOF RAIN RAIN FELL ON THE ROOF
llasa8b,sr_s3_k16,1,sentence_rep,s3,16,16,80,rain,0,40.96,0,nan,nan,nan,nan,2048,True,14,47.328965517241386,0.8654319728386786,False,14,degenerate,0,
llasa8b,sr_s3_k16,2,sentence_rep,s3,16,16,80,rain,1,40.96,0,nan,nan,nan,nan,2048,True,14,47.328965517241386,0.8654319728386786,False,14,loop,0,RARAI
llasa8b,sr_s4_k01,0,sentence_rep,s4,1,1,4,door,4,2.92,1,0.053906384855508804,0.13023687899112701,0.7675,0.2531566321849823,146,False,1,2.0705882352941245,1.410227272727268,True,1,correct,1,THE DOOR STAINED OPEN
llasa8b,sr_s4_k01,1,sentence_rep,s4,1,1,4,door,3,40.96,0,nan,nan,nan,nan,2048,True,10,2.0705882352941245,19.781818181818117,False,10,loop,0,YE TH YOTTOO
llasa8b,sr_s4_k01,2,sentence_rep,s4,1,1,4,door,3,2.94,1,nan,nan,nan,nan,147,False,1,2.0705882352941245,1.419886363636359,True,1,correct,1,THE DOOR STOUPEN
llasa8b,sr_s4_k02,0,sentence_rep,s4,2,2,8,door,8,4.02,2,0.021837696433067322,0.11781134456396103,0.3216875,0.3734273910522461,201,False,1,6.318823529411772,0.6361943772109468,True,2,truncation,0,THE DOOR STAYED OPEN THE DOOR STAYED OPEN
llasa8b,sr_s4_k02,1,sentence_rep,s4,2,2,8,door,8,4.98,1,nan,nan,nan,nan,249,False,2,6.318823529411772,0.7881213926643075,True,1,undercount,0,THE DOOR STUCK OPEN THE DOR STEPED OPEN
llasa8b,sr_s4_k02,2,sentence_rep,s4,2,2,8,door,8,5.18,2,nan,nan,nan,nan,259,False,2,6.318823529411772,0.8197728542170908,True,2,correct,1,THE DOOR STAYED OPEN THE DOOR STAYED OPEN
llasa8b,sr_s4_k03,0,sentence_rep,s4,3,3,12,door,12,13.92,3,0.028022268787026405,0.013688907958567142,6.25e-05,0.287044495344162,696,False,4,10.567058823529418,1.317301269205076,True,3,correct,1,THE DOOR STAYED OPEN THE DOOR STAYED OPEN THE DOOR STAYED OPEN
llasa8b,sr_s4_k03,1,sentence_rep,s4,3,3,12,door,12,12.18,3,nan,nan,nan,nan,609,False,3,10.567058823529418,1.1526386105544415,True,3,correct,1,THE DOOR STAYED OPEN THE DOOR STAYED OPEN THE DOOR STAYED OPEN
llasa8b,sr_s4_k03,2,sentence_rep,s4,3,3,12,door,12,7.32,3,nan,nan,nan,nan,366,False,2,10.567058823529418,0.692718770875083,True,3,truncation,0,THE DOOR STAYED OPEN THE DOOR STAYED OPEN THE DOOR STAYED OPEN
llasa8b,sr_s4_k04,0,sentence_rep,s4,4,4,16,door,12,10.08,3,0.1402987688779831,0.04094205051660538,0.23375,0.46964597702026367,504,False,3,14.815294117647067,0.6803779877709835,True,3,truncation,0,THE DOOR STAYED OPEN THE DOOR STAYED OPEN THE DOOR STAYED OPEN
llasa8b,sr_s4_k04,1,sentence_rep,s4,4,4,16,door,8,19.16,2,nan,nan,nan,nan,958,False,5,14.815294117647067,1.2932581592948456,False,5,undercount,0,THE DOOR STAYED OPEN THE DOOR STAYED OPEN
llasa8b,sr_s4_k04,2,sentence_rep,s4,4,4,16,door,5,40.96,1,nan,nan,nan,nan,2048,True,10,14.815294117647067,2.7647105534820917,False,10,loop,0,THE DOOR STAYED OPEN AG
llasa8b,sr_s4_k06,0,sentence_rep,s4,6,6,24,door,24,22.0,6,0.1129450798034668,0.01742526888847351,0.0184375,0.6132394075393677,1100,False,6,23.31176470588236,0.9437294978551599,True,6,correct,1,THE DOOR STAYED OPEN THE DOOR STAYED OPEN THE DOOR STAYED OPEN THE DOOR STAYED OPEN THE DOOR SAYED OPEN THE DOOR STAYED OPEN
llasa8b,sr_s4_k06,1,sentence_rep,s4,6,6,24,door,16,40.96,4,nan,nan,nan,nan,2048,True,10,23.31176470588236,1.7570527378248797,False,10,loop,0,THE DOOR STAYED OPE THE DOOR STAYED OPE THE DOOR STAYED OPE THE DOOR STAYED OPE
llasa8b,sr_s4_k06,2,sentence_rep,s4,6,6,24,door,15,28.72,0,nan,nan,nan,nan,1436,False,7,23.31176470588236,1.2319959626545542,False,7,undercount,0,DELL T E  ET E ETE  E  EE E E T  EE ET ET E
llasa8b,sr_s4_k08,0,sentence_rep,s4,8,8,32,door,0,40.96,0,0.001353738596662879,0.0033733188174664974,4.6819375,0.0007449791301041842,2048,True,10,31.808235294117658,1.2877168324888113,False,10,degenerate,0,
llasa8b,sr_s4_k08,1,sentence_rep,s4,8,8,32,door,32,13.4,7,nan,nan,nan,nan,670,False,4,31.808235294117658,0.42127454969116385,False,7,truncation,0,THE DO STAYD OPEN THE DOOR STAYED OPEN THE DOOR STAYED OPEN THE DOOR STAYED OPEN THE DOOR STAYED OPEN THE DOOR STAYED OPEN THE DOOR STAYED OPEN THE DOOR STAYED OPEN
llasa8b,sr_s4_k08,2,sentence_rep,s4,8,8,32,door,19,29.88,6,nan,nan,nan,nan,1494,False,8,31.808235294117658,0.9393793690128339,False,8,undercount,0,THE DOOR STAYED OPEN THE DOOR STAYED OPEN DOOR STAYED OPEN THE DOOR STAYED OPEN THE DOOR THE DOOR
llasa8b,sr_s4_k12,0,sentence_rep,s4,12,12,48,door,31,27.44,8,0.04712594673037529,0.04270213097333908,0.074125,0.5057247281074524,1372,False,7,48.801176470588246,0.5622815264820037,True,8,truncation,0,DOOR STAYED OPEN THE DOOR STAYED OPEN THE DOOR STAYED OPEN THE DOOR STAYED OPEN THE DOOR STAYED OPEN THE DOOR STAYED OPEN THE DOOR STAYED OPEN THE DOOR STAYED OPEN
llasa8b,sr_s4_k12,1,sentence_rep,s4,12,12,48,door,3,40.96,0,nan,nan,nan,nan,2048,True,10,48.801176470588246,0.8393240278681805,False,10,loop,0,DEAD DA TO
llasa8b,sr_s4_k12,2,sentence_rep,s4,12,12,48,door,20,29.98,5,nan,nan,nan,nan,1499,False,8,48.801176470588246,0.6143294520382825,False,8,truncation,0,THE DOOR STAYD THE DOOR STAYD OPEN OPEN THE DOOR STAYD OPEN THE DOOR STAYED OPEN THE DOOR STAYED OPEN
llasa8b,sr_s4_k16,0,sentence_rep,s4,16,16,64,door,17,36.54,3,0.0810319185256958,0.04964791238307953,0.0011875,0.37686625123023987,1827,False,9,65.79411764705884,0.5553687974966471,False,9,truncation,0,THE DOOR STAYD OPEN THE DOOR STAYD OPEN THE DOOR STAYD O PAN O PAN BOW BO
llasa8b,sr_s4_k16,1,sentence_rep,s4,16,16,64,door,28,30.34,1,nan,nan,nan,nan,1517,False,8,65.79411764705884,0.4611354492624049,False,8,truncation,0,THE DOORS TAY DOPEN THE DOORS TAYED OPEN THE DOORS STAYED OPEN THE DOORS TAYD OPEN THE DOORS TAYD OPEN THE DOOR RS THEYDOPEN THE DOORS THEY DOPEN
llasa8b,sr_s4_k16,2,sentence_rep,s4,16,16,64,door,28,40.48,6,nan,nan,nan,nan,2024,False,10,65.79411764705884,0.6152525704067946,False,10,truncation,0,THE DOOR STAYD OPEN THE DOOR STAYD OPEN THE DOOR STAYD OPEN THE DOOR STAYD OPEN THE DOOR STAYD OPEN THE DOOR STAYD OPEN THE DOORR STAYD OPEN
llasa8b,tw_w1_k1,0,twisters,w1,1,2,8,sea,6,6.38,0,0.0054186019115149975,0.02132502943277359,1.28025,0.139115571975708,319,False,2,3.7350000000000003,1.7081659973226238,False,2,loop,0,SHE FALS E TON I FEHO
llasa8b,tw_w1_k1,1,twisters,w1,1,2,8,sea,6,6.24,0,nan,nan,nan,nan,312,False,2,3.7350000000000003,1.6706827309236947,False,2,loop,0,SHE SIS SEASHIRDS WY E SEASHORE
llasa8b,tw_w1_k1,2,twisters,w1,1,2,8,sea,5,4.46,0,nan,nan,nan,nan,223,False,1,3.7350000000000003,1.1941097724230254,True,0,undercount,0,SHE SELLS SAINCHANS BY SAINCHAN
llasa8b,tw_w1_k2,0,twisters,w1,2,4,16,sea,16,8.0,4,0.06266927719116211,0.049735188484191895,6.25e-05,0.2091054469347,400,False,2,7.470000000000001,1.07095046854083,False,4,correct,1,SHE SELLS SEA SHELLS BY THE SEA SHORE SHE SELLS SEA SHELLS BY THE SEA SHORE
llasa8b,tw_w1_k2,1,twisters,w1,2,4,16,sea,14,9.9,2,nan,nan,nan,nan,495,False,3,7.470000000000001,1.325301204819277,True,2,undercount,0,SHE SELLS TSONS BY THE SEA SHORE SHE TELLS TAONS BY THE SEA SHORE
llasa8b,tw_w1_k2,2,twisters,w1,2,4,16,sea,16,6.94,4,nan,nan,nan,nan,347,False,2,7.470000000000001,0.92904953145917,False,4,correct,1,SHE SELLS SEA SHELLS BY THE SEA SHORE SHE SELLS SEA SHELLS BY THE SEA SHORE
llasa8b,tw_w1_k4,0,twisters,w1,4,8,32,sea,2,40.96,0,0.1493237316608429,0.031663212925195694,11.299625,0.8026337623596191,2048,True,11,14.940000000000001,2.7416331994645247,False,11,loop,0,SHE S
llasa8b,tw_w1_k4,1,twisters,w1,4,8,32,sea,28,11.6,4,nan,nan,nan,nan,580,False,3,14.940000000000001,0.7764390896921016,True,4,undercount,0,SHE SELLS SEA SHELLS BY THE SEASHORE SHE SELLS SEA SHELLS BY THE SEASHORE SHE SELLS SEA SHELLS BY THE SEASHORE SHE SELLS SEA SHELLS BY THE SEASHORE
llasa8b,tw_w1_k4,2,twisters,w1,4,8,32,sea,41,21.6,10,nan,nan,nan,nan,1080,False,6,14.940000000000001,1.4457831325301205,False,10,overcount,0,SHE SELLS SEA SHELLS BY THE SEA SHORE SHE SELLS SEA SHELLS BY THE SEA SHORE SHE SELLS SEA SHELLS BY THE SEA SHORE SHE SELLS SEA SHELLS BY THE SEA SHORE SHE SELLS SEA SHELLS BY THE SEA SHORE PAUL
llasa8b,tw_w2_k1,0,twisters,w2,1,1,8,peck,8,6.12,0,0.007665864657610655,0.0007713630911894143,6.25e-05,0.19930611550807953,306,False,1,6.889999999999999,0.8882438316400583,True,0,undercount,0,PETER HYPER PIPE A PLANT UP TIL UPS
llasa8b,tw_w2_k1,1,twisters,w2,1,1,8,peck,8,3.54,0,nan,nan,nan,nan,177,False,0,6.889999999999999,0.5137880986937592,True,0,truncation,0,PETER LIVER TAT A AD OF WECO PEGES
llasa8b,tw_w2_k1,2,twisters,w2,1,1,8,peck,8,6.02,0,nan,nan,nan,nan,301,False,1,6.889999999999999,0.8737300435413644,True,0,undercount,0,PETER PIPER PICKED A FIFT OF FIKET FETERS
llasa8b,tw_w2_k2,0,twisters,w2,2,2,16,peck,16,8.42,0,0.1838289052248001,0.06235203519463539,0.267375,0.4908865988254547,421,False,1,10.751999999999997,0.7831101190476193,True,0,undercount,0,PETER PIPER PICKED A PACK OF PICKLED PEPPERS PETER PIPER PICKED A PACK OF PICKLED PEPPERS
llasa8b,tw_w2_k2,1,twisters,w2,2,2,16,peck,16,7.02,0,nan,nan,nan,nan,351,False,1,10.751999999999997,0.6529017857142858,True,0,truncation,0,PETER PIPAD PICKED A PACK F PECPLE PAPES PETER PIPA PICKED A PACK OF PECPLE PAPPAS
llasa8b,tw_w2_k2,2,twisters,w2,2,2,16,peck,16,6.22,0,nan,nan,nan,nan,311,False,1,10.751999999999997,0.578497023809524,True,0,truncation,0,PETER PIPER PICKED A PACK OF PICKLE PEPPERS PETER PIPER PICKED A PACK OF PICKLE PEPPERS
llasa8b,tw_w2_k4,0,twisters,w2,4,4,32,peck,32,13.72,4,0.15372516214847565,0.05740497261285782,0.29275,0.3875851631164551,686,False,3,18.475999999999992,0.7425849751028365,True,4,correct,1,PETER PIPER PICKED A PECK O PICKLED EPPERS PETER PIPER PICKED A PECK OF PICKLED PEPPERS PETER PIPER PICKED A PECK O PICKLED PEPPERS PETER PIPER PICKED A PECK O PICKLED PEPPERS
llasa8b,tw_w2_k4,1,twisters,w2,4,4,32,peck,33,25.56,0,nan,nan,nan,nan,1278,False,6,18.475999999999992,1.3834163238796282,False,6,undercount,0,PETER PIPER PICKED A PACK OF PICKLED PEPPERS PETER PIPER PIKED A PACK OF PICKLE PEPPERS PETER PIPER PIKED A PACK OF PICKLED PEPPERS PETER PIPER PICKED A PACK AF PICKLED PEPPER RS
llasa8b,tw_w2_k4,2,twisters,w2,4,4,32,peck,32,13.6,0,nan,nan,nan,nan,680,False,3,18.475999999999992,0.7360900627841527,False,3,undercount,0,PETER PIPER PICKED A PACK OF PICKLED PEPPERS PETER PIPER PICKED A PACK OF PICKLED PEPPERS PETER PIPER PICKED A PACK OF PICKLED PEPPERS PETER PIPER PICKED A PACK OF PICKLED PEPPERS
llasa8b,tw_w3_k1,0,twisters,w3,1,1,7,chuck,4,40.96,0,0.01191064715385437,0.015938105061650276,6.25e-05,0.2567029893398285,2048,True,15,2.65,15.456603773584906,False,15,loop,0,Y LIVES O A
llasa8b,tw_w3_k1,1,twisters,w3,1,1,7,chuck,7,3.94,0,nan,nan,nan,nan,197,False,1,2.65,1.4867924528301888,True,0,undercount,0,ON WHICH LIGHT WUD O CAT CAP
llasa8b,tw_w3_k1,2,twisters,w3,1,1,7,chuck,8,3.38,0,nan,nan,nan,nan,169,False,1,2.65,1.2754716981132075,True,0,undercount,0,HOW MUCH WOOD WOULD A WENT CHAP SOCK
llasa8b,tw_w3_k2,0,twisters,w3,2,2,14,chuck,14,5.3,2,0.12613260746002197,0.05816544592380524,0.24125,0.2608669698238373,265,False,2,5.3,1.0,True,2,correct,1,HOW MUCH WOOD WOULD A WOODCHUCK CHUCK HOW MUCH WOOD WOULD A WOODCHUCK CHUCK
llasa8b,tw_w3_k2,1,twisters,w3,2,2,14,chuck,16,6.56,0,nan,nan,nan,nan,328,False,2,5.3,1.2377358490566037,False,2,undercount,0,HOW MUCH WOOD WOULD A WOT CHEK CHAP HOW MUCH WAT MADE A GA CHEK CHAP
llasa8b,tw_w3_k2,2,twisters,w3,2,2,14,chuck,15,8.56,3,nan,nan,nan,nan,428,False,3,5.3,1.6150943396226416,True,3,loop,0,HOW MUCH WOOD WOULD A WOOD CHUCK CHUCK HOW MUCH WOOD WOULD A WOODCHUCK CHUCK
llasa8b,tw_w3_k4,0,twisters,w3,4,4,28,chuck,28,18.62,4,0.05305344983935356,0.0389859564602375,1.42675,0.26856452226638794,931,False,7,10.6,1.7566037735849058,False,7,loop,0,HOW MUCH WOOD WOULD A WOODCHUCK CHUCK HOW MUCH WOOD WOULD A WOODCHUCK CHUCK HOW MUCH WOOD WOULD A WOODCHUCK CHUCK HOW MUCH WOOD WOULD A WOODCHUCK CHUCK
llasa8b,tw_w3_k4,1,twisters,w3,4,4,28,chuck,28,27.2,4,nan,nan,nan,nan,1360,False,10,10.6,2.5660377358490565,False,10,loop,0,HOW MUCH WOOD WOULD A WOODCHUCK CHUCK HOW MUCH WOOD WOULD A WOODCHUCK CHUCK HOW MUCH WOOD WOULD A WOODCHUCK CHUCK HOW MUCH WOOD WOULD A WOODCHUCK CHUCK
llasa8b,tw_w3_k4,2,twisters,w3,4,4,28,chuck,28,13.96,4,nan,nan,nan,nan,698,False,5,10.6,1.3169811320754718,True,4,correct,1,HOW MUCH WOOD WOULD A WOODCHUCK CHUCK HOW MUCH WOOD WOULD A WOODCHUCK CHUCK HOW MUCH WOOD WOULD A WOODCHUCK CHUCK HOW MUCH WOOD WOULD A WOODCHUCK CHUCK
llasa8b,tw_w4_k1,0,twisters,w4,1,4,8,lorry,8,6.0,0,0.08051050454378128,0.030955350026488304,1.5136875,0.4213639199733734,300,False,1,6.889999999999999,0.8708272859216257,True,0,undercount,0,RED LOINE NAING A NED LYING ALONG AR
llasa8b,tw_w4_k1,1,twisters,w4,1,4,8,lorry,7,9.3,0,nan,nan,nan,nan,465,False,2,6.889999999999999,1.34978229317852,False,2,undercount,0,LA PI TAN LAD PI TO ON
llasa8b,tw_w4_k1,2,twisters,w4,1,4,8,lorry,6,4.42,1,nan,nan,nan,nan,221,False,0,6.889999999999999,0.6415094339622642,True,1,truncation,0,RED LOURY YELLOW LORRY RED BANG
llasa8b,tw_w4_k2,0,twisters,w4,2,8,16,lorry,20,18.2,0,0.04553939774632454,0.027810370549559593,1.303125,0.3318344056606293,910,False,4,10.751999999999997,1.6927083333333337,False,4,loop,0,RED LOURI YELLOW LOURI RED LOURI YELLOW LOURI RED LOURI YELLOW LOURI RED LOURI YELLOW LOURI RED LURI YELLOW LOURI
llasa8b,tw_w4_k2,1,twisters,w4,2,8,16,lorry,16,7.34,6,nan,nan,nan,nan,367,False,1,10.751999999999997,0.6826636904761907,False,6,truncation,0,RED LORRY YELLOW LORRI RED LORRY YELLOW LORRY RED LORRY YELLOW LORRY RED LORRY YELLOW LORRI
llasa8b,tw_w4_k2,2,twisters,w4,2,8,16,lorry,16,21.3,4,nan,nan,nan,nan,1065,False,5,10.751999999999997,1.9810267857142863,True,4,loop,0,RED LORRI YELLOW LORY RED LORRY YELLOW LOURY RED LORRY YELLOW LRRY RED LORRY YELLOW LORRY
llasa8b,tw_w4_k4,0,twisters,w4,4,16,32,lorry,9,40.96,0,0.10375270247459412,0.011823559179902077,12.1736875,0.8751022815704346,2048,True,10,18.475999999999992,2.2169300714440365,False,10,loop,0,RED LOR YELLOW LO RE RED LOR YELLLOR GG
llasa8b,tw_w4_k4,1,twisters,w4,4,16,32,lorry,9,40.96,0,nan,nan,nan,nan,2048,True,10,18.475999999999992,2.2169300714440365,False,10,loop,0,RED LOR YEL LOR RED LOR RED BLORY YALALORI
llasa8b,tw_w4_k4,2,twisters,w4,4,16,32,lorry,9,40.96,0,nan,nan,nan,nan,2048,True,10,18.475999999999992,2.2169300714440365,False,10,loop,0,PREAD GLORY YELLOW LORY RED GLORI YELLOW LORI T
llasa8b,tw_w5_k1,0,twisters,w5,1,2,8,sixth,8,7.36,0,0.11040971428155899,0.057259511202573776,1.6213125,0.2264971137046814,368,False,2,4.53,1.6247240618101546,False,2,loop,0,THE SIX SINK SHAKES SIX SHAK IS SIK
llasa8b,tw_w5_k1,1,twisters,w5,1,2,8,sixth,1,40.96,0,nan,nan,nan,nan,2048,True,9,4.53,9.041942604856512,False,9,loop,0,P
llasa8b,tw_w5_k1,2,twisters,w5,1,2,8,sixth,7,5.56,0,nan,nan,nan,nan,278,False,1,4.53,1.227373068432671,True,0,undercount,0,THE SIX FENT SHANS IN HIN ATEV
llasa8b,tw_w5_k2,0,twisters,w5,2,4,16,sixth,16,9.06,4,0.02427648939192295,0.06137313321232796,0.6599375,0.37739667296409607,453,False,2,9.06,1.0,False,4,correct,1,THE SIXTH SIX SHAKES SIXTH SHEEP IS SICK THE SIXTH SIX SHAKES SIXTH SHEEP IS SICK
llasa8b,tw_w5_k2,1,twisters,w5,2,4,16,sixth,16,9.96,2,nan,nan,nan,nan,498,False,2,9.06,1.099337748344371,True,2,undercount,0,BHE SX SIX SHEA SIXTH SHEK IS THICK HE SIX SIX SHK SIXTH SHEAK IS THIK
llasa8b,tw_w5_k2,2,twisters,w5,2,4,16,sixth,16,9.62,2,nan,nan,nan,nan,481,False,2,9.06,1.0618101545253862,True,2,undercount,0,THE SIXTH SIK SHAES SIX SHEEP IS SICK THE SIXTH SIK SHAKES SIX SHEEP S SICK
llasa8b,tw_w5_k4,0,twisters,w5,4,8,32,sixth,32,19.36,8,0.050378281623125076,0.03773201256990433,6.25e-05,0.2835288941860199,968,False,4,18.12,1.0684326710816776,False,8,correct,1,THE SIXTH SICK SHAKES SIXTH SHEEP IS SICK THE SIXTH SIK SHAES SIXTH SHEEP IS SICK THE SIXTH SIX SHAKES SIXTH SHEEP IS SICK THE SIXTH SIX SHAKES SIXTH SHEEP IS SCK
llasa8b,tw_w5_k4,1,twisters,w5,4,8,32,sixth,32,18.06,8,nan,nan,nan,nan,903,False,4,18.12,0.9966887417218542,False,8,correct,1,THE SIXTH SIK SHEEXT SIXTH SHEEP IS SICK THE SIXTH SIK SHEEXT SIXTH SHEEP IS SICK THE SIXTH SIK SHEEXT SIXTH SHEEP IS SICK THE SIXTH SI SHEEXT SIXTH SHEEP IS SICK
llasa8b,tw_w5_k4,2,twisters,w5,4,8,32,sixth,32,16.56,8,nan,nan,nan,nan,828,False,4,18.12,0.9139072847682118,False,8,correct,1,THE SIXTH SIX SHAX SIXTH SHEEP IS SICK THE SIXTH SIX SHX SIXTH SHEEP IS SICK THE SIXTH SIX SHAX SIXTH SHEEP IS SICK THE SIXTH SIX SHAX SIXTH SHEEP IS SICK
llasa8b,tw_w6_k1,0,twisters,w6,1,0,5,s,5,5.28,0,0.039576128125190735,0.05385035648941994,6.25e-05,0.32319188117980957,264,False,1,5.720000000000005,0.9230769230769224,True,0,correct,1,SIX SLACK SLO SIGNAL SADBOS
llasa8b,tw_w6_k1,1,twisters,w6,1,0,5,s,3,4.82,0,nan,nan,nan,nan,241,False,1,5.720000000000005,0.8426573426573419,True,0,correct,1,SIX X  SEPENASAPIENS
llasa8b,tw_w6_k1,2,twisters,w6,1,0,5,s,3,7.06,0,nan,nan,nan,nan,353,False,1,5.720000000000005,1.234265734265733,True,0,correct,1,SIX ITFO SOOASOPANS
llasa8b,tw_w6_k2,0,twisters,w6,2,0,10,s,10,12.96,0,0.025454020127654076,0.09831951558589935,6.25e-05,0.24576202034950256,648,False,3,8.866666666666674,1.4616541353383448,False,3,miscount,0,SIX SLICK SLIM SYCAMORE SAPLINGS SIX SLIK SLIM SYCAMORE SAPLINGS
llasa8b,tw_w6_k2,1,twisters,w6,2,0,10,s,10,4.92,0,nan,nan,nan,nan,246,False,1,8.866666666666674,0.5548872180451123,True,0,truncation,0,SIX SLEIK SLIM SICAMOR SAPLINGS SIX SLEIK SLIM SICAMOR SAPLINGS
llasa8b,tw_w6_k2,2,twisters,w6,2,0,10,s,10,8.72,0,nan,nan,nan,nan,436,False,2,8.866666666666674,0.9834586466165406,False,2,correct,1,SIX SLICK SLIM SYCAMORE SAPLINGS SIX SLICK SLIM SYCAMORE SAPLINGS
llasa8b,tw_w6_k4,0,twisters,w6,4,0,20,s,15,13.46,0,0.03712255135178566,0.04227861762046814,0.0003125,0.4196401834487915,673,False,3,15.16000000000001,0.8878627968337726,False,3,correct,1,SIX SLCK SLIM SYCAMORE SAPLINGS SIX SLICK SLIM SYCAMORE SAPLINGS SIX SLICK SLIM SYCAMORE SAPLINGS
llasa8b,tw_w6_k4,1,twisters,w6,4,0,20,s,20,13.34,0,nan,nan,nan,nan,667,False,3,15.16000000000001,0.8799472295514505,False,3,correct,1,SIX SLICK SLM SYCAMORE SAPLINGS SIX SLIC SLIM SYCAMORE SAPLINGS SIX SLICK SLIM SYCAMORE SAPLINGS SIX SLICK SLIM SYCAMORE SAPLINGS
llasa8b,tw_w6_k4,2,twisters,w6,4,0,20,s,20,12.3,0,nan,nan,nan,nan,615,False,3,15.16000000000001,0.8113456464379942,False,3,correct,1,SIX SLIK SLIM SYCAMORE SAPLINGS SIX SLIK SLM SYCAMORE SAPLINGS SIX SLI SLIM SCAMORE SAPLINGS SIX SLIK SLIM SYCAMORE SAPLINGS
llasa8b,tw_w7_k1,0,twisters,w7,1,0,5,fr,5,3.96,0,0.0570109486579895,0.1581794023513794,0.5368125,0.3666904866695404,198,False,1,8.060000000000006,0.49131513647642644,True,0,truncation,0,FRESH FRENCH FRIED FLAF FETTERS
llasa8b,tw_w7_k1,1,twisters,w7,1,0,5,fr,6,13.64,0,nan,nan,nan,nan,682,False,2,8.060000000000006,1.6923076923076912,False,2,loop,0,FIRST FRENCH FAN FAR FOR TIS
llasa8b,tw_w7_k1,2,twisters,w7,1,0,5,fr,5,6.58,0,nan,nan,nan,nan,329,False,1,8.060000000000006,0.8163771712158803,True,0,correct,1,FRESH FENCH FAND FIN FETERS
llasa8b,tw_w7_k2,0,twisters,w7,2,0,10,fr,10,5.4,0,0.04021450877189636,0.0726480633020401,0.275125,0.49049344658851624,270,False,1,17.206666666666674,0.31383184812088327,True,0,truncation,0,FRESH FRENCH FRIED FLY FRITTERS FRESH FRENCH FRIED FLY FRITTERS
llasa8b,tw_w7_k2,1,twisters,w7,2,0,10,fr,6,40.18,0,nan,nan,nan,nan,2009,False,5,17.206666666666674,2.3351414180550165,False,5,loop,0,TU T AO A A A
llasa8b,tw_w7_k2,2,twisters,w7,2,0,10,fr,10,6.04,0,nan,nan,nan,nan,302,False,1,17.206666666666674,0.35102673382409905,True,0,truncation,0,FRESH FRENCH FRIED FLY FRITTERS FRESH FRENCH FRIED FLY FRITTERS
llasa8b,tw_w7_k4,0,twisters,w7,4,0,20,fr,20,12.34,0,0.03588460758328438,0.14756254851818085,1.9024375,0.4598264694213867,617,False,1,35.500000000000014,0.3476056338028168,True,0,truncation,0,FRESH FRENCH FRIED FLY FRITTERS FRESH FRENCH FRIED FLY FRITTERS FRESH FRENCH FRIED FLY FRITTERS FRESH FRENCH FRIED FLY FRITTERS
llasa8b,tw_w7_k4,1,twisters,w7,4,0,20,fr,20,11.1,0,nan,nan,nan,nan,555,False,1,35.500000000000014,0.31267605633802803,True,0,truncation,0,FRESH FRENCH FRIED FLY FRITTERS FRESH FRENCH FRIED FLY FRITTERS FRESH FRENCH FRIED FLY FRITTERS FRESH FRENCH FRED FLY FRITTERS
llasa8b,tw_w7_k4,2,twisters,w7,4,0,20,fr,20,13.92,0,nan,nan,nan,nan,696,False,2,35.500000000000014,0.39211267605633787,False,2,truncation,0,FRESH FRENCH FRIED FLY FRITTERS FRESH FRENCH FRIED FLY FRITTERS FRESH FRENCH FRIED FLY FRITTERS FRESH FRENCH FRIED FLY FRITTERS
llasa8b,tw_w8_k1,0,twisters,w8,1,3,6,rural,5,13.06,0,0.11598410457372665,0.017229042947292328,5.714125,0.5973191857337952,653,False,3,6.889999999999999,1.8955007256894054,False,3,loop,0,SUA MO SA AD MO
llasa8b,tw_w8_k1,1,twisters,w8,1,3,6,rural,0,40.96,0,nan,nan,nan,nan,2048,True,10,6.889999999999999,5.944847605224965,False,10,degenerate,0,
llasa8b,tw_w8_k1,2,twisters,w8,1,3,6,rural,5,7.4,1,nan,nan,nan,nan,370,False,1,6.889999999999999,1.0740203193033384,True,1,undercount,0,TRULY RURAL TRUALL TOLY ALL
llasa8b,tw_w8_k2,0,twisters,w8,2,6,12,rural,10,16.0,0,0.10966500639915466,0.027117960155010223,0.2538125,0.27732953429222107,800,False,3,10.751999999999997,1.4880952380952386,False,3,undercount,0,CHURI MOA COI MOA CHOE OA CHO MOA CO MOA
llasa8b,tw_w8_k2,1,twisters,w8,2,6,12,rural,0,40.96,0,nan,nan,nan,nan,2048,True,10,10.751999999999997,3.8095238095238106,False,10,degenerate,0,
llasa8b,tw_w8_k2,2,twisters,w8,2,6,12,rural,4,26.62,0,nan,nan,nan,nan,1331,False,6,10.751999999999997,2.475818452380953,False,6,loop,0,TRUA TRU TRULY IR
llasa8b,tw_w8_k4,0,twisters,w8,4,12,24,rural,22,17.78,0,0.33476680517196655,0.010269460268318653,6.25e-05,0.7688286900520325,889,False,4,18.475999999999992,0.962329508551635,False,4,undercount,0,TULY RURO TLY RURO ULY RURO UL RURO TULY RUR TUL RURO TULY RURO TULY RURO TULY RURO TULY RURO TULY RURO
llasa8b,tw_w8_k4,1,twisters,w8,4,12,24,rural,5,32.46,0,nan,nan,nan,nan,1623,False,8,18.475999999999992,1.756873782203941,False,8,loop,0,SURELY TULY RO TULY RO
llasa8b,tw_w8_k4,2,twisters,w8,4,12,24,rural,6,32.24,0,nan,nan,nan,nan,1612,False,8,18.475999999999992,1.744966442953021,False,8,loop,0,TRULYRURAL TRULYRURAL TRULYR TRULY ULIER JULI
llasa8b,wr_blue_t4_k01,0,word_rep,t4,1,1,8,blue,8,3.26,0,0.007556991185992956,0.039014969021081924,0.0711875,0.11207477003335953,163,False,1,4.68,0.6965811965811965,True,0,truncation,0,THE LIGHT WAS BURNING BEFORE THE STAR ARRIVED
llasa8b,wr_blue_t4_k01,1,word_rep,t4,1,1,8,blue,8,5.58,0,0.024140920490026474,0.036236412823200226,6.25e-05,0.3300876021385193,279,False,1,4.68,1.1923076923076923,True,0,undercount,0,THE LIGHT WAS BLOWN BEFORE THE STAR ARRIVED
llasa8b,wr_blue_t4_k01,2,word_rep,t4,1,1,8,blue,7,4.68,1,nan,nan,nan,nan,234,False,1,4.68,1.0,True,1,correct,1,THE LIGHT WAS BLUE BEFORE NESTAR ARRIVED
llasa8b,wr_blue_t4_k02,0,word_rep,t4,2,2,9,blue,8,3.74,0,0.09469826519489288,0.04525688663125038,0.3273125,0.1135721430182457,187,False,1,9.36,0.3995726495726496,True,0,truncation,0,THE LAKE WAS BLUEBROUT BEFORE THE STAR LIVET
llasa8b,wr_blue_t4_k02,1,word_rep,t4,2,2,9,blue,9,4.8,0,0.021298779174685478,0.04941325634717941,0.7949375,0.15523916482925415,240,False,1,9.36,0.5128205128205129,True,0,truncation,0,THE LIGHT WAS BLAD LIT BEFORE THE STAR ARIVED
llasa8b,wr_blue_t4_k02,2,word_rep,t4,2,2,9,blue,7,4.88,0,nan,nan,nan,nan,244,False,1,9.36,0.5213675213675214,True,0,truncation,0,THE LIGHT WAS THRUGH BA EFACE TANDAFT
llasa8b,wr_blue_t4_k03,0,word_rep,t4,3,3,10,blue,10,6.42,0,0.06311628222465515,0.04279932752251625,1.1834375,0.15321187674999237,321,False,1,14.04,0.4572649572649573,True,0,truncation,0,THE LIKE WAS EER A A HER FACE CA IN
llasa8b,wr_blue_t4_k03,1,word_rep,t4,3,3,10,blue,10,5.66,0,0.021595381200313568,0.050824470818042755,0.7166875,0.15429949760437012,283,False,1,14.04,0.4031339031339032,True,0,truncation,0,THE LIGHT WAS BLIRNT OUT LOW BEFORE THE STORM ARIVED
llasa8b,wr_blue_t4_k03,2,word_rep,t4,3,3,10,blue,10,6.74,0,nan,nan,nan,nan,337,False,1,14.04,0.4800569800569801,True,0,truncation,0,THE LIKE WAS TAT E AD E TA STAY TAT
llasa8b,wr_blue_t4_k04,0,word_rep,t4,4,4,11,blue,11,3.46,4,0.13065101206302643,0.03267915919423103,0.3479375,0.14938215911388397,173,False,1,18.72,0.18482905982905984,False,4,truncation,0,THE LIGHT WAS BLUE BLUE BLUE BLUE BEFORE THE STORM ARRIVED
llasa8b,wr_blue_t4_k04,1,word_rep,t4,4,4,11,blue,12,6.94,1,0.053145457059144974,0.03310535103082657,0.391,0.26320934295654297,347,False,1,18.72,0.3707264957264958,True,1,truncation,0,THE LIGHT WAS DUL B BU BLU BLUE BEFORE THE STORM ARRIVED
llasa8b,wr_blue_t4_k04,2,word_rep,t4,4,4,11,blue,11,6.12,4,nan,nan,nan,nan,306,False,1,18.72,0.3269230769230769,False,4,truncation,0,THE LIGHT WAS BLUE BLUE BLUE BLUE BEFORE THE STORM ARRIVED
llasa8b,wr_blue_t4_k06,0,word_rep,t4,6,6,13,blue,13,4.54,6,0.09246552735567093,0.029393000528216362,0.194125,0.20916715264320374,227,False,1,28.08,0.1616809116809117,False,6,truncation,0,THE LIGHT WAS BLUE BLUE BLUE BLUE BLUE BLUE BEFORE THE STORM ARRIVED
llasa8b,wr_blue_t4_k06,1,word_rep,t4,6,6,13,blue,0,40.96,0,2.270046570629347e-05,0.011390991508960724,6.25e-05,2.2728137594185682e-08,2048,True,9,28.08,1.4586894586894588,False,9,empty,0,
llasa8b,wr_blue_t4_k06,2,word_rep,t4,6,6,13,blue,13,7.58,6,nan,nan,nan,nan,379,False,2,28.08,0.26994301994301995,False,6,truncation,0,THE LIGHT WAS BLUE BLUE BLUE BLUE BLUE BLUE BEFORE THE STORM ARRIVED
llasa8b,wr_blue_t4_k08,0,word_rep,t4,8,8,15,blue,16,6.42,9,0.1257326751947403,0.018572311848402023,0.2015625,0.1818408966064453,321,False,1,37.44,0.17147435897435898,False,9,overcount,0,THE LIGHT WAS BLUE BLUE BLUE BLUE BLUE BLUE BLUE BLUE BLUE BEFORE THE STORM ARRIVED
llasa8b,wr_blue_t4_k08,1,word_rep,t4,8,8,15,blue,15,7.86,8,0.2301349639892578,0.022374935448169708,0.2141875,0.20360000431537628,393,False,2,37.44,0.20993589743589747,False,8,truncation,0,THE LIGHT WAS BLUE BLUE BLUE BLUE BLUE BLUE BLUE BLUE BEFORE THE STORM ARRIVED
llasa8b,wr_blue_t4_k08,2,word_rep,t4,8,8,15,blue,15,10.98,8,nan,nan,nan,nan,549,False,2,37.44,0.2932692307692308,False,8,truncation,0,THE LIGHT WAS BLUE BLUE BLUE BLUE BLUE BLUE BLUE BLUE BEFORE THE STORM ARRIVED
llasa8b,wr_blue_t4_k12,0,word_rep,t4,12,12,19,blue,21,8.66,14,0.1547284573316574,0.021256890147924423,0.3430625,0.18448835611343384,433,False,2,56.16,0.15420227920227922,False,14,overcount,0,THE LIGHT WAS BLUE BLUE BLUE BLUE BLUE BLUE BLUE BLUE BLUE BLUE BLUE BLUE BLUE BLUE BEFORE THE STORM ARRIVED
llasa8b,wr_blue_t4_k12,1,word_rep,t4,12,12,19,blue,20,8.3,13,0.2574499249458313,0.030032223090529442,0.2720625,0.2309858202934265,415,False,2,56.16,0.1477920227920228,False,13,overcount,0,THE LIGHT WAS BLUE BLUE BLUE BLUE BLUE BLUE BLUE BLUE BLUE BLUE BLUE BLUE BLUE BEFORE THE STORM ARRIVED
llasa8b,wr_blue_t4_k12,2,word_rep,t4,12,12,19,blue,13,15.5,6,nan,nan,nan,nan,775,False,3,56.16,0.275997150997151,False,6,truncation,0,THE LIGHT WAS BLUE BLUE BLUE BLUE BLUE BLUE BEFORE THE STORM ARRIVED
llasa8b,wr_blue_t4_k16,0,word_rep,t4,16,16,23,blue,25,10.24,12,0.23519408702850342,0.015753192827105522,0.3544375,0.3378341794013977,512,False,2,74.88,0.13675213675213677,False,12,truncation,0,THE LIGHT WAS BLUE BLUE BLU BLU BLUE BLUE BLUE BLUE BLUE BLUE BLUUE BLUO BLUE BLUOE BLUE BLUO BLUE BLUE BEFORE THE STORM ARRIVED
llasa8b,wr_blue_t4_k16,1,word_rep,t4,16,16,23,blue,16,23.74,0,0.10345008224248886,0.022179637104272842,0.5339375,0.45911461114883423,1187,False,5,74.88,0.3170405982905983,False,5,truncation,0,THE LIGHT WAS BLU BLU  BLUOO BOO BOO BOO BOO BO BO BEFORE THE STORM ARRIVED
llasa8b,wr_blue_t4_k16,2,word_rep,t4,16,16,23,blue,17,20.2,10,nan,nan,nan,nan,1010,False,4,74.88,0.26976495726495725,False,10,truncation,0,THE LIGHT WAS BLUE BLUE BLUE BLUE BLUE BLUE BLUE BLUE BLUE BLUE BEFORE THE STORM ARRIVED
llasa8b,wr_blue_t4_k24,0,word_rep,t4,24,24,31,blue,2,40.96,0,0.0006280724192038178,0.011684984900057316,6.25e-05,0.47520527243614197,2048,True,9,112.32,0.3646723646723647,False,9,empty,0,A    O
llasa8b,wr_blue_t4_k24,1,word_rep,t4,24,24,31,blue,15,40.96,1,0.10231054574251175,0.01937718689441681,6.25e-05,0.664120078086853,2048,True,9,112.32,0.3646723646723647,False,9,loop,0,THE LII WAAAS BLUE BUE BLU BO OO BEFORE THE ST ER E AA BE
llasa8b,wr_blue_t4_k24,2,word_rep,t4,24,24,31,blue,53,40.96,46,nan,nan,nan,nan,2048,True,9,112.32,0.3646723646723647,False,46,loop,0,THE LIGHT WAS BLUE BLUE BLUE BLUE BLUE BLUE BLUE BLUE BLUE BLUE BLUE BLUE BLUE BLUE BLUE BLUE BLUE BLUE BLUE BLUE BLUE BLUE BLUE BLUE BLUE BLUE BLUE BLUE BLUE BLUE BLUE BLUE BLUE BLUE BLUE BLUE BLUE BLUE BLUE BLUE BLUE BLUE BLUE BLUE BLUE BLUE BEFORE THE STORM ARRIVED
llasa8b,wr_blue_t4_k32,0,word_rep,t4,32,32,39,blue,28,40.96,22,0.055013276636600494,0.023948851972818375,23.34175,0.7205843925476074,2048,True,9,149.76,0.27350427350427353,False,22,loop,0,THE LIGHT WAS BLUE BLUE BLUE BLUE BLUE BLUE BLUE BLUE BLUE BLUE BLUE BLUE BLUE BLUE BLUE BLUE BLUE BLUE BLUE BLUE BLUE BLUE BLUEBLUE A  I
llasa8b,wr_blue_t4_k32,1,word_rep,t4,32,32,39,blue,9,13.56,2,0.10619427263736725,0.0596107542514801,0.2964375,0.5008999109268188,678,False,3,149.76,0.0905448717948718,True,2,truncation,0,THE LIGHT WAS BLUE BLUE BLUEBEFORE THE STORM ARRIVED
llasa8b,wr_blue_t4_k32,2,word_rep,t4,32,32,39,blue,27,25.46,19,nan,nan,nan,nan,1273,False,5,149.76,0.1700053418803419,False,19,truncation,0,THE LIGHT WAS BLUE BLUE BLUE BLUE BLUE BLUE BLUE BLUE BLUE BLUE BLU BLUE BLUE BLUE BLUE BLUE BLUE BLUE BLUE BLUE BEFORE THE STORM ARRIVED
llasa8b,wr_far_t3_k01,0,word_rep,t3,1,1,9,far,9,3.74,1,0.08751910924911499,0.11026773601770401,0.889,0.3882881999015808,187,False,1,4.3100000000000005,0.8677494199535962,True,1,correct,1,HE WALKED FAR INTO THE FOREST BEFORE TURNING BACK
llasa8b,wr_far_t3_k01,1,word_rep,t3,1,1,9,far,9,4.88,1,0.05897239223122597,0.04989100247621536,0.9188125,0.3950662314891815,244,False,1,4.3100000000000005,1.1322505800464036,True,1,correct,1,HE WALKED FAR INTO THE FOREST BEFORE COING THAT
llasa8b,wr_far_t3_k01,2,word_rep,t3,1,1,9,far,8,4.88,0,nan,nan,nan,nan,244,False,1,4.3100000000000005,1.1322505800464036,True,0,undercount,0,WE WALK BY WE OUT OF ON ACOK
llasa8b,wr_far_t3_k02,0,word_rep,t3,2,2,10,far,9,5.54,1,0.010654676705598831,0.09891577064990997,1.4499375,0.26447761058807373,277,False,1,8.620000000000001,0.6426914153132249,True,1,truncation,0,HE WALKED FAR FARTHER INTO THE FIRST THE FETEINDEK
llasa8b,wr_far_t3_k02,1,word_rep,t3,2,2,10,far,10,5.76,0,0.05456296727061272,0.03341105207800865,0.675375,0.21189288794994354,288,False,1,8.620000000000001,0.668213457076566,True,0,truncation,0,HE WALKED FA FA INTO THE FOREST BEFORE COMING BACK
llasa8b,wr_far_t3_k02,2,word_rep,t3,2,2,10,far,11,6.12,0,nan,nan,nan,nan,306,False,1,8.620000000000001,0.7099767981438514,True,0,undercount,0,HE WAS O BAT COULD'T FO O TI CARAT THAT
llasa8b,wr_far_t3_k03,0,word_rep,t3,3,3,11,far,11,7.52,2,0.06823708862066269,0.025230512022972107,0.9901875,0.3064618706703186,376,False,2,12.930000000000001,0.5815931941221963,True,2,truncation,0,HE WALKED FAR FR FAR INTO THE FOREST A FORTUNING BAK
llasa8b,wr_far_t3_k03,1,word_rep,t3,3,3,11,far,0,40.96,0,2.2811407689005136e-05,0.011206347495317459,6.25e-05,2.1546618711454357e-08,2048,True,10,12.930000000000001,3.167826759474091,False,10,empty,0,
llasa8b,wr_far_t3_k03,2,word_rep,t3,3,3,11,far,11,9.54,1,nan,nan,nan,nan,477,False,2,12.930000000000001,0.7378190255220416,True,1,undercount,0,HE WALKED FAR FE FE INTO THE FARST BEFORE TURNING BACK
llasa8b,wr_far_t3_k04,0,word_rep,t3,4,4,12,far,12,8.9,3,0.06913120299577713,0.025188131257891655,1.0495,0.3932882249355316,445,False,2,17.240000000000002,0.5162412993039442,True,3,truncation,0,SHE WALKED FAR FAR FR FAR INTO THE FOREST BEFORE TRODTING BACK
llasa8b,wr_far_t3_k04,1,word_rep,t3,4,4,12,far,12,8.0,4,0.018712345510721207,0.03375473618507385,0.5720625,0.2713373005390167,400,False,2,17.240000000000002,0.4640371229698375,False,4,truncation,0,HE WALKED FAR FAR FAR FAR INTO THE FOREST BEFORE COMING BACK
llasa8b,wr_far_t3_k04,2,word_rep,t3,4,4,12,far,12,7.6,1,nan,nan,nan,nan,380,False,2,17.240000000000002,0.44083526682134566,True,1,truncation,0,HE WALKED FAR FAIR FAIR FAIR INTO THE FERRIS BEFORE TURNING BACK
llasa8b,wr_far_t3_k06,0,word_rep,t3,6,6,14,far,14,7.7,6,0.03271950036287308,0.019539160653948784,0.6966875,0.3716951608657837,385,False,2,25.860000000000003,0.2977571539056458,False,6,truncation,0,HE WALKED FAR FAR FAR FAR FAR FAR INTO THE FOREST BEFORE TURNING BACK
llasa8b,wr_far_t3_k06,1,word_rep,t3,6,6,14,far,13,8.0,0,0.009885469451546669,0.028533663600683212,0.7360625,0.1703839898109436,400,False,2,25.860000000000003,0.3093580819798917,False,2,truncation,0,HE WORE SOM SO SO SO SO AND GISL FOES TEFO CHARING DECK
llasa8b,wr_far_t3_k06,2,word_rep,t3,6,6,14,far,14,15.0,6,nan,nan,nan,nan,750,False,3,25.860000000000003,0.5800464037122969,False,6,truncation,0,HE WALKED FAR FAR FAR FAR FAR FAR INTO THE FOREST BEFORE TURNING BACK
llasa8b,wr_far_t3_k08,0,word_rep,t3,8,8,16,far,11,14.58,1,0.04254207760095596,0.005592110566794872,6.25e-05,0.20860077440738678,729,False,3,34.480000000000004,0.42285382830626445,False,3,truncation,0,HE WALKED FAR FA FA INTO THE FOREST BEFORE TURNING BACK
llasa8b,wr_far_t3_k08,1,word_rep,t3,8,8,16,far,15,7.04,7,0.0363842248916626,0.05963657796382904,0.390375,0.48819926381111145,352,False,2,34.480000000000004,0.2041763341067285,False,7,truncation,0,HE WALKED FAR FAR FAR FAR FAR FAR FAR INTO THE FOREST BEFORE TURNING BACK
llasa8b,wr_far_t3_k08,2,word_rep,t3,8,8,16,far,15,9.5,7,nan,nan,nan,nan,475,False,2,34.480000000000004,0.27552204176334105,False,7,truncation,0,HE WALKED FAR FAR FAR FAR FAR FAR FAR INTO THE FOREST BEFORE TURNING BACK
llasa8b,wr_far_t3_k12,0,word_rep,t3,12,12,20,far,19,7.56,11,0.04006694629788399,0.1039314940571785,0.48675,0.5938518643379211,378,False,2,51.720000000000006,0.14617169373549882,False,11,truncation,0,HE WALKED FAR FAR FAR FAR FAR FAR FAR FAR FAR FAR FAR INTO THE FOREST BEFORE TURNING BACK
llasa8b,wr_far_t3_k12,1,word_rep,t3,12,12,20,far,42,40.96,40,0.09896220266819,0.07435920834541321,0.1024375,0.9144243001937866,2048,True,10,51.720000000000006,0.7919566898685227,False,40,loop,0,HE WALKED FAR FAR FAR FAR FAR FAR FAR FAR FAR FAR FAR FAR FAR FAR FAR FAR FAR FAR FAR FAR FAR FAR FAR FAR FAR FAR FAR FAR FAR FAR FAR FAR FAR FAR FAR FAR FAR FAR FAR FAR
llasa8b,wr_far_t3_k12,2,word_rep,t3,12,12,20,far,18,10.64,10,nan,nan,nan,nan,532,False,2,51.720000000000006,0.205723124516628,False,10,truncation,0,HE WALKED FAR FAR FAR FAR FAR FAR FAR FAR FAR FAR INTO THE FOREST BEFORE TURNING BACK
llasa8b,wr_far_t3_k16,0,word_rep,t3,16,16,24,far,23,14.48,15,0.02402198500931263,0.07701129466295242,0.800875,0.1499807983636856,724,False,3,68.96000000000001,0.20997679814385148,False,15,truncation,0,HE WALKED FAR FAR FAR FAR FAR FAR FAR FAR FAR FAR FAR FAR FAR FAR FAR INTO THE FOREST BEFORE TURNING BACK
llasa8b,wr_far_t3_k16,1,word_rep,t3,16,16,24,far,19,10.08,11,0.02685612067580223,0.11311818659305573,0.7593125,0.6383111476898193,504,False,2,68.96000000000001,0.14617169373549882,False,11,truncation,0,HE WALKED FAR FAR FAR FAR FAR FAR FAR FAR FAR FAR FAR INTO THE FOREST BEFORE TURNING BACK
llasa8b,wr_far_t3_k16,2,word_rep,t3,16,16,24,far,22,10.86,14,nan,nan,nan,nan,543,False,3,68.96000000000001,0.1574825986078886,False,14,truncation,0,HE WALKED FAR FAR FAR FAR FAR FAR FAR FAR FAR FAR FAR FAR FAR FAR INTO THE FOREST BEFORE TURNING BACK
llasa8b,wr_far_t3_k24,0,word_rep,t3,24,24,32,far,30,16.84,27,0.03107704594731331,0.02485252358019352,6.25e-05,0.6382743716239929,842,False,4,103.44000000000001,0.162799690641918,False,27,overcount,0,HE WALKED FAR FAR FAR FAR FAR FAR FAR FAR FAR FAR FAR FAR FAR FAR FAR FAR FAR FAR FAR FAR FAR FAR FAR FAR FAR FAR FAR F
llasa8b,wr_far_t3_k24,1,word_rep,t3,24,24,32,far,28,20.26,19,0.00796422641724348,0.05554378405213356,0.4778125,0.41091325879096985,1013,False,5,103.44000000000001,0.19586233565351893,False,19,truncation,0,HE WALKED FAR FAR FAR FAR FAR FAR FAR FAR FAR FAR FAR FAR FAR FAR FAR FAR FAR FAR FAR BE INTO THE FOREST BEFORE TURNING BACK
llasa8b,wr_far_t3_k24,2,word_rep,t3,24,24,32,far,28,18.4,20,nan,nan,nan,nan,920,False,4,103.44000000000001,0.17788089713843772,False,20,truncation,0,HE WALKED FAR FAR FAR FAR FAR FAR FAR FAR FAR FAR FAR FAR FAR FAR FAR FAR FAR FAR FAR FAR INTO THE FOREST BEFORE TURNING BACK
llasa8b,wr_far_t3_k32,0,word_rep,t3,32,32,40,far,36,19.52,28,0.03441861644387245,0.07144294679164886,1.8495,0.7188759446144104,976,False,5,137.92000000000002,0.14153132250580044,False,28,truncation,0,HE WALKED FAR FAR FAR FAR FAR FAR FAR FAR FAR FAR FAR FAR FAR FAR FAR FAR FAR FAR FAR FAR FAR FAR FAR FAR FAR FAR FAR FAR INTO THE FOREST BEFORE TURNING BACK
llasa8b,wr_far_t3_k32,1,word_rep,t3,32,32,40,far,39,17.34,31,0.010793359950184822,0.18418197333812714,1.7414375,0.5126782059669495,867,False,4,137.92000000000002,0.12572505800464034,False,31,truncation,0,HE WALKED FAR FAR FAR FAR FAR FAR FAR FAR FAR FAR FAR FAR FAR FAR FAR FAR FAR FAR FAR FAR FAR FAR FAR FAR FAR FAR FAR FAR FAR FAR FAR INTO THE FOREST BEFORE TURNING BACK
llasa8b,wr_far_t3_k32,2,word_rep,t3,32,32,40,far,35,20.52,27,nan,nan,nan,nan,1026,False,5,137.92000000000002,0.14878190255220416,False,27,truncation,0,HE WALKED FAR FAR FAR FAR FAR FAR FAR FAR FAR FAR FAR FAR FAR FAR FAR FAR FAR FAR FAR FAR FAR FAR FAR FAR FAR FAR FAR INTO THE FOREST BEFORE TURNING BACK
llasa8b,wr_no_t2_k01,0,word_rep,t2,1,1,11,no,10,2.92,1,0.010522606782615185,0.04210963472723961,0.0510625,0.27964696288108826,146,False,0,3.83294117647059,0.7618170656844686,True,1,correct,1,SHE SAID NO TO THE OFFER AND THEN ASKD TEGAN
llasa8b,wr_no_t2_k01,1,word_rep,t2,1,1,11,no,6,6.06,0,0.020844191312789917,0.0636589527130127,0.3310625,0.5332973599433899,303,False,5,3.83294117647059,1.5810313075506437,False,5,undercount,0,SHE SAD NOW TREATHA TEIN LETTONE
llasa8b,wr_no_t2_k01,2,word_rep,t2,1,1,11,no,6,7.94,0,nan,nan,nan,nan,397,False,8,3.83294117647059,2.0715162676488634,False,8,loop,0,SHE SENT ALONG TO THE ALPAON
llasa8b,wr_no_t2_k02,0,word_rep,t2,2,2,12,no,12,3.4,2,0.013951718807220459,0.06269697099924088,0.4250625,0.11537814885377884,170,False,0,4.444705882352943,0.7649550026469029,False,2,correct,1,SHE SAID NO NO TO THE OFFER AND THEN LEFT THE ROOM
llasa8b,wr_no_t2_k02,1,word_rep,t2,2,2,12,no,12,5.88,2,0.08552265912294388,0.04594018682837486,1.3814375,0.21011695265769958,294,False,4,4.444705882352943,1.3229221810481733,False,4,correct,1,SHE SAID NO NO TO THE ATHE AND THEN LEFT THE O
llasa8b,wr_no_t2_k02,2,word_rep,t2,2,2,12,no,11,5.88,2,nan,nan,nan,nan,294,False,4,4.444705882352943,1.3229221810481733,False,4,correct,1,SHE SAID NO NO TO TAPA AND THEY LEFT THE HOME
llasa8b,wr_no_t2_k03,0,word_rep,t2,3,3,13,no,11,3.62,3,0.08158349245786667,0.057353924959897995,0.6469375,0.31500354409217834,181,False,1,5.056470588235294,0.7159143787808283,False,3,correct,1,SHE SAID NO NO NO TO THE OFFIN AND LEFT THEER
llasa8b,wr_no_t2_k03,1,word_rep,t2,3,3,13,no,11,6.24,1,0.08293622732162476,0.035810329020023346,1.269625,0.2948060929775238,312,False,5,5.056470588235294,1.2340623545835272,False,5,undercount,0,SHE SAID NO NOW NOW TO DANTHA AND UNLEFT THE HING
llasa8b,wr_no_t2_k03,2,word_rep,t2,3,3,13,no,12,5.58,3,nan,nan,nan,nan,279,False,4,5.056470588235294,1.103536528617962,True,3,correct,1,SHE SAID NO NO NO TO BALPHA AND THEN LEFT THE ROOM
llasa8b,wr_no_t2_k04,0,word_rep,t2,4,4,14,no,12,7.58,3,0.01819041557610035,0.023276273161172867,0.91025,0.22222627699375153,379,False,7,5.668235294117647,1.3372768783727689,False,7,undercount,0,SHE SAID NO NO NO THEN BA NA FIT AMAN ET FAN
llasa8b,wr_no_t2_k04,1,word_rep,t2,4,4,14,no,14,6.02,4,0.10816814005374908,0.04388635605573654,0.4183125,0.2424432337284088,301,False,5,5.668235294117647,1.0620589456205893,True,4,correct,1,SHE SAID NO NO NO NO TO THE OFFIR AND THEN LEFT THE ROOM
llasa8b,wr_no_t2_k04,2,word_rep,t2,4,4,14,no,3,5.1,0,nan,nan,nan,nan,255,False,3,5.668235294117647,0.8997509339975093,False,3,undercount,0,SHE SERE ME
llasa8b,wr_no_t2_k06,0,word_rep,t2,6,6,16,no,13,6.32,5,0.04000500217080116,0.025401121005415916,0.957875,0.32147839665412903,316,False,5,6.891764705882352,0.917036531239331,True,5,undercount,0,SHE SAID NO NO NO NO NO ONOFA AND THEN LAUGHED THEM ALL
llasa8b,wr_no_t2_k06,1,word_rep,t2,6,6,16,no,15,8.0,6,0.025251157581806183,0.03611915931105614,0.5715,0.43288105726242065,400,False,8,6.891764705882352,1.1608057357459887,False,8,correct,1,SHE SAID NO NO NO NO NO NO TO DATHI AND THEN LEFT THE HOME
llasa8b,wr_no_t2_k06,2,word_rep,t2,6,6,16,no,16,9.02,6,nan,nan,nan,nan,451,False,9,6.891764705882352,1.308808467053602,False,9,correct,1,SHE SAID NO NO NO NO NO NO TO THE AUTHER AND THEN LEFT THE MOON
llasa8b,wr_no_t2_k08,0,word_rep,t2,8,8,18,no,11,10.86,0,0.09791820496320724,0.009888610802590847,2.3663125,0.39802590012550354,543,False,12,8.115294117647055,1.3382139750652369,False,12,undercount,0,SHE SAID NOAA  AE TO OFFER AND THEN WEFT THE RO
llasa8b,wr_no_t2_k08,1,word_rep,t2,8,8,18,no,16,9.54,6,0.034975457936525345,0.03228583559393883,0.757875,0.5142115950584412,477,False,10,8.115294117647055,1.175558132792114,False,10,undercount,0,SHE SAND NO NO NO NO NO NO TO THE OFFER AND THEN LEFT THE ROOM
llasa8b,wr_no_t2_k08,2,word_rep,t2,8,8,18,no,16,9.54,7,nan,nan,nan,nan,477,False,10,8.115294117647055,1.175558132792114,False,10,undercount,0,SHE SAID NO NO NO NO NO NO NO TO THE OFFER AND THEN LEFT DO
llasa8b,wr_no_t2_k12,0,word_rep,t2,12,12,22,no,23,10.56,10,0.07579448074102402,0.020823832601308823,2.6474375,0.518204391002655,528,False,12,10.562352941176465,0.9997772332368016,False,12,undercount,0,SHE SAID NO NO MA A A A A NO NO NO NO NO NO NO NO TO RE OFFER ANGA AFTER E
llasa8b,wr_no_t2_k12,1,word_rep,t2,12,12,22,no,7,28.86,0,0.003959458786994219,0.019583793357014656,0.0035,0.553510308265686,1443,False,42,10.562352941176465,2.732345734016486,False,42,loop,0,SHE FAD NOW EV OOOOTO GEV UP
llasa8b,wr_no_t2_k12,2,word_rep,t2,12,12,22,no,23,8.48,13,nan,nan,nan,nan,424,False,9,10.562352941176465,0.8028514145689467,False,13,overcount,0,SHE SAID NO NO NO NO NO NO NO NO NO NO NO NO NO TO THE OFFER AND THEN LEFT THE ROOM
llasa8b,wr_no_t2_k16,0,word_rep,t2,16,16,26,no,29,14.64,11,0.05918411165475845,0.03792864456772804,6.25e-05,0.6150166392326355,732,False,19,13.009411764705874,1.125339120998373,False,19,undercount,0,SHE SAID NO NO NA NA A NA NA A NA NA NO NO NO NO NO NO NO NO NO TO GO OFF ER AND THEN LIVE THE
llasa8b,wr_no_t2_k16,1,word_rep,t2,16,16,26,no,8,18.62,1,0.0029972647316753864,0.013027523644268513,6.25e-05,0.524897038936615,931,False,25,13.009411764705874,1.4312714776632312,False,25,undercount,0,SHE SAT NO O OOOCLA TE AF GO
llasa8b,wr_no_t2_k16,2,word_rep,t2,16,16,26,no,27,18.18,17,nan,nan,nan,nan,909,False,24,13.009411764705874,1.397449810092242,False,24,overcount,0,SHE SAID NO NO NO NO NO NO NO NO NO NO NO NO NO NO NO NO NO TO THE OFFER AND THEN LEFT THE ROOM
llasa8b,wr_no_t2_k24,0,word_rep,t2,24,24,34,no,104,40.96,83,0.014655724167823792,0.005381295923143625,7.282125,0.6518006920814514,2048,True,62,17.90352941176469,2.2878170587462234,False,83,loop,0,SHE SAID NO NO NO NO NO NO NO NO NO NO NO NO NO NO NO NO NO NO NO NO NO NO NO NO NO NO NO NO NO NO NO NO NO NO NO NO NO NO NO NO NO NO NO NO NO NO NO NO NO NO NO NO NO NO NO NO NO NO SHE SAID NO NO NO NO NO NO NO NO NO NO NO NO NO NO NO NO NO NO NO NO NO NO NO NO NO O DO D D D  D D D DO D DO DO O DO DOWNT DOWNTHE DOWN
llasa8b,wr_no_t2_k24,1,word_rep,t2,24,24,34,no,28,17.88,20,0.06292010098695755,0.015549927949905396,6.25e-05,0.5800519585609436,894,False,24,17.90352941176469,0.9986857668550408,False,24,undercount,0,SHE SAID NO NO NO NO NO NO NO NO NO NO NO NO NO NO NO NO NO NO NO NO TULAUGHING AND GA AT TE MON
llasa8b,wr_no_t2_k24,2,word_rep,t2,24,24,34,no,28,12.66,18,nan,nan,nan,nan,633,False,15,17.90352941176469,0.7071231436456834,True,18,undercount,0,SHE SAID NO NO NO NO NO NO NO NO NO NO NO NO NO NO NO NO NO NO TO THE OFFER AND THEN LEFT THE ROOM
llasa8b,wr_no_t2_k32,0,word_rep,t2,32,32,42,no,96,30.32,77,0.06047240272164345,0.03261025995016098,1.7705625,0.5760975480079651,1516,False,44,22.797647058823507,1.3299618123645385,False,77,overcount,0,SHE SAID NO NO NO NO NO NO NO NO NO NO NO NO NO NO NO NO NO NO NO NO NO NO NO NO NO NO NO NO NO NO NO NO NO NO NO NO NO NO NO NO NO NO NO NO NO NO NO NO NO NO NO NO NO NO NO NO NO NO NO NO NO NO NO NO NO NO NO NO NO NO NO NO NO NO NO NO NO NON TO THE OFFER AND THEN LEFT THE ROOM TO THE OFFER AND THEN LEFT THE ROOM
llasa8b,wr_no_t2_k32,1,word_rep,t2,32,32,42,no,22,13.1,11,0.05613457038998604,0.02029356174170971,0.6236875,0.4854477345943451,655,False,16,22.797647058823507,0.5746207038910109,False,16,truncation,0,SHE SAID NO NO NO NO NO NO NO NO NO NO NO N N NONNAAAAN TO NE THOUGHT A DAEFT TEN
llasa8b,wr_no_t2_k32,2,word_rep,t2,32,32,42,no,29,8.34,19,nan,nan,nan,nan,417,False,8,22.797647058823507,0.36582722675198714,False,19,truncation,0,SHE SAID NO NO NO NO NO NO NO NO NO NO NO NO NO NO NO NO NO NO NO TO THE OFFER AND THEN LEFT THE ROOM
llasa8b,wr_quick_t5_k01,0,word_rep,t5,1,1,8,quick,8,5.94,0,0.06524433940649033,0.001096432446502149,6.25e-05,0.2669137120246887,297,False,2,3.56,1.6685393258426968,False,2,loop,0,THE RIGGLE MOVED PIKE ALONG THE NARROW PATH
llasa8b,wr_quick_t5_k01,1,word_rep,t5,1,1,8,quick,8,3.86,0,0.009859366342425346,0.07171689718961716,0.6445625,0.1811007857322693,193,False,1,3.56,1.0842696629213482,True,0,undercount,0,THE RUNNER MOVED QUITE ALONG A NARROW PATH
llasa8b,wr_quick_t5_k01,2,word_rep,t5,1,1,8,quick,8,3.56,1,nan,nan,nan,nan,178,False,1,3.56,1.0,True,1,correct,1,THE RUNNER MOVED QUICK ALONG THE NARROW PAT
llasa8b,wr_quick_t5_k02,0,word_rep,t5,2,2,9,quick,9,6.02,0,0.03288023918867111,0.0020070483442395926,6.25e-05,0.2640514671802521,301,False,2,7.12,0.845505617977528,False,2,undercount,0,THE RUNNER MOVED PUCK PRACK ALONG THE NARROW PATH
llasa8b,wr_quick_t5_k02,1,word_rep,t5,2,2,9,quick,9,5.6,1,0.06286805123090744,0.04016781225800514,1.0774375,0.23391225934028625,280,False,2,7.12,0.7865168539325842,True,1,undercount,0,THE RUNNER MOVED QUIK QUICK ALONG THE NARROW PATH
llasa8b,wr_quick_t5_k02,2,word_rep,t5,2,2,9,quick,9,4.24,0,nan,nan,nan,nan,212,False,1,7.12,0.5955056179775281,True,0,truncation,0,THE RUNNER MOVED QUITE QUUPIN ONG THE NARROW PATH
llasa8b,wr_quick_t5_k03,0,word_rep,t5,3,3,10,quick,10,5.58,1,0.02688896656036377,0.0010734489187598228,6.25e-05,0.244859978556633,279,False,2,10.68,0.5224719101123596,True,1,truncation,0,THE RUNNER MOVED QUICK PEK PEK AND AN A CAT
llasa8b,wr_quick_t5_k03,1,word_rep,t5,3,3,10,quick,10,6.32,0,0.07903920859098434,0.034351397305727005,0.0104375,0.4261951446533203,316,False,2,10.68,0.5917602996254682,False,2,truncation,0,THE RUNNING LAST UICK PLICK CLICK ALONG THE NARROW PATH
llasa8b,wr_quick_t5_k03,2,word_rep,t5,3,3,10,quick,10,4.28,2,nan,nan,nan,nan,214,False,1,10.68,0.400749063670412,True,2,truncation,0,THE RUNNER MOVED QUICK QUICK QUICT ALONG A NARO TA
llasa8b,wr_quick_t5_k04,0,word_rep,t5,4,4,11,quick,11,13.04,1,0.027316953986883163,0.000368186243576929,6.25e-05,0.26569709181785583,652,False,4,14.24,0.9157303370786516,False,4,undercount,0,THE RUNNER MOVED QUICK CLICK CLICK CLICK ALONG THE NARROW PATH
llasa8b,wr_quick_t5_k04,1,word_rep,t5,4,4,11,quick,11,6.1,0,0.06811732798814774,0.03511365130543709,0.174375,0.2603844404220581,305,False,2,14.24,0.4283707865168539,False,2,truncation,0,THE RUNNING WIST PLAT PLAT LAT PLAT ALONG THE NAO PASS
llasa8b,wr_quick_t5_k04,2,word_rep,t5,4,4,11,quick,11,4.7,2,nan,nan,nan,nan,235,False,1,14.24,0.3300561797752809,True,2,truncation,0,THE RUNNER MOVED QUICK QUICK PLACK CLEP AIN THE AIR PATH
llasa8b,wr_quick_t5_k06,0,word_rep,t5,6,6,13,quick,3,7.28,0,0.009165257215499878,6.711913010803983e-05,6.25e-05,0.1732153743505478,364,False,2,21.36,0.3408239700374532,False,2,truncation,0,TERENNA MOVED QUICKLY
llasa8b,wr_quick_t5_k06,1,word_rep,t5,6,6,13,quick,11,8.54,0,0.06550470739603043,0.03039846569299698,0.441875,0.3308940529823303,427,False,2,21.36,0.399812734082397,False,2,truncation,0,THE WHILE MOST CLICK LICK CLICK CLICK CLICK CLICK BOIS AALPAT
llasa8b,wr_quick_t5_k06,2,word_rep,t5,6,6,13,quick,14,5.78,2,nan,nan,nan,nan,289,False,2,21.36,0.2705992509363296,True,2,truncation,0,THE RUNNER MOVED QUICK QUICK CLICK LIC CLICK LICK PLICK ANG AN OWL PATH
llasa8b,wr_quick_t5_k08,0,word_rep,t5,8,8,15,quick,15,7.38,1,0.06840713322162628,0.04841296747326851,0.9780625,0.4419558048248291,369,False,2,28.48,0.25912921348314605,True,1,truncation,0,THE RUNNER ROVED QUICK LICK LICK CLICK CLICK CLICK CLICK CLICK PLICK ALONG NO BA
llasa8b,wr_quick_t5_k08,1,word_rep,t5,8,8,15,quick,18,7.04,0,0.00509229488670826,0.02895333617925644,0.87425,0.2376740723848343,352,False,2,28.48,0.24719101123595505,False,2,truncation,0,THE RUNNER MOST CLACK CLACK CLAK CLACK PLACK CLACK PLACK CLACK CLACK CLACK COM ON AN LAI AT
llasa8b,wr_quick_t5_k08,2,word_rep,t5,8,8,15,quick,16,10.28,9,nan,nan,nan,nan,514,False,3,28.48,0.36095505617977525,False,9,overcount,0,THE RUNNER MOVED QUICK QUICK QUICK QUICK QUICK QUICK QUICK QUICK QUICK ALONG THE NIE PATH
llasa8b,wr_quick_t5_k12,0,word_rep,t5,12,12,19,quick,19,9.92,12,0.023201894015073776,0.002178878290578723,3.4258125,0.24724523723125458,496,False,3,42.72,0.23220973782771537,False,12,truncation,0,THE RUNNER MOVED QUICK QUICK QUICK QUICK QUICK QUICK QUICK QUICK QUICK QUICK QUICK QUICK ALONG THE NARROW PATH
llasa8b,wr_quick_t5_k12,1,word_rep,t5,12,12,19,quick,23,13.72,0,0.014428377151489258,0.013288677670061588,0.0736875,0.3373734951019287,686,False,4,42.72,0.3211610486891386,False,4,truncation,0,THE AN O REST PLO PLOT PLOT PLT PLOT POT PLOT PLO PLOT POT POT POT LOT PLOT PLOT PO PLAANG OUT A
llasa8b,wr_quick_t5_k12,2,word_rep,t5,12,12,19,quick,23,12.18,20,nan,nan,nan,nan,609,False,3,42.72,0.2851123595505618,False,20,overcount,0,THE RUNNER MOVED QUICK QUICK QUICK QUICK QUICK QUICK QUICK QUICK QUICK QUICK QUICK QUICK QUICK QUICK QUICK QUICK QUICK QUICK QUICK QUICK
llasa8b,wr_quick_t5_k16,0,word_rep,t5,16,16,23,quick,43,19.74,37,0.03535221144556999,0.09153924882411957,0.1290625,0.8214735984802246,987,False,6,56.96,0.3465589887640449,False,37,overcount,0,THE RUNNER MOVED QUICK QUICK QUICK QUICK UICK QUICK QUICK UICK QUICK QUICK UICK QUICK QUICK QUICK QUICK QUICK QUICK QUICK QUICK QUICK QUICK QUICK QUICK QUICK QUICK QUICK QUICK QUICK QUICK QUICK QUICK QUICK QUICK QUICK QUICK QUICK QUICK QUICK QUICK QUICK
llasa8b,wr_quick_t5_k16,1,word_rep,t5,16,16,23,quick,20,40.96,13,0.023208776488900185,0.03313302621245384,25.465,0.25752875208854675,2048,True,12,56.96,0.7191011235955056,True,13,loop,0,THE RUNNER MOVED QUICK QUICK QUICK QUICK QUICK QUICK QUICK QUICK QUICK QUICK QUICK QUICK QUICK ALONG THE NARROW PATH
llasa8b,wr_quick_t5_k16,2,word_rep,t5,16,16,23,quick,22,40.96,19,nan,nan,nan,nan,2048,True,12,56.96,0.7191011235955056,False,19,loop,0,THE RUNNER MOVED QUICK QUICK QUICK QUICK QUICK QUICK QUICK QUICK QUICK QUICK QUICK QUICK QUICK QUICK QUICK QUICK QUICK QUICK QUICK
llasa8b,wr_quick_t5_k24,0,word_rep,t5,24,24,31,quick,34,12.08,27,0.017367511987686157,0.05731004476547241,0.3,0.2547673285007477,604,False,3,85.44,0.14138576779026218,False,27,overcount,0,THE RUNNER MOVED QUICK QUICK QUICK QUICK QUICK QUICK QUICK QUICK QUICK QUICK QUICK QUICK QUICK QUICK QUICK QUICK QUICK QUICK QUICK QUICK QUICK QUICK QUICK QUICK QUICK QUICK QUICK ALONG THE NARROW PATH
llasa8b,wr_quick_t5_k24,1,word_rep,t5,24,24,31,quick,34,9.02,27,0.03173990175127983,0.017735160887241364,0.000125,0.23819422721862793,451,False,3,85.44,0.10557116104868913,False,27,overcount,0,THE RUNNER MOVED QUICK QUICK QUICK QUICK UICK QUICK QUICK QUICK QUICK QUICK QUICK UICK QUICK QUICK QUICK QUICK QUICK QUICK QUICK UICK QUICK QUICK QUICK QUICK QUICK QUICK UICK QUICK QUICK QUICK QUICK
llasa8b,wr_quick_t5_k24,2,word_rep,t5,24,24,31,quick,29,12.64,20,nan,nan,nan,nan,632,False,4,85.44,0.14794007490636704,False,20,truncation,0,THE RUNNER MOVED QUICK QUICK QUICK UICK QUICK UICK QUICK QUICK QUICK QUICK QUICK QUICK QUICK QUICK QUICK QUICK QUICK QUICK QUICK QUICK QUICK QUICK ALONG THE NARROW PATH
llasa8b,wr_quick_t5_k32,0,word_rep,t5,32,32,39,quick,10,29.18,1,0.020930547267198563,0.0007651348132640123,6.25e-05,0.4998311400413513,1459,False,8,113.92,0.2561446629213483,False,8,truncation,0,THE RUNNER MOVED QUICK WID THE RUNNER MOTI TO T
llasa8b,wr_quick_t5_k32,1,word_rep,t5,32,32,39,quick,39,10.62,32,0.025545988231897354,0.025960711762309074,0.077875,0.3077634572982788,531,False,3,113.92,0.09322331460674156,False,32,truncation,0,THE RUNNER MOVED QUICK QUICK QUICK QUICK QUICK QUICK QUICK QUICK QUICK UICK QUICK QUICK QUICK QUICK QUICK QUICK QUICK UICK QUICK QUICK QUICK QUICK UICK QUICK QUICK QUICK QUCK QUICK QUICK QUICK QUICK QUICK QUICK QUICK QUICK QUICK
llasa8b,wr_quick_t5_k32,2,word_rep,t5,32,32,39,quick,36,11.3,25,nan,nan,nan,nan,565,False,3,113.92,0.09919241573033709,False,25,truncation,0,THE RUNNER MOVED QUICK QUICK QUICK UICK QUICK QUICK QUICK QUICK QUICK QUICK QUICK QUICK QUICK QUICK QUICK QUICK QUICK UICK QUICK QUICK QUICK QUICK UICK QUICK UICK QUICK QUICK QUICK QUICK ALONG THE NARROW PATH
llasa8b,wr_really_t6_k01,0,word_rep,t6,1,1,8,really,7,5.34,0,0.012420297600328922,0.006952118594199419,0.8216875,0.5116894245147705,267,False,6,3.033333333333333,1.7604395604395604,False,6,loop,0,THEY ARE REALY TIRED AFTER THE OGAME
llasa8b,wr_really_t6_k01,1,word_rep,t6,1,1,8,really,5,4.88,0,0.10594947636127472,0.05799662694334984,0.7525625,0.36866968870162964,244,False,5,3.033333333333333,1.6087912087912088,False,5,loop,0,THE  REAL TYPE OF THENCA
llasa8b,wr_really_t6_k01,2,word_rep,t6,1,1,8,really,9,3.14,1,nan,nan,nan,nan,157,False,1,3.033333333333333,1.0351648351648353,True,1,correct,1,THEY WERE REALLY TIREDN UP IN A LONG TIME
llasa8b,wr_really_t6_k02,0,word_rep,t6,2,2,9,really,9,4.88,1,0.13727793097496033,0.044272761791944504,1.0135625,0.4148959815502167,244,False,5,3.4733333333333327,1.4049904030710174,False,5,undercount,0,THEY WERE REALLY RATE TIRED UP AND ROUND JORNEY
llasa8b,wr_really_t6_k02,1,word_rep,t6,2,2,9,really,8,5.24,0,0.13716690242290497,0.0385410338640213,0.596625,0.39249277114868164,262,False,6,3.4733333333333327,1.5086372360844533,False,6,undercount,0,THEY WE WE ANT NE TAT OFTESEO DY
llasa8b,wr_really_t6_k02,2,word_rep,t6,2,2,9,really,9,3.26,2,nan,nan,nan,nan,163,False,2,3.4733333333333327,0.9385796545105567,True,2,correct,1,THEY WERE REALLY REALLY TIRED AFTER TE LONG JURNY
llasa8b,wr_really_t6_k03,0,word_rep,t6,3,3,10,really,0,40.96,0,0.015165460295975208,0.0054029119201004505,6.25e-05,0.5973330736160278,2048,True,87,3.913333333333332,10.466780238500855,False,87,degenerate,0,
llasa8b,wr_really_t6_k03,1,word_rep,t6,3,3,10,really,10,4.02,3,0.13254843652248383,0.04167468100786209,0.5766875,0.4106435179710388,201,False,3,3.913333333333332,1.0272572402044295,True,3,correct,1,THEY WERE REALLY REALLY REALLY TIRED AFTER TA LONG GAME
llasa8b,wr_really_t6_k03,2,word_rep,t6,3,3,10,really,10,8.26,0,nan,nan,nan,nan,413,False,13,3.913333333333332,2.1107325383304945,False,13,loop,0,THEY HAD WE VERY VA ID OF THE BA CA
llasa8b,wr_really_t6_k04,0,word_rep,t6,4,4,11,really,11,6.56,1,0.04106359928846359,0.006813940592110157,6.25e-05,0.3980552554130554,328,False,9,4.353333333333332,1.506891271056662,False,9,undercount,0,THEY WERE REALLY RA NA NARY TIRED AFTER THE LONG GANI
llasa8b,wr_really_t6_k04,1,word_rep,t6,4,4,11,really,11,6.44,4,0.19600796699523926,0.0366005003452301,0.2028125,0.2799542248249054,322,False,9,4.353333333333332,1.479326186830016,False,9,miscount,0,THEY WERE REALLY REALLY REALLY REALLY TIRED AFTER THE LONG JOURNEY
llasa8b,wr_really_t6_k04,2,word_rep,t6,4,4,11,really,11,4.8,4,nan,nan,nan,nan,240,False,5,4.353333333333332,1.1026033690658503,True,4,correct,1,THEY WERE REALLY REALLY REALLY REALLY TIRED AFTER THE LONG JOURNEY
llasa8b,wr_really_t6_k06,0,word_rep,t6,6,6,13,really,12,6.54,1,0.052994925528764725,0.02087767794728279,6.25e-05,0.3932191729545593,327,False,9,5.23333333333333,1.2496815286624212,False,9,undercount,0,THEY WERE REALLY RALLNA  A A TIRED E UFT GEIN ALONG ITETE
llasa8b,wr_really_t6_k06,1,word_rep,t6,6,6,13,really,0,40.96,0,2.2811407689005136e-05,0.011206347495317459,6.25e-05,2.1546618711454357e-08,2048,True,87,5.23333333333333,7.826751592356693,False,87,empty,0,
llasa8b,wr_really_t6_k06,2,word_rep,t6,6,6,13,really,12,7.9,4,nan,nan,nan,nan,395,False,12,5.23333333333333,1.5095541401273895,False,12,undercount,0,THEY WERE REALY REALLY REALLY REALLY REALLY TIRED AFTER THE LONG JOURNEY
llasa8b,wr_really_t6_k08,0,word_rep,t6,8,8,15,really,14,15.78,1,0.042174313217401505,0.013949456624686718,0.668875,0.3572281002998352,789,False,30,6.113333333333328,2.5812431842966217,False,30,loop,0,THEY WERE REALLY YO A A A A  A TIRED AFTER A LONG TIME
llasa8b,wr_really_t6_k08,1,word_rep,t6,8,8,15,really,9,10.66,0,0.08934352546930313,0.03640134260058403,0.76625,0.23100252449512482,533,False,18,6.113333333333328,1.7437295528898598,False,18,loop,0,HE WER RA A A A A A  A
llasa8b,wr_really_t6_k08,2,word_rep,t6,8,8,15,really,14,7.8,7,nan,nan,nan,nan,390,False,12,6.113333333333328,1.2758996728462388,False,12,undercount,0,THEY WERE REALLY REALLY REALLY REALLY REALLY REALLY REALLY TIRED AFTER THE LONG JOURNEY
llasa8b,wr_really_t6_k12,0,word_rep,t6,12,12,19,really,17,12.06,10,0.20544728636741638,0.03027896024286747,0.210875,0.5595375299453735,603,False,22,7.873333333333326,1.5317527519051666,False,22,undercount,0,THEY WERE REALLY REALLY REALLY REALLY REALLY REALLY REALLY REALLY REALLY REALLY TIRED AFTER THE LONG JOURNEY
llasa8b,wr_really_t6_k12,1,word_rep,t6,12,12,19,really,0,40.96,0,2.2811407689005136e-05,0.011206347495317459,6.25e-05,2.1546618711454357e-08,2048,True,87,7.873333333333326,5.202370872142257,False,87,empty,0,
llasa8b,wr_really_t6_k12,2,word_rep,t6,12,12,19,really,17,17.18,10,nan,nan,nan,nan,859,False,33,7.873333333333326,2.1820491109229487,False,33,loop,0,THEY WERE REALLY REALLY REALLY REALLY REALLY REALLY REALLY REALLY REALLY REALLY TIRED AFTER THE LONG JOURNEY
llasa8b,wr_really_t6_k16,0,word_rep,t6,16,16,23,really,0,40.96,0,2.4166489311028272e-05,0.05330274999141693,6.25e-05,0.0035252938978374004,2048,True,87,9.633333333333322,4.251903114186856,False,87,empty,0,
llasa8b,wr_really_t6_k16,1,word_rep,t6,16,16,23,really,5,40.96,0,0.1289161741733551,0.030391035601496696,13.8798125,0.9375516772270203,2048,True,87,9.633333333333322,4.251903114186856,False,87,loop,0,DOT WA YO TA O
llasa8b,wr_really_t6_k16,2,word_rep,t6,16,16,23,really,19,12.64,12,nan,nan,nan,nan,632,False,23,9.633333333333322,1.3121107266436003,False,23,undercount,0,THEY WERE REALLY REALLY REALLY REALLY REALLY REALLY REALLY REALLY REALLY REALLY REALLY REALLY TIRED AFTER THE LONG JOURNEY
llasa8b,wr_really_t6_k24,0,word_rep,t6,24,24,31,really,41,40.96,33,0.10365734994411469,0.0054456740617752075,5.5860625,0.7438489198684692,2048,True,87,13.153333333333316,3.114039533705022,False,87,loop,0,THEY WERE REALLY REALLY REALLY REALLY REALLY THEY WERE REALLY REALLY REALLY REALLY REALLY REALLY REALLY REALLY REALLY REALLY REALLY REALL REALLY REALLY REALLY REALLY REALLY REALLY REAL REALLY REALLY REALLY REALLY REALLY REALLY REALLY REALLY REALLY REALLY REALLY REALY REALI
llasa8b,wr_really_t6_k24,1,word_rep,t6,24,24,31,really,22,12.8,15,0.10567770898342133,0.004654299467802048,6.25e-05,0.6305443048477173,640,False,23,13.153333333333316,0.9731373542828193,False,23,undercount,0,THEY WERE REALLY REALLY REALLY REALLY REALLY REALLY REALLY REALLY REALLY REALLY REALLY REALLY REALLY REALLY REALLY TIRED AFTER THE LONG JOURNEY
llasa8b,wr_really_t6_k24,2,word_rep,t6,24,24,31,really,15,40.96,3,nan,nan,nan,nan,2048,True,87,13.153333333333316,3.114039533705022,False,87,loop,0,THEY WER REALLY REALY REALEA REALLY REALY REALY REALL REALY REALY REAALY A RA REALLY
llasa8b,wr_really_t6_k32,0,word_rep,t6,32,32,39,really,38,40.96,33,0.10540753602981567,7.93989238445647e-06,6.25e-05,0.6158666610717773,2048,True,87,16.67333333333331,2.45661735305878,False,87,loop,0,THEY WERE REALLY REALLY REALLY REALLY REALLY REALLY REALLY REALLY REALLY REALLY REALLY REALLY REALLY REALLY REALLY REALLY REALLY REALLY REALLY REALLY REALLY REALL REALLY REALLY REALLY REALLY REALLY REALLY REALLY REALL REALLY REALLY REALLY RE REALLY REALLY
llasa8b,wr_really_t6_k32,1,word_rep,t6,32,32,39,really,27,40.96,8,0.046455852687358856,0.0037871880922466516,6.25e-05,0.7803865075111389,2048,True,87,16.67333333333331,2.45661735305878,False,87,loop,0,THEY WERE REALLY REALLY REALLY REALLY REALY REALY REALY REALLY REALLY REALY REALY REALY REALY REALY REAALY REALY REALY REALLELY REALLY REALLY RARLY REA REALY REALY REALY
llasa8b,wr_really_t6_k32,2,word_rep,t6,32,32,39,really,17,30.46,7,nan,nan,nan,nan,1523,False,63,16.67333333333331,1.8268692522990828,False,63,loop,0,THEY WERE REALY REALLY REALLY REALLY REALLY REALLY REALLY REALLY BILLY BILLY BILLY BE DAB DE L
llasa8b,wr_very_t1_k01,0,word_rep,t1,1,1,11,very,7,6.6,0,0.006523645482957363,0.0007793129771016538,6.25e-05,0.03590293601155281,330,False,4,3.888,1.6975308641975309,False,4,loop,0,DARP WAS THAT NAME ANSI EPAS I
llasa8b,wr_very_t1_k01,1,word_rep,t1,1,1,11,very,7,4.88,0,0.04047253355383873,0.05221676826477051,0.9458125,0.27918481826782227,244,False,2,3.888,1.2551440329218106,False,2,undercount,0,THE DOG WAS NANTED A A HASTEFIELD
llasa8b,wr_very_t1_k01,2,word_rep,t1,1,1,11,very,11,3.78,1,nan,nan,nan,nan,189,False,1,3.888,0.9722222222222222,True,1,correct,1,THE DOG WAS VERY BIG AND IT RAN ACROSS THE PAL
llasa8b,wr_very_t1_k02,0,word_rep,t1,2,2,12,very,12,4.62,2,0.23277489840984344,0.025218507274985313,0.1920625,0.23864935338497162,231,False,2,4.792,0.9641068447412354,True,2,correct,1,THE DOG WAS VERY VERY BIG AND IT RAN ACROSS THE FIELD
llasa8b,wr_very_t1_k02,1,word_rep,t1,2,2,12,very,10,7.34,0,0.09752906858921051,0.03283079341053963,0.6493125,0.16509737074375153,367,False,5,4.792,1.5317195325542572,False,5,undercount,0,GOD DON COLSNA VALLEY BECK AND TO TRYCROSE THE THEATR
llasa8b,wr_very_t1_k02,2,word_rep,t1,2,2,12,very,12,5.18,2,nan,nan,nan,nan,259,False,2,4.792,1.0809682804674456,True,2,correct,1,THE DOG WAS VERY VERY BIG AND IT RAN ACROSS THE FIELD
llasa8b,wr_very_t1_k03,0,word_rep,t1,3,3,13,very,13,4.48,3,0.17786210775375366,0.03615778684616089,0.3106875,0.2839106023311615,224,False,2,5.696,0.7865168539325844,True,3,correct,1,THE DOG WAS VERY VERY VERY BIG AND HE RAN ACROSS THE FIELD
llasa8b,wr_very_t1_k03,1,word_rep,t1,3,3,13,very,13,5.92,3,0.16196604073047638,0.0518687479197979,0.3426875,0.1652790606021881,296,False,3,5.696,1.0393258426966292,True,3,correct,1,THE DOG WAS VERY VERY VERY BIG AND IT RAN ACROSS THE FIELD
llasa8b,wr_very_t1_k03,2,word_rep,t1,3,3,13,very,13,6.58,3,nan,nan,nan,nan,329,False,4,5.696,1.1551966292134832,True,3,correct,1,THE DOG WAS VERY VERY VERY BIG AND IT RAN ACROSS THE FIELD
llasa8b,wr_very_t1_k04,0,word_rep,t1,4,4,14,very,14,6.54,4,0.0694025382399559,0.02079823799431324,0.3829375,0.2285144180059433,327,False,4,6.6000000000000005,0.9909090909090909,True,4,correct,1,THE DOG WAS VERY VERY VERY VERY BIG AND IT RAN ACROSS THE FIELD
llasa8b,wr_very_t1_k04,1,word_rep,t1,4,4,14,very,14,5.84,4,0.18933647871017456,0.039625950157642365,0.2471875,0.19166447222232819,292,False,3,6.6000000000000005,0.8848484848484848,True,4,correct,1,THE DOG WAS VERY VERY VERY VERY BIG AND IT RAN ACROSS THE FIELD
llasa8b,wr_very_t1_k04,2,word_rep,t1,4,4,14,very,14,6.9,4,nan,nan,nan,nan,345,False,4,6.6000000000000005,1.0454545454545454,True,4,correct,1,THE DOG WAS VERY VERY VERY VERY BIG AND IT RAN ACROSS THE FIELD
llasa8b,wr_very_t1_k06,0,word_rep,t1,6,6,16,very,16,7.52,6,0.0679979920387268,0.018644513562321663,1.0943125,0.24377934634685516,376,False,5,8.408000000000001,0.8943862987630826,True,6,correct,1,THE DOG WAS VERY VERY VERY VERY VERY VERY BIG AND IT RAN ACROSS THE FIELD
llasa8b,wr_very_t1_k06,1,word_rep,t1,6,6,16,very,18,40.96,9,0.0449068509042263,0.0067954352125525475,4.6223125,0.43881914019584656,2048,True,42,8.408000000000001,4.871550903901046,False,42,loop,0,THE DOG WAS VERY VERY VERY VERY VERY VERY VERY VERY VERY BIG AN AND IT RAN BATHE
llasa8b,wr_very_t1_k06,2,word_rep,t1,6,6,16,very,11,40.96,4,nan,nan,nan,nan,2048,True,42,8.408000000000001,4.871550903901046,False,42,loop,0,THE DOG WAS VERY VERY VERY VERY BIG AND IT RA
llasa8b,wr_very_t1_k08,0,word_rep,t1,8,8,18,very,15,24.86,2,0.061434563249349594,0.019378667697310448,0.5470625,0.2026558220386505,1243,False,24,10.216000000000001,2.4334377447141735,False,24,loop,0,THE DOG WAS VERYY VERYVERY VERY VERY VERYVERY BIG AND IT RAN ACROSS THE FIELL
llasa8b,wr_very_t1_k08,1,word_rep,t1,8,8,18,very,16,8.3,6,0.15399833023548126,0.037022195756435394,0.2954375,0.4666685461997986,415,False,6,10.216000000000001,0.812451057165231,True,6,undercount,0,THE DOG WAS VERY VERY VERY VERY VERY VERY BIG AND IT RAN ACROSS THE FIELD
llasa8b,wr_very_t1_k08,2,word_rep,t1,8,8,18,very,17,7.74,7,nan,nan,nan,nan,387,False,5,10.216000000000001,0.7576350822239624,False,7,undercount,0,THE DOG WAS VERY VERY VERY VERY VERY VERY VERY BIG AND IT RAN ACROSS THE FIELD
llasa8b,wr_very_t1_k12,0,word_rep,t1,12,12,22,very,24,40.96,13,0.08482274413108826,0.004646295215934515,2.3251875,0.5204321146011353,2048,True,42,13.832000000000003,2.96124927703875,False,42,loop,0,THE DOG WAS VERY VERY VERY VERY VERY VERY VERY VERY VERY EXPLO BIG AND IT RAN ACROSS THE FIELD VERY VERY VERY VERY
llasa8b,wr_very_t1_k12,1,word_rep,t1,12,12,22,very,7,40.96,4,0.04472353309392929,0.004784321412444115,33.2373125,0.4075036346912384,2048,True,42,13.832000000000003,2.96124927703875,False,42,loop,0,THE DOG WAS VERY VERY VERY VERY
llasa8b,wr_very_t1_k12,2,word_rep,t1,12,12,22,very,20,9.04,10,nan,nan,nan,nan,452,False,7,13.832000000000003,0.6535569693464428,False,10,truncation,0,THE DOG WAS VERY VERY VERY VERY VERY VERY VERY VERY VERY VERY BIG AND IT RAN ACROSS THE FIELD
llasa8b,wr_very_t1_k16,0,word_rep,t1,16,16,26,very,23,27.18,11,0.043411899358034134,0.06929431110620499,0.3308125,0.4107170104980469,1359,False,27,17.448000000000004,1.55777166437414,False,27,undercount,0,THE DOG WAS VERY VERY VERY VERY VERY VERY VERY VERY VERY VERY VERY BIG AND IT ND IT RAN ACROSS THE FIELD
llasa8b,wr_very_t1_k16,1,word_rep,t1,16,16,26,very,24,13.44,14,0.03772223740816116,0.008164160884916782,0.186125,0.11384376138448715,672,False,12,17.448000000000004,0.7702888583218706,True,14,undercount,0,THE DOG WAS VERY VERY VERY VERY VERY VERY VERY VERY VERY VERY VERY VERY VERY VERY BIG AND IT RAN ACROSS THE FIELD
llasa8b,wr_very_t1_k16,2,word_rep,t1,16,16,26,very,24,10.96,14,nan,nan,nan,nan,548,False,9,17.448000000000004,0.628152223750573,False,14,truncation,0,THE DOG WAS VERY VERY VERY VERY VERY VERY VERY VERY VERY VERY VERY VERY VERY VERY BIG AND IT RAN ACROSS THE FIELD
llasa8b,wr_very_t1_k24,0,word_rep,t1,24,24,34,very,19,27.8,8,0.022544147446751595,0.05124668776988983,0.21825,0.3691903352737427,1390,False,27,24.680000000000003,1.126418152350081,False,27,undercount,0,THE DOG WAS VERY VERY VERY VERY VERY VERY VERY VERY BIG G AND IT RAN ACROSS THE FIELD
llasa8b,wr_very_t1_k24,1,word_rep,t1,24,24,34,very,21,40.96,14,0.10808096826076508,0.009702501818537712,6.25e-05,0.4635530412197113,2048,True,42,24.680000000000003,1.659643435980551,False,42,loop,0,THE DOG WAS VERY VERY VERY VERY VERY VERY VERY VERY VERY VERY VERY VERY VERY VERY IN IT IT RAN
llasa8b,wr_very_t1_k24,2,word_rep,t1,24,24,34,very,34,35.08,20,nan,nan,nan,nan,1754,False,36,24.680000000000003,1.4213938411669365,False,36,undercount,0,THE DOG WAS VERY VERY VERY VERY VERY VERY VERY VERY VERY VERY VERY VERY VERY VERY VERY VERY VERY VERY VERY VERY BIG AND IT IT RAN ACROSS THE FIELD END OF FULL
llasa8b,wr_very_t1_k32,0,word_rep,t1,32,32,42,very,31,30.78,20,0.05113234743475914,0.057244010269641876,0.39875,0.7182481288909912,1539,False,31,31.912000000000006,0.9645274504888441,False,31,undercount,0,THE DOG WAS VERY VERY VERY VERY VERY VERY VERY VERY VERY VERY VERY VERY ERY VERY VERY VERY VERY VERY VERY VERY VERY BIG AND IT RAN ACROSS THE FIELD
llasa8b,wr_very_t1_k32,1,word_rep,t1,32,32,42,very,33,31.06,29,0.11185532808303833,0.041908666491508484,6.25e-05,0.8878002762794495,1553,False,31,31.912000000000006,0.9733015793431935,True,29,undercount,0,THE DOG WAS VERY VERY VERY VERY VERY VERY VERY VERY VERY VERY VERY VERY VERY VERY VERY VERY VERY VERY VERY VERY VERY VERY VERY RY VERY VERY VERY VERY VERY VERY
llasa8b,wr_very_t1_k32,2,word_rep,t1,32,32,42,very,24,40.96,21,nan,nan,nan,nan,2048,True,42,31.912000000000006,1.2835297066934066,False,42,loop,0,THE DOG WAS VERY VERY VERY VERY VERY VERY VERY VERY VERY VERY VERY VERY VERY VERY VERY VERY VERY VERY VERY VERY VERY
xtts2,ct_blue_t4_k02,0,control_word,t4,2,2,9,blue,9,2.784,2,0.14574286341667175,0.04615333676338196,0.17116666666666666,0.17066822946071625,59,False,2,2.581333333333334,1.0785123966942145,True,2,correct,1,THE LIGHT WAS GREEN BRIGHT BEFORE THE STORM ARRIVED
xtts2,ct_blue_t4_k02,1,control_word,t4,2,2,9,blue,9,2.592,2,0.14147047698497772,0.03999895229935646,0.11808333333333333,0.39162522554397583,55,False,2,2.581333333333334,1.0041322314049583,True,2,correct,1,THE LIGHT WAS GREEN BRIGHT BEFORE THE STORM ARRIVED
xtts2,ct_blue_t4_k02,2,control_word,t4,2,2,9,blue,9,2.368,2,0.14723068475723267,0.03190482780337334,0.16733333333333333,0.4133569896221161,50,False,2,2.581333333333334,0.9173553719008262,True,2,correct,1,THE LIGHT WAS GREEN BRIGHT BEFORE THE STORM ARRIVED
xtts2,ct_blue_t4_k03,0,control_word,t4,3,3,10,blue,10,3.104,3,0.1452840119600296,0.045818883925676346,0.14966666666666667,0.1682249754667282,66,False,3,3.3991111111111114,0.9131799163179916,True,3,correct,1,THE LIGHT WAS GREEN BRIGHT PALE BEFORE THE STORM ARRIVED
xtts2,ct_blue_t4_k03,1,control_word,t4,3,3,10,blue,10,3.4346666666666668,3,0.14261339604854584,0.049151889979839325,0.1405,0.2798047363758087,73,False,3,3.3991111111111114,1.010460251046025,True,3,correct,1,THE LIGHT WAS GREEN BRIGHT PALE BEFORE THE STORM ARRIVED
xtts2,ct_blue_t4_k03,2,control_word,t4,3,3,10,blue,10,3.6586666666666665,3,0.13507917523384094,0.04543819651007652,0.15045833333333333,0.3038528561592102,78,False,3,3.3991111111111114,1.0763598326359831,True,3,correct,1,THE LIGHT WAS GREEN BRIGHT PALE BEFORE THE STORM ARRIVED
xtts2,ct_blue_t4_k04,0,control_word,t4,4,4,11,blue,11,4.224,4,0.1370701789855957,0.047524821013212204,0.16958333333333334,0.20816156268119812,90,False,4,4.216888888888889,1.0016863406408096,True,4,correct,1,THE LIGHT WAS GREEN BRIGHT PALE DIM BEFORE THE STORM ARRIVED
xtts2,ct_blue_t4_k04,1,control_word,t4,4,4,11,blue,11,5.802666666666667,4,0.12390171736478806,0.05679596960544586,0.11941666666666667,0.25079891085624695,124,False,6,4.216888888888889,1.376053962900506,False,6,correct,1,THE LIGHT WAS GREEN BRIGHT PALE DIM BEFORE THE STORM ARRIVED
xtts2,ct_blue_t4_k04,2,control_word,t4,4,4,11,blue,11,4.64,4,0.1308305412530899,0.05115010589361191,0.238125,0.22140073776245117,99,False,5,4.216888888888889,1.1003372681281618,True,4,correct,1,THE LIGHT WAS GREEN BRIGHT PALE DIM BEFORE THE STORM ARRIVED
xtts2,ct_blue_t4_k06,0,control_word,t4,6,6,13,blue,13,4.874666666666666,6,0.13897252082824707,0.06125326082110405,0.14429166666666668,0.20719559490680695,104,False,5,5.852444444444444,0.8329283110571081,True,6,correct,1,THE LIGHT WAS GREEN BRIGHT PALE DIM WARM COLD BEFORE THE STORM ARRIVED
xtts2,ct_blue_t4_k06,1,control_word,t4,6,6,13,blue,13,5.888,6,0.13973775506019592,0.04462539404630661,0.11316666666666667,0.20580095052719116,126,False,6,5.852444444444444,1.006075334143378,True,6,correct,1,THE LIGHT WAS GREEN BRIGHT PALE DIM WARM COLD BEFORE THE STORM ARRIVED
xtts2,ct_blue_t4_k06,2,control_word,t4,6,6,13,blue,13,5.386666666666667,6,0.1324126124382019,0.04019806906580925,0.13754166666666667,0.19736021757125854,115,False,5,5.852444444444444,0.9204131227217498,True,6,correct,1,THE LIGHT WAS GREEN BRIGHT PALE DIM WARM COLD BEFORE THE STORM ARRIVED
xtts2,ct_blue_t4_k08,0,control_word,t4,8,8,15,blue,15,5.610666666666667,8,0.1366053968667984,0.06596114486455917,0.16925,0.23116277158260345,120,False,6,7.487999999999999,0.7492877492877494,False,8,correct,1,THE LIGHT WAS GREEN BRIGHT PALE DIM WARM COLD SHARP SOFT BEFORE THE STORM ARRIVED
xtts2,ct_blue_t4_k08,1,control_word,t4,8,8,15,blue,15,7.328,8,0.13536880910396576,0.06706152111291885,0.130375,0.23153981566429138,157,False,8,7.487999999999999,0.9786324786324788,True,8,correct,1,THE LIGHT WAS GREEN BRIGHT PALE DIM WARM COLD SHARP SOFT BEFORE THE STORM ARRIVED
xtts2,ct_blue_t4_k08,2,control_word,t4,8,8,15,blue,15,5.237333333333333,8,0.1396811455488205,0.033955901861190796,0.154625,0.25770628452301025,112,False,5,7.487999999999999,0.6994301994301995,False,8,truncation,0,THE LIGHT WAS GREEN BRIGHT PALE DIM WARM COLD SHARP SOFT BEFORE THE STORM ARRIVED
xtts2,ct_blue_t4_k12,0,control_word,t4,12,12,19,blue,19,7.285333333333333,11,0.15454216301441193,0.05599082261323929,0.11733333333333333,0.2788937985897064,156,False,8,10.759111111111109,0.6771315267680107,False,11,truncation,0,THE LIGHT WAS GREEN BRIGHT PALE DIM WARM COLD SHARP SOFT GREEN BRIGHT TALED DIM BEFORE THE STORM ARRIVED
xtts2,ct_blue_t4_k12,1,control_word,t4,12,12,19,blue,19,9.194666666666667,12,0.12515126168727875,0.04408695176243782,0.15670833333333334,0.18917784094810486,197,False,10,10.759111111111109,0.8545935228023795,False,12,correct,1,THE LIGHT WAS GREEN BRIGHT PALE DIM WARM COLD SHARP SOFT GREEN BRIGHT PALE DIM BEFORE THE STORM ARRIVED
xtts2,ct_blue_t4_k12,2,control_word,t4,12,12,19,blue,19,6.826666666666667,12,0.1419292688369751,0.038477540016174316,0.14033333333333334,0.23008328676223755,146,False,7,10.759111111111109,0.6345009914077993,False,12,truncation,0,THE LIGHT WAS GREEN BRIGHT PALE DIM WARM COLD SHARP SOFT GREEN BRIGHT PALE DIM BEFORE THE STORM ARRIVED
xtts2,ct_blue_t4_k16,0,control_word,t4,16,16,23,blue,23,10.634666666666666,16,0.1355670988559723,0.06118667498230934,0.16454166666666667,0.17684035003185272,228,False,12,14.030222222222218,0.7579827673593514,False,16,correct,1,THE LIGHT WAS GREEN BRIGHT PALE DIM WARM COLD SHARP SOFT GREEN BRIGHT PALE DIM WARM COLD SHARP SOFT BEFORE THE STORM ARRIVED
xtts2,ct_blue_t4_k16,1,control_word,t4,16,16,23,blue,23,8.768,16,0.14153529703617096,0.054505061358213425,0.11566666666666667,0.33000245690345764,188,False,10,14.030222222222218,0.6249366447034974,False,16,truncation,0,THE LIGHT WAS GREEN BRIGHT PALE DIM WARM COLD SHARP SOFT GREEN BRIGHT PALE DIM WARM COLD SHARP SOFT BEFORE THE STORM ARRIVED
xtts2,ct_blue_t4_k16,2,control_word,t4,16,16,23,blue,23,9.376,16,0.14074021577835083,0.04536793380975723,0.17004166666666667,0.24502766132354736,201,False,10,14.030222222222218,0.6682716675114041,False,16,truncation,0,THE LIGHT WAS GREEN BRIGHT PALE DIM WARM COLD SHARP SOFT GREEN BRIGHT PALE DIM WARM COLD SHARP SOFT BEFORE THE STORM ARRIVED
xtts2,ct_blue_t4_k24,0,control_word,t4,24,24,31,blue,31,17.365333333333332,24,0.12108930200338364,0.052605416625738144,0.16454166666666667,0.3216868042945862,373,False,20,20.572444444444436,0.8441064638783273,False,24,correct,1,THE LIGHT WAS GREEN BRIGHT PALE DIM WARM COLD SHARP SOFT GREEN BRIGHT PALE DIM WARM COLD SHARP SOFT GREEN BRIGHT PALE DIM WARM COLD SHARP SOFT BEFORE THE STORM ARRIVED
xtts2,ct_blue_t4_k24,1,control_word,t4,24,24,31,blue,13,7.8933333333333335,10,0.12514851987361908,0.05548049882054329,0.22233333333333333,0.25436267256736755,169,False,8,20.572444444444436,0.3836847563083306,True,10,truncation,0,THE LIGHT WAS GREEN BRIGHT PALE DIM WARM COLD SHARP SOFT GREEN BRIGHT
xtts2,ct_blue_t4_k24,2,control_word,t4,24,24,31,blue,31,13.045333333333334,24,0.1401894986629486,0.04875253140926361,0.122625,0.18706943094730377,280,False,15,20.572444444444436,0.6341168337366059,False,24,truncation,0,THE LIGHT WAS GREEN BRIGHT PALE DIM WARM COLD SHARP SOFT GREEN BRIGHT PALE DIM WARM COLD SHARP SOFT GREEN BRIGHT PALE DIM WARM COLD SHARP SOFT BEFORE THE STORM ARRIVED
xtts2,ct_blue_t4_k32,0,control_word,t4,32,32,39,blue,39,24.842666666666666,32,0.1224641427397728,0.05114160105586052,0.11758333333333333,0.20349003374576569,534,False,29,27.114666666666654,0.9162077104642018,True,32,correct,1,THE LIGHT WAS GREEN BRIGHT PALE DIM WARM COLD SHARP SOFT GREEN BRIGHT PALE DIM WARM COLD SHARP SOFT GREEN BRIGHT PALE DIM WARM COLD SHARP SOFT GREEN BRIGHT PALE DIM WARM COLD SHARP SOFT BEFORE THE STORM ARRIVED
xtts2,ct_blue_t4_k32,1,control_word,t4,32,32,39,blue,39,18.613333333333333,32,0.13998480141162872,0.0549154132604599,0.14895833333333333,0.33001282811164856,400,False,22,27.114666666666654,0.6864673485444535,False,32,truncation,0,THE LIGHT WAS GREEN BRIGHT PALE DIM WARM COLD SHARP SOFT GREEN BRIGHT PALE DIM WARM COLD SHARP SOFT GREEN BRIGHT PALE DIM WARM COLD SHARP SOFT GREEN BRIGHT PALE DIM WARM COLD SHARP SOFT BEFORE THE STORM ARRIVED
xtts2,ct_blue_t4_k32,2,control_word,t4,32,32,39,blue,39,22.282666666666668,32,0.12231852114200592,0.06095357984304428,0.16525,0.19796107709407806,479,False,26,27.114666666666654,0.8217938630999218,False,32,correct,1,THE LIGHT WAS GREEN BRIGHT PALE DIM WARM COLD SHARP SOFT GREEN BRIGHT PALE DIM WARM COLD SHARP SOFT GREEN BRIGHT PALE DIM WARM COLD SHARP SOFT GREEN BRIGHT PALE DIM WARM COLD SHARP SOFT BEFORE THE STORM ARRIVED
xtts2,ct_far_t3_k02,0,control_word,t3,2,2,10,far,10,3.104,2,0.15144115686416626,0.07118197530508041,0.16004166666666667,0.18836709856987,66,False,2,3.089777777777778,1.004602991944764,True,2,correct,1,HE WALKED DEEP FAST INTO THE FOREST BEFORE TURNING BACK
xtts2,ct_far_t3_k02,1,control_word,t3,2,2,10,far,10,3.0613333333333332,2,0.14267022907733917,0.07366694509983063,0.12641666666666668,0.22471246123313904,65,False,2,3.089777777777778,0.9907940161104717,True,2,correct,1,HE WALKED DEEP FAST INTO THE FOREST BEFORE TURNING BACK
xtts2,ct_far_t3_k02,2,control_word,t3,2,2,10,far,10,3.104,2,0.15217216312885284,0.06723867356777191,0.16320833333333334,0.33683788776397705,66,False,2,3.089777777777778,1.004602991944764,True,2,correct,1,HE WALKED DEEP FAST INTO THE FOREST BEFORE TURNING BACK
xtts2,ct_far_t3_k03,0,control_word,t3,3,3,11,far,11,3.3386666666666667,3,0.1374868005514145,0.07215186953544617,0.19004166666666666,0.288994163274765,71,False,3,3.3102222222222224,1.0085929108485499,True,3,correct,1,HE WALKED DEEP FAST LONG INTO THE FOREST BEFORE TURNING BACK
xtts2,ct_far_t3_k03,1,control_word,t3,3,3,11,far,11,3.296,3,0.14670132100582123,0.059659600257873535,0.169625,0.2656298279762268,70,False,3,3.3102222222222224,0.995703544575725,True,3,correct,1,HE WALKED DEEP FAST LONG INTO THE FOREST BEFORE TURNING BACK
xtts2,ct_far_t3_k03,2,control_word,t3,3,3,11,far,11,3.296,3,0.14817388355731964,0.06387825310230255,0.15020833333333333,0.3098390996456146,70,False,3,3.3102222222222224,0.995703544575725,True,3,correct,1,HE WALKED DEEP FAST LONG INTO THE FOREST BEFORE TURNING BACK
xtts2,ct_far_t3_k04,0,control_word,t3,4,4,12,far,12,3.52,4,0.1457962542772293,0.056329093873500824,0.15316666666666667,0.2145024538040161,75,False,4,3.5306666666666664,0.9969788519637464,True,4,correct,1,HE WALKED DEEP FAST LONG WIDE INTO THE FOREST BEFORE TURNING BACK
xtts2,ct_far_t3_k04,1,control_word,t3,4,4,12,far,12,3.5733333333333333,4,0.14360272884368896,0.053767092525959015,0.15641666666666668,0.4178648293018341,76,False,4,3.5306666666666664,1.0120845921450152,True,4,correct,1,HE WALKED DEEP FAST LONG WIDE INTO THE FOREST BEFORE TURNING BACK
xtts2,ct_far_t3_k04,2,control_word,t3,4,4,12,far,12,3.52,4,0.13936147093772888,0.06420929729938507,0.14541666666666667,0.33857348561286926,75,False,4,3.5306666666666664,0.9969788519637464,True,4,correct,1,HE WALKED DEEP FAST LONG WIDE INTO THE FOREST BEFORE TURNING BACK
xtts2,ct_far_t3_k06,0,control_word,t3,6,6,14,far,14,3.989333333333333,5,0.13949351012706757,0.05903701111674309,0.141125,0.2743021547794342,85,False,6,3.9715555555555544,1.0044762757385857,True,5,undercount,0,HE WALKED DEEP FAST LONG WHIDE HIGH LOW INTO THE FOREST BEFORE TURNING BACK
xtts2,ct_far_t3_k06,1,control_word,t3,6,6,14,far,14,4.085333333333334,6,0.1413322538137436,0.051044028252363205,0.17308333333333334,0.22101044654846191,87,False,7,3.9715555555555544,1.0286481647269476,True,6,correct,1,HE WALKED DEEP FAST LONG WIDE HIGH LOW INTO THE FOREST BEFORE TURNING BACK
xtts2,ct_far_t3_k06,2,control_word,t3,6,6,14,far,14,4.128,6,0.13940125703811646,0.05033979192376137,0.14833333333333334,0.19945935904979706,88,False,7,3.9715555555555544,1.0393912264995526,True,6,correct,1,HE WALKED DEEP FAST LONG WIDE HIGH LOW INTO THE FOREST BEFORE TURNING BACK
xtts2,ct_far_t3_k08,0,control_word,t3,8,8,16,far,15,4.917333333333334,5,0.14436490833759308,0.05665242299437523,0.16329166666666667,0.2252657264471054,105,False,10,4.412444444444443,1.1144238517324743,False,10,undercount,0,HE WALKED DEEP FAST LONG WHIDE HIGHLOW NEAR PAST INTO THE FOREST BEFORE TURNING BACK
xtts2,ct_far_t3_k08,1,control_word,t3,8,8,16,far,16,5.525333333333333,7,0.12939150631427765,0.057581737637519836,0.16066666666666668,0.12900784611701965,118,False,13,4.412444444444443,1.252215954875101,False,13,undercount,0,HE WALKED DEEP FAST LONG WHIDE HIGH LOW NEAR PAST INTO THE FOREST BEFORE TURNING BACK
xtts2,ct_far_t3_k08,2,control_word,t3,8,8,16,far,16,5.525333333333333,8,0.13666194677352905,0.05384944751858711,0.1435,0.33689868450164795,118,False,13,4.412444444444443,1.252215954875101,False,13,correct,1,HE WALKED DEEP FAST LONG WIDE HIGH LOW NEAR PAST INTO THE FOREST BEFORE TURNING BACK
xtts2,ct_far_t3_k12,0,control_word,t3,12,12,20,far,19,6.453333333333333,9,0.13402903079986572,0.06940709054470062,0.14258333333333334,0.21471427381038666,138,False,17,5.294222222222219,1.218938885157825,False,17,undercount,0,HE WALKED DEEP FAST LONG WIDE HIGHLOW NEAR PAS DEEP FAST LONG WIDE INTO THE FOREST BEFORE TURNING BACK
xtts2,ct_far_t3_k12,1,control_word,t3,12,12,20,far,20,6.08,10,0.14697058498859406,0.05521323159337044,0.168,0.3727470636367798,130,False,16,5.294222222222219,1.148421759570182,False,16,undercount,0,HE WALKED DEEP FAST LONG WIDE HIGH LO NEAR PAS DEEP FAST LONG WIDE INTO THE FOREST BEFORE TURNING BACK
xtts2,ct_far_t3_k12,2,control_word,t3,12,12,20,far,20,7.8933333333333335,12,0.13332390785217285,0.0715358778834343,0.17179166666666668,0.24353797733783722,169,False,24,5.294222222222219,1.490933512424447,False,24,miscount,0,HE WALKED DEEP FAST LONG WIDE HIGH LOW NEAR PAST DEEP FAST LONG WIDE INTO THE FOREST BEFORE TURNING BACK
xtts2,ct_far_t3_k16,0,control_word,t3,16,16,24,far,23,9.610666666666667,12,0.1314409226179123,0.07233134657144547,0.16029166666666667,0.17584021389484406,206,False,32,6.175999999999995,1.5561312607944746,False,32,undercount,0,HE WALKED DEEP FAST LONG WIDE HIGHLOW NEAR PAST DEEP FAST LONG WIDE HIHLO NEAR PAST INTO THE FOREST BEFORE TURNING BACK K
xtts2,ct_far_t3_k16,1,control_word,t3,16,16,24,far,23,8.074666666666667,12,0.13977615535259247,0.05259603261947632,0.14945833333333333,0.21528680622577667,173,False,25,6.175999999999995,1.3074265975820392,False,25,undercount,0,HE WALKED DEEP FAST LONG WIDE HIGH LO NEAR PAST DEEP FAST LONG WHIDE HIGHLO NEAR PAST INTO THE FOREST BEFORE TURNING BACK
xtts2,ct_far_t3_k16,2,control_word,t3,16,16,24,far,24,8.906666666666666,8,0.13708044588565826,0.06198524683713913,0.14258333333333334,0.2576424181461334,191,False,28,6.175999999999995,1.442141623488775,False,28,undercount,0,HE WALKED DEEP FAST LONG WIDE HIGH LOW NEAR PAS DEEP FAST LONG WIDE HIGH LOW NEAR PAST INTO THE FOREST BEFORE TURNING BACK
xtts2,ct_far_t3_k24,0,control_word,t3,24,24,32,far,32,11.424,8,0.13644953072071075,0.06999880075454712,0.15445833333333334,0.18121860921382904,245,False,40,7.939555555555548,1.4388714733542334,False,40,undercount,0,HE WALKED DEEP FAST LONG WHIDE HIGH LOW NEAR PAST DEEP FAST LONG WIDE HIGH LO NEAR PAST DEEP FAST LONG WHITE HIGH LOW NEAR PAST INTO THE FOREST BEFORE TURNING BACK
xtts2,ct_far_t3_k24,1,control_word,t3,24,24,32,far,32,15.04,14,0.12460239231586456,0.0502907857298851,0.11458333333333333,0.35301512479782104,323,False,56,7.939555555555548,1.8943125839677581,False,56,loop,0,HE WALKED DEEP FAST LONG WIDE HIGH LO NEAR PAST DEEP FAST LONG WIDE HIGH LO NEAR PASS DEEP FAST LONG WIDE HIGH LO NEAR PAST INTO THE FOREST BEFORE TURNING BACK
xtts2,ct_far_t3_k24,2,control_word,t3,24,24,32,far,32,12.117333333333333,23,0.1369839906692505,0.06524787098169327,0.179875,0.1898910254240036,260,False,43,7.939555555555548,1.5261979399910448,False,43,undercount,0,HE WALKED DEEP FAST LONG WIDE HIGH LOW NEAR PAST DEEP FAST LONG WIDE HIGH LOW NEAR PAST DEEP FAST LONG WIDE HIGH LO NEAR PAST INTO THE FOREST BEFORE TURNING BACK
xtts2,ct_far_t3_k32,0,control_word,t3,32,32,40,far,40,17.461333333333332,15,0.1259545236825943,0.06265492737293243,0.15716666666666668,0.11861315369606018,375,False,67,9.7031111111111,1.7995602784902913,False,67,loop,0,HE WALKED DEEP FAST LONG WHIDE HIGH LOW NEAR PAST DEEP FAST LONG WHIDE HIGH LOW NEAR PAST DEEP FAST LONG WIDE HIGH LOW NEAR PAST DEEP FAST LONG WHIDE HIGH LOW NEAR PAST INTO THE FOREST BEFORE TURNING BACK
xtts2,ct_far_t3_k32,1,control_word,t3,32,32,40,far,47,22.421333333333333,24,0.11573439836502075,0.05173676460981369,0.14466666666666667,0.18631237745285034,482,False,90,9.7031111111111,2.3107365335287677,False,90,loop,0,HE WALKED DEEP FAST LONG WIDE HIGH LO NEAR PAST DEEP FAST LONG WIDE HIGH LOW NEAR PAST DEEP FAST LONG WIDE HIGH LOW NEAR PAST DEEP FAST LONG WIDE HIGH LOW NEAR PASTDIM FAST LO WIDE HIGH LOW NEAR PAST INTO THE FOREST BEFORE TURNING BACK
xtts2,ct_far_t3_k32,2,control_word,t3,32,32,40,far,40,15.456,15,0.12622804939746857,0.06328743696212769,0.11391666666666667,0.262785941362381,332,False,58,9.7031111111111,1.5928911689263483,False,58,undercount,0,HE WALKED DEEP FAST LONG WIDE HIGH LOW NEAR PAS DEEP FAST LONG WIDE HIGH LO NEAR PAST DEEP FAST LONG WIDE HIGH LO NEAR PAS DEEP FAST LONG WIDE HIGH LO NEAR PAST INTO THE FOREST BEFORE TURNING BACK
xtts2,ct_no_t2_k02,0,control_word,t2,2,2,12,no,12,3.0613333333333332,2,0.14136524498462677,0.0508258156478405,0.14966666666666667,0.265087366104126,65,False,2,2.8302222222222215,1.0816582914572868,True,2,correct,1,SHE SAID YES MAYBE TO THE OFFER AND THEN LEFT THE ROOM
xtts2,ct_no_t2_k02,1,control_word,t2,2,2,12,no,12,2.784,2,0.14369942247867584,0.056057993322610855,0.14779166666666665,0.23265153169631958,59,False,2,2.8302222222222215,0.9836683417085429,True,2,correct,1,SHE SAID YES MAYBE TO THE OFFER AND THEN LEFT THE ROOM
xtts2,ct_no_t2_k02,2,control_word,t2,2,2,12,no,12,2.6453333333333333,2,0.13650411367416382,0.05061142146587372,0.15408333333333332,0.16375061869621277,56,False,2,2.8302222222222215,0.9346733668341711,True,2,correct,1,SHE SAID YES MAYBE TO THE OFFER AND THEN LEFT THE ROOM
xtts2,ct_no_t2_k03,0,control_word,t2,3,3,13,no,14,3.2,2,0.14956700801849365,0.044907208532094955,0.151125,0.2537667155265808,68,False,3,3.434666666666666,0.9316770186335407,True,2,undercount,0,SHE SAID YES MAY BE SURE TO THE OFFER AND THEN LEFT THE ROOM
xtts2,ct_no_t2_k03,1,control_word,t2,3,3,13,no,14,3.8506666666666667,2,0.13258923590183258,0.05834648013114929,0.15508333333333332,0.15022867918014526,82,False,4,3.434666666666666,1.1211180124223605,False,4,undercount,0,SHE SAID YES MAY BE SURE TO THE OFFER AND THEN LEFT THE ROOM
xtts2,ct_no_t2_k03,2,control_word,t2,3,3,13,no,13,3.4346666666666668,3,0.13214094936847687,0.06147797778248787,0.12170833333333334,0.3336891233921051,73,False,3,3.434666666666666,1.0000000000000002,True,3,correct,1,SHE SAID YES MAYBE SURE TO THE OFFER AND THEN LEFT THE ROOM
xtts2,ct_no_t2_k04,0,control_word,t2,4,4,14,no,15,4.032,3,0.12715443968772888,0.04998895898461342,0.142625,0.17407602071762085,86,False,4,4.03911111111111,0.9982394366197187,True,3,undercount,0,SHE SAID YES MAY BE SURE FINE TO THE OFFER AND THEN LEFT THE ROOM
xtts2,ct_no_t2_k04,1,control_word,t2,4,4,14,no,16,3.712,1,0.13633888959884644,0.060684531927108765,0.14758333333333334,0.29227158427238464,79,False,3,4.03911111111111,0.9190140845070426,False,3,undercount,0,SHE SAID YES MAY BE SU'RE FIND TO THE OFFER AND THEN LEFT THE ROOM
xtts2,ct_no_t2_k04,2,control_word,t2,4,4,14,no,15,3.808,2,0.13292987644672394,0.06627797335386276,0.15158333333333332,0.13661403954029083,81,False,4,4.03911111111111,0.9427816901408453,False,4,undercount,0,SHE SAID YES MAYBE SHE'LL FIND TO THE OFFER AND THEN LEFT THE ROOM
xtts2,ct_no_t2_k06,0,control_word,t2,6,6,16,no,16,5.0986666666666665,3,0.13411355018615723,0.04204189404845238,0.14225,0.2448509782552719,109,False,6,5.247999999999998,0.9715447154471547,False,6,undercount,0,SHE SAID YES MAYBE SHURFINE O'QUE WELL TO THE OFFER AND THEN LEFT THE ROOM
xtts2,ct_no_t2_k06,1,control_word,t2,6,6,16,no,16,4.8213333333333335,4,0.13513526320457458,0.06785206496715546,0.10929166666666666,0.29442545771598816,103,False,5,5.247999999999998,0.9186991869918703,True,4,undercount,0,SHE SAID YES MAYBE SURE FIND OKA WELL TO THE OFFER AND THEN LEFT THE ROOM
xtts2,ct_no_t2_k06,2,control_word,t2,6,6,16,no,18,4.544,4,0.12376435101032257,0.05988933891057968,0.14075,0.16272591054439545,97,False,5,5.247999999999998,0.8658536585365856,True,4,undercount,0,SHE SAID YES MAY BE SURE FINE O KA WELL TO THE OFFER AND THEN LEFT THE ROOM
xtts2,ct_no_t2_k08,0,control_word,t2,8,8,18,no,20,5.706666666666667,5,0.13671982288360596,0.05159596726298332,0.146625,0.3499338924884796,122,False,7,6.456888888888887,0.883810572687225,False,7,undercount,0,SHE SAID YES MAY BE SURE FINE O'KA WELL RIGHT HIM TO THE OFFER AND THEN LEFT THE ROOM
xtts2,ct_no_t2_k08,1,control_word,t2,8,8,18,no,20,6.08,5,0.12906628847122192,0.054751116782426834,0.14391666666666666,0.30708563327789307,130,False,7,6.456888888888887,0.9416299559471368,False,7,undercount,0,SHE SAID YES MAY BE SURE FINE O KA WELL RIGHT HEM TO THE OFFER AND THEN LEFT THE ROOM
xtts2,ct_no_t2_k08,2,control_word,t2,8,8,18,no,11,3.712,6,0.1265966147184372,0.06947379559278488,0.18125,0.2612646520137787,79,False,3,6.456888888888887,0.5748898678414098,False,6,truncation,0,SHE SAID YES MAYBE SURE FINE O OKEY WELL RIGHT HIM
xtts2,ct_no_t2_k12,0,control_word,t2,12,12,22,no,24,6.496,8,0.13013681769371033,0.05444231629371643,0.13516666666666666,0.2897585332393646,139,False,8,8.874666666666663,0.7319711538461542,True,8,undercount,0,SHE SAID YES MAY BE SURE FINE O'KE WELL RIGHT  YES MAY BE SURE FINE TO THE OFFER AND THEN LEFT THE ROOM
xtts2,ct_no_t2_k12,1,control_word,t2,12,12,22,no,23,7.050666666666666,4,0.12375244498252869,0.05549474060535431,0.1435,0.24340543150901794,151,False,9,8.874666666666663,0.7944711538461542,False,9,undercount,0,SHE SAID YES MAY BE SURE FINE OKA WELL RIGHT HIN YES MAYBE SURE FINE TO THE OFFER AND THEN LEFT THE ROOM
xtts2,ct_no_t2_k12,2,control_word,t2,12,12,22,no,23,7.978666666666666,9,0.12131890654563904,0.06330061703920364,0.13183333333333333,0.17428286373615265,171,False,11,8.874666666666663,0.8990384615384619,False,11,undercount,0,SHE SAID YES MAYBE SURE FINE OKA WELL RIGHT UN YES MAYBE SHU'RE FINE TO THE OFFER AND THEN LEFT THE ROOM
xtts2,ct_no_t2_k16,0,control_word,t2,16,16,26,no,27,10.485333333333333,6,0.12563887238502502,0.0501653216779232,0.14508333333333334,0.2632930874824524,225,False,15,11.29244444444444,0.9285264483627208,False,15,undercount,0,SHE SAID YES MAY BE SURE FINE OKAY WELL RIGHT HUM YES MAYBE SURE FINE OKEY WELL RIGHT HEM TO THE OFFER AND THEN LEFT THE ROOM
xtts2,ct_no_t2_k16,1,control_word,t2,16,16,26,no,26,9.418666666666667,6,0.12565022706985474,0.05241875723004341,0.163875,0.20334747433662415,202,False,13,11.29244444444444,0.8340680100755671,False,13,undercount,0,SHE SAID YES MAYBE SURE FINE O'KE WELL RAYHAM YES MAYBE SURE FINE OKA WELL RIGHT HEME TO THE OFFER AND THEN LEFT THE ROOM
xtts2,ct_no_t2_k16,2,control_word,t2,16,16,26,no,25,9.749333333333333,12,0.1232423260807991,0.06132842227816582,0.11683333333333333,0.20537208020687103,209,False,13,11.29244444444444,0.8633501259445846,True,12,undercount,0,SHE SAID YES MAYBE SURE FINE OKE WELL RIGHT YES MAYBE SURE FINE OKE WELL RIGHT HUME TO THE OFFER AND THEN LEFT THE ROOM
xtts2,ct_no_t2_k24,0,control_word,t2,24,24,34,no,33,13.088,12,0.12096260488033295,0.04590541496872902,4.1666666666666665e-05,0.24303430318832397,281,False,19,16.127999999999993,0.8115079365079368,False,19,undercount,0,SHE SAID YES MAY BE SURE FINE OKE WELL REO YES MAYBE SURE FINE OKEY WELL RIGHT  YES MAYBE SURE FINE OKE WELL RIGHT HUNE TO THE OFFER AND THEN LEFT THE ROOM
xtts2,ct_no_t2_k24,1,control_word,t2,24,24,34,no,40,12.437333333333333,14,0.12902256846427917,0.04884682968258858,0.14179166666666668,0.1898132860660553,267,False,18,16.127999999999993,0.7711640211640215,False,18,undercount,0,SHE SAID YES MAY BE SURE FINE O'KEY WELL RIGHT  YES MAY BE SURE FINE O'KEY WELL RIGHT HIN YES MAY BE SURE FINE O'KEY WELL RAT A HIN TO THE OFFER AND THEN LEFT THE ROOM
xtts2,ct_no_t2_k24,2,control_word,t2,24,24,34,no,32,14.805333333333333,18,0.12123511731624603,0.05596504360437393,0.13970833333333332,0.13194575905799866,318,False,22,16.127999999999993,0.9179894179894184,False,22,undercount,0,SHE SAID YES MAYBE SURE FINE OKA WELL RIGHT YES MAYBE SURE FINE OKA WELL RIGHT  YES MAYBE SURE FINE OKA WELL RIGHT HEMD TO THE OFFER AND THEN LEFT THE ROOM
xtts2,ct_no_t2_k32,0,control_word,t2,32,32,42,no,47,24.981333333333332,12,0.12320638447999954,0.04578587785363197,0.11825,0.184402197599411,537,False,39,20.963555555555548,1.1916553595658077,False,39,undercount,0,SHE SAID YES MAY BE SURE FINE OKA WELL RIGHT AM YES MAY BE SURE FINE OKA WELL RIGHT H YES MAYBE SURE FINE OKA WELL RIGHT  YES MAY BE SURE FINE OKE WELL RIGHT RIGHT HAME TO THE OFFER AND AND TEN THO LEFT THE ROOM
xtts2,ct_no_t2_k32,1,control_word,t2,32,32,42,no,41,19.541333333333334,13,0.11337073147296906,0.04605354741215706,0.13775,0.19159208238124847,420,False,30,20.963555555555548,0.9321573948439624,False,30,undercount,0,SHE SAID YES MAYBE SURE FINE OKA WELL RIGHT HEM YES MAYBE SURE FINE OKE WELL RIGHT HIM YES MAYBE SURE FINE OKAY WELL RIGHT YES MAYBE SURE FINE OKA WELL RIGHT HEM TO THE OFFER AND THEN LEFT THE ROOM
xtts2,ct_no_t2_k32,2,control_word,t2,32,32,42,no,41,20.245333333333335,17,0.11334425210952759,0.04784982651472092,0.12154166666666667,0.20979124307632446,435,False,31,20.963555555555548,0.9657394843962013,False,31,undercount,0,SHE SAID YES MAYBE SURE FINE OKA WELL RIGHT AN YES MAYBE SURE FINE OKA WELL RIGHT  YES MAY BE SURE FINE O'KA WELL RITINYES MAYBE SURE FINE OKEY WELL WIGHT RANG TO THE OFFER AND THEN LEFT THE ROOM
xtts2,ct_quick_t5_k02,0,control_word,t5,2,2,9,quick,9,2.9226666666666667,2,0.15489737689495087,0.04758238419890404,0.145,0.17033608257770538,62,False,2,2.890666666666666,1.0110701107011073,True,2,correct,1,THE RUNNER MOVED SWIFT SMOOTH ALONG THE NARROW PATH
xtts2,ct_quick_t5_k02,1,control_word,t5,2,2,9,quick,9,2.9226666666666667,2,0.15935827791690826,0.041738834232091904,0.17025,0.33267179131507874,62,False,2,2.890666666666666,1.0110701107011073,True,2,correct,1,THE RUNNER MOVED SWIFT SMOOTH ALONG THE NARROW PATH
xtts2,ct_quick_t5_k02,2,control_word,t5,2,2,9,quick,9,2.8266666666666667,2,0.16248683631420135,0.04356374964118004,0.14666666666666667,0.2752178907394409,60,False,2,2.890666666666666,0.9778597785977863,True,2,correct,1,THE RUNNER MOVED SWIFT SMOOTH ALONG THE NARROW PATH
xtts2,ct_quick_t5_k03,0,control_word,t5,3,3,10,quick,10,3.4346666666666668,3,0.15269120037555695,0.05168097838759422,0.15525,0.2065906673669815,73,False,3,3.370666666666666,1.0189873417721522,True,3,correct,1,THE RUNNER MOVED SWIFT SMOOTH STEADY ALONG THE NARROW PATH
xtts2,ct_quick_t5_k03,1,control_word,t5,3,3,10,quick,10,3.3386666666666667,3,0.14549417793750763,0.05139375105500221,0.15283333333333332,0.2003377228975296,71,False,3,3.370666666666666,0.9905063291139243,True,3,correct,1,THE RUNNER MOVED SWIFT SMOOTH STEADY ALONG THE NARROW PATH
xtts2,ct_quick_t5_k03,2,control_word,t5,3,3,10,quick,10,3.3386666666666667,3,0.1485263705253601,0.046503372490406036,0.16166666666666665,0.2275133728981018,71,False,3,3.370666666666666,0.9905063291139243,True,3,correct,1,THE RUNNER MOVES SWIFT SMOOTH STEADY ALONG THE NARROW PATH
xtts2,ct_quick_t5_k04,0,control_word,t5,4,4,11,quick,11,3.8933333333333335,4,0.1556020975112915,0.04884839802980423,0.15979166666666667,0.21237148344516754,83,False,4,3.850666666666666,1.0110803324099726,True,4,correct,1,THE RUNNER MOVED SWIFT SMOOTH STEADY LIGHT ALONG THE NARROW PATH
xtts2,ct_quick_t5_k04,1,control_word,t5,4,4,11,quick,11,3.7546666666666666,4,0.14379607141017914,0.05063525214791298,0.16170833333333334,0.19113856554031372,80,False,4,3.850666666666666,0.9750692520775626,True,4,correct,1,THE RUNNER MOVED SWIFT SMOOTH STEADY LIGHT ALONG THE NARROW PATH
xtts2,ct_quick_t5_k04,2,control_word,t5,4,4,11,quick,11,3.808,4,0.1557782143354416,0.04225583001971245,0.15025,0.2301771193742752,81,False,4,3.850666666666666,0.9889196675900279,True,4,correct,1,THE RUNNER MOVED SWIFT SMOOTH STEADY LIGHT ALONG THE NARROW PATH
xtts2,ct_quick_t5_k06,0,control_word,t5,6,6,13,quick,13,5.333333333333333,6,0.1381138116121292,0.06132655218243599,0.140625,0.18371698260307312,114,False,7,4.810666666666665,1.108647450110865,True,6,correct,1,THE RUNNER MOVED SWIFT SMOOTH STEADY LIGHT SHARP LOOSE ALONG THE NARROW PATH
xtts2,ct_quick_t5_k06,1,control_word,t5,6,6,13,quick,13,5.706666666666667,6,0.1356602907180786,0.05856923386454582,0.14595833333333333,0.18656305968761444,122,False,8,4.810666666666665,1.1862527716186257,False,8,correct,1,THE RUNNER MOVED SWIFT SMOOTH STEADY LIGHT SHARP LOOSE ALONG THE NARROW PATH
xtts2,ct_quick_t5_k06,2,control_word,t5,6,6,13,quick,13,4.778666666666667,6,0.1497894823551178,0.05686270818114281,0.12545833333333334,0.15392880141735077,102,False,6,4.810666666666665,0.9933481152993352,True,6,correct,1,THE RUNNER MOVED SWIFT SMOOTH STEADY LIGHT SHARP LOOSE ALONG THE NARROW PATH
xtts2,ct_quick_t5_k08,0,control_word,t5,8,8,15,quick,15,6.08,8,0.1467142105102539,0.06234623119235039,0.16616666666666666,0.2255096435546875,130,False,9,5.770666666666665,1.0536044362292054,True,8,correct,1,THE RUNNER MOVES SWIFT SMOOTH STEADY LIGHT SHARP LOOSE TIGHT CLEAN ALONG THE NARROW PATH
xtts2,ct_quick_t5_k08,1,control_word,t5,8,8,15,quick,15,6.965333333333334,8,0.14100852608680725,0.059076059609651566,0.15979166666666667,0.20834434032440186,149,False,10,5.770666666666665,1.2070240295748618,False,10,correct,1,THE RUNNER MOVED SWIFT SMOOTH STEADY LIGHT SHARP LOOSE TIGHT CLEAN ALONG THE NARROW PATH
xtts2,ct_quick_t5_k08,2,control_word,t5,8,8,15,quick,15,5.525333333333333,8,0.15044005215168,0.06294865906238556,0.15158333333333332,0.23926104605197906,118,False,7,5.770666666666665,0.9574861367837341,True,8,correct,1,THE RUNNER MOVES SWIFT SMOOTH STEADY LIGHT SHARP LOOSE TIGHT CLEAN ALONG THE NARROW PATH
xtts2,ct_quick_t5_k12,0,control_word,t5,12,12,19,quick,19,7.008,12,0.13696877658367157,0.06170116737484932,0.14604166666666665,0.19296108186244965,150,False,11,7.690666666666665,0.91123439667129,True,12,correct,1,THE RUNNER MOVES SWIFT SMOOTH STEADY LIGHT SHARP LOOSE TIGHT CLEAN SWIFT SMOOTH STEADY LIGHT ALONG THE NARROW PATH
xtts2,ct_quick_t5_k12,1,control_word,t5,12,12,19,quick,19,11.509333333333334,12,0.13184303045272827,0.07435797154903412,0.11270833333333333,0.2471829354763031,247,False,20,7.690666666666665,1.4965325936199727,False,20,miscount,0,THE RUNNER MOVED SWIFT SMOOTH STEADY LIGHT SHARP LOOSE TIGHT CLEAN SWIFT SMOOTH STEADY LIGHT ALONG THE NARROW PATH
xtts2,ct_quick_t5_k12,2,control_word,t5,12,12,19,quick,19,7.978666666666666,12,0.13937658071517944,0.06488360464572906,0.14804166666666665,0.17410148680210114,171,False,13,7.690666666666665,1.0374479889042998,True,12,correct,1,THE RUNNER MOVED SWIFT SMOOTH STEADY LIGHT SHARP LOOSE TIGHT CLEAN SWIFT SMOOTH STEADY LIGHT ALONG THE NARROW PATH
xtts2,ct_quick_t5_k16,0,control_word,t5,16,16,23,quick,23,8.629333333333333,16,0.15197545289993286,0.06095941737294197,0.15791666666666668,0.1849389225244522,185,False,14,9.610666666666665,0.8978912319644841,True,16,correct,1,THE RUNNER MOVES SWIFT SMOOTH STEADY LIGHT SHARP LOOSE TIGHT CLEAN SWIFT SMOOTH STEADY LIGHT SHARP LOOSE TIGHT CLEAN ALONG THE NARROW PATH
xtts2,ct_quick_t5_k16,1,control_word,t5,16,16,23,quick,23,13.045333333333334,16,0.1361543834209442,0.06720010191202164,0.121125,0.15136019885540009,280,False,23,9.610666666666665,1.3573806881243067,False,23,correct,1,THE RUNNER MOVED SWIFT SMOOTH STEADY LIGHT SHARP LOOSE TIGHT CLEAN SWIFT SMOOTH STEADY LIGHT SHARP LOOSE TIGHT CLEAN ALONG THE NARROW PATH
xtts2,ct_quick_t5_k16,2,control_word,t5,16,16,23,quick,23,12.064,16,0.13457782566547394,0.07057894766330719,0.12145833333333333,0.3168201148509979,259,False,21,9.610666666666665,1.2552719200887905,False,21,correct,1,THE RUNNER MOVED SWIFT SMOOTH STEADY LIGHT SHARP LOOSE TIGHT CLEAN SWIFT SMOOTH STEADY LIGHT SHARP LOOSE TIGHT CLEAN ALONG THE NARROW PATH
xtts2,ct_quick_t5_k24,0,control_word,t5,24,24,31,quick,31,12.16,24,0.1417299062013626,0.05915718153119087,0.14120833333333332,0.21270830929279327,261,False,21,13.450666666666663,0.9040444091990486,True,24,correct,1,THE RUNNER MOVES SWIFT SMOOTH STEADY LIGHT SHARP LOOSE TIGHT CLEAN SWIFT SMOOTH STEADY LIGHT SHARP LOOSE TIGHT CLEAN SWIFT SMOOTH STEADY LIGHT SHARP LOOSE TIGHT CLEAN ALONG THE NARROW PATH
xtts2,ct_quick_t5_k24,1,control_word,t5,24,24,31,quick,31,18.197333333333333,24,0.12247098982334137,0.06625105440616608,0.11216666666666666,0.23177094757556915,391,False,34,13.450666666666663,1.3528945281522604,False,34,correct,1,THE RUNNER MOVED SWIFT SMOOTH STEADY LIGHT SHARP LOOSE TIGHT CLEAN SWIFT SMOOTH STEADY LIGHT SHARP LOOSE TIGHT CLEAN SWIFT SMOOTH STEADY LIGHT SHARP LOOSE TIGHT CLEAN ALONG THE NARROW PATH
xtts2,ct_quick_t5_k24,2,control_word,t5,24,24,31,quick,31,12.810666666666666,24,0.14331479370594025,0.0606113001704216,0.16841666666666666,0.15561354160308838,275,False,23,13.450666666666663,0.9524187153053134,True,24,correct,1,THE RUNNER MOVED SWIFT SMOOTH STEADY LIGHT SHARP LOOSE TIGHT CLEAN SWIFT SMOOTH STEADY LIGHT SHARP LOOSE TIGHT CLEAN SWIFT SMOOTH STEADY LIGHT SHARP LOOSE TIGHT CLEAN ALONG THE NARROW PATH
xtts2,ct_quick_t5_k32,0,control_word,t5,32,32,39,quick,47,21.962666666666667,32,0.1334443837404251,0.06512319296598434,0.16458333333333333,0.29971957206726074,472,False,42,17.290666666666663,1.2702035780382483,False,42,correct,1,THE RUNNER MOVES SWIFT SMOOTH STEADY LIGHT SHARP LOOSE TIGHT CLEAN SWIFT SMOOTH STEADY LIGHT SHARP LOOSE TIGHT CLEAN SWIFT SMOOTH STEADY LIGHT SHARP LOOSE TIGHT CLEAN SWIFT SMOOTH STEADY LIGHT SHARP LOOSE TIGHT CLEAN SWIFT SMOOTH STEADY LIGHT SHARP LOOSE TIGHT CLEAN ALONG THE NARROW PATH
xtts2,ct_quick_t5_k32,1,control_word,t5,32,32,39,quick,39,20.053333333333335,32,0.1293807029724121,0.07697322964668274,0.155625,0.24896271526813507,431,False,38,17.290666666666663,1.1597779148673661,False,38,correct,1,THE RUNNER MOVED SWIFT SMOOTH STEADY LIGHT SHARP LOOSE TIGHT CLEAN SWIFT SMOOTH STEADY LIGHT SHARP LOOSE TIGHT CLEAN SWIFT SMOOTH STEADY LIGHT SHARP LOOSE TIGHT CLEAN SWIFT SMOOTH STEADY LIGHT SHARP LOOSE TIGHT CLEAN ALONG TE NARROW PATH
xtts2,ct_quick_t5_k32,2,control_word,t5,32,32,39,quick,39,18.890666666666668,32,0.1383826732635498,0.06911721080541611,0.132,0.21340423822402954,406,False,35,17.290666666666663,1.092535471930907,True,32,correct,1,THE RUNNER MOVED SWIFT SMOOTH STEADY LIGHT SHARP LOOSE TIGHT CLEAN SWIFT SMOOTH STEADY LIGHT SHARP LOOSE TIGHT CLEAN SWIFT SMOOTH STEADY LIGHT SHARP LOOSE TIGHT CLEAN SWIFT SMOOTH STEADY LIGHT SHARP LOOSE TIGHT CLEAN ALONG THE NARROW PATH
xtts2,ct_really_t6_k02,0,control_word,t6,2,2,9,really,9,2.8266666666666667,2,0.13253755867481232,0.03506020829081535,0.1425,0.1937626600265503,60,False,2,2.766222222222222,1.0218508997429308,True,2,correct,1,THEY WERE TRULY QUITE TIRED AFTER THE LONG JOURNEY
xtts2,ct_really_t6_k02,1,control_word,t6,2,2,9,really,9,2.965333333333333,2,0.13839221000671387,0.03568623960018158,0.17170833333333332,0.30144432187080383,63,False,3,2.766222222222222,1.0719794344473008,True,2,correct,1,THEY WERE TRULY QUITE TIRED AFTER THE LONG JOURNEY
xtts2,ct_really_t6_k02,2,control_word,t6,2,2,9,really,9,2.506666666666667,2,0.14198344945907593,0.03030913695693016,0.16520833333333335,0.21297957003116608,53,False,1,2.766222222222222,0.9061696658097688,True,2,correct,1,THEY WERE TRULY QUITE TIRED AFTER THE LONG JOURNEY
xtts2,ct_really_t6_k03,0,control_word,t6,3,3,10,really,10,3.2,3,0.13284388184547424,0.027953851968050003,0.15833333333333333,0.14399024844169617,68,False,4,3.0008888888888885,1.0663507109004742,True,3,correct,1,THEY WERE TRULY QUITE VERY TIRED AFTER THE LONG JOURNEY
xtts2,ct_really_t6_k03,1,control_word,t6,3,3,10,really,10,3.1573333333333333,3,0.1258891373872757,0.034124091267585754,0.15445833333333334,0.1665755659341812,67,False,4,3.0008888888888885,1.0521327014218012,True,3,correct,1,THEY WERE TRULY QUITE VERY TIRED AFTER THE LONG JOURNEY
xtts2,ct_really_t6_k03,2,control_word,t6,3,3,10,really,10,2.6453333333333333,3,0.12632198631763458,0.03289038687944412,0.15416666666666667,0.24986237287521362,56,False,1,3.0008888888888885,0.8815165876777252,False,3,correct,1,THEY WERE TRULY QUITE VERY TIRED AFTER THE LONG JOURNEY
xtts2,ct_really_t6_k04,0,control_word,t6,4,4,11,really,11,3.5733333333333333,4,0.1365499347448349,0.026640497148036957,0.179125,0.25983676314353943,76,False,5,3.235555555555555,1.1043956043956045,True,4,correct,1,THEY WERE TRULY QUITE VERY RATHER TIRED AFTER THE LONG JOURNEY
xtts2,ct_really_t6_k04,1,control_word,t6,4,4,11,really,11,3.4346666666666668,4,0.14514169096946716,0.024815086275339127,0.16325,0.13660526275634766,73,False,5,3.235555555555555,1.0615384615384618,True,4,correct,1,THEY WERE TRULY QUITE VERY RATHER TIRED AFTER THE LONG JOURNEY
xtts2,ct_really_t6_k04,2,control_word,t6,4,4,11,really,11,3.4346666666666668,4,0.1401854008436203,0.022607112303376198,0.15220833333333333,0.24301370978355408,73,False,5,3.235555555555555,1.0615384615384618,True,4,correct,1,THEY WERE TRULY QUITE VERY RATHER TIRED AFTER THE LONG JOURNEY
xtts2,ct_really_t6_k06,0,control_word,t6,6,6,13,really,13,4.448,6,0.14443762600421906,0.028132183477282524,0.14525,0.25983700156211853,95,False,9,3.7048888888888887,1.2005758157389637,False,9,correct,1,THEY WERE TRULY QUITE VERY RATHER DEEPLY CLEARLY TIRED AFTER THE LONG JOURNEY
xtts2,ct_really_t6_k06,1,control_word,t6,6,6,13,really,13,4.362666666666667,6,0.13573594391345978,0.02975156344473362,0.163625,0.1684912145137787,93,False,9,3.7048888888888887,1.1775431861804224,False,9,correct,1,THEY WERE TRULY QUITE VERY RATHER DEEPLY CLEARLY TIRED AFTER THE LONG JOURNEY
xtts2,ct_really_t6_k06,2,control_word,t6,6,6,13,really,13,4.1706666666666665,6,0.1400524377822876,0.03193739056587219,0.15533333333333332,0.21671271324157715,89,False,8,3.7048888888888887,1.1257197696737045,False,8,correct,1,THEY WERE TRULY QUITE VERY RATHER DEEPLY CLEARLY TIRED AFTER THE LONG JOURNEY
xtts2,ct_really_t6_k08,0,control_word,t6,8,8,15,really,15,5.610666666666667,8,0.14001746475696564,0.03504533693194389,0.16145833333333334,0.28596657514572144,120,False,14,4.174222222222221,1.3441226575809202,False,14,correct,1,THEY WERE TRULY QUITE VERY RATHER DEEPLY CLEARLY PLAINLY SURELY TIRED AFTER THE LONG JOURNEY
xtts2,ct_really_t6_k08,1,control_word,t6,8,8,15,really,15,5.1946666666666665,8,0.14801985025405884,0.027776343747973442,0.14870833333333333,0.16227400302886963,111,False,12,4.174222222222221,1.2444633730834755,False,12,correct,1,THEY WERE TRULY QUITE VERY RATHER DEEPLY CLEARLY PLAINLY SURELY TIRED AFTER THE LONG JOURNEY
xtts2,ct_really_t6_k08,2,control_word,t6,8,8,15,really,15,5.386666666666667,8,0.14221635460853577,0.02929329313337803,0.14591666666666667,0.23472633957862854,115,False,13,4.174222222222221,1.29045996592845,False,13,correct,1,THEY WERE TRULY QUITE VERY RATHER DEEPLY CLEARLY PLAINLY SURELY TIRED AFTER THE LONG JOURNEY
xtts2,ct_really_t6_k12,0,control_word,t6,12,12,19,really,19,7.050666666666666,12,0.13879930973052979,0.03220757097005844,0.16204166666666667,0.17610707879066467,151,False,20,5.112888888888889,1.378998609179416,False,20,correct,1,THEY WERE TRULY QUITE VERY RATHER DEEPLY CLEARLY PLAINLY SURELY TRULY QUITE VERY RATHER TIRED AFTER THE LONG JOURNEY
xtts2,ct_really_t6_k12,1,control_word,t6,12,12,19,really,18,7.050666666666666,11,0.13625173270702362,0.037744488567113876,0.11458333333333333,0.1916164606809616,151,False,20,5.112888888888889,1.378998609179416,False,20,undercount,0,THEY WERE TRULY QUITE VERY RATHER DEEPLY CLEARLY PLAINLY SURELY QUITE VERY RATHER TIRED AFTER THE LONG JOURNEY
xtts2,ct_really_t6_k12,2,control_word,t6,12,12,19,really,19,7.658666666666667,11,0.1436811089515686,0.03442899137735367,0.16466666666666666,0.19085285067558289,164,False,23,5.112888888888889,1.4979137691237832,False,23,undercount,0,THEY WERE TRULY QUITE VERY RATHER DEEPLY CLEARLY PLAINLY SURELY TRULY QUITE VVERI RATHER TIRED AFTER THE LONG JOURNEY
xtts2,ct_really_t6_k16,0,control_word,t6,16,16,23,really,23,9.888,16,0.13394734263420105,0.04049648344516754,0.12279166666666666,0.1955559253692627,212,False,32,6.051555555555555,1.6339600470035254,False,32,loop,0,THEY WERE TRULY QUITE VERY RATHER DEEPLY CLEARLY PLAINLY SURELY TRULY QUITE VERY RATHER DEEPLY CLEARLY PLAINLY SURELY TIRED AFTER THE LONG JOURNEY
xtts2,ct_really_t6_k16,1,control_word,t6,16,16,23,really,22,10.122666666666667,15,0.13913337886333466,0.037897396832704544,0.12791666666666668,0.2370029091835022,217,False,33,6.051555555555555,1.6727379553466513,False,33,loop,0,THEY WERE TRULY QUITE VERY RATHER DEEPLY CLEARLY PLAINLY SURELY TRULY QUITE VERY RATHER DEEPLY PLAINLY SURELY TIRED AFTER THE LONG JOURNEY
xtts2,ct_really_t6_k16,2,control_word,t6,16,16,23,really,23,9.28,16,0.14493076503276825,0.03483773022890091,0.17920833333333333,0.17215554416179657,199,False,30,6.051555555555555,1.5334900117508814,False,30,miscount,0,THEY WERE TRULY QUITE VERY RATHER DEEPLY CLEARLY PLAINLY SURELY TRULY QUITE VERY RATHER DEEPLY CLEARLY PLAINLY SURELY TIRED AFTER THE LONG JOURNEY
xtts2,ct_really_t6_k24,0,control_word,t6,24,24,31,really,30,11.882666666666667,22,0.1280187964439392,0.03455405309796333,0.13991666666666666,0.16375020146369934,255,False,41,7.928888888888888,1.4986547085201796,False,41,undercount,0,THEY WERE TRULY QUITE VERY RATHER DEEPLY CLEARLY PLAINLY SURELY TRULY QUITE VERY RATHER DEEPLY CLEARLY PLAINLY SURELY TRULY QUITE VERY RATHER DEEPLY CLEANLY SURELY TIRED AFTER THE LONG JOURNEY
xtts2,ct_really_t6_k24,1,control_word,t6,24,24,31,really,30,14.112,22,0.13861428201198578,0.03484414517879486,0.12145833333333333,0.1507076621055603,303,False,50,7.928888888888888,1.7798206278026907,False,50,loop,0,THEY WERE TRULY QUITE VERY RATHER DEEPLY CLEARLY PLAINLY SURELY TRULY QUITE VERY RATHER DEEPLY CLEARLY PLAINLY SURELY TRULY QUITE VERY RATHER DEEPLY CLEANLY SURELY TIRED AFTER THE LONG JOURNEY
xtts2,ct_really_t6_k24,2,control_word,t6,24,24,31,really,31,14.112,24,0.13442830741405487,0.03292498737573624,0.13266666666666665,0.2646576464176178,303,False,50,7.928888888888888,1.7798206278026907,False,50,loop,0,THEY WERE TRULY QUITE VERY RATHER DEEPLY CLEARLY PLAINLY SURELY TRULY QUITE VERY RATHER DEEPLY CLEARLY PLAINLY SURELY TRULY QUITE VERY RATHER DEEPLY CLEARLY PLAINLY SURELY TIRED AFTER THE LONG JOURNEY
xtts2,ct_really_t6_k32,0,control_word,t6,32,32,39,really,38,17.738666666666667,24,0.13333860039710999,0.04117147624492645,0.1395,0.17272669076919556,381,False,66,9.806222222222221,1.8089195068890502,False,66,loop,0,THEY WERE TRULY QUITE VERY RATHER DEEPLY CLEARLY PLAINLY SURELY TRULY QUITE VERY RATHER DEEPLY CLEARLY PLAINLY SURELY TRULY QUITE VERY RATHER DEEPLY PLAINLY SURELY TRULY QUITE VERY RATHER DEEPLY CLEARLY PLAINLY SURELY TIRED AFTER THE LONG JOURNEY
xtts2,ct_really_t6_k32,1,control_word,t6,32,32,39,really,39,14.944,32,0.13976621627807617,0.030226055532693863,0.17075,0.37561556696891785,321,False,54,9.806222222222221,1.523930384336476,False,54,miscount,0,THEY WERE TRULY QUITE VERY RATHER DEEPLY CLEARLY PLAINLY SURELY TRULY QUITE VERY RATHER DEEPLY CLEARLY PLAINLY SURELY TRULY QUITE VERY RATHER DEEPLY CLEARLY PLAINLY SURELY TRULY QUITE VERY RATHER DEEPLY CLEARLY PLAINLY SURELY TIRED AFTER THE LONG JOURNEY
xtts2,ct_really_t6_k32,2,control_word,t6,32,32,39,really,38,17.685333333333332,24,0.13362129032611847,0.043924473226070404,0.1135,0.13781234622001648,380,False,66,9.806222222222221,1.8034807831762147,False,66,loop,0,THEY WERE TRULY QUITE VERY RATHER DEEPLY CLEARLY PLAINLY SURELY TRULY QUITE VERY RATHER DEEPLY CLEARLY PLAINLY SURELY TRULY QUITE VERY RATHER DEEPLY CLEARLY SURELY TRULY QUITE VERY RATHER DEEPLY CLEARLY PLAINLY SURELY TIRED AFTER THE LONG JOURNEY
xtts2,ct_very_t1_k02,0,control_word,t1,2,2,12,very,12,3.0613333333333332,2,0.14083236455917358,0.034167494624853134,0.17308333333333334,0.2504810690879822,65,False,2,2.9191111111111105,1.048721071863581,True,2,correct,1,THE DOG WAS QUITE REALLY BIG AND IT RAN ACROSS THE FIELD
xtts2,ct_very_t1_k02,1,control_word,t1,2,2,12,very,12,2.8266666666666667,2,0.13883014023303986,0.03345005586743355,0.15566666666666668,0.3259927034378052,60,False,2,2.9191111111111105,0.9683313032886726,True,2,correct,1,THE DOG WAS QUITE REALLY BIG AND IT RAN ACROSS THE FIELD
xtts2,ct_very_t1_k02,2,control_word,t1,2,2,12,very,12,2.8693333333333335,2,0.1391100138425827,0.03076978586614132,0.13225,0.31984153389930725,61,False,2,2.9191111111111105,0.9829476248477469,True,2,correct,1,THE DOG WAS QUITE REALLY BIG AND IT RAN ACROSS THE FIELD
xtts2,ct_very_t1_k03,0,control_word,t1,3,3,13,very,13,3.7546666666666666,3,0.13861489295959473,0.054998625069856644,0.14366666666666666,0.1938709020614624,80,False,4,3.46311111111111,1.0841889117043124,True,3,correct,1,THE DOG WAS QUITE REALLY TRULY BIG AND IT RAN ACROSS THE FIELD
xtts2,ct_very_t1_k03,1,control_word,t1,3,3,13,very,13,3.3386666666666667,3,0.13730065524578094,0.0458495132625103,0.13408333333333333,0.14392796158790588,71,False,3,3.46311111111111,0.9640657084188914,True,3,correct,1,THE DOG WAS QUITE REALLY TRULY BIG AND IT RAN ACROSS THE FIELD
xtts2,ct_very_t1_k03,2,control_word,t1,3,3,13,very,13,3.296,3,0.13472066819667816,0.0375131294131279,0.14320833333333333,0.23097091913223267,70,False,3,3.46311111111111,0.951745379876797,True,3,correct,1,THE DOG WAS QUITE REALLY TRULY BIG AND IT RAN ACROSS THE FIELD
xtts2,ct_very_t1_k04,0,control_word,t1,4,4,14,very,14,4.501333333333333,4,0.13496552407741547,0.039631959050893784,0.16141666666666668,0.13459794223308563,96,False,5,4.00711111111111,1.1233362910381548,True,4,correct,1,THE DOG WAS QUITE REALLY TRULY FAIRLY BIG AND IT RAN ACROSS THE FIELD
xtts2,ct_very_t1_k04,1,control_word,t1,4,4,14,very,14,3.712,4,0.13956376910209656,0.04349229112267494,0.16675,0.1807917356491089,79,False,3,4.00711111111111,0.9263531499556348,True,4,correct,1,THE DOG WAS QUITE REALLY TRULY FAIRLY BIG AND IT RAN ACROSS THE FIELD
xtts2,ct_very_t1_k04,2,control_word,t1,4,4,14,very,14,3.5733333333333333,4,0.1345871090888977,0.043533675372600555,0.16866666666666666,0.1882445514202118,76,False,3,4.00711111111111,0.8917480035492461,True,4,correct,1,THE DOG WAS QUITE REALLY TRULY FAIRLY BIG AND IT RAN ACROSS THE FIELD
xtts2,ct_very_t1_k06,0,control_word,t1,6,6,16,very,16,4.874666666666666,6,0.14058183133602142,0.04327687248587608,0.17625,0.17953914403915405,104,False,6,5.095111111111109,0.9567341242149341,True,6,correct,1,THE DOG WAS QUITE REALLY TRULY FAIRLY RATHER SOMEWHAT BIG AND IT RAN ACROSS THE FIELD
xtts2,ct_very_t1_k06,1,control_word,t1,6,6,16,very,16,4.874666666666666,6,0.14558058977127075,0.03993598371744156,0.14904166666666666,0.2674598693847656,104,False,6,5.095111111111109,0.9567341242149341,True,6,correct,1,THE DOG WAS QUITE REALLY TRULY FAIRLY RATHER SOMEWHAT BIG AND IT RAN ACROSS THE FIELD
xtts2,ct_very_t1_k06,2,control_word,t1,6,6,16,very,16,4.448,6,0.13316182792186737,0.06108565255999565,0.16533333333333333,0.20997746288776398,95,False,5,5.095111111111109,0.8729937194696445,True,6,correct,1,THE DOG WAS QUITE REALLY TRULY FAIRLY RATHER SOMEWHAT BIG AND IT RAN ACROSS THE FIELD
xtts2,ct_very_t1_k08,0,control_word,t1,8,8,18,very,18,5.8453333333333335,8,0.14720672369003296,0.04459090158343315,0.16,0.16025903820991516,125,False,7,6.183111111111108,0.9453709028177119,True,8,correct,1,THE DOG WAS QUITE REALLY TRULY FAIRLY RATHER SOMEWHAT EXTREMELY NOTABLY BIG AND IT RAN ACROSS THE FIELD
xtts2,ct_very_t1_k08,1,control_word,t1,8,8,18,very,18,5.802666666666667,8,0.14142441749572754,0.04749593883752823,0.15595833333333334,0.21036480367183685,124,False,7,6.183111111111108,0.9384703852788965,True,8,correct,1,THE DOG WAS QUITE REALLY TRULY FAIRLY RATHER SOMEWHAT EXTREMELY NOTABLY BIG AND IT RAN ACROSS THE FIELD
xtts2,ct_very_t1_k08,2,control_word,t1,8,8,18,very,18,6.314666666666667,8,0.1485186517238617,0.04509686306118965,0.15141666666666667,0.28480544686317444,135,False,8,6.183111111111108,1.0212765957446814,True,8,correct,1,THE DOG WAS QUITE REALLY TRULY FAIRLY RATHER SOMEWHAT EXTREMELY NOTABLY BIG AND IT RAN ACROSS THE FIELD
xtts2,ct_very_t1_k12,0,control_word,t1,12,12,22,very,22,7.84,12,0.14231817424297333,0.05277271941304207,0.156625,0.20117196440696716,168,False,11,8.359111111111105,0.9378987664823486,True,12,correct,1,THE DOG WAS QUITE REALLY TRULY FAIRLY RATHER SOMEWHAT EXTREMELY NOTABLY QUITE REALLY TRULY FAIRLY BIG AND IT RAN ACROSS THE FIELD
xtts2,ct_very_t1_k12,1,control_word,t1,12,12,22,very,22,8.074666666666667,12,0.14104744791984558,0.04944213852286339,0.158375,0.163161039352417,173,False,11,8.359111111111105,0.9659719268396435,True,12,correct,1,THE DOG WAS QUITE REALLY TRULY FAIRLY RATHER SOMEWHAT EXTREMELY NOTABLY QUITE REALLY TRULY FAIRLY BIG AND IT RAN ACROSS THE FIELD
xtts2,ct_very_t1_k12,2,control_word,t1,12,12,22,very,22,7.328,12,0.1465415358543396,0.042037155479192734,0.16620833333333335,0.1888851523399353,157,False,10,8.359111111111105,0.8766482347937055,False,12,correct,1,THE DOG WAS QUITE REALLY TRULY FAIRLY RATHER SOMEWHAT EXTREMELY NOTABLY QUITE REALLY TRULY FAIRLY BIG AND IT RAN ACROSS THE FIELD
xtts2,ct_very_t1_k16,0,control_word,t1,16,16,26,very,26,9.749333333333333,16,0.1439698338508606,0.05203881487250328,0.12633333333333333,0.15622030198574066,209,False,15,10.535111111111103,0.9254134323320965,True,16,correct,1,THE DOG WAS QUITE REALLY TRULY FAIRLY RATHER SOMEWHAT EXTREMELY NOTABLY QUITE REALLY TRULY FAIRLY RATHER SOMEWHAT EXTREMELY NOTABLY BIG AND IT RAN ACROSS THE FIELD
xtts2,ct_very_t1_k16,1,control_word,t1,16,16,26,very,26,10.026666666666667,16,0.14306658506393433,0.048449721187353134,0.159125,0.13544140756130219,215,False,15,10.535111111111103,0.9517381032737099,True,16,correct,1,THE DOG WAS QUITE REALLY TRULY FAIRLY RATHER SOMEWHAT EXTREMELY NOTABLY QUITE REALLY TRULY FAIRLY RATHER SOMEWHAT EXTREMELY NOTABLY BIG AND IT RAN ACROSS THE FIELD
xtts2,ct_very_t1_k16,2,control_word,t1,16,16,26,very,26,9.984,16,0.14071325957775116,0.045737817883491516,0.12291666666666666,0.1769014447927475,214,False,15,10.535111111111103,0.947688153898077,True,16,correct,1,THE DOG WAS QUITE REALLY TRULY FAIRLY RATHER SOMEWHAT EXTREMELY NOTABLY QUITE REALLY TRULY FAIRLY RATHER SOMEWHAT EXTREMELY NOTABLY BIG AND IT RAN ACROSS THE FIELD
xtts2,ct_very_t1_k24,0,control_word,t1,24,24,34,very,34,14.293333333333333,24,0.13721537590026855,0.05370428413152695,0.14308333333333334,0.22699031233787537,307,False,23,14.887111111111098,0.9601146405540968,True,24,correct,1,THE DOG WAS QUITE REALLY TRULY FAIRLY RATHER SOMEWHAT EXTREMELY NOTABLY QUITE REALLY TRULY FAIRLY RATHER SOMEWHAT EXTREMELY NOTABLY QUITE REALLY TRULY FAIRLY RATHER SOMEWHAT EXTREMELY NOTABLY BIG AND IT RAN ACROSS THE FIELD
xtts2,ct_very_t1_k24,1,control_word,t1,24,24,34,very,34,13.738666666666667,24,0.14115585386753082,0.04350993409752846,0.111625,0.16021879017353058,295,False,22,14.887111111111098,0.9228564604728932,True,24,correct,1,THE DOG WAS QUITE REALLY TRULY FAIRLY RATHER SOMEWHAT EXTREMELY NOTABLY QUITE REALLY TRULY FAIRLY RATHER SOMEWHAT EXTREMELY NOTABLY QUITE REALLY TRULY FAIRLY RATHER SOMEWHAT EXTREMELY NOTABLY BIG AND IT RAN ACROSS THE FIELD
xtts2,ct_very_t1_k24,2,control_word,t1,24,24,34,very,34,14.389333333333333,24,0.14816637337207794,0.04688675329089165,0.1435,0.2778521776199341,309,False,23,14.887111111111098,0.9665631717219975,True,24,correct,1,THE DOG WAS QUITE REALLY TRULY FAIRLY RATHER SOMEWHAT EXTREMELY NOTABLY QUITE REALLY TRULY FAIRLY RATHER SOMEWHAT EXTREMELY NOTABLY QUITE REALLY TRULY FAIRLY RATHER SOMEWHAT EXTREMELY NOTABLY BIG AND IT RAN ACROSS THE FIELD
xtts2,ct_very_t1_k32,0,control_word,t1,32,32,42,very,22,9.194666666666667,19,0.1448788344860077,0.04687216132879257,0.19558333333333333,0.24003268778324127,197,False,14,19.239111111111097,0.4779153576048793,False,19,truncation,0,THE DOG WAS QUITE REALLY TRULY FAIRLY RATHER SOMEWHAT EXTREMELY NOTABLY QUITE REALLY TRULY FAIRLY RATHER SOMEWHAT EXTREMELY NOTABLY QUITE REALLY TRULY
xtts2,ct_very_t1_k32,1,control_word,t1,32,32,42,very,18,8.256,15,0.14652839303016663,0.04805116727948189,0.18025,0.22255492210388184,177,False,12,19.239111111111097,0.4291258547403441,True,15,truncation,0,THE DOG WAS QUITE REALLY TRULY FAIRLY RATHER SOMEWHAT EXTREMELY NOTABLY QUITE REALLY TRULY FAIRLY RATHER SOMEWHAT EXTREMELY
xtts2,ct_very_t1_k32,2,control_word,t1,32,32,42,very,42,16.384,32,0.13598951697349548,0.035448864102363586,0.13679166666666667,0.15390801429748535,352,False,27,19.239111111111097,0.8515985954537061,False,32,correct,1,THE DOG WAS QUITE REALLY TRULY FAIRLY RATHER SOMEWHAT EXTREMELY NOTABLY QUITE REALLY TRULY FAIRLY RATHER SOMEWHAT EXTREMELY NOTABLY QUITE REALLY TRULY FAIRLY RATHER SOMEWHAT EXTREMELY NOTABLY QUITE REALLY TRULY FAIRLY RATHER SOMEWHAT EXTREMELY NOTABLY BIG AND IT RAN ACROSS THE FIELD
xtts2,nm_n01,0,numbers,n01,4,4,9,six,9,3.477333333333333,3,0.12279962748289108,0.09256965667009354,0.21545833333333334,0.16539232432842255,74,False,3,4.29274074074074,0.8100496963003866,True,3,undercount,0,SIX HUNDRED SIXTY SIX THOUSAND SIX HUNDRED SIXTY SIXT
xtts2,nm_n01,1,numbers,n01,4,4,9,six,9,3.8933333333333335,4,0.11644343286752701,0.09749015420675278,0.13533333333333333,0.21173779666423798,83,False,4,4.29274074074074,0.906957482054114,True,4,correct,1,SIX HUNDRED SIXTY SIX THOUSAND SIX HUNDRED SIXTY SIX
xtts2,nm_n01,2,numbers,n01,4,4,9,six,9,3.616,4,0.11988633126020432,0.10434070229530334,0.10504166666666667,0.20343025028705597,77,False,3,4.29274074074074,0.842352291551629,True,4,correct,1,SIX HUNDRED SIXTY SIX THOUSAND SIX HUNDRED SIXTY SIX
xtts2,nm_n02,0,numbers,n02,4,4,9,seven,9,4.362666666666667,4,0.14283159375190735,0.053866010159254074,0.16429166666666667,0.18204551935195923,93,False,4,4.29274074074074,1.0162893429044728,True,4,correct,1,SEVEN HUNDRED SEVENTY SEVEN THOUSAND SEVEN HUNDRED SEVENTY SEVEN
xtts2,nm_n02,1,numbers,n02,4,4,9,seven,8,3.52,3,0.1352817267179489,0.042703043669462204,0.14083333333333334,0.20684833824634552,75,False,3,4.29274074074074,0.819988956377692,True,3,undercount,0,SEVEN HUNDRED SEVENTY SEVEN THOUSAND SEVENTY SEVENTY SEVEN
xtts2,nm_n02,2,numbers,n02,4,4,9,seven,8,3.616,3,0.14235208928585052,0.03897460550069809,0.162125,0.1839178204536438,77,False,3,4.29274074074074,0.842352291551629,True,3,undercount,0,SEVEN HUNDRED SEVENTY SEVEN THOUSAND SEVENTY SEVENTY SEVEN
xtts2,nm_n03,0,numbers,n03,4,4,9,nine,7,3.808,3,0.12119323015213013,0.051582496613264084,0.15279166666666666,0.3856585919857025,81,False,4,4.29274074074074,0.8870789618995031,True,3,undercount,0,NINE HUNDRED NINETY NINE THOUSAND NINE HUNDRED
xtts2,nm_n03,1,numbers,n03,4,4,9,nine,8,3.477333333333333,3,0.13297076523303986,0.016381174325942993,0.14458333333333334,0.2579382359981537,74,False,3,4.29274074074074,0.8100496963003866,True,3,undercount,0,NINE HUNDRED NINETY NINE THINE HUNDRED NINETY NINE
xtts2,nm_n03,2,numbers,n03,4,4,9,nine,7,3.4346666666666668,3,0.13632284104824066,0.030675716698169708,0.18695833333333334,0.2916584610939026,73,False,3,4.29274074074074,0.8001104362230813,True,3,undercount,0,NINE HUNDRED NINETY NINE THOUSAND NINE HUNDRED
xtts2,nm_n04,0,numbers,n04,4,4,9,three,9,3.52,4,0.14024905860424042,0.04742256924510002,0.14366666666666666,0.270439475774765,75,False,3,4.29274074074074,0.819988956377692,True,4,correct,1,THREE HUNDRED THIRTY THREE THOUSAND THREE HUNDRED THIRTY THREE
xtts2,nm_n04,1,numbers,n04,4,4,9,three,9,3.3386666666666667,4,0.14020177721977234,0.029492074623703957,0.15608333333333332,0.22758279740810394,71,False,3,4.29274074074074,0.7777471010491442,True,4,correct,1,THREE HUNDRED THIRTY THREE THOUSAND THREE HUNDRED THIRTY THREE
xtts2,nm_n04,2,numbers,n04,4,4,9,three,9,2.6453333333333333,3,0.14419247210025787,0.030189409852027893,0.15208333333333332,0.19630883634090424,56,False,2,4.29274074074074,0.6162341247929322,True,3,truncation,0,HREE HUNDRED THIRTY THREE THOUSAND THREE HUNDRED THIRTY THREE
xtts2,nm_n05,0,numbers,n05,6,6,14,six,12,6.912,5,0.12096395343542099,0.10727597773075104,0.11329166666666667,0.2038760483264923,148,False,6,6.43911111111111,1.0734400883489785,True,5,undercount,0,SIX HUNDRED SIXTY SIX MILLION SIX HUNDRED SIXTY SIX SIXTY SIX DOCHTRESIX
xtts2,nm_n05,1,numbers,n05,6,6,14,six,14,5.386666666666667,6,0.12733307480812073,0.0955435037612915,0.13883333333333334,0.301402747631073,115,False,5,6.43911111111111,0.8365543898398676,True,6,correct,1,SIX HUNDRED SIXTY SIX MILLION SIX HUNDRED SIXTY SIX THOUSAND SIX HUNDRED SIXTY SIX
xtts2,nm_n05,2,numbers,n05,6,6,14,six,12,6.026666666666666,5,0.1228906586766243,0.10033895075321198,0.1415,0.22445502877235413,129,False,6,6.43911111111111,0.9359469906129212,True,5,undercount,0,SIX HUNDRED SIXTY SIX MILLION SIX HUNDRED SIXTY SIX THOUH SIX BATSHUTTER
xtts2,nm_n06,0,numbers,n06,4,4,9,eight,8,3.477333333333333,4,0.12866002321243286,0.03381720557808876,0.149125,0.20997431874275208,74,False,3,4.29274074074074,0.8100496963003866,True,4,correct,1,EIGHT EIGHTY EIGHT THOUSAND EIGHT HUNDRED EIGHTY EIGHT
xtts2,nm_n06,1,numbers,n06,4,4,9,eight,11,6.677333333333333,5,0.12265908718109131,0.04831647500395775,0.11341666666666667,0.23810896277427673,143,False,6,4.29274074074074,1.5554942020982885,True,5,overcount,0,EIGHT HUNDRED EIGHTY EIGHT THOUSAND EIGHT HUNDRED EIGHTY EIGHT TORGI EIGHT
xtts2,nm_n06,2,numbers,n06,4,4,9,eight,14,9.141333333333334,5,0.10748980194330215,0.055855028331279755,0.160375,0.1780112236738205,196,False,9,4.29274074074074,2.129486471562673,False,9,loop,0,EIGHT HUNDRED EIGHTY EIGHT THOUSAND EIGHT A D O EIGHT EGHTY EIGHT TART BER
xtts2,nm_n07,0,numbers,n07,2,2,4,five,4,1.5786666666666667,2,0.13853570818901062,0.06406786292791367,0.19020833333333334,0.17325173318386078,33,False,2,1.6248888888888888,0.9715536105032823,True,2,correct,1,FIVE HUNDRED FIFTY FIVE
xtts2,nm_n07,1,numbers,n07,2,2,4,five,5,1.5786666666666667,2,0.13865405321121216,0.04695621505379677,0.15454166666666666,0.3502834439277649,33,False,2,1.6248888888888888,0.9715536105032823,True,2,correct,1,FIVE HUNDRED FIFTY FIVE DERI
xtts2,nm_n07,2,numbers,n07,2,2,4,five,4,1.7173333333333334,2,0.12635892629623413,0.06740686297416687,0.16441666666666666,0.20390623807907104,36,False,2,1.6248888888888888,1.0568927789934355,True,2,correct,1,FIVE HUNDRED FIFTY FIVE
xtts2,nm_n08,0,numbers,n08,2,2,4,four,4,1.664,2,0.14113296568393707,0.056350961327552795,0.15429166666666666,0.35286933183670044,35,False,2,1.5857777777777777,1.0493273542600896,True,2,correct,1,FOUR HUNDRED FORTY FOUR
xtts2,nm_n08,1,numbers,n08,2,2,4,four,4,1.2906666666666666,2,0.13372084498405457,0.05564824491739273,0.12345833333333334,0.06056782603263855,27,False,2,1.5857777777777777,0.8139013452914798,True,2,correct,1,FOUR HUNDRED FORTY FOUR
xtts2,nm_n08,2,numbers,n08,2,2,4,four,4,1.8026666666666666,2,0.12796296179294586,0.057718511670827866,0.15041666666666667,0.29073813557624817,38,False,2,1.5857777777777777,1.1367713004484306,True,2,correct,1,FOUR HUNDRED FORTY FOUR
xtts2,nm_n09,0,numbers,n09,6,6,14,two,14,5.333333333333333,6,0.13561630249023438,0.063999705016613,0.153875,0.1738407015800476,114,False,5,6.43911111111111,0.8282716731087798,True,6,correct,1,TWO HUNDRED TWENTY TWO MILLION TWO HUNDRED TWENTY TWO THOUSAND TWO HUNDRED TWENTY TWO
xtts2,nm_n09,1,numbers,n09,6,6,14,two,14,6.026666666666666,6,0.13999946415424347,0.050764214247465134,0.17679166666666668,0.18008852005004883,129,False,6,6.43911111111111,0.9359469906129212,True,6,correct,1,TWO HUNDRED TWENTY TWO MILLION TWO HUNDRED TWENTY TWO THOUSAND TWO HUNDRED TWENTY TWO
xtts2,nm_n09,2,numbers,n09,6,6,14,two,14,5.237333333333333,6,0.14217114448547363,0.05509932339191437,0.11433333333333333,0.20883511006832123,112,False,5,6.43911111111111,0.8133627829928217,True,6,correct,1,TWO HUNDRED TWENTY TWO MILLION TWO HUNDRED TWENTY TWO TWENTY TWO TWENTY TWENTY TWO
xtts2,nm_n10,0,numbers,n10,2,2,7,one,7,2.592,2,0.15358996391296387,0.008606103248894215,0.14083333333333334,0.2712942659854889,55,False,2,3.228444444444444,0.8028634361233482,True,2,correct,1,ONE HUNDRED ELEVEN THOUSAND ONE HUNDRED ELEVEN
xtts2,nm_n10,1,numbers,n10,2,2,7,one,7,3.0613333333333332,2,0.1472814977169037,0.014917075634002686,0.18895833333333334,0.21711161732673645,65,False,2,3.228444444444444,0.9482378854625552,True,2,correct,1,ONE HUNDRED ELEVEN THOUSAND ONE HUNDRED ELEVEN
xtts2,nm_n10,2,numbers,n10,2,2,7,one,7,4.032,2,0.1340726912021637,0.028214426711201668,0.13279166666666667,0.3384937345981598,86,False,2,3.228444444444444,1.2488986784140972,True,2,correct,1,ONE HUNDRED ELEVEN THOUSAND ONE HUNDRED ELEVEN
xtts2,sr_s1_k01,0,sentence_rep,s1,1,1,4,bell,4,1.4826666666666666,1,0.132553368806839,0.04629111662507057,0.15466666666666667,0.17001090943813324,31,False,1,1.3481481481481492,1.099780219780219,True,1,correct,1,THE BELL RANG TWICE
xtts2,sr_s1_k01,1,sentence_rep,s1,1,1,4,bell,4,1.248,1,0.12467560172080994,0.05369529873132706,0.10891666666666666,0.19700124859809875,26,False,1,1.3481481481481492,0.9257142857142849,True,1,correct,1,THE BELL RANG TWICE
xtts2,sr_s1_k01,2,sentence_rep,s1,1,1,4,bell,4,1.4293333333333333,1,0.1301075518131256,0.05393597111105919,0.14883333333333335,0.06347721815109253,30,False,1,1.3481481481481492,1.0602197802197795,True,1,correct,1,THE BELL RANG TWICE
xtts2,sr_s1_k02,0,sentence_rep,s1,2,2,8,bell,8,3.4346666666666668,2,0.13725771009922028,0.06637778133153915,0.14079166666666668,0.45862212777137756,73,False,2,3.2308148148148153,1.0630961115187085,True,2,correct,1,THE BELL RANG TWICE THE BELL RANG TWICE
xtts2,sr_s1_k02,1,sentence_rep,s1,2,2,8,bell,8,2.9226666666666667,2,0.12367625534534454,0.06220957264304161,0.11695833333333333,0.3334348499774933,62,False,2,3.2308148148148153,0.904622157006603,True,2,correct,1,THE BELL RANG TWICE THE BELL RANG TWICE
xtts2,sr_s1_k02,2,sentence_rep,s1,2,2,8,bell,8,3.104,2,0.12887683510780334,0.0653013214468956,0.12870833333333334,0.4539180397987366,66,False,2,3.2308148148148153,0.9607483492296404,True,2,correct,1,THE BELL RANG TWICE THE BELL RANG TWICE
xtts2,sr_s1_k03,0,sentence_rep,s1,3,3,12,bell,12,5.984,3,0.11797241866588593,0.06281587481498718,0.14354166666666668,0.30908092856407166,128,False,3,5.1134814814814815,1.1702398887472476,True,3,correct,1,THE BELL RANG TWICE THE BELL RANG TWICE THE BELL RANG TWICE
xtts2,sr_s1_k03,1,sentence_rep,s1,3,3,12,bell,12,4.874666666666666,3,0.1256410777568817,0.056149862706661224,0.14995833333333333,0.3913479149341583,104,False,3,5.1134814814814815,0.953297021671109,True,3,correct,1,THE BELL RANG TWICE THE BELL RANG TWICE THE BELL RANG TWICE
xtts2,sr_s1_k03,2,sentence_rep,s1,3,3,12,bell,12,4.597333333333333,3,0.12312933802604675,0.06355470418930054,0.126625,0.5563222169876099,98,False,3,5.1134814814814815,0.8990613049020744,True,3,correct,1,THE BELL RANG TWICE THE BELL RANG TWICE THE BELL RANG TWICE
xtts2,sr_s1_k04,0,sentence_rep,s1,4,4,16,bell,16,6.176,4,0.13746300339698792,0.06907779723405838,0.1175,0.24330037832260132,132,False,4,6.996148148148147,0.882771472132814,True,4,correct,1,THE BELL RANG TWICE THE BELL RANG TWICE THE BELL RANG TWICE THE BELL RANG TWICE
xtts2,sr_s1_k04,1,sentence_rep,s1,4,4,16,bell,16,6.826666666666667,4,0.12717261910438538,0.05485895276069641,0.153625,0.4099283814430237,146,False,4,6.996148148148147,0.975775029645943,True,4,correct,1,THE BELL RANG TWICE THE BELL RANG TWICE THE BELL RANG TWICE THE BELL RANG TWICE
xtts2,sr_s1_k04,2,sentence_rep,s1,4,4,16,bell,16,6.026666666666666,4,0.14059260487556458,0.058824896812438965,0.086375,0.5552501678466797,129,False,3,6.996148148148147,0.8614263933593089,True,4,correct,1,THE BELL RANG TWICE THE BELL RANG TWICE THE BELL RANG TWICE THE BELL RANG TWICE
xtts2,sr_s1_k06,0,sentence_rep,s1,6,6,24,bell,24,10.912,6,0.1270107477903366,0.07337519526481628,0.12516666666666668,0.40796029567718506,234,False,6,10.761481481481479,1.0139867841409695,True,6,correct,1,THE BELL RANG TWICE THE BELL RANG TWICE THE BELL RANG TWICE THE BELL RANG TWICE THE BELL RANG TWICE THE BELL RANG TWICE
xtts2,sr_s1_k06,1,sentence_rep,s1,6,6,24,bell,24,9.045333333333334,6,0.12493845075368881,0.0733833909034729,0.093625,0.4960962235927582,194,False,5,10.761481481481479,0.8405286343612337,True,6,correct,1,THE BELL RANG TWICE THE BELL RANG TWICE THE BELL RANG TWICE THE BELL RANG TWICE THE BELL RANG TWICE THE BELL RANG TWICE
xtts2,sr_s1_k06,2,sentence_rep,s1,6,6,24,bell,24,11.562666666666667,6,0.12147534638643265,0.06099304184317589,0.13875,0.5522061586380005,248,False,6,10.761481481481479,1.0744493392070489,True,6,correct,1,THE BELL RANG TWICE THE BELL RANG TWICE THE BELL RANG TWICE THE BELL RANG TWICE THE BELL RANG TWICE THE BELL RANG TWICE
xtts2,sr_s1_k08,0,sentence_rep,s1,8,8,32,bell,32,17.088,8,0.10555794090032578,0.0696331188082695,0.16333333333333333,0.43581637740135193,367,False,9,14.52681481481481,1.1763074161703522,True,8,correct,1,THE BELL RANG TWICE THE BELL RANG TWICE THE BELL RANG TWICE THE BELL RANG TWICE THE BELL RANG TWICE THE BELL RANG TWICE THE BELL RANG TWICE THE BELL RANG TWICE
xtts2,sr_s1_k08,1,sentence_rep,s1,8,8,32,bell,32,13.930666666666667,8,0.10891837626695633,0.07600420713424683,0.146375,0.32822486758232117,299,False,8,14.52681481481481,0.9589622256669662,True,8,correct,1,THE BELL RANG TWICE THE BELL RANG TWICE THE BELL RANG TWICE THE BELL RANG TWICE THE BELL RANG TWICE THE BELL RANG TWICE THE BELL RANG TWICE THE BELL RANG TWICE
xtts2,sr_s1_k08,2,sentence_rep,s1,8,8,32,bell,32,15.509333333333334,8,0.11817935109138489,0.05908573046326637,0.140875,0.506966769695282,333,False,9,14.52681481481481,1.0676348209186592,True,8,correct,1,THE BELL RANG TWICE THE BELL RANG TWICE THE BELL RANG TWICE THE BELL RANG TWICE THE BELL RANG TWICE THE BELL RANG TWICE THE BELL RANG TWICE THE BELL RANG TWIE
xtts2,sr_s1_k12,0,sentence_rep,s1,12,12,48,bell,48,22.56,12,0.09722495079040527,0.07254496216773987,0.14779166666666665,0.3402072489261627,485,False,12,22.057481481481474,1.0227822255655261,True,12,correct,1,THE BELL RANG TWICE THE BELL RANG TWICE THE BELL RANG TWICE THE BELL RANG TWICE THE BELL RANG TWICE THE BELL RANG TWICE THE BELL RANG TWICE THE BELL RANG TWICE THE BELL RANG TWICE THE BELL RANG TWICE THE BELL RANG TWICE THE BELL RANG TWICE
xtts2,sr_s1_k12,1,sentence_rep,s1,12,12,48,bell,44,18.890666666666668,11,0.10560336709022522,0.06936316937208176,0.08141666666666666,0.47429725527763367,406,False,10,22.057481481481474,0.8564289936059323,True,11,undercount,0,THE BELL RANG TWICE THE BELL RANG TWICE THE BELL RANG TWICE THE BELL RANG TWICE THE BELL RANG TWICE THE BELL RANG TWICE THE BELL RANG TWICE THE BELL RANG TWICE THE BELL RANG TWICE THE BELL RANG TWICE THE BELL RANG TWICE
xtts2,sr_s1_k12,2,sentence_rep,s1,12,12,48,bell,44,24.053333333333335,11,0.10994485020637512,0.05807322636246681,0.1115,0.326955109834671,517,False,13,22.057481481481474,1.0904841222932677,False,13,undercount,0,THE BELL RANG TWICE THE BELL RANG TWICE THE BELL RANG TWICE THE BELL RANG TWICE THE BELL RANG TWICE THE BELL RANG TWICE THE BELL RANG TWICE THE BELL RANG TWICE THE BELL RANG TWICE THE BELL RANG TWICE THE BELL RANG TWICE
xtts2,sr_s1_k16,0,sentence_rep,s1,16,16,64,bell,56,26.794666666666668,14,0.09386758506298065,0.07711399346590042,0.150375,0.31065356731414795,576,False,15,29.588148148148136,0.9055878229521334,True,14,undercount,0,THE BELL RANG TWICE THE BELL RANG TWICE THE BELL RANG TWICE THE BELL RANG TWICE THE BELL RANG TWICE THE BELL RANG TWICE THE BELL RANG TWICE THE BELL RANG TWICE THE BELL RANG TWICE THE BELL RANG TWICE THE BELL RANG TWICE THE BELL RANG TWICE THE BELL RANG TWICE THE BELL RANG TWICE
xtts2,sr_s1_k16,1,sentence_rep,s1,16,16,64,bell,48,14.528,12,0.11275936663150787,0.08089418709278107,0.1185,0.22855709493160248,312,False,8,29.588148148148136,0.49100741037452456,False,12,truncation,0,THE BELL RANG TWICE THE BELL RANG TWICE THE BELL RANG TWICE THE BELL RNG TWICE THE BELL RANG TWICE THE BELL RANG TWICE THE BELL RANG TWICE THE BELL RNG TWICE THE BELL RANG TWICE THE BELL RANG TWICE THE BELL RANG TWICE THE BELL RANG TWICE
xtts2,sr_s1_k16,2,sentence_rep,s1,16,16,64,bell,60,23.957333333333334,15,0.09678760915994644,0.0759568139910698,0.11341666666666667,0.3848645091056824,515,False,13,29.588148148148136,0.8096935709993995,True,15,undercount,0,THE BELL RANG TWICE THE BELL RNG TWICE THE BELL RANG TWICE THE BELL RANG TWICE THE BELL RANG TWICE THE BELL RANG TWICE THE BELL RANG TWICE THE BELL RANG TWICE THE BELL RANG TWICE THE BELL RANG TWICE THE BELL RANG TWICE THE BELL RANG TWICE THE BELL RANG TWICE THE BELL RANG TWICE THE BELL RANG TWICE
xtts2,sr_s2_k01,0,sentence_rep,s2,1,1,4,stones,4,1.248,1,0.1260596662759781,0.05419407784938812,0.11841666666666667,0.2127036601305008,26,False,1,1.3718518518518519,0.909719222462203,True,1,correct,1,HE COUNTED THE STONES
xtts2,sr_s2_k01,1,sentence_rep,s2,1,1,4,stones,4,1.3866666666666667,1,0.12689973413944244,0.06193465739488602,0.11370833333333333,0.35588502883911133,29,False,1,1.3718518518518519,1.0107991360691144,True,1,correct,1,HE COUNTED THE STONES
xtts2,sr_s2_k01,2,sentence_rep,s2,1,1,4,stones,4,1.3866666666666667,1,0.12046785652637482,0.05498364567756653,0.13495833333333335,0.23997443914413452,29,False,1,1.3718518518518519,1.0107991360691144,True,1,correct,1,HE COUNTED THE STONES
xtts2,sr_s2_k02,0,sentence_rep,s2,2,2,8,stones,8,2.784,2,0.13286985456943512,0.0654681846499443,0.11241666666666666,0.3492242693901062,59,False,2,2.966518518518518,0.9384738314023173,True,2,correct,1,HE COUNTED THE STONES HE COUNTED THE STONES
xtts2,sr_s2_k02,1,sentence_rep,s2,2,2,8,stones,8,3.2426666666666666,2,0.13032211363315582,0.06572092324495316,0.14645833333333333,0.3885493278503418,69,False,2,2.966518518518518,1.0930882940471436,True,2,correct,1,HE COUNTED THE STONES HE COUNTED THE STONES
xtts2,sr_s2_k02,2,sentence_rep,s2,2,2,8,stones,8,3.0613333333333332,2,0.12529733777046204,0.06686142832040787,0.1585,0.44758209586143494,65,False,2,2.966518518518518,1.0319616460247705,True,2,correct,1,HE COUNTED THE STONES HE COUNTED THE STONES
xtts2,sr_s2_k03,0,sentence_rep,s2,3,3,12,stones,12,4.362666666666667,3,0.1322803646326065,0.0679510161280632,0.11641666666666667,0.5005959868431091,93,False,3,4.561185185185184,0.9564765493049243,True,3,correct,1,HE COUNTED THE STONES HE COUNTED THE STONES HE COUNTED THE STONES
xtts2,sr_s2_k03,1,sentence_rep,s2,3,3,12,stones,12,4.778666666666667,3,0.13361741602420807,0.06599507480859756,0.13645833333333332,0.415009081363678,102,False,3,4.561185185185184,1.0476809146420687,True,3,correct,1,HE COUNTED THE STONES HE COUNTED THE STONES HE COUNTED THE STONES
xtts2,sr_s2_k03,2,sentence_rep,s2,3,3,12,stones,12,4.448,3,0.12368005514144897,0.05938372015953064,0.14033333333333334,0.3954833745956421,95,False,3,4.561185185185184,0.9751851370663899,True,3,correct,1,HE COUNTED THE STONES HE COUNTED THE STONES HE COUNTED THE STONES
xtts2,sr_s2_k04,0,sentence_rep,s2,4,4,16,stones,16,5.802666666666667,4,0.1388207972049713,0.07406812161207199,0.1275,0.44363901019096375,124,False,4,6.15585185185185,0.9426261070465927,True,4,correct,1,HE COUNTED THE STONES HE COUNTED THE STONES HE COUNTED THE STONES HE COUNTED THE STONES
xtts2,sr_s2_k04,1,sentence_rep,s2,4,4,16,stones,16,6.357333333333333,4,0.13336092233657837,0.06970962136983871,0.12991666666666668,0.49052777886390686,136,False,4,6.15585185185185,1.0327300731613402,True,4,correct,1,HE COUNTED THE STONES HE COUNTED THE STONES HE COUNTED THE STONES HE COUNTED THE STONES
xtts2,sr_s2_k04,2,sentence_rep,s2,4,4,16,stones,16,5.610666666666667,4,0.12388928234577179,0.0697336196899414,0.1325,0.37952324748039246,120,False,4,6.15585185185185,0.9114362726222568,True,4,correct,1,HE COUNTED THE STONES HE COUNTED THE STONES HE COUNTED THE STONES HE COUNTED THE STONES
xtts2,sr_s2_k06,0,sentence_rep,s2,6,6,24,stones,24,9.888,5,0.11867740005254745,0.06843910366296768,0.13470833333333335,0.3789288103580475,212,False,6,9.345185185185182,1.058084971464807,True,5,undercount,0,HE COUNTED THE STONES HE COUNTED THE STONES HE COUNTED THE STONES HE COUNTED THE STONES HE COUNTED THE STONES HE COUNTED THE STONE
xtts2,sr_s2_k06,1,sentence_rep,s2,6,6,24,stones,24,9.696,6,0.12896610796451569,0.06818767637014389,0.134125,0.4986664652824402,208,False,6,9.345185185185182,1.0375396322130632,True,6,correct,1,HE COUNTED THE STONES HE COUNTED THE STONES HE COUNTED THE STONES HE COUNTED THE STONES HE COUNTED THE STONES HE COUNTED THE STONES
xtts2,sr_s2_k06,2,sentence_rep,s2,6,6,24,stones,24,8.352,6,0.13278178870677948,0.07189378887414932,0.12441666666666666,0.40592554211616516,179,False,5,9.345185185185182,0.8937222574508564,True,6,correct,1,HE COUNTED THE STONES HE COUNTED THE STONES HE COUNTED THE STONES HE COUNTED THE STONES HE COUNTED THE STONES HE COUNTED THE STONES
xtts2,sr_s2_k08,0,sentence_rep,s2,8,8,32,stones,32,13.696,7,0.11701636016368866,0.07825884968042374,0.122625,0.24722757935523987,294,False,9,12.534518518518514,1.0926626323751896,False,9,undercount,0,HE COUNTED THE STONES HE COUNTED THE STONES HE COUNTED THE STONES HE COUNTED THE STONES HE COUNTED THE STONES HE COUNTED THE STONES HE COUNTED THE STONES HE COUNTED THE STONE
xtts2,sr_s2_k08,1,sentence_rep,s2,8,8,32,stones,32,13.877333333333333,8,0.11666800081729889,0.07525139302015305,0.14804166666666665,0.4709416329860687,298,False,9,12.534518518518514,1.1071293494704997,True,8,correct,1,HE COUNTED THE STONES HE COUNTED THE STONES HE COUNTED THE STONES HE COUNTED THE STONES HE COUNTED THE STONES HE COUNTED THE STONES HE COUNTED THE STONES HE COUNTED THE STONES
xtts2,sr_s2_k08,2,sentence_rep,s2,8,8,32,stones,36,12.352,9,0.1257515847682953,0.06682239472866058,0.11241666666666666,0.4940584897994995,265,False,8,12.534518518518514,0.985438729198185,True,9,overcount,0,HE COUNTED THE STONES HE COUNTED THE STONES HE COUNTED THE STONES HE COUNTED THE STONES HE COUNTED THE STONES HE COUNTED THE STONES HE COUNTED THE STONES HE COUNTED THE STONES HE COUNTED THE STONES
xtts2,sr_s2_k12,0,sentence_rep,s2,12,12,48,stones,48,18.570666666666668,12,0.10986435413360596,0.07999236136674881,0.13770833333333332,0.5529771447181702,399,False,12,18.913185185185178,0.981889961148014,True,12,correct,1,HE COUNTED THE STONES HE COUNTED THE STONES HE COUNTED THE STONES HE COUNTED THE STONES HE COUNTED THE STONES HE COUNTED THE STONES HE COUNTED THE STONES HE COUNTED THE STONES HE COUNTED THE STONES HE COUNTED THE STONES HE COUNTED THE STONES HE COUNTED THE STONES
xtts2,sr_s2_k12,1,sentence_rep,s2,12,12,48,stones,44,19.594666666666665,10,0.10946743190288544,0.08093572407960892,0.135,0.32437124848365784,421,False,12,18.913185185185178,1.0360320842210806,False,12,undercount,0,HE COUNTED THE STONES HE COUNTED THE STONES HE COUNTED THE STONES HE COUNTED THE STONES HE COUNTED THE STONES HE COUNTED THE STONES HE COUNTED THE STONES HE COUNTED THE STONES HE COUNTED THE STONES HE COUNTED THE STONES HE COUNTED THE STONE
xtts2,sr_s2_k12,2,sentence_rep,s2,12,12,48,stones,52,18.474666666666668,13,0.11568372696638107,0.0747319757938385,4.1666666666666665e-05,0.583342969417572,397,False,12,18.913185185185178,0.9768141371099139,True,13,overcount,0,HE COUNTED THE STONES HE COUNTED THE STONES HE COUNTED THE STONES HE COUNTED THE STONES HE COUNTED THE STONES HE COUNTED THE STONES HE COUNTED THE STONES HE COUNTED THE STONES HE COUNTED THE STONES HE COUNTED THE STONES HE COUNTED THE STONES HE COUNTED THE STONES HE COUNTED THE STONES
xtts2,sr_s2_k16,0,sentence_rep,s2,16,16,64,stones,60,21.685333333333332,14,0.11992862820625305,0.07847113907337189,0.15070833333333333,0.4717351794242859,466,False,14,25.291851851851842,0.857403936269916,True,14,undercount,0,HE COUNTED THE STONES HE COUNTED THE STONES HE COUNTED THE STONES HE COUNTED THE STONES HE COUNTED THE STONES HE COUNTED THE STONES HE COUNTED THE STONES HE COUNTED THE STONES HE COUNTED THE STONES HE COUNED THE STONES HE COUNTED TH STONES HE COUNTED THE STONES HE COUNTED THE STONES HE COUNTED THE STONES HE COUNTED THE STONE
xtts2,sr_s2_k16,1,sentence_rep,s2,16,16,64,stones,61,25.952,15,0.10864072293043137,0.08240564912557602,0.11179166666666666,0.37970423698425293,558,False,16,25.291851851851842,1.0261012183692602,True,15,undercount,0,HE COUNTED THE STONES HE COUNTED THE STONES HE COUNTED THE STONES HE COUNTED THE STONES HE COUNTED THE STONES HE COUNTED THE STONES HE COUNTED THE STONES HE COUNTED THE STONES HE COUNTED THE STONES HE COUNTED THE STONES HE COUNTED THE STONES HE COUNTED THE STONES HE COUNTED THE STONES HE COUNTED THE STONES HE COUNTED UNTED THE STONES
xtts2,sr_s2_k16,2,sentence_rep,s2,16,16,64,stones,60,23.30666666666667,14,0.1106908842921257,0.07629428803920746,0.151,0.43508031964302063,501,False,15,25.291851851851842,0.9215089034676668,True,14,undercount,0,HE COUNTED THE STONES HE COUNTED THE STONES HE COUNTED THE STONES HE COUNTED THE STONES HE COUNTED THE STONES HE COUNTED THE STONES HE COUNTED THE STONES HE COUNTED THE STONES HE COUNTED THE STONES HE COUNTED THE STONES HE COUNTED THE STONES HE COUNTED THE STONES HE COUNTED THE STONES HE COUNTED THE STONES HE COUNTED THE STONE
xtts2,sr_s3_k01,0,sentence_rep,s3,1,1,5,rain,5,1.2053333333333334,1,0.13959234952926636,0.07731893658638,0.145,0.21107834577560425,25,False,1,1.4068148148148152,0.8567818028643638,True,1,correct,1,RAIN FELL ON THE ROOF
xtts2,sr_s3_k01,1,sentence_rep,s3,1,1,5,rain,5,1.2906666666666666,1,0.1315087229013443,0.05605852231383324,0.15345833333333334,0.2902123034000397,27,False,1,1.4068148148148152,0.9174389216512213,True,1,correct,1,RAIN FELL ON THE ROOF
xtts2,sr_s3_k01,2,sentence_rep,s3,1,1,5,rain,5,1.4826666666666666,1,0.1387745440006256,0.03084431029856205,0.16841666666666666,0.24266228079795837,31,False,1,1.4068148148148152,1.0539174389216508,True,1,correct,1,RAIN FELL ON THE ROOF
xtts2,sr_s3_k02,0,sentence_rep,s3,2,2,10,rain,10,2.7306666666666666,2,0.14730863273143768,0.08215022087097168,0.15358333333333332,0.36700639128685,58,False,2,3.0388148148148146,0.8985959438377535,True,2,correct,1,RAIN FELL ON THE ROOF RAIN FELL ON THE ROOF
xtts2,sr_s3_k02,1,sentence_rep,s3,2,2,10,rain,10,3.0613333333333332,2,0.14926756918430328,0.0771951898932457,0.137625,0.4204961657524109,65,False,2,3.0388148148148146,1.0074102964118565,True,2,correct,1,RAIN FELL ON THE ROOF RAIN FELL ON THE ROOF
xtts2,sr_s3_k02,2,sentence_rep,s3,2,2,10,rain,10,3.808,2,0.14008866250514984,0.07313977926969528,0.13845833333333332,0.3428093492984772,81,False,2,3.0388148148148146,1.2531201248049921,True,2,correct,1,RAIN FELL ON THE ROOF RAIN FELL ON THE ROOF
xtts2,sr_s3_k03,0,sentence_rep,s3,3,3,15,rain,15,4.1706666666666665,3,0.15371482074260712,0.07578310370445251,0.11308333333333333,0.5063753724098206,89,False,3,4.670814814814814,0.8929205785333674,True,3,correct,1,RAIN FELL ON THE ROOF RAIN FELL ON THE ROOF RAIN FELL ON THE ROOF
xtts2,sr_s3_k03,1,sentence_rep,s3,3,3,15,rain,15,4.917333333333334,3,0.14232943952083588,0.07251831889152527,0.12333333333333334,0.41812968254089355,105,False,3,4.670814814814814,1.052778482618625,True,3,correct,1,RAIN FELL ON THE ROOF RAIN FELL ON THE ROOF RAIN FELL ON THE ROOF
xtts2,sr_s3_k03,2,sentence_rep,s3,3,3,15,rain,15,4.682666666666667,3,0.14985765516757965,0.05760206654667854,0.16754166666666667,0.39105406403541565,100,False,3,4.670814814814814,1.0025374270489726,True,3,correct,1,RAIN FELL ON THE ROOF RAIN FELL ON THE ROOF RAIN FELL ON THE ROOF
xtts2,sr_s3_k04,0,sentence_rep,s3,4,4,20,rain,20,5.802666666666667,4,0.15342548489570618,0.08819505572319031,0.15841666666666668,0.5067933797836304,124,False,4,6.3028148148148135,0.9206468597217001,True,4,correct,1,RAIN FELL ON THE ROOF RAIN FELL ON THE ROOF RAIN FELL ON THE ROOF RAIN FELL ON THE ROOF
xtts2,sr_s3_k04,1,sentence_rep,s3,4,4,20,rain,20,7.285333333333333,4,0.1328982561826706,0.07867845147848129,0.10508333333333333,0.4104161262512207,156,False,5,6.3028148148148135,1.155885671305002,True,4,correct,1,RAIN FELL ON THE ROOF RAIN FELL ON THE ROOF RAIN FELL ON THE ROOF RAIN FELL ON THE ROOF
xtts2,sr_s3_k04,2,sentence_rep,s3,4,4,20,rain,20,7.381333333333333,4,0.14675511419773102,0.06638777256011963,0.15983333333333333,0.21860955655574799,158,False,5,6.3028148148148135,1.1711169612636332,True,4,correct,1,RAIN FELL ON THE ROOF RAIN FELL ON THE ROOF RAIN FELL ON THE ROOF RAIN FELL ON THE ROOF
xtts2,sr_s3_k06,0,sentence_rep,s3,6,6,30,rain,30,8.352,6,0.14828811585903168,0.07840093225240707,0.132375,0.3928023874759674,179,False,5,9.566814814814812,0.8730178394449953,True,6,correct,1,RAIN FELL ON THE ROOF RAIN FELL ON THE ROOF RAIN FELL ON THE ROOF RAIN FELL ON THE ROOF RAIN ELL ON THE ROOF RAIN FELL ON THE ROOF
xtts2,sr_s3_k06,1,sentence_rep,s3,6,6,30,rain,30,10.442666666666666,6,0.14287327229976654,0.08993401378393173,0.14141666666666666,0.48556846380233765,224,False,7,9.566814814814812,1.0915510406342916,True,6,correct,1,RAIN FELL ON THE ROOF RAIN FELL ON THE ROOF RAIN FELL ON THE ROOF RAIN FELL ON THE ROOF RAIN FELL ON THE ROOF RAIN FELL ON THE ROOF
xtts2,sr_s3_k06,2,sentence_rep,s3,6,6,30,rain,30,10.261333333333333,6,0.1393425464630127,0.07614493370056152,0.16208333333333333,0.34167346358299255,220,False,6,9.566814814814812,1.0725966303270569,True,6,correct,1,RAIN FELL ON THE ROOF RAIN FELL ON THE ROOF RAIN FELL ON THE ROOF RAIN FELL ON THE ROOF RAIN FELL ON THE ROOF RAIN FELL ON THE ROOF
xtts2,sr_s3_k08,0,sentence_rep,s3,8,8,40,rain,40,11.925333333333333,8,0.14154677093029022,0.081074059009552,0.14491666666666667,0.4681060314178467,256,False,7,12.830814814814811,0.9294291520413821,True,8,correct,1,RAIN FELL ON THE ROOF RAIN FELL ON THE ROOF RAIN FELL ON THE ROOF RAIN FELL ON THE ROOF RAIN FELL ON THE ROOF RAIN FELL ON THE ROOF RAIN FELL ON THE ROOF RAIN FELL ON THE ROOF
xtts2,sr_s3_k08,1,sentence_rep,s3,8,8,40,rain,40,13.184,8,0.14165771007537842,0.09130293875932693,0.13554166666666667,0.39707449078559875,283,False,8,12.830814814814811,1.027526325512655,True,8,correct,1,RAIN FELL ON THE ROOF RAIN FELL ON THE ROOF RAIN FELL ON THE ROOF RAIN FELL ON THE ROOF RAIN FELL ON THE ROOF RAIN FELL ON THE ROOF RAIN FELL ON THE ROOF RAIN FELL ON THE ROOF
xtts2,sr_s3_k08,2,sentence_rep,s3,8,8,40,rain,40,12.021333333333333,8,0.1403520107269287,0.08074910938739777,0.11654166666666667,0.20154322683811188,258,False,8,12.830814814814811,0.936911139848513,True,8,correct,1,RAIN FELL ON THE ROOF RAIN FELL ON THE ROOF RAIN FELL ON THE ROOF RAIN FELL ON THE ROOF RAIN FELL ON THE ROOF RAIN FELL ON THE ROOF RAIN FELL ON THE ROOF RAIN FELL ON THE ROOF
xtts2,sr_s3_k12,0,sentence_rep,s3,12,12,60,rain,60,19.04,12,0.13494141399860382,0.08953768759965897,0.11408333333333333,0.3559732139110565,409,False,12,19.358814814814806,0.9835312844373703,True,12,correct,1,RAIN FELL ON THE ROOF RAIN FELL ON THE ROOF RAIN FELL ON THE ROOF RAIN FELL ON THE ROOF RAIN FELL ON THE ROOF RAIN FELL ON THE ROOF RAIN FELL ON THE ROOF RAIN FELL ON THE ROOF RAIN FELL ON THE ROOF RAIN FELL ON THE ROOF RAIN FELL ON THE ROOF RAIN FELL ON THE ROOF
xtts2,sr_s3_k12,1,sentence_rep,s3,12,12,60,rain,55,25.077333333333332,11,0.11100868135690689,0.06625542789697647,0.893625,0.45845815539360046,539,False,16,19.358814814814806,1.2953961062813768,False,16,undercount,0,RAIN FELL ON THE ROOF RAIN FELL ON THE ROOF RAIN FELL ON THE ROOF RAIN FELL ON THE ROOF RAIN FELL ON THE ROOF RAIN FELL ON THE ROOF RAIN FELL ON THE ROOF RAIN FELL ON THE ROOF RAIN FLL ON THE ROOF RAIN FLL ON THE ROOF RAIN FELL ON THE ROOF
xtts2,sr_s3_k12,2,sentence_rep,s3,12,12,60,rain,60,21.909333333333333,12,0.1217646598815918,0.0674370527267456,0.15025,0.23549824953079224,471,False,14,19.358814814814806,1.1317497245010413,False,14,correct,1,RAIN FELL ON THE ROOF RAIN FELL ON THE ROOF RAIN FELL ON THE ROOF RAIN FELL ON THE ROOF RAIN FELL ON THE ROOF RAIN FELL ON THE ROOF RAIN FELL ON THE ROOF RAIN FELL ON THE ROOF RAIN FELL ON THE ROOF RAIN FELL ON THE ROOF RAIN FELL ON THE ROOF RAIN FELL ON THE ROOF
xtts2,sr_s3_k16,0,sentence_rep,s3,16,16,80,rain,79,27.018666666666668,15,0.11792092770338058,0.05854342132806778,4.1666666666666665e-05,0.35931238532066345,581,False,17,25.886814814814805,1.0437231022800115,True,15,undercount,0,RAIN FELL ON THE ROOF RAIN FELL ON THE ROOF RAIN FELL ON THE ROOF RAIN FELL ON THE ROOF RAIN FLL ON THE ROOF RAIN FELL ON THE ROOF RAIN FELL ON THE ROOF RAIN FELL ON THE ROOF RAIN FELL ON THE ROOF RAIN FELL ON THE ROOF RAIN FELL ON THE ROOF RAIN FELL ON THE ROOF RAIN FELL ON THE ROOF RAIN FELL ON THE ROOF RAIN FELL ON THE ROO THE ROOF AD YE
xtts2,sr_s3_k16,1,sentence_rep,s3,16,16,80,rain,75,26.144,15,0.11863844841718674,0.07264845073223114,0.11733333333333333,0.4013446271419525,562,False,16,25.886814814814805,1.0099349876384949,True,15,undercount,0,RAIN FELL ON THE ROOF RAIN FELL ON THE ROOF RAIN FELL ON THE ROOF RAIN FELL ON THE ROOF RAIN FELL ON THE ROOF RAIN FELL N THE ROOF RAIN FELL ON THE ROOF RAIN FELL ON THE ROOF RAIN FELL ON THE ROOF RAIN FELL ON THE ROOF RAIN FELL ON THE ROOF RAIN FELL ON THE ROOF RAIN FELL ON THE ROOF RAIN FELL ON THE ROOF RAIN FELL ON THE ROOF
xtts2,sr_s3_k16,2,sentence_rep,s3,16,16,80,rain,71,27.072,14,0.11695341765880585,0.0700652077794075,0.143875,0.35152697563171387,582,False,17,25.886814814814805,1.0457833531727867,False,17,undercount,0,RAIN FELL ON THE ROOF RAIN FELL ON THE ROOF RAIN FELL ON THE ROOF RAIN FELL ON THE ROOF RAIN FELL ON THE ROOF RAIN FLL ON THE ROOF RAIN FELL ON THE ROOF RAIN FELL ON THE ROOF RAIN FELL ON THE ROOF RAIN FELL ON THE ROOF RAIN FELL ON THE ROOF RAIN FELL ON THE ROOF RAIN FELL ON ELL ON THE ROOF RAIN FELL ON THE
xtts2,sr_s4_k01,0,sentence_rep,s4,1,1,4,door,4,1.2053333333333334,1,0.12256475538015366,0.02800227329134941,0.14445833333333333,0.10572269558906555,25,False,1,1.241982905982906,0.9704910812596345,True,1,correct,1,THE DOOR STAYED OPEN
xtts2,sr_s4_k01,1,sentence_rep,s4,1,1,4,door,4,1.152,1,0.1268911510705948,0.02958972379565239,0.16241666666666665,0.17828507721424103,24,False,1,1.241982905982906,0.9275489980180577,True,1,correct,1,THE DOOR STAYED OPEN
xtts2,sr_s4_k01,2,sentence_rep,s4,1,1,4,door,4,1.3866666666666667,1,0.1372000128030777,0.026215309277176857,0.14758333333333334,0.19594378769397736,29,False,1,1.241982905982906,1.1164941642809953,True,1,correct,1,THE DOOR STAYED OPEN
xtts2,sr_s4_k02,0,sentence_rep,s4,2,2,8,door,8,2.784,2,0.12736237049102783,0.03576439619064331,0.15316666666666667,0.40804871916770935,59,False,2,2.7498119658119657,1.0124328625422716,True,2,correct,1,THE DOOR STAYED OPEN THE DOOR STAYED OPEN
xtts2,sr_s4_k02,1,sentence_rep,s4,2,2,8,door,8,2.506666666666667,2,0.1204335018992424,0.05312000960111618,0.15516666666666667,0.3931434750556946,53,False,2,2.7498119658119657,0.9115774815993635,True,2,correct,1,THE DOOR STAYED OPEN THE DOOR STAYED OPEN
xtts2,sr_s4_k02,2,sentence_rep,s4,2,2,8,door,8,2.9226666666666667,2,0.1306103616952896,0.031006788834929466,0.15241666666666667,0.3606624901294708,62,False,2,2.7498119658119657,1.0628605530137258,True,2,correct,1,THE DOOR STAYED OPEN THE DOOR STAYED OPEN
xtts2,sr_s4_k03,0,sentence_rep,s4,3,3,12,door,12,4.128,3,0.1256130039691925,0.03975944593548775,0.15204166666666666,0.29092395305633545,88,False,3,4.257641025641025,0.9695509732125652,True,3,correct,1,THE DOOR STAYED OPEN THE DOOR STAYED OPEN THE DOOR STAYED OPEN
xtts2,sr_s4_k03,1,sentence_rep,s4,3,3,12,door,12,4.128,2,0.12377428263425827,0.053333479911088943,0.13320833333333335,0.5566452741622925,88,False,3,4.257641025641025,0.9695509732125652,True,2,undercount,0,THE DOORS STAYED OPEN THE DOOR STAYED OPEN THE DOOR STAYED OPEN
xtts2,sr_s4_k03,2,sentence_rep,s4,3,3,12,door,12,4.405333333333333,3,0.13619071245193481,0.03177841380238533,0.16420833333333335,0.5001741051673889,94,False,3,4.257641025641025,1.0346887646945462,True,3,correct,1,THE DOOR STAYED OPEN THE DOOR STAYED OPEN THE DOOR STAYED OPEN
xtts2,sr_s4_k04,0,sentence_rep,s4,4,4,16,door,16,5.386666666666667,4,0.1263832002878189,0.039505328983068466,0.15441666666666667,0.3950534164905548,115,False,4,5.765470085470085,0.9342979127134726,True,4,correct,1,THE DOOR STAYED OPEN THE DOOR STAYED OPEN THE DOOR STAYED OPEN THE DOOR STAYED OPEN
xtts2,sr_s4_k04,1,sentence_rep,s4,4,4,16,door,16,5.0986666666666665,4,0.12918110191822052,0.04687454178929329,0.17029166666666667,0.4234788119792938,109,False,4,5.765470085470085,0.8843453510436433,True,4,correct,1,THE DOOR STAYED OPEN THE DOOR STAYED OPEN THE DOOR STAYED OPEN THE DOOR STAYED OPEN
xtts2,sr_s4_k04,2,sentence_rep,s4,4,4,16,door,16,5.941333333333334,4,0.13728445768356323,0.03173746541142464,0.15395833333333334,0.5895584225654602,127,False,4,5.765470085470085,1.0305028462998105,True,4,correct,1,THE DOOR STAYED OPEN THE DOOR STAYED OPEN THE DOOR STAYED OPEN THE DOOR STAYED OPEN
xtts2,sr_s4_k06,0,sentence_rep,s4,6,6,24,door,24,8.864,6,0.11936594545841217,0.05080316960811615,0.1535,0.5904907584190369,190,False,6,8.781128205128203,1.0094374883199406,True,6,correct,1,THE DOOR STAYED OPEN THE DOOR STAYED OPEN THE DOOR STAYED OPEN THE DOOR STAYED OPEN THE DOOR STAYED OPEN THE DOOR STAYED OPEN
xtts2,sr_s4_k06,1,sentence_rep,s4,6,6,24,door,24,8.032,6,0.12452713400125504,0.04822644591331482,0.145875,0.326020747423172,172,False,6,8.781128205128203,0.9146888432068774,True,6,correct,1,THE DOOR STAYED OPEN THE DOOR STAYED OPEN THE DOOR STAYED OPEN THE DOOR STAYED OPEN THE DOOR STAYED OPEN THE DOOR STAYED OPEN
xtts2,sr_s4_k06,2,sentence_rep,s4,6,6,24,door,24,8.586666666666666,6,0.13643904030323029,0.03301294893026352,0.14858333333333335,0.5450212955474854,184,False,6,8.781128205128203,0.977854606615586,True,6,correct,1,THE DOOR STAYED OPEN THE DOOR STAYED OPEN THE DOOR STAYED OPEN THE DOOR STAYED OPEN THE DOOR STAYED OPEN THE DOOR STAYED OPEN
xtts2,sr_s4_k08,0,sentence_rep,s4,8,8,32,door,32,13.28,8,0.11656804382801056,0.04566482827067375,0.14554166666666668,0.44461897015571594,285,False,9,11.796786324786323,1.1257303162385237,True,8,correct,1,THE DOOR STAYED OPEN THE DOOR STAYED OPEN THE DOOR STAYED OPEN THE DOOR STAYED OPEN THE DOOR STAYED OPEN THE DOOR STAYED OPEN THE DOOR STAYED OPEN THE DOOR STAYED OPEN
xtts2,sr_s4_k08,1,sentence_rep,s4,8,8,32,door,24,7.8933333333333335,6,0.13383232057094574,0.048731133341789246,0.18079166666666666,0.700502336025238,169,False,5,11.796786324786323,0.6691087823425764,True,6,truncation,0,THE DOOR STAYED OPEN THE DOOR STAYED OPEN THE DOOR STAYED OPEN THE DOOR STAYED OPEN THE DOOR STAYED OPEN THE DOOR STAYED OPEN
xtts2,sr_s4_k08,2,sentence_rep,s4,8,8,32,door,32,12.672,8,0.12671470642089844,0.04375099018216133,0.15941666666666668,0.36707186698913574,272,False,9,11.796786324786323,1.074190855977001,True,8,correct,1,THE DOOR STAYED OPEN THE DOOR STAYED OPEN THE DOOR STAYED OPEN THE DOOR STAYED OPEN THE DOOR STAYED OPEN THE DOOR STAYED OPEN THE DOOR STAED OPEN THE DOOR STAYED OPEN
xtts2,sr_s4_k12,0,sentence_rep,s4,12,12,48,door,44,15.552,11,0.12272734194993973,0.045247744768857956,0.14566666666666667,0.35317981243133545,334,False,10,17.828102564102558,0.8723306332842418,True,11,undercount,0,THE DOOR STAYED OPEN THE DOOR STAYED OPEN THE DOOR STAYED OPEN THE DOOR STAYED OPEN THE DOOR STAYED OPEN THE DOOR STAYED OPEN THE DOOR STAYED OPEN THE DOOR STAYED OPEN THE DOOR STAYED OPEN THE DOOR STAYED OPEN THE DOOR STAYED OPEN
xtts2,sr_s4_k12,1,sentence_rep,s4,12,12,48,door,48,15.456,12,0.11596135795116425,0.04946654662489891,0.13720833333333332,0.4519653618335724,332,False,10,17.828102564102558,0.86694587628866,False,12,correct,1,THE DOOR STAYED OPEN THE DOOR STAYED OPEN THE DOOR STAYED OPEN THE DOOR STAYED OPEN THE DOOR STAED OPEN THE DOOR STAYED OPEN THE DOOR STAYED OPEN THE DOOR STAYED OPEN THE DOOR STAYED OPEN THE DOOR STAYED OPEN THE DOOR STAYED OPEN THE DOOR STAYED OPEN
xtts2,sr_s4_k12,2,sentence_rep,s4,12,12,48,door,44,16.810666666666666,11,0.12355835735797882,0.03458558768033981,0.15120833333333333,0.41568103432655334,361,False,11,17.828102564102558,0.9429307805596469,True,11,undercount,0,THE DOOR STAYED OPEN THE DOOR STAYED OPEN THE DOOR STAYED OPEN THE DOOR STAYED OPEN THE DOOR STAYED OPEN THE DOOR STAYED OPEN THE DOOR STAYED OPEN THE DOOR STAYED OPEN THE DOOR STAYED OPEN THE DOOR STAYED OPEN THE DOOR STAYED OPEN
xtts2,sr_s4_k16,0,sentence_rep,s4,16,16,64,door,56,24.469333333333335,14,0.10795758664608002,0.04701712727546692,0.12020833333333333,0.37738779187202454,526,False,16,23.859418803418798,1.0255628410289332,True,14,undercount,0,THE DOOR STAYED OPEN THE DOOR STAYED OPEN THE DOOR STAYED OPEN THE DOOR STAYED OPEN THE DOOR STAYED OPEN THE DOOR STAYED OPEN THE DOOR STAYED OPEN THE DOOR STAYED OPEN THE DOOR STAYED OPEN THE DOOR STAYED OPEN THE DOOR STAYED OPEN THE DOOR STAYED OPEN THE DOOR STAYED OPEN THE DOOR STAYED OPEN
xtts2,sr_s4_k16,1,sentence_rep,s4,16,16,64,door,52,18.293333333333333,13,0.11388815194368362,0.04276379570364952,0.147875,0.45576009154319763,393,False,12,23.859418803418798,0.7667132835068092,True,13,undercount,0,THE DOOR STAYED OPEN THE DOOR STAYED OPEN THE DOOR STAYED OPEN THE DOOR STAYED OPEN THE DOOR STAYED OPEN THE DOOR STAYED OPEN THE DOOR STAYED OPEN THE DOOR STAYED OPEN THE DOOR STAYED OPEN THE DOOR STAYED OPEN THE DOOR STAYED OPEN THE DOOR STAYED OPEN THE DOOR STAYED OPEN
xtts2,sr_s4_k16,2,sentence_rep,s4,16,16,64,door,60,18.154666666666667,15,0.12224161624908447,0.040952302515506744,0.1385,0.4443204998970032,390,False,12,23.859418803418798,0.760901462698886,False,15,undercount,0,HE DOOR STAYED OPEN THE DOOR STAYED OPEN THE DOOR STAED OPEN THE DOOR STAED OPEN THE DOOR STAYED OPEN THE DOOR STAYED OPEN THE DOOR STAYED OPEN THE DOOR STAYED OPEN THE DOOR STAYED OPEN THE DOOR STAYED OPEN THE DOOR STAYED OPEN THE DOOR STAYED OPEN THE DOOR STAYED OPEN THE DOOR STAYED OPEN THE DOOR STAYED OPEN
xtts2,tw_w1_k1,0,twisters,w1,1,2,8,sea,8,2.176,2,0.12749040126800537,0.06277540326118469,0.125375,0.32457053661346436,46,False,1,2.2720000000000007,0.9577464788732393,True,2,correct,1,SHE SELLS SEA SHELLS BY THE SEA SHORE
xtts2,tw_w1_k1,1,twisters,w1,1,2,8,sea,8,2.368,2,0.13467039167881012,0.06230655685067177,0.15704166666666666,0.3328464925289154,50,False,1,2.2720000000000007,1.0422535211267603,True,2,correct,1,SHE SELLS SEA SHELLS BY THE SEA SHORE
xtts2,tw_w1_k1,2,twisters,w1,1,2,8,sea,7,2.176,1,0.12431652843952179,0.06303580850362778,0.12333333333333334,0.2878471612930298,46,False,1,2.2720000000000007,0.9577464788732393,True,1,undercount,0,SHE SELLS SEA SHELLS BY THE SEASHORE
xtts2,tw_w1_k2,0,twisters,w1,2,4,16,sea,15,4.448,3,0.12315387278795242,0.06771811842918396,0.14483333333333334,0.42270442843437195,95,False,2,5.077333333333334,0.8760504201680672,True,3,undercount,0,SHE SELLS SEA SHELLS BY THE SEA SHORE SHE SELLS SEA SHELLS BY THE SEASHORE
xtts2,tw_w1_k2,1,twisters,w1,2,4,16,sea,16,5.237333333333333,4,0.12375329434871674,0.06420799344778061,0.16258333333333333,0.36423781514167786,112,False,2,5.077333333333334,1.0315126050420167,False,4,correct,1,SHE SELLS SEA SHELLS BY THE SEA SHORE SHE SELLS SEA SHELLS BY THE SEA SHORE
xtts2,tw_w1_k2,2,twisters,w1,2,4,16,sea,16,4.917333333333334,4,0.12538930773735046,0.0702235996723175,0.12625,0.369821697473526,105,False,2,5.077333333333334,0.9684873949579832,False,4,correct,1,SHE SELLS SEA SHELLS BY THE SEA SHORE SHE SELLS SEA SHELLS BY THE SEA SHORE
xtts2,tw_w1_k4,0,twisters,w1,4,8,32,sea,30,9.194666666666667,6,0.12415318936109543,0.07164192944765091,0.146375,0.34140893816947937,197,False,3,10.688,0.8602794411177644,False,6,undercount,0,SHE SELLS SEA SHELLS BY THE SEASHORE SHE SELLS SEA SHELLS BY THE SEA SHORE SHE SELLS SEA SHELLS BY THE SEASHORE SHE SELLS SEA SHELLS BY THE SEA SHORE
xtts2,tw_w1_k4,1,twisters,w1,4,8,32,sea,30,9.141333333333334,6,0.12945759296417236,0.0720779150724411,0.15579166666666666,0.3978475332260132,196,False,3,10.688,0.8552894211576846,False,6,undercount,0,SHE SELLS SEA SHELLS BY THE SEA SHORE SHE SELLS SEA SHELLS BY THE SEASHORE SHE SELLS SEA SHELLS BY THE SEASHORE SHE SELLS SEA SHELLS BY THE SEA SHORE
xtts2,tw_w1_k4,2,twisters,w1,4,8,32,sea,31,9.930666666666667,7,0.1230020672082901,0.06847316026687622,0.157125,0.24828507006168365,213,False,4,10.688,0.9291417165668663,False,7,undercount,0,SHE SELLS SEA SHELLS BY THE SEA SHORE SHE SELLS SEA SHELLS BY THE SEA SHORE SHE SELLS SEA SHELLS BY THE SEA SHORE SHE SELLS SEA SHELLS BY THE SEASHORE
xtts2,tw_w2_k1,0,twisters,w2,1,1,8,peck,8,2.592,0,0.1338023692369461,0.02879691682755947,0.16175,0.17003096640110016,55,False,1,2.3146666666666675,1.1198156682027647,True,0,undercount,0,ETER PIPER PICKED A PACK OF PICKLED PEPPERS
xtts2,tw_w2_k1,1,twisters,w2,1,1,8,peck,8,2.453333333333333,1,0.13334010541439056,0.04286975786089897,0.09645833333333333,0.3713502287864685,52,False,1,2.3146666666666675,1.0599078341013821,True,1,correct,1,ETER PIPER PICKED A PECK OF PICKLED PEPPERS
xtts2,tw_w2_k1,2,twisters,w2,1,1,8,peck,8,2.176,1,0.12420989573001862,0.02594427950680256,0.113125,0.24153472483158112,46,False,1,2.3146666666666675,0.9400921658986172,True,1,correct,1,ETER PIPER PICKED A PECK OF PICKLED PEPPERS
xtts2,tw_w2_k2,0,twisters,w2,2,2,16,peck,16,4.8213333333333335,0,0.13567274808883667,0.028645532205700874,0.139,0.27165868878364563,103,False,2,5.034666666666667,0.9576271186440677,False,2,undercount,0,ETER PIPER PICKED A PACK OF PICKLED PEPPERS PETER PIPER PICKED A PACK OF PICKLED PEPPERS
xtts2,tw_w2_k2,1,twisters,w2,2,2,16,peck,16,5.013333333333334,2,0.13018709421157837,0.044194430112838745,0.14658333333333334,0.14833340048789978,107,False,2,5.034666666666667,0.9957627118644067,True,2,correct,1,PETER PIPER PICKED A PECK OF PICKLED PEPPERS PETER PIPER PICKED A PECK OF PICKLED PEPPERS
xtts2,tw_w2_k2,2,twisters,w2,2,2,16,peck,14,5.056,2,0.11700756102800369,0.04400531202554703,0.13833333333333334,0.21448646485805511,108,False,2,5.034666666666667,1.0042372881355932,True,2,correct,1,ETERPIPER PICKED A PECK OF PICKLED PEPPERS PETERPIPER PICKED A PECK OF PICKLED PEPPERS
xtts2,tw_w2_k4,0,twisters,w2,4,4,32,peck,32,9.610666666666667,0,0.13399679958820343,0.03480425849556923,0.168,0.3191870450973511,206,False,4,10.474666666666668,0.9175152749490835,False,4,undercount,0,ETER PIPER PICKED A PACK OF PICKLED PEPPERS PETER PIPER PICKED A PACK OF PICKLED PEPPERS PETER PIPER PICKED A PACK OF PICKLED PEPPERS PETER PIPER PICKED A PACK OF PICKLED PEPPERS
xtts2,tw_w2_k4,1,twisters,w2,4,4,32,peck,29,10.442666666666666,3,0.12584394216537476,0.036024030297994614,0.11045833333333334,0.29507356882095337,224,False,4,10.474666666666668,0.9969450101832992,True,3,undercount,0,PETERPIPER PICKED A PECK OF PICKLED PEPPERS PETERPIPER PICKED A PECK OF PICKLED PEPPERS PETERPIPER PICKED A PECK OF PICKLED PEPPERS PETER PIPER PICKED A PICK OF PICKLED PEPPERS
xtts2,tw_w2_k4,2,twisters,w2,4,4,32,peck,29,9.472,3,0.12421680241823196,0.03828663378953934,0.15491666666666667,0.28750061988830566,203,False,4,10.474666666666668,0.9042769857433807,True,3,undercount,0,ETERPIPER PICKED A PECK OF PICKLED PEPPERS PETER PIPER PICKED A PECK OF PICKLED PEPPERS PETERPIPER PICKED A ECK OF PICKLED PEPPERS PETERPIPER PICKED A PECK OF PICKLED PEPPERS
xtts2,tw_w3_k1,0,twisters,w3,1,1,7,chuck,7,2.1333333333333333,0,0.13708391785621643,0.03604057431221008,0.18070833333333333,0.2989778220653534,45,False,1,1.8986666666666694,1.1235955056179758,True,0,undercount,0,HOW MUCH WOOD WOULD A WOODCHUCK CHUK
xtts2,tw_w3_k1,1,twisters,w3,1,1,7,chuck,7,1.8986666666666667,1,0.14268414676189423,0.04070233553647995,0.15766666666666668,0.3287108242511749,40,False,1,1.8986666666666694,0.9999999999999986,True,1,correct,1,HOW MUCH WOOD WOULD A WOODCHCK CHUCK
xtts2,tw_w3_k1,2,twisters,w3,1,1,7,chuck,7,2.08,0,0.1351756751537323,0.03152050822973251,0.15408333333333332,0.35766637325286865,44,False,1,1.8986666666666694,1.0955056179775267,True,0,undercount,0,HOW MUCH WOOD WOULD A WOODCHUCK CHUP
xtts2,tw_w3_k2,0,twisters,w3,2,2,14,chuck,14,4.032,2,0.1536240130662918,0.04064121097326279,0.14333333333333334,0.32686570286750793,86,False,2,4.128000000000002,0.9767441860465111,True,2,correct,1,OW MUCH WOOD WOULD A WOODCHUCK CHUCK HOW MUCH WOOD WOULD A WOODCHUCK CHUCK
xtts2,tw_w3_k2,1,twisters,w3,2,2,14,chuck,14,4.224,2,0.1559188812971115,0.045997973531484604,0.15033333333333335,0.3061235249042511,90,False,2,4.128000000000002,1.023255813953488,True,2,correct,1,HOW MUCH WOOD WOULD A WOODCHUCK CHUCK HOW MUCH WOOD WOUD A WOODCHUCK CHUCK
xtts2,tw_w3_k2,2,twisters,w3,2,2,14,chuck,14,4.032,1,0.1501954346895218,0.041222479194402695,0.12041666666666667,0.3014345169067383,86,False,2,4.128000000000002,0.9767441860465111,True,1,undercount,0,HOW MUCH WOOD WOULD A WOODCHUCK CHUCK HOW MUCH WOOD WOULD A WOODCHUK CHCK
xtts2,tw_w3_k4,0,twisters,w3,4,4,28,chuck,28,7.104,0,0.13477468490600586,0.035671863704919815,0.14583333333333334,0.4061729609966278,152,False,3,8.586666666666668,0.8273291925465838,False,3,undercount,0,OW MUCH WOOD WOULD A WOODCHECK CHCK HOW MUCH WOOD WOULD A WOODCHECK CHECK HOW MUCH WOOD WOLD A WOODCHK CHECK HOW MUCH WOOD WOULD A WOODCHECK CHECK
xtts2,tw_w3_k4,1,twisters,w3,4,4,28,chuck,28,8.906666666666666,4,0.13783833384513855,0.05262836068868637,0.238,0.523089587688446,191,False,4,8.586666666666668,1.0372670807453415,True,4,correct,1,HOW MUCH WOOD WOULD A WOODCHUCK CHUCK HOW MUCH WOOD WOULD A WOODCHUCK CHUCK HOW MUCH WOOD WOULD A WOODCHCK CHUCK HOW MUCH WOOD WOULD A WOODCHUCK CHUCK
xtts2,tw_w3_k4,2,twisters,w3,4,4,28,chuck,28,7.7973333333333334,4,0.1495758593082428,0.03573065251111984,0.15204166666666666,0.5385116338729858,167,False,4,8.586666666666668,0.9080745341614905,True,4,correct,1,HOW MUCH WOOD WOULD A WOODCHUCK CHUCK HOW MUCH WOOD WOULD A WOODCHUCK CHUCK HOW MUCH WOOD WOULD A WOODCHCK CHUCK HOW MUCH WOOD WOULD A WOODCHUCK CHUCK
xtts2,tw_w4_k1,0,twisters,w4,1,4,8,lorry,8,3.9466666666666668,0,0.12565745413303375,0.01641993410885334,0.16616666666666666,0.2833215892314911,84,False,2,2.6354285714285726,1.4975426423821907,False,2,undercount,0,RED LORY YELLOW LORY RED LORY YELLOW LORY
xtts2,tw_w4_k1,1,twisters,w4,1,4,8,lorry,9,6.261333333333333,0,0.13994984328746796,0.026245635002851486,0.13416666666666666,0.20718258619308472,134,False,2,2.6354285714285726,2.3758311650766104,False,2,loop,0,RED LORI YELLOW LORI RED LORI YELLOW LORI DIT
xtts2,tw_w4_k1,2,twisters,w4,1,4,8,lorry,9,3.989333333333333,0,0.13400165736675262,0.01715647429227829,0.2185,0.22736534476280212,85,False,2,2.6354285714285726,1.5137322925701062,False,2,undercount,0,RED LORY YELLOW LORY RED LOURY YELLOW LORI DICK
xtts2,tw_w4_k2,0,twisters,w4,2,8,16,lorry,16,7.978666666666666,0,0.12454516440629959,0.018690044060349464,0.13995833333333332,0.15990039706230164,171,False,3,5.19220512820513,1.5366624525916557,False,3,undercount,0,RED LOURY YELLOW LOURY RED LORY YELLOW LOURY RED LOURY YELLOW LORY RED LORI YELLOW LOURY
xtts2,tw_w4_k2,1,twisters,w4,2,8,16,lorry,16,7.978666666666666,0,0.13331438601016998,0.013766943477094173,0.15545833333333334,0.2603837847709656,171,False,3,5.19220512820513,1.5366624525916557,False,3,undercount,0,RED LORI YELLOW LORI RED LORY YELLOW LORY RED LORY YELLOW LOURI RED LORY YELLOW LORI
xtts2,tw_w4_k2,2,twisters,w4,2,8,16,lorry,15,6.357333333333333,0,0.13453976809978485,0.014888430014252663,0.16525,0.21901826560497284,136,False,2,5.19220512820513,1.2243994943109984,False,2,undercount,0,RED LOURI YELLOW LOURI RED LORI RED LORY YELLOW LOURI RED LORI YELLOW LORY TYPE
xtts2,tw_w4_k4,0,twisters,w4,4,16,32,lorry,31,16.48,0,0.12310600280761719,0.012594214640557766,0.16491666666666666,0.19709737598896027,354,False,6,10.305758241758245,1.5991060156276653,False,6,undercount,0,RED LORY YELLOW LORY RED LORY YELLOW LORY RED LORY YELLOW LORY RED LORY RED LORY YELLOW LORY RED LORY YELLOW LORI RED LORY YELLOW LORY RED LORY YELLOW LORY RELORE
xtts2,tw_w4_k4,1,twisters,w4,4,16,32,lorry,29,13.973333333333333,0,0.12895505130290985,0.014966260641813278,0.16379166666666667,0.24066951870918274,300,False,5,10.305758241758245,1.3558762980402856,False,5,undercount,0,RED LOURI YELLOW LORY RED LORI RED LORY YELLOW RED LORY YELLOW LORY RED LORY RED LORY YELLOW LORY RED LORI YELLOW LORING AT LORY RED LORY  YELLOW LORY
xtts2,tw_w4_k4,2,twisters,w4,4,16,32,lorry,30,15.456,0,0.12157521396875381,0.02001884952187538,0.12083333333333333,0.18584224581718445,332,False,6,10.305758241758245,1.4997440884430335,False,6,undercount,0,RED LORY YELLOW LORI RED LORY YELLOW LORY RED LOURY YELLOW LOURY RED LORY RED LORY YELLOW LORY RED LORY YELLOW LORY RED LOURY YELLOW LO LRED LORY YELLOW LORY
xtts2,tw_w5_k1,0,twisters,w5,1,2,8,sixth,8,2.368,0,0.11308025568723679,0.09861353784799576,0.222375,0.24748025834560394,50,False,1,2.6354285714285726,0.8985255854293144,True,0,undercount,0,THE SIX THIK SHAKE SIX SHEEP IS SICK
xtts2,tw_w5_k1,1,twisters,w5,1,2,8,sixth,7,3.4346666666666668,0,0.09889920055866241,0.10085270553827286,0.208375,0.30657607316970825,73,False,1,2.6354285714285726,1.3032668401272038,True,0,undercount,0,HESIX SIX SHAKE SIX SHEEP IS SIK
xtts2,tw_w5_k1,2,twisters,w5,1,2,8,sixth,8,2.8266666666666667,0,0.11440905183553696,0.09633862972259521,0.15770833333333334,0.32773634791374207,60,False,1,2.6354285714285726,1.0725643249494068,True,0,undercount,0,THE SIX SICK SHAKE SIX SHEEP IS SICK
xtts2,tw_w5_k2,0,twisters,w5,2,4,16,sixth,16,5.568,0,0.11221471428871155,0.10033534467220306,0.16470833333333335,0.30295199155807495,119,False,2,5.19220512820513,1.0723767383059415,False,2,undercount,0,THE SIX SIK SHAKE SIX SHEEP IS SICK THE SIX SIX SHAKE SIX SHEEP IS SICK
xtts2,tw_w5_k2,1,twisters,w5,2,4,16,sixth,15,5.802666666666667,0,0.1064528226852417,0.09504984319210052,0.16891666666666666,0.2672109603881836,124,False,2,5.19220512820513,1.1175726927939316,False,2,undercount,0,HESIX SICK SHAKE SIX SHEEP IS SICK THE SIX SIX SHAKE SIX SHEEP IS SICK
xtts2,tw_w5_k2,2,twisters,w5,2,4,16,sixth,16,6.1226666666666665,0,0.11205878853797913,0.09149488061666489,0.135375,0.2880420684814453,131,False,2,5.19220512820513,1.1792035398230085,False,2,undercount,0,THE SIX SICK SHAKE SX SHEEP IS SICK THE SIX SICK SHAKERS SIX SHEEP IS SICK
xtts2,tw_w5_k4,0,twisters,w5,4,8,32,sixth,31,12.298666666666668,0,0.10757994651794434,0.1047261580824852,0.13054166666666667,0.22216740250587463,264,False,5,10.305758241758245,1.1933781462904196,False,5,undercount,0,THE SIX SIX SHAKE SIX SHEEP IS SICK THE SIX SIX SHAX SIX SHEEP IS SICK THE SIX SIX SHAK SIX SHEEP IS SICK THE SIX SIX SIX SHEEP IS SICK
xtts2,tw_w5_k4,1,twisters,w5,4,8,32,sixth,36,13.504,0,0.09463717043399811,0.08807633072137833,0.15870833333333334,0.2721087336540222,290,False,5,10.305758241758245,1.3103354147473296,False,5,undercount,0,HE SIX SICK SHAKE SIX SHEEP IS SICK THE SIX SICK SHAKE SIX SHEEP IS SICK THE SIX SICK SHAKE SIX SHEEP IS SICK THE SIX SIX SHEEP IS SCK THE SIX SIK SHEEP IS SICK
xtts2,tw_w5_k4,2,twisters,w5,4,8,32,sixth,28,10.538666666666666,4,0.10757709294557571,0.10053116083145142,0.17641666666666667,0.1699225902557373,226,False,4,10.305758241758245,1.0225998339418338,True,4,undercount,0,THE SIXTH SIX SHAKE SIX SHEEP IS SICK THE SIXTH SIX SHIX SHEEP IS SCK THE SIXTH SIX SIX SHEEP IS SICK THE SIXTH SIX SHEEP IS SICK
xtts2,tw_w6_k1,0,twisters,w6,1,0,5,s,5,2.3146666666666667,0,0.13992458581924438,0.07184258848428726,0.11445833333333333,0.17603616416454315,49,False,1,2.659555555555558,0.8703208556149724,True,0,correct,1,SIX SLIK SLIM SYCAMORE SAPLINGS
xtts2,tw_w6_k1,1,twisters,w6,1,0,5,s,5,2.506666666666667,0,0.12449612468481064,0.07421360164880753,0.12583333333333332,0.19137394428253174,53,False,1,2.659555555555558,0.9425133689839563,True,0,correct,1,SIX SLICK SLIM SYCAMORE SAPLINGS
xtts2,tw_w6_k1,2,twisters,w6,1,0,5,s,5,3.1573333333333333,0,0.13048501312732697,0.09034105390310287,0.15083333333333335,0.1674388349056244,67,False,1,2.659555555555558,1.1871657754010683,True,0,correct,1,SIX SLIK SLIM SYCAMORE SAPLINGS
xtts2,tw_w6_k2,0,twisters,w6,2,0,10,s,10,5.152,0,0.13068045675754547,0.08196239918470383,0.11483333333333333,0.2461359202861786,110,False,2,5.738666666666671,0.8977695167286239,False,2,correct,1,SIX SLIK SLIM SYCAMORE SAPLINGS SIX LICK SLIM SYCAMORE SAPLINGS
xtts2,tw_w6_k2,1,twisters,w6,2,0,10,s,10,5.984,0,0.12105359882116318,0.08569742739200592,0.11558333333333333,0.2691595256328583,128,False,2,5.738666666666671,1.042750929368029,False,2,correct,1,SIX SLIK SLIM SYCAMORE SAPLINGS SIX SLICK SLIM SYCAMORE SAPLINGS
xtts2,tw_w6_k2,2,twisters,w6,2,0,10,s,10,6.08,0,0.12261392176151276,0.08569110184907913,0.08483333333333333,0.28432708978652954,130,False,2,5.738666666666671,1.059479553903345,False,2,correct,1,SIX SLICK SLIM SYCAMORE SAPLINGS SIX LICK SLIM SYCAMORE SAPLINGS
xtts2,tw_w6_k4,0,twisters,w6,4,0,20,s,20,9.834666666666667,0,0.13254670798778534,0.09179623425006866,0.14075,0.16311979293823242,211,False,3,11.896888888888896,0.8266586969515836,False,3,correct,1,SIX SLICK SLIM SYCAMORE SAPLINGS SIX SLICK SLIM SYCAMORE SAPLINGS SIX SLICK SLIM SYCAMORE SAPLINGS SIX SLICK SLIM SYCAMORE SAPLINGS
xtts2,tw_w6_k4,1,twisters,w6,4,0,20,s,10,6.677333333333333,0,0.1297610104084015,0.08212686330080032,0.17070833333333332,0.35291558504104614,143,False,2,11.896888888888896,0.5612671846981467,False,2,truncation,0,SIX SLIK SLIM SYCAMORE SAPLINGS SIX SLIX SLIM SYCAMORE SAPLINGS
xtts2,tw_w6_k4,2,twisters,w6,4,0,20,s,20,11.466666666666667,0,0.13137374818325043,0.08792512118816376,0.107625,0.2487855851650238,246,False,4,11.896888888888896,0.9638374178123127,False,4,correct,1,SIX SLIX SLIM SYCAMORE SAPLINGS SIX SLIK SLIM SYCAMORE SAPLINGS SIX LIK SLIM SYCAMORE SAPLINGS SIX SLIK SLIM SYCAMORE SAPLINGS
xtts2,tw_w7_k1,0,twisters,w7,1,0,5,fr,5,2.08,0,0.13527972996234894,0.11905469000339508,0.10041666666666667,0.6157587170600891,44,False,1,2.080000000000002,0.9999999999999991,True,0,correct,1,FRESH FRENCH FRIED FLY FRITTERS
xtts2,tw_w7_k1,1,twisters,w7,1,0,5,fr,5,2.08,0,0.12762345373630524,0.10132133960723877,0.15554166666666666,0.4160043001174927,44,False,1,2.080000000000002,0.9999999999999991,True,0,correct,1,FRESH FRENCH FRIED FLY FRITTERS
xtts2,tw_w7_k1,2,twisters,w7,1,0,5,fr,5,2.08,0,0.1281714290380478,0.12802542746067047,0.15441666666666667,0.48813989758491516,44,False,1,2.080000000000002,0.9999999999999991,True,0,correct,1,FRESH FRENCH FRIED FLY FRITTERS
xtts2,tw_w7_k2,0,twisters,w7,2,0,10,fr,9,4.682666666666667,0,0.13390038907527924,0.10471249371767044,0.113375,0.34836387634277344,100,False,2,4.49777777777778,1.0411067193675885,False,2,correct,1,FRESH FRENCH FRIED FLY FRITTERS FRESH FRENCH FRY FRITTERS
xtts2,tw_w7_k2,1,twisters,w7,2,0,10,fr,10,4.128,0,0.12501360476016998,0.11176206916570663,0.09345833333333334,0.39318013191223145,88,False,2,4.49777777777778,0.9177865612648217,False,2,correct,1,FRESH FRENCH FRIED FLY FRITTERS FRESH FRENCH FRIED FLY FRITTERS
xtts2,tw_w7_k2,2,twisters,w7,2,0,10,fr,9,4.682666666666667,0,0.13187135756015778,0.12435885518789291,0.13904166666666667,0.2966458797454834,100,False,2,4.49777777777778,1.0411067193675885,False,2,correct,1,FRESH FRENCH FRIED FLY FRITTERS FRESH FRENCH FRY FRITTERS
xtts2,tw_w7_k4,0,twisters,w7,4,0,20,fr,21,10.634666666666666,0,0.11005556583404541,0.11838313192129135,0.11716666666666667,0.339692085981369,228,False,5,9.333333333333337,1.1394285714285708,False,5,correct,1,FRESH FRENCH FRIED FRITTERS FRESH FRENCH FRY FLITTERS FRESH FRENCH FRIED FRITTERS FRESH FRENCH FRIED FRIED FRITTERS FRESH FRENCH FRYE FRITTERS
xtts2,tw_w7_k4,1,twisters,w7,4,0,20,fr,17,7.701333333333333,0,0.1309184581041336,0.12001536041498184,0.10795833333333334,0.5306427478790283,165,False,3,9.333333333333337,0.8251428571428567,False,3,correct,1,FRESH FRENCH FRIED FLY FRITTERS FRESH FRENCH FRIED FRITTERS FRESH FRENCH FRYE FRITTERS FRESH FRENCH FRY FRITTERS
xtts2,tw_w7_k4,2,twisters,w7,4,0,20,fr,13,7.381333333333333,0,0.13415823876857758,0.12743937969207764,0.18029166666666666,0.2827524244785309,158,False,3,9.333333333333337,0.7908571428571425,False,3,correct,1,FRESH FRENCH FRIED FLY FRITTERS FRESH FRENCH FRIED FLY FRITTERS FRESH FRENCH FRY
xtts2,tw_w8_k1,0,twisters,w8,1,3,6,rural,7,4.362666666666667,3,0.13430847227573395,0.06241666153073311,0.12245833333333334,0.4183060824871063,93,False,1,3.8684444444444432,1.1277573529411768,False,3,correct,1,TRULY RURAL TRULY RURAL TRULY RURAL DOT
xtts2,tw_w8_k1,1,twisters,w8,1,3,6,rural,6,4.085333333333334,3,0.12574705481529236,0.05018439516425133,0.15220833333333333,0.3447655439376831,87,False,1,3.8684444444444432,1.0560661764705888,False,3,correct,1,TRULY RURAL TRULY RURAL TRULY RURAL
xtts2,tw_w8_k1,2,twisters,w8,1,3,6,rural,6,3.1573333333333333,3,0.13213497400283813,0.04149889945983887,0.1185,0.5124073028564453,67,False,1,3.8684444444444432,0.8161764705882355,False,3,correct,1,TRULY RURAL TRULY RURAL TRULY RURAL
xtts2,tw_w8_k2,0,twisters,w8,2,6,12,rural,13,8.309333333333333,6,0.13826599717140198,0.05644995719194412,0.14591666666666667,0.4212982654571533,178,False,2,8.309333333333333,1.0,False,6,correct,1,TRULY RURAL TRULY RURAL TRULY RURAL TRULY RURAL TRULY RURAL TRULY RURAL DOUBT
xtts2,tw_w8_k2,1,twisters,w8,2,6,12,rural,14,7.978666666666666,7,0.1328170746564865,0.04237866401672363,0.13554166666666667,0.43334507942199707,171,False,2,8.309333333333333,0.9602053915275995,False,7,overcount,0,TRULY RURAL TRULY RURAL TRULY RURAL TRULY RURAL TRULY RURAL TRULY RURAL TRULY RURAL
xtts2,tw_w8_k2,2,twisters,w8,2,6,12,rural,16,9.376,7,0.12740068137645721,0.05309474095702171,0.14375,0.18615761399269104,201,False,2,8.309333333333333,1.128369704749679,False,7,overcount,0,TRULY RURAL TRULY RURAL TRULY RURAL TRULY RURAL TRULY RURAL TRULY RURAL TRULY RURAL DIDA DETH
xtts2,tw_w8_k4,0,twisters,w8,4,12,24,rural,26,11.509333333333334,12,0.12916238605976105,0.04930933564901352,0.14075,0.32210463285446167,247,False,3,17.191111111111116,0.6694932781799378,False,12,truncation,0,TRULY RURAL TRULY RURAL TRULY RURAL TRULY RURAL TRULY RURAL TRULY RURAL TRULY RURAL TRULY RURAL TRULY RURAL TRULY RURAL TRULY RURAL TRULY VURAL TRULY RURAL
xtts2,tw_w8_k4,1,twisters,w8,4,12,24,rural,27,15.552,12,0.13700862228870392,0.04799606651067734,0.15133333333333332,0.2805076241493225,334,False,4,17.191111111111116,0.9046535677352634,False,12,correct,1,TRULY RURAL TRULY RURAL TRULY RURAL TRULY RURAL TRULY RURAL TRULY RURAL TRULY RURAL TRULY RURAL TRULY RURAL TRULY RURAL TRULY RURAL TRULY RURAL TRULY RUAN TO
xtts2,tw_w8_k4,2,twisters,w8,4,12,24,rural,31,27.072,13,0.09925965964794159,0.04298260062932968,0.12295833333333334,0.33530035614967346,582,False,6,17.191111111111116,1.5747673216132363,False,13,overcount,0,TRULY RURAL TRULY RURAL TRULY RURAL TRULY RURAL TRULY RURAL TRULY RUAL TRULY RURAL TRULY RURAL TRULY RURAL TRULY RURAL TRULY RURAL TRULY RURAL TRULY RURAL TRULY RURAL TRULY RURAMOING FAMASA
xtts2,wr_blue_t4_k01,0,word_rep,t4,1,1,8,blue,8,2.1333333333333333,1,0.15342411398887634,0.04547617584466934,0.14604166666666665,0.23417174816131592,45,False,1,2.2678518518518507,0.9406846093545863,True,1,correct,1,THE LIGHT WAS BLUE BEFORE THE STORM ARRIVED
xtts2,wr_blue_t4_k01,1,word_rep,t4,1,1,8,blue,8,2.368,1,0.14673596620559692,0.04935375228524208,0.160125,0.2560842037200928,50,False,1,2.2678518518518507,1.0441599163835908,True,1,correct,1,THE LIGHT WAS BLUE BEFORE THE STORM ARRIVED
xtts2,wr_blue_t4_k01,2,word_rep,t4,1,1,8,blue,8,2.272,1,0.1472836285829544,0.03974030539393425,0.16195833333333334,0.23835276067256927,48,False,1,2.2678518518518507,1.0018291089626343,True,1,correct,1,THE LIGHT WAS BLUE BEFORE THE STORM ARRIVED
xtts2,wr_blue_t4_k02,0,word_rep,t4,2,2,9,blue,9,2.368,2,0.15826435387134552,0.033299945294857025,0.17320833333333333,0.2450229525566101,50,False,1,2.731851851851851,0.8668112798264644,True,2,correct,1,THE LIGHT WAS BLUE BLUE BEFORE THE STORM ARRIVED
xtts2,wr_blue_t4_k02,1,word_rep,t4,2,2,9,blue,9,3.104,2,0.1483917087316513,0.04057866334915161,0.149125,0.29153215885162354,66,False,3,2.731851851851851,1.1362255965292845,True,2,correct,1,THE LIGHT WAS BLUE BLUE BEFORE THE STORM ARRIVED
xtts2,wr_blue_t4_k02,2,word_rep,t4,2,2,9,blue,9,2.784,2,0.15288420021533966,0.026877380907535553,0.16620833333333335,0.25449272990226746,59,False,2,2.731851851851851,1.0190889370932756,True,2,correct,1,THE LIGHT WAS BLUE BLUE BEFORE THE STORM ARRIVED
xtts2,wr_blue_t4_k03,0,word_rep,t4,3,3,10,blue,10,2.6453333333333333,3,0.15380005538463593,0.03794596716761589,0.13229166666666667,0.18922188878059387,56,False,2,3.195851851851851,0.8277396625254962,True,3,correct,1,THE LIGHT WAS BLUE BLUE BLUE BEFORE THE STORM ARRIVED
xtts2,wr_blue_t4_k03,1,word_rep,t4,3,3,10,blue,10,3.712,3,0.1361827254295349,0.03521428629755974,0.12745833333333334,0.23104287683963776,79,False,4,3.195851851851851,1.1615056554793255,True,3,correct,1,THE LIGHT WAS BLUE BLUE BLUE BEFORE THE STORME ARRIVED
xtts2,wr_blue_t4_k03,2,word_rep,t4,3,3,10,blue,10,3.2,3,0.1565902978181839,0.01977512240409851,0.15820833333333334,0.23923151195049286,68,False,3,3.195851851851851,1.0012979788614875,True,3,correct,1,THE LIGHT WAS BLUE BLUE BLUE BEFORE THE STORM ARRIVED
xtts2,wr_blue_t4_k04,0,word_rep,t4,4,4,11,blue,10,2.8693333333333335,3,0.14413213729858398,0.030616382136940956,0.14054166666666668,0.20100368559360504,61,False,2,3.659851851851851,0.7840025906735754,True,3,undercount,0,THE LIGHT WAS BLUE BLUE BLUE BEFORE THE STORM ARRIVED
xtts2,wr_blue_t4_k04,1,word_rep,t4,4,4,11,blue,11,4.96,4,0.14081895351409912,0.029953356832265854,0.162125,0.19032390415668488,106,False,7,3.659851851851851,1.3552461139896377,False,7,correct,1,THE LIGHT WAS BLUE BLUE BLUE BLUE BEFORE THE STORM ARRIVED
xtts2,wr_blue_t4_k04,2,word_rep,t4,4,4,11,blue,10,2.9226666666666667,3,0.15218494832515717,0.020665477961301804,0.15254166666666666,0.17842423915863037,62,False,2,3.659851851851851,0.7985751295336789,True,3,undercount,0,THE LIGHT WAS BLUE BLUE BLUE BEFORE THE STORM ARRIVED
xtts2,wr_blue_t4_k06,0,word_rep,t4,6,6,13,blue,12,3.8933333333333335,5,0.1501736044883728,0.03170099854469299,0.14454166666666668,0.1363704651594162,83,False,5,4.587851851851852,0.8486179281839319,True,5,undercount,0,THE LIGHT WAS BLUE BLUE BLUE BLUE BLUE BEFORE THE STORM ARRIVED
xtts2,wr_blue_t4_k06,1,word_rep,t4,6,6,13,blue,12,5.429333333333333,5,0.13159798085689545,0.03424359858036041,0.15283333333333332,0.23853522539138794,116,False,8,4.587851851851852,1.1834151382071816,False,8,undercount,0,THE LIGHT WAS BLUE BLUE BLUE BLUE BLUE BEFORE THE STORM ARRIVED
xtts2,wr_blue_t4_k06,2,word_rep,t4,6,6,13,blue,12,4.032,5,0.14965464174747467,0.025351522490382195,0.153625,0.14482226967811584,86,False,5,4.587851851851852,0.8788426763110307,True,5,undercount,0,THE LIGHT WAS BLUE BLUE BLUE BLUE BLUE BEFORE THE STORM ARRIVED
xtts2,wr_blue_t4_k08,0,word_rep,t4,8,8,15,blue,14,4.544,7,0.14559270441532135,0.02991309203207493,0.18570833333333334,0.18784646689891815,97,False,6,5.515851851851852,0.8238074774387623,True,7,undercount,0,THE LIGHT WAS BLUE BLUE BLUE BLUE BLUE BLUE BLUE BEFORE THE STORM ARRIVED
xtts2,wr_blue_t4_k08,1,word_rep,t4,8,8,15,blue,13,8.032,6,0.12528029084205627,0.03278452157974243,0.16325,0.27541500329971313,172,False,13,5.515851851851852,1.4561667382896433,False,13,undercount,0,THE LIGHT WAS BLUE BLUE BLUE BLUE BLUE BLUE BEFORE THE STORM ARRIVED
xtts2,wr_blue_t4_k08,2,word_rep,t4,8,8,15,blue,13,3.616,6,0.142686665058136,0.01892741583287716,0.144,0.20028744637966156,77,False,4,5.515851851851852,0.6555651052857757,False,6,truncation,0,THE LIGHT WAS BLUE BLUE BLUE BLUE BLUE BLUE BEFORE THE STORM ARRIVED
xtts2,wr_blue_t4_k12,0,word_rep,t4,12,12,19,blue,17,8.309333333333333,10,0.14791809022426605,0.030483081936836243,0.13366666666666666,0.16130803525447845,178,False,14,7.3718518518518525,1.1271704180064308,False,14,undercount,0,THE LIGHT WAS BLUE BLUE BLUE BLUE BLUE BLUE BLUE BLUE BLUE BLUE BEFORE THE STORM ARRIVED
xtts2,wr_blue_t4_k12,1,word_rep,t4,12,12,19,blue,18,8.629333333333333,11,0.14767639338970184,0.0380360372364521,0.12804166666666666,0.32602939009666443,185,False,15,7.3718518518518525,1.170578778135048,False,15,undercount,0,THE LIGHT WAS BLUE BLUE BLUE BLUE BLUE BLUE BLUE BLUE BLUE BLUE BLUE BEFORE THE STORM ARRIVED
xtts2,wr_blue_t4_k12,2,word_rep,t4,12,12,19,blue,15,5.429333333333333,8,0.1551826298236847,0.01604963093996048,0.14929166666666666,0.21970418095588684,116,False,8,7.3718518518518525,0.7364951768488746,True,8,undercount,0,THE LIGHT WAS BLUE BLUE BLUE BLUE BLUE BLUE BLUE BLUE BEFORE THE STORM ARRIVED
xtts2,wr_blue_t4_k16,0,word_rep,t4,16,16,23,blue,20,5.749333333333333,13,0.14381226897239685,0.02080787532031536,0.136,0.19359613955020905,123,False,9,9.227851851851854,0.6230413562805033,False,13,truncation,0,THE LIGHT WAS BLUE BLUE BLUE BLUE BLUE BLUE BLUE BLUE BLUE BLUE BLUE BLUE BLUE BEFORE THE STORM ARRIVED
xtts2,wr_blue_t4_k16,1,word_rep,t4,16,16,23,blue,20,9.749333333333333,11,0.1264524757862091,0.04439232498407364,0.12729166666666666,0.4026094973087311,209,False,17,9.227851851851854,1.0565116876444898,False,17,undercount,0,THE LIGHT WAS BLUE BLUE BLUE BLUE BLUE BLUE BLUE BLUE BLUE BLUUE BLU BLUE BLUE BEFORE THE STORM ARRIVED
xtts2,wr_blue_t4_k16,2,word_rep,t4,16,16,23,blue,21,6.357333333333333,14,0.13242608308792114,0.01966317743062973,0.16970833333333332,0.18341216444969177,136,False,10,9.227851851851854,0.6889288466478293,False,14,truncation,0,THE LIGHT WAS BLUE BLUE BLUE BLUE BLUE BLUE BLUE BLUE BLUE BLUE BLUE BLUE BLUE BLUE BEFORE THE STORM ARRIVED
xtts2,wr_blue_t4_k24,0,word_rep,t4,24,24,31,blue,16,6.4,13,0.12116709351539612,0.02556169591844082,0.17875,0.4506964385509491,137,False,10,12.939851851851856,0.4945960798681076,True,13,truncation,0,THE LIGHT WAS BLUE BLUE BLUE BLUE BLUE BLUE BLUE BLUE BLUE BLUE BLUE BLUE BLUE
xtts2,wr_blue_t4_k24,1,word_rep,t4,24,24,31,blue,26,7.7973333333333334,19,0.13945451378822327,0.020833736285567284,0.15604166666666666,0.18008606135845184,167,False,13,12.939851851851856,0.602582890639311,False,19,truncation,0,THE LIGHT WAS BLUE BLUE BLUE BLUE BLUE BLUE BLUE BLUE BLUE BLUE BLUE BLUE BLUE BLUE BLUE BLUE BLUE BLUE BLUE BEFORE THE STORM ARRIVED
xtts2,wr_blue_t4_k24,2,word_rep,t4,24,24,31,blue,24,7.616,16,0.13243751227855682,0.022942673414945602,0.130375,0.11832843720912933,163,False,13,12.939851851851856,0.588569335043048,True,16,truncation,0,THE LIGHT WAS BLUE BLUE BLUE BLUE BLUE BLUE BLUE BLUE BLUE BLUE BLUE BBLUE BLUE BLUE BLUE BLUE BLUE BEFORE THE STORM ARRIVED
xtts2,wr_blue_t4_k32,0,word_rep,t4,32,32,39,blue,34,14.528,26,0.13696207106113434,0.0207449272274971,0.170375,0.16377688944339752,312,False,27,16.651851851851855,0.8724555160142348,True,26,undercount,0,THE LIGHT WAS BLUE BLUE BLUE BLUE BLUE BLUE BLUE BLUE BLUE BLUE BLUE BLUE BLUE BLUE BLUE BLUE BLUE BLUE BLUE BLUE BLUE BLUE BLUE BLUE BLUE BLUE LUE BEFORE THE STORM ARRIVED
xtts2,wr_blue_t4_k32,1,word_rep,t4,32,32,39,blue,23,10.954666666666666,20,0.12895475327968597,0.03154000639915466,0.17075,0.17834044992923737,235,False,20,16.651851851851855,0.6578647686832738,True,20,truncation,0,THE LIGHT WAS BLUE BLUE BLUE BLUE BLUE BLUE BLUE BLUE BLUE BLUE BLUE BLUE BLUE BLUE BLUE BLUE BLUE BLUE BLUE BLUE
xtts2,wr_blue_t4_k32,2,word_rep,t4,32,32,39,blue,15,6.730666666666667,11,0.13760535418987274,0.0175368282943964,0.17708333333333334,0.28062111139297485,144,False,11,16.651851851851855,0.4041992882562277,True,11,truncation,0,THE LIGHT WAS BLUE BLUE BLUE BLUE BLUE BLUE BLUE BLUE BLUE BLUE BLUE BLU
xtts2,wr_far_t3_k01,0,word_rep,t3,1,1,9,far,9,2.6453333333333333,1,0.14544375240802765,0.06447120755910873,0.16616666666666666,0.24128355085849762,56,False,1,2.501333333333333,1.0575692963752665,True,1,correct,1,HE WALKED FAR INTO THE FOREST BEFORE TURNING BACK
xtts2,wr_far_t3_k01,1,word_rep,t3,1,1,9,far,9,2.592,1,0.1442766636610031,0.06551072746515274,0.16108333333333333,0.22923682630062103,55,False,1,2.501333333333333,1.0362473347547976,True,1,correct,1,HE WALKED FAR INTO THE FOREST BEFORE TURNING BACK
xtts2,wr_far_t3_k01,2,word_rep,t3,1,1,9,far,9,2.5493333333333332,1,0.14672717452049255,0.06930302828550339,0.178375,0.23733311891555786,54,False,1,2.501333333333333,1.019189765458422,True,1,correct,1,HE WALKED FAR INTO THE FOREST BEFORE TURNING BACK
xtts2,wr_far_t3_k02,0,word_rep,t3,2,2,10,far,10,2.7306666666666666,2,0.14431339502334595,0.06462067365646362,0.13079166666666667,0.2469353973865509,58,False,1,3.089777777777778,0.8837744533947065,True,2,correct,1,HE WALKED FAR FAR INTO THE FOREST BEFORE TURNING BACK
xtts2,wr_far_t3_k02,1,word_rep,t3,2,2,10,far,10,2.8693333333333335,2,0.140000581741333,0.06753275543451309,0.15841666666666668,0.2539810836315155,61,False,2,3.089777777777778,0.9286536248561565,True,2,correct,1,HE WALKED FAR FAR INTO THE FOREST BEFORE TURNING BACK
xtts2,wr_far_t3_k02,2,word_rep,t3,2,2,10,far,10,3.104,2,0.13777486979961395,0.07512714713811874,0.16891666666666666,0.26498135924339294,66,False,2,3.089777777777778,1.004602991944764,True,2,correct,1,HE WALKED FAR FAR INTO THE FOREST BEFORE TURNING BACK
xtts2,wr_far_t3_k03,0,word_rep,t3,3,3,11,far,11,3.2,3,0.13144570589065552,0.07984577864408493,0.15204166666666666,0.2738754451274872,68,False,2,3.678222222222222,0.8699855002416628,True,3,correct,1,HE WALKED FAR FAR FAR INTO THE FOREST BEFORE TURNING BACK
xtts2,wr_far_t3_k03,1,word_rep,t3,3,3,11,far,11,4.8213333333333335,3,0.11614587903022766,0.08117865771055222,0.13754166666666667,0.4215807020664215,103,False,5,3.678222222222222,1.3107781536974386,False,5,correct,1,HE WALKED FAR FAR FAR INTO THE FOREST BEFORE TURNING BACK
xtts2,wr_far_t3_k03,2,word_rep,t3,3,3,11,far,11,3.296,3,0.13946028053760529,0.08029910176992416,0.17570833333333333,0.1803392618894577,70,False,2,3.678222222222222,0.8960850652489125,True,3,correct,1,HE WALKED FAR FAR FAR INTO THE FOREST BEFORE TURNING BACK
xtts2,wr_far_t3_k04,0,word_rep,t3,4,4,12,far,12,4.1706666666666665,4,0.13692894577980042,0.08664928376674652,0.16579166666666667,0.31625068187713623,89,False,4,4.266666666666667,0.9774999999999999,True,4,correct,1,HE WALKED FAR FAR FAR FAR INTO THE FOREST BEFORE TURNING BACK
xtts2,wr_far_t3_k04,1,word_rep,t3,4,4,12,far,12,3.9466666666666668,4,0.12897731363773346,0.08347906172275543,0.14333333333333334,0.24379482865333557,84,False,3,4.266666666666667,0.925,True,4,correct,1,HE WALKED FAR FAR FAR FAR INTO THE FOREST BEFORE TURNING BACK
xtts2,wr_far_t3_k04,2,word_rep,t3,4,4,12,far,12,4.362666666666667,4,0.13368774950504303,0.07858230918645859,0.15216666666666667,0.18875692784786224,93,False,4,4.266666666666667,1.0225,True,4,correct,1,HE WALKED FAR FAR FAR FAR INTO THE FOREST BEFORE TURNING BACK
xtts2,wr_far_t3_k06,0,word_rep,t3,6,6,14,far,13,3.8933333333333335,5,0.1404896378517151,0.07432769984006882,0.16841666666666666,0.22142568230628967,83,False,3,5.443555555555555,0.7152188112344874,False,5,undercount,0,HE WALKED FAR FAR FAR FAR FAR INTO THE FOREST BEFORE TURNING BACK
xtts2,wr_far_t3_k06,1,word_rep,t3,6,6,14,far,13,5.1946666666666665,5,0.12040316313505173,0.09076999872922897,0.12295833333333334,0.24984332919120789,111,False,6,5.443555555555555,0.9542782495101241,True,5,undercount,0,HE WALKED FAR FAR FAR FAR FAR INTO THE FOREST BEFORE TURNING BACK
xtts2,wr_far_t3_k06,2,word_rep,t3,6,6,14,far,14,5.152,6,0.13256844878196716,0.08518785238265991,0.146625,0.38268622756004333,110,False,6,5.443555555555555,0.9464402351404312,True,6,correct,1,HE WALKED FAR FAR FAR FAR FAR FAR INTO THE FOREST BEFORE TURNING BACK
xtts2,wr_far_t3_k08,0,word_rep,t3,8,8,16,far,15,9.098666666666666,7,0.11285059154033661,0.09880585968494415,0.144125,0.2375704050064087,195,False,12,6.620444444444444,1.3743286788399571,False,12,undercount,0,HE WALKED FAR FAR FAR FAR FAR FAR FAR INTO THE FOREST BEFORE TURNING BACK
xtts2,wr_far_t3_k08,1,word_rep,t3,8,8,16,far,15,5.0986666666666665,7,0.1309497207403183,0.07557900995016098,0.163,0.2672101557254791,109,False,5,6.620444444444444,0.770139634801289,False,7,undercount,0,HE WALKED FAR FAR FAR FAR FAR FAR FAR INTO THE FOREST BEFORE TURNING BACK
xtts2,wr_far_t3_k08,2,word_rep,t3,8,8,16,far,14,6.826666666666667,6,0.1238107830286026,0.09890002012252808,0.16083333333333333,0.3072374165058136,146,False,8,6.620444444444444,1.0311493018259936,False,8,undercount,0,HE WALKED FAR FAR FAR FAR FAR FAR INTO THE FOREST BEFORE TURNING BACK
xtts2,wr_far_t3_k12,0,word_rep,t3,12,12,20,far,18,6.453333333333333,10,0.12467391043901443,0.09260528534650803,0.16804166666666667,0.2693151533603668,138,False,8,8.97422222222222,0.719096671949287,False,10,undercount,0,HE WALKED FAR FAR FAR FAR FAR FAR FAR FAR FAR FAR INTO THE FOREST BEFORE TURNING BACK
xtts2,wr_far_t3_k12,1,word_rep,t3,12,12,20,far,18,6.826666666666667,10,0.12645719945430756,0.09163405746221542,0.14879166666666666,0.16265162825584412,146,False,8,8.97422222222222,0.7606973058637087,False,10,undercount,0,HE WALKED FAR FAR FAR FAR FAR FAR FAR FAR FAR FAR INTO THE FOREST BEFORE TURNING BACK
xtts2,wr_far_t3_k12,2,word_rep,t3,12,12,20,far,19,7.050666666666666,11,0.143745556473732,0.09768243134021759,0.17895833333333333,0.20753368735313416,151,False,9,8.97422222222222,0.7856576862123614,False,11,undercount,0,HE WALKED FAR FAR FAR FAR FAR FAR FAR FAR FAR FAR FAR INTO THE FOREST BEFORE TURNING BACK
xtts2,wr_far_t3_k16,0,word_rep,t3,16,16,24,far,23,7.328,15,0.12420519441366196,0.09531979262828827,0.12095833333333333,0.18597213923931122,157,False,9,11.327999999999998,0.6468926553672318,False,15,truncation,0,HE WALKED FAR FAR FAR FAR FAR FAR FAR FAR FAR FAR FAR FAR FAR FAR FAR INTO THE FOREST BEFORE TURNING BACK
xtts2,wr_far_t3_k16,1,word_rep,t3,16,16,24,far,22,8.213333333333333,14,0.126796156167984,0.09740671515464783,0.14920833333333333,0.2636486291885376,176,False,11,11.327999999999998,0.7250470809792845,False,14,undercount,0,HE WALKED FAR FAR FAR FAR FAR FAR FAR FAR FAR FAR FAR FAR FAR FAR INTO THE FOREST BEFORE TURNING BACK
xtts2,wr_far_t3_k16,2,word_rep,t3,16,16,24,far,22,15.509333333333334,14,0.11388600617647171,0.12234610319137573,0.16754166666666667,0.22036831080913544,333,False,23,11.327999999999998,1.3691148775894542,False,23,undercount,0,HE WALKED FAR FAR FAR FAR FAR FAR FAR FAR FAR FAR FAR FAR FAR FAR INTO THE FOREST BEFORE TURNING BACK
xtts2,wr_far_t3_k24,0,word_rep,t3,24,24,32,far,25,9.28,20,0.11508345603942871,0.10302146524190903,0.13291666666666666,0.220472514629364,199,False,13,16.035555555555554,0.5787139689578714,False,20,truncation,0,HE WALKED FAR FAR FAR FAR FAR FAR FAR FAR FAR FAR FAR FAR FAR FAR FAR FAR FAR FAR FAR FAR FOR TURNING BACK
xtts2,wr_far_t3_k24,1,word_rep,t3,24,24,32,far,28,8.170666666666667,20,0.11963364481925964,0.08896887302398682,0.16966666666666666,0.31205132603645325,175,False,11,16.035555555555554,0.5095343680709535,False,20,truncation,0,HE WALKED FAR FAR FAR FAR FAR FAR FAR FAR FAR FAR FAR FAR FAR FAR FAR FAR FAR FAR FAR FAR INTO THE FOREST BEFORE TURNING BACK
xtts2,wr_far_t3_k24,2,word_rep,t3,24,24,32,far,24,7.1466666666666665,18,0.1250440627336502,0.1120850220322609,0.16870833333333332,0.2554647624492645,153,False,9,16.035555555555554,0.4456762749445677,False,18,truncation,0,HE WALKED FAR FAR FAR FAR FAR FAR FAR FAR FAR FAR FAR FAR FAR FAR FAR FAR FAR FAR FORS BEFORE TURNING BACK
xtts2,wr_far_t3_k32,0,word_rep,t3,32,32,40,far,15,5.386666666666667,12,0.10801474750041962,0.15348772704601288,0.18083333333333335,0.42690902948379517,115,False,6,20.74311111111111,0.25968460747343164,False,12,truncation,0,HE WALKED FAR FAR FAR FAR FAR FAR FAR FAR FAR FAR FAR FAR TAR
xtts2,wr_far_t3_k32,1,word_rep,t3,32,32,40,far,30,17.92,25,0.10714636743068695,0.16725145280361176,0.14466666666666667,0.23280666768550873,385,False,27,20.74311111111111,0.8639012684264658,True,25,undercount,0,HE WALKED FAR FAR FAR FAR FAR FAR FAR FAR FAR FAR FAR FAR FAR FAR FAR FAR FAR FAR FAR FAR FAR FAR FAR FAR FAR FORBEFORE TURNING BACK
xtts2,wr_far_t3_k32,2,word_rep,t3,32,32,40,far,35,18.613333333333333,25,0.11724846065044403,0.11074426770210266,0.147875,0.284660279750824,400,False,28,20.74311111111111,0.897326019883442,True,25,undercount,0,HE WALKED FAR FAR FAR FAR FAR FAR FAR FAR FAR FAR FAR FAR FAR FAR FAR FAR FAR FAR FAR FAR FR FAFAR FAR FAR FAR FAR FAR INTO THE FOREST BEFORE TURNING BACK
xtts2,wr_no_t2_k01,0,word_rep,t2,1,1,11,no,11,2.506666666666667,1,0.14504946768283844,0.05349807068705559,0.17491666666666666,0.29506203532218933,53,False,1,2.6637037037037037,0.9410456062291436,True,1,correct,1,SHE SAID NO TO THE OFFER AND THEN LEFT THE ROOM
xtts2,wr_no_t2_k01,1,word_rep,t2,1,1,11,no,11,3.1573333333333333,1,0.14191514253616333,0.05602231249213219,0.15875,0.1679830402135849,67,False,3,2.6637037037037037,1.1853170189098998,False,3,correct,1,SHE SAID NO TO THE OFFER AND THEN LEFT THE ROOM
xtts2,wr_no_t2_k01,2,word_rep,t2,1,1,11,no,11,2.3146666666666667,1,0.14449769258499146,0.042430318892002106,0.14104166666666668,0.2271389216184616,49,False,0,2.6637037037037037,0.8689655172413793,True,1,correct,1,SHE SAID NO TO THE OFFER AND THEN LEFT THE ROOM
xtts2,wr_no_t2_k02,0,word_rep,t2,2,2,12,no,12,3.0613333333333332,2,0.1451091319322586,0.050460994243621826,0.152625,0.1567968875169754,65,False,2,2.989037037037037,1.0241871530531323,True,2,correct,1,SHE SAID NO NO TO THE OFFER AND THEN LEFT THE ROOM
xtts2,wr_no_t2_k02,1,word_rep,t2,2,2,12,no,12,3.2426666666666666,2,0.14387571811676025,0.05561811849474907,0.14033333333333334,0.15892869234085083,69,False,3,2.989037037037037,1.084853291038858,True,2,correct,1,SHE SAID NO NO TO THE OFFER AND THEN LEFT THE ROOM
xtts2,wr_no_t2_k02,2,word_rep,t2,2,2,12,no,11,2.688,2,0.14932368695735931,0.04319990426301956,0.14416666666666667,0.19492770731449127,57,False,1,2.989037037037037,0.8992862807295797,True,2,correct,1,SHE SAID NO NO TO THE OFFER ANDTHEN LEFT THE ROOM
xtts2,wr_no_t2_k03,0,word_rep,t2,3,3,13,no,13,3.2,3,0.14113029837608337,0.049298159778118134,0.158125,0.1498076468706131,68,False,3,3.31437037037037,0.9654925800107278,True,3,correct,1,SHE SAID NO NO NO TO THE OFFER AND THEN LEFT THE ROOM
xtts2,wr_no_t2_k03,1,word_rep,t2,3,3,13,no,13,3.5733333333333333,3,0.14245982468128204,0.05659051239490509,0.14541666666666667,0.11910147219896317,76,False,4,3.31437037037037,1.0781333810119793,True,3,correct,1,SHE SAID NO NO NO TO THE OFFER AND THEN LEFT THE ROOM
xtts2,wr_no_t2_k03,2,word_rep,t2,3,3,13,no,12,3.1573333333333333,3,0.1481858193874359,0.03158033266663551,0.15316666666666667,0.19719140231609344,67,False,3,3.31437037037037,0.9526193456105847,True,3,correct,1,SHE SAID NO NO NO TO THE OFFER THEN LEFT THE ROOM
xtts2,wr_no_t2_k04,0,word_rep,t2,4,4,14,no,14,4.224,4,0.1392042189836502,0.051854152232408524,0.1335,0.1625720113515854,90,False,6,3.639703703703703,1.1605340280039078,False,6,correct,1,SHE SAID NO NO NO NO TO THE OFFER AND THEN LEFT THE ROOM
xtts2,wr_no_t2_k04,1,word_rep,t2,4,4,14,no,14,5.749333333333333,4,0.14032481610774994,0.03953585401177406,0.145875,0.11889928579330444,123,False,10,3.639703703703703,1.579615760338652,False,10,miscount,0,SHE SAID NO NO NO NO TO THE OFFER AND THEN LEFT THE ROOM
xtts2,wr_no_t2_k04,2,word_rep,t2,4,4,14,no,14,3.8933333333333335,4,0.13953815400600433,0.05061272159218788,0.13966666666666666,0.1853226125240326,83,False,5,3.639703703703703,1.0696841419732988,True,4,correct,1,SHE SAID NO NO NO NO TO THE OFFER AND THEN LEFT THE ROOM
xtts2,wr_no_t2_k06,0,word_rep,t2,6,6,16,no,15,4.266666666666667,5,0.15086719393730164,0.04798778146505356,0.16579166666666667,0.20692899823188782,91,False,6,4.29037037037037,0.994475138121547,True,5,undercount,0,SHE SAID NO NO NO NO NO TO THE OFFER AND THEN LEFT THE ROOM
xtts2,wr_no_t2_k06,1,word_rep,t2,6,6,16,no,15,5.290666666666667,5,0.1485932320356369,0.04539006948471069,0.12204166666666667,0.3647804856300354,113,False,9,4.29037037037037,1.2331491712707183,False,9,undercount,0,SHE SAID NO NO NO NO NO TO THE OFFER AND THEN LEFT THE ROOM
xtts2,wr_no_t2_k06,2,word_rep,t2,6,6,16,no,15,5.013333333333334,5,0.1510981172323227,0.037523020058870316,0.14129166666666668,0.2188202291727066,107,False,8,4.29037037037037,1.1685082872928179,False,8,undercount,0,SHE SAID NO NO NO NO NO TO THE OFFER AND THEN LEFT THE ROOM
xtts2,wr_no_t2_k08,0,word_rep,t2,8,8,18,no,18,4.778666666666667,8,0.14449480175971985,0.03842736408114433,0.158125,0.40420612692832947,102,False,8,4.941037037037036,0.9671384024946033,True,8,correct,1,SHE SAID NO NO NO NO NO NO NO NO TO THE OFFER AND THEN LEFT THE ROOM
xtts2,wr_no_t2_k08,1,word_rep,t2,8,8,18,no,16,5.984,6,0.13985493779182434,0.03959667682647705,0.14975,0.2819645404815674,128,False,11,4.941037037037036,1.2110817941952507,False,11,undercount,0,SHE SAID NO NO NO NO NO NO TO THE OFFER AND THEN LEFT THE ROOM
xtts2,wr_no_t2_k08,2,word_rep,t2,8,8,18,no,17,5.749333333333333,7,0.14677026867866516,0.03640381246805191,0.14808333333333334,0.21512462198734283,123,False,10,4.941037037037036,1.1635883905013196,False,10,undercount,0,SHE SAID NO NO NO NO NO NO NO TO THE OFFER AND THEN LEFT THE ROOM
xtts2,wr_no_t2_k12,0,word_rep,t2,12,12,22,no,21,5.152,11,0.13844287395477295,0.033002518117427826,0.17016666666666666,0.2218472957611084,110,False,9,6.242370370370368,0.8253275109170308,False,11,undercount,0,SHE SAID NO NO NO NO NO NO NO NO NO NO NO TO THE OFFER AND THEN LEFT THE ROOM
xtts2,wr_no_t2_k12,1,word_rep,t2,12,12,22,no,20,5.429333333333333,10,0.14014789462089539,0.028755655512213707,0.152375,0.25166767835617065,116,False,10,6.242370370370368,0.8697550787924817,True,10,undercount,0,SHE SAID NO NO NO NO NO NO NO NO NO NO TO THE OFFER AND THEN LEFT THE ROOM
xtts2,wr_no_t2_k12,2,word_rep,t2,12,12,22,no,21,6.218666666666667,11,0.13697665929794312,0.028923485428094864,0.149625,0.1388801783323288,133,False,12,6.242370370370368,0.9962027719764575,True,11,undercount,0,SHE SAID NO NO NO NO NO NO NO NO NO NO NO TO THE OFFER AND THEN LEFT THE ROOM
xtts2,wr_no_t2_k16,0,word_rep,t2,16,16,26,no,24,10.026666666666667,13,0.12936931848526,0.02610078454017639,0.15258333333333332,0.19453246891498566,215,False,24,7.543703703703702,1.3291437549096625,False,24,undercount,0,SHE SAID NO NO NO NO NO NO NO NO NNO NO NO NO NO NO TO THE OFFER AND THEN LILELEFT THE ROOM
xtts2,wr_no_t2_k16,1,word_rep,t2,16,16,26,no,23,5.610666666666667,12,0.15124143660068512,0.02308407425880432,0.18020833333333333,0.23932959139347076,120,False,10,7.543703703703702,0.7437549096622155,True,12,undercount,0,SHE SAID NO NO NO NO N NO NO NO NO NO NO NO NO TO THE OFFER AND THEN LEFT THE ROOM
xtts2,wr_no_t2_k16,2,word_rep,t2,16,16,26,no,23,6.314666666666667,13,0.13947324454784393,0.027345838025212288,0.16283333333333333,0.249075785279274,135,False,12,7.543703703703702,0.8370777690494896,True,13,undercount,0,SHE SAID NO NO NO NO NO NO NO NO NO NO NO NO NO TO THE OFFER AND THEN LEFT THE ROOM
xtts2,wr_no_t2_k24,0,word_rep,t2,24,24,34,no,22,7.050666666666666,20,0.14224374294281006,0.018853873014450073,0.17604166666666668,0.22829139232635498,151,False,14,10.146370370370366,0.6948954561383018,False,20,truncation,0,SHE SAID NO NO NO NO NO NO NO NO NO NO NO NO NO NO NO NO NO NO NO NO
xtts2,wr_no_t2_k24,1,word_rep,t2,24,24,34,no,30,13.6,20,0.13336585462093353,0.027856308966875076,0.15620833333333334,0.2634947896003723,292,False,35,10.146370370370366,1.3403807966359076,False,35,undercount,0,SHE SAID NO NO NO NO NO NO NO NO NO NO NO NO NO NO NO NO NO NO NO NO TO THE OFFER AND THEN LEFT THE ROOM
xtts2,wr_no_t2_k24,2,word_rep,t2,24,24,34,no,31,8.448,20,0.15219536423683167,0.02523745968937874,0.15254166666666666,0.26925942301750183,181,False,19,10.146370370370366,0.8326130124985403,True,20,undercount,0,SHE SAID NO NO NO NO NO NO NO NO NO NO NO NO NO NONO NO NO NO NO NO NO NO TO THE OFFER AND THEN LEFT THE ROOM
xtts2,wr_no_t2_k32,0,word_rep,t2,32,32,42,no,17,4.597333333333333,15,0.1545947790145874,0.016590692102909088,0.206875,0.349123477935791,98,False,7,12.749037037037033,0.3606023984382264,False,15,truncation,0,SHE SAID NO NO NO NO NO NO NO NO NO NO NO NO NO NO NO
xtts2,wr_no_t2_k32,1,word_rep,t2,32,32,42,no,36,17.546666666666667,25,0.12843723595142365,0.022532479837536812,0.11475,0.1589347869157791,377,False,47,12.749037037037033,1.3763130984475231,False,47,undercount,0,SHE SAID NO NO NO NO NO NO NO NO NO NO NO NO NO NO NO NO NO NO DO NO NO NO NO NO NO NO TO THE OFFER AND THEN LEFT THE ROOM
xtts2,wr_no_t2_k32,2,word_rep,t2,32,32,42,no,17,4.682666666666667,15,0.15892888605594635,0.015166726894676685,0.18754166666666666,0.25212380290031433,100,False,7,12.749037037037033,0.3672957144185183,False,15,truncation,0,SHE SAID NO NO NO NO NO NO NO NO NO NO NO NO NO NO NO
xtts2,wr_quick_t5_k01,0,word_rep,t5,1,1,8,quick,8,2.08,1,0.15328072011470795,0.048563770949840546,0.13925,0.18477335572242737,44,False,1,1.9889230769230766,1.045792079207921,True,1,correct,1,THE RUNNER MOVED QUICK ALONG THE NARROW PATH
xtts2,wr_quick_t5_k01,1,word_rep,t5,1,1,8,quick,8,1.9413333333333334,1,0.1552990823984146,0.021359343081712723,0.16908333333333334,0.20398862659931183,41,False,1,1.9889230769230766,0.9760726072607263,True,1,correct,1,THE RUNNER MOVED QUICK ALONG THE NARROW PATH
xtts2,wr_quick_t5_k01,2,word_rep,t5,1,1,8,quick,8,2.037333333333333,1,0.16274264454841614,0.009700067341327667,0.14291666666666666,0.2221839725971222,43,False,1,1.9889230769230766,1.0243399339933994,True,1,correct,1,THE RUNNER MOVED QUICK ALONG THE NARROW PATH
xtts2,wr_quick_t5_k02,0,word_rep,t5,2,2,9,quick,9,2.368,2,0.15352797508239746,0.015530805103480816,0.16254166666666667,0.21014943718910217,50,False,2,2.720820512820512,0.8703256936067553,True,2,correct,1,THE RUNNER MOVED QUICK QUICK ALONG THE NARROW PATH
xtts2,wr_quick_t5_k02,1,word_rep,t5,2,2,9,quick,9,2.784,2,0.15127800405025482,0.021237311884760857,0.15616666666666668,0.25403285026550293,59,False,2,2.720820512820512,1.0232207478890232,True,2,correct,1,THE RUNNER MOVED QUICK QUICK ALONG THE NARROW PATH
xtts2,wr_quick_t5_k02,2,word_rep,t5,2,2,9,quick,9,2.8266666666666667,2,0.1488218456506729,0.03872820734977722,0.15433333333333332,0.23550282418727875,60,False,2,2.720820512820512,1.0389022919179738,True,2,correct,1,THE RUNNER MOVED QUICK QUICK ALONG THE NARROW PATH
xtts2,wr_quick_t5_k03,0,word_rep,t5,3,3,10,quick,10,2.8693333333333335,3,0.14452293515205383,0.036322906613349915,0.16733333333333333,0.23019835352897644,61,False,2,3.452717948717948,0.831036121673004,True,3,correct,1,THE RUNNER MOVED QUICK QUICK QUICK ALONG THE NARROW PATH
xtts2,wr_quick_t5_k03,1,word_rep,t5,3,3,10,quick,10,4.128,3,0.1348830908536911,0.03993836045265198,0.16,0.1591995656490326,88,False,4,3.452717948717948,1.1955798479087456,True,3,correct,1,THE RUNNER MOVED QUICK QUICK QUICK ALONG THE NARROW PATH
xtts2,wr_quick_t5_k03,2,word_rep,t5,3,3,10,quick,9,3.6586666666666665,2,0.14396438002586365,0.05688486620783806,0.16029166666666667,0.23693814873695374,78,False,3,3.452717948717948,1.0596482889733843,True,2,undercount,0,THE RUNNER MOVED QUICK QUICK ALONG THE NARROW PATH
xtts2,wr_quick_t5_k04,0,word_rep,t5,4,4,11,quick,11,3.712,4,0.14127494394779205,0.04877600446343422,0.12816666666666668,0.15553757548332214,79,False,3,4.184615384615384,0.8870588235294119,True,4,correct,1,THE RUNNER MOVES QUICK QUICK QUICK QUICK ALONG THE NARROW PATH
xtts2,wr_quick_t5_k04,1,word_rep,t5,4,4,11,quick,10,4.224,3,0.1443198025226593,0.04366961121559143,0.15070833333333333,0.18894368410110474,90,False,4,4.184615384615384,1.0094117647058825,True,3,undercount,0,THE RUNNER MOVED QUICK QUICK QUICK ALONG THE NARROW PATH
xtts2,wr_quick_t5_k04,2,word_rep,t5,4,4,11,quick,10,4.128,3,0.14089065790176392,0.05663440003991127,0.15083333333333335,0.23040077090263367,88,False,4,4.184615384615384,0.9864705882352943,True,3,undercount,0,THE RUNNER MOVED QUICK QUICK QUICK ALONG THE NARROW PATH
xtts2,wr_quick_t5_k06,0,word_rep,t5,6,6,13,quick,12,4.736,5,0.14292894303798676,0.04694589599967003,0.12054166666666667,0.2125943899154663,101,False,5,5.648410256410255,0.8384660081348055,True,5,undercount,0,THE RUNNER MOVES QUICK QUICK QUICK QUICK QUICK ALONG THE NARROW PATH
xtts2,wr_quick_t5_k06,1,word_rep,t5,6,6,13,quick,12,3.3813333333333335,5,0.1598869413137436,0.019213605672121048,0.14558333333333334,0.18940016627311707,72,False,3,5.648410256410255,0.5986345148169671,False,5,truncation,0,THE RUNNER MOVED QUICK QUICK QUICK QUICK QUICK ALONG THE NARROW PATH
xtts2,wr_quick_t5_k06,2,word_rep,t5,6,6,13,quick,12,4.736,4,0.1347380429506302,0.05478835478425026,0.14575,0.22055619955062866,101,False,5,5.648410256410255,0.8384660081348055,True,4,undercount,0,THE RUNNER MOVED QUICK QUICK QUICK QUICK WICK ALONG THE NARROW PATH
xtts2,wr_quick_t5_k08,0,word_rep,t5,8,8,15,quick,13,4.917333333333334,6,0.14327363669872284,0.04886498302221298,0.14766666666666667,0.22971314191818237,105,False,5,7.112205128205128,0.6913936317489617,True,6,truncation,0,THE RUNNER MOVED QUICK QUICK QUICK QUICK QUICK QUICK ALONG THE NARROW PATH
xtts2,wr_quick_t5_k08,1,word_rep,t5,8,8,15,quick,14,5.333333333333333,7,0.13665024936199188,0.04392129182815552,0.16241666666666665,0.23781029880046844,114,False,6,7.112205128205128,0.7498846331333641,True,7,undercount,0,THE RUNNER MOVES QUICK QUICK QUICK QUICK QUICK QUICK QUICK ALONG THE NARROW PATH
xtts2,wr_quick_t5_k08,2,word_rep,t5,8,8,15,quick,14,5.664,7,0.12763528525829315,0.05513206496834755,0.14791666666666667,0.19494445621967316,121,False,6,7.112205128205128,0.7963774803876327,True,7,undercount,0,THE RUNNER MOVED QUICK QUICK QUICK QUICK QUICK QUICK QUICK ALONG THE NARROW PATH
xtts2,wr_quick_t5_k12,0,word_rep,t5,12,12,19,quick,16,7.754666666666667,9,0.12469598650932312,0.03930538892745972,0.11283333333333333,0.217331200838089,166,False,9,10.03979487179487,0.7723929388689116,True,9,undercount,0,THE RUNNER MOVED QUICK QUICK QUICK QUICK QUICK QUICK QUICK QUICK QUICK ALONG THE NARROW PATH
xtts2,wr_quick_t5_k12,1,word_rep,t5,12,12,19,quick,17,7.008,10,0.1295221596956253,0.04603026062250137,0.12229166666666667,0.2120353728532791,150,False,8,10.03979487179487,0.6980222294867605,False,10,truncation,0,THE RUNNER MOVES QUICK QUICK QUICK QUICK QUICK QUICK QUICK QUICK QUICK QUICK ALONG THE NARROW PATH
xtts2,wr_quick_t5_k12,2,word_rep,t5,12,12,19,quick,16,6.592,8,0.13362377882003784,0.049240026623010635,0.15279166666666666,0.2084437608718872,141,False,7,10.03979487179487,0.6565871199738478,True,8,truncation,0,THE RUNNER MOVED QUICK UICK QUICK QUICK QUICK QUICK QUICK QUICK QUICK ALONG THE NARROW PATH
xtts2,wr_quick_t5_k16,0,word_rep,t5,16,16,23,quick,20,7.466666666666667,11,0.13390731811523438,0.0542229488492012,0.13845833333333332,0.19321918487548828,160,False,8,12.967384615384614,0.5758035940268288,False,11,truncation,0,THE RUNNER MOVED QUICK QUICK QUICK QUICK UICK UICK QUICK QUICK QUICK QUICK QUICK QUICK QUICK ALONG THE NARROW PATH
xtts2,wr_quick_t5_k16,1,word_rep,t5,16,16,23,quick,19,9.045333333333334,12,0.12123814970254898,0.05693138390779495,0.13958333333333334,0.17808562517166138,194,False,11,12.967384615384614,0.6975449253353583,True,12,truncation,0,THE RUNNER MOVED QUICK QUICK QUICK QUICK QUICK QUICK QUICK QUICK QUICK QUICK QUICK QUICK ALONG THE NARROW PATH
xtts2,wr_quick_t5_k16,2,word_rep,t5,16,16,23,quick,21,8.629333333333333,12,0.1275167018175125,0.05406344309449196,0.11829166666666667,0.2040194571018219,185,False,10,12.967384615384614,0.6654644393824349,True,12,truncation,0,THE RUNNER MOVED QUICK UICK QUICK QUICK QUICK QUICK QUICK QUICK QUICK QUICK QUICK QUICK QUICK ALONG THE NARROW PATH AH
xtts2,wr_quick_t5_k24,0,word_rep,t5,24,24,31,quick,26,10.773333333333333,19,0.1279377043247223,0.06498847156763077,0.15633333333333332,0.2932796776294708,231,False,13,18.8225641025641,0.5723626852659112,False,19,truncation,0,THE RUNNER MOVED QUICK QUICK QUICK QUICK QUICK QUICK QUICK QUICK QUICK QUICK QUICK QUICK QUICK QUICK QUICK QUICK QUICK QUICK QUICK ALONG THE NARROW PATH
xtts2,wr_quick_t5_k24,1,word_rep,t5,24,24,31,quick,28,6.538666666666667,20,0.13134372234344482,0.01306335348635912,0.15729166666666666,0.17695091664791107,140,False,7,18.8225641025641,0.347384481255449,False,20,truncation,0,THE RUNNER MOVED QUICK QUICK QUICK QUICK QUICK QUICK QUICK QUICK QUICK QUICK QUICK QUICK QUICK QUICK QUICK QUICK QUICK QUICK QUICK UICK QUICK ALONG THE NARROW PATH
xtts2,wr_quick_t5_k24,2,word_rep,t5,24,24,31,quick,27,10.858666666666666,19,0.12209685891866684,0.04811013862490654,0.13966666666666666,0.15708990395069122,233,False,13,18.8225641025641,0.5768962510897995,False,19,truncation,0,THE RUNNER MOVED QUICK QUICK QUICK UICK QUICK QUICK QUICK QUICK QUICK QUICK QUICK QUICK QUICK QUICK QUICK QUICK QUICK QUICK QUICK QUICK ALONG THE NARROW PATH
xtts2,wr_quick_t5_k32,0,word_rep,t5,32,32,39,quick,35,7.466666666666667,25,0.14360402524471283,0.010969351045787334,0.135,0.1577649861574173,160,False,8,24.67774358974359,0.3025668306955712,False,25,truncation,0,THE RUNNER MOVED QUICK QUICK QUICK QUICK QUICK QUICK QUICK QUICK QUICK QUICK QUICK QUICK QUICK QUICK QUICK QUICK QUICK QUICK QUICK QUICK QUICK QUICK QUICK UICK UICK QUICK QUICK UICK ALONG THE NARROW PATH
xtts2,wr_quick_t5_k32,1,word_rep,t5,32,32,39,quick,34,11.466666666666667,24,0.11396612972021103,0.04616086184978485,0.12308333333333334,0.23443880677223206,246,False,14,24.67774358974359,0.4646562042824844,False,24,truncation,0,THE RUNNER MOVED QUICK QUICK QUICK QUICK UICK UICK QUICK QUICK QUICK QUICK QUICK QUICK QUICK QUICK QUICK QUICK QUICK QUICK QUICK QUICK QUICK QUICK QUICK QUICK QUICK QUICK UICK ALONG THE NARROW PATH
xtts2,wr_quick_t5_k32,2,word_rep,t5,32,32,39,quick,34,9.696,26,0.14004449546337128,0.01945091411471367,0.13533333333333333,0.12158912420272827,208,False,12,24.67774358974359,0.39290464157467747,False,26,truncation,0,THE RUNNER MOVES QUICK QUICK QUICK QUICK QUICK QUICK QUICK QUICK QUICK QUICK QUICK QUICK QUICK QUICK UICK QUICK QUICK QUICK QUICK QUICK QUICK QUICK QUICK QUICK QUICK QUICK QUICK ALONG THE NARROW PATH
xtts2,wr_really_t6_k01,0,word_rep,t6,1,1,8,really,8,2.272,1,0.13309215009212494,0.025399306789040565,0.14358333333333334,0.22076058387756348,48,False,1,2.3231452991452985,0.9779844596185544,True,1,correct,1,THEY WERE REALLY TIRED AFTER THE LONG JOURNEY
xtts2,wr_really_t6_k01,1,word_rep,t6,1,1,8,really,8,2.2186666666666666,1,0.13641317188739777,0.02376207895576954,0.13383333333333333,0.16185861825942993,47,False,1,2.3231452991452985,0.9550270779373677,True,1,correct,1,THEY WERE REALLY TIRED AFTER THE LONG JOURNEY
xtts2,wr_really_t6_k01,2,word_rep,t6,1,1,8,really,8,2.368,1,0.14183522760868073,0.023599306121468544,0.16495833333333335,0.17872397601604462,50,False,1,2.3231452991452985,1.0193077466446905,True,1,correct,1,THEY WERE REALLY TIRED AFTER THE LONG JOURNEY
xtts2,wr_really_t6_k02,0,word_rep,t6,2,2,9,really,9,2.5493333333333332,2,0.1282988041639328,0.018223268911242485,0.16070833333333334,0.2732648253440857,54,False,1,2.8452649572649564,0.8959915409016632,True,2,correct,1,THEY WERE REALLY REALLY TIRED AFTER THE LONG JOURNEY
xtts2,wr_really_t6_k02,1,word_rep,t6,2,2,9,really,9,2.8266666666666667,2,0.1329459249973297,0.018100351095199585,0.15891666666666668,0.19624130427837372,60,False,2,2.8452649572649564,0.9934634240123045,True,2,correct,1,THEY WERE REALLY REALLY TIRED AFTER THE LONG JOURNEY
xtts2,wr_really_t6_k02,2,word_rep,t6,2,2,9,really,9,3.3813333333333335,2,0.13235601782798767,0.01570434682071209,0.16520833333333335,0.1900390386581421,72,False,3,2.8452649572649564,1.1884071902335869,True,2,correct,1,THEY WERE REALLY REALLY TIRED AFTER THE LONG JOURNEY
xtts2,wr_really_t6_k03,0,word_rep,t6,3,3,10,really,11,4.224,4,0.13226266205310822,0.01409770268946886,0.166,0.23104794323444366,90,False,5,3.3673846153846148,1.254385964912281,True,4,overcount,0,THEY WERE REALLY REALLY REALLY REALLY TIRED AFTER THE LONG JOURNEY
xtts2,wr_really_t6_k03,1,word_rep,t6,3,3,10,really,10,3.2426666666666666,3,0.144688680768013,0.017883239313960075,0.135625,0.2737097144126892,69,False,3,3.3673846153846148,0.9629629629629631,True,3,correct,1,THEY WERE REALLY REALLY REALLY TIRED AFTER THE LONG JOURNEY
xtts2,wr_really_t6_k03,2,word_rep,t6,3,3,10,really,10,3.3813333333333335,3,0.13635988533496857,0.012950534000992775,0.1685,0.15002574026584625,72,False,3,3.3673846153846148,1.0041423001949321,True,3,correct,1,THEY WERE REALLY REALLY REALLY TIRED AFTER THE LONG JOURNEY
xtts2,wr_really_t6_k04,0,word_rep,t6,4,4,11,really,11,4.544,4,0.12335614860057831,0.01590580865740776,0.16883333333333334,0.28518277406692505,97,False,5,3.889504273504272,1.1682722733984954,True,4,correct,1,THEY WERE REALLY REALLY REALLY REALLY TIRED AFTER THE LONG JOURNEY
xtts2,wr_really_t6_k04,1,word_rep,t6,4,4,11,really,11,3.7546666666666666,4,0.1458723545074463,0.015158357098698616,0.16458333333333333,0.268588125705719,80,False,4,3.889504273504272,0.9653329583011043,True,4,correct,1,THEY WERE REALLY REALLY REALLY REALLY TIRED AFTER THE LONG JOURNEY
xtts2,wr_really_t6_k04,2,word_rep,t6,4,4,11,really,12,5.0986666666666665,5,0.13636568188667297,0.021828560158610344,0.14054166666666668,0.24984289705753326,109,False,6,3.889504273504272,1.3108782786020678,True,5,overcount,0,THEY WERE REALLY REALLY REALLY REALLY REALLY TIRED AFTER THE LONG JOURNEY
xtts2,wr_really_t6_k06,0,word_rep,t6,6,6,13,really,13,4.64,6,0.13012126088142395,0.0099045904353261,0.161125,0.17271152138710022,99,False,5,4.933743589743589,0.9404623316148346,True,6,correct,1,THEY WERE REALLY REALLY REALLY REALLY REALLY REALLY TIRED AFTER THE LONG JOURNEY
xtts2,wr_really_t6_k06,1,word_rep,t6,6,6,13,really,12,4.1706666666666665,5,0.14001601934432983,0.014192997477948666,0.172,0.2252538651227951,89,False,5,4.933743589743589,0.845335107267587,True,5,undercount,0,THEY WERE REALLY REALLY REALLY REALLY REALLY TIRED AFTER THE LONG JOURNEY
xtts2,wr_really_t6_k06,2,word_rep,t6,6,6,13,really,13,5.888,6,0.12443514168262482,0.012120996601879597,0.14004166666666668,0.2739250957965851,126,False,8,4.933743589743589,1.1934142690836522,False,8,correct,1,THEY WERE REALLY REALLY REALLY REALLY REALLY REALLY TIRED AFTER THE LONG JOURNEY
xtts2,wr_really_t6_k08,0,word_rep,t6,8,8,15,really,15,5.472,8,0.1267714500427246,0.010539834387600422,0.17416666666666666,0.2058638036251068,117,False,7,5.977982905982905,0.9153589239145357,True,8,correct,1,THEY WERE REALLY REALLY REALLY REALLY REALLY REALLY REALLY REALLY TIRED AFTER THE LONG JOURNEY
xtts2,wr_really_t6_k08,1,word_rep,t6,8,8,15,really,15,5.888,8,0.1460157036781311,0.0176896583288908,0.14741666666666667,0.1871458739042282,126,False,8,5.977982905982905,0.9849476140366933,True,8,correct,1,THEY WERE REALLY REALLY REALLY REALLY REALLY REALLY REALLY REALLY TIRED AFTER THE LONG JOURNEY
xtts2,wr_really_t6_k08,2,word_rep,t6,8,8,15,really,15,6.218666666666667,7,0.12866075336933136,0.00922213215380907,0.16079166666666667,0.13658514618873596,133,False,8,5.977982905982905,1.0402617010568698,True,7,undercount,0,THEY WERE REALLY REALLLY REALLY REALLY REALLY REALLY REALLY REALLY TIRED AFTER THE LONG JOURNEY
xtts2,wr_really_t6_k12,0,word_rep,t6,12,12,19,really,18,6.826666666666667,11,0.12098196893930435,0.0073788706213235855,0.16379166666666667,0.20810849964618683,146,False,10,8.066461538461537,0.8463025124605841,True,11,undercount,0,THEY WERE REALLY REALLY REALLY REALLY REALLY REALLY REALLY REALLY REALLY REALLY REALLY TIRED AFTER THE LONG JOURNEY
xtts2,wr_really_t6_k12,1,word_rep,t6,12,12,19,really,18,6.538666666666667,10,0.13193199038505554,0.012886647135019302,0.12083333333333333,0.16153420507907867,140,False,9,8.066461538461537,0.8105991252161532,True,10,undercount,0,THEY WERE REALLY REALLY REALLY REALLY REALLY REALLY REALL REALLY REALLY REALLY REALLY TIRED AFTER THE LONG JOURNEY
xtts2,wr_really_t6_k12,2,word_rep,t6,12,12,19,really,18,7.701333333333333,11,0.13366879522800446,0.015130646526813507,0.16241666666666665,0.15439051389694214,165,False,11,8.066461538461537,0.9547350218695964,True,11,undercount,0,THEY WERE REALLY REALLY REALLY REALLY REALLY REALLY REALLY REALLY REALLY REALLY REALLY TIRED AFTER THE LONG JOURNEY
xtts2,wr_really_t6_k16,0,word_rep,t6,16,16,23,really,23,8.96,16,0.12138380855321884,0.005812343209981918,0.166,0.1449512541294098,192,False,14,10.154940170940169,0.8823291766543675,True,16,correct,1,THEY WERE REALLY REALLY REALLY REALLY REALLY REALLY REALLY REALLY REALLY REALLY REALLY REALLY REALLY REALLY REALLY REALLY TIRED AFTER THE LONG JOURNEY
xtts2,wr_really_t6_k16,1,word_rep,t6,16,16,23,really,21,8.309333333333333,13,0.12026724964380264,0.024953965097665787,0.13320833333333335,0.14012578129768372,178,False,12,10.154940170940169,0.8182552721592288,True,13,undercount,0,THEY WERE REALLY REALLY REALLY REALLY REALLY REALLY REALLY REALLY REALLY REALLY REALLY REALLY REALL REALLY TIRED AFTER THE LONG JOURNEY
xtts2,wr_really_t6_k16,2,word_rep,t6,16,16,23,really,22,8.586666666666666,15,0.1221369132399559,0.011359241791069508,0.12079166666666667,0.2449699342250824,184,False,13,10.154940170940169,0.8455654609604354,True,15,undercount,0,THEY WERE REALLY REALLY REALLY REALLY REALLY REALLY REALLY REALLY REALLY REALLY REALLY REALLY REALLY REALLY REALLY TIRED AFTER THE LONG JOURNEY
xtts2,wr_really_t6_k24,0,word_rep,t6,24,24,31,really,33,11.786666666666667,25,0.12863753736019135,0.006390569731593132,0.13583333333333333,0.3304007351398468,253,False,19,14.331897435897433,0.8224079693135629,False,25,overcount,0,THEY WERE REALLY REALLY REALLY REALLY REALLY REALLY REALLY REALLY REALLY REALLY REALLY REALLY REALLY REALLY REALLY REALLY REALLY REALLY REALLY REALLY REALLY REALLY REALLY REALLY REALLY REALL RETIRED AFTER THE LONG JOURNEY
xtts2,wr_really_t6_k24,1,word_rep,t6,24,24,31,really,31,16.48,24,0.12841829657554626,0.01655387319624424,0.1445,0.1553482711315155,354,False,28,14.331897435897433,1.1498826358275607,False,28,correct,1,THEY WERE REALLY REALLY REALLY REALLY REALLY REALLY REALLY REALLY REALLY REALLY REALLY REALLY REALLY REALLY REALLY REALLY REALLY REALLY REALLY REALLY REALLY REALLY REALLY REALLY TIRED AFTER THE LONG JOURNEY
xtts2,wr_really_t6_k24,2,word_rep,t6,24,24,31,really,32,11.701333333333332,25,0.12195002287626266,0.0052216933108866215,0.16716666666666666,0.1886877715587616,251,False,19,14.331897435897433,0.8164538844678537,False,25,overcount,0,THEY WERE REALLY REALLY REALLY REALLY REALLY REALLY REALLY REALLY REALLY REALLY REALLY REALLY REALLY REALLY REALLY REALLY REALLY REALLY REALLY REALLY REALLY REALLY REALLY REALLY REALLY TIRED AFTER THE LONG JOURN
xtts2,wr_really_t6_k32,0,word_rep,t6,32,32,39,really,42,19.594666666666665,37,0.13179226219654083,0.010240335017442703,0.18625,0.3296266496181488,421,False,34,18.508854700854695,1.0586644599766526,True,37,overcount,0,THEY WERE REALLY REALLY REALLY REALLY REALLY REALLY REALLY REALLY REALLY REALLY REALLY REALLY REALLY REALLY REALLY REALLY REALLY REALLY REALLY REALLY REALLY REALLY REALLY REALLY REALLY REALLY REALLY REALLY REALLY REALLY REALLY REALLY REALLY REALLY REALLY REALLY REALLY RETIRED AFTER T
xtts2,wr_really_t6_k32,1,word_rep,t6,32,32,39,really,39,17.738666666666667,35,0.12607692182064056,0.011809248477220535,0.1125,0.21295055747032166,381,False,31,18.508854700854695,0.9583881311601381,True,35,overcount,0,THEY WERE REALLY REALLY REALLY REALLY REALLY REALLY REALLY REALLY REALLY REALLY REALLY REALLY REALLY REALLY REALLY REALLY REALLY REALLY REALLY REALLY REALLY REALLY REALLY REALLY REALLY REALLY RE REALLY REALLY REALLY REALLY REALLY REALLY REALLY REALLY REALLY IRE
xtts2,wr_really_t6_k32,2,word_rep,t6,32,32,39,really,41,24.704,35,0.10720297694206238,0.024172121658921242,0.12154166666666667,0.30501747131347656,531,False,44,18.508854700854695,1.3347125145922307,False,44,overcount,0,THEY WERE REALLY REALLY REALLY REALLY REALLY REALLY REALLY REALLY REALLY REALLY REALLY REALLY REALLY REALLY REALLY REALLY REALLY REALLY REALLY REALLY REALLY REALLY REALLY REALLY REALLY REALLY REALLY REALLY REALLY REALLY REALLY REALLY REALLY REALLY REALLY AFTAFTER THE LONG JOURNEY
xtts2,wr_very_t1_k01,0,word_rep,t1,1,1,11,very,11,2.9226666666666667,1,0.13624835014343262,0.037688661366701126,0.15054166666666666,0.10583518445491791,62,False,2,2.700444444444445,1.0822909809084922,True,1,correct,1,THE DOG WAS VERY BIG AND IT RAN ACROSS THE FIELD
xtts2,wr_very_t1_k01,1,word_rep,t1,1,1,11,very,11,2.272,1,0.13832423090934753,0.02838718518614769,0.13920833333333332,0.36802101135253906,48,False,0,2.700444444444445,0.8413429888084264,True,1,correct,1,THE DOG WAS VERY BIG AND IT RAN ACROSS THE FIELD
xtts2,wr_very_t1_k01,2,word_rep,t1,1,1,11,very,11,3.0613333333333332,1,0.13261932134628296,0.04169999063014984,0.152625,0.16565895080566406,65,False,2,2.700444444444445,1.1336405529953915,True,1,correct,1,THE DOG WAS VERY BIG AND IT RAN ACROSS THE FIELD
xtts2,wr_very_t1_k02,0,word_rep,t1,2,2,12,very,12,3.2,2,0.1358736902475357,0.03143460676074028,0.17525,0.13363125920295715,68,False,2,3.132444444444445,1.021566401816118,True,2,correct,1,THE DOG WAS VERY VERY BIG AND IT RAN ACROSS THE FIELD
xtts2,wr_very_t1_k02,1,word_rep,t1,2,2,12,very,12,2.6453333333333333,2,0.13416533172130585,0.028063060715794563,0.15245833333333333,0.15363362431526184,56,False,1,3.132444444444445,0.8444948921679908,True,2,correct,1,THE DOG WAS VERY VERY BIG AND IT RAN ACROSS THE FIELD
xtts2,wr_very_t1_k02,2,word_rep,t1,2,2,12,very,12,3.2426666666666666,2,0.1343853771686554,0.028635112568736076,0.15383333333333332,0.2304983139038086,69,False,2,3.132444444444445,1.035187287173666,True,2,correct,1,THE DOG WAS VERY VERY BIG AND IT RAN ACROSS THE FIELD
xtts2,wr_very_t1_k03,0,word_rep,t1,3,3,13,very,13,3.712,3,0.1334400624036789,0.029398001730442047,0.17425,0.19734790921211243,79,False,3,3.5644444444444447,1.0413965087281796,True,3,correct,1,THE DOG WAS VERY VERY VERY BIG AND IT RAN ACROSS THE FIELD
xtts2,wr_very_t1_k03,1,word_rep,t1,3,3,13,very,13,3.477333333333333,3,0.13045085966587067,0.02802187018096447,0.14670833333333333,0.28117746114730835,74,False,3,3.5644444444444447,0.9755610972568577,True,3,correct,1,THE DOG WAS VERY VERY VERY BIG AND IT RAN ACROSS THE FIELD
xtts2,wr_very_t1_k03,2,word_rep,t1,3,3,13,very,13,3.6586666666666665,3,0.1274019479751587,0.024913925677537918,0.15516666666666667,0.31591901183128357,78,False,3,3.5644444444444447,1.02643391521197,True,3,correct,1,THE DOG WAS VERY VERY VERY BIG AND IT RAN ACROSS THE FIELD
xtts2,wr_very_t1_k04,0,word_rep,t1,4,4,14,very,14,4.309333333333333,4,0.13854585587978363,0.02667815610766411,0.157375,0.2355654239654541,92,False,5,3.996444444444445,1.078291814946619,True,4,correct,1,THE DOG WAS VERY VERY VERY VERY BIG AND IT RAN ACROSS THE FIELD
xtts2,wr_very_t1_k04,1,word_rep,t1,4,4,14,very,14,3.3813333333333335,4,0.14577896893024445,0.022251566872000694,0.14641666666666667,0.26070648431777954,72,False,3,3.996444444444445,0.846085409252669,True,4,correct,1,THE DOG WAS VERY VERY VERY VERY BIG AND IT RAN ACROSS THE FIELD
xtts2,wr_very_t1_k04,2,word_rep,t1,4,4,14,very,14,4.1706666666666665,4,0.13657358288764954,0.03029702603816986,0.168,0.13012489676475525,89,False,4,3.996444444444445,1.0435943060498218,True,4,correct,1,THE DOG WAS VERY VERY VERY VERY BIG AND IT RAN ACROSS THE FIELD
xtts2,wr_very_t1_k06,0,word_rep,t1,6,6,16,very,15,4.597333333333333,5,0.1284213364124298,0.02860572189092636,0.14970833333333333,0.1662272810935974,98,False,5,4.860444444444445,0.9458668617410386,True,5,undercount,0,THE DOG WAS VERY VERY VERY VERY VERY BIG AND IT RAN ACROSS THE FIELD
xtts2,wr_very_t1_k06,1,word_rep,t1,6,6,16,very,15,4.032,5,0.15002836287021637,0.022853311151266098,0.14920833333333333,0.21620303392410278,86,False,4,4.860444444444445,0.8295537673738111,True,5,undercount,0,THE DOG WAS VERY VERY VERY VERY VERY BIG AND IT RAN ACROSS THE FIELD
xtts2,wr_very_t1_k06,2,word_rep,t1,6,6,16,very,16,4.544,6,0.13931424915790558,0.017852554097771645,0.16175,0.17707225680351257,97,False,5,4.860444444444445,0.934893928310168,True,6,correct,1,THE DOG WAS VERY VERY VERY VERY VERY VERY BIG AND IT RAN ACROSS THE FIELD
xtts2,wr_very_t1_k08,0,word_rep,t1,8,8,18,very,18,6.176,8,0.12679916620254517,0.02366306260228157,0.144375,0.2983798086643219,132,False,9,5.724444444444446,1.0788819875776394,True,8,correct,1,THE DOG WAS VERY VERY VERY VERY VERY VERY VERY VERY BIG AND IT RAN ACROSS THE FIELD
xtts2,wr_very_t1_k08,1,word_rep,t1,8,8,18,very,18,6.08,8,0.15621402859687805,0.02357816882431507,0.18125,0.18032144010066986,130,False,9,5.724444444444446,1.0621118012422357,True,8,correct,1,THE DOG WAS VERY VERY VERY VERY VERY VERY VERY VERY BIG AND IT RAN ACROSS THE FIELD
xtts2,wr_very_t1_k08,2,word_rep,t1,8,8,18,very,17,6.261333333333333,7,0.13236869871616364,0.016039704903960228,0.15920833333333334,0.20934227108955383,134,False,9,5.724444444444446,1.0937888198757761,False,9,undercount,0,THE DOG WAS VERY VERY VERY VERY VERY VERY VERY BIG AND IT RAN ACROSS THE FIELD
xtts2,wr_very_t1_k12,0,word_rep,t1,12,12,22,very,18,7.978666666666666,10,0.12207048386335373,0.05825241655111313,0.15283333333333332,0.20973408222198486,171,False,13,7.452444444444446,1.0706106870229004,False,13,undercount,0,THE DOG WAS VERY VERY VERY VERY VERY VERY VERY VERY VERY VERY THER RAN ACROSS THE FIELD
xtts2,wr_very_t1_k12,1,word_rep,t1,12,12,22,very,22,8.309333333333333,11,0.1281237006187439,0.037281494587659836,0.14858333333333335,0.30096226930618286,178,False,14,7.452444444444446,1.114980916030534,False,14,undercount,0,THE DOG WAS VERY VERY VERY VERY VERY VERY VERY VERY VERY VERY VERY VEY BIG AND IT RAN ACROSS THE FIELD
xtts2,wr_very_t1_k12,2,word_rep,t1,12,12,22,very,15,6.453333333333333,11,0.12849882245063782,0.02993704564869404,0.18279166666666666,0.16914236545562744,138,False,10,7.452444444444446,0.8659351145038165,True,11,undercount,0,THE DOG WAS VERY VERY VERY VERY VERY VERY VERY VERY VERY VERY VERY BIG
xtts2,wr_very_t1_k16,0,word_rep,t1,16,16,26,very,26,11.189333333333334,16,0.12776979804039001,0.05022338405251503,0.14233333333333334,0.1661837249994278,240,False,21,9.180444444444447,1.2188226181254838,False,21,correct,1,THE DOG WAS VERY VERY VERY VERY VERY VERY VERY VERY VERY VERY VERY VERY VERY VERY VERY VERY BIG AND IT RAN ACROSS THE FIELD
xtts2,wr_very_t1_k16,1,word_rep,t1,16,16,26,very,25,12.437333333333333,17,0.12348714470863342,0.059187646955251694,0.10791666666666666,0.2195810228586197,267,False,24,9.180444444444447,1.354763749031758,False,24,overcount,0,THE DOG WAS VERY VERY VERY VERY VERY VERY VERY VERY VERY VERY VERY VERY VERY VERY VERY VERY VERY VAR RAN ACROSS THE FIELD
xtts2,wr_very_t1_k16,2,word_rep,t1,16,16,26,very,26,10.122666666666667,16,0.1269126832485199,0.020396638661623,0.16954166666666667,0.19818571209907532,217,False,18,9.180444444444447,1.1026336173508906,True,16,correct,1,THE DOG WAS VERY VERY VERY VERY VERY VERY VERY VERY VERY VERY VERY VERY VERY VERY VERY VERY BIG AND IT RAN ACROSS THE FIELD
xtts2,wr_very_t1_k24,0,word_rep,t1,24,24,34,very,27,13.365333333333334,24,0.09901176393032074,0.05509717017412186,0.13820833333333332,0.397250235080719,287,False,26,12.636444444444448,1.0576814856499717,True,24,correct,1,THE DOG WAS VERY VERY VERY VERY VERY VERY VERY VERY VERY VERY VERY VERY VERY VERY VERY VERY VERY VERY VERY VERY VERY VERY VERY VERY
xtts2,wr_very_t1_k24,1,word_rep,t1,24,24,34,very,32,10.773333333333333,29,0.1217740997672081,0.013555964455008507,0.20233333333333334,0.3179217576980591,231,False,20,12.636444444444448,0.852560495216657,False,29,overcount,0,THE DOG WAS VERY VERY VERY VERY VERY VERY VERY VERY VERY VERY VERY VERY VERY VERY VERY VERY VERY VERY VERY VERY VERY VERY VERY VERY VERY VERY VERY VERY VERY
xtts2,wr_very_t1_k24,2,word_rep,t1,24,24,34,very,40,27.018666666666668,29,0.10618585348129272,0.035081516951322556,0.09579166666666666,0.135018989443779,581,False,57,12.636444444444448,2.1381541924592002,False,57,loop,0,THE DOG WAS VERY VERY VERY VERY VERY VERY VERY VERY VERY VERY VERY VERY VERY VERY VERY VERY VERY VERY VERY VERY VERY VERY VERY VERY VERY VERY VERY VERY VERY IG IN A RAN ACROSS THE FIELD OR
xtts2,wr_very_t1_k32,0,word_rep,t1,32,32,42,very,44,24.981333333333332,28,0.10974244773387909,0.04104672372341156,0.10575,0.2362685650587082,537,False,53,16.09244444444445,1.5523641184268664,False,53,undercount,0,DOG WAS VERY VERY VERY VERY VERY VERY VERY VERY VERY VERY VERY VERY VER VERY VERY VERY VERY VERY VERY VERY VERY VERY VERY VERY VERY VERY VERY VERY VERY VER AND IT RAN ACROSS THE FIELD EN IT RAN ACROSS THE FIELD
xtts2,wr_very_t1_k32,1,word_rep,t1,32,32,42,very,37,26.837333333333333,30,0.09884433448314667,0.0312638059258461,0.13975,0.2288515418767929,577,False,57,16.09244444444445,1.6676977463543963,False,57,loop,0,THE DOG WAS VERY VERY VERY VERY VERY VERY VERY VERY VERY VERY VERY VERY VERY VERY VERY VERY VERY VERY VERY VERY VERY VERY VERY VERY VERY VERY VERY VERY VERY VERY TENA IN TH WO
xtts2,wr_very_t1_k32,2,word_rep,t1,32,32,42,very,40,23.30666666666667,29,0.10606613010168076,0.05855019763112068,0.14020833333333332,0.23199008405208588,501,False,49,16.09244444444445,1.448298718515245,False,49,undercount,0,THE DOG WAS VERY VERY VERY VERY VERY VERY VERY VERY VERY VERY VERY VERY VERY VERY VERY VERY VERY VERY VERY VERY VERY VERY VER VERY VERY VERY VERY VERY VERY VERY VER AND IT RAN ACROSS THE FIELD
qwen06b,ct_blue_t4_k02,0,control_word,t4,2,2,9,blue,9,3.28,2,0.0669313445687294,0.03236909955739975,0.12495833333333334,0.3812427818775177,41,False,2,3.1999999999999993,1.0250000000000001,True,2,correct,1,THE LIGHT WAS GREEN BRIGHT BEFORE THE STORM ARRIVED
qwen06b,ct_blue_t4_k02,1,control_word,t4,2,2,9,blue,9,3.12,2,0.07772070169448853,0.027036571875214577,0.05475,0.27651700377464294,39,False,2,3.1999999999999993,0.9750000000000002,True,2,correct,1,THE LIGHT WAS GREEN BRIGHT BEFORE THE STORM ARRIVED
qwen06b,ct_blue_t4_k02,2,control_word,t4,2,2,9,blue,9,3.2,2,0.07446388155221939,0.02337789535522461,0.041541666666666664,0.2694370150566101,40,False,2,3.1999999999999993,1.0000000000000002,True,2,correct,1,THE LIGHT WAS GREEN BRIGHT BEFORE THE STORM ARRIVED
qwen06b,ct_blue_t4_k03,0,control_word,t4,3,3,10,blue,10,4.8,3,0.05662241950631142,0.030930474400520325,0.15966666666666668,0.2712174654006958,60,False,4,4.133333333333333,1.1612903225806452,True,3,correct,1,THE LIGHT WAS GREEN BRIGHT PALE BEFORE THE STORM ARRIVED
qwen06b,ct_blue_t4_k03,1,control_word,t4,3,3,10,blue,10,3.52,3,0.0629192590713501,0.03314010426402092,0.11525,0.1660531610250473,44,False,2,4.133333333333333,0.8516129032258065,True,3,correct,1,THE LIGHT WAS GREEN BRIGHT PALE BEFORE THE STORM ARRIVED
qwen06b,ct_blue_t4_k03,2,control_word,t4,3,3,10,blue,10,4.08,3,0.06270947307348251,0.027513844892382622,0.07733333333333334,0.16335605084896088,51,False,3,4.133333333333333,0.9870967741935485,True,3,correct,1,THE LIGHT WAS GREEN BRIGHT PALE BEFORE THE STORM ARRIVED
qwen06b,ct_blue_t4_k04,0,control_word,t4,4,4,11,blue,11,5.44,4,0.05668572336435318,0.03062603250145912,0.053625,0.15169869363307953,68,False,4,5.0666666666666655,1.073684210526316,True,4,correct,1,THE LIGHT WAS GREEN BRIGHT PALE DIM BEFORE THE STORM ARRIVED
qwen06b,ct_blue_t4_k04,1,control_word,t4,4,4,11,blue,11,4.4,4,0.06318069994449615,0.024334341287612915,0.04870833333333333,0.2456110566854477,55,False,3,5.0666666666666655,0.8684210526315792,True,4,correct,1,THE LIGHT WAS GREEN BRIGHT PALE DIM BEFORE THE STORM ARRIVED
qwen06b,ct_blue_t4_k04,2,control_word,t4,4,4,11,blue,10,3.92,2,0.06355514377355576,0.029461637139320374,0.040916666666666664,0.26160407066345215,49,False,3,5.0666666666666655,0.773684210526316,True,2,undercount,0,THE LIGHT WAS GREENBRIGHT PALE DIM BEFORE THE STORM ARRIVED
qwen06b,ct_blue_t4_k06,0,control_word,t4,6,6,13,blue,13,5.12,6,0.06523407250642776,0.01763816922903061,0.059541666666666666,0.3423483669757843,64,False,4,6.933333333333332,0.7384615384615386,False,6,correct,1,THE LIGHT WAS GREEN BRIGHT PALE DIM WARM COLD BEFORE THE STORM ARRIVED
qwen06b,ct_blue_t4_k06,1,control_word,t4,6,6,13,blue,13,5.04,6,0.07783665508031845,0.01830212213099003,0.014083333333333333,0.17186109721660614,63,False,4,6.933333333333332,0.7269230769230771,False,6,correct,1,THE LIGHT WAS GREEN BRIGHT PALE DIM WARM COLD BEFORE THE STORM ARRIVE
qwen06b,ct_blue_t4_k06,2,control_word,t4,6,6,13,blue,13,5.2,6,0.06591445952653885,0.021278344094753265,0.10579166666666667,0.2913455069065094,65,False,4,6.933333333333332,0.7500000000000002,False,6,correct,1,THE LIGHT WAS GREEN BRIGHT PALE DIM WARM COLD BEFORE THE STORM ARRIVED
qwen06b,ct_blue_t4_k08,0,control_word,t4,8,8,15,blue,15,6.08,8,0.06067835912108421,0.026843911036849022,0.12525,0.16296428442001343,76,False,5,8.799999999999997,0.6909090909090911,False,8,truncation,0,THE LIGHT WAS GREEN BRIGHT PALE DIM WARM COLD SHARP SOFT BEFORE THE STORM ARRIVED
qwen06b,ct_blue_t4_k08,1,control_word,t4,8,8,15,blue,15,6.0,8,0.0587129220366478,0.02777387946844101,0.07704166666666666,0.18297025561332703,75,False,5,8.799999999999997,0.681818181818182,False,8,truncation,0,THE LIGHT WAS GREEN BRIGHT PALE DIM WARM COLD SHARP SOFT BEFORE THE STORM ARRIVED
qwen06b,ct_blue_t4_k08,2,control_word,t4,8,8,15,blue,15,6.32,8,0.06518042832612991,0.018995581194758415,0.09658333333333333,0.2941940426826477,79,False,5,8.799999999999997,0.7181818181818185,False,8,correct,1,THE LIGHT WAS GREEN BRIGHT PALE DIM WARM COLD SHARP SOFT BEFORE THE STORM ARRIVED
qwen06b,ct_blue_t4_k12,0,control_word,t4,12,12,19,blue,19,8.16,12,0.07746142894029617,0.013702960684895515,0.09695833333333333,0.2315971851348877,102,False,7,12.533333333333331,0.6510638297872342,False,12,truncation,0,THE LIGHT WAS GREEN BRIGHT PALE DIM WARM COLD SHARP SOFT GREEN BRIGHT PALE DIM BEFORE THE STORM ARRIVED
qwen06b,ct_blue_t4_k12,1,control_word,t4,12,12,19,blue,19,7.76,12,0.0675491914153099,0.018535038456320763,0.005958333333333334,0.36526545882225037,97,False,7,12.533333333333331,0.6191489361702128,False,12,truncation,0,THE LIGHT WAS GREEN BRIGHT PALE DIM WARM COLD SHARP SOFT GREEN BRIGHT PALE DIM BEFORE THE STORM ARRIVED
qwen06b,ct_blue_t4_k12,2,control_word,t4,12,12,19,blue,19,7.44,12,0.07031992822885513,0.012604563497006893,0.06579166666666666,0.2618853449821472,93,False,7,12.533333333333331,0.5936170212765959,False,12,truncation,0,THE LIGHT WAS GREEN BRIGHT PALE DIM WARM COLD SHARP SOFT GREEN BRIGHT PALE DIM BEFORE THE STORM ARRIVED
qwen06b,ct_blue_t4_k16,0,control_word,t4,16,16,23,blue,23,9.36,16,0.06854743510484695,0.015055005438625813,0.09525,0.2420620322227478,117,False,9,16.266666666666662,0.5754098360655739,False,16,truncation,0,THE LIGHT WAS GREEN BRIGHT PALE DIM WARM COLD SHARP SOFT GREEN BRIGHT PALE DIM WARM COLD SHARP SOFT BEFORE THE STORM ARRIVED
qwen06b,ct_blue_t4_k16,1,control_word,t4,16,16,23,blue,23,10.0,16,0.06386791914701462,0.02003113180398941,0.006083333333333333,0.24833962321281433,125,False,9,16.266666666666662,0.6147540983606559,False,16,truncation,0,THE LIGHT WAS GREEN BRIGHT PALE DIM WARM COLD SHARP SOFT GREEN BRIGHT PALE DIM WARM COLD SHARP SOFT BEFORE THE STORM ARRIVED
qwen06b,ct_blue_t4_k16,2,control_word,t4,16,16,23,blue,23,9.76,16,0.06384821236133575,0.01681545376777649,0.13429166666666667,0.1955074965953827,122,False,9,16.266666666666662,0.6000000000000002,False,16,truncation,0,THE LIGHT WAS GREEN BRIGHT PALE DIM WARM COLD SHARP SOFT GREEN BRIGHT PALE DIM WARM COLD SHARP SOFT BEFORE THE STORM ARRIVED
qwen06b,ct_blue_t4_k24,0,control_word,t4,24,24,31,blue,31,13.12,24,0.06222490593791008,0.01823330856859684,0.04025,0.2626352608203888,164,False,13,23.733333333333327,0.552808988764045,False,24,truncation,0,THE LIGHT WAS GREEN BRIGHT PALE DIM WARM COLD SHARP SOFT GREEN BRIGHT PALE DIM WARM COLD SHARP SOFT GREEN BRIGHT PALE DIM WARM COLD SHARP SOFT BEFORE THE STORM ARRIVED
qwen06b,ct_blue_t4_k24,1,control_word,t4,24,24,31,blue,31,13.52,24,0.06214487925171852,0.024255430325865746,0.086875,0.16951248049736023,169,False,13,23.733333333333327,0.5696629213483148,False,24,truncation,0,THE LIGHT WAS GREEN BRIGHT PALE DIM WARM COLD SHARP SOFT GREEN BRIGHT PALE DIM WARM COLD SHARP SOFT GREEN BRIGHT PALE DIM WARM COLD SHARP SOFT BEFORE THE STORM ARRIVED
qwen06b,ct_blue_t4_k24,2,control_word,t4,24,24,31,blue,31,11.92,24,0.06758049875497818,0.013016080483794212,0.027708333333333335,0.3408161401748657,149,False,11,23.733333333333327,0.502247191011236,False,24,truncation,0,THE LIGHT WAS GREEN BRIGHT PALE DIM WARM COLD SHARP SOFT GREEN BRIGHT PALE DIM WARM COLD SHARP SOFT GREEN BRIGHT PALE DIM WARM COLD SHARP SOFT BEFORE THE STORM ARRIVED
qwen06b,ct_blue_t4_k32,0,control_word,t4,32,32,39,blue,39,14.08,32,0.04840885102748871,0.014474024996161461,0.041541666666666664,0.2516455352306366,176,False,14,31.199999999999992,0.4512820512820514,False,32,truncation,0,THE LIGHT WAS GREEN BRIGHT PALE DIM WARM COLD SHARP SOFT GREEN BRIGHT PALE DIM WARM COLD SHARP SOFT GREEN BRIGHT PALE DIM WARM COLD SHARP SOFT GREEN BRIGHT PALE DIM WARM COLD SHARP SOFT BEFORE THE STORM ARR
qwen06b,ct_blue_t4_k32,1,control_word,t4,32,32,39,blue,39,13.92,24,0.06334750354290009,0.01549054030328989,0.09208333333333334,0.2825126647949219,174,False,13,31.199999999999992,0.4461538461538463,False,24,truncation,0,THE LIGHT WAS GREEN BRIGHT PALE DIM WARM COLD SHARP SOFT GREEN BRIGHT PALE DIM WARM COLD SHARP SOFT GREEN BRIGHT PALE DIM WARM COLED SHARP SOFT GREEN BRIGHT PALE DIM WARM COLD SHARP SOFT BEFORE THE STORM ARRIVED
qwen06b,ct_blue_t4_k32,2,control_word,t4,32,32,39,blue,39,14.08,32,0.06714873015880585,0.01555318757891655,0.06420833333333334,0.20028716325759888,176,False,14,31.199999999999992,0.4512820512820514,False,32,truncation,0,THE LIGHT WAS GREEN BRIGHT PALE DIM WARM COLD SHARP SOFT GREEN BRIGHT PALE DIM WARM COLD SHARP SOFT GREEN BRIGHT PALE DIM WARM COLD SHARP SOFT GREEN BRIGHT PALE DIM WARM COLD SHARP SOFT BEFORE THE STORM ARRIVED
qwen06b,ct_far_t3_k02,0,control_word,t3,2,2,10,far,10,3.84,2,0.04923207685351372,0.03418425843119621,0.017,0.2590009570121765,48,False,2,3.9199999999999986,0.9795918367346942,True,2,correct,1,HE WALKED DEEP FAST INTO THE FOREST BEFORE TURNING BACK
qwen06b,ct_far_t3_k02,1,control_word,t3,2,2,10,far,10,3.6,2,0.07069910317659378,0.03816571459174156,0.051541666666666666,0.49807316064834595,45,False,1,3.9199999999999986,0.9183673469387759,True,2,correct,1,HE WALKED DEEP FAST INTO THE FOREST BEFORE TURNING BACK
qwen06b,ct_far_t3_k02,2,control_word,t3,2,2,10,far,10,4.32,2,0.05797472968697548,0.0362967848777771,0.25758333333333333,0.24575866758823395,54,False,4,3.9199999999999986,1.1020408163265312,False,4,correct,1,HE WALKED DEEP FAST INTO THE FOREST BEFORE TURNING BACK
qwen06b,ct_far_t3_k03,0,control_word,t3,3,3,11,far,11,4.24,3,0.08175059407949448,0.03172142431139946,0.021958333333333333,0.18500547111034393,53,False,4,4.133333333333332,1.0258064516129035,True,3,correct,1,HE WALKED DEEP FAST LONG INTO THE FOREST BEFORE TURNING BACK
qwen06b,ct_far_t3_k03,1,control_word,t3,3,3,11,far,11,3.92,3,0.07190971076488495,0.029836328700184822,0.0030833333333333333,0.18909376859664917,49,False,2,4.133333333333332,0.9483870967741939,True,3,correct,1,HE WALKED DEEP FAST LONG INTO THE FOREST BEFORE TURNING BACK
qwen06b,ct_far_t3_k03,2,control_word,t3,3,3,11,far,11,4.24,3,0.07979465276002884,0.02637030929327011,0.044333333333333336,0.2656838595867157,53,False,4,4.133333333333332,1.0258064516129035,True,3,correct,1,HE WALKED DEEP FAST LONG INTO THE FOREST BEFORE TURNING BACK
qwen06b,ct_far_t3_k04,0,control_word,t3,4,4,12,far,12,4.96,4,0.06697618216276169,0.02671867609024048,0.06279166666666666,0.2937193810939789,62,False,7,4.346666666666665,1.1411042944785281,False,7,correct,1,HE WALKED DEEP FAST LONG WIDE INTO THE FOREST BEFORE TURNING BACK
qwen06b,ct_far_t3_k04,1,control_word,t3,4,4,12,far,12,4.56,4,0.07645272463560104,0.0284893661737442,0.10054166666666667,0.2770306468009949,57,False,5,4.346666666666665,1.0490797546012274,True,4,correct,1,HE WALKED DEEP FAST LONG WIDE INTO THE FOREST BEFORE TURNING BACK
qwen06b,ct_far_t3_k04,2,control_word,t3,4,4,12,far,12,5.28,4,0.07146871834993362,0.030912214890122414,0.009166666666666667,0.2553722858428955,66,False,8,4.346666666666665,1.2147239263803686,False,8,correct,1,HE WALKED DEEP FAST LONG WIDE INTO THE FOREST BEFORE TURNING BACK
qwen06b,ct_far_t3_k06,0,control_word,t3,6,6,14,far,13,5.76,4,0.06416220217943192,0.027103090658783913,0.08529166666666667,0.1894143968820572,72,False,11,4.773333333333332,1.2067039106145254,False,11,undercount,0,HE WALKED DEEP FAST LONG WIDE HIGHLOW INTO THE FOREST BEFORE TURNING BACK
qwen06b,ct_far_t3_k06,1,control_word,t3,6,6,14,far,14,5.52,6,0.07859831303358078,0.02619120478630066,0.0235,0.3022763431072235,69,False,10,4.773333333333332,1.1564245810055869,False,10,correct,1,HE WALKED DEEP FAST LONG WIDE HIGH LOW INTO THE FOREST BEFORE TURNING BACK
qwen06b,ct_far_t3_k06,2,control_word,t3,6,6,14,far,14,5.44,6,0.08693597465753555,0.028233394026756287,0.07729166666666666,0.2539428472518921,68,False,9,4.773333333333332,1.1396648044692743,False,9,correct,1,HE WALKED DEEP FAST LONG WIDE HIGH LOW INTO THE FOREST BEFORE TURNING BACK
qwen06b,ct_far_t3_k08,0,control_word,t3,8,8,16,far,15,6.16,6,0.06852789968252182,0.020415332168340683,0.09095833333333334,0.27741721272468567,77,False,13,5.199999999999998,1.184615384615385,False,13,undercount,0,HE WALKED DEEP FAST LONG WIDE HIGHLOW NEAR PAST INTO THE FOREST BEFORE TURNING BACK
qwen06b,ct_far_t3_k08,1,control_word,t3,8,8,16,far,16,6.8,8,0.06732315570116043,0.03157760947942734,0.11495833333333333,0.3088809549808502,85,False,16,5.199999999999998,1.3076923076923082,False,16,correct,1,HE WALKED DEEP FAST LONG WIDE HIGH LOW NEAR PAST INTO THE FOREST BEFORE TURNING BACK
qwen06b,ct_far_t3_k08,2,control_word,t3,8,8,16,far,16,6.08,8,0.06478848308324814,0.02161896973848343,0.13608333333333333,0.22481322288513184,76,False,12,5.199999999999998,1.1692307692307695,False,12,correct,1,HE WALKED DEEP FAST LONG WIDE HIGH LOW NEAR PAST INTO THE FOREST BEFORE TURNING BACK
qwen06b,ct_far_t3_k12,0,control_word,t3,12,12,20,far,19,8.24,10,0.054603882133960724,0.026004401966929436,0.16420833333333335,0.3216950595378876,103,False,22,6.053333333333332,1.3612334801762118,False,22,undercount,0,HE WALKED DEEP FAST LONG WIDE HIGHLOW NEAR PAST DEEP FAST LONG WIDE INTO THE FOREST BEFORE TURNING BACK
qwen06b,ct_far_t3_k12,1,control_word,t3,12,12,20,far,20,8.16,12,0.06926999241113663,0.024236345663666725,0.18316666666666667,0.2488248348236084,102,False,22,6.053333333333332,1.3480176211453747,False,22,correct,1,HE WALKED DEEP FAST LONG WIDE HIGH LOW NEAR PAST DEEP FAST LONG WIDE INTO THE FOREST BEFORE TURNING BACK
qwen06b,ct_far_t3_k12,2,control_word,t3,12,12,20,far,20,8.72,12,0.0626862496137619,0.024486159905791283,0.06175,0.28142833709716797,109,False,25,6.053333333333332,1.440528634361234,False,25,correct,1,HE WALKED DEEP FAST LONG WIDE HIGH LOW NEAR PAST DEEP FAST LONG WIDE INTO THE FOREST BEFORE TURNING BACK
qwen06b,ct_far_t3_k16,0,control_word,t3,16,16,24,far,24,9.92,16,0.06426513940095901,0.025868825614452362,0.09920833333333333,0.3387984037399292,124,False,30,6.906666666666665,1.4362934362934365,False,30,correct,1,HE WALKED DEEP FAST LONG WIDE HIGH LOW NEAR PAST DEEP FAST LONG WIDE HIGH LOW NEAR PAST INTO THE FOREST BEFORE TURNING BACK
qwen06b,ct_far_t3_k16,1,control_word,t3,16,16,24,far,24,10.24,16,0.07248081266880035,0.028451833873987198,0.18058333333333335,0.19292514026165009,128,False,32,6.906666666666665,1.482625482625483,False,32,miscount,0,HE WALKED DEEP FAST LONG WIDE HIGH LOW NEAR PAST DEEP FAST LONG WIDE HIGH LOW NEAR PAST INTO THE FOREST BEFORE TURNING BACK
qwen06b,ct_far_t3_k16,2,control_word,t3,16,16,24,far,24,9.6,16,0.06660476326942444,0.024530962109565735,0.05495833333333333,0.22257953882217407,120,False,29,6.906666666666665,1.38996138996139,False,29,correct,1,HE WALKED DEEP FAST LONG WIDE HIGH LOW NEAR PAST DEEP FAST LONG WIDE HIGH LOW NEAR PAST INTO THE FOREST BEFORE TURNING BACK
qwen06b,ct_far_t3_k24,0,control_word,t3,24,24,32,far,29,13.44,18,0.05743385851383209,0.024139802902936935,0.15079166666666666,0.1927970051765442,168,False,47,8.613333333333332,1.560371517027864,False,47,undercount,0,HE WALKED DEEP FAST LONG WIDE HIGHLOW NEAR PAST DEEP FAST LONG WIDE HIGHLOW NEAR PAST DEEP FAST LONG WIDE HIGHLOW NEAR PAST INTO THE FOREST BEFORE TURNING BACK
qwen06b,ct_far_t3_k24,1,control_word,t3,24,24,32,far,31,13.92,22,0.0648856982588768,0.03065168485045433,0.25804166666666667,0.22561615705490112,174,False,49,8.613333333333332,1.6160990712074306,False,49,loop,0,HE WALKED DEEP FAST LONG WIDE HIGH LOW NEAR PAST DEEP FAST LONG WIDE HIGH LOW NEAR PAST DEEP FAST LONG WIDE HIGHLOW NEAR PAST INTO THE FOREST BEFORE TURNING BACK
qwen06b,ct_far_t3_k24,2,control_word,t3,24,24,32,far,31,13.36,22,0.058455463498830795,0.02280019409954548,0.009,0.1896495819091797,167,False,46,8.613333333333332,1.5510835913312697,False,46,undercount,0,HE WALKED DEEP FAST LONG WIDE HIGH LOW NEAR PAST DEEP FAST LONG WIDE HIGH LOW NEAR PAST DEEP FAST LONG WIDE HIGHLO NEAR PAST INTO THE FOREST BEFORE TURNING BACK
qwen06b,ct_far_t3_k32,0,control_word,t3,32,32,40,far,40,14.24,32,0.06209276616573334,0.022399568930268288,0.10083333333333333,0.20021970570087433,178,False,50,10.319999999999999,1.3798449612403103,False,50,correct,1,HE WALKED DEEP FAST LONG WIDE HIGH LOW NEAR PAST DEEP FAST LONG WIDE HIGH LOW NEAR PAST DEEP FAST LONG WIDE HIGH LOW NEAR PAST DEEP FAST LONG WIDE HIGH LOW NEAR PAST INTO THE FOREST BEFORE TURNING BACK
qwen06b,ct_far_t3_k32,1,control_word,t3,32,32,40,far,39,15.04,30,0.06287068873643875,0.023366520181298256,0.33520833333333333,0.14278842508792877,188,False,54,10.319999999999999,1.4573643410852715,False,54,undercount,0,HE WALKED DEEP FAST LONG WIDE HIGH LOW NEAR PAST DEEP FAST LONG WIDE HIGH LOW NEAR PAST DEEP FAST LONG WIDE HIGH LOW NEAR PAST DEEP FAST LONG WIDE HIGHLOW NEAR PAST INTO THE FOREST BEFORE TURNING BACK
qwen06b,ct_far_t3_k32,2,control_word,t3,32,32,40,far,40,14.08,32,0.05641710013151169,0.021499376744031906,0.06141666666666667,0.30205070972442627,176,False,50,10.319999999999999,1.364341085271318,False,50,correct,1,HE WALKED DEEP FAST LONG WIDE HIGH LOW NEAR PAST DEEP FAST LONG WIDE HIGH LOW NEAR PAST DEEP FAST LONG WIDE HIGH LOW NEAR PAST DEEP FAST LONG WIDE HIGH LOW NEAR PAST INTO THE FOREST BEFORE TURNING BACK
qwen06b,ct_no_t2_k02,0,control_word,t2,2,2,12,no,12,3.52,2,0.06438770890235901,0.014637568034231663,0.0735,0.16292203962802887,44,False,2,3.706666666666667,0.949640287769784,True,2,correct,1,SHE SAID YES MAYBE TO THE OFFER AND THEN LEFT THE ROOM
qwen06b,ct_no_t2_k02,1,control_word,t2,2,2,12,no,12,4.24,2,0.09563040733337402,0.03189101070165634,0.034833333333333334,0.19780179858207703,53,False,3,3.706666666666667,1.143884892086331,True,2,correct,1,SHE SAID YES MAYBE TO THE OFFER AND THEN LEFT THE ROOM
qwen06b,ct_no_t2_k02,2,control_word,t2,2,2,12,no,12,3.36,2,0.05427999794483185,0.013404588215053082,0.012041666666666668,0.3044516146183014,42,False,2,3.706666666666667,0.9064748201438848,True,2,correct,1,SHE SAID YES MAYBE TO THE OFFER AND THEN LEFT THE ROOM
qwen06b,ct_no_t2_k03,0,control_word,t2,3,3,13,no,13,4.24,3,0.06979943066835403,0.014134040102362633,0.09966666666666667,0.24173274636268616,53,False,3,4.640000000000001,0.9137931034482758,True,3,correct,1,SHE SAID YES MAYBE SURE TO THE OFFER AND THEN LEFT THE ROOM
qwen06b,ct_no_t2_k03,1,control_word,t2,3,3,13,no,13,5.04,3,0.047308702021837234,0.024073854088783264,0.016916666666666667,0.2488008588552475,63,False,3,4.640000000000001,1.086206896551724,True,3,correct,1,SHE SAID YES MAYBE SURE TO THE OFFER AND THEN LEFT THE ROOM
qwen06b,ct_no_t2_k03,2,control_word,t2,3,3,13,no,14,3.52,2,0.06185474619269371,0.01487763226032257,0.10333333333333333,0.19032292068004608,44,False,2,4.640000000000001,0.7586206896551724,True,2,undercount,0,SHE SAID YES MAY BE SURE TO THE OFFER AND THEN LEFT THE ROOM
qwen06b,ct_no_t2_k04,0,control_word,t2,4,4,14,no,15,4.56,3,0.07722702622413635,0.01855730451643467,0.033875,0.22746595740318298,57,False,3,5.573333333333334,0.818181818181818,True,3,undercount,0,SHE SAID YES MAY BE SURE FINE TO THE OFFER AND THEN LEFT THE ROOM
qwen06b,ct_no_t2_k04,1,control_word,t2,4,4,14,no,14,4.72,4,0.06098470091819763,0.026393679901957512,0.12025,0.28612515330314636,59,False,3,5.573333333333334,0.8468899521531099,True,4,correct,1,SHE SAID YES MAYBE SURE FINE TO THE OFFER AND THEN LEFT THE ROOM
qwen06b,ct_no_t2_k04,2,control_word,t2,4,4,14,no,15,4.8,3,0.07501785457134247,0.01593378372490406,4.1666666666666665e-05,0.21173682808876038,60,False,3,5.573333333333334,0.8612440191387558,True,3,undercount,0,SHE SAID YES MAY BE SURE FINE TO THE OFFER AND THEN LEFT THE ROOM
qwen06b,ct_no_t2_k06,0,control_word,t2,6,6,16,no,18,5.04,4,0.06443877518177032,0.017267553135752678,0.06554166666666666,0.2124440222978592,63,False,3,7.440000000000001,0.6774193548387095,True,4,truncation,0,SHE SAID YES MAY BE SURE FINE O KA WELL TO THE OFFER AND THEN LEFT THE ROOM
qwen06b,ct_no_t2_k06,1,control_word,t2,6,6,16,no,16,5.84,4,0.07526819407939911,0.022113407030701637,0.08520833333333333,0.2729056775569916,73,False,4,7.440000000000001,0.7849462365591396,True,4,undercount,0,SHE SAID YES MAYBE SURE FIND OKA WELL TO THE OFFER AND THEN LEFT THE ROOM
qwen06b,ct_no_t2_k06,2,control_word,t2,6,6,16,no,17,5.28,4,0.06871947646141052,0.016426321119070053,0.109,0.156154602766037,66,False,4,7.440000000000001,0.7096774193548386,True,4,undercount,0,SHE SAID YES MAY BE SURE FINE OKA WELL TO THE OFFER AND THEN LEFT THE ROOM
qwen06b,ct_no_t2_k08,0,control_word,t2,8,8,18,no,20,6.56,5,0.06590057164430618,0.01871892623603344,0.022291666666666668,0.19152992963790894,82,False,5,9.306666666666668,0.7048710601719196,True,5,undercount,0,SHE SAID YES MAY BE SURE FINE O KA WELL RIGHT HUM TO THE OFFER AND THEN LEFT THE ROOM
qwen06b,ct_no_t2_k08,1,control_word,t2,8,8,18,no,18,6.72,5,0.06121890991926193,0.028284404426813126,0.23883333333333334,0.21881167590618134,84,False,5,9.306666666666668,0.7220630372492836,True,5,undercount,0,SHE SAID YES MAYBE SURE FIND OKA WELL RIGHT UM TO THE OFFER AND THEN LEFT THE ROOM
qwen06b,ct_no_t2_k08,2,control_word,t2,8,8,18,no,18,6.48,4,0.08068925142288208,0.018915072083473206,0.10370833333333333,0.14676475524902344,81,False,5,9.306666666666668,0.6962750716332378,True,4,truncation,0,SHE SAID YES MAYBE SURE FINE OKA WILL WRITE HU TO THE OFFER AND THEN LEFT THE ROOM
qwen06b,ct_no_t2_k12,0,control_word,t2,12,12,22,no,23,8.24,10,0.06757208704948425,0.015758894383907318,0.026208333333333333,0.14053836464881897,103,False,7,13.040000000000003,0.6319018404907975,False,10,truncation,0,SHE SAID YES MAYBE SURE FINE O CA WELL RIGHT HU YES MAYBE SURE FINE TO THE OFFER AND THEN LEFT THE ROOM
qwen06b,ct_no_t2_k12,1,control_word,t2,12,12,22,no,23,9.04,9,0.07289087772369385,0.021181950345635414,0.013416666666666667,0.27729907631874084,113,False,8,13.040000000000003,0.6932515337423311,True,9,truncation,0,SHE SAID YES MAYBE SURE FINE OKA WELL RIGHT HU YES MAY BE SURE FINE TO THE OFFER AND THEN LEFT THE ROOM
qwen06b,ct_no_t2_k12,2,control_word,t2,12,12,22,no,23,8.24,10,0.0668075680732727,0.014067980460822582,0.10258333333333333,0.20391614735126495,103,False,7,13.040000000000003,0.6319018404907975,False,10,truncation,0,SHE SAID YES MAYBE SURE FINE O'QE WELL RIGHT HU YES MAYBE SURE FINE TO THE OFFER AND THEN LEFT THE ROOM
qwen06b,ct_no_t2_k16,0,control_word,t2,16,16,26,no,27,11.52,11,0.05072372779250145,0.021644828841090202,0.05370833333333333,0.19801747798919678,144,False,10,16.773333333333337,0.6868044515103336,True,11,truncation,0,SHE SAID YES MAYBE SURE FINE OKE WELL RIGHT U YES MAY BE SURE FINE OKE WELL RIGHT U TO THE OFFER AND THEN LEFT THE ROOM
qwen06b,ct_no_t2_k16,1,control_word,t2,16,16,26,no,27,10.64,12,0.05840379372239113,0.021387819200754166,0.06470833333333334,0.14907622337341309,133,False,9,16.773333333333337,0.6343402225755166,False,12,truncation,0,SHE SAID YES MAYBE SURE FINE OKE WELL RIGHT HU YES MAYBE SURE FINE O KA WELL RIGHT HUM TO THE OFFER AND THEN LEFT THE ROOM
qwen06b,ct_no_t2_k16,2,control_word,t2,16,16,26,no,26,10.08,12,0.06040968745946884,0.021426979452371597,0.2896666666666667,0.1818445771932602,126,False,9,16.773333333333337,0.600953895071542,False,12,truncation,0,SHE SAID YES MAYBE SURE FINE OKE WELL RIGHT HUM YES MAYBE SURE FINE OKA WELL RIGHT U TO THE OFFER AND THEN LEFT THE ROOM
qwen06b,ct_no_t2_k24,0,control_word,t2,24,24,34,no,33,14.08,12,0.085342176258564,0.015817997977137566,0.06125,0.23592320084571838,176,False,13,24.240000000000006,0.5808580858085808,True,12,truncation,0,SHE SAID YES MAYBE SURE FINE OKA WELL RIGHT U YES MAYBE SURE FIND OKA WELL RIGHT U YES MAYBE SURE FINE OKA WELL RIGHT  TO THE OFFER AND THEN LEFT THE RO
qwen06b,ct_no_t2_k24,1,control_word,t2,24,24,34,no,37,12.4,17,0.05403202772140503,0.016945289447903633,0.17791666666666667,0.2022983431816101,155,False,11,24.240000000000006,0.5115511551155114,False,17,truncation,0,SHE SAID YES MAYBE SURE FINE O KA WELL RIGHT U YES MAYBE SURE FINE O KA WELL RIGHT U YES MAY BE SURE FINE O KA WELL RIGHT  TO THE OFFER AND THEN LEFT THE ROOM
qwen06b,ct_no_t2_k24,2,control_word,t2,24,24,34,no,37,14.56,12,0.06821312010288239,0.02707570791244507,0.050541666666666665,0.14844201505184174,182,False,14,24.240000000000006,0.6006600660066005,True,12,truncation,0,SHE SAID YES MAYBE SURE FINE O'QUE WILL WRITE HUM YES MAYBE SURE FINE O'QUE WILL WRITE HU YES MAYBE SURE FINE O'QUE WILL WRITE HUM TO THE OFFER AND THEN LEFT THE ROOM
qwen06b,ct_no_t2_k32,0,control_word,t2,32,32,42,no,45,14.88,18,0.07959479838609695,0.01823505014181137,0.13,0.14845359325408936,186,False,14,31.706666666666674,0.46930193439865425,True,18,truncation,0,SHE SAID YES MAYBE SURE FINE O'KE WELL RIGHT HUM YES MAYBE SURE FINE OKE WELL RIGHT HU YES MAY BE SURE FINE O'KE WELL RIGHT UM YES MAYBE SURE FINE OKE WELL RIGHT HUM TO THE OFFER AND THEN LEFT THE ROOM
qwen06b,ct_no_t2_k32,1,control_word,t2,32,32,42,no,44,16.56,22,0.0638374388217926,0.01918693818151951,0.45458333333333334,0.13727833330631256,207,False,16,31.706666666666674,0.52228763666947,False,22,truncation,0,SHE SAID YES MAYBE SURE FINE OKA WELL RIGHT  YES MAYBE SURE FINE O KA WELL RIGHT AN YES MAY BE SURE FINE OKA WELL RIGHT N YES MAY BE SURE FINE OKA WELL RIGHT U TO THE OFFER AND THEN LEFT THE ROOM
qwen06b,ct_no_t2_k32,2,control_word,t2,32,32,42,no,45,14.0,21,0.07706279307603836,0.012623436748981476,4.1666666666666665e-05,0.33396202325820923,175,False,13,31.706666666666674,0.441547518923465,False,21,truncation,0,SHE SAID YES MAYBE SURE FINE OKE WELL RIGHT U YES MAY BE SURE FINE OKE WELL RIGHT U YES MAY BE SURE FINE OKE WELL RIGHT HUM YES MAY BE SURE FINE OKE WELL RIGHT HUM TO THE OFFER AND THEN LEFT THE RO
qwen06b,ct_quick_t5_k02,0,control_word,t5,2,2,9,quick,9,3.36,2,0.060891781002283096,0.012939507141709328,0.05975,0.16434866189956665,42,False,2,3.493333333333334,0.961832061068702,True,2,correct,1,THE RUNNER MOVED SWIFT SMOOTH ALONG THE NARROW PATH
qwen06b,ct_quick_t5_k02,1,control_word,t5,2,2,9,quick,9,3.36,2,0.07095672935247421,0.02787437103688717,0.09733333333333333,0.16939222812652588,42,False,2,3.493333333333334,0.961832061068702,True,2,correct,1,THE RUNNER MOVED SWIFT SMOOTH ALONG THE NARROW PATH
qwen06b,ct_quick_t5_k02,2,control_word,t5,2,2,9,quick,9,3.76,2,0.0743958130478859,0.023699183017015457,0.09354166666666666,0.2500708997249603,47,False,2,3.493333333333334,1.076335877862595,True,2,correct,1,THE RUNNER MOVED SWIFT SMOOTH ALONG THE NARROW PATH
qwen06b,ct_quick_t5_k03,0,control_word,t5,3,3,10,quick,10,4.88,3,0.06672876328229904,0.03010762855410576,0.23970833333333333,0.2955765128135681,61,False,3,4.613333333333333,1.0578034682080926,True,3,correct,1,THE RUNNER MOVED SWIFT SMOOTH STEADY ALONG THE NARROW PATH
qwen06b,ct_quick_t5_k03,1,control_word,t5,3,3,10,quick,10,4.32,3,0.06155620515346527,0.030253997072577477,0.06404166666666666,0.22443588078022003,54,False,3,4.613333333333333,0.9364161849710984,True,3,correct,1,THE RUNNER MOVED SWIFT SMOOTH STEADY ALONG THE NARROW PATH
qwen06b,ct_quick_t5_k03,2,control_word,t5,3,3,10,quick,10,4.64,3,0.06664378196001053,0.024199891835451126,0.026291666666666668,0.23455098271369934,58,False,3,4.613333333333333,1.005780346820809,True,3,correct,1,THE RUNNER MOVED SWIFT SMOOTH STEADY ALONG THE NARROW PATH
qwen06b,ct_quick_t5_k04,0,control_word,t5,4,4,11,quick,11,4.72,4,0.05998578667640686,0.021255992352962494,0.035291666666666666,0.2221221923828125,59,False,3,5.733333333333333,0.8232558139534883,True,4,correct,1,THE RUNNER MOVED SWIFT SMOOTH STEADY LIGHT ALONG THE NARROW PATH
qwen06b,ct_quick_t5_k04,1,control_word,t5,4,4,11,quick,11,4.32,4,0.0741729736328125,0.024296894669532776,0.15233333333333332,0.22038303315639496,54,False,3,5.733333333333333,0.7534883720930233,True,4,correct,1,THE RUNNER MOVED SWIFT SMOOTH STEADY LIGHT ALONG THE NARROW PATH
qwen06b,ct_quick_t5_k04,2,control_word,t5,4,4,11,quick,11,4.64,4,0.07331930845975876,0.021125219762325287,0.08604166666666667,0.26066988706588745,58,False,3,5.733333333333333,0.8093023255813953,True,4,correct,1,THE RUNNER MOVED SWIFT SMOOTH STEADY LIGHT ALONG THE NARROW PATH
qwen06b,ct_quick_t5_k06,0,control_word,t5,6,6,13,quick,13,6.16,6,0.06111036241054535,0.021748011931777,0.08404166666666667,0.25059765577316284,77,False,4,7.973333333333333,0.7725752508361204,False,6,correct,1,THE RUNNER MOVED SWIFT SMOOTH STEADY LIGHT SHARP LOOSE ALONG THE NARROW PATH
qwen06b,ct_quick_t5_k06,1,control_word,t5,6,6,13,quick,13,6.08,6,0.07674849778413773,0.031457286328077316,0.18008333333333335,0.22149516642093658,76,False,4,7.973333333333333,0.7625418060200669,False,6,correct,1,THE RUNNER MOVED SWIFT SMOOTH STEADY LIGHT SHARP LOOSE ALONG THE NARROW PATH
qwen06b,ct_quick_t5_k06,2,control_word,t5,6,6,13,quick,13,5.84,6,0.06337768584489822,0.021185318008065224,0.14683333333333334,0.23573462665081024,73,False,4,7.973333333333333,0.7324414715719064,False,6,correct,1,THE RUNNER MOVED SWIFT SMOOTH STEADY LIGHT SHARP LOOSE ALONG THE NARROW PATH
qwen06b,ct_quick_t5_k08,0,control_word,t5,8,8,15,quick,15,7.2,8,0.07010611146688461,0.021020136773586273,0.15475,0.1561696082353592,90,False,5,10.213333333333333,0.7049608355091385,False,8,correct,1,THE RUNNER MOVED SWIFT SMOOTH STEADY LIGHT SHARP LOOSE TIGHT CLEAN ALONG THE NARROW PATH
qwen06b,ct_quick_t5_k08,1,control_word,t5,8,8,15,quick,15,6.24,8,0.06678831577301025,0.02765158750116825,0.19325,0.2859472930431366,78,False,4,10.213333333333333,0.6109660574412533,False,8,truncation,0,THE RUNNER MOVED SWIFT SMOOTH STEADY LIGHT SHARP LOOSE TIGHT CLEAN ALONG THE NARROW PATH
qwen06b,ct_quick_t5_k08,2,control_word,t5,8,8,15,quick,15,7.2,8,0.071864552795887,0.025682641193270683,0.07183333333333333,0.2966327667236328,90,False,5,10.213333333333333,0.7049608355091385,False,8,correct,1,THE RUNNER MOVED SWIFT SMOOTH STEADY LIGHT SHARP LOOSE TIGHT CLEAN ALONG THE NARROW PATH
qwen06b,ct_quick_t5_k12,0,control_word,t5,12,12,19,quick,19,8.24,12,0.07132646441459656,0.0241389237344265,0.095625,0.20490439236164093,103,False,6,14.693333333333332,0.5607985480943739,False,12,truncation,0,THE RUNNER MOVED SWIFT SMOOTH STEADY LIGHT SHARP LOOSE TIGHT CLEAN SWIFT SMOOTH STEADY LIGHT ALONG THE NARROW PATH
qwen06b,ct_quick_t5_k12,1,control_word,t5,12,12,19,quick,19,8.64,12,0.06248781457543373,0.025145182386040688,0.058208333333333334,0.16637541353702545,108,False,7,14.693333333333332,0.5880217785843921,False,12,truncation,0,THE RUNNER MOVED SWIFT SMOOTH STEADY LIGHT SHARP LOOSE TIGHT CLEAN SWIFT SMOOTH STEADY LIGHT ALONG THE NARROW PATH
qwen06b,ct_quick_t5_k12,2,control_word,t5,12,12,19,quick,19,7.76,12,0.0738634467124939,0.026002535596489906,0.2135,0.2025419920682907,97,False,6,14.693333333333332,0.5281306715063522,False,12,truncation,0,THE RUNNER MOVED SWIFT SMOOTH STEADY LIGHT SHARP LOOSE TIGHT CLEAN SWIFT SMOOTH STEADY LIGHT ALONG THE NARROW PATH
qwen06b,ct_quick_t5_k16,0,control_word,t5,16,16,23,quick,23,10.24,16,0.06601748615503311,0.01775302179157734,0.17479166666666668,0.1991921067237854,128,False,8,19.173333333333332,0.5340751043115438,False,16,truncation,0,THE RUNNER MOVED SWIFT SMOOTH STEADY LIGHT SHARP LOOSE TIGHT CLEAN SWIFT SMOOTH STEADY LIGHT SHARP LOOSE TIGHT CLEAN ALONG THE NARROW PATH
qwen06b,ct_quick_t5_k16,1,control_word,t5,16,16,23,quick,23,9.76,16,0.06651222705841064,0.025465544313192368,0.4110416666666667,0.22266550362110138,122,False,8,19.173333333333332,0.5090403337969402,False,16,truncation,0,THE RUNNER MOVED SWIFT SMOOTH STEADY LIGHT SHARP LOOSE TIGHT CLEAN SWIFT SMOOTH STEADY LIGHT SHARP LOOSE TIGHT CLEAN ALONG THE NARROW PATH
qwen06b,ct_quick_t5_k16,2,control_word,t5,16,16,23,quick,23,9.68,16,0.07317271828651428,0.02414948306977749,0.19195833333333334,0.1730940341949463,121,False,8,19.173333333333332,0.5048678720445062,False,16,truncation,0,THE RUNNER MOVED SWIFT SMOOTH STEADY LIGHT SHARP LOOSE TIGHT CLEAN SWIFT SMOOTH STEADY LIGHT SHARP LOOSE TIGHT CLEAN ALONG THE NARROW PATH
qwen06b,ct_quick_t5_k24,0,control_word,t5,24,24,31,quick,31,14.72,24,0.06184573471546173,0.0221962071955204,0.11145833333333334,0.17681272327899933,184,False,12,28.13333333333333,0.523222748815166,False,24,truncation,0,THE RUNNER MOVED SWIFT SMOOTH STEADY LIGHT SHARP LOOSE TIGHT CLEAN SWIFT SMOOTH STEADY LIGHT SHARP LOOSE TIGHT CLEAN SWIFT SMOOTH STEADY LIGHT SHARP LOOSE TIGHT CLEAN ALONG THE NARROW PATH
qwen06b,ct_quick_t5_k24,1,control_word,t5,24,24,31,quick,31,14.08,24,0.07093466818332672,0.021922744810581207,0.036708333333333336,0.20763304829597473,176,False,11,28.13333333333333,0.5004739336492892,False,24,truncation,0,THE RUNNER MOVED SWIFT SMOOTH STEADY LIGHT SHARP LOOSE TIGHT CLEAN SWIFT SMOOTH STEADY LIGHT SHARP LOOSE TIGHT CLEAN SWIFT SMOOTH STEADY LIGHT SHARP LOOSE TIGHT CLEAN ALONG THE NARROW PATH
qwen06b,ct_quick_t5_k24,2,control_word,t5,24,24,31,quick,31,13.44,24,0.057754307985305786,0.02377902902662754,0.15716666666666668,0.20883727073669434,168,False,11,28.13333333333333,0.47772511848341237,False,24,truncation,0,THE RUNNER MOVED SWIFT SMOOTH STEADY LIGHT SHARP LOOSE TIGHT CLEAN SWIFT SMOOTH STEADY LIGHT SHARP LOOSE TIGHT CLEAN SWIFT SMOOTH STEADY LIGHT SHARP LOOSE TIGHT CLEAN ALONG THE NARROW PATH
qwen06b,ct_quick_t5_k32,0,control_word,t5,32,32,39,quick,39,14.56,32,0.06734320521354675,0.01825876720249653,0.1885,0.1791682094335556,182,False,12,37.093333333333334,0.3925233644859813,False,32,truncation,0,THE RUNNER MOVED SWIFT SMOOTH STEADY LIGHT SHARP LOOSE TIGHT CLEAN SWIFT SMOOTH STEADY LIGHT SHARP LOOSE TIGHT CLEAN SWIFT SMOOTH STEADY LIGHT SHARP LOOSE TIGHT CLEAN SWIFT SMOOTH STEADY LIGHT SHARP LOOSE TIGHT CLEAN ALONG THE NARROW PATH
qwen06b,ct_quick_t5_k32,1,control_word,t5,32,32,39,quick,39,15.12,32,0.07438527792692184,0.02000662311911583,0.04029166666666667,0.18309715390205383,189,False,12,37.093333333333334,0.4076204169662113,False,32,truncation,0,THE RUNNER MOVED SWIFT SMOOTH STEADY LIGHT SHARP LOOSE TIGHT CLEAN SWIFT SMOOTH STEADY LIGHT SHARP LOOSE TIGHT CLEAN SWIFT SMOOTH STEADY LIGHT SHARP LOOSE TIGHT CLEAN SWIFT SMOOTH STEADY LIGHT SHARP LOOSE TIGHT CLEAN ALONG THE NARROW PATH
qwen06b,ct_quick_t5_k32,2,control_word,t5,32,32,39,quick,39,14.48,32,0.058635346591472626,0.018786342814564705,0.035916666666666666,0.1325143426656723,181,False,12,37.093333333333334,0.3903666427030913,False,32,truncation,0,THE RUNNER MOVED SWIFT SMOOTH STEADY LIGHT SHARP LOOSE TIGHT CLEAN SWIFT SMOOTH STEADY LIGHT SHARP LOOSE TIGHT CLEAN SWIFT SMOOTH STEADY LIGHT SHARP LOOSE TIGHT CLEAN SWIFT SMOOTH STEADY LIGHT SHARP LOOSE TIGHT CLEAN ALONG THE NARROW PATH
qwen06b,ct_really_t6_k02,0,control_word,t6,2,2,9,really,9,3.04,2,0.06125009432435036,0.009521806612610817,0.06329166666666666,0.3092755675315857,38,False,1,3.3066666666666666,0.9193548387096775,True,2,correct,1,THEY WERE TRULY QUITE TIRED AFTER THE LONG JOURNEY
qwen06b,ct_really_t6_k02,1,control_word,t6,2,2,9,really,9,3.36,2,0.06851393729448318,0.023747647181153297,0.11158333333333334,0.394092857837677,42,False,2,3.3066666666666666,1.0161290322580645,True,2,correct,1,THEY WERE TRULY QUITE TIRED AFTER THE LONG JOURNEY
qwen06b,ct_really_t6_k02,2,control_word,t6,2,2,9,really,9,3.52,2,0.05633898451924324,0.019028866663575172,0.116875,0.20704591274261475,44,False,3,3.3066666666666666,1.064516129032258,True,2,correct,1,THEY WERE TRULY QUITE TIRED AFTER THE LONG JOURNEY
qwen06b,ct_really_t6_k03,0,control_word,t6,3,3,10,really,10,3.6,3,0.0676526352763176,0.010196445509791374,0.14608333333333334,0.45237672328948975,45,False,3,3.68,0.9782608695652174,True,3,correct,1,THEY WERE TRULY QUITE VERY TIRED AFTER THE LONG JOURNEY
qwen06b,ct_really_t6_k03,1,control_word,t6,3,3,10,really,10,3.68,3,0.07811310142278671,0.018452206626534462,0.12770833333333334,0.2231842577457428,46,False,3,3.68,1.0,True,3,correct,1,THEY WERE TRULY QUITE VERY TIRED AFTER THE LONG JOURNEY
qwen06b,ct_really_t6_k03,2,control_word,t6,3,3,10,really,10,3.76,3,0.06615321338176727,0.014855061657726765,0.07625,0.3562757074832916,47,False,3,3.68,1.0217391304347825,True,3,correct,1,THEY WERE TRULY QUITE VERY TIRED AFTER THE LONG JOURNEY
qwen06b,ct_really_t6_k04,0,control_word,t6,4,4,11,really,11,4.24,4,0.06549340486526489,0.011602283455431461,0.18641666666666667,0.5674129724502563,53,False,4,4.053333333333335,1.0460526315789471,True,4,correct,1,THEY WERE TRULY QUITE VERY RATHER TIRED AFTER THE LONG JOURNEY
qwen06b,ct_really_t6_k04,1,control_word,t6,4,4,11,really,11,4.4,4,0.06246497854590416,0.020968662574887276,0.1235,0.44197821617126465,55,False,5,4.053333333333335,1.0855263157894735,True,4,correct,1,THEY WERE TRULY QUITE VERY RATHER TIRED AFTER THE LONG JOURNEY
qwen06b,ct_really_t6_k04,2,control_word,t6,4,4,11,really,11,4.48,4,0.07068060338497162,0.015434429980814457,0.11395833333333333,0.24963264167308807,56,False,5,4.053333333333335,1.1052631578947365,True,4,correct,1,THEY WERE TRULY QUITE VERY RATHER TIRED AFTER THE LONG JOURNEY
qwen06b,ct_really_t6_k06,0,control_word,t6,6,6,13,really,13,4.56,6,0.07098928093910217,0.011007774621248245,0.13720833333333332,0.2503555417060852,57,False,5,4.800000000000002,0.9499999999999996,True,6,correct,1,THEY WERE TRULY QUITE VERY RATHER DEEPLY CLEARLY TIRED AFTER THE LONG JOURNEY
qwen06b,ct_really_t6_k06,1,control_word,t6,6,6,13,really,13,5.36,6,0.06720317155122757,0.018756341189146042,0.1705,0.2269100397825241,67,False,7,4.800000000000002,1.1166666666666663,True,6,correct,1,THEY WERE TRULY QUITE VERY RATHER DEEPLY CLEARLY TIRED AFTER THE LONG JOURNEY
qwen06b,ct_really_t6_k06,2,control_word,t6,6,6,13,really,13,5.44,6,0.07012466341257095,0.009501699358224869,0.08979166666666667,0.40364012122154236,68,False,8,4.800000000000002,1.133333333333333,False,8,correct,1,THEY WERE TRULY QUITE VERY RATHER DEEPLY CLEARLY TIRED AFTER THE LONG JOURNEY
qwen06b,ct_really_t6_k08,0,control_word,t6,8,8,15,really,15,6.56,8,0.06886603683233261,0.01440482959151268,0.065625,0.23266592621803284,82,False,11,5.5466666666666695,1.182692307692307,False,11,correct,1,THEY WERE TRULY QUITE VERY RATHER DEEPLY CLEARLY PLAINLY SURELY TIRED AFTER THE LONG JOURNEY
qwen06b,ct_really_t6_k08,1,control_word,t6,8,8,15,really,15,6.56,8,0.06545136123895645,0.019445331767201424,0.06829166666666667,0.2836490571498871,82,False,11,5.5466666666666695,1.182692307692307,False,11,correct,1,THEY WERE TRULY QUITE VERY RATHER DEEPLY CLEARLY PLAINLY SURELY TIRED AFTER THE LONG JOURNEY
qwen06b,ct_really_t6_k08,2,control_word,t6,8,8,15,really,15,7.04,7,0.0847930759191513,0.018537243828177452,0.1505,0.22344659268856049,88,False,12,5.5466666666666695,1.2692307692307685,False,12,undercount,0,THEY WERE TRULY QUITE VERY RATHER DEEPLY CLEARLY PLAINLY SORELY TIRED AFTER THE LONG JOURNEY
qwen06b,ct_really_t6_k12,0,control_word,t6,12,12,19,really,19,8.4,12,0.06703057140111923,0.012756170704960823,0.05254166666666667,0.3395545482635498,105,False,16,7.0400000000000045,1.1931818181818175,False,16,correct,1,THEY WERE TRULY QUITE VERY RATHER DEEPLY CLEARLY PLAINLY SURELY TRULY QUITE VERY RATHER TIRED AFTER THE LONG JOURNEY
qwen06b,ct_really_t6_k12,1,control_word,t6,12,12,19,really,19,8.48,11,0.07268692553043365,0.018504241481423378,0.13833333333333334,0.31247031688690186,106,False,16,7.0400000000000045,1.204545454545454,False,16,undercount,0,THEY WERE TRULY QUITE VERY RATHER DEEPLY CLEARLY PLAINLY SHURELEY TRULY QUITE VERY RATHER TIRED AFTER THE LONG JOURNEY
qwen06b,ct_really_t6_k12,2,control_word,t6,12,12,19,really,19,8.88,12,0.07743214815855026,0.014404497109353542,0.14020833333333332,0.2731330394744873,111,False,17,7.0400000000000045,1.2613636363636356,False,17,correct,1,THEY WERE TRULY QUITE VERY RATHER DEEPLY CLEARLY PLAINLY SURELY TRULY QUITE VERY RATHER TIRED AFTER THE LONG JOURNEY
qwen06b,ct_really_t6_k16,0,control_word,t6,16,16,23,really,23,10.88,16,0.06315261870622635,0.010964525863528252,0.06808333333333333,0.3260400593280792,136,False,22,8.53333333333334,1.274999999999999,False,22,correct,1,THEY WERE TRULY QUITE VERY RATHER DEEPLY CLEARLY PLAINLY SURELY TRULY QUITE VERY RATHER DEEPLY CLEARLY PLAINLY SURELY TIRED AFTER THE LONG JOURNEY
qwen06b,ct_really_t6_k16,1,control_word,t6,16,16,23,really,23,10.4,16,0.07152025401592255,0.014232207089662552,0.150375,0.19120438396930695,130,False,21,8.53333333333334,1.2187499999999991,False,21,correct,1,THEY WERE TRULY QUITE VERY RATHER DEEPLY CLEARLY PLAINLY SURELY TRULY QUITE VERY RATHER DEEPLY CLEARLY PLAINLY SURELY TIRED AFTER THE LONG JOURNEY
qwen06b,ct_really_t6_k16,2,control_word,t6,16,16,23,really,23,11.6,16,0.06985031813383102,0.015547891147434711,0.06516666666666666,0.1819836050271988,145,False,24,8.53333333333334,1.359374999999999,False,24,correct,1,THEY WERE TRULY QUITE VERY RATHER DEEPLY CLEARLY PLAINLY SURELY TRULY QUITE VERY RATHER DEEPLY CLEARLY PLAINLY SURELY TIRED AFTER THE LONG JOURNEY
qwen06b,ct_really_t6_k24,0,control_word,t6,24,24,31,really,31,13.44,24,0.0540701188147068,0.012125537730753422,0.045875,0.13094815611839294,168,False,29,11.52000000000001,1.1666666666666656,False,29,correct,1,THEY WERE TRULY QUITE VERY RATHER DEEPLY CLEARLY PLAINLY SURELY TRULY QUITE VERY RATHER DEEPLY CLEARLY PLAINLY SURELY TRULY QUITE VERY RATHER DEEPLY CLEARLY PLAINLY SURELY TIRED AFTER THE LONG JOURNEY
qwen06b,ct_really_t6_k24,1,control_word,t6,24,24,31,really,31,14.64,24,0.05886993557214737,0.01364060491323471,0.024625,0.26199594140052795,183,False,32,11.52000000000001,1.2708333333333321,False,32,correct,1,THEY WERE TRULY QUITE VERY RATHER DEEPLY CLEARLY PLAINLY SURELY TRULY QUITE VERY RATHER DEEPLY CLEARLY PLAINLY SURELY TRULY QUITE VERY RATHER DEEPLY CLEARLY PLAINLY SURELY TIRED AFTER THE LONG JOURNEY
qwen06b,ct_really_t6_k24,2,control_word,t6,24,24,31,really,31,14.0,24,0.05940762907266617,0.010926307179033756,0.17633333333333334,0.2004186511039734,175,False,31,11.52000000000001,1.2152777777777768,False,31,correct,1,THEY WERE TRULY QUITE VERY RATHER DEEPLY CLEARLY PLAINLY SURELY TRULY QUITE VERY RATHER DEEPLY CLEARLY PLAINLY SURELY TRULY QUITE VERY RATHER DEEPLY CLEARLY PLAINLY SURELY TIRED AFTER THE LONG JOURNEY
qwen06b,ct_really_t6_k32,0,control_word,t6,32,32,39,really,39,18.32,32,0.04903162643313408,0.0159881804138422,0.449625,0.16284491121768951,229,False,42,14.506666666666682,1.2628676470588223,False,42,correct,1,THEY WERE TRULY QUITE VERY RATHER DEEPLY CLEARLY PLAINLY SURELY TRULY QUITE VERY RATHER DEEPLY CLEARLY PLAINLY SURELY TRULY QUITE VERY RATHER DEEPLY CLEARLY PLAINLY SURELY TRULY QUITE VERY RATHER DEEPLY CLEARLY PLAINLY SURELY TIRED AFTER THE LONG JOURNEY
qwen06b,ct_really_t6_k32,1,control_word,t6,32,32,39,really,39,19.12,32,0.06442808359861374,0.01864553615450859,0.20770833333333333,0.2006661593914032,239,False,44,14.506666666666682,1.3180147058823517,False,44,correct,1,THEY WERE TRULY QUITE VERY RATHER DEEPLY CLEARLY PLAINLY SURELY TRULY QUITE VERY RATHER DEEPLY CLEARLY PLAINLY SURELY TRULY QUITE VERY RATHER DEEPLY CLEARLY PLAINLY SURELY TRULY QUITE VERY RATHER DEEPLY CLEARLY PLAINLY SURELY TIRED AFTER THE LONG JOURNEY
qwen06b,ct_really_t6_k32,2,control_word,t6,32,32,39,really,39,20.56,32,0.06861725449562073,0.013742943294346333,0.21854166666666666,0.14389127492904663,257,False,48,14.506666666666682,1.4172794117647043,False,48,correct,1,THEY WERE TRULY QUITE VERY RATHER DEEPLY CLEARLY PLAINLY SURELY TRULY QUITE VERY RATHER DEEPLY CLEARLY PLAINLY SURELY TRULY QUITE VERY RATHER DEEPLY CLEARLY PLAINLY SURELY TRULY QUITE VERY RATHER DEEPLY CLEARLY PLAINLY SURELY TIRED AFTER THE LONG JOURNEY
qwen06b,ct_very_t1_k02,0,control_word,t1,2,2,12,very,12,3.76,2,0.07301783561706543,0.023901820182800293,0.05516666666666667,0.25594115257263184,47,False,2,3.7866666666666657,0.9929577464788735,True,2,correct,1,THE DOG WAS QUITE REALLY BIG AND IT RAN ACROSS THE FIELD
qwen06b,ct_very_t1_k02,1,control_word,t1,2,2,12,very,12,3.68,2,0.08579687774181366,0.01778845116496086,0.102625,0.199971541762352,46,False,2,3.7866666666666657,0.9718309859154932,True,2,correct,1,THE DOG WAS QUITE REALLY BIG AND IT RAN ACROSS THE FIELD
qwen06b,ct_very_t1_k02,2,control_word,t1,2,2,12,very,12,3.92,2,0.07342511415481567,0.02133169397711754,0.19970833333333332,0.27102312445640564,49,False,2,3.7866666666666657,1.035211267605634,True,2,correct,1,THE DOG WAS QUITE REALLY BIG AND IT RAN ACROSS THE FIELD
qwen06b,ct_very_t1_k03,0,control_word,t1,3,3,13,very,13,4.16,3,0.07457846403121948,0.011983360163867474,0.12908333333333333,0.13788531720638275,52,False,3,4.186666666666666,0.9936305732484079,True,3,correct,1,THE DOG WAS QUITE REALLY TRULY BIG AND IT RAN ACROSS THE FIELD
qwen06b,ct_very_t1_k03,1,control_word,t1,3,3,13,very,13,4.32,3,0.08312659710645676,0.0229897890239954,0.19054166666666666,0.24756647646427155,54,False,3,4.186666666666666,1.031847133757962,True,3,correct,1,THE DOG WAS QUITE REALLY TRULY BIG AND IT RAN ACROSS THE FIELD
qwen06b,ct_very_t1_k03,2,control_word,t1,3,3,13,very,13,4.08,3,0.06439273804426193,0.017824359238147736,0.07725,0.14066018164157867,51,False,3,4.186666666666666,0.9745222929936308,True,3,correct,1,THE DOG WAS QUITE REALLY TRULY BIG AND IT RAN ACROSS THE FIELD
qwen06b,ct_very_t1_k04,0,control_word,t1,4,4,14,very,14,4.56,4,0.0729663074016571,0.01534276269376278,0.13991666666666666,0.20298045873641968,57,False,4,4.586666666666666,0.994186046511628,True,4,correct,1,THE DOG WAS QUITE REALLY TRULY FAIRLY BIG AND IT RAN ACROSS THE FIELD
qwen06b,ct_very_t1_k04,1,control_word,t1,4,4,14,very,14,5.2,4,0.08291812986135483,0.02495897188782692,0.08875,0.1902114450931549,65,False,6,4.586666666666666,1.1337209302325584,False,6,correct,1,THE DOG WAS QUITE REALLY TRULY FAIRLY BIG AND IT RAN ACROSS THE FIELD
qwen06b,ct_very_t1_k04,2,control_word,t1,4,4,14,very,14,5.84,4,0.06212509796023369,0.020147504284977913,0.11616666666666667,0.1908392608165741,73,False,7,4.586666666666666,1.2732558139534886,False,7,correct,1,THE DOG WAS QUITE REALLY TRULY FAIRLY BIG AND IT RAN ACROSS THE FIELD
qwen06b,ct_very_t1_k06,0,control_word,t1,6,6,16,very,16,5.52,6,0.07824012637138367,0.014307672157883644,0.058833333333333335,0.2546979486942291,69,False,6,5.386666666666665,1.024752475247525,True,6,correct,1,THE DOG WAS QUITE REALLY TRULY FAIRLY RATHER SOMEWHAT BIG AND IT RAN ACROSS THE FIELD
qwen06b,ct_very_t1_k06,1,control_word,t1,6,6,16,very,16,5.52,6,0.0786912813782692,0.022893860936164856,0.21433333333333332,0.15560200810432434,69,False,6,5.386666666666665,1.024752475247525,True,6,correct,1,THE DOG WAS QUITE REALLY TRULY FAIRLY RATHER SOMEWHAT BIG AND IT RAN ACROSS THE FIELD
qwen06b,ct_very_t1_k06,2,control_word,t1,6,6,16,very,16,6.56,6,0.08302497118711472,0.023264525458216667,0.03333333333333333,0.2078300416469574,82,False,9,5.386666666666665,1.2178217821782182,False,9,correct,1,THE DOG WAS QUITE REALLY TRULY FAIRLY RATHER SOMEWHAT BIG AND IT RAN ACROSS THE FIELD
qwen06b,ct_very_t1_k08,0,control_word,t1,8,8,18,very,18,7.2,8,0.07619304955005646,0.017402974888682365,0.08416666666666667,0.20939454436302185,90,False,11,6.186666666666666,1.163793103448276,False,11,correct,1,THE DOG WAS QUITE REALLY TRULY FAIRLY RATHER SOMEWHAT EXTREMELY NOTABLY BIG AND IT RAN ACROSS THE FIELD
qwen06b,ct_very_t1_k08,1,control_word,t1,8,8,18,very,18,7.2,8,0.07791878283023834,0.02160111628472805,0.034041666666666665,0.19841380417346954,90,False,11,6.186666666666666,1.163793103448276,False,11,correct,1,THE DOG WAS QUITE REALLY TRULY FAIRLY RATHER SOMEWHAT EXTREMELY NOTABLY BIG AND IT RAN ACROSS THE FIELD
qwen06b,ct_very_t1_k08,2,control_word,t1,8,8,18,very,18,7.6,8,0.08091571182012558,0.020796669647097588,0.058916666666666666,0.22057759761810303,95,False,12,6.186666666666666,1.2284482758620692,False,12,correct,1,THE DOG WAS QUITE REALLY TRULY FAIRLY RATHER SOMEWHAT EXTREMELY NOTABLY BIG AND IT RAN ACROSS THE FIELD
qwen06b,ct_very_t1_k12,0,control_word,t1,12,12,22,very,22,8.48,12,0.0876685380935669,0.015629967674613,0.08429166666666667,0.1725473254919052,106,False,14,7.786666666666665,1.0890410958904113,False,14,correct,1,THE DOG WAS QUITE REALLY TRULY FAIRLY RATHER SOMEWHAT EXTREMELY NOTABLY QUITE REALLY TRULY FAIRLY BIG AND IT RAN ACROSS THE FIELD
qwen06b,ct_very_t1_k12,1,control_word,t1,12,12,22,very,22,8.88,12,0.08185265213251114,0.01907014474272728,0.09091666666666667,0.18414416909217834,111,False,15,7.786666666666665,1.1404109589041098,False,15,correct,1,THE DOG WAS QUITE REALLY TRULY FAIRLY RATHER SOMEWHAT EXTREMELY NOTABLY QUITE REALLY TRULY FAIRLY BIG AND IT RAN ACROSS THE FIELD
qwen06b,ct_very_t1_k12,2,control_word,t1,12,12,22,very,22,8.72,12,0.07237663865089417,0.02155490778386593,0.051291666666666666,0.19261519610881805,109,False,14,7.786666666666665,1.1198630136986305,False,14,correct,1,THE DOG WAS QUITE REALLY TRULY FAIRLY RATHER SOMEWHAT EXTREMELY NOTABLY QUITE REALLY TRULY FAIRLY BIG AND IT RAN ACROSS THE FIELD
qwen06b,ct_very_t1_k16,0,control_word,t1,16,16,26,very,26,12.0,16,0.07230620831251144,0.014727290719747543,0.139,0.22355780005455017,150,False,23,9.386666666666665,1.278409090909091,False,23,correct,1,THE DOG WAS QUITE REALLY TRULY FAIRLY RATHER SOMEWHAT EXTREMELY NOTABLY QUITE REALLY TRULY FAIRLY RATHER SOMEWHAT EXTREMELY NOTABLY BIG AND IT RAN ACROSS THE FIELD
qwen06b,ct_very_t1_k16,1,control_word,t1,16,16,26,very,26,12.4,16,0.07631942629814148,0.01830427348613739,0.07916666666666666,0.2066042274236679,155,False,24,9.386666666666665,1.3210227272727275,False,24,correct,1,THE DOG WAS QUITE REALLY TRULY FAIRLY RATHER SOMEWHAT EXTREMELY NOTABLY QUITE REALLY TRULY FAIRLY RATHER SOMEWHAT EXTREMELY NOTABLY BIG AND IT RAN ACROSS THE FIELD
qwen06b,ct_very_t1_k16,2,control_word,t1,16,16,26,very,26,10.08,16,0.07102572172880173,0.016750162467360497,0.21204166666666666,0.21803301572799683,126,False,18,9.386666666666665,1.0738636363636365,True,16,correct,1,THE DOG WAS QUITE REALLY TRULY FAIRLY RATHER SOMEWHAT EXTREMELY NOTABLY QUITE REALLY TRULY FAIRLY RATHER SOMEWHAT EXTREMELY NOTABLY BIG AND IT RAN ACROSS THE FIELD
qwen06b,ct_very_t1_k24,0,control_word,t1,24,24,34,very,34,13.92,24,0.0632491186261177,0.0176021046936512,0.17333333333333334,0.19004295766353607,174,False,27,12.586666666666664,1.1059322033898307,True,24,correct,1,THE DOG WAS QUITE REALLY TRULY FAIRLY RATHER SOMEWHAT EXTREMELY NOTABLY QUITE REALLY TRULY FAIRLY RATHER SOMEWHAT EXTREMELY NOTABLY QUITE REALLY TRULY FAIRLY RATHER SOMEWHAT EXTREMELY NOTABLY BIG AND IT RAN ACROSS THE FIELD
qwen06b,ct_very_t1_k24,1,control_word,t1,24,24,34,very,34,14.08,24,0.07071144878864288,0.019770856946706772,0.18508333333333332,0.1363040953874588,176,False,28,12.586666666666664,1.1186440677966103,False,28,correct,1,THE DOG WAS QUITE REALLY TRULY FAIRLY RATHER SOMEWHAT EXTREMELY NOTABLY QUITE REALLY TRULY FAIRLY RATHER SOMEWHAT EXTREMELY NOTABLY QUITE REALLY TRULY FAIRLY RATHER SOMEWHAT EXTREMELY NOTABLY BIG AND IT RAN ACROSS THE F
qwen06b,ct_very_t1_k24,2,control_word,t1,24,24,34,very,35,14.88,24,0.06786751002073288,0.015661245211958885,0.3172083333333333,0.13884525001049042,186,False,30,12.586666666666664,1.1822033898305087,False,30,correct,1,THE DOG WAS QUITE REALLY TRULY FAIRLY RATHER SOMEWHAT EXTREMELY NOTABLY QUITE RE REALLY TRULY FAIRLY RATHER SOMEWHAT EXTREMELY NOTABLY QUITE REALLY TRULY FAIRLY RATHER SOMEWHAT EXTREMELY NOTABLY BIG AND IT RAN ACROSS THE FIELD
qwen06b,ct_very_t1_k32,0,control_word,t1,32,32,42,very,42,20.64,32,0.06492780148983002,0.014755682088434696,0.05125,0.11570770293474197,258,False,44,15.786666666666664,1.3074324324324327,False,44,correct,1,THE DOG WAS QUITE REALLY TRULY FAIRLY RATHER SOMEWHAT EXTREMELY NOTABLY QUITE REALLY TRULY FAIRLY RATHER SOMEWHAT EXTREMELY NOTABLY QUITE REALLY TRULY FAIRLY RATHER SOMEWHAT EXTREMELY NOTABLY QUITE REALLY TRULY FAIRLY RATHER SOMEWHAT EXTREMELY NOTABLY BIG AND IT RAN ACROSS THE FIELD
qwen06b,ct_very_t1_k32,1,control_word,t1,32,32,42,very,42,19.52,32,0.06809793412685394,0.019961124286055565,0.1635,0.22455762326717377,244,False,41,15.786666666666664,1.2364864864864866,False,41,correct,1,THE DOG WAS QUITE REALLY TRULY FAIRLY RATHER SOMEWHAT EXTREMELY NOTABLY QUITE REALLY TRULY FAIRLY RATHER SOMEWHAT EXTREMELY NOTABLY QUITE REALLY TRULY FAIRLY RATHER SOMEWHAT EXTREMELY NOTABLY QUITE REALLY TRULY FAIRLY RATHER SOMEWHAT EXTREMELY NOTABLY BIG AND IT RAN ACROSS THE FIELD
qwen06b,ct_very_t1_k32,2,control_word,t1,32,32,42,very,42,20.48,32,0.06997132301330566,0.018343942239880562,0.185375,0.20735590159893036,256,False,44,15.786666666666664,1.2972972972972976,False,44,correct,1,THE DOG WAS QUITE REALLY TRULY FAIRLY RATHER SOMEWHAT EXTREMELY NOTABLY QUITE REALLY TRULY FAIRLY RATHER SOMEWHAT EXTREMELY NOTABLY QUITE REALLY TRULY FAIRLY RATHER SOMEWHAT EXTREMELY NOTABLY QUITE REALLY TRULY FAIRLY RATHER SOMEWHAT EXTREMELY NOTABLY BIG AND IT RAN ACROSS THE FIELD
qwen06b,nm_n01,0,numbers,n01,4,4,9,six,9,3.44,4,0.046527545899152756,0.020008031278848648,0.008416666666666666,0.22103555500507355,43,False,3,4.195555555555555,0.8199152542372882,True,4,correct,1,SIX HUNDRED SIXTY SIX THOUSAND SIX HUNDRED SIXTY SIX
qwen06b,nm_n01,1,numbers,n01,4,4,9,six,9,4.8,4,0.04490116238594055,0.04202575609087944,0.13275,0.15423010289669037,60,False,5,4.195555555555555,1.1440677966101696,True,4,correct,1,SIX HUNDRED SIXTY SIX THOUSAND SIX HUNDRED SIXTY SIX
qwen06b,nm_n01,2,numbers,n01,4,4,9,six,9,4.24,4,0.05087851360440254,0.019180983304977417,0.014416666666666666,0.23546190559864044,53,False,4,4.195555555555555,1.0105932203389831,True,4,correct,1,SIX HUNDRED SIXTY SIX THOUSAND SIX HUNDRED SIXTY SIX
qwen06b,nm_n02,0,numbers,n02,4,4,9,seven,9,3.6,4,0.06427110731601715,0.008910664357244968,0.114375,0.18944664299488068,45,False,3,4.195555555555555,0.8580508474576273,True,4,correct,1,SEVEN HUNDRED SEVENTY SEVEN THOUSAND SEVEN HUNDRED SEVENTY SEVEN
qwen06b,nm_n02,1,numbers,n02,4,4,9,seven,9,4.64,4,0.06197884678840637,0.01849764585494995,0.14425,0.25530916452407837,58,False,4,4.195555555555555,1.1059322033898307,True,4,correct,1,SEVEN HUNDRED SEVENTY SEVEN THOUSAND SEVEN HUNDRED SEVENTY SEVEN
qwen06b,nm_n02,2,numbers,n02,4,4,9,seven,9,4.32,4,0.05783386155962944,0.011939140036702156,0.07979166666666666,0.2182399332523346,54,False,4,4.195555555555555,1.0296610169491527,True,4,correct,1,SEVEN HUNDRED SEVENTY SEVEN THOUSAND SEVEN HUNDRED SEVENTY SEVEN
qwen06b,nm_n03,0,numbers,n03,4,4,9,nine,9,4.56,4,0.052948322147130966,0.010019062086939812,0.035166666666666666,0.3968757390975952,57,False,4,4.195555555555555,1.0868644067796611,True,4,correct,1,NINE HUNDRED NINETY NINE THOUSAND NINE HUNDRED NINETY NINE
qwen06b,nm_n03,1,numbers,n03,4,4,9,nine,9,4.72,4,0.04320671781897545,0.017830032855272293,4.1666666666666665e-05,0.2679256498813629,59,False,4,4.195555555555555,1.125,True,4,correct,1,NINE HUNDRED NINETY NINE THOUSAND NINE HUNDRED NINETY NINE
qwen06b,nm_n03,2,numbers,n03,4,4,9,nine,9,4.64,4,0.057357076555490494,0.012459258548915386,0.22633333333333333,0.1787828654050827,58,False,4,4.195555555555555,1.1059322033898307,True,4,correct,1,NINE HUNDRED NINETY NINE THOUSAND NINE HUNDRED NINETY NINE
qwen06b,nm_n04,0,numbers,n04,4,4,9,three,9,3.84,4,0.047408606857061386,0.024913564324378967,0.031083333333333334,0.183963343501091,48,False,4,4.195555555555555,0.9152542372881357,True,4,correct,1,THREE HUNDRED THIRTY THREE THOUSAND THREE HUNDRED THIRTY THREE
qwen06b,nm_n04,1,numbers,n04,4,4,9,three,9,4.16,4,0.06059969961643219,0.04357277601957321,0.05333333333333334,0.21514663100242615,52,False,4,4.195555555555555,0.9915254237288137,True,4,correct,1,THREE HUNDRED THIRTY THREE THOUSAND THREE HUNDRED THIRTY THREE
qwen06b,nm_n04,2,numbers,n04,4,4,9,three,9,3.76,4,0.052321307361125946,0.025185396894812584,0.076875,0.27858346700668335,47,False,4,4.195555555555555,0.8961864406779662,True,4,correct,1,THREE HUNDRED THIRTY THREE THOUSAND THREE HUNDRED THIRTY THREE
qwen06b,nm_n05,0,numbers,n05,6,6,14,six,14,6.08,6,0.047316618263721466,0.02158397249877453,0.06754166666666667,0.28501999378204346,76,False,6,6.293333333333333,0.9661016949152543,True,6,correct,1,SIX HUNDRED SIXTY SIX MILLION SIX HUNDRED SIXTY SIX THOUSAND SIX HUNDRED SIXTY SIX
qwen06b,nm_n05,1,numbers,n05,6,6,14,six,14,6.16,6,0.04785805940628052,0.031391989439725876,0.20283333333333334,0.253225713968277,77,False,6,6.293333333333333,0.978813559322034,True,6,correct,1,SIX HUNDRED SIXTY SIX MILLION SIX HUNDRED SIXTY SIX THOUSAND SIX HUNDRED SIXTY SIX
qwen06b,nm_n05,2,numbers,n05,6,6,14,six,16,6.88,7,0.051613613963127136,0.03536368906497955,0.396,0.19864721596240997,86,False,7,6.293333333333333,1.0932203389830508,True,7,overcount,0,SIX HUNDRED SIXTY SIX MILLION SIX HUNDRED SIXTY SIX THOUSAND SIX HUNDRED SIX HUNDRED SIXTY SIX
qwen06b,nm_n06,0,numbers,n06,4,4,9,eight,9,3.44,4,0.06137461215257645,0.008758177049458027,0.050125,0.3430863618850708,43,False,3,4.195555555555555,0.8199152542372882,True,4,correct,1,EIGHT HUNDRED EIGHTY EIGHT THOUSAND EIGHT HUNDRED EIGHTY EIGHT
qwen06b,nm_n06,1,numbers,n06,4,4,9,eight,9,2.88,4,0.05494311824440956,0.007895277813076973,0.043375,0.26343661546707153,36,False,3,4.195555555555555,0.6864406779661018,True,4,truncation,0,EIGHT HUNDRED EIGHTY EIGHT THOUSAND EIGHT HUNDRED EIGHTY EIGHT
qwen06b,nm_n06,2,numbers,n06,4,4,9,eight,9,5.44,4,0.05928266793489456,0.025027038529515266,0.032,0.1633908450603485,68,False,5,4.195555555555555,1.2966101694915257,True,4,correct,1,EIGHT HUNDRED EIGHTY EIGHT THOUSAND EIGHT HUNDRED EIGHTY EIGHT
qwen06b,nm_n07,0,numbers,n07,2,2,4,five,4,1.52,2,0.06388847529888153,0.024430900812149048,0.033875,0.2929143011569977,19,False,2,1.6266666666666667,0.9344262295081968,True,2,correct,1,FIVE HUNDRED FIFTY FIVE
qwen06b,nm_n07,1,numbers,n07,2,2,4,five,4,1.68,2,0.059689000248909,0.034535862505435944,0.073375,0.1751135140657425,21,False,2,1.6266666666666667,1.0327868852459017,True,2,correct,1,FIVE HUNDRED FIFTY FIVE
qwen06b,nm_n07,2,numbers,n07,2,2,4,five,4,1.68,2,0.07127158343791962,0.04529837518930435,0.13183333333333333,0.29759737849235535,21,False,2,1.6266666666666667,1.0327868852459017,True,2,correct,1,FIVE HUNDRED FIFTY FIVE
qwen06b,nm_n08,0,numbers,n08,2,2,4,four,4,1.6,2,0.08329596370458603,0.032807767391204834,0.09145833333333334,0.23804229497909546,20,False,2,1.8399999999999999,0.8695652173913044,True,2,correct,1,FOUR HUNDRED FORTY FOUR
qwen06b,nm_n08,1,numbers,n08,2,2,4,four,4,2.32,2,0.06172310188412666,0.06238291412591934,0.06708333333333333,0.029346361756324768,29,False,3,1.8399999999999999,1.2608695652173914,True,2,correct,1,FOUR HUNDRED FORTY FOUR
qwen06b,nm_n08,2,numbers,n08,2,2,4,four,4,1.6,2,0.07544160634279251,0.04021929204463959,0.17195833333333332,0.18151183426380157,20,False,2,1.8399999999999999,0.8695652173913044,True,2,correct,1,FOUR HUNDRED FORTY FOUR
qwen06b,nm_n09,0,numbers,n09,6,6,14,two,14,4.48,6,0.05651792511343956,0.014691844582557678,0.02775,0.2077856957912445,56,False,4,6.293333333333333,0.7118644067796611,False,6,correct,1,TWO HUNDRED TWENTY TWO MILLION TWO HUNDRED TWENTY TWO THOUSAND TWO HUNDRED TWENTY TWO
qwen06b,nm_n09,1,numbers,n09,6,6,14,two,14,5.36,6,0.05869363248348236,0.02384043112397194,0.18395833333333333,0.3023327589035034,67,False,5,6.293333333333333,0.8516949152542374,True,6,correct,1,TWO HUNDRED TWENTY TWO MILLION TWO HUNDRED TWENTY TWO THOUSAND TWO HUNDRED TWENTY TWO
qwen06b,nm_n09,2,numbers,n09,6,6,14,two,14,4.72,6,0.06276686489582062,0.01967211253941059,0.014458333333333333,0.18022382259368896,59,False,4,6.293333333333333,0.75,False,6,correct,1,TWO HUNDRED TWENTY TWO MILLION TWO HUNDRED TWENTY TWO THOUSAND TWO HUNDRED TWENTY TWO
qwen06b,nm_n10,0,numbers,n10,2,2,7,one,7,2.96,2,0.07889949530363083,0.005143532529473305,0.06520833333333333,0.22475436329841614,37,False,2,2.8266666666666667,1.0471698113207548,True,2,correct,1,ONE HUNDRED ELEVEN THOUSAND ONE HUNDRED ELEVEN
qwen06b,nm_n10,1,numbers,n10,2,2,7,one,7,2.72,2,0.0644892081618309,0.013750381767749786,4.1666666666666665e-05,0.18918129801750183,34,False,2,2.8266666666666667,0.9622641509433963,True,2,correct,1,ONE HUNDRED ELEVEN THOUSAND ONE HUNDRED ELEVEN
qwen06b,nm_n10,2,numbers,n10,2,2,7,one,7,2.8,2,0.07042498886585236,0.005625220946967602,0.06808333333333333,0.23356501758098602,35,False,2,2.8266666666666667,0.990566037735849,True,2,correct,1,ONE HUNDRED ELEVEN THOUSAND ONE HUNDRED ELEVEN
qwen06b,sr_s1_k01,0,sentence_rep,s1,1,1,4,bell,4,1.44,1,0.07333072274923325,0.009102857671678066,0.004958333333333334,0.24418318271636963,18,False,1,1.7066666666666668,0.8437499999999999,True,1,correct,1,THE BELL RANG TWICE
qwen06b,sr_s1_k01,1,sentence_rep,s1,1,1,4,bell,4,1.68,1,0.10208030790090561,0.030834179371595383,0.041,0.13223351538181305,21,False,1,1.7066666666666668,0.9843749999999999,True,1,correct,1,THE BELL RANG TWICE
qwen06b,sr_s1_k01,2,sentence_rep,s1,1,1,4,bell,4,1.44,1,0.09319315105676651,0.012365000322461128,0.026166666666666668,0.11289560794830322,18,False,1,1.7066666666666668,0.8437499999999999,True,1,correct,1,THE BELL RANG TWICE
qwen06b,sr_s1_k02,0,sentence_rep,s1,2,2,8,bell,8,4.08,2,0.07932260632514954,0.029670676216483116,0.10995833333333334,0.3326601982116699,51,False,2,3.733333333333333,1.092857142857143,True,2,correct,1,THE BELL RANG TWICE THE BELL RANG TWICE
qwen06b,sr_s1_k02,1,sentence_rep,s1,2,2,8,bell,8,3.44,2,0.0846748799085617,0.03246891498565674,0.114125,0.3571026623249054,43,False,2,3.733333333333333,0.9214285714285715,True,2,correct,1,THE BELL RANG TWICE THE BELL RANG TWICE
qwen06b,sr_s1_k02,2,sentence_rep,s1,2,2,8,bell,8,4.8,2,0.06440140306949615,0.028862984851002693,0.04795833333333333,0.1816352754831314,60,False,3,3.733333333333333,1.2857142857142858,True,2,correct,1,THE BELL RANG TWICE THE BELL RANG TWICE
qwen06b,sr_s1_k03,0,sentence_rep,s1,3,3,12,bell,12,5.28,3,0.06969527900218964,0.027976037934422493,0.13825,0.42822420597076416,66,False,3,5.759999999999999,0.9166666666666669,True,3,correct,1,THE BELL RANG TWICE THE BELL RANG TWICE THE BELL RANG TWICE
qwen06b,sr_s1_k03,1,sentence_rep,s1,3,3,12,bell,12,6.24,3,0.08801184594631195,0.025566261261701584,0.023583333333333335,0.2223358303308487,78,False,3,5.759999999999999,1.0833333333333335,True,3,correct,1,THE BELL RANG TWICE THE BELL RANG TWICE THE BELL RANG TWICE
qwen06b,sr_s1_k03,2,sentence_rep,s1,3,3,12,bell,12,5.2,3,0.07662805914878845,0.03239397332072258,0.060583333333333336,0.38573306798934937,65,False,3,5.759999999999999,0.902777777777778,True,3,correct,1,THE BELL RANG TWICE THE BELL RANG TWICE THE BELL RANG TWICE
qwen06b,sr_s1_k04,0,sentence_rep,s1,4,4,16,bell,16,6.8,4,0.09528708457946777,0.02866027131676674,0.11654166666666667,0.4057464301586151,85,False,4,7.786666666666664,0.873287671232877,True,4,correct,1,THE BELL RANG TWICE THE BELL RANG TWICE THE BELL RANG TWICE THE BELL RANG TWICE
qwen06b,sr_s1_k04,1,sentence_rep,s1,4,4,16,bell,16,7.68,4,0.07861871272325516,0.029608143493533134,0.10708333333333334,0.41907432675361633,96,False,4,7.786666666666664,0.986301369863014,True,4,correct,1,THE BELL RANG TWICE THE BELL RANG TWICE THE BELL RANG TWICE THE BELL RANG TWICE
qwen06b,sr_s1_k04,2,sentence_rep,s1,4,4,16,bell,16,6.32,4,0.07426788657903671,0.026415947824716568,0.05554166666666667,0.5241386890411377,79,False,3,7.786666666666664,0.8116438356164386,True,4,correct,1,THE BELL RANG TWICE THE BELL RANG TWICE THE BELL RANG TWICE THE BELL RANG TWICE
qwen06b,sr_s1_k06,0,sentence_rep,s1,6,6,24,bell,24,10.0,6,0.08048815280199051,0.027786897495388985,4.1666666666666665e-05,0.4101867973804474,125,False,5,11.839999999999998,0.8445945945945947,True,6,correct,1,THE BELL RANG TWICE THE BELL RANG TWICE THE BELL RANG TWICE THE BELL RANG TWICE THE BELL RANG TWICE THE BELL RANG TWICE
qwen06b,sr_s1_k06,1,sentence_rep,s1,6,6,24,bell,24,11.12,6,0.07996580004692078,0.028301846235990524,0.058583333333333334,0.44214048981666565,139,False,6,11.839999999999998,0.9391891891891893,True,6,correct,1,THE BELL RANG TWICE THE BELL RANG TWICE THE BELL RANG TWICE THE BELL RANG TWICE THE BELL RANG TWICE THE BELL RANG TWICE
qwen06b,sr_s1_k06,2,sentence_rep,s1,6,6,24,bell,24,10.72,6,0.07624563574790955,0.026844961568713188,0.07158333333333333,0.37778693437576294,134,False,5,11.839999999999998,0.9054054054054056,True,6,correct,1,THE BELL RANG TWICE THE BELL RANG TWICE THE BELL RANG TWICE THE BELL RANG TWICE THE BELL RANG TWICE THE BELL RANG TWICE
qwen06b,sr_s1_k08,0,sentence_rep,s1,8,8,32,bell,32,13.52,8,0.05747903510928154,0.031885724514722824,0.08325,0.4464171528816223,169,False,7,15.893333333333329,0.8506711409395975,True,8,correct,1,THE BELL RANG TWICE THE BELL RANG TWICE THE BELL RANG TWICE THE BELL RANG TWICE THE BELL RANG TWICE THE BELL RANG TWICE THE BELL RANG TWICE THE BELL RANG TWICE
qwen06b,sr_s1_k08,1,sentence_rep,s1,8,8,32,bell,32,14.08,8,0.06920772790908813,0.03327968716621399,0.11725,0.5397771596908569,176,False,7,15.893333333333329,0.8859060402684567,True,8,correct,1,THE BELL RANG TWICE THE BELL RANG TWICE THE BELL RANG TWICE THE BELL RANG TWICE THE BELL RANG TWICE THE BELL RANG TWICE THE BELL RANG TWICE THE BELL RANG TWICE
qwen06b,sr_s1_k08,2,sentence_rep,s1,8,8,32,bell,32,12.8,8,0.09069202095270157,0.03006197325885296,0.122625,0.5159033536911011,160,False,6,15.893333333333329,0.8053691275167788,False,8,correct,1,THE BELL RANG TWICE THE BELL RANG TWICE THE BELL RANG TWICE THE BELL RANG TWICE THE BELL RANG TWICE THE BELL RANG TWICE THE BELL RANG TWICE THE BELL RANG TWICE
qwen06b,sr_s1_k12,0,sentence_rep,s1,12,12,48,bell,48,17.36,12,0.0754389688372612,0.028048178181052208,0.060875,0.38493233919143677,217,False,9,23.999999999999993,0.7233333333333335,False,12,correct,1,THE BELL RANG TWICE THE BELL RANG TWICE THE BELL RANG TWICE THE BELL RANG TWICE THE BELL RANG TWICE THE BELL RANG TWICE THE BELL RANG TWICE THE BELL RANG TWICE THE BELL RANG TWICE THE BELL RANG TWICE THE BELL RANG TWICE THE BELL RANG TWICE
qwen06b,sr_s1_k12,1,sentence_rep,s1,12,12,48,bell,44,19.68,11,0.07087483257055283,0.04271148145198822,0.078,0.3604187071323395,246,False,10,23.999999999999993,0.8200000000000003,True,11,undercount,0,THE BELL RANG TWICE THE BELL RANG TWICE THE BELL RANG TWICE THE BELL RANG TWICE THE BELL RANG TWICE THE BELL RANG TWICE THE BELL RANG TWICE THE BELL RANG TWICE THE BELL RANG TWICE THE BELL RANG TWICE THE BELL RANG TWICE
qwen06b,sr_s1_k12,2,sentence_rep,s1,12,12,48,bell,48,16.24,12,0.09933853149414062,0.030723432078957558,0.036375,0.49689462780952454,203,False,8,23.999999999999993,0.6766666666666667,False,12,truncation,0,THE BELL RANG TWICE THE BELL RANG TWICE THE BELL RANG TWICE THE BELL RANG TWICE THE BELL RANG TWICE THE BELL RANG TWICE THE BELL RANG TWICE THE BELL RANG TWICE THE BELL RNG TWICE THE BELL RANG TWICE THE BELL RANG TWICE THE BELL RANG TWICE
qwen06b,sr_s1_k16,0,sentence_rep,s1,16,16,64,bell,68,23.2,17,0.06314914673566818,0.02976648509502411,0.06625,0.2312774956226349,290,False,12,32.106666666666655,0.7225913621262461,False,17,overcount,0,THE BELL RANG TWICE THE BELL RANG TWICE THE BELL RANG TWICE THE BELL RANG TWICE THE BELL RANG TWICE THE BELL RANG TWICE THE BELL RANG TWICE THE BELL RANG TWICE THE BELL RANG TWICE THE BELL RANG TWICE THE BELL RANG TWICE THE BELL RANG TWICE THE BELL RANG TWICE THE BELL RANG TWICE THE BELL RANG TWICE THE BELL RANG TWICE THE BELL RANG TWICE
qwen06b,sr_s1_k16,1,sentence_rep,s1,16,16,64,bell,64,22.56,16,0.060762789100408554,0.029720257967710495,0.13708333333333333,0.47230884432792664,282,False,11,32.106666666666655,0.7026578073089703,False,16,correct,1,THE BELL RANG TWICE THE BELL RANG TWICE THE BELL RANG TWICE THE BELL RANG TWICE THE BELL RANG TWICE THE BELL RANG TWICE THE BELL RANG TWICE THE BELL RANG TWICE THE BELL RANG TWICE THE BELL RANG TWICE THE BELL RANG TWICE THE BELL RANG TWICE THE BELL RANG TWICE THE BELL RANG TWICE THE BELL RANG TWICE THE BELL RANG TWICE
qwen06b,sr_s1_k16,2,sentence_rep,s1,16,16,64,bell,64,24.16,16,0.07855062186717987,0.03157718852162361,0.14625,0.4128221273422241,302,False,12,32.106666666666655,0.7524916943521598,False,16,correct,1,THE BELL RANG TWICE THE BELL RANG TWICE THE BELL RANG TWICE THE BELL RANG TWICE THE BELL RANG TWICE THE BELL RANG TWICE THE BELL RANG TWICE THE BELL RANG TWICE THE BELL RANG TWICE THE BELL RANG TWICE THE BELL RANG TWICE THE BELL RANG TWICE THE BELL RANG TWICE THE BELL RANG TWICE THE BELL RANG TWICE THE BELL RANG TWICE
qwen06b,sr_s2_k01,0,sentence_rep,s2,1,1,4,stones,4,1.68,1,0.04496259614825249,0.04216242581605911,0.05720833333333333,0.1987198144197464,21,False,1,1.573333333333334,1.0677966101694911,True,1,correct,1,HE COUNTED THE STONES
qwen06b,sr_s2_k01,1,sentence_rep,s2,1,1,4,stones,4,1.6,1,0.04822106659412384,0.034881506115198135,0.029458333333333333,0.4009971618652344,20,False,1,1.573333333333334,1.0169491525423726,True,1,correct,1,HE COUNTED THE STONES
qwen06b,sr_s2_k01,2,sentence_rep,s2,1,1,4,stones,4,1.28,1,0.05817735567688942,0.018001792952418327,0.007958333333333333,0.25419989228248596,16,False,1,1.573333333333334,0.813559322033898,True,1,correct,1,HE COUNTED THE STONES
qwen06b,sr_s2_k02,0,sentence_rep,s2,2,2,8,stones,8,3.2,2,0.047323454171419144,0.03390144184231758,0.03208333333333333,0.4583331346511841,40,False,2,3.1999999999999997,1.0000000000000002,True,2,correct,1,HE COUNTED THE STONES HE COUNTED THE STONES
qwen06b,sr_s2_k02,1,sentence_rep,s2,2,2,8,stones,8,3.68,2,0.055526189506053925,0.0353340283036232,0.03833333333333333,0.2612738311290741,46,False,2,3.1999999999999997,1.1500000000000001,True,2,correct,1,HE COUNTED THE STONES HE COUNTED THE STONES
qwen06b,sr_s2_k02,2,sentence_rep,s2,2,2,8,stones,8,3.04,2,0.05351005122065544,0.030912378802895546,0.08654166666666667,0.4555862545967102,38,False,2,3.1999999999999997,0.9500000000000001,True,2,correct,1,HE COUNTED THE STONES HE COUNTED THE STONES
qwen06b,sr_s2_k03,0,sentence_rep,s2,3,3,12,stones,12,4.64,3,0.04518849775195122,0.03369676694273949,0.06495833333333334,0.4872567653656006,58,False,3,4.826666666666665,0.9613259668508289,True,3,correct,1,HE COUNTED THE STONES HE COUNTED THE STONES HE COUNTED THE STONES
qwen06b,sr_s2_k03,1,sentence_rep,s2,3,3,12,stones,12,4.64,3,0.04704916849732399,0.03721451386809349,0.07516666666666667,0.504944384098053,58,False,3,4.826666666666665,0.9613259668508289,True,3,correct,1,HE COUNTED THE STONES HE COUNTED THE STONES HE COUNTED THE STONES
qwen06b,sr_s2_k03,2,sentence_rep,s2,3,3,12,stones,12,5.04,3,0.04880315065383911,0.034432552754879,0.08766666666666667,0.5270022749900818,63,False,3,4.826666666666665,1.0441988950276246,True,3,correct,1,HE COUNTED THE STONES HE COUNTED THE STONES HE COUNTED THE STONES
qwen06b,sr_s2_k04,0,sentence_rep,s2,4,4,16,stones,16,6.48,4,0.03831585496664047,0.030340787023305893,0.05608333333333333,0.2648366391658783,81,False,4,6.453333333333331,1.004132231404959,True,4,correct,1,HE COUNTED THE STONES HE COUNTED THE STONES HE COUNTED THE STONES HE COUNTED THE STONES
qwen06b,sr_s2_k04,1,sentence_rep,s2,4,4,16,stones,16,6.32,4,0.04183454066514969,0.041666705161333084,0.07354166666666667,0.4617317318916321,79,False,4,6.453333333333331,0.9793388429752069,True,4,correct,1,HE COUNTED THE STONES HE COUNTED THE STONES HE COUNTED THE STONES HE COUNTED THE STONES
qwen06b,sr_s2_k04,2,sentence_rep,s2,4,4,16,stones,16,6.08,4,0.04693930968642235,0.028590383008122444,0.09433333333333334,0.5498857498168945,76,False,4,6.453333333333331,0.9421487603305788,True,4,correct,1,HE COUNTED THE STONES HE COUNTED THE STONES HE COUNTED THE STONES HE COUNTED THE STONES
qwen06b,sr_s2_k06,0,sentence_rep,s2,6,6,24,stones,24,16.8,6,0.06348183751106262,0.07444536685943604,0.07566666666666666,0.30363988876342773,210,False,10,9.706666666666662,1.7307692307692317,False,10,loop,0,HE COUNTED THE STONES HE COUNTED THE STONES HE COUNTED THE STONES HE COUNTED THE STONES HE COUNTED THE STONES HE COUNTED THE STONES
qwen06b,sr_s2_k06,1,sentence_rep,s2,6,6,24,stones,24,9.68,6,0.04358457028865814,0.03511651232838631,0.02025,0.6027352809906006,121,False,6,9.706666666666662,0.9972527472527477,True,6,correct,1,HE COUNTED THE STONES HE COUNTED THE STONES HE COUNTED THE STONES HE COUNTED THE STONES HE COUNTED THE STONES HE COUNTED THE STONES
qwen06b,sr_s2_k06,2,sentence_rep,s2,6,6,24,stones,24,8.32,6,0.043318722397089005,0.02767893671989441,0.03766666666666667,0.3921778202056885,104,False,5,9.706666666666662,0.8571428571428577,True,6,correct,1,HE COUNTED THE STONES HE COUNTED THE STONES HE COUNTED THE STONES HE COUNTED THE STONES HE COUNTED THE STONES HE COUNTED THE STONES
qwen06b,sr_s2_k08,0,sentence_rep,s2,8,8,32,stones,28,11.44,7,0.05848833918571472,0.033933237195014954,0.24379166666666666,0.3914186656475067,143,False,7,12.959999999999994,0.8827160493827164,True,7,undercount,0,HE COUNTED THE STONES HE COUNTED THE STONES HE COUNTED THE STONES HE COUNTED THE STONES HE COUNTED THE STONES HE COUNTED THE STONES HE COUNTED THE STONES
qwen06b,sr_s2_k08,1,sentence_rep,s2,8,8,32,stones,32,13.68,8,0.06729330867528915,0.041391659528017044,0.15320833333333334,0.24697057902812958,171,False,8,12.959999999999994,1.055555555555556,True,8,correct,1,HE COUNTED THE STONES HE COUNTED THE STONES HE COUNTED THE STONES HE COUNTED THE STONES HE COUNTED THE STONES HE COUNTED THE STONES HE COUNTED THE STONES HE COUNTED THE STONES
qwen06b,sr_s2_k08,2,sentence_rep,s2,8,8,32,stones,32,12.72,8,0.047342587262392044,0.031406328082084656,0.378375,0.42151790857315063,159,False,8,12.959999999999994,0.981481481481482,True,8,correct,1,HE COUNTED THE STONES HE COUNTED THE STONES HE COUNTED THE STONES HE COUNTED THE STONES HE COUNTED THE STONES HE COUNTED THE STONES HE COUNTED THE STONES HE COUNTED THE STONES
qwen06b,sr_s2_k12,0,sentence_rep,s2,12,12,48,stones,48,14.56,12,0.049424707889556885,0.02237236313521862,0.0435,0.2818862795829773,182,False,9,19.466666666666658,0.7479452054794524,False,12,correct,1,HE COUNTED THE STONES HE COUNTED THE STONES HE COUNTED THE STONES HE COUNTED THE STONES HE COUNTED THE STONES HE COUNTED THE STONES HE COUNTED THE STONES HE COUNTED THE STONES HE COUNTED THE STONES HE COUNTED THE STONES HE COUNTED HE STONES HE COUNTED THE STONES
qwen06b,sr_s2_k12,1,sentence_rep,s2,12,12,48,stones,48,18.0,12,0.05262432619929314,0.0317380391061306,0.11466666666666667,0.44978058338165283,225,False,11,19.466666666666658,0.9246575342465757,True,12,correct,1,HE COUNTED THE STONES HE COUNTED THE STONES HE COUNTED THE STONES HE COUNTED THE STONES HE COUNTED THE STONES HE COUNTED THE STONES HE COUNTED THE STONES HE COUNTED THE STONES HE COUNTED THE STONES HE COUNTED THE STONES HE COUNTED THE STONES HE COUNTED THE STONES
qwen06b,sr_s2_k12,2,sentence_rep,s2,12,12,48,stones,52,16.96,13,0.0488981194794178,0.02796749398112297,0.06116666666666667,0.3608707785606384,212,False,10,19.466666666666658,0.8712328767123292,False,13,overcount,0,HE COUNTED THE STONES HE COUNTED THE STONES HE COUNTED THE STONES HE COUNTED THE STONES HE COUNTED THE STONES HE COUNTED THE STONES HE COUNTED THE STONES HE COUNTED THE STONES HE COUNTED THE STONES HE COUNTED THE STONES HE COUNTED THE STONES HE COUNTED THE STONES HE COUNTED THE STONES
qwen06b,sr_s2_k16,0,sentence_rep,s2,16,16,64,stones,62,26.32,15,0.06713054329156876,0.028865430504083633,0.109125,0.2243836522102356,329,False,16,25.973333333333322,1.0133470225872694,True,15,undercount,0,HE COUNTED THE STONES HE COUNTED THE STONES HE COUNTED THE STONES HE COUNTED THE STONES HE COUNTED THE STONES HE COUNTED THE STONES HE COUNTED THE STONES HE COUNTED THE STONES HE COUNTED THE STONES HE COUNTED THE STONES HE COUNTED THE STONES HE COUNTED THE STONES HE COUNTED THE STONES HE COUNTED THE STONES H S HE COUNTED THE STONES
qwen06b,sr_s2_k16,1,sentence_rep,s2,16,16,64,stones,68,19.68,17,0.04349644482135773,0.020161695778369904,0.0125,0.42018187046051025,246,False,12,25.973333333333322,0.7577002053388093,False,17,overcount,0,HE COUNTED THE STONES HE COUNTED THE STONES HE COUNTED THE STONES HE COUNTED THE STONES HE COUNTED THE STONES HE COUNTED THE STONES HE COUNTED THE STONES HE COUNTED THE STONES HE COUNTED THE STONES HE COUNTED THE STONES HE COUNTED THE STONES HE COUNTED THE STONES HE COUNTED THE STONES HE COUNTED THE STONES HE COUNTED THE STONES HE COUNTED THE STONES HE COUNTED THE STONES
qwen06b,sr_s2_k16,2,sentence_rep,s2,16,16,64,stones,65,22.0,16,0.048190511763095856,0.02557908184826374,0.1585,0.33112528920173645,275,False,14,25.973333333333322,0.8470225872689942,True,16,correct,1,HE COUNTED THE STONES HE COUNTED THE STONES HE COUNTED THE STONES HE COUNTED THE STONES HE COUNTED THE STONES HE COUNTED THE STONES HE COUNTED THE STONES HE COUNTED THE STONES HE COUNTED THE STONES HE COUNTED THE STONES HE COUNTED THE STONES HE COUNTED THE STONES HE COUNTED THE STONES HE COUNTED THE STONES HE COUNTED THE STONES HE COUNTED THE STONES HE
qwen06b,sr_s3_k01,0,sentence_rep,s3,1,1,5,rain,5,2.0,1,0.06321878731250763,0.04522006958723068,0.053125,0.12250155955553055,25,False,1,2.013333333333334,0.9933774834437082,True,1,correct,1,RAIN FELL ON THE ROOF
qwen06b,sr_s3_k01,1,sentence_rep,s3,1,1,5,rain,5,1.6,1,0.0707423985004425,0.04086409881711006,0.06320833333333334,0.40337881445884705,20,False,1,2.013333333333334,0.7947019867549666,True,1,correct,1,RAIN FELL ON THE ROOF
qwen06b,sr_s3_k01,2,sentence_rep,s3,1,1,5,rain,5,2.16,1,0.06005242094397545,0.04621850326657295,0.148125,0.18848520517349243,27,False,1,2.013333333333334,1.072847682119205,True,1,correct,1,RAIN FELL ON THE ROOF
qwen06b,sr_s3_k02,0,sentence_rep,s3,2,2,10,rain,10,4.72,2,0.05776551365852356,0.04056276008486748,4.1666666666666665e-05,0.26109448075294495,59,False,2,3.8666666666666667,1.2206896551724138,True,2,correct,1,RAIN FELL ON THE ROOF RAIN FELL ON THE ROOF
qwen06b,sr_s3_k02,1,sentence_rep,s3,2,2,10,rain,10,3.76,2,0.06144023314118385,0.04645152390003204,0.061,0.370078444480896,47,False,2,3.8666666666666667,0.9724137931034482,True,2,correct,1,RAIN FELL ON THE ROOF RAIN FELL ON THE ROOF
qwen06b,sr_s3_k02,2,sentence_rep,s3,2,2,10,rain,10,3.68,2,0.06771166622638702,0.028101593255996704,0.025791666666666668,0.29076629877090454,46,False,2,3.8666666666666667,0.9517241379310345,True,2,correct,1,RAIN FELL ON THE ROOF RAIN FELL ON THE ROOF
qwen06b,sr_s3_k03,0,sentence_rep,s3,3,3,15,rain,15,5.36,3,0.0717013031244278,0.03933882713317871,0.034083333333333334,0.4005909562110901,67,False,3,5.72,0.9370629370629372,True,3,correct,1,RAIN FELL ON THE ROOF RAIN FELL ON THE ROOF RAIN FELL ON THE ROOF
qwen06b,sr_s3_k03,1,sentence_rep,s3,3,3,15,rain,15,6.08,3,0.07052204012870789,0.04176659882068634,0.147,0.2656346261501312,76,False,3,5.72,1.062937062937063,True,3,correct,1,RAIN FELL ON THE ROOF RAIN FELL ON THE ROOF RAIN FELL ON THE ROOF
qwen06b,sr_s3_k03,2,sentence_rep,s3,3,3,15,rain,15,5.44,3,0.05897126346826553,0.03744059056043625,0.12125,0.3070867359638214,68,False,3,5.72,0.9510489510489512,True,3,correct,1,RAIN FELL ON THE ROOF RAIN FELL ON THE ROOF RAIN FELL ON THE ROOF
qwen06b,sr_s3_k04,0,sentence_rep,s3,4,4,20,rain,20,6.4,4,0.06436086446046829,0.038249485194683075,0.00675,0.2907794415950775,80,False,3,7.573333333333332,0.8450704225352115,True,4,correct,1,RAIN FELL ON THE ROOF RAIN FELL ON THE ROOF RAIN FELL ON THE ROOF RAIN FELL ON THE ROOF
qwen06b,sr_s3_k04,1,sentence_rep,s3,4,4,20,rain,15,5.44,3,0.05802163854241371,0.045144133269786835,0.052458333333333336,0.43831926584243774,68,False,3,7.573333333333332,0.7183098591549297,True,3,undercount,0,RAIN FELL ON THE ROOF RAIN FELL ON THE ROOF RAIN FELL ON THE ROOF
qwen06b,sr_s3_k04,2,sentence_rep,s3,4,4,20,rain,15,6.4,3,0.06639482080936432,0.04884153977036476,0.17195833333333332,0.2712220847606659,80,False,3,7.573333333333332,0.8450704225352115,True,3,undercount,0,RAIN FELL ON THE ROOF RAIN FELL ON THE ROOF RAIN FELL ON THE ROOF
qwen06b,sr_s3_k06,0,sentence_rep,s3,6,6,30,rain,30,8.88,6,0.065697580575943,0.03234877064824104,0.047875,0.46531346440315247,111,False,5,11.28,0.7872340425531916,True,6,correct,1,RAIN FELL ON THE ROOF RAIN FELL ON THE ROOF RAIN FELL ON THE ROOF RAIN FELL ON THE ROOF RAIN FELL ON THE ROOF RAIN FELL ON THE ROOF
qwen06b,sr_s3_k06,1,sentence_rep,s3,6,6,30,rain,25,9.36,5,0.08296409249305725,0.039838168770074844,0.20608333333333334,0.40127041935920715,117,False,5,11.28,0.8297872340425532,True,5,undercount,0,RAIN FELL ON THE ROOF RAIN FELL ON THE ROOF RAIN FELL ON THE ROOF RAIN FELL ON THE ROOF RAIN FELL ON THE ROOF
qwen06b,sr_s3_k06,2,sentence_rep,s3,6,6,30,rain,25,9.52,5,0.08602293580770493,0.05366225913167,0.14545833333333333,0.5720183253288269,119,False,5,11.28,0.8439716312056738,True,5,undercount,0,RAIN FELL ON THE ROOF RAIN FELL ON THE ROOF RAIN FELL ON THE ROOF RAIN FELL ON THE ROOF RAIN FELL ON THE ROOF
qwen06b,sr_s3_k08,0,sentence_rep,s3,8,8,40,rain,35,13.76,7,0.060263633728027344,0.049436114728450775,0.052958333333333336,0.45973628759384155,172,False,7,14.986666666666665,0.918149466192171,True,7,undercount,0,RAIN FELL ON THE ROOF RAIN FELL ON THE ROOF RAIN FELL ON THE ROOF RAIN FELL ON THE ROOF RAIN FELL ON THE ROOF RAIN FELL ON THE ROOF RAIN FELL ON THE ROOF
qwen06b,sr_s3_k08,1,sentence_rep,s3,8,8,40,rain,35,10.72,7,0.06907691806554794,0.032798636704683304,0.226625,0.5693362355232239,134,False,6,14.986666666666665,0.715302491103203,True,7,undercount,0,RAIN FELL ON THE ROOF RAIN FELL ON THE ROOF RAIN FELL ON THE ROOF RAIN FELL ON THE ROOF RAIN FELL ON THE ROOF RAIN FELL ON THE ROOF RAIN FELL ON THE ROOF
qwen06b,sr_s3_k08,2,sentence_rep,s3,8,8,40,rain,35,18.08,7,0.06876035034656525,0.05194120481610298,0.007208333333333333,0.5149022936820984,226,False,10,14.986666666666665,1.206405693950178,False,10,undercount,0,RAIN FELL ON THE ROOF RAIN FELL ON THE ROOF RAIN FELL ON THE ROOF RAIN FELL ON THE ROOF RAIN FELL ON THE ROOF RAIN FELL ON THE ROOF RAIN FELL ON THE ROOF
qwen06b,sr_s3_k12,0,sentence_rep,s3,12,12,60,rain,60,16.72,12,0.06736327707767487,0.03461523354053497,0.204375,0.447974294424057,209,False,9,22.399999999999995,0.7464285714285716,False,12,correct,1,RAIN FELL ON THE ROOF RAIN FELL ON THE ROOF RAIN FELL ON THE ROOF RAIN FELL ON THE ROOF RAIN FELL ON THE ROOF RAIN FELL ON THE ROOF RAIN FELL ON THE ROOF RAIN FLL ON THE ROOF RAIN FELL ON THE ROOF RAIN FELL ON THE ROOF RAIN ELL ON THE ROOF RAIN FELL ON THE ROOF
qwen06b,sr_s3_k12,1,sentence_rep,s3,12,12,60,rain,55,21.92,11,0.057804305106401443,0.07365097850561142,0.11770833333333333,0.45509910583496094,274,False,12,22.399999999999995,0.9785714285714289,True,11,undercount,0,RAIN FELL ON THE ROOF RAIN FELL ON THE ROOF RAIN FELL ON THE ROOF RAIN FELL ON THE ROOF RAIN FELL ON THE ROOF RAIN FELL ON THE ROOF RAIN FELL N THE ROOF RAIN FELL ON THE ROOF RAIN FLL ON THE ROOF RAIN FELL ON THE ROOF RAIN FELL ON THE ROOF
qwen06b,sr_s3_k12,2,sentence_rep,s3,12,12,60,rain,55,23.92,11,0.058771416544914246,0.037479449063539505,0.034208333333333334,0.3496134579181671,299,False,13,22.399999999999995,1.067857142857143,False,13,undercount,0,RAIN FELL ON THE ROOF RAIN FELL ON THE ROOF RAIN FELL ON THE ROOF RAIN FELL ON THE ROOF RAIN FELL ON THE ROOF RAIN FELL ON THE ROOF RAIN FELL ON THE ROOF RAIN FELL ON THE ROOF RAIN FELL ON THE ROOF RAIN FELL ON THE ROOF RAIN FELL ON THE ROOF
qwen06b,sr_s3_k16,0,sentence_rep,s3,16,16,80,rain,75,26.88,15,0.05804094672203064,0.04559135064482689,0.09575,0.2527758777141571,336,False,14,29.813333333333325,0.9016100178890879,True,15,undercount,0,RAIN FELL ON THE ROOF RAIN FELL ON THE ROOF RAIN FELL ON THE ROOF RAIN FELL ON THE ROOF RAIN FELL ON THE ROOF RAIN FELL ON THE ROOF RAIN FELL ON THE ROOF RAIN FELL ON THE ROOF RAIN FELL ON THE ROOF RAIN FELL ON THE ROOF RAIN FLL ON THE ROOF RAIN FELL ON THE ROOF RAIN FELL ON THE ROF RAIN FELL ON THE ROOF RAIN FELL ON THE ROOF
qwen06b,sr_s3_k16,1,sentence_rep,s3,16,16,80,rain,75,23.36,15,0.04710572212934494,0.04686080291867256,0.105625,0.41832223534584045,292,False,13,29.813333333333325,0.783542039355993,True,15,undercount,0,RAIN FELL ON THE ROOF RAIN FELL ON THE ROOF RAIN FELL ON THE ROOF RAIN FELL ON THE ROOF RAIN FELL ON THE ROOF RAIN FELL ON THE ROOF RAIN FELL ON THE ROOF RAIN FELL ON THE ROOF RAIN FELL ON THE ROOF RAIN FELL ON THE ROOF RAIN FELL ON THE ROOF RAIN FELL ON THE ROOF RAIN FELL ON THE ROOF RAIN FELL ON THE ROOF RAIN FELL ON THE ROOF
qwen06b,sr_s3_k16,2,sentence_rep,s3,16,16,80,rain,76,28.32,15,0.0754140168428421,0.040212780237197876,0.15520833333333334,0.29592353105545044,354,False,15,29.813333333333325,0.9499105545617176,True,15,undercount,0,RAIN FELL ON THE ROOF RAIN FELL ON THE ROOF RAIN FELL ON THE ROOF RAIN FELL ON THE ROOF RAIN FELL ON THE ROOF RAIN FELL N THE ROOF RAIN FELL N THE ROOF RAIN FELL ON THE ROOF RAIN FELL ON THE ROOF RAIN FLL ON THE ROOF RAIN FELL ON THE ROOF RAIN FELL ON THE ROOF RAIN FELL ON THE ROOF F RAIN FELL ON THE ROOF RAIN FELL ON THE ROOF
qwen06b,sr_s4_k01,0,sentence_rep,s4,1,1,4,door,4,1.04,1,0.08104614913463593,0.010598924942314625,0.0060416666666666665,0.25343313813209534,13,False,1,1.351111111111111,0.7697368421052633,True,1,correct,1,THE DOOR STAYED OPEN
qwen06b,sr_s4_k01,1,sentence_rep,s4,1,1,4,door,4,1.52,1,0.07957109808921814,0.026042934507131577,0.07433333333333333,0.1489158272743225,19,False,1,1.351111111111111,1.1250000000000002,True,1,correct,1,THE DOOR STAYED OPEN
qwen06b,sr_s4_k01,2,sentence_rep,s4,1,1,4,door,4,1.36,1,0.09435225278139114,0.008941181935369968,0.006958333333333334,0.2611522972583771,17,False,1,1.351111111111111,1.0065789473684212,True,1,correct,1,THE DOOR STAYED OPEN
qwen06b,sr_s4_k02,0,sentence_rep,s4,2,2,8,door,8,3.28,2,0.0774601623415947,0.021730225533246994,0.0885,0.4363926947116852,41,False,2,3.03111111111111,1.082111436950147,True,2,correct,1,THE DOOR STAYED OPEN THE DOOR STAYED OPEN
qwen06b,sr_s4_k02,1,sentence_rep,s4,2,2,8,door,8,3.04,2,0.0824170783162117,0.029674192890524864,0.026291666666666668,0.4395706057548523,38,False,2,3.03111111111111,1.0029325513196483,True,2,correct,1,THE DOOR STAYED OPEN THE DOOR STAYED OP
qwen06b,sr_s4_k02,2,sentence_rep,s4,2,2,8,door,8,3.04,2,0.07867442816495895,0.01965370774269104,0.041125,0.4429934024810791,38,False,2,3.03111111111111,1.0029325513196483,True,2,correct,1,THE DOOR STAYED OPEN THE DOOR STAYED OPEN
qwen06b,sr_s4_k03,0,sentence_rep,s4,3,3,12,door,12,4.64,3,0.06028904393315315,0.024525515735149384,0.019833333333333335,0.40734127163887024,58,False,3,4.7111111111111095,0.9849056603773587,True,3,correct,1,THE DOOR STAYED OPEN THE DOOR STAYED OPEN THE DOOR STAYED OPEN
qwen06b,sr_s4_k03,1,sentence_rep,s4,3,3,12,door,12,4.96,3,0.06348185986280441,0.021998614072799683,0.09795833333333333,0.22419461607933044,62,False,3,4.7111111111111095,1.0528301886792457,True,3,correct,1,THE DOOR STAYED OPEN THE DOOR STAYED OPEN THE DOOR STAYED OPEN
qwen06b,sr_s4_k03,2,sentence_rep,s4,3,3,12,door,12,4.4,3,0.08085677027702332,0.01690342091023922,4.1666666666666665e-05,0.237588569521904,55,False,3,4.7111111111111095,0.9339622641509437,True,3,correct,1,THE DOOR STAYED OPEN THE DOOR STAYED OPEN THE DOOR STAYED OPEN
qwen06b,sr_s4_k04,0,sentence_rep,s4,4,4,16,door,16,6.4,4,0.08439455926418304,0.017648426815867424,0.07133333333333333,0.3560011088848114,80,False,4,6.391111111111108,1.001390820584145,True,4,correct,1,THE DOOR STAYED OPEN THE DOOR STAYED OPEN THE DOOR STAYED OPEN THE DOOR STAYED OPEN
qwen06b,sr_s4_k04,1,sentence_rep,s4,4,4,16,door,16,7.84,4,0.0820837989449501,0.019595080986618996,0.111125,0.2914718687534332,98,False,5,6.391111111111108,1.2267037552155777,True,4,correct,1,THE DOOR STAYED OPEN THE DOOR STAYED OPEN THE DOOR STAYED OPEN THE DOOR STAYED OPEN
qwen06b,sr_s4_k04,2,sentence_rep,s4,4,4,16,door,16,6.08,4,0.05682701617479324,0.013961222022771835,0.018708333333333334,0.21060509979724884,76,False,4,6.391111111111108,0.9513212795549378,True,4,correct,1,THE DOOR STAYED OPEN THE DOOR STAYED OPEN THE DOOR STAYED OPEN THE DOOR STAYED OPEN
qwen06b,sr_s4_k06,0,sentence_rep,s4,6,6,24,door,20,8.24,5,0.0797673836350441,0.029606949537992477,0.26658333333333334,0.6262418031692505,103,False,5,9.751111111111106,0.8450319051959895,True,5,undercount,0,THE DOOR STAYED OPEN THE DOOR STAYED OPEN THE DOOR STAYED OPEN THE DOOR STAYED OPEN THE DOOR STAYED OPEN
qwen06b,sr_s4_k06,1,sentence_rep,s4,6,6,24,door,20,7.28,5,0.07409877330064774,0.018457327038049698,0.015583333333333333,0.28631651401519775,91,False,5,9.751111111111106,0.7465815861440296,True,5,undercount,0,THE DOOR STAYED OPEN THE DOOR STAYED OPEN THE DOOR STAYED OPEN THE DOOR STAYED OPEN THE DOOR STAYED OPEN
qwen06b,sr_s4_k06,2,sentence_rep,s4,6,6,24,door,20,8.56,5,0.0786077082157135,0.02286463789641857,0.197375,0.2172437459230423,107,False,5,9.751111111111106,0.8778486782133096,True,5,undercount,0,THE DOOR STAYED OPEN THE DOOR STAYED OPEN THE DOOR STAYED OPEN THE DOOR STAYED OPEN THE DOOR STAYED OPEN
qwen06b,sr_s4_k08,0,sentence_rep,s4,8,8,32,door,32,10.32,8,0.051825206726789474,0.017151353880763054,0.0185,0.262313574552536,129,False,6,13.111111111111104,0.7871186440677971,False,8,correct,1,THE DOOR STAYED OPEN THE DOOR STAYED OPEN THE DOOR STAYED OPEN THE DOOR STAYED OPEN THE DOOR STAYED OPEN THE DOOR STAYED OPEN THE DOOR STAYED OPEN THE DOOR STAYED OPEN
qwen06b,sr_s4_k08,1,sentence_rep,s4,8,8,32,door,28,11.68,7,0.06817612797021866,0.022263620048761368,0.07658333333333334,0.2980731427669525,146,False,7,13.111111111111104,0.8908474576271191,True,7,undercount,0,THE DOOR STAYED OPEN THE DOOR STAED OPEN THE DOOR STAYD OPEN THE DOOR STAYED OPEN THE DOOR STAYED OPEN THE DOOR STAYED OPEN THE DOOR STAYED OPEN
qwen06b,sr_s4_k08,2,sentence_rep,s4,8,8,32,door,28,9.84,7,0.0677902027964592,0.01744612492620945,0.02,0.21134905517101288,123,False,6,13.111111111111104,0.7505084745762716,True,7,undercount,0,THE DOOR STAYED OPEN THE DOOR STAYED OPEN THE DOOR STAYED OPEN THE DOOR STAYED OPEN THE DOOR STAYED OPEN THE DOOR STAYED OPEN THE DOOR STAYED OPEN
qwen06b,sr_s4_k12,0,sentence_rep,s4,12,12,48,door,44,14.08,11,0.04619958996772766,0.013766735792160034,0.06170833333333333,0.31015998125076294,176,False,9,19.831111111111102,0.7099955177050653,False,11,undercount,0,THE DOOR STAYED OPEN THE DOOR STAYED OPEN THE DOOR STAYED OPEN THE DOOR STAYED OPEN THE DOOR STAYED OPEN THE DOOR STAYED OPEN THE DOOR STAYED OPEN THE DOOR STAYED OPEN THE DOOR STAYED OPEN THE DOOR STAYED OPEN THE DOOR STAYED OPEN
qwen06b,sr_s4_k12,1,sentence_rep,s4,12,12,48,door,48,14.64,12,0.058326318860054016,0.01694510690867901,0.056541666666666664,0.3645216226577759,183,False,9,19.831111111111102,0.7382339757956077,False,12,correct,1,THE DOOR STAYED OPEN THE DOOR STAYED OPEN THE DOOR STAYED OPEN THE DOOR STAYED OPEN THE DOOR STAYED OPEN THE DOOR STAYED OPEN THE DOOR STAYED OPEN THE DOOR STAYED OPEN THE DOOR STAYED OPEN THE DOOR STAYED OPEN THE DOOR STAYED OPEN THE DOOR STAYED OP
qwen06b,sr_s4_k12,2,sentence_rep,s4,12,12,48,door,48,13.2,12,0.06062982976436615,0.011737199500203133,0.076875,0.3129824101924896,165,False,8,19.831111111111102,0.6656207978484987,False,12,truncation,0,THE DOOR STAYED OPEN THE DOOR STAYED OPEN THE DOOR STAYED OPEN THE DOOR STAYED OPEN THE DOOR STAYED OPEN THE DOOR STAYED OPEN THE DOOR STAYED OPEN THE DOOR STAYED OPEN THE DOOR STAYED OPEN THE DOOR STAYED OPEN THE DOOR STAYED OPEN THE DOOR STAYED OPEN
qwen06b,sr_s4_k16,0,sentence_rep,s4,16,16,64,door,64,15.76,16,0.05440619960427284,0.013101255521178246,0.11,0.2970024645328522,197,False,10,26.551111111111098,0.5935721459658523,False,16,truncation,0,THE DOOR STAYED OPEN THE DOOR STAYED OPEN THE DOOR STAYED OPEN THE DOOR STAYED OPEN THE DOOR STAYED OPEN THE DOOR STAYED OPEN THE DOOR STAYED OPEN THE DOOR STAYED OPEN THE DOOR STAYED OPEN THE DOOR STAYED OPEN THE DOOR STAYED OPEN THE DOOR SAYED OPEN THE DOOR STAYED OPEN THE DOOR STAYED OPEN THE DOOR STAYED OPEN THE DOOR STAYED OPE
qwen06b,sr_s4_k16,1,sentence_rep,s4,16,16,64,door,64,21.12,16,0.07810378819704056,0.01277294009923935,0.186375,0.5916898250579834,264,False,13,26.551111111111098,0.7954469367258122,False,16,correct,1,THE DOOR STAYED OPEN THE DOOR STAYED OPEN THE DOOR STAYED OPEN THE DOOR STAYED OPEN THE DOOR STAYED OPEN THE DOOR STAYED OPEN THE DOOR STAYED OPEN THE DOOR STAYED OPEN THE DOOR STAYED OPEN THE DOOR STAYED OPEN THE DOOR STAYED OPEN THE DOOR STAYED OPEN THE DOOR STAYED OPEN THE DOOR STAYED OPEN THE DOOR STAYED OPEN THE DOOR STAYED OPEN
qwen06b,sr_s4_k16,2,sentence_rep,s4,16,16,64,door,68,16.88,17,0.05551488324999809,0.012040735222399235,0.0425,0.28542831540107727,211,False,10,26.551111111111098,0.6357549380649484,False,17,overcount,0,THE DOOR STAYED OPEN THE DOOR STAYED OPEN THE DOOR STAYED OPEN THE DOOR STAYED OPEN THE DOOR STAYED OPEN THE DOOR STAYED OPEN THE DOOR STAYED OPEN THE DOOR STAYED OPEN THE DOOR STAYED OPEN THE DOOR STAYED OPEN THE DOOR STAYED OPEN THE DOOR STAYED OPEN THE DOOR STAYED OPEN THE DOOR STAYED OPEN THE DOOR STAED OPEN THE DOOR STAYED OPEN THE DOOR STAYED OPEN
qwen06b,tw_w1_k1,0,twisters,w1,1,2,8,sea,8,3.44,2,0.06533768773078918,0.021852143108844757,0.089,0.3209690749645233,43,False,1,3.1466666666666647,1.0932203389830515,True,2,correct,1,SHE SELLS SEA SHELLS BY THE SEA SHORE
qwen06b,tw_w1_k1,1,twisters,w1,1,2,8,sea,8,3.28,2,0.05255855247378349,0.041251931339502335,0.14591666666666667,0.355070024728775,41,False,1,3.1466666666666647,1.0423728813559328,True,2,correct,1,SHE SELLS SEA SHELLS BY THE SEA SHORE
qwen06b,tw_w1_k1,2,twisters,w1,1,2,8,sea,8,2.72,2,0.061559922993183136,0.015090344473719597,0.0615,0.3787785768508911,34,False,1,3.1466666666666647,0.8644067796610175,True,2,correct,1,SHE SELLS SEA SHELLS BY THE SEA SHORE
qwen06b,tw_w1_k2,0,twisters,w1,2,4,16,sea,16,6.32,4,0.07926950603723526,0.021881993860006332,0.162875,0.23342396318912506,79,False,2,6.519999999999999,0.9693251533742334,False,4,correct,1,SHE SELLS SEA SHELLS BY THE SEA SHORE SHE SELLS SEA SHELLS BY THE SEA SHORE
qwen06b,tw_w1_k2,1,twisters,w1,2,4,16,sea,16,6.72,4,0.06947875022888184,0.030989164486527443,0.03654166666666667,0.19199912250041962,84,False,2,6.519999999999999,1.0306748466257671,False,4,correct,1,SHE SELLS SEA SHELLS BY THE SEA SHORE SHE SELLS SEA SHELLS BY THE SEA SHORE
qwen06b,tw_w1_k2,2,twisters,w1,2,4,16,sea,15,5.6,3,0.07273349910974503,0.01709865964949131,0.098875,0.3595627248287201,70,False,2,6.519999999999999,0.8588957055214725,True,3,undercount,0,SHE SELLS SEA SHELLS BY THE SEASHORE SHE SELLS SEA SHELLS BY THE SEA SHORE
qwen06b,tw_w1_k4,0,twisters,w1,4,8,32,sea,32,11.84,8,0.055434610694646835,0.02354123815894127,0.07595833333333334,0.23655803501605988,148,False,4,13.266666666666666,0.892462311557789,False,8,correct,1,SHE SELLS SEA SHELLS BY THE SEA SHORE SHE SELLS SEA SHELLS BY THE SEA SHORE SHE SELLS SEA SHELLS BY THE SEA SHORE SHE SELLS SEA SHELLS BY THE SEA SHORE
qwen06b,tw_w1_k4,1,twisters,w1,4,8,32,sea,29,11.68,5,0.07674697041511536,0.03187323734164238,0.07795833333333334,0.2296721190214157,146,False,4,13.266666666666666,0.8804020100502513,True,5,undercount,0,SHE SELLS SEA SHELLS BY THE SEASHORE SHE SELLS SEA SHELLS BY THE SEA SHORE SHE SELLS SEA SHELLS BY THE SEASHORE SHE SELLS SEA SHELLS BY THE SEASHORE
qwen06b,tw_w1_k4,2,twisters,w1,4,8,32,sea,31,11.84,7,0.055861715227365494,0.01840442232787609,0.18295833333333333,0.35336723923683167,148,False,4,13.266666666666666,0.892462311557789,False,7,undercount,0,SHE SELLS SEA SHELLS BY THE SEA SHORE SHE SELLS SEA SHELLS BY THE SEA SHORE SHE SELLS SEA SHELLS BY THE SEA SHORE SHE SELLS SEA SHELLS BY THE SEASHORE
qwen06b,tw_w2_k1,0,twisters,w2,1,1,8,peck,8,3.12,0,0.05313768982887268,0.014851863496005535,0.05429166666666667,0.1720992624759674,39,False,1,3.446153846153848,0.9053571428571424,True,0,undercount,0,PETER PIPER PICKED A PACK OF PICKLED PEPPERS
qwen06b,tw_w2_k1,1,twisters,w2,1,1,8,peck,7,3.12,0,0.056403204798698425,0.02689528279006481,0.06891666666666667,0.25334399938583374,39,False,1,3.446153846153848,0.9053571428571424,True,0,undercount,0,PETERPIPER PICKED A PACK OF PICKLED PEPPERS
qwen06b,tw_w2_k1,2,twisters,w2,1,1,8,peck,6,2.8,0,0.07428479194641113,0.019662315025925636,0.025583333333333333,0.14239196479320526,35,False,1,3.446153846153848,0.8124999999999994,True,0,undercount,0,PETER PIPER PICKED A PECKLED PEPPERS
qwen06b,tw_w2_k2,0,twisters,w2,2,2,16,peck,16,6.56,1,0.05470176041126251,0.02091388963162899,0.03958333333333333,0.19928458333015442,82,False,2,8.573333333333336,0.7651632970451008,True,1,undercount,0,PETER PIPER PICKED A PACK OF PICKLED PEPPERS PETER PIPER PICKED A PECK OF PICKLED PEPPERS
qwen06b,tw_w2_k2,1,twisters,w2,2,2,16,peck,16,6.96,0,0.051672305911779404,0.03746567666530609,0.07529166666666667,0.2289731800556183,87,False,2,8.573333333333336,0.8118195956454118,False,2,undercount,0,PETER PIPER PICKED A PACK OF PICKLED PEPPERS PETER PIPER PICKED A PACK OF PICKLED PEPPERS
qwen06b,tw_w2_k2,2,twisters,w2,2,2,16,peck,16,6.32,0,0.0662994384765625,0.029802663251757622,0.094125,0.19650809466838837,79,False,2,8.573333333333336,0.7371695178849142,False,2,undercount,0,PETER PIPER PICKED A PACK OF PICKLED PEPPERS PETER PIPER PICKED A PACK OF PICKLED PEPPERS
qwen06b,tw_w2_k4,0,twisters,w2,4,4,32,peck,30,12.56,0,0.056097086519002914,0.026256617158651352,0.12695833333333334,0.19058895111083984,157,False,3,18.827692307692313,0.667102467723484,False,3,truncation,0,PETER PIPER PICKED A PACK OF PICKLED PEPPERS PETER PIPER PICKED A PACKLED PEPPERS PETER PIPER PICKED A PACK OF PICKLED PEPPERS PETER PIPER PICKED A PACK OF PICKLED PEPPERS
qwen06b,tw_w2_k4,1,twisters,w2,4,4,32,peck,31,12.08,3,0.047788918018341064,0.02771376445889473,0.1135,0.3802706301212311,151,False,3,18.827692307692313,0.6416081058996567,True,3,truncation,0,PETER PIPER PICKED A PECK OF PICKLED PEPPERS PETERPIPER PICKED A PECK OF PICKLED PEPPERS PETER PIPER PICKED A PECK OF PICKLED PEPPERS PETER PIPER PICKED A PACK OF PICKLED PEPPERS
qwen06b,tw_w2_k4,2,twisters,w2,4,4,32,peck,28,12.88,0,0.0573732852935791,0.02441941760480404,0.09433333333333334,0.3289856016635895,161,False,3,18.827692307692313,0.684098708939369,False,3,truncation,0,PETER PIPER PICKED A PACK OF PICKLED PEPPERS PETER PIPER PICKED A PECKLED PEPPERS PETER PIPER PICKED A PACK OF PICKLED PEPPERS PETER PIPER PICKED A PECKLED PEPPERS
qwen06b,tw_w3_k1,0,twisters,w3,1,1,7,chuck,7,2.0,0,0.07310863584280014,0.01387711800634861,0.059708333333333335,0.273238867521286,25,False,1,2.4800000000000004,0.8064516129032256,True,0,undercount,0,HOW MUCH WOOD WOULD A WOODCHUCK CHOP
qwen06b,tw_w3_k1,1,twisters,w3,1,1,7,chuck,7,2.48,1,0.08668242394924164,0.023743627592921257,0.034916666666666665,0.2715206742286682,31,False,1,2.4800000000000004,0.9999999999999998,True,1,correct,1,HOW MUCH WOOD WOULD A WOODCHUCK CHUCK
qwen06b,tw_w3_k1,2,twisters,w3,1,1,7,chuck,7,1.92,0,0.09322044998407364,0.009397916495800018,0.023166666666666665,0.16943950951099396,24,False,1,2.4800000000000004,0.7741935483870966,True,0,undercount,0,HOW MUCH WOOD WOULD A WOODCHUCK CHOP
qwen06b,tw_w3_k2,0,twisters,w3,2,2,14,chuck,14,5.2,2,0.08322950452566147,0.042252007871866226,0.187875,0.24916192889213562,65,False,2,5.199999999999999,1.0000000000000002,True,2,correct,1,HOW MUCH WOOD WOULD A WOODCHUCK CHUCK HOW MUCH WOOD WOULD A WOODCHUCK CHUCK
qwen06b,tw_w3_k2,1,twisters,w3,2,2,14,chuck,14,5.6,1,0.06974901258945465,0.025423919782042503,0.016541666666666666,0.17588911950588226,70,False,2,5.199999999999999,1.076923076923077,True,1,undercount,0,HOW MUCH WOOD WOULD A WOODCHUCK CHUCK HOW MUCH WOOD WOULD A WOODCHUCK CHU
qwen06b,tw_w3_k2,2,twisters,w3,2,2,14,chuck,14,4.8,1,0.06248203665018082,0.015369076281785965,0.040875,0.22469501197338104,60,False,2,5.199999999999999,0.9230769230769231,True,1,undercount,0,HOW MUCH WOOD WOULD A WOODCHUCK CHUCK HOW MUCH WOOD WOULD A WOODCHUCK CHUK
qwen06b,tw_w3_k4,0,twisters,w3,4,4,28,chuck,28,9.92,4,0.06208197399973869,0.022486556321382523,0.08433333333333333,0.24002490937709808,124,False,4,10.639999999999995,0.9323308270676696,True,4,correct,1,HOW MUCH WOOD WOULD A WOODCHUCK CHUCK HOW MUCH WOOD WOULD A WOODCHUCK CHUCK HOW MUCH WOOD WOULD A WOODCHUCK CHUCK HOW MUCH WOOD WOULD A WOODCHUCK CHUCK
qwen06b,tw_w3_k4,1,twisters,w3,4,4,28,chuck,28,9.12,4,0.07271196693181992,0.01759030669927597,0.08370833333333333,0.2669077217578888,114,False,3,10.639999999999995,0.8571428571428574,True,4,correct,1,HOW MUCH WOOD WOULD A WOODCHUCK CHUCK HOW MUCH WOOD WOULD A WOODCHUCK CHUCK HOW MUCH WOOD WOULD A WOODCHUCK CHUCK HOW MUCH WOOD WOULD A WOODCHUCK CHUCK
qwen06b,tw_w3_k4,2,twisters,w3,4,4,28,chuck,28,8.8,4,0.05998309329152107,0.01615970954298973,0.11183333333333334,0.4453793168067932,110,False,3,10.639999999999995,0.8270676691729327,True,4,correct,1,HOW MUCH WOOD WOULD A WOODCHUCK CHUCK HOW MUCH WOOD WOULD A WOODCHUCK CHUCK HOW MUCH WOOD WOULD A WOODCHUCK CHUCK HOW MUCH WOOD WOULD A WOODCHUCK CHUCK
qwen06b,tw_w4_k1,0,twisters,w4,1,4,8,lorry,8,3.92,0,0.08030746877193451,0.031047318130731583,0.021125,0.44596409797668457,49,False,1,3.446153846153848,1.1374999999999993,True,0,undercount,0,RED LORY YELLOW LORY RED LOURY YELLOW LOURY
qwen06b,tw_w4_k1,1,twisters,w4,1,4,8,lorry,8,4.72,0,0.09835982322692871,0.017769115045666695,0.21933333333333332,0.33253785967826843,59,False,1,3.446153846153848,1.3696428571428563,True,0,undercount,0,RED LORY YELLOW LORY RED LORY YELLOW LORY
qwen06b,tw_w4_k1,2,twisters,w4,1,4,8,lorry,8,4.88,0,0.07343694567680359,0.016982069239020348,0.05625,0.37717482447624207,61,False,1,3.446153846153848,1.4160714285714278,True,0,undercount,0,RED LORY YELLOW LARY RED LOURI YELLOW LOURY
qwen06b,tw_w4_k2,0,twisters,w4,2,8,16,lorry,16,8.56,0,0.07747898250818253,0.01635914295911789,0.16408333333333333,0.3121996819972992,107,False,2,8.573333333333336,0.9984447900466561,False,2,undercount,0,RED LOURY YELLOW LOURY RED LORY YELLOW LURY RED LOURY YELLOW LORIY RED LORY YELLOW LOURY
qwen06b,tw_w4_k2,1,twisters,w4,2,8,16,lorry,16,7.2,0,0.08845032751560211,0.029756831005215645,0.077625,0.3545578718185425,90,False,2,8.573333333333336,0.8398133748055985,False,2,undercount,0,RED LOURI YELLOW LORY RED LOURI YELLOW LOURI RED LOURI YELLOW LORI RED LORY YELLOW LOURI
qwen06b,tw_w4_k2,2,twisters,w4,2,8,16,lorry,16,8.88,0,0.0786323994398117,0.024425053969025612,0.3922083333333333,0.4903854727745056,111,False,2,8.573333333333336,1.0357698289269048,False,2,undercount,0,RED LAURY YELLOW LORY RED LOURY YELLOW LORI RED LOURY YELLOW LORY RED LORY YELLOW LORY
qwen06b,tw_w4_k4,0,twisters,w4,4,16,32,lorry,36,12.64,0,0.06107822060585022,0.0013344042235985398,0.058875,0.32117512822151184,158,False,3,18.827692307692313,0.6713515280274553,False,3,truncation,0,RED LORY YELLOW LORY RED LORY YELLOW LORY RED LORY YELLOW LOR RED LORY YELLOW LORY RED LORY YELLOW LORY RED LORY YELLOW LORY RED LORY YELLOW LORY RED LORY YELLOW LRY RED LORY YELLOW LOR
qwen06b,tw_w4_k4,1,twisters,w4,4,16,32,lorry,36,12.32,1,0.09164108335971832,0.006180034950375557,0.06758333333333333,0.30456045269966125,154,False,3,18.827692307692313,0.6543552868115703,True,1,truncation,0,RED LORY YELLOW LORY RED LORY YELLOW LORY RED LORY YELLOW LORY RED LORRY YELLOW LORY RED LORY YELLOW LORRI RED LORR YELLOW LORY RED LORY YELLOW LORY RED LORY YELLOW LORY RED LORY YELLOW LORY
qwen06b,tw_w4_k4,2,twisters,w4,4,16,32,lorry,36,14.08,0,0.07381342351436615,0.011573045514523983,0.42645833333333333,0.17674754559993744,176,False,3,18.827692307692313,0.7478346134989375,False,3,undercount,0,RED LARI YELLOW LOURY RED LARI YELLOW LAURY RED LORI YELLOW LOURY RED LAURI YELLOW LOURY RED LORI YELLOW LORY RED LAURY YELLOW LORY RED LAURI YELLOW LORY RED LAURY YELLOW LORY RED LORI YELLOW LORY
qwen06b,tw_w5_k1,0,twisters,w5,1,2,8,sixth,9,4.0,0,0.056675300002098083,0.022353922948241234,0.016833333333333332,0.31331509351730347,50,False,1,3.88,1.0309278350515465,True,0,undercount,0,THE SEXTH SIK SHEEK'S SEXT SHEEP IS SIK
qwen06b,tw_w5_k1,1,twisters,w5,1,2,8,sixth,8,3.84,1,0.056084875017404556,0.036200396716594696,0.056666666666666664,0.18297849595546722,48,False,1,3.88,0.9896907216494846,True,1,undercount,0,THE SIXTH SIK SHEK SIXT SHEEP IS SICK
qwen06b,tw_w5_k1,2,twisters,w5,1,2,8,sixth,8,3.44,1,0.05520974472165108,0.028573796153068542,0.015583333333333333,0.17164456844329834,43,False,1,3.88,0.8865979381443299,True,1,undercount,0,THE SIXTH SIX SHEEK SIXT SHEEP IS SICK
qwen06b,tw_w5_k2,0,twisters,w5,2,4,16,sixth,15,7.76,4,0.0474640429019928,0.03272996470332146,0.17575,0.18417319655418396,97,False,2,7.76,1.0,False,4,correct,1,THE SIXTH SIX SHAKES SIXTH SHEEP IS SICK THE SIXTH SHEEXT SIXTH SHEEP IS SICK
qwen06b,tw_w5_k2,1,twisters,w5,2,4,16,sixth,17,6.64,3,0.050490498542785645,0.03432054817676544,0.106875,0.26571962237358093,83,False,2,7.76,0.8556701030927835,True,3,undercount,0,THE SIXTH SIX SHEEK SIXTH SHEEP IS SICK THE SIX SIX SHEEK'S SIXTH SHEEP IS SICK
qwen06b,tw_w5_k2,2,twisters,w5,2,4,16,sixth,16,6.32,1,0.05326136574149132,0.02828630805015564,0.024541666666666666,0.23623135685920715,79,False,2,7.76,0.8144329896907218,True,1,undercount,0,THE SIXTH SIX SHAKES SIX SHEEP IS SICK THE SIX SI SHEEK SIX SHEEP IS SICK
qwen06b,tw_w5_k4,0,twisters,w5,4,8,32,sixth,33,12.64,3,0.04704873263835907,0.028032032772898674,0.11291666666666667,0.277609646320343,158,False,3,15.52,0.8144329896907218,True,3,undercount,0,THE SIXTH SIK SHEEK'S SHEEP IS SICK THE SIXT SI SHEE' SIXTH SHEEP IS SICK THE SIXT SHEEK'S SHEEK'S SHEEP IS SICK THE SIXTH SK SHEEK' SIXH SHEEP IS SIK
qwen06b,tw_w5_k4,1,twisters,w5,4,8,32,sixth,32,14.24,5,0.04367511719465256,0.041723210364580154,0.06283333333333334,0.15037599205970764,178,False,4,15.52,0.9175257731958764,True,5,undercount,0,THE SIXTH SIX SHEX SIXTH SHEEP IS SICK THE SXTH SI SHEEX'S SIXTH SHEEP IS SICK THE SIXT SIX SHEE SIXTH SHEEP IS SICK THE SIXT SIX SHEEKS SIXTH SHEEP IS
qwen06b,tw_w5_k4,2,twisters,w5,4,8,32,sixth,32,14.8,3,0.05830266326665878,0.03177163377404213,0.07691666666666666,0.23039741814136505,185,False,4,15.52,0.9536082474226805,True,3,undercount,0,THE SIXTH SIK SHEEK' SIXT SHEEP IS SICK THE SIXH SIK SHEEK' SIXT SHEEP IS SICK THE SIXTH SIK SHEEKS SIX SHEEP IS SICK THE SIXTH SHEEK SHEEK' SIX SHEEP IS SICK
qwen06b,tw_w6_k1,0,twisters,w6,1,0,5,s,5,3.92,0,0.05395800247788429,0.014348868280649185,0.10016666666666667,0.36765503883361816,49,False,1,3.813333333333337,1.027972027972027,True,0,correct,1,SIX SLICK SLIM SECAMERY SAPLINGS
qwen06b,tw_w6_k1,1,twisters,w6,1,0,5,s,5,3.36,0,0.07140352576971054,0.03630627319216728,0.10058333333333333,0.17447145283222198,42,False,1,3.813333333333337,0.8811188811188803,True,0,correct,1,SIX SLICK SLIM SYCAMORE SAPLINGS
qwen06b,tw_w6_k1,2,twisters,w6,1,0,5,s,5,4.16,0,0.07490748912096024,0.02687876857817173,0.15795833333333334,0.33900266885757446,52,False,1,3.813333333333337,1.09090909090909,True,0,correct,1,SIX SLICK SLIM SYCAMORE SAPLINGS
qwen06b,tw_w6_k2,0,twisters,w6,2,0,10,s,10,6.56,0,0.06641195714473724,0.019553830847144127,0.03654166666666667,0.16544030606746674,82,False,2,6.960000000000005,0.9425287356321831,False,2,correct,1,SIX SLICK SLIM SECAMERE SAPLINGS SIX SLIK SLIM SECAMERE SAPLINGS
qwen06b,tw_w6_k2,1,twisters,w6,2,0,10,s,10,8.08,0,0.0561225451529026,0.03790810704231262,0.17708333333333334,0.1954984962940216,101,False,2,6.960000000000005,1.1609195402298842,False,2,correct,1,SIX SLIK SLIM SYCAMORE SAPLINGS SIX SLIK SLIM SYCAMORE SAPLINGS
qwen06b,tw_w6_k2,2,twisters,w6,2,0,10,s,10,6.24,0,0.060448113828897476,0.024289434775710106,0.15054166666666666,0.23419645428657532,78,False,2,6.960000000000005,0.8965517241379304,False,2,correct,1,SIX SLICK SLIM SICAMOR SAPLINGS SIX SLICK SLIM SICAMOR SAPLINGS
qwen06b,tw_w6_k4,0,twisters,w6,4,0,20,s,20,14.08,0,0.05442700907588005,0.031172912567853928,0.20645833333333333,0.2681499123573303,176,False,4,13.253333333333343,1.0623742454728362,False,4,correct,1,SIX SLICK SLIM SICMORE SAPLINGS SIX SLICK SLIM SIKMORE SAPLINGS SIX SLICK SLIM SIKAMORE SAPLINGS SIX SLICK SLIM SICAMORE SAPLINGS
qwen06b,tw_w6_k4,1,twisters,w6,4,0,20,s,18,12.48,0,0.05896121263504028,0.029087871313095093,0.38266666666666665,0.2782450020313263,156,False,4,13.253333333333343,0.9416498993963777,False,4,correct,1,SIX SLICK SLIM SICAMER SAPLINGS SIX SLICK SLIMSICAMOR SAPLINGS SIX SLICK SLIMSICAMER SAPLINGS SIX SLICK SLIM SICAMOR SAPLINGS
qwen06b,tw_w6_k4,2,twisters,w6,4,0,20,s,20,11.84,0,0.05317241698503494,0.027358278632164,0.09241666666666666,0.35533633828163147,148,False,4,13.253333333333343,0.8933601609657941,False,4,correct,1,SIX SLIK SLIM SICAMOR SAPLINGS SIX SLICK SLIM SICIMOR SAPLINGS SIX SLICK SLIM SICIMORE SAPLINGS SIX SLICK SLM SICAMOR SAPLINGS
qwen06b,tw_w7_k1,0,twisters,w7,1,0,5,fr,5,3.12,0,0.05352872982621193,0.050252947956323624,0.041791666666666664,0.3013364374637604,39,False,1,3.173333333333336,0.9831932773109235,True,0,correct,1,FRESH FRENCH FRIED FLY FRITTERS
qwen06b,tw_w7_k1,1,twisters,w7,1,0,5,fr,5,3.36,0,0.05898270756006241,0.06574613600969315,0.16083333333333333,0.2697812616825104,42,False,1,3.173333333333336,1.0588235294117638,True,0,correct,1,FRESH FRENCH FRIED FLY FRITTERS
qwen06b,tw_w7_k1,2,twisters,w7,1,0,5,fr,5,3.04,0,0.06825847178697586,0.05016060546040535,0.243375,0.30969879031181335,38,False,1,3.173333333333336,0.9579831932773101,True,0,correct,1,FRESH FRENCH FRIED FLY FRITTERS
qwen06b,tw_w7_k2,0,twisters,w7,2,0,10,fr,10,5.52,0,0.06549734622240067,0.05159587413072586,0.07329166666666667,0.4778488576412201,69,False,2,5.280000000000003,1.0454545454545447,False,2,correct,1,FRESH FRENCH FRIED FLY FRITTERS FRESH FRENCH FRIED FLY FRITTERS
qwen06b,tw_w7_k2,1,twisters,w7,2,0,10,fr,10,5.6,0,0.0677751675248146,0.05244329944252968,0.05529166666666667,0.2881227135658264,70,False,2,5.280000000000003,1.0606060606060599,False,2,correct,1,FRESH FRENCH FRIED FLY FRITTERS FRESH FRENCH FRIED FLY FRITTERS
qwen06b,tw_w7_k2,2,twisters,w7,2,0,10,fr,10,4.72,0,0.07108835875988007,0.04376478120684624,0.10383333333333333,0.47707024216651917,59,False,2,5.280000000000003,0.8939393939393934,False,2,correct,1,FRESH FRENCH FRIED FLY FRITTERS FRESH FRENCH FRIED FLY FRITTERS
qwen06b,tw_w7_k4,0,twisters,w7,4,0,20,fr,20,9.6,0,0.0891333743929863,0.05162914842367172,0.08033333333333334,0.4369082748889923,120,False,4,9.493333333333336,1.0112359550561796,False,4,correct,1,FRESH FRENCH FRIED FLY FRITTERS FRESH FRENCH FRIED FLY FRITTERS FRESH FRENCH FRIED FLY FRITTERS FRESH FRENCH FRIED FLY FRITTERS
qwen06b,tw_w7_k4,1,twisters,w7,4,0,20,fr,20,11.84,0,0.07167740911245346,0.06221867352724075,0.10054166666666667,0.4505620002746582,148,False,5,9.493333333333336,1.2471910112359548,False,5,correct,1,FRESH FRENCH FRIED FLY FRITTERS FRESH FRENCH FRIED FLY FRITTERS FRESH FRENCH FRIED FLY FRITTERS FRESH FRENCH FRIED FLY FRITTERS
qwen06b,tw_w7_k4,2,twisters,w7,4,0,20,fr,20,10.56,0,0.07728783041238785,0.0528046153485775,0.0695,0.4683434069156647,132,False,5,9.493333333333336,1.1123595505617976,False,5,correct,1,FRESH FRENCH FRIED FLY FRITTERS FRESH FRENCH FRIED FLY FRITTERS FRESH FRENCH FRIED FLY FRITTERS FRESH FRENCH FRIED FLY FRITTERS
qwen06b,tw_w8_k1,0,twisters,w8,1,3,6,rural,6,4.08,3,0.060911208391189575,0.0166370440274477,0.05625,0.4621276259422302,51,False,1,3.9733333333333203,1.026845637583896,False,3,correct,1,TRULY RURAL TRULY RURAL TRULY RURAL
qwen06b,tw_w8_k1,1,twisters,w8,1,3,6,rural,6,3.92,3,0.07063595950603485,0.02352006360888481,0.020416666666666666,0.4432101547718048,49,False,1,3.9733333333333203,0.9865771812080569,False,3,correct,1,TRULY RURAL TRULY RURAL TRULY RURAL
qwen06b,tw_w8_k1,2,twisters,w8,1,3,6,rural,6,3.92,3,0.06856854259967804,0.01757202483713627,0.05554166666666667,0.27487826347351074,49,False,1,3.9733333333333203,0.9865771812080569,False,3,correct,1,TRULY RURAL TRULY RURAL TRULY RURAL
qwen06b,tw_w8_k2,0,twisters,w8,2,6,12,rural,10,7.6,5,0.05733151733875275,0.020212600007653236,0.45266666666666666,0.5231738090515137,95,False,1,20.079999999999984,0.3784860557768927,False,5,truncation,0,TRULY RURAL TRULY RURAL TRULY RURAL TRULY RURAL TRULY RURAL
qwen06b,tw_w8_k2,1,twisters,w8,2,6,12,rural,13,32.08,6,0.04764222353696823,0.10800746828317642,0.11141666666666666,0.29337820410728455,401,False,3,20.079999999999984,1.5976095617529893,False,6,miscount,0,TRULY RURAL TRULY RURAL TRULY RURAL TRULY RURAL TRULY RURAL RAL TRULY RURAL
qwen06b,tw_w8_k2,2,twisters,w8,2,6,12,rural,12,8.08,6,0.05807746574282646,0.02765267714858055,0.39816666666666667,0.4134306013584137,101,False,1,20.079999999999984,0.40239043824701226,False,6,truncation,0,TRULY RURAL TRULY RURAL TRULY RURAL TRULY RURAL TRULY RURAL TRULY RURAL
qwen06b,tw_w8_k4,0,twisters,w8,4,12,24,rural,27,16.8,11,0.06995679438114166,0.018892575055360794,0.026166666666666668,0.22134578227996826,210,False,2,52.29333333333331,0.32126466088730254,False,11,truncation,0,TRULY RURAL TRULY RURAL TRULY RURAL TRULY RURAL TRULY RURAL TRULY RURAL TRULY RURL TRULY RURAL TRULY RURAL TRULY RURAL TRULY RURAL TRULY RURAL TRULY RUAL T
qwen06b,tw_w8_k4,1,twisters,w8,4,12,24,rural,26,24.4,13,0.07109278440475464,0.0716266855597496,0.912875,0.2564949095249176,305,False,2,52.29333333333331,0.46659867414584416,False,13,overcount,0,TRULY RURAL TRULY RURAL TRULY RURAL TRULY RURAL TRULY RURAL TRULY RURAL TRULY RURAL TRULY RURAL TRULY RURAL TRULY RURAL TRULY RURAL TRULY RURAL TRULY RURAL
qwen06b,tw_w8_k4,2,twisters,w8,4,12,24,rural,22,14.08,11,0.06886780261993408,0.030405916273593903,0.2821666666666667,0.3188834488391876,176,False,2,52.29333333333331,0.26925038245792976,False,11,truncation,0,TRULY RURAL TRULY RURAL TRULY RURAL TRULY RURAL TRULY RURAL TRULY RURAL TRULY RURAL TRULY RURAL TRULY RURAL TRULY RURAL TRULY RURAL
qwen06b,wr_blue_t4_k01,0,word_rep,t4,1,1,8,blue,8,2.48,1,0.078399658203125,0.024706009775400162,0.10616666666666667,0.19103753566741943,31,False,0,2.8177777777777773,0.8801261829652999,True,1,correct,1,THE LIGHT WAS BLUE BEFORE THE STORM ARRIVED
qwen06b,wr_blue_t4_k01,1,word_rep,t4,1,1,8,blue,8,2.72,1,0.0616193488240242,0.02598497085273266,4.1666666666666665e-05,0.1811039000749588,34,False,1,2.8177777777777773,0.965299684542587,True,1,correct,1,THE LIGHT WAS BLUE BEFORE THE STORM ARRIVE
qwen06b,wr_blue_t4_k01,2,word_rep,t4,1,1,8,blue,8,2.88,1,0.06717928498983383,0.016909683123230934,0.028666666666666667,0.2297867238521576,36,False,1,2.8177777777777773,1.0220820189274449,True,1,correct,1,THE LIGHT WAS BLUE BEFORE THE STORM ARRIVED
qwen06b,wr_blue_t4_k02,0,word_rep,t4,2,2,9,blue,9,3.2,2,0.06935577094554901,0.022096624597907066,0.02125,0.2998698353767395,40,False,2,3.084444444444444,1.0374639769452452,True,2,correct,1,THE LIGHT WAS BLUE BLUE BEFORE THE STORM ARRIVED
qwen06b,wr_blue_t4_k02,1,word_rep,t4,2,2,9,blue,9,3.44,2,0.07542327046394348,0.028625326231122017,0.09183333333333334,0.2368730902671814,43,False,3,3.084444444444444,1.1152737752161386,True,2,correct,1,THE LIGHT WAS BLUE BLUE BEFORE THE STORM ARRIVED
qwen06b,wr_blue_t4_k02,2,word_rep,t4,2,2,9,blue,9,3.36,2,0.07326163351535797,0.016963843256235123,0.09041666666666667,0.20549376308918,42,False,3,3.084444444444444,1.0893371757925074,True,2,correct,1,THE LIGHT WAS BLUE BLUE BEFORE THE STORM ARRIVED
qwen06b,wr_blue_t4_k03,0,word_rep,t4,3,3,10,blue,10,3.36,3,0.07634564489126205,0.02404407039284706,0.12008333333333333,0.18118132650852203,42,False,3,3.35111111111111,1.0026525198938996,True,3,correct,1,THE LIGHT WAS BLUE BLUE BLUE BEFORE THE STORM ARRIVED
qwen06b,wr_blue_t4_k03,1,word_rep,t4,3,3,10,blue,10,3.04,3,0.07292401790618896,0.026138368993997574,0.057916666666666665,0.11091834306716919,38,False,2,3.35111111111111,0.9071618037135282,True,3,correct,1,THE LIGHT WAS BLUE BLUE BLUE BEFORE THE STORM ARRIVE
qwen06b,wr_blue_t4_k03,2,word_rep,t4,3,3,10,blue,10,3.28,3,0.07094711810350418,0.01848370023071766,0.0995,0.27392706274986267,41,False,3,3.35111111111111,0.9787798408488066,True,3,correct,1,THE LIGHT WAS BLUE BLUE BLUE BEFORE THE STORM ARRIVED
qwen06b,wr_blue_t4_k04,0,word_rep,t4,4,4,11,blue,11,3.92,4,0.07509612292051315,0.014598316513001919,0.089,0.18207165598869324,49,False,5,3.6177777777777766,1.083538083538084,True,4,correct,1,THE LIGHT WAS BLUE BLUE BLUE BLUE BEFORE THE STORM ARRIVED
qwen06b,wr_blue_t4_k04,1,word_rep,t4,4,4,11,blue,11,3.68,4,0.07036969065666199,0.02701270952820778,0.069375,0.25984808802604675,46,False,4,3.6177777777777766,1.0171990171990175,True,4,correct,1,THE LIGHT WAS BLUE BLUE BLUE BLUE BEFORE THE STORM ARRIVED
qwen06b,wr_blue_t4_k04,2,word_rep,t4,4,4,11,blue,11,3.84,4,0.0698864534497261,0.016290893778204918,0.005958333333333334,0.26895982027053833,48,False,5,3.6177777777777766,1.0614250614250618,True,4,correct,1,THE LIGHT WAS BLUE BLUE BLUE BLUE BEFORE THE STORM ARRIVED
qwen06b,wr_blue_t4_k06,0,word_rep,t4,6,6,13,blue,12,4.0,5,0.07334356755018234,0.02483941614627838,0.172,0.2801889479160309,50,False,5,4.15111111111111,0.9635974304068525,True,5,undercount,0,THE LIGHT WAS BLUE BLUE BLUE BLUE BLUE BEFORE THE STORM ARRIVED
qwen06b,wr_blue_t4_k06,1,word_rep,t4,6,6,13,blue,12,4.4,5,0.07183381170034409,0.02435925602912903,0.059458333333333335,0.24282364547252655,55,False,7,4.15111111111111,1.059957173447538,False,7,undercount,0,THE LIGHT WAS BLUE BLUE BLUE BLUE BLUE BEFORE THE STORM ARRIVED
qwen06b,wr_blue_t4_k06,2,word_rep,t4,6,6,13,blue,12,3.92,5,0.06593650579452515,0.02162359282374382,0.03779166666666667,0.16865850985050201,49,False,5,4.15111111111111,0.9443254817987154,True,5,undercount,0,THE LIGHT WAS BLUE BLUE BLUE BLUE BLUE BEFORE THE STORM ARRIVED
qwen06b,wr_blue_t4_k08,0,word_rep,t4,8,8,15,blue,13,4.88,6,0.07218227535486221,0.017874596640467644,0.010791666666666666,0.24300415813922882,61,False,9,4.684444444444443,1.0417457305502849,False,9,undercount,0,THE LIGHT WAS BLUE BLUE BLUE BLUE BLUE BLUE BEFORE THE STORM ARRIVED
qwen06b,wr_blue_t4_k08,1,word_rep,t4,8,8,15,blue,14,4.8,7,0.0656280368566513,0.021891986951231956,0.147125,0.25385990738868713,60,False,8,4.684444444444443,1.0246679316888048,True,7,undercount,0,THE LIGHT WAS BLUE BLUE BLUE BLUE BLUE BLUE BLUE BEFORE THE STORM ARRIVED
qwen06b,wr_blue_t4_k08,2,word_rep,t4,8,8,15,blue,14,5.92,7,0.08679623156785965,0.0123277073726058,0.014958333333333334,0.23044084012508392,74,False,13,4.684444444444443,1.263757115749526,False,13,undercount,0,THE LIGHT WAS BLUE BLUE BLUE BLUE BLUE BLUE BLUE BEFORE THE STORM ARRIVED
qwen06b,wr_blue_t4_k12,0,word_rep,t4,12,12,19,blue,18,5.36,11,0.06747639179229736,0.014726678840816021,0.057166666666666664,0.14746800065040588,67,False,11,5.7511111111111095,0.931993817619784,True,11,undercount,0,THE LIGHT WAS BLUE BLUE BLUE BLUE BLUE BLUE BLUE BLUE BLUE BLUE BLUE BEFORE THE STORM ARRIVED
qwen06b,wr_blue_t4_k12,1,word_rep,t4,12,12,19,blue,17,5.36,10,0.06622428447008133,0.016997797414660454,0.0035833333333333333,0.22755897045135498,67,False,11,5.7511111111111095,0.931993817619784,True,10,undercount,0,THE LIGHT WAS BLUE BLUE BLUE BLUE BLUE BLUE BLUE BLUE BLUE BLUE BEFORE THE STORM ARRIVED
qwen06b,wr_blue_t4_k12,2,word_rep,t4,12,12,19,blue,18,6.0,11,0.05758080258965492,0.011751032434403896,0.07429166666666667,0.23432905972003937,75,False,13,5.7511111111111095,1.0432766615146833,False,13,undercount,0,THE LIGHT WAS BLUE BLUE BLUE BLUE BLUE BLUE BLUE BLUE BLUE BLUE BLUE BEFORE THE STORM ARRIVED
qwen06b,wr_blue_t4_k16,0,word_rep,t4,16,16,23,blue,20,6.08,13,0.07370899617671967,0.01516077108681202,0.14058333333333334,0.21600738167762756,76,False,13,6.817777777777776,0.8917861799217734,True,13,undercount,0,THE LIGHT WAS BLUE BLUE BLUE BLUE BLUE BLUE BLUE BLUE BLUE BLUE BLUE BLUE BLUE BEFORE THE STORM ARRIVED
qwen06b,wr_blue_t4_k16,1,word_rep,t4,16,16,23,blue,18,5.28,10,0.06913471966981888,0.015323075465857983,0.03725,0.15813708305358887,66,False,10,6.817777777777776,0.7744458930899611,True,10,undercount,0,THE LIGHT WAS BLUE BLUE BLUE BLUE BLUE LUE BLUE BLUE BLUE BLUE BLUE BEFORE THE STORM ARRIVED
qwen06b,wr_blue_t4_k16,2,word_rep,t4,16,16,23,blue,19,6.8,12,0.05651998892426491,0.013415178284049034,0.028416666666666666,0.16739493608474731,85,False,16,6.817777777777776,0.9973924380704045,False,16,undercount,0,THE LIGHT WAS BLUE BLUE BLUE BLUE BLUE BLUE BLUE BLUE BLUE BLUE BLUE BLUE BEFORE THE STORM ARRIVED
qwen06b,wr_blue_t4_k24,0,word_rep,t4,24,24,31,blue,28,8.0,15,0.07831646502017975,0.011419519782066345,0.014541666666666666,0.2796795666217804,100,False,20,8.951111111111107,0.8937437934458793,False,20,undercount,0,THE LIGHT WAS BLUE BLUE BLUE BLUE BLUE BLUE BLUE BLUE BLUE LUE BLUE BLUE BLU BLUE BLUE BLUE LUE BLU LUE BLU BLUE BEFORE THE STORM ARRIVED
qwen06b,wr_blue_t4_k24,1,word_rep,t4,24,24,31,blue,26,7.44,2,0.06517253071069717,0.012792481109499931,0.12354166666666666,0.20802706480026245,93,False,18,8.951111111111107,0.8311817279046677,False,18,undercount,0,THE LIGHT WAS BLUE BLUE BLU BOBOBOBOLO BOBO BO BBU BU BU BUBLO BU BUBO BOBLOBLU BO BOBU BO BOO B BUBO BEFORE THE STORM ARRIVED
qwen06b,wr_blue_t4_k24,2,word_rep,t4,24,24,31,blue,25,9.12,18,0.08535837382078171,0.010168242268264294,0.048875,0.1769874542951584,114,False,25,8.951111111111107,1.0188679245283023,False,25,undercount,0,THE LIGHT WAS BLUE BLUE BLUE BLUE BLUE BLUE BLUE BLUE BLUE BLUE BLUE BLUE BLUE BLUE BLUE BLUE BLUE BLUE BEFORE THE STORM ARRIVED
qwen06b,wr_blue_t4_k32,0,word_rep,t4,32,32,39,blue,38,8.8,25,0.09732800722122192,0.008817640133202076,0.11425,0.24366268515586853,110,False,23,11.08444444444444,0.7939053728949482,True,25,undercount,0,THE LIGHT WAS BLUE BLUE BLUE BLUE BLUE BLUE BLUE BLUE BLUE BLUE BLUE BLUE BLUE BLUE BLUE BLUE BLUE BLUE BLUE LUE BLUE BLUE LU LUE LUE LU BLUE BLU BLUE BLUE BLUE BEFORE THE STORM ARRIVED
qwen06b,wr_blue_t4_k32,1,word_rep,t4,32,32,39,blue,38,10.48,30,0.0807529017329216,0.012182696722447872,0.208875,0.16057492792606354,131,False,30,11.08444444444444,0.9454691259021656,True,30,undercount,0,THE LIGHT WAS BLUE BLUE BLUE BLUE BLUE BLUE BLUE BLUE BLUE BLUE BLUE BLUE BLUE BLUE BLUE BLUE BLUE BLUE BLUE BLUE BLUE BLUE BLUE BLUE BLUE BLUE BLUE LUE BLUE BLUE BLUE BEFORE THE STORM ARRIVED
qwen06b,wr_blue_t4_k32,2,word_rep,t4,32,32,39,blue,34,14.72,26,0.04588685929775238,0.011360812932252884,0.082,0.4041399359703064,184,False,46,11.08444444444444,1.3279871692060952,False,46,undercount,0,THE LIGHT WAS BLUE BLUE BLUE BLUE BLUE BLUE BLUE BLUE BLUE BLUE BLUE BLUE BLUE BLUE BLUE BLUE BLUE BLUE BLUE BLUE BLUE BLUE LUE BLUE BLUE BLUE BLUE BEFORE THE STORM ARRIVED
qwen06b,wr_far_t3_k01,0,word_rep,t3,1,1,9,far,9,3.6,1,0.08388109505176544,0.03721500560641289,0.19816666666666666,0.18702006340026855,45,False,1,3.4666666666666663,1.0384615384615385,True,1,correct,1,HE WALKED FAR INTO THE FOREST BEFORE TURNING BACK
qwen06b,wr_far_t3_k01,1,word_rep,t3,1,1,9,far,9,3.04,1,0.08116091787815094,0.03232216462492943,0.09808333333333333,0.3290408253669739,38,False,0,3.4666666666666663,0.876923076923077,True,1,correct,1,HE WALKED FAR INTO THE FOREST BEFORE TURNING BACK
qwen06b,wr_far_t3_k01,2,word_rep,t3,1,1,9,far,9,3.52,1,0.0821010023355484,0.03437965735793114,0.10654166666666667,0.16000747680664062,44,False,1,3.4666666666666663,1.0153846153846156,True,1,correct,1,HE WALKED FAR INTO THE FOREST BEFORE TURNING BACK
qwen06b,wr_far_t3_k02,0,word_rep,t3,2,2,10,far,10,4.48,2,0.07617668062448502,0.03845860809087753,0.057791666666666665,0.11041883379220963,56,False,4,3.8666666666666663,1.1586206896551727,False,4,correct,1,HE WALKED FAR FAR INTO THE FOREST BEFORE TURNING BACK
qwen06b,wr_far_t3_k02,1,word_rep,t3,2,2,10,far,10,3.36,2,0.08029717952013016,0.0313640758395195,0.04641666666666667,0.1280856877565384,42,False,1,3.8666666666666663,0.8689655172413794,True,2,correct,1,HE WALKED FAR FAR INTO THE FOREST BEFORE TURNING BACK
qwen06b,wr_far_t3_k02,2,word_rep,t3,2,2,10,far,10,4.24,2,0.08954168111085892,0.03766494616866112,0.06529166666666666,0.36733996868133545,53,False,3,3.8666666666666663,1.0965517241379312,True,2,correct,1,HE WALKED FAR FAR INTO THE FOREST BEFORE TURNING BACK
qwen06b,wr_far_t3_k03,0,word_rep,t3,3,3,11,far,11,4.4,3,0.07268625497817993,0.03616393357515335,0.10133333333333333,0.1382288932800293,55,False,3,4.266666666666667,1.03125,True,3,correct,1,HE WALKED FAR FAR FAR INTO THE FOREST BEFORE TURNING BACK
qwen06b,wr_far_t3_k03,1,word_rep,t3,3,3,11,far,11,3.92,3,0.1038079485297203,0.03788242116570473,0.16516666666666666,0.25445714592933655,49,False,2,4.266666666666667,0.91875,True,3,correct,1,HE WALKED FAR FAR FAR INTO THE FOREST BEFORE TURNING BACK
qwen06b,wr_far_t3_k03,2,word_rep,t3,3,3,11,far,11,4.24,3,0.07736465334892273,0.03858265280723572,0.051875,0.23272091150283813,53,False,3,4.266666666666667,0.99375,True,3,correct,1,HE WALKED FAR FAR FAR INTO THE FOREST BEFORE TURNING BACK
qwen06b,wr_far_t3_k04,0,word_rep,t3,4,4,12,far,12,4.72,4,0.09120658785104752,0.03349897637963295,0.112125,0.3079829812049866,59,False,4,4.666666666666667,1.0114285714285713,True,4,correct,1,HE WALKED FAR FAR FAR FAR INTO THE FOREST BEFORE TURNING BACK
qwen06b,wr_far_t3_k04,1,word_rep,t3,4,4,12,far,12,4.08,4,0.07450944930315018,0.027423610910773277,0.17154166666666668,0.2362385094165802,51,False,3,4.666666666666667,0.8742857142857142,True,4,correct,1,HE WALKED FAR FAR FAR FAR INTO THE FOREST BEFORE TURNING BACK
qwen06b,wr_far_t3_k04,2,word_rep,t3,4,4,12,far,12,4.32,4,0.08493560552597046,0.03222011402249336,0.156875,0.17854486405849457,54,False,3,4.666666666666667,0.9257142857142857,True,4,correct,1,HE WALKED FAR FAR FAR FAR INTO THE FOREST BEFORE TURNING BACK
qwen06b,wr_far_t3_k06,0,word_rep,t3,6,6,14,far,14,5.68,6,0.07940098643302917,0.03425344452261925,0.07525,0.16898012161254883,71,False,7,5.466666666666667,1.0390243902439025,True,6,correct,1,HE WALKED FAR FAR FAR FAR FAR FAR INTO THE FOREST BEFORE TURNING BACK
qwen06b,wr_far_t3_k06,1,word_rep,t3,6,6,14,far,13,4.8,5,0.09993187338113785,0.03470706567168236,0.08654166666666667,0.3363489806652069,60,False,4,5.466666666666667,0.8780487804878049,True,5,undercount,0,HE WALKED FAR FAR FAR FAR FAR ONTO THE FOREST BEFORE TURNING BACK
qwen06b,wr_far_t3_k06,2,word_rep,t3,6,6,14,far,13,5.28,5,0.08614955097436905,0.03832210972905159,0.0032083333333333334,0.23336538672447205,66,False,6,5.466666666666667,0.9658536585365853,True,5,undercount,0,HE WALKED FAR FAR FAR FAR FAR INTO THE FOREST BEFORE TURNING BACK
qwen06b,wr_far_t3_k08,0,word_rep,t3,8,8,16,far,15,5.52,7,0.08992835134267807,0.027015546336770058,0.09470833333333334,0.31668657064437866,69,False,6,6.2666666666666675,0.8808510638297871,True,7,undercount,0,HE WALKED FAR FAR FAR FAR FAR FAR FAR INTO THE FOREST BEFORE TURNING BACK
qwen06b,wr_far_t3_k08,1,word_rep,t3,8,8,16,far,15,5.6,7,0.094620481133461,0.02799542061984539,0.13533333333333333,0.24757128953933716,70,False,6,6.2666666666666675,0.8936170212765956,True,7,undercount,0,HE WALKED FAR FAR FAR FAR FAR FAR FAR INTO THE FOREST BEFORE TURNING BACK
qwen06b,wr_far_t3_k08,2,word_rep,t3,8,8,16,far,16,5.84,7,0.07207977771759033,0.023229161277413368,0.20758333333333334,0.2756376564502716,73,False,7,6.2666666666666675,0.9319148936170212,True,7,undercount,0,HE WALKED FAR FAR FAR FAR FAR FAR FAR HAR INTO THE FOREST BEFORE TURNING BACK
qwen06b,wr_far_t3_k12,0,word_rep,t3,12,12,20,far,18,7.44,10,0.08477634936571121,0.03260006755590439,0.10579166666666667,0.2026728391647339,93,False,11,7.866666666666669,0.9457627118644065,True,10,undercount,0,HE WALKED FAR FAR FAR FAR FAR FAR FAR FAR FAR FAR ONTO THE FOREST BEFORE TURNING BACK
qwen06b,wr_far_t3_k12,1,word_rep,t3,12,12,20,far,32,14.08,30,0.09160065650939941,0.03564435988664627,0.15258333333333332,0.1644667237997055,176,False,28,7.866666666666669,1.7898305084745758,False,30,loop,0,HE WALKED FAR FAR FAR FAR FAR FAR FAR FAR FAR FAR FAR FAR FAR FAR FAR FAR FAR FAR FAR FAR FAR FAR FAR FAR FAR FAR FAR FAR FAR FAR
qwen06b,wr_far_t3_k12,2,word_rep,t3,12,12,20,far,21,8.64,12,0.08388029038906097,0.03737228736281395,0.381375,0.38151291012763977,108,False,14,7.866666666666669,1.0983050847457625,False,14,correct,1,HE WALKED FAR FAR FAR FAR FAR FAR FAR FAR FAR FAR FAR FAREY FAR INTO THE FOREST BEFORE TURNING BACK
qwen06b,wr_far_t3_k16,0,word_rep,t3,16,16,24,far,27,10.0,17,0.09245595335960388,0.026731278747320175,0.400125,0.20128470659255981,125,False,17,9.46666666666667,1.0563380281690136,True,17,overcount,0,HE WALKED FAR FAR FAR FAR FAR FAR FAR FAR FAR FAR FAR FAR FAR FAR FAR AR FAR HAR FAR INTO THE FOREST BEFORE TURNING BACK
qwen06b,wr_far_t3_k16,1,word_rep,t3,16,16,24,far,26,9.68,16,0.08711958676576614,0.030290087684988976,0.015458333333333333,0.2589975595474243,121,False,17,9.46666666666667,1.0225352112676052,True,16,correct,1,HE WALKED FAR FAR FAR FAR FAR FAR FAR FAR FAR FAR FAR FAR FAR FAR HUF AR FAR FAR INTO THE FOREST BEFORE TURNING BACK
qwen06b,wr_far_t3_k16,2,word_rep,t3,16,16,24,far,23,10.72,14,0.09886326640844345,0.033308304846286774,0.4710416666666667,0.321755051612854,134,False,19,9.46666666666667,1.1323943661971827,False,19,undercount,0,HE WALKED FAR FAR FAR FAR FAR FAR FAR FAR FAR FAR FAR FAR FAR FAR HFAR INTO THE FOREST BEFORE TURNING BACK
qwen06b,wr_far_t3_k24,0,word_rep,t3,24,24,32,far,31,11.28,22,0.07477650046348572,0.02886229380965233,0.27470833333333333,0.16092616319656372,141,False,21,12.666666666666671,0.8905263157894733,True,22,undercount,0,HE WALKED FAR FAR FAR FAR FAR FAR FAR FAR FAR FAR FAR FAR FAR FAR FAR FAR FR FAR FAR FAR FAR FAR FAR INTO THE FOREST BEFORE TURNING BACK
qwen06b,wr_far_t3_k24,1,word_rep,t3,24,24,32,far,34,12.72,26,0.07148736715316772,0.03129160776734352,0.4266666666666667,0.15687906742095947,159,False,24,12.666666666666671,1.0042105263157892,True,26,overcount,0,HE WALKED FAR FAR FAR FAR FAR FAR FAR FAR FAR FAR FAR FAR FAR FAR FAR FAR FAR FAR FAR FAR FAR FAR FAR FAR FAR FAR INTO THE FOREST BEFORE TURNING BACK
qwen06b,wr_far_t3_k24,2,word_rep,t3,24,24,32,far,34,12.8,25,0.08337179571390152,0.026671426370739937,0.24795833333333334,0.1659570187330246,160,False,24,12.666666666666671,1.0105263157894733,True,25,overcount,0,HE WALKED FAR FAR FAR FAR FAR FAR FAR FAR FAR FAR FAR FAR FAR FAR FAR FAR FAR FAR FAR FAR FAR AFAR FAR FAR FAR FAR INTO THE FOREST BEFORE TURNING BACK
qwen06b,wr_far_t3_k32,0,word_rep,t3,32,32,40,far,39,14.08,30,0.07502595335245132,0.03145046532154083,0.12629166666666666,0.23661527037620544,176,False,28,15.866666666666674,0.8873949579831929,True,30,undercount,0,HE WALKED FAR FAR FAR FAR FAR FAR FAR FAR FAR FAR FAR FAR FAR AR FAR FAR FAR FAR FAR FAR FAR FAR FAR FAR FAR FAR FAR FAR FAR FAR FAR INTO THE FOREST BEFORE TURNING BACK
qwen06b,wr_far_t3_k32,1,word_rep,t3,32,32,40,far,37,13.36,29,0.07817330956459045,0.03153420239686966,0.188125,0.19559399783611298,167,False,26,15.866666666666674,0.8420168067226886,True,29,undercount,0,HE WALKED FAR FAR FAR FAR FAR FAR FAR FAR FAR FAR FAR FAR FAR FAR FAR FAR FAR FAR FAR FAR FAR FAR FAR FAR FAR FAR FAR FAR FAR INTO THE FOREST BEFORE TURNING BACK
qwen06b,wr_far_t3_k32,2,word_rep,t3,32,32,40,far,36,13.2,27,0.0646701529622078,0.032591842114925385,0.37483333333333335,0.3728667199611664,165,False,25,15.866666666666674,0.8319327731092433,True,27,undercount,0,HE WALKED FAR FAR FAR FAR FAR FAR FAR AR FAR FAR FAR FAR FAR FAR FAR FAR FAR FAR FAR FAR FAR FAR FAR FAR FAR FAR FAR FAR INTO THE FOREST BEFORE TURNING BACK
qwen06b,wr_no_t2_k01,0,word_rep,t2,1,1,11,no,11,3.6,1,0.06518469005823135,0.013421919196844101,0.11595833333333333,0.2625619173049927,45,False,1,3.422222222222221,1.0519480519480524,True,1,correct,1,SHE SAID NO TO THE OFFER AND THEN LEFT THE ROOM
qwen06b,wr_no_t2_k01,1,word_rep,t2,1,1,11,no,11,3.68,1,0.06558401137590408,0.0379507914185524,0.016458333333333332,0.10594311356544495,46,False,2,3.422222222222221,1.0753246753246757,True,1,correct,1,SHE SAID NO TO THE OFFER AND THEN LEFT THE ROOM
qwen06b,wr_no_t2_k01,2,word_rep,t2,1,1,11,no,11,2.8,1,0.06813982129096985,0.011884362436830997,0.008541666666666666,0.24361538887023926,35,False,0,3.422222222222221,0.8181818181818183,True,1,correct,1,SHE SAID NO TO THE OFFER AND THEN LEFT THE ROOM
qwen06b,wr_no_t2_k02,0,word_rep,t2,2,2,12,no,12,3.76,2,0.06309185177087784,0.016005316749215126,0.05575,0.35567507147789,47,False,2,3.822222222222221,0.9837209302325584,True,2,correct,1,SHE SAID NO NO TO THE OFFER AND THEN LEFT THE ROOM
qwen06b,wr_no_t2_k02,1,word_rep,t2,2,2,12,no,12,4.48,2,0.07231093943119049,0.025683647021651268,0.05625,0.34917891025543213,56,False,4,3.822222222222221,1.1720930232558144,False,4,correct,1,SHE SAID NO NO TO THE OFFER AND THEN LEFT THE ROOM
qwen06b,wr_no_t2_k02,2,word_rep,t2,2,2,12,no,12,3.6,2,0.07889588177204132,0.010176156647503376,0.053375,0.33735397458076477,45,False,1,3.822222222222221,0.9418604651162794,True,2,correct,1,SHE SAID NO NO TO THE OFFER AND THEN LEFT THE ROOM
qwen06b,wr_no_t2_k03,0,word_rep,t2,3,3,13,no,13,3.92,3,0.07748956233263016,0.01475995872169733,0.14141666666666666,0.3841725289821625,49,False,2,4.222222222222221,0.9284210526315791,True,3,correct,1,SHE SAID NO NO NO TO THE OFFER AND THEN LEFT THE ROOM
qwen06b,wr_no_t2_k03,1,word_rep,t2,3,3,13,no,13,4.8,3,0.0791393592953682,0.02804385870695114,0.054125,0.19372260570526123,60,False,4,4.222222222222221,1.136842105263158,True,3,correct,1,SHE SAID NO NO NO TO THE OFFER AND THEN LEFT THE ROOM
qwen06b,wr_no_t2_k03,2,word_rep,t2,3,3,13,no,13,3.76,3,0.08667054772377014,0.013111033476889133,0.059333333333333335,0.199247807264328,47,False,2,4.222222222222221,0.8905263157894738,True,3,correct,1,SHE SAID NO NO NO TO THE OFFER AND THEN LEFT THE ROOM
qwen06b,wr_no_t2_k04,0,word_rep,t2,4,4,14,no,14,4.0,4,0.08926565200090408,0.01236698217689991,0.049708333333333334,0.14960245788097382,50,False,2,4.622222222222222,0.8653846153846154,False,4,correct,1,SHE SAID NO NO NO NO TO THE OFFER AND THEN LEFT THE ROOM
qwen06b,wr_no_t2_k04,1,word_rep,t2,4,4,14,no,14,4.8,4,0.0704219713807106,0.02950308844447136,0.04958333333333333,0.21928881108760834,60,False,4,4.622222222222222,1.0384615384615385,True,4,correct,1,SHE SAID NO NO NO NO TO THE OFFER AND THEN LEFT THE ROOM
qwen06b,wr_no_t2_k04,2,word_rep,t2,4,4,14,no,14,4.32,4,0.06206061318516731,0.012911341153085232,0.08125,0.16445866227149963,54,False,3,4.622222222222222,0.9346153846153847,True,4,correct,1,SHE SAID NO NO NO NO TO THE OFFER AND THEN LEFT THE ROOM
qwen06b,wr_no_t2_k06,0,word_rep,t2,6,6,16,no,15,4.4,5,0.10517025738954544,0.006553151179105043,0.09583333333333334,0.19731685519218445,55,False,3,5.4222222222222225,0.8114754098360656,False,5,undercount,0,SHE SAID NO NO NO NO NO TO THE OFFER AND THEN LEFT THE ROOM
qwen06b,wr_no_t2_k06,1,word_rep,t2,6,6,16,no,16,4.72,6,0.07736656069755554,0.02078099362552166,0.034625,0.1513277143239975,59,False,4,5.4222222222222225,0.8704918032786885,False,6,correct,1,SHE SAID NO NO NO NO NO NO TO THE OFFER AND THEN LEFT THE ROOM
qwen06b,wr_no_t2_k06,2,word_rep,t2,6,6,16,no,16,4.88,6,0.0789569541811943,0.011705629527568817,0.1705,0.10650010406970978,61,False,5,5.4222222222222225,0.8999999999999999,True,6,correct,1,SHE SAID NO NO NO NO NO NO TO THE OFFER AND THEN LEFT THE ROOM
qwen06b,wr_no_t2_k08,0,word_rep,t2,8,8,18,no,17,4.88,7,0.06450865417718887,0.01471297163516283,0.02325,0.20666860044002533,61,False,5,6.222222222222223,0.7842857142857141,False,7,undercount,0,SHE SAID NO NO NO NO NO NO NO TO THE OFFER AND THEN LEFT THE ROOM
qwen06b,wr_no_t2_k08,1,word_rep,t2,8,8,18,no,17,5.36,7,0.06340690702199936,0.024846946820616722,0.12291666666666666,0.2651449739933014,67,False,6,6.222222222222223,0.8614285714285713,True,7,undercount,0,SHE SAID NO NO NO NO NO NO NO TO THE OFFER AND THEN LEFT THE ROOM
qwen06b,wr_no_t2_k08,2,word_rep,t2,8,8,18,no,17,4.8,7,0.0643782913684845,0.016750816255807877,0.17770833333333333,0.15465863049030304,60,False,4,6.222222222222223,0.7714285714285712,False,7,undercount,0,SHE SAID NO NO NO NO NO NO NO TO THE OFFER AND THEN LEFT THE ROOM
qwen06b,wr_no_t2_k12,0,word_rep,t2,12,12,22,no,20,5.6,9,0.080962173640728,0.01002588216215372,0.040875,0.15177032351493835,70,False,6,7.822222222222223,0.7159090909090908,False,9,undercount,0,SHE SAID NO NO NO NO NO NO NO NO NO NU NOTE THE OFFER AND THEN LEFT THE ROOM
qwen06b,wr_no_t2_k12,1,word_rep,t2,12,12,22,no,21,6.56,10,0.08416955918073654,0.020680056884884834,0.023625,0.14913924038410187,82,False,9,7.822222222222223,0.8386363636363635,True,10,undercount,0,SHE SAID NO NO NO NO NO NO NO NO NO NO NOED TO THE OFFER AND THEN LEFT THE ROOM
qwen06b,wr_no_t2_k12,2,word_rep,t2,12,12,22,no,21,6.56,11,0.05775177478790283,0.015164774842560291,0.15379166666666666,0.24237076938152313,82,False,9,7.822222222222223,0.8386363636363635,False,11,undercount,0,SHE SAID NO NO NO NO NO NO NO NO NO NO NO TO THE OFFER AND THEN LEFT THE ROOM
qwen06b,wr_no_t2_k16,0,word_rep,t2,16,16,26,no,26,5.68,16,0.05410262197256088,0.006351894233375788,0.0255,0.2583790719509125,71,False,7,9.422222222222224,0.6028301886792451,False,16,truncation,0,SHE SAID NO NO NO NO NO NO NO NO NO NO NO NO NO NO NO NO DO THE OFFER AND THEN LEFT THE ROOM
qwen06b,wr_no_t2_k16,1,word_rep,t2,16,16,26,no,28,7.2,18,0.05911116302013397,0.017497610300779343,0.16975,0.1903926283121109,90,False,10,9.422222222222224,0.7641509433962262,False,18,overcount,0,SHE SAID NO NO NO NO NO NO NO NO NO NO NO NO NO NO NO NO NO NO TO THE OFFER AND THEN LEFT THE ROOM
qwen06b,wr_no_t2_k16,2,word_rep,t2,16,16,26,no,28,6.24,18,0.07108297944068909,0.011257005855441093,0.03729166666666667,0.12430793046951294,78,False,8,9.422222222222224,0.6622641509433961,False,18,overcount,0,SHE SAID NO NO NO NO NO NO NO NO NO NO NO NO NO NO NO NO NO NO TO THE OFFER AND THEN LEFT THE ROOM
qwen06b,wr_no_t2_k24,0,word_rep,t2,24,24,34,no,36,9.12,26,0.06917591392993927,0.008183426223695278,0.0020833333333333333,0.21032752096652985,114,False,15,12.622222222222225,0.7225352112676054,False,26,overcount,0,SHE SAID NO NO NO NO NO NO NO NO NO NO NO NO NO NO NO NO NO NO NO NO NO NO NO NO NO NO TO THE OFFER AND THEN LEFT THE ROOM
qwen06b,wr_no_t2_k24,1,word_rep,t2,24,24,34,no,35,8.64,25,0.08331318944692612,0.011176140047609806,0.127875,0.2240409553050995,108,False,14,12.622222222222225,0.684507042253521,False,25,overcount,0,SHE SAID NO NO NO NO NO NO NO NO NO NO NO NO NO NO NO NO NO NO NO NO NO NO NO NO NO TO THE OFFER AND THEN LEFT THE ROOM
qwen06b,wr_no_t2_k24,2,word_rep,t2,24,24,34,no,44,7.92,31,0.055558498948812485,0.0054087163880467415,0.10254166666666667,0.3208756446838379,99,False,12,12.622222222222225,0.6274647887323942,False,31,overcount,0,SHE SAID NO NO NO NO NO NO NO NO NO NO NO NO NO NO NO NO NO NO NO NO NO N N NO NO NO NO NO N NO NO NO NO NO TO THE OFFER AND THEN LEFT THE ROOM
qwen06b,wr_no_t2_k32,0,word_rep,t2,32,32,42,no,48,9.52,27,0.05733998864889145,0.00813939981162548,0.21404166666666666,0.25916770100593567,119,False,16,15.822222222222228,0.6016853932584267,False,27,truncation,0,SHE SAID NO NO NO N NO NO NO N NO NO NO NO NO NO N N NONO NO NO NO NO N NONO N NO NO NO N NO NO N NO NO NO NO NO NO NONA TO THE OFFER AND THEN LEFT THE ROOM
qwen06b,wr_no_t2_k32,1,word_rep,t2,32,32,42,no,49,11.28,39,0.06951262801885605,0.011332826688885689,0.055875,0.2689165771007538,141,False,21,15.822222222222228,0.7129213483146064,False,39,overcount,0,SHE SAID NO NO NO NO NO NO NO NO NO NO NO NO NO NO NO NO NO NO NO NO NO NO NO NO NO NO NO NO NO NO NO NO NO NO NO NO NO NO NO TO THE OFFER AND THEN LEFT THE ROOM
qwen06b,wr_no_t2_k32,2,word_rep,t2,32,32,42,no,45,10.0,35,0.07691869139671326,0.005684722680598497,0.118625,0.23494869470596313,125,False,17,15.822222222222228,0.6320224719101121,False,35,overcount,0,SHE SAID NO NO NO NO NO NO NO NO NO NO NO NO NO NO NO NO NO NO NO NO NO NO NO NO NO NO NO NO NO NO NO NO NO NO NO TO THE OFFER AND THEN LEFT THE ROOM
qwen06b,wr_quick_t5_k01,0,word_rep,t5,1,1,8,quick,8,3.36,1,0.07739413529634476,0.013441973365843296,0.06508333333333334,0.21895605325698853,42,False,2,2.8355555555555547,1.1849529780564267,True,1,correct,1,THE RUNNER MOVED QUICK ALONG THE NARROW PATH
qwen06b,wr_quick_t5_k01,1,word_rep,t5,1,1,8,quick,8,2.56,1,0.08136630058288574,0.024000070989131927,0.090875,0.14634083211421967,32,False,1,2.8355555555555547,0.9028213166144203,True,1,correct,1,THE RUNNER MOVED QUICK ALONG THE NARROW PATH
qwen06b,wr_quick_t5_k01,2,word_rep,t5,1,1,8,quick,8,2.8,1,0.06990832835435867,0.019750097766518593,0.19541666666666666,0.23373322188854218,35,False,1,2.8355555555555547,0.9874608150470222,True,1,correct,1,THE RUNNER MOVED QUICK ALONG THE NARROW PATH
qwen06b,wr_quick_t5_k02,0,word_rep,t5,2,2,9,quick,9,2.96,2,0.061581533402204514,0.009474148973822594,0.03133333333333333,0.27582472562789917,37,False,1,3.4222222222222216,0.8649350649350651,True,2,correct,1,THE RUNNER MOVED QUICK QUICK ALONG THE NARROW PATH
qwen06b,wr_quick_t5_k02,1,word_rep,t5,2,2,9,quick,9,3.04,2,0.0703091248869896,0.025478877127170563,0.06595833333333333,0.21810048818588257,38,False,1,3.4222222222222216,0.8883116883116885,True,2,correct,1,THE RUNNER MOVED QUICK QUICK ALONG THE NARROW PATH
qwen06b,wr_quick_t5_k02,2,word_rep,t5,2,2,9,quick,9,3.84,2,0.06896960735321045,0.0121682807803154,0.07995833333333334,0.2820214629173279,48,False,3,3.4222222222222216,1.1220779220779222,True,2,correct,1,THE RUNNER MOVED QUICK QUICK ALONG THE NARROW PATH
qwen06b,wr_quick_t5_k03,0,word_rep,t5,3,3,10,quick,10,4.32,3,0.07017791271209717,0.017217691987752914,0.024291666666666666,0.20981283485889435,54,False,4,4.0088888888888885,1.0776053215077608,True,3,correct,1,THE RUNNER MOVED QUICK QUICK QUICK ALONG THE NARROW PATH
qwen06b,wr_quick_t5_k03,1,word_rep,t5,3,3,10,quick,10,3.68,3,0.058730050921440125,0.017701243981719017,0.07054166666666667,0.16902901232242584,46,False,2,4.0088888888888885,0.9179600886917961,True,3,correct,1,THE RUNNER MOVED QUICK QUICK QUICK ALONG THE NARROW PATH
qwen06b,wr_quick_t5_k03,2,word_rep,t5,3,3,10,quick,10,4.24,3,0.0735788345336914,0.026330385357141495,0.3627916666666667,0.21555735170841217,53,False,3,4.0088888888888885,1.0576496674057652,True,3,correct,1,THE RUNNER MOVED QUICK QUICK QUICK ALONG THE NARROW PATH
qwen06b,wr_quick_t5_k04,0,word_rep,t5,4,4,11,quick,11,4.24,4,0.0589873380959034,0.018000954762101173,0.25,0.18360954523086548,53,False,3,4.5955555555555545,0.9226305609284335,True,4,correct,1,THE RUNNER MOVED QUICK QUICK QUICK QUICK ALONG THE NARROW PATH
qwen06b,wr_quick_t5_k04,1,word_rep,t5,4,4,11,quick,10,4.08,3,0.04984186589717865,0.022366037592291832,0.11304166666666667,0.24735696613788605,51,False,3,4.5955555555555545,0.8878143133462285,True,3,undercount,0,THE RUNNER MOVED QUICK QUICK QUICK ALONG THE NARROW PATH
qwen06b,wr_quick_t5_k04,2,word_rep,t5,4,4,11,quick,11,3.68,4,0.0685376226902008,0.02161327563226223,0.096875,0.20783576369285583,46,False,2,4.5955555555555545,0.8007736943907159,False,4,correct,1,THE RUNNER MOVED QUICK QUICK QUICK QUICK ALONG THE NARROW PATH
qwen06b,wr_quick_t5_k06,0,word_rep,t5,6,6,13,quick,12,5.28,4,0.08033236861228943,0.014774499461054802,0.103875,0.12397056072950363,66,False,5,5.768888888888888,0.9152542372881357,True,4,undercount,0,THE RUNNER MOVED QUICK QUICK QUICK QUICK CLOK ALONG THE NARROW PATH
qwen06b,wr_quick_t5_k06,1,word_rep,t5,6,6,13,quick,12,5.2,5,0.0751459002494812,0.018402332440018654,0.04075,0.15348874032497406,65,False,5,5.768888888888888,0.9013867488443761,True,5,undercount,0,THE RUNNER MOVED QUICK QUICK QUICK QUICK QUICK ALONG THE NARROW PATH
qwen06b,wr_quick_t5_k06,2,word_rep,t5,6,6,13,quick,12,4.56,5,0.0757211372256279,0.011997990310192108,0.18058333333333335,0.21428309381008148,57,False,4,5.768888888888888,0.790446841294299,True,5,undercount,0,THE RUNNER MOVED QUICK QUICK QUICK QUICK QUICK ALONG THE NARROW PATH
qwen06b,wr_quick_t5_k08,0,word_rep,t5,8,8,15,quick,13,6.32,6,0.07108176499605179,0.029620494693517685,0.3892083333333333,0.2677062153816223,79,False,7,6.942222222222222,0.9103713188220232,True,6,undercount,0,THE RUNNER MOVED QUICK QUICK QUICK QUICK QUICK QUICK ALONG THE NARROW PATH
qwen06b,wr_quick_t5_k08,1,word_rep,t5,8,8,15,quick,13,4.88,6,0.07193120568990707,0.018882587552070618,0.06716666666666667,0.14704324305057526,61,False,4,6.942222222222222,0.7029449423815621,False,6,undercount,0,THE RUNNER MOVED QUICK QUICK QUICK QUICK QUICK QUICK ALONG THE NARROW PATH
qwen06b,wr_quick_t5_k08,2,word_rep,t5,8,8,15,quick,13,5.04,6,0.07417511940002441,0.014765226282179356,0.13145833333333334,0.2593592703342438,63,False,5,6.942222222222222,0.7259923175416133,True,6,undercount,0,THE RUNNER MOVED QUICK QUICK QUICK QUICK QUICK QUICK ALONG THE NARROW PATH
qwen06b,wr_quick_t5_k12,0,word_rep,t5,12,12,19,quick,16,4.8,8,0.07103107124567032,0.017466923221945763,0.20229166666666668,0.1455812007188797,60,False,4,9.288888888888888,0.5167464114832536,False,8,truncation,0,THE RUNNER MOVED QUICK QUICK QUICK UICK QUICK QUICK QUICK QUICK QUICK ALONG THE NARROW PATH
qwen06b,wr_quick_t5_k12,1,word_rep,t5,12,12,19,quick,17,5.84,10,0.06918651610612869,0.01622007228434086,0.06633333333333333,0.21540112793445587,73,False,6,9.288888888888888,0.6287081339712919,False,10,truncation,0,THE RUNNER MOVED QUICK QUICK QUICK QUICK QUICK QUICK QUICK QUICK QUICK QUICK ALONG THE NARROW PATH
qwen06b,wr_quick_t5_k12,2,word_rep,t5,12,12,19,quick,17,7.36,9,0.07875815033912659,0.01648814231157303,0.05529166666666667,0.38181889057159424,92,False,9,9.288888888888888,0.7923444976076556,True,9,undercount,0,THE RUNNER MOVED QUICK QUICK QUICK QUICK QUICK QUICK QUICK QUICK UICK QUICK ALONG THE NARROW PATH
qwen06b,wr_quick_t5_k16,0,word_rep,t5,16,16,23,quick,21,8.48,12,0.06675075739622116,0.02402346394956112,0.289875,0.39466360211372375,106,False,11,11.635555555555555,0.7288006111535523,True,12,undercount,0,THE RUNNER MOVED QUICK QUICK QUICK QUICK QUICK QUICK QUICK QUICK QUICK QUICK UICK UICK QUICK QUICK ALONG THE NARROW PATH
qwen06b,wr_quick_t5_k16,1,word_rep,t5,16,16,23,quick,20,6.08,13,0.05655184015631676,0.02135038562119007,0.124125,0.18986362218856812,76,False,7,11.635555555555555,0.5225362872421696,False,13,truncation,0,THE RUNNER MOVED QUICK QUICK QUICK QUICK QUICK QUICK QUICK QUICK QUICK QUICK QUICK QUICK QUICK ALONG THE NARROW PATH
qwen06b,wr_quick_t5_k16,2,word_rep,t5,16,16,23,quick,20,9.2,12,0.06450998783111572,0.024252496659755707,0.48004166666666664,0.2807721495628357,115,False,12,11.635555555555555,0.7906799083269671,True,12,undercount,0,THE RUNNER MOVED QUICK QUICK QUICK UICK QUICK QUICK QUICK QUICK QUICK QUICK QUICK QUICK QUICK ALONG THE NARROW PATH
qwen06b,wr_quick_t5_k24,0,word_rep,t5,24,24,31,quick,26,10.0,16,0.06551577895879745,0.007349236402660608,0.11579166666666667,0.3142123520374298,125,False,13,16.328888888888887,0.6124115405552532,True,16,truncation,0,THE RUNNER MOVED QUICK QUICK QUICK QUICK UICK QUICK QUICK QUICK QUICK QUICK UICK QUICK QUICK QUICK QUICK QUICK QUICK QUICK UICK ALONG THE NARROW PATH
qwen06b,wr_quick_t5_k24,1,word_rep,t5,24,24,31,quick,27,7.12,18,0.08184915781021118,0.016555411741137505,0.23166666666666666,0.21414071321487427,89,False,8,16.328888888888887,0.4360370168753403,False,18,truncation,0,THE RUNNER MOVED QUICK QUICK QUICK QUICK QUICK QUICK UICK QUICK QUICK QUICK QUICK UICK QUICK QUICK QUICK QUICK QUICK QUICK QUICK QUICK ALONG THE NARROW PATH
qwen06b,wr_quick_t5_k24,2,word_rep,t5,24,24,31,quick,27,7.84,19,0.08799001574516296,0.006272665690630674,0.07583333333333334,0.2114287167787552,98,False,10,16.328888888888887,0.4801306477953185,False,19,truncation,0,THE RUNNER MOVED QUICK QUICK QUICK QUICK QUICK QUICK QUICK QUICK QUICK QUICK QUICK QUICK QUICK QUICK UICK QUICK QUICK QUICK QUICK QUICK ALONG THE NARROW PATH
qwen06b,wr_quick_t5_k32,0,word_rep,t5,32,32,39,quick,37,12.8,28,0.04233245551586151,0.01499218586832285,0.03625,0.2416345775127411,160,False,18,21.022222222222222,0.6088794926004228,False,28,truncation,0,THE RUNNER MOVED QUICK QUICK QUICK QUICK QUICK QUICK QUICK QUICK QUICK QUICK QUICK QUICK QUICK QUICK QUICK QUICK QUICK QUICK QUICK QUICK QUICK QUICK QUICK QUICK QUICK UICK QUICK UICK QUICK QUICK ALONG THE NARROW PATH
qwen06b,wr_quick_t5_k32,1,word_rep,t5,32,32,39,quick,36,14.08,28,0.07436373829841614,0.012889469973742962,0.03875,0.3783797323703766,176,False,20,21.022222222222222,0.6697674418604651,False,28,truncation,0,THE RUNNER MOVED QUICK QUICK QUICK QUICK QUICK QUICK QUICK QUICK QUICK QUICK QUICK QUICK QUICK QUICK QUICK QUICK QUICK QUICK QUICK QUICK QUICK QUICK QUICK QUICK QUICK UICK QUICK QUICK QUICK QLICK ALONG THE NARROW
qwen06b,wr_quick_t5_k32,2,word_rep,t5,32,32,39,quick,40,19.44,31,0.0377170704305172,0.052278000861406326,0.17695833333333333,0.35372889041900635,243,False,29,21.022222222222222,0.9247357293868922,True,31,undercount,0,THE RUNNER MOVED QUICK QUICK QUICK QUICK QUICK QUICK QUICK QUICK QUICK QUICK QUICK QUICK QUICK QUICK QUICK QUICK QUICK QUICK QUICK QUICK QUICK QUICK QUICK QUICK QUICK QUICK QUICK UICK QUICK QUICK UICK QUICK QUICK ALONG THE NARROW PATH
qwen06b,wr_really_t6_k01,0,word_rep,t6,1,1,8,really,8,2.56,1,0.08932742476463318,0.012195734307169914,0.06791666666666667,0.28925392031669617,32,False,1,2.613333333333334,0.9795918367346936,True,1,correct,1,THEY WERE REALLY TIRED AFTER THE LONG JOURNEY
qwen06b,wr_really_t6_k01,1,word_rep,t6,1,1,8,really,8,2.96,1,0.07223515957593918,0.018125057220458984,0.10516666666666667,0.3498658537864685,37,False,2,2.613333333333334,1.1326530612244894,True,1,correct,1,THEY WERE REALLY TIRED AFTER THE LONG JOURNEY
qwen06b,wr_really_t6_k01,2,word_rep,t6,1,1,8,really,8,2.4,1,0.05644304305315018,0.00782649777829647,0.08941666666666667,0.26804959774017334,30,False,1,2.613333333333334,0.9183673469387752,True,1,correct,1,THEY WERE REALLY TIRED AFTER THE LONG JOURNEY
qwen06b,wr_really_t6_k02,0,word_rep,t6,2,2,9,really,9,3.12,2,0.06529443711042404,0.007075322791934013,0.02666666666666667,0.26388120651245117,39,False,2,3.0933333333333333,1.0086206896551724,True,2,correct,1,THEY WERE REALLY REALLY TIRED AFTER THE LONG JOURNEY
qwen06b,wr_really_t6_k02,1,word_rep,t6,2,2,9,really,9,3.2,2,0.0635463148355484,0.015367464162409306,0.120375,0.30330991744995117,40,False,2,3.0933333333333333,1.0344827586206897,True,2,correct,1,THEY WERE REALLY REALLY TIRED AFTER THE LONG JOURNEY
qwen06b,wr_really_t6_k02,2,word_rep,t6,2,2,9,really,9,2.8,2,0.05896187573671341,0.009078452363610268,0.013333333333333334,0.20171870291233063,35,False,1,3.0933333333333333,0.9051724137931034,True,2,correct,1,THEY WERE REALLY REALLY TIRED AFTER THE LONG JOURNEY
qwen06b,wr_really_t6_k03,0,word_rep,t6,3,3,10,really,10,3.36,3,0.07183767855167389,0.007728140335530043,0.10666666666666667,0.3584168255329132,42,False,3,3.573333333333333,0.9402985074626866,True,3,correct,1,THEY WERE REALLY REALLY REALLY TIRED AFTER THE LONG JOURNEY
qwen06b,wr_really_t6_k03,1,word_rep,t6,3,3,10,really,10,3.76,3,0.07993126660585403,0.013318943791091442,0.06983333333333333,0.21027925610542297,47,False,3,3.573333333333333,1.0522388059701493,True,3,correct,1,THEY WERE REALLY REALLY REALLY TIRED AFTER THE LONG JOURNEY
qwen06b,wr_really_t6_k03,2,word_rep,t6,3,3,10,really,10,3.68,3,0.08738122880458832,0.007675834931433201,0.10029166666666667,0.395629346370697,46,False,3,3.573333333333333,1.0298507462686568,True,3,correct,1,THEY WERE REALLY REALLY REALLY TIRED AFTER THE LONG JOURNEY
qwen06b,wr_really_t6_k04,0,word_rep,t6,4,4,11,really,11,4.8,4,0.08280633389949799,0.007898363284766674,0.12291666666666666,0.20808185636997223,60,False,6,4.053333333333332,1.1842105263157898,False,6,correct,1,THEY WERE REALLY REALLY REALLY REALLY TIRED AFTER THE LONG JOURNEY
qwen06b,wr_really_t6_k04,1,word_rep,t6,4,4,11,really,11,4.56,4,0.0862380862236023,0.014781292527914047,0.059875,0.20587441325187683,57,False,5,4.053333333333332,1.1250000000000002,True,4,correct,1,THEY WERE REALLY REALLY REALLY REALLY TIRED AFTER THE LONG JOURNEY
qwen06b,wr_really_t6_k04,2,word_rep,t6,4,4,11,really,11,4.08,4,0.06452148407697678,0.009983534924685955,0.18658333333333332,0.23054993152618408,51,False,4,4.053333333333332,1.0065789473684215,True,4,correct,1,THEY WERE REALLY REALLY REALLY REALLY TIRED AFTER THE LONG JOURNEY
qwen06b,wr_really_t6_k06,0,word_rep,t6,6,6,13,really,12,4.08,5,0.07058900594711304,0.00934592541307211,0.06625,0.2349720597267151,51,False,4,5.013333333333331,0.813829787234043,True,5,undercount,0,THEY WERE REALLY REALLY REALLY REALLY REALLY TIRED AFTER THE LONG JOURNEY
qwen06b,wr_really_t6_k06,1,word_rep,t6,6,6,13,really,12,4.8,5,0.07647425681352615,0.015971781685948372,0.15308333333333332,0.46250203251838684,60,False,6,5.013333333333331,0.9574468085106387,True,5,undercount,0,THEY WERE REALLY REALLY REALLY REALLY REALLY TIRED AFTER THE LONG JOURNEY
qwen06b,wr_really_t6_k06,2,word_rep,t6,6,6,13,really,13,4.88,6,0.06428481638431549,0.006257635075598955,0.05383333333333333,0.2744010090827942,61,False,6,5.013333333333331,0.9734042553191494,True,6,correct,1,THEY WERE REALLY REALLY REALLY REALLY REALLY REALLY TRIRED AFTER THE LONG JOURNEY
qwen06b,wr_really_t6_k08,0,word_rep,t6,8,8,15,really,18,8.72,11,0.09768824279308319,0.014762152917683125,0.4325,0.28136128187179565,109,False,14,5.973333333333329,1.4598214285714297,False,14,overcount,0,THEY WERE REALLY REALLY REALLY REALLY REALLY REALLY REALLY REALLY REALLY REALLY REALLY TIRED AFTER THE LONG JOURNEY
qwen06b,wr_really_t6_k08,1,word_rep,t6,8,8,15,really,16,7.12,9,0.07736221700906754,0.009333634749054909,0.11025,0.5442647933959961,89,False,10,5.973333333333329,1.1919642857142865,True,9,overcount,0,THEY WERE REALLY REALLY REALLY REALLY REALLY REALLY REALLY REALLY REALLY TIRED AFTER THE LONG JOURNEY
qwen06b,wr_really_t6_k08,2,word_rep,t6,8,8,15,really,16,6.88,9,0.05385729670524597,0.003634689375758171,0.09254166666666666,0.21088622510433197,86,False,10,5.973333333333329,1.151785714285715,True,9,overcount,0,THEY WERE REALLY REALLY REALLY REALLY REALLY REALLY REALLY REALLY REALLY TIRED AFTER THE LONG JOURNEY
qwen06b,wr_really_t6_k12,0,word_rep,t6,12,12,19,really,22,8.64,14,0.06755567342042923,0.004566242452710867,0.079,0.2121676355600357,108,False,14,7.893333333333327,1.0945945945945954,True,14,overcount,0,THEY WERE REALLY REALLY REALLY REALLY REALLY REALLY REALLY REALLY REALLY REALLY REALL REALLY REALLY REALLY REALLY TIRED AFTER THE LONG JOURNEY
qwen06b,wr_really_t6_k12,1,word_rep,t6,12,12,19,really,23,10.96,14,0.05997265875339508,0.005020795855671167,0.067375,0.22745640575885773,137,False,18,7.893333333333327,1.3885135135135147,False,18,overcount,0,THEY WERE REALLY REALLY REALLY REALLY REALLY REALL REALLY REALLY REALLY REALLY REALLY REALLY REALLY REALL REALLY REALLY TIRED AFTER THE LONG JOURNEY
qwen06b,wr_really_t6_k12,2,word_rep,t6,12,12,19,really,27,13.92,20,0.07654622197151184,0.004850992001593113,0.020916666666666667,0.21232011914253235,174,False,25,7.893333333333327,1.763513513513515,False,25,loop,0,THEY WERE REALLY REALLY REALLY REALLY REALLY REALLY REALLY REALLY REALLY REALLY REALLY REALLY REALLY REALLY REALLY REALLY REALLY REALLY REALLY REALLY TRIRED AFTER THE LONG JOURNEY
qwen06b,wr_really_t6_k16,0,word_rep,t6,16,16,23,really,27,9.28,19,0.04906793311238289,0.0045396978966891766,0.08658333333333333,0.3907599151134491,116,False,15,9.813333333333325,0.9456521739130441,False,19,overcount,0,THEY WERE REALLY REALLY REALL REALLY REALLY REALLY REALLY REALLY REALLY REALLY REALLY REALLY REALLY REALLY REALLY REALLY REALLY REALLY REALLY REALLY TIRED AFTER THE LONG JOURNEY
qwen06b,wr_really_t6_k16,1,word_rep,t6,16,16,23,really,26,11.04,17,0.06522008776664734,0.005448321811854839,0.2748333333333333,0.4799361526966095,138,False,19,9.813333333333325,1.1250000000000009,True,17,overcount,0,THEY WERE REALLY REALL REALLY REALLY REALLY REALLY REALLY REALLY REALLY REALLY REALLY REALL REALLY REALLY REALLY REALLY REALLY REALLY REALLY CHIRED AFTER THE LONG JOURNEY
qwen06b,wr_really_t6_k16,2,word_rep,t6,16,16,23,really,30,11.92,18,0.06997007876634598,0.004323130939155817,0.025875,0.34303250908851624,149,False,20,9.813333333333325,1.2146739130434792,True,18,overcount,0,THEY WERE REALLY REALLY REALLY REALLY REALLY REALLY REALLY REALLY REALL REALLY REALLY REALL REALLY REALL REALLY REALLY REALLY REALLY TTR UP REALLY REALLY REALLY TIRED AFTER THE LONG JOURNEY
qwen06b,wr_really_t6_k24,0,word_rep,t6,24,24,31,really,38,14.08,28,0.07678861916065216,0.003820410929620266,0.061625,0.39039525389671326,176,False,25,13.65333333333332,1.031250000000001,True,28,overcount,0,THEY WERE REALLY REALLY REALLY REALLY REALLY REALLY REALL REALLY REALLY REALLY REALLY REALLY REALLY REALLY REALLY REALLY REALLY REALLY REALLY REALL REALLY REALLY REALL REALLY REALLY REALLY REALLY REALLY REALLY REALLY REALLY TIRED AFTER THE LONG JOURNEY
qwen06b,wr_really_t6_k24,1,word_rep,t6,24,24,31,really,44,18.8,36,0.04687144234776497,0.0037827901542186737,0.07125,0.46418625116348267,235,False,35,13.65333333333332,1.3769531250000013,True,36,overcount,0,THEY WERE REALLY REALLY REALLY REALLY REALLY REALLY REALLY REALLY REALLY REALLY REALLY REALLY REALLY REALLY REALLY REALLY REALLY REALLY REALLY REALLY REALLY REALLY REALLY REALLY REALLY REALLY REALLY REALLY REALLY REALL REALLY REALLY REALLY REALLY REALLY REALLY REALLY TRIRED AFTER THE LONG JOURNEY
qwen06b,wr_really_t6_k24,2,word_rep,t6,24,24,31,really,486,163.76,233,0.06158580631017685,0.00941192265599966,0.023083333333333334,0.40103963017463684,2047,False,337,13.65333333333332,11.99414062500001,False,337,loop,0,THEY WERE REALLY REALLY REALLY REALLY REALLY REALLY REALLY REALLY REALLY REALLY REALLY REALLY REALLY REALLY REALLY REALLY REALLY REALL REALLY REALLY REALLY REALLY REALLY REALL REALLY REALLY REALLY REALLY REALLY REALLY REALLY REALLY REALLY REALLY REALLY REALLY REALLY REALLY REALL REALLY REALLY REALLY REALLY REALLY REALLY REALLY REALLY REALLY REALL REALLY REALLY REALLY REALLY REALLY REALLY ALLY REALLY REALLY REALLY REALLY REALLY REALLY REALLY REALLY REALLY REALLY REALLY REALLY REALLY REALLY REALLY REALLY REALLY REALLY REALLY REALLY REALLY REALLY REALLY REALLY REALLY REALLY REALLY REALLY REALLY REALLY REALLY REALLY REALLY REALLY REALLY REALLY REALLY REALLY REALLY REALLY REALLY REALLY REALLY REALLY REALLY REALLY REALLY REALLY REALLY REALLY REALLY REALLY REALLY REALLY REALLY REALLY REALLY REALLY REALLY REALLY REALLY REALLY REALLY RE LY REALLY REALLY REALLY REALLY REALLY REALLY REALLY REALLY REALLY REALLY REALLY REALLY REALLY REALLY REALLY REALLY REALLY REALLY REALLY REALLY REALLY REALLY REALLY REALLY REALLY REALLY REALLY REALLY REALLY REALLY REALL REALLY REALLY REALLY REALLY REALLY REALLY REALLY REALLY REALL REALLY REALLY REALL REALLY REALLY REALLY REALLY REALLY REALLY REALLY REALL REALLY REALL REALLY REALLY REALL REALLY REALL REALLY REALLY REALLY REALLY REALL REALLY REALL REALL REALLY REALL REALLY R LLY REALLY REALLY REALL REALLY REALLY REALLY REALL REALLY REALLY REALLY REALLY REALL REALLY REALLY REALLY REALLY REALLY REALLY REALL REALLY REALLY REALLY REALLY REALLY REALLY REALLY REALLY REALLY REALL REALLY WRE ALLY ERALLY BRR EALL BER LLY BR EALLY BER ALLY R ALLY ER YLLYBER ELLY BR ALLY BER YALLY BRALLY ERALLER YELLY VERELLYEPEREL BRELLY GEOREALLY REALLY REALLY REALLY REALLY A SATISFACTOROS FACTOR REALLY REALL REALLY OVELY OR REALLY THIS IT REALLY IT'S ITS POSITION ITION OF THE POSITION OF THE PAGES OF THE POSITION OF THE POSITION OF THE POSITION OF THE POSITION OF THE POSITION OF THE POSITION OF THE POSITION OF THE PAGE ON THE POITION F THE PAGE OF THE POSITION OF THE PAGE ON THE POSITION OF THE PAGE ON THE POSITION OF THE PAGE ON THE PAGE ON THE PAPER SHOULD OF THE PAGE ON THE PAGE ON THE PAPER SHOULD BE TTHE POSITION OF THE PAGE ON THE PAPER SHOULD BE CONSIDERED IF PAPER SHOULD BE CONSIDERED IF PAPER SHOULD BE CONSIDERED IF THE THETHE IIFPER SHOULD BE CONSIDERED SITER AND IF IF N IF I IF I F IF IF F IF IF IF IF REALLY IF IF IF IF IF REALLY REALLY REALLY REALLY REALLY REALLY REALLY REALLY REALLY REALLY REALLY REALLY REALLY REALLY REALLY REALLY REALLY REALLY REALLY REALLY REALLY REALLY REALLY REALLY REALLY REALLY REALLY R ERREALLY WER REALL BRREALLY PORRALL FRALLY BOR REANLY FR RALNLY FOR EALLY FR REANLY RREANLY FOR REANLY FR RANLY FOR REANLY FOR REANLY OR REANLY FOR REANLY OR REALY FOR RINLY FOR REANLY RREANLY FOR RNLY FOR REALY FOR RENLY R REANLY FOR RENLY FOR RNLY FR RIALY R RIANLY FOR RANLY FOR RINLY FOR RANLY R EALL FOR RELY BOR RANLY ORRIANTLY PERRNLY
qwen06b,wr_really_t6_k32,0,word_rep,t6,32,32,39,really,48,18.56,38,0.051975976675748825,0.003102893242612481,0.03791666666666667,0.5090811848640442,232,False,34,17.493333333333315,1.0609756097560987,True,38,overcount,0,THEY WERE REALLY REALLY REALLY REALLY REALLY REALLY REALLY REALLY REALLY REALLY REALLY REALLY REALLY REALLY REALLY REALLY REALLY REALLY REALLY REALLY REALLY REALL REALLY REALLY REALLY REALLY REALLY REALLY REALL REALLY REALLY REALL REALLY REALLY REALLY REALLY REALLY REALLY REALLY REALLY REALLY TRIRED AFTER THE LONG JOURNEY
qwen06b,wr_really_t6_k32,1,word_rep,t6,32,32,39,really,51,15.44,41,0.060607753694057465,0.010393285192549229,0.18395833333333333,0.38626590371131897,193,False,28,17.493333333333315,0.8826219512195131,False,41,overcount,0,THEY WERE REALLY REALLY REALLY REALLY REALLY REALLY REALLY REALLY REALLY REALL REALLY REALLY REALLY REALLY REALLY REALLY REALLY REALLY REALLY REALLY REALLY REALLY REALLY REALLY REALLY REALLY REALLY REALLY REALLY REALLY REALLY REALLY REALLY REALLY REALLY REALLY REALLY REALLY REALLY REALLY BRILL REALLY TRELLY REALLY TRIRED AFTER THE LONG JOURNEY
qwen06b,wr_really_t6_k32,2,word_rep,t6,32,32,39,really,49,18.0,39,0.04161759093403816,0.00267745996825397,0.034041666666666665,0.5018450021743774,225,False,33,17.493333333333315,1.0289634146341475,False,39,overcount,0,THEY WERE REALLY REALLY REALLY REALLY REALLY REALLY REALLY REALLY REALLY REALLY REALL REALLY REALLY REALLY REALLY REALLY REALLY REALL REALLY REALLY REALLY REALLY REALL REALLY REALLY REALLY REALLY REALLY REALLY REALLY REALLY REALLY REALLY REALLY REALLY REALLY REALLY REALLY REALLY REALLY REALLY REALLY TIRED AFTER THE LONG JOURNEY
qwen06b,wr_very_t1_k01,0,word_rep,t1,1,1,11,very,11,3.04,1,0.0759432390332222,0.01123876217752695,0.04170833333333333,0.22501885890960693,38,False,0,3.528888888888889,0.8614609571788413,True,1,correct,1,THE DOG WAS VERY BIG AND IT RAN ACROSS THE FIELD
qwen06b,wr_very_t1_k01,1,word_rep,t1,1,1,11,very,11,3.44,1,0.08374638110399246,0.031051285564899445,0.08054166666666666,0.18237775564193726,43,False,1,3.528888888888889,0.9748110831234257,True,1,correct,1,THE DOG WAS VERY BIG AND IT RAN ACROSS THE FIELD
qwen06b,wr_very_t1_k01,2,word_rep,t1,1,1,11,very,11,3.92,1,0.08269322663545609,0.02502601034939289,0.060375,0.2815672755241394,49,False,3,3.528888888888889,1.1108312342569269,False,3,correct,1,THE DOG WAS VERY BIG AND IT RAN ACROSS THE FIELD
qwen06b,wr_very_t1_k02,0,word_rep,t1,2,2,12,very,12,3.84,2,0.07291252166032791,0.016930250450968742,0.08233333333333333,0.18272197246551514,48,False,3,3.715555555555556,1.033492822966507,True,2,correct,1,THE DOG WAS VERY VERY BIG AND IT RAN ACROSS THE FIELD
qwen06b,wr_very_t1_k02,1,word_rep,t1,2,2,12,very,12,3.76,2,0.08039182424545288,0.02044871635735035,0.067,0.2281748205423355,47,False,2,3.715555555555556,1.0119617224880382,True,2,correct,1,THE DOG WAS VERY VERY BIG AND IT RAN ACROSS THE FIELD
qwen06b,wr_very_t1_k02,2,word_rep,t1,2,2,12,very,12,3.92,2,0.06388167291879654,0.017362695187330246,0.06966666666666667,0.12345579266548157,49,False,3,3.715555555555556,1.0550239234449759,True,2,correct,1,THE DOG WAS VERY VERY BIG AND IT RAN ACROSS THE FIELD
qwen06b,wr_very_t1_k03,0,word_rep,t1,3,3,13,very,13,3.68,3,0.08011285960674286,0.01628337800502777,0.14633333333333334,0.1951819211244583,46,False,2,3.902222222222223,0.9430523917995443,True,3,correct,1,THE DOG WAS VERY VERY VERY BIG AND IT RAN ACROSS THE FIELD
qwen06b,wr_very_t1_k03,1,word_rep,t1,3,3,13,very,13,3.76,3,0.08553333580493927,0.01799727790057659,0.06245833333333333,0.24503542482852936,47,False,2,3.902222222222223,0.9635535307517082,True,3,correct,1,THE DOG WAS VERY VERY VERY BIG AND IT RAN ACROSS THE FIELD
qwen06b,wr_very_t1_k03,2,word_rep,t1,3,3,13,very,13,4.08,3,0.07784511893987656,0.018295761197805405,0.06208333333333333,0.10598748177289963,51,False,4,3.902222222222223,1.0455580865603642,True,3,correct,1,THE DOG WAS VERY VERY VERY BIG AND IT RAN ACROSS THE FIELD
qwen06b,wr_very_t1_k04,0,word_rep,t1,4,4,14,very,14,4.16,4,0.08210164308547974,0.010138354264199734,0.13808333333333334,0.29388663172721863,52,False,4,4.08888888888889,1.0173913043478258,True,4,correct,1,THE DOG WAS VERY VERY VERY VERY BIG AND IT RAN ACROSS THE FIELD
qwen06b,wr_very_t1_k04,1,word_rep,t1,4,4,14,very,14,4.48,4,0.08445334434509277,0.017939263954758644,0.10841666666666666,0.1807156652212143,56,False,6,4.08888888888889,1.0956521739130431,False,6,correct,1,THE DOG WAS VERY VERY VERY VERY BIG AND IT RAN ACROSS THE FIELD
qwen06b,wr_very_t1_k04,2,word_rep,t1,4,4,14,very,14,4.32,4,0.08326075226068497,0.01724647916853428,0.08691666666666667,0.31497722864151,54,False,5,4.08888888888889,1.0565217391304345,True,4,correct,1,THE DOG WAS VERY VERY VERY VERY BIG AND IT RAN ACROSS THE FIELD
qwen06b,wr_very_t1_k06,0,word_rep,t1,6,6,16,very,15,4.16,5,0.07160749286413193,0.010575614869594574,0.186875,0.264242023229599,52,False,4,4.462222222222224,0.932270916334661,True,5,undercount,0,THE DOG WAS VERY VERY VERY VERY VERY BIG AND IT RAN ACROSS THE FIELD
qwen06b,wr_very_t1_k06,1,word_rep,t1,6,6,16,very,15,4.8,5,0.07491123676300049,0.017883289605379105,0.043166666666666666,0.3710586726665497,60,False,8,4.462222222222224,1.075697211155378,False,8,undercount,0,THE DOG WAS VERY VERY VERY VERY VERY BIG AND IT RAN ACROSS THE FIELD
qwen06b,wr_very_t1_k06,2,word_rep,t1,6,6,16,very,15,5.04,5,0.08235899358987808,0.0075282384641468525,0.0515,0.25112125277519226,63,False,9,4.462222222222224,1.1294820717131469,False,9,undercount,0,THE DOG WAS VERY VERY VERY VERY VERY BIG AND IT RAN ACROSS THE FIELD
qwen06b,wr_very_t1_k08,0,word_rep,t1,8,8,18,very,16,4.96,6,0.07011661678552628,0.010492214001715183,0.040791666666666664,0.28745758533477783,62,False,9,4.835555555555558,1.0257352941176465,False,9,undercount,0,THE DOG WAS VERY VERY VERY VERY VERY VERY V AND IT RAN ACROSS THE FIELD
qwen06b,wr_very_t1_k08,1,word_rep,t1,8,8,18,very,16,4.72,6,0.08284471929073334,0.01573745347559452,0.12066666666666667,0.3652290999889374,59,False,7,4.835555555555558,0.97610294117647,True,6,undercount,0,THE DOG WAS VERY VERY VERY VERY VERY VERY BIG AND IT RAN ACROSS THE FIELD
qwen06b,wr_very_t1_k08,2,word_rep,t1,8,8,18,very,16,5.52,6,0.07669415324926376,0.00992479920387268,0.019958333333333335,0.1998940408229828,69,False,12,4.835555555555558,1.141544117647058,False,12,undercount,0,THE DOG WAS VERY VERY VERY VERY VERY VERY BIG AND IT RAN ACROSS THE FIELD
qwen06b,wr_very_t1_k12,0,word_rep,t1,12,12,22,very,21,7.84,11,0.06343913078308105,0.01132183987647295,0.192875,0.2035355418920517,98,False,24,5.582222222222226,1.4044585987261136,False,24,undercount,0,THE DOG WAS VERY VERY VERY VERY VERY VERY VERY VERY VERY VERY VERY BIG AND IT RAN ACROSS THE FIELD
qwen06b,wr_very_t1_k12,1,word_rep,t1,12,12,22,very,22,8.88,12,0.07652895897626877,0.012715627439320087,0.12270833333333334,0.2840419113636017,111,False,30,5.582222222222226,1.59076433121019,False,30,miscount,0,THE DOG WAS VERY VERY VERY VERY VERY VERY VERY VERY VERY VERY VERY VERY BIG AND IT RAN ACROSS THE FIELD
qwen06b,wr_very_t1_k12,2,word_rep,t1,12,12,22,very,20,8.96,10,0.059351738542318344,0.010149022564291954,0.07420833333333333,0.18689092993736267,112,False,30,5.582222222222226,1.6050955414012729,False,30,loop,0,THE DOG WAS VERY VERY VERY VERY VERY VERY VERY VERY VERY VERY BIG AND IT RAN ACROSS THE FIELD
qwen06b,wr_very_t1_k16,0,word_rep,t1,16,16,26,very,25,9.04,15,0.0687069296836853,0.005717776715755463,0.051541666666666666,0.20372198522090912,113,False,31,6.328888888888894,1.4283707865168527,False,31,undercount,0,THE DOG WAS VERY VERY VERY VERY VERY VERY VERY VERY VERY VERY VERY VERY VERY VERY VERY BIG AND IT RAN ACROSS THE FIELD
qwen06b,wr_very_t1_k16,1,word_rep,t1,16,16,26,very,27,9.68,17,0.06979861855506897,0.015087757259607315,0.265125,0.22676315903663635,121,False,34,6.328888888888894,1.5294943820224707,False,34,overcount,0,THE DOG WAS VERY VERY VERY VERY VERY VERY VERY VERY VERY VERY VERY VERY VERY VERY VERY VERY VERY BIG AND IT RAN ACROSS THE FIELD
qwen06b,wr_very_t1_k16,2,word_rep,t1,16,16,26,very,27,8.24,17,0.08553334325551987,0.007342021446675062,0.16395833333333334,0.28508225083351135,103,False,26,6.328888888888894,1.3019662921348305,False,26,overcount,0,THE DOG WAS VERY VERY VERY VERY VERY VERY VERY VERY VERY VERY VERY VERY VERY VERY VERY VERY VERY BIG AND IT RAN ACROSS THE FIELD
qwen06b,wr_very_t1_k24,0,word_rep,t1,24,24,34,very,33,10.32,23,0.07142990827560425,0.009381300769746304,0.09341666666666666,0.2598745822906494,129,False,37,7.82222222222223,1.3193181818181805,False,37,undercount,0,THE DOG WAS VERY VERY VERY VERY VERY VERY VERY VERY VERY VERY VERY VERY VERY VERY VERY VERY VERY VERY VERY VERY VERY VERY VERY BIG AND IT RAN ACROSS THE FIELD
qwen06b,wr_very_t1_k24,1,word_rep,t1,24,24,34,very,34,10.48,24,0.06899641454219818,0.009140344336628914,0.05304166666666667,0.2505630552768707,131,False,38,7.82222222222223,1.339772727272726,False,38,correct,1,THE DOG WAS VERY VERY VERY VERY VERY VERY VERY VERY VERY VERY VERY VERY VERY VERY VERY VERY VERY VERY VERY VERY VERY VERY VERY VERY BIG AND IT RAN ACROSS THE FIELD
qwen06b,wr_very_t1_k24,2,word_rep,t1,24,24,34,very,31,10.0,6,0.07945780456066132,0.0060915760695934296,0.06266666666666666,0.35660824179649353,125,False,36,7.82222222222223,1.2784090909090897,False,36,undercount,0,THE DOG WAS VERY VERY VERY VERY VERY BERRY BERRY BERRY BERY BERY BERY BERY BERRY BERRY BRR BERY BERRY BERRY BERRY BERY VERY BIG AND IT RAN ACROSS THE FIELD
qwen06b,wr_very_t1_k32,0,word_rep,t1,32,32,42,very,42,12.88,28,0.054133716970682144,0.012683892622590065,0.5083333333333333,0.3221426010131836,161,False,51,9.315555555555566,1.3826335877862581,False,51,undercount,0,THE DOG WAS VERY VERY VERY VERY VERY VERY VERY VERY VERY VERY VERY VERY VERY VERY VERY VERY VERY VERY VERY VERY VERY VERY ER VERY VERY VER VERY VERY VERY ERY VER VERY BIG AND IT RAN ACROSS THE FIELD
qwen06b,wr_very_t1_k32,1,word_rep,t1,32,32,42,very,43,13.44,29,0.07039505988359451,0.01019260659813881,0.062,0.24710306525230408,168,False,54,9.315555555555566,1.4427480916030517,False,54,undercount,0,THE DOG WAS VERY VERY VERY VERY VERY VERY VERY VERY VERY VERY VERY VERY VERY VERY VERY VERY VERY BERY BERY VERY VERY VERY VRY VERY VERY VER VERY VERY VERY VERY VERY VERY VERY BIG AND IT RAN ACROSS THE FIELD
qwen06b,wr_very_t1_k32,2,word_rep,t1,32,32,42,very,42,12.8,29,0.0712035670876503,0.008251700550317764,0.10845833333333334,0.3953486680984497,160,False,51,9.315555555555566,1.374045801526716,False,51,undercount,0,THE DOG WAS VERY VERY VERY VERY VERY VERY VERY VERY VER VERY ERY VERY VERY VERY VERY VERY VERY VERY VERY VERY VERY VERY VERY VERY VERY VERY VERY ERY VERY VERY VERY VERY BIG AND IT RAN ACROSS THE FIELD
qwen17b,ct_blue_t4_k02,0,control_word,t4,2,2,9,blue,9,3.36,2,0.06469329446554184,0.020038921386003494,0.023291666666666665,0.20884357392787933,42,False,2,3.5200000000000005,0.9545454545454544,True,2,correct,1,THE LIGHT WAS GREEN BRIGHT BEFORE THE STORM ARRIVED
qwen17b,ct_blue_t4_k02,1,control_word,t4,2,2,9,blue,9,3.2,2,0.07015950232744217,0.034697696566581726,0.06279166666666666,0.2207278162240982,40,False,2,3.5200000000000005,0.9090909090909091,True,2,correct,1,THE LIGHT WAS GREEN BRIGHT BEFORE THE STORM ARRIVED
qwen17b,ct_blue_t4_k02,2,control_word,t4,2,2,9,blue,9,4.0,2,0.05380067601799965,0.028208600357174873,0.06570833333333333,0.19424954056739807,50,False,3,3.5200000000000005,1.1363636363636362,True,2,correct,1,THE LIGHT WAS GREEN BRIGHT BEFORE THE STORM ARRIVED
qwen17b,ct_blue_t4_k03,0,control_word,t4,3,3,10,blue,10,4.0,3,0.07518967986106873,0.017814040184020996,0.06095833333333334,0.2924554646015167,50,False,3,4.426666666666668,0.9036144578313251,True,3,correct,1,THE LIGHT WAS GREEN BRIGHT PALE BEFORE THE STORM ARRIVED
qwen17b,ct_blue_t4_k03,1,control_word,t4,3,3,10,blue,10,4.48,3,0.048070359975099564,0.03281734511256218,0.10529166666666667,0.22189807891845703,56,False,3,4.426666666666668,1.0120481927710843,True,3,correct,1,THE LIGHT WAS GREEN BRIGHT PALE BEFORE THE STORM ARRIVED
qwen17b,ct_blue_t4_k03,2,control_word,t4,3,3,10,blue,10,4.8,3,0.06421263515949249,0.028711359947919846,0.20125,0.20393969118595123,60,False,3,4.426666666666668,1.08433734939759,True,3,correct,1,THE LIGHT WAS GREEN BRIGHT PALE BEFORE THE STORM ARRIVED
qwen17b,ct_blue_t4_k04,0,control_word,t4,4,4,11,blue,11,4.24,4,0.06716329604387283,0.014809194952249527,0.025958333333333333,0.1999039202928543,53,False,3,5.333333333333334,0.7949999999999999,True,4,correct,1,THE LIGHT WAS GREEN BRIGHT PALE DIM BEFORE THE STORM ARRIVED
qwen17b,ct_blue_t4_k04,1,control_word,t4,4,4,11,blue,11,4.24,4,0.0636363998055458,0.021334387362003326,0.024,0.1635480672121048,53,False,3,5.333333333333334,0.7949999999999999,True,4,correct,1,THE LIGHT WAS GREEN BRIGHT PALE DIM BEFORE THE STORM ARRIVED
qwen17b,ct_blue_t4_k04,2,control_word,t4,4,4,11,blue,11,5.36,4,0.05511750280857086,0.02272440865635872,0.12895833333333334,0.21506468951702118,67,False,4,5.333333333333334,1.005,True,4,correct,1,THE LIGHT WAS GREEN BRIGHT PALE DIM BEFORE THE STORM ARRIVED
qwen17b,ct_blue_t4_k06,0,control_word,t4,6,6,13,blue,13,5.44,6,0.0741225853562355,0.012419071048498154,0.06354166666666666,0.37617963552474976,68,False,4,7.146666666666667,0.7611940298507462,False,6,correct,1,THE LIGHT WAS GREEN BRIGHT PALE DIM WARM COLD BEFORE THE STORM ARRIVED
qwen17b,ct_blue_t4_k06,1,control_word,t4,6,6,13,blue,13,6.32,6,0.065092071890831,0.02770581841468811,0.18420833333333334,0.2927797734737396,79,False,5,7.146666666666667,0.8843283582089552,True,6,correct,1,THE LIGHT WAS GREEN BRIGHT PALE DIM WARM COLD BEFORE THE STORM ARRIVED
qwen17b,ct_blue_t4_k06,2,control_word,t4,6,6,13,blue,13,6.72,6,0.06330668926239014,0.02370503358542919,0.30670833333333336,0.15490327775478363,84,False,6,7.146666666666667,0.9402985074626864,True,6,correct,1,THE LIGHT WAS GREEN BRIGHT PALE DIM WARM COLD BEFORE THE STORM ARRIVED
qwen17b,ct_blue_t4_k08,0,control_word,t4,8,8,15,blue,15,8.08,8,0.05635637417435646,0.021998140960931778,0.07616666666666666,0.23705488443374634,101,False,7,8.96,0.9017857142857142,True,8,correct,1,THE LIGHT WAS GREEN BRIGHT PALE DIM WARM COLD SHARP SOFT BEFORE THE STORM ARRIVED
qwen17b,ct_blue_t4_k08,1,control_word,t4,8,8,15,blue,15,7.6,8,0.06419127434492111,0.03115847334265709,0.149375,0.22685876488685608,95,False,6,8.96,0.8482142857142856,False,8,correct,1,THE LIGHT WAS GREEN BRIGHT PALE DIM WARM COLD SHARP SOFT BEFORE THE STORM ARRIVED
qwen17b,ct_blue_t4_k08,2,control_word,t4,8,8,15,blue,15,7.6,8,0.06248243525624275,0.02424822375178337,0.088125,0.17084047198295593,95,False,6,8.96,0.8482142857142856,False,8,correct,1,THE LIGHT WAS GREEN BRIGHT PALE DIM WARM COLD SHARP SOFT BEFORE THE STORM ARRIVED
qwen17b,ct_blue_t4_k12,0,control_word,t4,12,12,19,blue,19,7.76,12,0.06689132004976273,0.016688194125890732,0.02375,0.4039815068244934,97,False,7,12.586666666666668,0.6165254237288135,False,12,truncation,0,THE LIGHT WAS GREEN BRIGHT PALE DIM WARM COLD SHARP SOFT GREEN BRIGHT PALE DIM BEFORE THE STORM ARRIVED
qwen17b,ct_blue_t4_k12,1,control_word,t4,12,12,19,blue,19,9.12,12,0.06523766368627548,0.025407545268535614,0.068625,0.2719692885875702,114,False,8,12.586666666666668,0.7245762711864405,False,12,correct,1,THE LIGHT WAS GREEN BRIGHT PALE DIM WARM COLD SHARP SOFT GREEN BRIGHT PALE DIM BEFORE THE STORM ARRIVED
qwen17b,ct_blue_t4_k12,2,control_word,t4,12,12,19,blue,19,9.84,12,0.0684220939874649,0.019846485927700996,4.1666666666666665e-05,0.2733330726623535,123,False,9,12.586666666666668,0.7817796610169491,False,12,correct,1,THE LIGHT WAS GREEN BRIGHT PALE DIM WARM COLD SHARP SOFT GREEN BRIGHT PALE DIM BEFORE THE STORM ARRIVED
qwen17b,ct_blue_t4_k16,0,control_word,t4,16,16,23,blue,23,11.52,16,0.061694879084825516,0.019665945321321487,4.1666666666666665e-05,0.2281985580921173,144,False,11,16.213333333333335,0.7105263157894736,False,16,correct,1,THE LIGHT WAS GREEN BRIGHT PALE DIM WARM COLD SHARP SOFT GREEN BRIGHT PALE DIM WARM COLD SHARP SOFT BEFORE THE STORM ARRIVED
qwen17b,ct_blue_t4_k16,1,control_word,t4,16,16,23,blue,23,10.8,16,0.06218738481402397,0.020085370168089867,0.03754166666666667,0.23591963946819305,135,False,10,16.213333333333335,0.6661184210526315,False,16,truncation,0,THE LIGHT WAS GREEN BRIGHT PALE DIM WARM COLD SHARP SOFT GREEN BRIGHT PALE DIM WARM COLD SHARP SOFT BEFORE THE STORM ARRIVED
qwen17b,ct_blue_t4_k16,2,control_word,t4,16,16,23,blue,23,11.84,16,0.06090357527136803,0.0216770451515913,0.06004166666666667,0.33440572023391724,148,False,11,16.213333333333335,0.7302631578947367,False,16,correct,1,THE LIGHT WAS GREEN BRIGHT PALE DIM WARM COLD SHARP SOFT GREEN BRIGHT PALE DIM WARM COLD SHARP SOFT BEFORE THE STORM ARRIVED
qwen17b,ct_blue_t4_k24,0,control_word,t4,24,24,31,blue,31,13.12,24,0.06196746975183487,0.018171634525060654,0.015625,0.3301635980606079,164,False,13,23.46666666666667,0.559090909090909,False,24,truncation,0,THE LIGHT WAS GREEN BRIGHT PALE DIM WARM COLD SHARP SOFT GREEN BRIGHT PALE DIM WARM COLD SHARP SOFT GREEN BRIGHT PALE DIM WARM COLD SHARP SOFT BEFORE THE STORM ARRIVED
qwen17b,ct_blue_t4_k24,1,control_word,t4,24,24,31,blue,31,14.8,24,0.06896544247865677,0.01939551904797554,0.051958333333333336,0.3114931285381317,185,False,14,23.46666666666667,0.6306818181818181,False,24,truncation,0,THE LIGHT WAS GREEN BRIGHT PALE DIM WARM COLD SHARP SOFT GREEN BRIGHT PALE DIM WARM COLD SHARP SOFT GREEN BRIGHT PALE DIM WARM COLD SHARP SOFT BEFORE THE STORM ARRIVED
qwen17b,ct_blue_t4_k24,2,control_word,t4,24,24,31,blue,31,17.2,24,0.048983678221702576,0.020351814106106758,0.0735,0.1495254933834076,215,False,17,23.46666666666667,0.7329545454545454,False,24,correct,1,THE LIGHT WAS GREEN BRIGHT PALE DIM WARM COLD SHARP SOFT GREEN BRIGHT PALE DIM WARM COLD SHARP SOFT GREEN BRIGHT PALE DIM WARM COLD SHARP SOFT BEFORE THE STORM ARRIVED
qwen17b,ct_blue_t4_k32,0,control_word,t4,32,32,39,blue,39,16.88,32,0.06022300198674202,0.016932424157857895,0.07195833333333333,0.23244412243366241,211,False,17,30.720000000000002,0.5494791666666666,False,32,truncation,0,THE LIGHT WAS GREEN BRIGHT PALE DIM WARM COLD SHARP SOFT GREEN BRIGHT PALE DIM WARM COLD SHARP SOFT GREEN BRIGHT PALE DIM WARM COLD SHARP SOFT GREEN BRIGHT PALE DIM WARM COLD SHARP SOFT BEFORE THE STORM ARRIVED
qwen17b,ct_blue_t4_k32,1,control_word,t4,32,32,39,blue,39,16.96,32,0.0531245619058609,0.019458940252661705,0.05320833333333334,0.2269599586725235,212,False,17,30.720000000000002,0.5520833333333334,False,32,truncation,0,THE LIGHT WAS GREEN BRIGHT PALE DIM WARM COLD SHARP SOFT GREEN BRIGHT PALE DIM WARM COLD SHARP SOFT GREEN BRIGHT PALE DIM WARM COLD SHARP SOFT GREEN BRIGHT PALE DIM WARM COLD SHARP SOFT BEFORE THE STORM ARRIVED
qwen17b,ct_blue_t4_k32,2,control_word,t4,32,32,39,blue,39,15.68,32,0.06097631901502609,0.01716115139424801,0.07904166666666666,0.2551461458206177,196,False,15,30.720000000000002,0.5104166666666666,False,32,truncation,0,THE LIGHT WAS GREEN BRIGHT PALE DIM WARM COLD SHARP SOFT GREEN BRIGHT PALE DIM WARM COLD SHARP SOFT GREEN BRIGHT PALE DIM WARM COLD SHARP SOFT GREEN BRIGHT PALE DIM WARM COLD SHARP SOFT BEFORE THE STORM ARRIVED
qwen17b,ct_far_t3_k02,0,control_word,t3,2,2,10,far,10,4.32,2,0.05941786244511604,0.03053736500442028,0.23325,0.475100576877594,54,False,2,4.293333333333333,1.0062111801242237,True,2,correct,1,HE WALKED DEEP FAST INTO THE FOREST BEFORE TURNING BACK
qwen17b,ct_far_t3_k02,1,control_word,t3,2,2,10,far,10,4.08,2,0.06992527842521667,0.035866450518369675,0.066375,0.34724926948547363,51,False,2,4.293333333333333,0.9503105590062113,True,2,correct,1,HE WALKED DEEP FAST INTO THE FOREST BEFORE TURNING BACK
qwen17b,ct_far_t3_k02,2,control_word,t3,2,2,10,far,10,4.48,2,0.06475129723548889,0.03491511940956116,0.132375,0.38530510663986206,56,False,2,4.293333333333333,1.0434782608695654,True,2,correct,1,HE WALKED DEEP FAST INTO THE FOREST BEFORE TURNING BACK
qwen17b,ct_far_t3_k03,0,control_word,t3,3,3,11,far,11,5.2,3,0.06459710747003555,0.04127126559615135,0.22258333333333333,0.25245726108551025,65,False,3,5.013333333333332,1.0372340425531918,True,3,correct,1,HE WALKED DEEP FAST LONG INTO THE FOREST BEFORE TURNING BACK
qwen17b,ct_far_t3_k03,1,control_word,t3,3,3,11,far,11,4.64,3,0.07154079526662827,0.03330137953162193,0.22870833333333335,0.31791016459465027,58,False,2,5.013333333333332,0.9255319148936172,True,3,correct,1,HE WALKED DEEP FAST LONG INTO THE FOREST BEFORE TURNING BACK
qwen17b,ct_far_t3_k03,2,control_word,t3,3,3,11,far,11,5.2,3,0.05600476264953613,0.04041397199034691,0.207,0.4123988449573517,65,False,3,5.013333333333332,1.0372340425531918,True,3,correct,1,HE WALKED DEEP FAST LONG INTO THE FOREST BEFORE TURNING BACK
qwen17b,ct_far_t3_k04,0,control_word,t3,4,4,12,far,12,5.92,4,0.06910914927721024,0.03418029099702835,0.228625,0.40545713901519775,74,False,4,5.733333333333331,1.0325581395348842,True,4,correct,1,HE WALKED DEEP FAST LONG WIDE INTO THE FOREST BEFORE TURNING BACK
qwen17b,ct_far_t3_k04,1,control_word,t3,4,4,12,far,12,5.52,4,0.0643531009554863,0.035120923072099686,0.16595833333333335,0.3402165174484253,69,False,4,5.733333333333331,0.9627906976744189,True,4,correct,1,HE WALKED DEEP FAST LONG WIDE INTO THE FOREST BEFORE TURNING BACK
qwen17b,ct_far_t3_k04,2,control_word,t3,4,4,12,far,12,5.04,4,0.06830592453479767,0.027086716145277023,0.16970833333333332,0.32755786180496216,63,False,3,5.733333333333331,0.8790697674418608,True,4,correct,1,HE WALKED DEEP FAST LONG WIDE INTO THE FOREST BEFORE TURNING BACK
qwen17b,ct_far_t3_k06,0,control_word,t3,6,6,14,far,14,6.8,6,0.06689513474702835,0.03160400316119194,0.16166666666666665,0.34169691801071167,85,False,5,7.17333333333333,0.9479553903345729,True,6,correct,1,HE WALKED DEEP FAST LONG WIDE HIGH LOW INTO THE FOREST BEFORE TURNING BACK
qwen17b,ct_far_t3_k06,1,control_word,t3,6,6,14,far,14,5.84,6,0.07329904288053513,0.026942923665046692,0.086625,0.13808543980121613,73,False,4,7.17333333333333,0.8141263940520449,False,6,correct,1,HE WALKED DEEP FAST LONG WIDE HIGH LOW INTO THE FOREST BEFORE TURNING BACK
qwen17b,ct_far_t3_k06,2,control_word,t3,6,6,14,far,14,6.96,6,0.07472355663776398,0.026931175962090492,0.34025,0.19345808029174805,87,False,6,7.17333333333333,0.9702602230483276,True,6,correct,1,HE WALKED DEEP FAST LONG WIDE HIGH LOW INTO THE FOREST BEFORE TURNING BACK
qwen17b,ct_far_t3_k08,0,control_word,t3,8,8,16,far,16,7.04,8,0.07296235859394073,0.02248433232307434,0.0595,0.33572784066200256,88,False,6,8.613333333333328,0.8173374613003102,False,8,correct,1,HE WALKED DEEP FAST LONG WIDE HIGH LOW NEAR PAST INTO THE FOREST BEFORE TURNING BACK
qwen17b,ct_far_t3_k08,1,control_word,t3,8,8,16,far,15,7.12,6,0.06805381923913956,0.028767038136720657,0.16820833333333332,0.21661075949668884,89,False,6,8.613333333333328,0.8266253869969046,True,6,undercount,0,HE WALKED DEEP FAST LONG WIDE HIGHLOW NEAR PAST INTO THE FOREST BEFORE TURNING BACK
qwen17b,ct_far_t3_k08,2,control_word,t3,8,8,16,far,16,7.44,8,0.0501219816505909,0.027182122692465782,0.205125,0.18821527063846588,93,False,6,8.613333333333328,0.8637770897832823,False,8,correct,1,HE WALKED DEEP FAST LONG WIDE HIGH LOW NEAR PAST INTO THE FOREST BEFORE TURNING BACK
qwen17b,ct_far_t3_k12,0,control_word,t3,12,12,20,far,20,10.16,12,0.06046411022543907,0.024938050657510757,0.053625,0.2967921793460846,127,False,10,11.493333333333325,0.8839907192575412,False,12,correct,1,HE WALKED DEEP FAST LONG WIDE HIGH LOW NEAR PAST DEEP FAST LONG WIDE INTO THE FOREST BEFORE TURNING BACK
qwen17b,ct_far_t3_k12,1,control_word,t3,12,12,20,far,20,9.92,12,0.07205133885145187,0.027581585571169853,0.13891666666666666,0.4409724175930023,124,False,10,11.493333333333325,0.8631090487238985,False,12,correct,1,HE WALKED DEEP FAST LONG WIDE HIGH LOW NEAR PAST DEEP FAST LONG WIDE INTO THE FOREST BEFORE TURNING BACK
qwen17b,ct_far_t3_k12,2,control_word,t3,12,12,20,far,20,9.68,12,0.06423728913068771,0.025049718096852303,0.278125,0.22731663286685944,121,False,9,11.493333333333325,0.8422273781902558,False,12,correct,1,HE WALKED DEEP FAST LONG WIDE HIGH LOW NEAR PAST DEEP FAST LONG WIDE INTO THE FOREST BEFORE TURNING BACK
qwen17b,ct_far_t3_k16,0,control_word,t3,16,16,24,far,24,11.52,16,0.06370284408330917,0.02694476954638958,4.1666666666666665e-05,0.2346314936876297,144,False,12,14.373333333333322,0.8014842300556592,False,16,correct,1,HE WALKED DEEP FAST LONG WIDE HIGH LOW NEAR PAST DEEP FAST LONG WIDE HIGH LOW NEAR PAST INTO THE FOREST BEFORE TURNING BACK
qwen17b,ct_far_t3_k16,1,control_word,t3,16,16,24,far,24,10.56,15,0.07154323160648346,0.027243835851550102,0.08345833333333333,0.2305891513824463,132,False,11,14.373333333333322,0.734693877551021,False,15,undercount,0,HE WALKED DEEP FAST LONG WIDE HIGH LOW NEAR PAST DEEP FAST LONG WIDE HIGH LO NEAR PAST INTO THE FOREST BEFORE TURNING BACK
qwen17b,ct_far_t3_k16,2,control_word,t3,16,16,24,far,23,11.04,14,0.06636632233858109,0.027369406074285507,0.03795833333333333,0.17048195004463196,138,False,11,14.373333333333322,0.76808905380334,False,14,undercount,0,HE WALKED DEEP FAST LONG WIDE HIGH LOW NEAR PAST DEEP FAST LONG WIDE HIGHLOW NEAR PAST INTO THE FOREST BEFORE TURNING BACK
qwen17b,ct_far_t3_k24,0,control_word,t3,24,24,32,far,32,14.96,24,0.0679374411702156,0.025798097252845764,0.20829166666666668,0.2211531400680542,187,False,17,20.13333333333332,0.7430463576158947,False,24,correct,1,HE WALKED DEEP FAST LONG WIDE HIGH LOW NEAR PAST DEEP FAST LONG WIDE HIGH LOW NEAR PAST DEEP FAST LONG WIDE HIGH LOW NEAR PAST INTO THE FOREST BEFORE TURNING BACK
qwen17b,ct_far_t3_k24,1,control_word,t3,24,24,32,far,32,14.08,16,0.0681062713265419,0.030040672048926353,0.2667083333333333,0.12889060378074646,176,False,16,20.13333333333332,0.6993377483443713,True,16,truncation,0,HE WALKED DEEP FAST LONG WIDE HIGH LOW NEAR PAST DEEP FAST LONG WIDE HIGH LO NEAR PAST DEEP FAST LONG WIDE HIGH LOW NEAR PAST INTO THE FOREST BEFORE TURNING BACK
qwen17b,ct_far_t3_k24,2,control_word,t3,24,24,32,far,30,15.2,20,0.05513974279165268,0.019890274852514267,0.24091666666666667,0.21786338090896606,190,False,17,20.13333333333332,0.7549668874172191,True,20,undercount,0,HE WALKED DEEP FAST LONG WIDE HIGH LOW NEAR PAST DEEP FAST LONG WIDE HIGHLOW NEAR PAST DEEP FAST LONG WIDE HIGHLOW NEAR PAST INTO THE FOREST BEFORE TURNING BACK
qwen17b,ct_far_t3_k32,0,control_word,t3,32,32,40,far,40,16.96,8,0.06945193558931351,0.027375223115086555,0.198,0.2348352074623108,212,False,20,25.893333333333313,0.6549948506694135,False,20,truncation,0,HE WALKED DEEP FAST LONG WIDE HIGH LOW NEAR PASS DEEP FAST LONG WIDE HIGH LOW NEAR PAS DEEP FAST LONG WIDE HIGH LOW NEAR PASS DEEP FAST LONG WIDE HIGH LO NEAR PAST INTO THE FOREST BEFORE TURNING BACK
qwen17b,ct_far_t3_k32,1,control_word,t3,32,32,40,far,39,16.0,22,0.07781258970499039,0.02265685424208641,0.07366666666666667,0.1661369651556015,200,False,18,25.893333333333313,0.6179196704428429,True,22,truncation,0,HE WALKED DEEP FAST LONG WIDE HIGH LOW NEAR PAST DEEP FAST LONG WIDE HIGH LOW NEAR PAST DEEP FAST LONG IDE HIGH LOW NEAR PAST DEEP FAST LONG WIDE HIGHLOW NEAR PAST INTO THE FOREST BEFORE TURNING BACK
qwen17b,ct_far_t3_k32,2,control_word,t3,32,32,40,far,39,14.64,28,0.060540180653333664,0.02461722493171692,0.211875,0.17262408137321472,183,False,16,25.893333333333313,0.5653964984552012,False,28,truncation,0,HE WALKED DEEP FAST LONG WIDE HIGH LOW NEAR PAST DEEP FAST LONG WIDE HIGH LO NEAR PAST DEEP FAST LONG WIDE HIGH LO NEAR PAST DEEP FAST LONG WIDE HIGHLOW NEAR PAST INTO THE FOREST BEFORE TURNING BACK
qwen17b,ct_no_t2_k02,0,control_word,t2,2,2,12,no,12,4.56,2,0.051835425198078156,0.031635548919439316,0.07533333333333334,0.18641920387744904,57,False,4,4.106666666666666,1.1103896103896105,False,4,correct,1,SHE SAID YES MAYBE TO THE OFFER AND THEN LEFT THE ROOM
qwen17b,ct_no_t2_k02,1,control_word,t2,2,2,12,no,12,4.08,2,0.06705132126808167,0.02463051676750183,0.052958333333333336,0.31637337803840637,51,False,2,4.106666666666666,0.9935064935064938,True,2,correct,1,SHE SAID YES MAYBE TO THE OFFER AND THEN LEFT THE ROOM
qwen17b,ct_no_t2_k02,2,control_word,t2,2,2,12,no,12,3.68,2,0.06614264100790024,0.016046350821852684,0.03954166666666667,0.2153656780719757,46,False,0,4.106666666666666,0.8961038961038964,False,2,correct,1,SHE SAID YES MAYBE TO THE OFFER AND THEN LEFT THE ROOM
qwen17b,ct_no_t2_k03,0,control_word,t2,3,3,13,no,13,4.64,3,0.07307369261980057,0.0211955513805151,0.052208333333333336,0.19672328233718872,58,False,4,4.373333333333332,1.0609756097560978,True,3,correct,1,SHE SAID YES MAYBE SURE TO THE OFFER AND THEN LEFT THE ROOM
qwen17b,ct_no_t2_k03,1,control_word,t2,3,3,13,no,13,4.32,3,0.07837250083684921,0.017447371035814285,0.048375,0.20817427337169647,54,False,3,4.373333333333332,0.9878048780487808,True,3,correct,1,SHE SAID YES MAYBE SURE TO THE OFFER AND THEN LEFT THE ROOM
qwen17b,ct_no_t2_k03,2,control_word,t2,3,3,13,no,13,4.16,3,0.05494879558682442,0.016476772725582123,0.06425,0.21200427412986755,52,False,2,4.373333333333332,0.9512195121951222,True,3,correct,1,SHE SAID YES MAYBE SURE TO THE OFFER AND THEN LEFT THE ROOM
qwen17b,ct_no_t2_k04,0,control_word,t2,4,4,14,no,14,5.2,3,0.06078645959496498,0.03201210871338844,0.20083333333333334,0.2907557487487793,65,False,6,4.639999999999999,1.1206896551724141,False,6,undercount,0,SHE SAID YES MAYBE SURE FINED TO THE OFFER AND THEN LEFT THE ROOM
qwen17b,ct_no_t2_k04,1,control_word,t2,4,4,14,no,14,4.88,4,0.054751623421907425,0.03319883719086647,0.09508333333333334,0.20237986743450165,61,False,5,4.639999999999999,1.0517241379310347,True,4,correct,1,SHE SAID YES MAYBE SURE FINE TO THE OFFER AND THEN LEFT THE ROOM
qwen17b,ct_no_t2_k04,2,control_word,t2,4,4,14,no,14,4.32,4,0.05742360278964043,0.018543699756264687,0.087625,0.21936830878257751,54,False,3,4.639999999999999,0.931034482758621,True,4,correct,1,SHE SAID YES MAYBE SURE FINE TO THE OFFER AND THEN LEFT THE ROOM
qwen17b,ct_no_t2_k06,0,control_word,t2,6,6,16,no,16,6.16,5,0.0728762149810791,0.022530123591423035,0.11633333333333333,0.36997857689857483,77,False,10,5.173333333333332,1.1907216494845365,False,10,undercount,0,SHE SAID YES MAYBE SURE FINE OKE WELL TO THE OFFER AND THEN LEFT THE ROOM
qwen17b,ct_no_t2_k06,1,control_word,t2,6,6,16,no,16,5.52,5,0.05589360371232033,0.023230155929923058,0.09570833333333334,0.24386119842529297,69,False,7,5.173333333333332,1.0670103092783507,False,7,undercount,0,SHE SAID YES MAYBE SURE FINE OKE WELL TO THE OFFER AND THEN LEFT THE ROOM
qwen17b,ct_no_t2_k06,2,control_word,t2,6,6,16,no,17,6.48,4,0.060800954699516296,0.021889755502343178,0.13408333333333333,0.3370834290981293,81,False,11,5.173333333333332,1.2525773195876293,False,11,undercount,0,SHE SAID YES MAY BE SURE FINE OQA WELL TO THE OFFER AND THEN LEFT THE ROOM
qwen17b,ct_no_t2_k08,0,control_word,t2,8,8,18,no,18,6.96,6,0.06374243646860123,0.026713170111179352,0.11504166666666667,0.21115411818027496,87,False,13,5.706666666666665,1.2196261682242995,False,13,undercount,0,SHE SAID YES MAYBE SURE FINE OKA WELL RIGHT HUM TO THE OFFER AND THEN LEFT THE ROOM
qwen17b,ct_no_t2_k08,1,control_word,t2,8,8,18,no,19,7.28,6,0.05612824112176895,0.025054190307855606,0.18454166666666666,0.19075530767440796,91,False,14,5.706666666666665,1.2757009345794397,False,14,undercount,0,SHE SAID YES MAYBE SURE FINE O'QUE WELL RIGHT HUM TO THE OFFER AND THEN LEFT THE ROOM
qwen17b,ct_no_t2_k08,2,control_word,t2,8,8,18,no,18,6.96,6,0.056414645165205,0.01963692530989647,0.031166666666666665,0.1908280849456787,87,False,13,5.706666666666665,1.2196261682242995,False,13,undercount,0,SHE SAID YES MAYBE SURE FINE OQA WELL RIGHT HUM TO THE OFFER AND THEN LEFT THE ROOM
qwen17b,ct_no_t2_k12,0,control_word,t2,12,12,22,no,23,9.84,10,0.07297270745038986,0.022864291444420815,0.10229166666666667,0.15081585943698883,123,False,24,6.7733333333333325,1.452755905511811,False,24,undercount,0,SHE SAID YES MAYBE SURE FINE O KA WELL RIGHT HUM YES MAYBE SURE FINE TO THE OFFER AND THEN LEFT THE ROOM
qwen17b,ct_no_t2_k12,1,control_word,t2,12,12,22,no,22,8.96,10,0.06097101792693138,0.02766990289092064,0.009125,0.17164412140846252,112,False,20,6.7733333333333325,1.3228346456692917,False,20,undercount,0,SHE SAID YES MAYBE SURE FINE OQE WELL RIGHT HUM YES MAYBE SURE FINE TO THE OFFER AND THEN LEFT THE ROOM
qwen17b,ct_no_t2_k12,2,control_word,t2,12,12,22,no,22,8.48,10,0.07835051417350769,0.017317287623882294,0.09208333333333334,0.23346905410289764,106,False,18,6.7733333333333325,1.251968503937008,False,18,undercount,0,SHE SAID YES MAYBE SURE FINE OQE WELL RIGHT HUM YES MAYBE SURE FINE TO THE OFFER AND THEN LEFT THE ROOM
qwen17b,ct_no_t2_k16,0,control_word,t2,16,16,26,no,27,10.96,12,0.06374777108430862,0.02407917007803917,0.06970833333333333,0.23683710396289825,137,False,28,7.839999999999999,1.3979591836734697,False,28,undercount,0,SHE SAID YES MAYBE SURE FINE OQE WELL RIGHT HUM YES MAYBE SURE FINE O'QE WELL RIGHT HUM TO THE OFFER AND THEN LEFT THE ROOM
qwen17b,ct_no_t2_k16,1,control_word,t2,16,16,26,no,26,9.28,12,0.07598134130239487,0.016329536214470863,0.14075,0.13601112365722656,116,False,21,7.839999999999999,1.183673469387755,False,21,undercount,0,SHE SAID YES MAYBE SURE FINE OKE WELL RIGHT HU YES MAYBE SURE FINE OKE WELL RIGHT HUM TO THE OFFER AND THEN LEFT THE ROOM
qwen17b,ct_no_t2_k16,2,control_word,t2,16,16,26,no,27,12.16,12,0.06530246883630753,0.023442357778549194,4.1666666666666665e-05,0.2087761014699936,152,False,32,7.839999999999999,1.5510204081632655,False,32,undercount,0,SHE SAID YES MAYBE SURE FINE O KA WELL RIGHT HUM YES MAYBE SURE FINE OKA WELL RIGHT HUM TO THE OFFER AND THEN LEFT THE ROOM
qwen17b,ct_no_t2_k24,0,control_word,t2,24,24,34,no,37,12.56,16,0.07540072500705719,0.018195804208517075,0.04175,0.25544458627700806,157,False,34,9.973333333333333,1.2593582887700536,False,34,undercount,0,SHE SAID YES MAYBE SURE FINE OQE WELL RIGHT HUM YES MAY BE SURE FINE O'QE WELL RIGHT HUM YES MAY BE SURE FINE OKE WELL RIGHT HUM TO THE OFFER AND THEN LEFT THE ROOM
qwen17b,ct_no_t2_k24,1,control_word,t2,24,24,34,no,34,14.08,18,0.06118551641702652,0.019672846421599388,0.13758333333333334,0.16611576080322266,176,False,39,9.973333333333333,1.411764705882353,False,39,undercount,0,SHE SAID YES MAYBE SURE FINE OQUE WELL RIGHT HUM YES MAYBE SURE FINE OQE WELL RIGHT HUM YES MAYBE SURE FINE OQE WELL RIGHT HUM TO THE OFFER AND THEN LEFT THE ROOM
qwen17b,ct_no_t2_k24,2,control_word,t2,24,24,34,no,36,12.72,18,0.06325505673885345,0.0189715176820755,0.13954166666666667,0.20871591567993164,159,False,34,9.973333333333333,1.2754010695187168,False,34,undercount,0,SHE SAID YES MAYBE SURE FINE O'QE WELL RIGHT UM YES MAYBE SURE FINE OKE WELL RIGHT HUM YES MAYBE SURE FINE O'QE WELL RIGHT HUM TO THE OFFER AND THEN LEFT THE ROOM
qwen17b,ct_no_t2_k32,0,control_word,t2,32,32,42,no,46,15.12,23,0.061831094324588776,0.018223918974399567,0.035541666666666666,0.22500523924827576,189,False,43,12.106666666666666,1.248898678414097,False,43,undercount,0,SHE SAID YES MAYBE SURE FINE OQE WELL RIGHT HUM YES MAYBE SURE FINE O'QE WELL RIGHT HUM YES MAYBE SURE FINE O'KE WELL RIGHT HUM YES MAY BE SURE FINE O'E WELL RIGHT HUM TO THE OFFER AND THEN LEFT THE ROOM
qwen17b,ct_no_t2_k32,1,control_word,t2,32,32,42,no,43,16.64,24,0.060363709926605225,0.01501238252967596,0.04425,0.22559377551078796,208,False,49,12.106666666666666,1.3744493392070487,False,49,undercount,0,SHE SAID YES MAYBE SURE FINE OKE WELL RIGHT HUM YES MAYBE SURE FINE OQE WELL RIGHT HUM YES MAYBE SURE FINE OQE WELL RIGHT HUM YES MAYBE SURE FINE O'KE WELL RIGHT HUM TO THE OFFER AND THEN LEFT THE ROOM
qwen17b,ct_no_t2_k32,2,control_word,t2,32,32,42,no,44,16.08,18,0.06156890466809273,0.017821790650486946,0.08379166666666667,0.1760059893131256,201,False,47,12.106666666666666,1.328193832599119,False,47,undercount,0,SHE SAID YES MAYBE SURE FINE OKE WELL WRITE HUM YES MAYBE SURE FINE OKE WELL RIGHT HUM YES MAYBE SURE FINE O'KE WELL RIGHT HU YES MAYBE SURE FINE O'KE WELL RIGHT HU TO THE OFFER AND THEN LEFT THE ROOM
qwen17b,ct_quick_t5_k02,0,control_word,t5,2,2,9,quick,9,3.84,2,0.06212546303868294,0.023326072841882706,0.116125,0.2193017303943634,48,False,2,3.786666666666667,1.0140845070422533,True,2,correct,1,THE RUNNER MOVED SWIFT SMOOTH ALONG THE NARROW PATH
qwen17b,ct_quick_t5_k02,1,control_word,t5,2,2,9,quick,9,3.68,2,0.06219508498907089,0.03864568471908569,0.14391666666666666,0.20205609500408173,46,False,2,3.786666666666667,0.9718309859154929,True,2,correct,1,THE RUNNER MOVED SWIFT SMOOTH ALONG THE NARROW PATH
qwen17b,ct_quick_t5_k02,2,control_word,t5,2,2,9,quick,9,3.84,2,0.06348098814487457,0.027620119974017143,0.09904166666666667,0.3210914134979248,48,False,2,3.786666666666667,1.0140845070422533,True,2,correct,1,THE RUNNER MOVES SWIFT SMOOTH ALONG THE NARROW PATH
qwen17b,ct_quick_t5_k03,0,control_word,t5,3,3,10,quick,10,4.4,3,0.06843636184930801,0.02362053655087948,0.19720833333333335,0.1953401118516922,55,False,3,4.666666666666667,0.9428571428571428,True,3,correct,1,THE RUNNER MOVED SWIFT SMOOTH STEADY ALONG THE NARROW PATH
qwen17b,ct_quick_t5_k03,1,control_word,t5,3,3,10,quick,10,4.96,3,0.06260212510824203,0.029020333662629128,0.24683333333333332,0.16627851128578186,62,False,3,4.666666666666667,1.0628571428571427,True,3,correct,1,THE RUNNER MOVED SWIFT SMOOTH STEADY ALONG THE NARROW PATH
qwen17b,ct_quick_t5_k03,2,control_word,t5,3,3,10,quick,10,4.64,3,0.058036644011735916,0.024211334064602852,0.06483333333333334,0.19498609006404877,58,False,3,4.666666666666667,0.9942857142857141,True,3,correct,1,THE RUNNER MOVED SWIFT SMOOTH STEADY ALONG THE NARROW PATH
qwen17b,ct_quick_t5_k04,0,control_word,t5,4,4,11,quick,11,4.8,4,0.060458678752183914,0.024780703708529472,0.19745833333333335,0.22546766698360443,60,False,3,5.546666666666667,0.8653846153846153,True,4,correct,1,THE RUNNER MOVED SWIFT SMOOTH STEADY LIGHT ALONG THE NARROW PATH
qwen17b,ct_quick_t5_k04,1,control_word,t5,4,4,11,quick,11,4.72,4,0.051495712250471115,0.033007241785526276,0.23275,0.2069104164838791,59,False,3,5.546666666666667,0.8509615384615384,True,4,correct,1,THE RUNNER MOVED SWIFT SMOOTH STEADY LIGHT ALONG THE NARROW PATH
qwen17b,ct_quick_t5_k04,2,control_word,t5,4,4,11,quick,11,5.76,4,0.05652341991662979,0.02791380137205124,0.26875,0.18586379289627075,72,False,4,5.546666666666667,1.0384615384615383,True,4,correct,1,THE RUNNER MOVED SWIFT SMOOTH STEADY LIGHT ALONG THE NARROW PATH
qwen17b,ct_quick_t5_k06,0,control_word,t5,6,6,13,quick,13,5.52,6,0.055202092975378036,0.023322077468037605,0.24258333333333335,0.16610462963581085,69,False,4,7.306666666666667,0.7554744525547444,False,6,correct,1,THE RUNNER MOVED SWIFT SMOOTH STEADY LIGHT SHARP LOOSE ALONG THE NARROW PATH
qwen17b,ct_quick_t5_k06,1,control_word,t5,6,6,13,quick,13,5.6,6,0.0657007098197937,0.032202623784542084,0.23191666666666666,0.32608267664909363,70,False,4,7.306666666666667,0.7664233576642335,False,6,correct,1,THE RUNNER MOVED SWIFT SMOOTH STEADY LIGHT SHARP LOOSE ALONG THE NARROW PATH
qwen17b,ct_quick_t5_k06,2,control_word,t5,6,6,13,quick,13,5.84,6,0.07367534190416336,0.029619265347719193,0.22975,0.20074260234832764,73,False,4,7.306666666666667,0.7992700729927007,False,6,correct,1,THE RUNNER MOVED SWIFT SMOOTH STEADY LIGHT SHARP LOOSE ALONG THE NARROW PATH
qwen17b,ct_quick_t5_k08,0,control_word,t5,8,8,15,quick,15,7.2,8,0.061901528388261795,0.02686830423772335,0.27979166666666666,0.19385935366153717,90,False,6,9.066666666666666,0.7941176470588236,False,8,correct,1,THE RUNNER MOVED SWIFT SMOOTH STEADY LIGHT SHARP LOOSE TIGHT CLEAN ALONG THE NARROW PATH
qwen17b,ct_quick_t5_k08,1,control_word,t5,8,8,15,quick,15,7.04,8,0.06182532384991646,0.03187387064099312,0.44425,0.28217363357543945,88,False,6,9.066666666666666,0.7764705882352941,False,8,correct,1,THE RUNNER MOVED SWIFT SMOOTH STEADY LIGHT SHARP LOOSE TIGHT CLEAN ALONG THE NARROW PATH
qwen17b,ct_quick_t5_k08,2,control_word,t5,8,8,15,quick,15,7.6,8,0.07108122110366821,0.027752425521612167,0.09375,0.17945942282676697,95,False,6,9.066666666666666,0.8382352941176471,False,8,correct,1,THE RUNNER MOVED SWIFT SMOOTH STEADY LIGHT SHARP LOOSE TIGHT CLEAN ALONG THE NARROW PATH
qwen17b,ct_quick_t5_k12,0,control_word,t5,12,12,19,quick,19,8.72,12,0.06336109340190887,0.02374775893986225,0.14575,0.2128429263830185,109,False,8,12.586666666666666,0.6927966101694916,False,12,truncation,0,THE RUNNER MOVED SWIFT SMOOTH STEADY LIGHT SHARP LOOSE TIGHT CLEAN SWIFT SMOOTH STEADY LIGHT ALONG THE NARROW PATH
qwen17b,ct_quick_t5_k12,1,control_word,t5,12,12,19,quick,19,9.2,12,0.05662815272808075,0.027667703106999397,0.158625,0.1413954645395279,115,False,8,12.586666666666666,0.7309322033898304,False,12,correct,1,THE RUNNER MOVED SWIFT SMOOTH STEADY LIGHT SHARP LOOSE TIGHT CLEAN SWIFT SMOOTH STEADY LIGHT ALONG THE NARROW PATH
qwen17b,ct_quick_t5_k12,2,control_word,t5,12,12,19,quick,19,9.68,12,0.05149969831109047,0.027201859280467033,0.22704166666666667,0.15116260945796967,121,False,9,12.586666666666666,0.7690677966101696,False,12,correct,1,THE RUNNER MOVED SWIFT SMOOTH STEADY LIGHT SHARP LOOSE TIGHT CLEAN SWIFT SMOOTH STEADY LIGHT ALONG THE NARROW PATH
qwen17b,ct_quick_t5_k16,0,control_word,t5,16,16,23,quick,23,10.72,16,0.058550864458084106,0.02799401246011257,0.12854166666666667,0.21816132962703705,134,False,10,16.106666666666666,0.6655629139072848,False,16,truncation,0,THE RUNNER MOVED SWIFT SMOOTH STEADY LIGHT SHARP LOOSE TIGHT CLEAN SWIFT SMOOTH STEADY LIGHT SHARP LOOSE TIGHT CLEAN ALONG THE NARROW PATH
qwen17b,ct_quick_t5_k16,1,control_word,t5,16,16,23,quick,23,12.16,16,0.06842418015003204,0.03178279474377632,0.18229166666666666,0.18523745238780975,152,False,12,16.106666666666666,0.7549668874172186,False,16,correct,1,THE RUNNER MOVED SWIFT SMOOTH STEADY LIGHT SHARP LOOSE TIGHT CLEAN SWIFT SMOOTH STEADY LIGHT SHARP LOOSE TIGHT CLEAN ALONG THE NARROW PATH
qwen17b,ct_quick_t5_k16,2,control_word,t5,16,16,23,quick,23,10.88,16,0.06190786883234978,0.023820729926228523,0.328375,0.15603452920913696,136,False,10,16.106666666666666,0.675496688741722,False,16,truncation,0,THE RUNNER MOVED SWIFT SMOOTH STEADY LIGHT SHARP LOOSE TIGHT CLEAN SWIFT SMOOTH STEADY LIGHT SHARP LOOSE TIGHT CLEAN ALONG THE NARROW PATH
qwen17b,ct_quick_t5_k24,0,control_word,t5,24,24,31,quick,31,15.12,24,0.05922389402985573,0.022074095904827118,0.10058333333333333,0.21057365834712982,189,False,15,23.146666666666665,0.6532258064516129,False,24,truncation,0,THE RUNNER MOVED SWIFT SMOOTH STEADY LIGHT SHARP LOOSE TIGHT CLEAN SWIFT SMOOTH STEADY LIGHT SHARP LOOSE TIGHT CLEAN SWIFT SMOOTH STEADY LIGHT SHARP LOOSE TIGHT CLEAN ALONG THE NARROW PATH
qwen17b,ct_quick_t5_k24,1,control_word,t5,24,24,31,quick,31,14.56,24,0.061661552637815475,0.025517582893371582,0.31983333333333336,0.1977917104959488,182,False,14,23.146666666666665,0.6290322580645162,False,24,truncation,0,THE RUNNER MOVED SWIFT SMOOTH STEADY LIGHT SHARP LOOSE TIGHT CLEAN SWIFT SMOOTH STEADY LIGHT SHARP LOOSE TIGHT CLEAN SWIFT SMOOTH STEADY LIGHT SHARP LOOSE TIGHT CLEAN ALONG THE NARROW PATH
qwen17b,ct_quick_t5_k24,2,control_word,t5,24,24,31,quick,31,14.8,24,0.06297098100185394,0.019046032801270485,0.118,0.26756900548934937,185,False,15,23.146666666666665,0.6394009216589862,False,24,truncation,0,THE RUNNER MOVED SWIFT SMOOTH STEADY LIGHT SHARP LOOSE TIGHT CLEAN SWIFT SMOOTH STEADY LIGHT SHARP LOOSE TIGHT CLEAN SWIFT SMOOTH STEADY LIGHT SHARP LOOSE TIGHT CLEAN ALONG THE NARROW PATH
qwen17b,ct_quick_t5_k32,0,control_word,t5,32,32,39,quick,39,15.36,32,0.06254639476537704,0.01950756274163723,0.08583333333333333,0.17906756699085236,192,False,15,30.186666666666664,0.5088339222614842,False,32,truncation,0,THE RUNNER MOVED SWIFT SMOOTH STEADY LIGHT SHARP LOOSE TIGHT CLEAN SWIFT SMOOTH STEADY LIGHT SHARP LOOSE TIGHT CLEAN SWIFT SMOOTH STEADY LIGHT SHARP LOOSE TIGHT CLEAN SWIFT SMOOTH STEADY LIGHT SHARP LOOSE TIGHT CLEAN ALONG THE NARROW PATH
qwen17b,ct_quick_t5_k32,1,control_word,t5,32,32,39,quick,39,16.56,32,0.0619182214140892,0.02409469522535801,0.19866666666666666,0.18320801854133606,207,False,17,30.186666666666664,0.5485865724381626,False,32,truncation,0,THE RUNNER MOVED SWIFT SMOOTH STEADY LIGHT SHARP LOOSE TIGHT CLEAN SWIFT SMOOTH STEADY LIGHT SHARP LOOSE TIGHT CLEAN SWIFT SMOOTH STEADY LIGHT SHARP LOOSE TIGHT CLEAN SWIFT SMOOTH STEADY LIGHT SHARP LOOSE TIGHT CLEAN ALONG THE NARROW PATH
qwen17b,ct_quick_t5_k32,2,control_word,t5,32,32,39,quick,39,18.24,32,0.06176372617483139,0.025985242798924446,0.22625,0.2198961228132248,228,False,18,30.186666666666664,0.6042402826855123,False,32,truncation,0,THE RUNNER MOVED SWIFT SMOOTH STEADY LIGHT SHARP LOOSE TIGHT CLEAN SWIFT SMOOTH STEADY LIGHT SHARP LOOSE TIGHT CLEAN SWIFT SMOOTH STEADY LIGHT SHARP LOOSE TIGHT CLEAN SWIFT SMOOTH STEADY LIGHT SHARP LOOSE TIGHT CLEAN ALONG THE NARROW PATH
qwen17b,ct_really_t6_k02,0,control_word,t6,2,2,9,really,9,2.8,2,0.07334586977958679,0.008788814768195152,0.05216666666666667,0.29949259757995605,35,False,2,2.960000000000001,0.9459459459459456,True,2,correct,1,THEY WERE TRULY QUITE TIRED AFTER THE LONG JOURNEY
qwen17b,ct_really_t6_k02,1,control_word,t6,2,2,9,really,9,2.96,2,0.06156846135854721,0.02537700906395912,0.12608333333333333,0.2336350530385971,37,False,2,2.960000000000001,0.9999999999999997,True,2,correct,1,THEY WERE TRULY QUITE TIRED AFTER THE LONG JOURNEY
qwen17b,ct_really_t6_k02,2,control_word,t6,2,2,9,really,9,3.12,2,0.07001501321792603,0.01697312854230404,0.09741666666666667,0.42707857489585876,39,False,2,2.960000000000001,1.0540540540540537,True,2,correct,1,THEY WERE TRULY QUITE TIRED AFTER THE LONG JOURNEY
qwen17b,ct_really_t6_k03,0,control_word,t6,3,3,10,really,10,4.0,3,0.06240108236670494,0.014128274284303188,0.181625,0.2256847620010376,50,False,3,3.8133333333333344,1.0489510489510487,True,3,correct,1,THEY WERE TRULY QUITE VERY TIRED AFTER THE LONG JOURNEY
qwen17b,ct_really_t6_k03,1,control_word,t6,3,3,10,really,10,3.68,3,0.06871405243873596,0.01887485943734646,0.065125,0.5074702501296997,46,False,3,3.8133333333333344,0.9650349650349648,True,3,correct,1,THEY WERE TRULY QUITE VERY TIRED AFTER THE LONG JOURNEY
qwen17b,ct_really_t6_k03,2,control_word,t6,3,3,10,really,10,3.76,3,0.06360004842281342,0.01878228224813938,0.18725,0.4732506275177002,47,False,3,3.8133333333333344,0.9860139860139857,True,3,correct,1,THEY WERE TRULY QUITE VERY TIRED AFTER THE LONG JOURNEY
qwen17b,ct_really_t6_k04,0,control_word,t6,4,4,11,really,11,4.0,4,0.0663856565952301,0.014453672803938389,0.25066666666666665,0.33895343542099,50,False,3,4.666666666666668,0.8571428571428569,True,4,correct,1,THEY WERE TRULY QUITE VERY RATHER TIRED AFTER THE LONG JOURNEY
qwen17b,ct_really_t6_k04,1,control_word,t6,4,4,11,really,11,4.0,4,0.06752133369445801,0.01947924867272377,0.12695833333333334,0.48069775104522705,50,False,3,4.666666666666668,0.8571428571428569,True,4,correct,1,THEY WERE TRULY QUITE VERY RATHER TIRED AFTER THE LONG JOURNEY
qwen17b,ct_really_t6_k04,2,control_word,t6,4,4,11,really,11,3.76,4,0.08403435349464417,0.00791847426444292,0.052333333333333336,0.5659693479537964,47,False,3,4.666666666666668,0.8057142857142855,True,4,correct,1,THEY WERE TRULY QUITE VERY RATHER TIRED AFTER THE LONG JOURNEY
qwen17b,ct_really_t6_k06,0,control_word,t6,6,6,13,really,13,4.96,6,0.0704994797706604,0.01097701583057642,0.20704166666666668,0.3691944479942322,62,False,4,6.373333333333334,0.7782426778242677,False,6,correct,1,THEY WERE TRULY QUITE VERY RATHER DEEPLY CLEARLY TIRED AFTER THE LONG JOURNEY
qwen17b,ct_really_t6_k06,1,control_word,t6,6,6,13,really,13,5.44,6,0.0687837079167366,0.01445772871375084,0.11929166666666667,0.2508220970630646,68,False,5,6.373333333333334,0.8535564853556485,True,6,correct,1,THEY WERE TRULY QUITE VERY RATHER DEEPLY CLEARLY TIRED AFTER THE LONG JOURNEY
qwen17b,ct_really_t6_k06,2,control_word,t6,6,6,13,really,13,5.04,6,0.059677451848983765,0.012571034952998161,0.20691666666666667,0.21358589828014374,63,False,4,6.373333333333334,0.7907949790794978,False,6,correct,1,THEY WERE TRULY QUITE VERY RATHER DEEPLY CLEARLY TIRED AFTER THE LONG JOURNEY
qwen17b,ct_really_t6_k08,0,control_word,t6,8,8,15,really,15,6.8,8,0.06563898921012878,0.011327558197081089,0.2971666666666667,0.36151552200317383,85,False,6,8.08,0.8415841584158416,False,8,correct,1,THEY WERE TRULY QUITE VERY RATHER DEEPLY CLEARLY PLAINLY SURELY TIRED AFTER THE LONG JOURNEY
qwen17b,ct_really_t6_k08,1,control_word,t6,8,8,15,really,15,6.72,8,0.06304095685482025,0.017161158844828606,0.41158333333333336,0.21354791522026062,84,False,6,8.08,0.8316831683168316,False,8,correct,1,THEY WERE TRULY QUITE VERY RATHER DEEPLY CLEARLY PLAINLY SURELY TIRED AFTER THE LONG JOURNEY
qwen17b,ct_really_t6_k08,2,control_word,t6,8,8,15,really,15,6.56,8,0.06938683986663818,0.012800931930541992,0.20120833333333332,0.335994154214859,82,False,6,8.08,0.8118811881188118,False,8,correct,1,THEY WERE TRULY QUITE VERY RATHER DEEPLY CLEARLY PLAINLY SURELY TIRED AFTER THE LONG JOURNEY
qwen17b,ct_really_t6_k12,0,control_word,t6,12,12,19,really,19,8.96,12,0.07319886237382889,0.011053788475692272,0.24045833333333333,0.28660526871681213,112,False,9,11.493333333333332,0.7795823665893273,False,12,correct,1,THEY WERE TRULY QUITE VERY RATHER DEEPLY CLEARLY PLAINLY SURELY TRULY QUITE VERY RATHER TIRED AFTER THE LONG JOURNEY
qwen17b,ct_really_t6_k12,1,control_word,t6,12,12,19,really,19,7.84,12,0.06729117035865784,0.012432089075446129,0.048,0.26478636264801025,98,False,8,11.493333333333332,0.6821345707656613,False,12,truncation,0,THEY WERE TRULY QUITE VERY RATHER DEEPLY CLEARLY PLAINLY SURELY TRULY QUITE VERY RATHER TIRED AFTER THE LONG JOURNEY
qwen17b,ct_really_t6_k12,2,control_word,t6,12,12,19,really,19,8.64,12,0.06443070620298386,0.012889319099485874,0.19691666666666666,0.19146348536014557,108,False,9,11.493333333333332,0.751740139211137,False,12,correct,1,THEY WERE TRULY QUITE VERY RATHER DEEPLY CLEARLY PLAINLY SURELY TRULY QUITE VERY RATHER TIRED AFTER THE LONG JOURNEY
qwen17b,ct_really_t6_k16,0,control_word,t6,16,16,23,really,23,11.12,16,0.06834492087364197,0.011341588571667671,0.11145833333333334,0.2644467055797577,139,False,12,14.906666666666666,0.7459749552772809,False,16,correct,1,THEY WERE TRULY QUITE VERY RATHER DEEPLY CLEARLY PLAINLY SURELY TRULY QUITE VERY RATHER DEEPLY CLEARLY PLAINLY SURELY TIRED AFTER THE LONG JOURNEY
qwen17b,ct_really_t6_k16,1,control_word,t6,16,16,23,really,23,12.24,16,0.058928199112415314,0.015542193315923214,0.12279166666666666,0.42080897092819214,153,False,13,14.906666666666666,0.8211091234347049,False,16,correct,1,THEY WERE TRULY QUITE VERY RATHER DEEPLY CLEARLY PLAINLY SURELY TRULY QUITE VERY RATHER DEEPLY CLEARLY PLAINLY SURELY TIRED AFTER THE LONG JOURNEY
qwen17b,ct_really_t6_k16,2,control_word,t6,16,16,23,really,23,10.72,15,0.0642065778374672,0.010117018595337868,0.13366666666666666,0.2515340745449066,134,False,11,14.906666666666666,0.7191413237924866,False,15,undercount,0,THEY WERE TRULY QUITE VERY RATHER DEEPLY CLEARLY PLAINLY SURELY TRULY QUITE VERY RATHER DEEPLY CLEARLY PLAINLY SORELY TIRED AFTER THE LONG JOURNEY
qwen17b,ct_really_t6_k24,0,control_word,t6,24,24,31,really,31,14.08,24,0.07009666413068771,0.011664094403386116,0.051708333333333335,0.17905773222446442,176,False,15,21.73333333333333,0.6478527607361964,False,24,truncation,0,THEY WERE TRULY QUITE VERY RATHER DEEPLY CLEARLY PLAINLY SURELY TRULY QUITE VERY RATHER DEEPLY CLEARLY PLAINLY SURELY TRULY QUITE VERY RATHER DEEPLY CLEARLY PLAINLY SURELY TIRED AFTER THE LONG JOURNEY
qwen17b,ct_really_t6_k24,1,control_word,t6,24,24,31,really,31,15.84,24,0.06871101260185242,0.01491519808769226,0.13825,0.23110593855381012,198,False,17,21.73333333333333,0.728834355828221,False,24,correct,1,THEY WERE TRULY QUITE VERY RATHER DEEPLY CLEARLY PLAINLY SURELY TRULY QUITE VERY RATHER DEEPLY CLEARLY PLAINLY SURELY TRULY QUITE VERY RATHER DEEPLY CLEARLY PLAINLY SURELY TIRED AFTER THE LONG JOURNEY
qwen17b,ct_really_t6_k24,2,control_word,t6,24,24,31,really,31,12.96,24,0.06859005987644196,0.009798594750463963,0.06625,0.4013981521129608,162,False,14,21.73333333333333,0.5963190184049081,False,24,truncation,0,THEY WERE TRULY QUITE VERY RATHER DEEPLY CLEARLY PLAINLY SURELY TRULY QUITE VERY RATHER DEEPLY CLEARLY PLAINLY SURELY TRULY QUITE VERY RATHER DEEPLY CLEARLY PLAINLY SURELY TIRED AFTER THE LONG JOURNEY
qwen17b,ct_really_t6_k32,0,control_word,t6,32,32,39,really,39,18.32,32,0.07124459743499756,0.012812817469239235,0.052708333333333336,0.3737928569316864,229,False,20,28.56,0.6414565826330533,False,32,truncation,0,THEY WERE TRULY QUITE VERY RATHER DEEPLY CLEARLY PLAINLY SURELY TRULY QUITE VERY RATHER DEEPLY CLEARLY PLAINLY SURELY TRULY QUITE VERY RATHER DEEPLY CLEARLY PLAINLY SURELY TRULY QUITE VERY RATHER DEEPLY CLEARLY PLAINLY SURELY TIRED AFTER THE LONG JOURNEY
qwen17b,ct_really_t6_k32,1,control_word,t6,32,32,39,really,39,18.0,32,0.05948721244931221,0.014347641728818417,0.10358333333333333,0.34527337551116943,225,False,20,28.56,0.6302521008403361,False,32,truncation,0,THEY WERE TRULY QUITE VERY RATHER DEEPLY CLEARLY PLAINLY SURELY TRULY QUITE VERY RATHER DEEPLY CLEARLY PLAINLY SURELY TRULY QUITE VERY RATHER DEEPLY CLEARLY PLAINLY SURELY TRULY QUITE VERY RATHER DEEPLY CLEARLY PLAINLY SURELY TIRED AFTER THE LONG JOURNEY
qwen17b,ct_really_t6_k32,2,control_word,t6,32,32,39,really,39,18.08,32,0.05160526931285858,0.012768218293786049,0.0485,0.17702561616897583,226,False,20,28.56,0.6330532212885154,False,32,truncation,0,THEY WERE TRULY QUITE VERY RATHER DEEPLY CLEARLY PLAINLY SURELY TRULY QUITE VERY RATHER DEEPLY CLEARLY PLAINLY SURELY TRULY QUITE VERY RATHER DEEPLY CLEARLY PLAINLY SURELY TRULY QUITE VERY RATHER DEEPLY CLEARLY PLAINLY SURELY TIRED AFTER THE LONG JOURNEY
qwen17b,ct_very_t1_k02,0,control_word,t1,2,2,12,very,12,3.76,2,0.06972991675138474,0.017066622152924538,0.09795833333333333,0.14973904192447662,47,False,2,3.8666666666666667,0.9724137931034482,True,2,correct,1,THE DOG WAS QUITE REALLY BIG AND IT RAN ACROSS THE FIELD
qwen17b,ct_very_t1_k02,1,control_word,t1,2,2,12,very,12,4.0,2,0.08366183191537857,0.02343454770743847,0.016416666666666666,0.17958876490592957,50,False,2,3.8666666666666667,1.0344827586206897,True,2,correct,1,THE DOG WAS QUITE REALLY BIG AND IT RAN ACROSS THE FIELD
qwen17b,ct_very_t1_k02,2,control_word,t1,2,2,12,very,12,3.84,2,0.06438165158033371,0.024141164496541023,0.11908333333333333,0.19350890815258026,48,False,2,3.8666666666666667,0.993103448275862,True,2,correct,1,THE DOG WAS QUITE REALLY BIG AND IT RAN ACROSS THE FIELD
qwen17b,ct_very_t1_k03,0,control_word,t1,3,3,13,very,13,4.16,3,0.07131577283143997,0.014865045435726643,0.05358333333333333,0.20470954477787018,52,False,3,4.373333333333333,0.951219512195122,True,3,correct,1,THE DOG WAS QUITE REALLY TRULY BIG AND IT RAN ACROSS THE FIELD
qwen17b,ct_very_t1_k03,1,control_word,t1,3,3,13,very,13,3.92,3,0.07550479471683502,0.028405655175447464,0.09904166666666667,0.24497787654399872,49,False,2,4.373333333333333,0.8963414634146342,True,3,correct,1,THE DOG WAS QUITE REALLY TRULY BIG AND IT RAN ACROSS THE FIELD
qwen17b,ct_very_t1_k03,2,control_word,t1,3,3,13,very,13,5.04,3,0.05318028852343559,0.02799845300614834,0.18645833333333334,0.31639352440834045,63,False,4,4.373333333333333,1.152439024390244,True,3,correct,1,THE DOG WAS QUITE REALLY TRULY BIG AND IT RAN ACROSS THE FIELD
qwen17b,ct_very_t1_k04,0,control_word,t1,4,4,14,very,14,5.28,4,0.07205948233604431,0.017333734780550003,0.17454166666666668,0.28539225459098816,66,False,5,4.879999999999999,1.0819672131147544,True,4,correct,1,THE DOG WAS QUITE REALLY TRULY FAIRLY BIG AND IT RAN ACROSS THE FIELD
qwen17b,ct_very_t1_k04,1,control_word,t1,4,4,14,very,14,5.04,4,0.0777335911989212,0.025260640308260918,0.141,0.19252896308898926,63,False,4,4.879999999999999,1.032786885245902,True,4,correct,1,THE DOG WAS QUITE REALLY TRULY FAIRLY BIG AND IT RAN ACROSS THE FIELD
qwen17b,ct_very_t1_k04,2,control_word,t1,4,4,14,very,14,5.28,4,0.07005906850099564,0.026681745424866676,0.09275,0.22881095111370087,66,False,5,4.879999999999999,1.0819672131147544,True,4,correct,1,THE DOG WAS QUITE REALLY TRULY FAIRLY BIG AND IT RAN ACROSS THE FIELD
qwen17b,ct_very_t1_k06,0,control_word,t1,6,6,16,very,16,6.64,6,0.07626090198755264,0.020990930497646332,0.092375,0.19404783844947815,83,False,7,5.893333333333333,1.1266968325791855,True,6,correct,1,THE DOG WAS QUITE REALLY TRULY FAIRLY RATHER SOMEWHAT BIG AND IT RAN ACROSS THE FIELD
qwen17b,ct_very_t1_k06,1,control_word,t1,6,6,16,very,16,6.48,6,0.07381236553192139,0.025503413751721382,0.09295833333333334,0.28575220704078674,81,False,7,5.893333333333333,1.0995475113122173,True,6,correct,1,THE DOG WAS QUITE REALLY TRULY FAIRLY RATHER SOMEWHAT BIG AND IT RAN ACROSS THE FIELD
qwen17b,ct_very_t1_k06,2,control_word,t1,6,6,16,very,16,6.0,6,0.06446909159421921,0.021374503150582314,0.10008333333333333,0.21407568454742432,75,False,6,5.893333333333333,1.0180995475113124,True,6,correct,1,THE DOG WAS QUITE REALLY TRULY FAIRLY RATHER SOMEWHAT BIG AND IT RAN ACROSS THE FIELD
qwen17b,ct_very_t1_k08,0,control_word,t1,8,8,18,very,18,6.88,8,0.0762404203414917,0.014452590607106686,0.14658333333333334,0.2906396985054016,86,False,8,6.9066666666666645,0.9961389961389965,True,8,correct,1,THE DOG WAS QUITE REALLY TRULY FAIRLY RATHER SOMEWHAT EXTREMELY NOTABLY BIG AND IT RAN ACROSS THE FIELD
qwen17b,ct_very_t1_k08,1,control_word,t1,8,8,18,very,18,7.36,8,0.06893537938594818,0.025556432083249092,0.26175,0.2308194935321808,92,False,9,6.9066666666666645,1.065637065637066,True,8,correct,1,THE DOG WAS QUITE REALLY TRULY FAIRLY RATHER SOMEWHAT EXTREMELY NOTABLY BIG AND IT RAN ACROSS THE FIELD
qwen17b,ct_very_t1_k08,2,control_word,t1,8,8,18,very,18,7.76,8,0.059727538377046585,0.02244381420314312,0.07358333333333333,0.25262755155563354,97,False,10,6.9066666666666645,1.123552123552124,False,10,correct,1,THE DOG WAS QUITE REALLY TRULY FAIRLY RATHER SOMEWHAT EXTREMELY NOTABLY BIG AND IT RAN ACROSS THE FIELD
qwen17b,ct_very_t1_k12,0,control_word,t1,12,12,22,very,22,9.76,12,0.06708497554063797,0.015770303085446358,0.04708333333333333,0.17546604573726654,122,False,14,8.93333333333333,1.0925373134328362,False,14,correct,1,THE DOG WAS QUITE REALLY TRULY FAIRLY RATHER SOMEWHAT EXTREMELY NOTABLY QUITE REALLY TRULY FAIRLY BIG AND IT RAN ACROSS THE FIELD
qwen17b,ct_very_t1_k12,1,control_word,t1,12,12,22,very,22,8.8,12,0.06611248105764389,0.022780541330575943,0.05545833333333333,0.2134348303079605,110,False,12,8.93333333333333,0.985074626865672,True,12,correct,1,THE DOG WAS QUITE REALLY TRULY FAIRLY RATHER SOMEWHAT EXTREMELY NOTABLY QUITE REALLY TRULY FAIRLY BIG AND IT RAN ACROSS THE FIELD
qwen17b,ct_very_t1_k12,2,control_word,t1,12,12,22,very,22,8.96,12,0.06620895117521286,0.021383190527558327,0.12095833333333333,0.19880029559135437,112,False,12,8.93333333333333,1.002985074626866,True,12,correct,1,THE DOG WAS QUITE REALLY TRULY FAIRLY RATHER SOMEWHAT EXTREMELY NOTABLY QUITE REALLY TRULY FAIRLY BIG AND IT RAN ACROSS THE FIELD
qwen17b,ct_very_t1_k16,0,control_word,t1,16,16,26,very,26,11.44,16,0.06156640127301216,0.017159638926386833,0.033666666666666664,0.22067387402057648,143,False,17,10.959999999999996,1.0437956204379566,True,16,correct,1,THE DOG WAS QUITE REALLY TRULY FAIRLY RATHER SOMEWHAT EXTREMELY NOTABLY QUITE REALLY TRULY FAIRLY RATHER SOMEWHAT EXTREMELY NOTABLY BIG AND IT RAN ACROSS THE FIELD
qwen17b,ct_very_t1_k16,1,control_word,t1,16,16,26,very,26,11.2,16,0.06541791558265686,0.017313377931714058,4.1666666666666665e-05,0.1817493438720703,140,False,16,10.959999999999996,1.0218978102189784,True,16,correct,1,THE DOG WAS QUITE REALLY TRULY FAIRLY RATHER SOMEWHAT EXTREMELY NOTABLY QUITE REALLY TRULY FAIRLY RATHER SOMEWHAT EXTREMELY NOTABLY BIG AND IT RAN ACROSS THE FIELD
qwen17b,ct_very_t1_k16,2,control_word,t1,16,16,26,very,26,11.68,16,0.0697544664144516,0.017626933753490448,0.088625,0.1322948932647705,146,False,17,10.959999999999996,1.0656934306569348,True,16,correct,1,THE DOG WAS QUITE REALLY TRULY FAIRLY RATHER SOMEWHAT EXTREMELY NOTABLY QUITE REALLY TRULY FAIRLY RATHER SOMEWHAT EXTREMELY NOTABLY BIG AND IT RAN ACROSS THE FIELD
qwen17b,ct_very_t1_k24,0,control_word,t1,24,24,34,very,34,15.76,24,0.05979336053133011,0.014198601245880127,0.11158333333333334,0.1512443721294403,197,False,25,15.013333333333327,1.0497335701598585,True,24,correct,1,THE DOG WAS QUITE REALLY TRULY FAIRLY RATHER SOMEWHAT EXTREMELY NOTABLY QUITE REALLY TRULY FAIRLY RATHER SOMEWHAT EXTREMELY NOTABLY QUITE REALLY TRULY FAIRLY RATHER SOMEWHAT EXTREMELY NOTABLY BIG AND IT RAN ACROSS THE FIELD
qwen17b,ct_very_t1_k24,1,control_word,t1,24,24,34,very,34,14.88,24,0.06934777647256851,0.018802465870976448,0.15266666666666667,0.2666195333003998,186,False,24,15.013333333333327,0.9911190053285973,True,24,correct,1,THE DOG WAS QUITE REALLY TRULY FAIRLY RATHER SOMEWHAT EXTREMELY NOTABLY QUITE REALLY TRULY FAIRLY RATHER SOMEWHAT EXTREMELY NOTABLY QUITE REALLY TRULY FAIRLY RATHER SOMEWHAT EXTREMELY NOTABLY BIG AND IT RAN ACROSS THE FIELD
qwen17b,ct_very_t1_k24,2,control_word,t1,24,24,34,very,33,14.08,24,0.05578121542930603,0.013954122550785542,0.14245833333333333,0.13078662753105164,176,False,22,15.013333333333327,0.9378330373001781,True,24,correct,1,THE DOG WAS QUITE REALLY TRULY FAIRLY RATHER SOMEWHAT EXTREMELY NOTABLY QUITE REALLY TRULY FAIRLY RATHER SOMEWHAT EXTREMELY NOTABLY QUITE REALLY TRULY FAIRLY RATHER SOMEWHAT EXTREMELY NOTABLY BIG AND IT RAN ACROSS THE
qwen17b,ct_very_t1_k32,0,control_word,t1,32,32,42,very,42,22.0,32,0.07143745571374893,0.015537132509052753,0.053375,0.16331152617931366,275,False,38,19.06666666666666,1.1538461538461542,False,38,correct,1,THE DOG WAS QUITE REALLY TRULY FAIRLY RATHER SOMEWHAT EXTREMELY NOTABLY QUITE REALLY TRULY FAIRLY RATHER SOMEWHAT EXTREMELY NOTABLY QUITE REALLY TRULY FAIRLY RATHER SOMEWHAT EXTREMELY NOTABLY QUITE REALLY TRULY FAIRLY RATHER SOMEWHAT EXTREMELY NOTABLY BIG AND IT RAN ACROSS THE FIELD
qwen17b,ct_very_t1_k32,1,control_word,t1,32,32,42,very,42,18.72,32,0.055330097675323486,0.013512066565454006,0.003625,0.30240294337272644,234,False,31,19.06666666666666,0.9818181818181821,True,32,correct,1,THE DOG WAS QUITE REALLY TRULY FAIRLY RATHER SOMEWHAT EXTREMELY NOTABLY QUITE REALLY TRULY FAIRLY RATHER SOMEWHAT EXTREMELY NOTABLY QUITE REALLY TRULY FAIRLY RATHER SOMEWHAT EXTREMELY NOTABLY QUITE REALLY TRULY FAIRLY RATHER SOMEWHAT EXTREMELY NOTABLY BIG AND IT RAN ACROSS THE FIELD
qwen17b,ct_very_t1_k32,2,control_word,t1,32,32,42,very,42,22.0,32,0.061435822397470474,0.02028076723217964,0.017041666666666667,0.22586657106876373,275,False,38,19.06666666666666,1.1538461538461542,False,38,correct,1,THE DOG WAS QUITE REALLY TRULY FAIRLY RATHER SOMEWHAT EXTREMELY NOTABLY QUITE REALLY TRULY FAIRLY RATHER SOMEWHAT EXTREMELY NOTABLY QUITE REALLY TRULY FAIRLY RATHER SOMEWHAT EXTREMELY NOTABLY QUITE REALLY TRULY FAIRLY RATHER SOMEWHAT EXTREMELY NOTABLY BIG AND IT RAN ACROSS THE FIELD
qwen17b,nm_n01,0,numbers,n01,4,4,9,six,9,3.92,4,0.05341460928320885,0.0251101516187191,0.18979166666666666,0.21827760338783264,49,False,4,4.177777777777778,0.9382978723404255,True,4,correct,1,SIX HUNDRED SIXTY SIX THOUSAND SIX HUNDRED SIXTY SIX
qwen17b,nm_n01,1,numbers,n01,4,4,9,six,9,3.92,4,0.048621468245983124,0.03269373998045921,0.02666666666666667,0.25245702266693115,49,False,4,4.177777777777778,0.9382978723404255,True,4,correct,1,SIX HUNDRED SIXTY SIX THOUSAND SIX HUNDRED SIXTY SIX
qwen17b,nm_n01,2,numbers,n01,4,4,9,six,9,4.16,4,0.05281977355480194,0.01863071322441101,0.047375,0.25856348872184753,52,False,4,4.177777777777778,0.9957446808510638,True,4,correct,1,SIX HUNDRED SIXTY SIX THOUSAND SIX HUNDRED SIXTY SIX
qwen17b,nm_n02,0,numbers,n02,4,4,9,seven,9,4.08,4,0.09370176494121552,0.007689895574003458,0.14725,0.2704921364784241,51,False,4,4.177777777777778,0.976595744680851,True,4,correct,1,SEVEN HUNDRED SEVENTY SEVEN THOUSAND SEVEN HUNDRED SEVENTY SEVEN
qwen17b,nm_n02,1,numbers,n02,4,4,9,seven,9,4.72,4,0.06637286394834518,0.023155776783823967,0.17608333333333334,0.22302623093128204,59,False,5,4.177777777777778,1.129787234042553,True,4,correct,1,SEVEN HUNDRED SEVENTY SEVEN THOUSAND SEVEN HUNDRED SEVENTY SEVEN
qwen17b,nm_n02,2,numbers,n02,4,4,9,seven,9,4.08,4,0.06072860583662987,0.010161764919757843,0.07291666666666667,0.2633703649044037,51,False,4,4.177777777777778,0.976595744680851,True,4,correct,1,SEVEN HUNDRED SEVENTY SEVEN THOUSAND SEVEN HUNDRED SEVENTY SEVEN
qwen17b,nm_n03,0,numbers,n03,4,4,9,nine,9,4.08,4,0.062374942004680634,0.007398969028145075,0.0295,0.1936630755662918,51,False,4,4.177777777777778,0.976595744680851,True,4,correct,1,NINE HUNDRED NINETY NINE THOUSAND NINE HUNDRED NINETY NINE
qwen17b,nm_n03,1,numbers,n03,4,4,9,nine,9,4.08,4,0.06275539845228195,0.021123936399817467,0.13020833333333334,0.31319481134414673,51,False,4,4.177777777777778,0.976595744680851,True,4,correct,1,NINE HUNDRED NINETY NINE THOUSAND NINE HUNDRED NINETY NINE
qwen17b,nm_n03,2,numbers,n03,4,4,9,nine,9,3.92,4,0.04990936070680618,0.014929327182471752,0.062625,0.2343614250421524,49,False,4,4.177777777777778,0.9382978723404255,True,4,correct,1,NINE HUNDRED NINETY NINE THOUSAND NINE HUNDRED NINETY NINE
qwen17b,nm_n04,0,numbers,n04,4,4,9,three,9,3.6,4,0.053945936262607574,0.014441918581724167,0.13166666666666665,0.173912912607193,45,False,3,4.177777777777778,0.8617021276595744,True,4,correct,1,THREE HUNDRED THIRTY THREE THOUSAND THREE HUNDRED THIRTY THREE
qwen17b,nm_n04,1,numbers,n04,4,4,9,three,9,4.32,4,0.060749806463718414,0.037248414009809494,0.237625,0.1956941783428192,54,False,4,4.177777777777778,1.0340425531914894,True,4,correct,1,THREE HUNDRED THIRTY THREE THOUSAND THREE HUNDRED THIRTY THREE
qwen17b,nm_n04,2,numbers,n04,4,4,9,three,9,4.16,4,0.04585310444235802,0.026742372661828995,0.19408333333333333,0.34031280875205994,52,False,4,4.177777777777778,0.9957446808510638,True,4,correct,1,THREE HUNDRED THIRTY THREE THOUSAND THREE HUNDRED THIRTY THREE
qwen17b,nm_n05,0,numbers,n05,6,6,14,six,14,5.76,6,0.052416425198316574,0.024016855284571648,0.10491666666666667,0.26172181963920593,72,False,6,6.2666666666666675,0.9191489361702126,True,6,correct,1,SIX HUNDRED SIXTY SIX MILLION SIX HUNDRED SIXTY SIX THOUSAND SIX HUNDRED SIXTY SIX
qwen17b,nm_n05,1,numbers,n05,6,6,14,six,14,5.84,6,0.053465601056814194,0.030825231224298477,0.2285,0.1630575954914093,73,False,6,6.2666666666666675,0.9319148936170212,True,6,correct,1,SIX HUNDRED SIXTY SIX MILLION SIX HUNDRED SIXTY SIX THOUSAND SIX HUNDRED SIXTY SIX
qwen17b,nm_n05,2,numbers,n05,6,6,14,six,14,5.6,6,0.05751475691795349,0.02064136601984501,0.270625,0.13942110538482666,70,False,5,6.2666666666666675,0.8936170212765956,True,6,correct,1,SIX HUNDRED SIXTY SIX MILLION SIX HUNDRED SIXTY SIX THOUSAND SIX HUNDRED SIXTY SIX
qwen17b,nm_n06,0,numbers,n06,4,4,9,eight,9,4.08,4,0.050744201987981796,0.015524414367973804,0.12791666666666668,0.22165709733963013,51,False,4,4.177777777777778,0.976595744680851,True,4,correct,1,EIGHT HUNDRED EIGHTY EIGHT THOUSAND EIGHT HUNDRED EIGHTY EIGHT
qwen17b,nm_n06,1,numbers,n06,4,4,9,eight,9,3.76,4,0.06496240198612213,0.016067281365394592,4.1666666666666665e-05,0.32669797539711,47,False,4,4.177777777777778,0.8999999999999999,True,4,correct,1,EIGHT HUNDRED EIGHTY EIGHT THOUSAND EIGHT HUNDRED EIGHTY EIGHT
qwen17b,nm_n06,2,numbers,n06,4,4,9,eight,9,3.76,4,0.05315478518605232,0.016100024804472923,0.062,0.18710759282112122,47,False,4,4.177777777777778,0.8999999999999999,True,4,correct,1,EIGHT HUNDRED EIGHTY EIGHT THOUSAND EIGHT HUNDRED EIGHTY EIGHT
qwen17b,nm_n07,0,numbers,n07,2,2,4,five,4,1.6,2,0.05966275930404663,0.047709058970212936,0.11741666666666667,0.3209560215473175,20,False,2,1.626666666666667,0.983606557377049,True,2,correct,1,FIVE HUNDRED FIFTY FIVE
qwen17b,nm_n07,1,numbers,n07,2,2,4,five,4,1.68,2,0.06348815560340881,0.05084112659096718,0.1365,0.24057349562644958,21,False,2,1.626666666666667,1.0327868852459015,True,2,correct,1,FIVE HUNDRED FIFTY FIVE
qwen17b,nm_n07,2,numbers,n07,2,2,4,five,4,1.6,2,0.06439114362001419,0.04674791917204857,0.09775,0.4044554531574249,20,False,2,1.626666666666667,0.983606557377049,True,2,correct,1,FIVE HUNDRED FIFTY FIVE
qwen17b,nm_n08,0,numbers,n08,2,2,4,four,4,1.6,2,0.08256927132606506,0.03215948864817619,0.07325,0.2472907453775406,20,False,2,1.8666666666666665,0.8571428571428573,True,2,correct,1,FOUR HUNDRED FORTY FOUR
qwen17b,nm_n08,1,numbers,n08,2,2,4,four,4,2.4,2,0.05177296698093414,0.07155274599790573,0.078125,0.13888674974441528,30,False,3,1.8666666666666665,1.2857142857142858,True,2,correct,1,FOUR HUNDRED FORTY FOUR
qwen17b,nm_n08,2,numbers,n08,2,2,4,four,4,1.6,2,0.06608641892671585,0.042373307049274445,0.04708333333333333,0.22043678164482117,20,False,2,1.8666666666666665,0.8571428571428573,True,2,correct,1,FOUR HUNDRED FORTY FOUR
qwen17b,nm_n09,0,numbers,n09,6,6,14,two,14,5.04,6,0.06149034574627876,0.021290702745318413,0.10845833333333334,0.1890386939048767,63,False,5,6.2666666666666675,0.8042553191489361,True,6,correct,1,TWO HUNDRED TWENTY TWO MILLION TWO HUNDRED TWENTY TWO THOUSAND TWO HUNDRED TWENTY TWO
qwen17b,nm_n09,1,numbers,n09,6,6,14,two,15,5.84,6,0.0648614764213562,0.020336110144853592,0.067375,0.33007457852363586,73,False,6,6.2666666666666675,0.9319148936170212,True,6,correct,1,TWO HUNDRED AND TWENTY TWO MILLION TWO HUNDRED TWENTY TWO THOUSAND TWO HUNDRED TWENTY TWO
qwen17b,nm_n09,2,numbers,n09,6,6,14,two,14,6.72,6,0.06151113286614418,0.0321224145591259,0.43166666666666664,0.22019650042057037,84,False,6,6.2666666666666675,1.0723404255319147,True,6,correct,1,TWO HUNDRED TWENTY TWO MILLION TWO HUNDRED TWENTY TWO THOUSAND TWO HUNDRED TWENTY TWO
qwen17b,nm_n10,0,numbers,n10,2,2,7,one,7,2.72,2,0.06718392670154572,0.005655532702803612,0.07354166666666667,0.19909191131591797,34,False,2,2.7733333333333334,0.9807692307692308,True,2,correct,1,ONE HUNDRED ELEVEN THOUSAND ONE HUNDRED ELEVEN
qwen17b,nm_n10,1,numbers,n10,2,2,7,one,7,2.56,2,0.0630844458937645,0.01168382354080677,0.08283333333333333,0.27936774492263794,32,False,2,2.7733333333333334,0.923076923076923,True,2,correct,1,ONE HUNDRED ELEVEN THOUSAND ONE HUNDRED ELEVEN
qwen17b,nm_n10,2,numbers,n10,2,2,7,one,7,3.04,2,0.06494086980819702,0.006111979950219393,0.08895833333333333,0.2878034710884094,38,False,2,2.7733333333333334,1.096153846153846,True,2,correct,1,ONE HUNDRED ELEVEN THOUSAND ONE HUNDRED ELEVEN
qwen17b,sr_s1_k01,0,sentence_rep,s1,1,1,4,bell,4,1.84,1,0.060448404401540756,0.010765877552330494,0.057541666666666665,0.17464128136634827,23,False,1,1.7822222222222244,1.0324189526184526,True,1,correct,1,THE BELL RANG TWICE
qwen17b,sr_s1_k01,1,sentence_rep,s1,1,1,4,bell,4,1.84,1,0.07586748152971268,0.028759339824318886,0.08204166666666667,0.18434260785579681,23,False,1,1.7822222222222244,1.0324189526184526,True,1,correct,1,THE BELL RANG TWICE
qwen17b,sr_s1_k01,2,sentence_rep,s1,1,1,4,bell,4,1.84,1,0.06256631016731262,0.01868469826877117,0.11758333333333333,0.14082208275794983,23,False,1,1.7822222222222244,1.0324189526184526,True,1,correct,1,THE BELL RANG TWICE
qwen17b,sr_s1_k02,0,sentence_rep,s1,2,2,8,bell,8,3.68,2,0.08491208404302597,0.021802349016070366,0.17625,0.40093478560447693,46,False,2,3.7422222222222237,0.9833729216152015,True,2,correct,1,THE BELL RANG TWICE THE BELL RANG TWICE
qwen17b,sr_s1_k02,1,sentence_rep,s1,2,2,8,bell,8,3.68,2,0.06982748955488205,0.03728574141860008,4.1666666666666665e-05,0.358719140291214,46,False,2,3.7422222222222237,0.9833729216152015,True,2,correct,1,THE BELL RANG TWICE THE BELL RANG TWICE
qwen17b,sr_s1_k02,2,sentence_rep,s1,2,2,8,bell,8,3.52,2,0.08272551000118256,0.019584937021136284,0.09358333333333334,0.4389295279979706,44,False,2,3.7422222222222237,0.9406175771971493,True,2,correct,1,THE BELL RANG TWICE THE BELL RANG TWICE
qwen17b,sr_s1_k03,0,sentence_rep,s1,3,3,12,bell,12,6.0,3,0.06672808527946472,0.023967387154698372,0.059375,0.1955704689025879,75,False,3,5.702222222222223,1.0522213561964147,True,3,correct,1,THE BELL RANG TWICE THE BELL RANG TWICE THE BELL RANG TWICE
qwen17b,sr_s1_k03,1,sentence_rep,s1,3,3,12,bell,12,5.44,3,0.07904484122991562,0.032607488334178925,0.101375,0.3099227547645569,68,False,3,5.702222222222223,0.9540140296180826,True,3,correct,1,THE BELL RANG TWICE THE BELL RANG TWICE THE BELL RANG TWICE
qwen17b,sr_s1_k03,2,sentence_rep,s1,3,3,12,bell,12,5.84,3,0.061594750732183456,0.022763384506106377,0.21654166666666666,0.4897896647453308,73,False,3,5.702222222222223,1.0241621200311768,True,3,correct,1,THE BELL RANG TWICE THE BELL RANG TWICE THE BELL RANG TWICE
qwen17b,sr_s1_k04,0,sentence_rep,s1,4,4,16,bell,16,6.96,4,0.07523735612630844,0.022634325549006462,0.2725416666666667,0.33250561356544495,87,False,4,7.662222222222222,0.9083526682134572,True,4,correct,1,THE BELL RANG TWICE THE BELL RANG TWICE THE BELL RANG TWICE THE BELL RANG TWICE
qwen17b,sr_s1_k04,1,sentence_rep,s1,4,4,16,bell,16,6.88,4,0.0816735029220581,0.027814699336886406,0.19358333333333333,0.21329393982887268,86,False,4,7.662222222222222,0.8979118329466358,True,4,correct,1,THE BELL RANG TWICE THE BELL RANG TWICE THE BELL RANG TWICE THE BELL RANG TWICE
qwen17b,sr_s1_k04,2,sentence_rep,s1,4,4,16,bell,16,7.44,4,0.06869815289974213,0.02176808752119541,0.07120833333333333,0.4211384057998657,93,False,4,7.662222222222222,0.9709976798143852,True,4,correct,1,THE BELL RANG TWICE THE BELL RANG TWICE THE BELL RANG TWICE THE BELL RANG TWICE
qwen17b,sr_s1_k06,0,sentence_rep,s1,6,6,24,bell,24,11.84,6,0.06553267687559128,0.026926159858703613,0.122,0.4279337227344513,148,False,6,11.58222222222222,1.022256331542594,True,6,correct,1,THE BELL RANG TWICE THE BELL RANG TWICE THE BELL RANG TWICE THE BELL RANG TWICE THE BELL RANG TWICE THE BELL RANG TWICE
qwen17b,sr_s1_k06,1,sentence_rep,s1,6,6,24,bell,24,11.2,6,0.07162187993526459,0.02897656336426735,0.03866666666666667,0.4345562756061554,140,False,6,11.58222222222222,0.9669992325402917,True,6,correct,1,THE BELL RANG TWICE THE BELL RANG TWICE THE BELL RANG TWICE THE BELL RANG TWICE THE BELL RANG TWICE THE BELL RANG TWICE
qwen17b,sr_s1_k06,2,sentence_rep,s1,6,6,24,bell,24,11.6,6,0.06066993251442909,0.02571221813559532,0.005541666666666667,0.7020109295845032,145,False,6,11.58222222222222,1.0015349194167307,True,6,correct,1,THE BELL RANG TWICE THE BELL RANG TWICE THE BELL RANG TWICE THE BELL RANG TWICE THE BELL RANG TWICE THE BELL RANG TWICE
qwen17b,sr_s1_k08,0,sentence_rep,s1,8,8,32,bell,32,13.36,8,0.05965910479426384,0.024618402123451233,0.10795833333333334,0.3007189929485321,167,False,7,15.502222222222219,0.8618119266055048,True,8,correct,1,THE BELL RANG TWICE THE BELL RANG TWICE THE BELL RANG TWICE THE BELL RANG TWICE THE BELL RANG TWICE THE BELL RANG TWICE THE BELL RANG TWICE THE BELL RANG TWICE
qwen17b,sr_s1_k08,1,sentence_rep,s1,8,8,32,bell,28,13.68,7,0.07816842943429947,0.029486000537872314,0.17604166666666668,0.39150261878967285,171,False,7,15.502222222222219,0.8824541284403672,True,7,undercount,0,THE BELL RANG TWICE THE BELL RANG TWICE THE BELL RANG TWICE THE BELL RANG TWICE THE BELL RANG TWICE THE BELL RANG TWICE THE BELL RANG TWICE
qwen17b,sr_s1_k08,2,sentence_rep,s1,8,8,32,bell,32,13.44,8,0.06635861843824387,0.016118988394737244,0.016041666666666666,0.2193121463060379,168,False,7,15.502222222222219,0.8669724770642203,True,8,correct,1,THE BELL RANG TWICE THE BELL RANG TWICE THE BELL RANG TWICE THE BELL RANG TWICE THE BELL RANG TWICE THE BELL RANG TWICE THE BELL RANG TWICE THE BELL RANG TWICE
qwen17b,sr_s1_k12,0,sentence_rep,s1,12,12,48,bell,48,12.8,12,0.09311337769031525,0.017181824892759323,0.09929166666666667,0.4141266644001007,160,False,7,23.34222222222222,0.5483625285605485,False,12,truncation,0,THE BELL RANG TWICE THE BELL RANG TWICE THE BELL RANG TWICE THE BELL RANG TWICE THE BELL RANG TWICE THE BELL RANG TWICE THE BELL RANG TWCE THE BELL RANG TWICE THE BELL RANG TWICE THE BELL RANG TWICE THE BELL RANG TWICE THE BELL RANG TWICE
qwen17b,sr_s1_k12,1,sentence_rep,s1,12,12,48,bell,44,15.52,11,0.08246414363384247,0.021812140941619873,0.3195,0.3027293086051941,194,False,8,23.34222222222222,0.664889565879665,False,11,truncation,0,THE BELL RANG TWICE THE BELL RANG TWICE THE BELL RANG TWICE THE BELL RANG TWICE THE BELL RANG TWICE THE BELL RANG TWICE THE BELL RANG TWICE THE BELL RANG TWICE THE BELL RANG TWICE THE BELL RANG TWICE THE BELL RANG TWICE
qwen17b,sr_s1_k12,2,sentence_rep,s1,12,12,48,bell,44,19.04,11,0.09129776805639267,0.03164651244878769,0.7777083333333333,0.5590455532073975,238,False,10,23.34222222222222,0.8156892612338158,True,11,undercount,0,THE BELL RANG TWICE THE BELL RANG TWICE THE BELL RANG TWICE THE BELL RANG TWICE THE BELL RANG TWICE THE BELL RANG TWICE THE BELL RANG TWICE THE BELL RANG TWICE THE BELL RANG TWICE THE BELL RANG TWICE THE BELL RANG TWICE
qwen17b,sr_s1_k16,0,sentence_rep,s1,16,16,64,bell,64,23.76,16,0.0905238687992096,0.02185348980128765,0.169375,0.3703438341617584,297,False,12,31.182222222222215,0.7619726339794757,False,16,correct,1,THE BELL RANG TWICE THE BELL RANG TWICE THE BELL RANG TWICE THE BELL RANG TWICE THE BELL RANG TWICE THE BELL RANG TWICE THE BELL RANG TWICE THE BELL RANG TWICE THE BELL RANG TWICE THE BELL RANG TWICE THE BELL RANG TWICE THE BELL RANG TWICE THE BELL RANG TWICE THE BELL RANG TWICE THE BELL RANG TWICE THE BELL RANG TWICE
qwen17b,sr_s1_k16,1,sentence_rep,s1,16,16,64,bell,61,28.96,15,0.11447702348232269,0.028851928189396858,0.27658333333333335,0.49025821685791016,362,False,15,31.182222222222215,0.9287343215507414,True,15,undercount,0,THE BELL RANG TWICE THE BELL RANG TWICE THE BELL RANG TWICE THE BELL RANG TWICE THE BELL RANG TWICE THE BELL RANG TWICE THE BELL RANG TWICE THE BELL RANG TWICE THE BELL RANG TWICE THE BELL RANG TWICE THE BELL RANG TWICE THE BELL RANG TWICE THE BELL RANG TWICE ICE THE BELL RANG TWICE THE BELL RANG TWICE
qwen17b,sr_s1_k16,2,sentence_rep,s1,16,16,64,bell,60,24.0,15,0.10028909891843796,0.030775947496294975,0.3451666666666667,0.7285716533660889,300,False,12,31.182222222222215,0.7696693272519957,False,15,undercount,0,THE BELL RANG TWICE THE BELL RANG TWICE THE BELL RANG TWICE THE BELL RANG TWICE THE BELL RANG TWICE THE BELL RANG TWICE THE BELL RANG TWICE THE BELL RANG TWICE THE BELL RANG TWICE THE BELL RANG TWICE THE BELL RANG TWICE THE BELL RANG TWICE THE BELL RANG TWICE THE BELL RANG TWICE THE BELL RANG TWICE
qwen17b,sr_s2_k01,0,sentence_rep,s2,1,1,4,stones,4,1.44,1,0.06015543267130852,0.01669062115252018,0.003916666666666666,0.38694387674331665,18,False,1,1.5466666666666669,0.9310344827586206,True,1,correct,1,HE COUNTED THE STONES
qwen17b,sr_s2_k01,1,sentence_rep,s2,1,1,4,stones,4,1.6,1,0.048277389258146286,0.03845450282096863,0.03525,0.3975682556629181,20,False,1,1.5466666666666669,1.0344827586206895,True,1,correct,1,HE COUNTED THE STONES
qwen17b,sr_s2_k01,2,sentence_rep,s2,1,1,4,stones,4,1.76,1,0.05254000425338745,0.03298887237906456,0.021625,0.23944000899791718,22,False,1,1.5466666666666669,1.1379310344827585,True,1,correct,1,HE COUNTED THE STONES
qwen17b,sr_s2_k02,0,sentence_rep,s2,2,2,8,stones,8,3.2,2,0.054785799235105515,0.018586857244372368,0.032,0.30810603499412537,40,False,2,3.3599999999999994,0.9523809523809526,True,2,correct,1,HE COUNTED THE STONES HE COUNTED THE STONES
qwen17b,sr_s2_k02,1,sentence_rep,s2,2,2,8,stones,8,3.04,2,0.05302833020687103,0.028511451557278633,0.042125,0.46639516949653625,38,False,2,3.3599999999999994,0.9047619047619049,True,2,correct,1,HE COUNTED THE STONES HE COUNTED THE STONES
qwen17b,sr_s2_k02,2,sentence_rep,s2,2,2,8,stones,8,3.52,2,0.055590979754924774,0.0323081873357296,0.08233333333333333,0.3750610053539276,44,False,2,3.3599999999999994,1.047619047619048,True,2,correct,1,HE COUNTED THE STONES HE COUNTED THE STONES
qwen17b,sr_s2_k03,0,sentence_rep,s2,3,3,12,stones,12,5.44,3,0.047099728137254715,0.02388633042573929,0.036833333333333336,0.4432791769504547,68,False,3,5.173333333333332,1.0515463917525776,True,3,correct,1,HE COUNTED THE STONES HE COUNTED THE STONES HE COUNTED THE STONES
qwen17b,sr_s2_k03,1,sentence_rep,s2,3,3,12,stones,12,4.8,3,0.04827398806810379,0.03527242690324783,0.06991666666666667,0.43326452374458313,60,False,3,5.173333333333332,0.927835051546392,True,3,correct,1,HE COUNTED THE STONES HE COUNTED THE STONES HE COUNTED THE STONES
qwen17b,sr_s2_k03,2,sentence_rep,s2,3,3,12,stones,12,5.44,3,0.04783501476049423,0.030537180602550507,0.0002916666666666667,0.35541561245918274,68,False,3,5.173333333333332,1.0515463917525776,True,3,correct,1,HE COUNTED THE STONES HE COUNTED THE STONES HE COUNTED THE STONES
qwen17b,sr_s2_k04,0,sentence_rep,s2,4,4,16,stones,16,6.72,4,0.050295501947402954,0.02170095220208168,0.0965,0.34592434763908386,84,False,4,6.986666666666665,0.9618320610687026,True,4,correct,1,HE COUNTED THE STONES HE COUNTED THE STONES HE COUNTED THE STONES HE COUNTED THE STONES
qwen17b,sr_s2_k04,1,sentence_rep,s2,4,4,16,stones,16,6.0,4,0.053325723856687546,0.028514700010418892,0.07,0.23606951534748077,75,False,3,6.986666666666665,0.8587786259541987,True,4,correct,1,HE COUNTED THE STONES HE COUNTED THE STONES HE COUNTED THE STONES HE COUNTED THE STONES
qwen17b,sr_s2_k04,2,sentence_rep,s2,4,4,16,stones,16,6.8,4,0.050354763865470886,0.029523981735110283,0.09395833333333334,0.48956647515296936,85,False,4,6.986666666666665,0.9732824427480918,True,4,correct,1,HE COUNTED THE STONES HE COUNTED THE STONES HE COUNTED THE STONES HE COUNTED THE STONES
qwen17b,sr_s2_k06,0,sentence_rep,s2,6,6,24,stones,24,9.68,6,0.04928826540708542,0.02491070330142975,0.034833333333333334,0.23949982225894928,121,False,5,10.61333333333333,0.9120603015075379,True,6,correct,1,HE COUNTED THE STONES HE COUNTED THE STONES HE COUNTED THE STONES HE COUNTED THE STONES HE COUNTED THE STONES HE COUNTED THE STONES
qwen17b,sr_s2_k06,1,sentence_rep,s2,6,6,24,stones,24,9.6,6,0.04038080945611,0.02852007746696472,0.10229166666666667,0.3519461452960968,120,False,5,10.61333333333333,0.9045226130653269,True,6,correct,1,HE COUNTED THE STONES HE COUNTED THE STONES HE COUNTED THE STONES HE COUNTED THE STONES HE COUNTED THE STONES HE COUNTED THE STONES
qwen17b,sr_s2_k06,2,sentence_rep,s2,6,6,24,stones,24,9.36,6,0.05758628249168396,0.028728676959872246,0.04775,0.565910279750824,117,False,5,10.61333333333333,0.8819095477386937,True,6,correct,1,HE COUNTED THE STONES HE COUNTED THE STONES HE COUNTED THE STONES HE COUNTED THE STONES HE COUNTED THE STONES HE COUNTED THE STONES
qwen17b,sr_s2_k08,0,sentence_rep,s2,8,8,32,stones,28,11.36,7,0.049888014793395996,0.02572043240070343,0.15366666666666667,0.4644302725791931,142,False,6,14.239999999999995,0.7977528089887643,True,7,undercount,0,HE COUNTED THE STONES HE COUNTED THE STONES HE COUNTED THE STONES HE COUNTED THE STONES HE COUNTED THE STONES HE COUNTED THE STONES HE COUNTED THE STONES
qwen17b,sr_s2_k08,1,sentence_rep,s2,8,8,32,stones,28,10.88,7,0.051564861088991165,0.026505617424845695,0.23895833333333333,0.37487220764160156,136,False,6,14.239999999999995,0.764044943820225,True,7,undercount,0,HE COUNTED THE STONES HE COUNTED THE STONES HE COUNTED THE STONES HE COUNTED THE STONES HE COUNTED THE STONES HE COUNTED THE STONES HE COUNTED THE STONES
qwen17b,sr_s2_k08,2,sentence_rep,s2,8,8,32,stones,28,11.68,7,0.057784926146268845,0.02640148252248764,0.19716666666666666,0.47630879282951355,146,False,7,14.239999999999995,0.8202247191011238,True,7,undercount,0,HE COUNTED THE STONES HE COUNTED THE STONES HE COUNTED THE STONES HE COUNTED THE STONES HE COUNTED THE STONES HE COUNTED THE STONES HE COUNTED THE STONES
qwen17b,sr_s2_k12,0,sentence_rep,s2,12,12,48,stones,48,17.92,12,0.04107748344540596,0.02658340521156788,0.072375,0.32130327820777893,224,False,10,21.493333333333325,0.8337468982630277,False,12,correct,1,HE COUNTED THE STONES HE COUNTED THE STONES HE COUNTED THE STONES HE COUNTED THE STONES HE COUNTED THE STONES HE COUNTED THE STONES HE COUNTED THE STONES HE COUNTED THE STONES HE COUNTED THE STONES HE COUNTED THE STONES HE COUNTED THE STONES HE COUNTED THE STONES
qwen17b,sr_s2_k12,1,sentence_rep,s2,12,12,48,stones,44,14.08,11,0.05227704346179962,0.025856200605630875,0.23041666666666666,0.33131369948387146,176,False,8,21.493333333333325,0.655086848635236,False,11,truncation,0,HE COUNTED THE STONES HE COUNTED THE STONES HE COUNTED THE STONES HE COUNTED THE STONES HE COUNTED THE STONES HE COUNTED THE STONES HE COUNTED THE STONES HE COUNTED THE STONES HE COUNTED THE STONES HE COUNTED THE STONES HE COUNTED THE STONES
qwen17b,sr_s2_k12,2,sentence_rep,s2,12,12,48,stones,48,15.92,12,0.05756833031773567,0.02283203974366188,0.035458333333333335,0.4290718138217926,199,False,9,21.493333333333325,0.7406947890818861,False,12,correct,1,HE COUNTED THE STONES HE COUNTED THE STONES HE COUNTED THE STONES HE COUNTED THE STONES HE COUNTED THE STONES HE COUNTED THE STONES HE COUNTED THE STONES HE COUNTED THE STONES HE COUNTED THE STONES HE COUNTED THE STONES HE COUNTED THE STONES HE COUNTED THE STONES
qwen17b,sr_s2_k16,0,sentence_rep,s2,16,16,64,stones,60,23.84,15,0.059819210320711136,0.027286697179079056,0.026125,0.49861854314804077,298,False,13,28.746666666666655,0.8293135435992582,True,15,undercount,0,HE COUNTED THE STONES HE COUNTED THE STONES HE COUNTED THE STONES HE COUNTED THE STONES HE COUNTED THE STONES HE COUNTED THE STONES HE COUNTED THE STONES HE COUNTED THE STONES HE COUNTED THE STONES HE COUNTED THE STONES HE COUNTED THE STONES HE COUNTED THE STONES HE COUNTED THE STONES HE COUNTED THE STONES HE COUNTED THE STONES
qwen17b,sr_s2_k16,1,sentence_rep,s2,16,16,64,stones,64,21.04,16,0.05329388007521629,0.026957711204886436,0.08316666666666667,0.3570387661457062,263,False,12,28.746666666666655,0.7319109461966607,False,16,correct,1,HE COUNTED THE STONES HE COUNTED THE STONES HE COUNTED THE STONES HE COUNTED THE STONES HE COUNTED THE STONES HE COUNTED THE STONES HE COUNTED THE STONES HE COUNTED THE STONES HE COUNTED THE STONES HE COUNTED THE STONES HE COUNTED THE STONES HE COUNTED THE STONES HE COUNTED THE STONES HE COUNTED THE STONES HE COUNTED THE STONES HE COUNTED THE STONES
qwen17b,sr_s2_k16,2,sentence_rep,s2,16,16,64,stones,72,20.96,18,0.056166600435972214,0.019362572580575943,0.07695833333333334,0.2573372423648834,262,False,12,28.746666666666655,0.7291280148423008,False,18,overcount,0,HE COUNTED THE STONES HE COUNTED THE STONES HE COUNTED THE STONES HE COUNTED THE STONES HE COUNTED THE STONES HE COUNTED THE STONES HE COUNTED THE STONES HE COUNTED THE STONES HE COUNTED THE STONES HE COUNTED THE STONES HE COUNTED THE STONES HE COUNTED THE STONES HE COUNTED THE STONES HE COUNTED THE STONES HE COUNTED THE STONES HE COUNTED THE STONES HE COUNTED THE STONES HE COUNTED THE STONES
qwen17b,sr_s3_k01,0,sentence_rep,s3,1,1,5,rain,5,2.32,1,0.06840154528617859,0.04783165082335472,0.15591666666666668,0.34294408559799194,29,False,1,2.093333333333334,1.1082802547770696,True,1,correct,1,RAIN FELL ON THE ROOF
qwen17b,sr_s3_k01,1,sentence_rep,s3,1,1,5,rain,5,1.6,1,0.0710192397236824,0.0398331955075264,0.017416666666666667,0.2645706534385681,20,False,1,2.093333333333334,0.7643312101910825,True,1,correct,1,RAIN FELL ON THE ROOF
qwen17b,sr_s3_k01,2,sentence_rep,s3,1,1,5,rain,5,2.16,1,0.06204104423522949,0.03830735385417938,0.07275,0.21641381084918976,27,False,1,2.093333333333334,1.0318471337579616,True,1,correct,1,RAIN FELL ON THE ROOF
qwen17b,sr_s3_k02,0,sentence_rep,s3,2,2,10,rain,10,4.4,2,0.07205777615308762,0.05179477855563164,0.221625,0.4494902789592743,55,False,2,4.1066666666666665,1.0714285714285716,True,2,correct,1,RAIN FELL ON THE ROOF RAIN FELL ON THE ROOF
qwen17b,sr_s3_k02,1,sentence_rep,s3,2,2,10,rain,10,3.84,2,0.06418482214212418,0.043041277676820755,0.05275,0.4024020731449127,48,False,2,4.1066666666666665,0.935064935064935,True,2,correct,1,RAIN FELL ON THE ROOF RAIN FELL ON THE ROOF
qwen17b,sr_s3_k02,2,sentence_rep,s3,2,2,10,rain,10,4.48,2,0.06650017946958542,0.038601551204919815,0.00075,0.4232931435108185,56,False,2,4.1066666666666665,1.090909090909091,True,2,correct,1,RAIN FELL ON THE ROOF RAIN FELL ON THE ROOF
qwen17b,sr_s3_k03,0,sentence_rep,s3,3,3,15,rain,15,5.92,3,0.07458779960870743,0.04102586209774017,0.073375,0.3347834646701813,74,False,3,6.119999999999999,0.9673202614379086,True,3,correct,1,RAIN FELL ON THE ROOF RAIN FELL ON THE ROOF RAIN FELL ON THE ROOF
qwen17b,sr_s3_k03,1,sentence_rep,s3,3,3,15,rain,15,5.76,3,0.08213962614536285,0.04033687710762024,0.11691666666666667,0.5577279925346375,72,False,3,6.119999999999999,0.9411764705882354,True,3,correct,1,RAIN FELL ON THE ROOF RAIN FELL ON THE ROOF RAIN FELL ON THE ROOF
qwen17b,sr_s3_k03,2,sentence_rep,s3,3,3,15,rain,15,6.48,3,0.07320442795753479,0.03760303929448128,0.086875,0.330864280462265,81,False,3,6.119999999999999,1.058823529411765,True,3,correct,1,RAIN FELL ON THE ROOF RAIN FELL ON THE ROOF RAIN FELL ON THE ROOF
qwen17b,sr_s3_k04,0,sentence_rep,s3,4,4,20,rain,15,6.64,3,0.05628841370344162,0.05608418211340904,0.5872916666666667,0.3371286392211914,83,False,3,8.133333333333331,0.816393442622951,True,3,undercount,0,RAIN FELL ON THE ROOF RAIN FELL ON THE ROOF RAIN FELL ON THE ROOF
qwen17b,sr_s3_k04,1,sentence_rep,s3,4,4,20,rain,20,7.28,4,0.0566754974424839,0.03848201781511307,0.08254166666666667,0.4137730002403259,91,False,4,8.133333333333331,0.8950819672131151,True,4,correct,1,RAIN FELL ON THE ROOF RAIN FELL ON THE ROOF RAIN FELL ON THE ROOF RAIN FELL ON THE ROOF
qwen17b,sr_s3_k04,2,sentence_rep,s3,4,4,20,rain,20,8.56,4,0.05846202373504639,0.042048126459121704,0.07916666666666666,0.41074052453041077,107,False,4,8.133333333333331,1.052459016393443,True,4,correct,1,RAIN FELL ON THE ROOF RAIN FELL ON THE ROOF RAIN FELL ON THE ROOF RAIN FELL ON THE ROOF
qwen17b,sr_s3_k06,0,sentence_rep,s3,6,6,30,rain,30,10.56,6,0.06306195259094238,0.0340469665825367,0.056,0.4442548155784607,132,False,5,12.159999999999997,0.8684210526315792,True,6,correct,1,RAIN FELL ON THE ROOF RAIN FELL ON THE ROOF RAIN FELL ON THE ROOF RAIN FELL ON THE ROOF RAIN FELL ON THE ROOF RAIN FELL ON THE ROOF
qwen17b,sr_s3_k06,1,sentence_rep,s3,6,6,30,rain,30,11.2,6,0.07089272886514664,0.03552309796214104,0.03025,0.6693723201751709,140,False,6,12.159999999999997,0.9210526315789476,True,6,correct,1,RAIN FELL ON THE ROOF RAIN FELL ON THE ROOF RAIN FELL ON THE ROOF RAIN FLL ON THE ROOF RAIN FELL ON THE ROOF RAIN FELL ON THE ROOF
qwen17b,sr_s3_k06,2,sentence_rep,s3,6,6,30,rain,30,12.32,6,0.05961468443274498,0.03665123134851456,0.11175,0.3611055910587311,154,False,6,12.159999999999997,1.0131578947368425,True,6,correct,1,RAIN FELL ON THE ROOF RAIN FELL ON THE ROOF RAIN FELL ON THE ROOF RAIN FELL ON THE ROOF RAIN FELL ON THE ROOF RAIN FELL ON THE ROOF
qwen17b,sr_s3_k08,0,sentence_rep,s3,8,8,40,rain,35,13.52,7,0.06300719082355499,0.04021494835615158,0.29725,0.4282165467739105,169,False,7,16.18666666666666,0.8352553542009887,True,7,undercount,0,RAIN FELL ON THE ROOF RAIN FELL ON THE ROOF RAIN FELL ON THE ROOF RAIN FELL ON THE ROOF RAIN FELL ON THE ROOF RAIN FELL ON THE ROOF RAIN FELL ON THE ROOF
qwen17b,sr_s3_k08,1,sentence_rep,s3,8,8,40,rain,40,14.08,8,0.06035768240690231,0.026937659829854965,0.15916666666666668,0.2911047041416168,176,False,7,16.18666666666666,0.8698517298187812,True,8,correct,1,RAIN FELL ON THE ROOF RAIN FELL ON THE ROOF RAIN FELL ON THE ROOF RAIN FELL ON THE ROOF RAIN FELL ON THE ROOF RAIN FELL ON THE ROOF RAIN FELL ON THE ROOF RAIN FELL ON THE ROOF
qwen17b,sr_s3_k08,2,sentence_rep,s3,8,8,40,rain,35,16.16,7,0.06774657219648361,0.02703285776078701,0.31483333333333335,0.5426260828971863,202,False,8,16.18666666666666,0.9983525535420102,True,7,undercount,0,RAIN FELL ON THE ROOFS RAIN FELL ON THE ROOF RAIN FELL ON THE ROOF RAIN FELL ON THE ROOFS RAIN FELL ON THE ROOF RAIN FELL ON THE ROOF RAIN FELL ON THE ROOF
qwen17b,sr_s3_k12,0,sentence_rep,s3,12,12,60,rain,55,22.56,11,0.06832635402679443,0.038910720497369766,0.287,0.5671851634979248,282,False,11,24.23999999999999,0.930693069306931,True,11,undercount,0,RAIN FELL ON THE ROF RAIN FELL ON THE ROOF RAIN FELL ON THE ROOF RAIN FELL ON THE ROOF RAIN FELL ON THE ROOF RAIN FELL ON THE ROOF RAIN FELL ON THE ROOF RAIN FELL ON THE ROOF RAIN FELL ON THE ROOF RAIN FELL ON THE ROOF RAIN FELL ON THE ROOF
qwen17b,sr_s3_k12,1,sentence_rep,s3,12,12,60,rain,60,19.2,12,0.06614362448453903,0.032402876764535904,0.001625,0.5629353523254395,240,False,9,24.23999999999999,0.7920792079207923,False,12,correct,1,RAIN FELL ON THE ROOF RAIN FELL ON THE ROOF RAIN FELL ON THE ROOF RAIN FLL ON THE ROOF RAIN FELL ON THE ROOF RAIN FELL ON THE ROOF RAIN FELL ON THE ROOF RAIN FLL ON THE ROOF RAIN FELL ON THE ROF RAIN FELL ON THE ROOF RAIN FELL ON THE ROOF RAIN FELL ON THE ROOF
qwen17b,sr_s3_k12,2,sentence_rep,s3,12,12,60,rain,60,23.68,12,0.07109609246253967,0.04164126515388489,0.058458333333333334,0.3930138945579529,296,False,12,24.23999999999999,0.9768976897689773,True,12,correct,1,RAIN FELL ON THE ROOF RAIN FELL ON THE ROOF RAIN FELL ON THE ROOF RAIN FELL ON THE ROOF RAIN FELL ON THE ROOF RAIN FELL ON THE ROOF RAIN FELL ON THE ROOF RAIN FELL ON THE ROOF RAIN FELL ON THE ROOF RAIN FELL ON THE ROOF RAIN FELL ON THE ROOF RAIN FELL ON THE ROOF
qwen17b,sr_s3_k16,0,sentence_rep,s3,16,16,80,rain,75,26.56,15,0.07842777669429779,0.026707090437412262,0.24783333333333332,0.3980485498905182,332,False,13,32.29333333333332,0.8224607762180018,True,15,undercount,0,RAIN FELL ON THE ROOF RAIN FELL ON THE ROOF RAIN FELL ON THE ROOF RAIN FELL ON THE ROOF RAIN FELL ON THE ROOF RAIN FELL ON THE ROOF RAIN FELL ON THE ROOF RAIN FELL ON THE ROOF RAIN FELL ON THE ROOF RAIN FELL ON THE ROOF RAIN FLL ON THE ROOF RAIN FELL ON THE ROOF RAIN FELL ON THE ROOF RAIN FELL ON THE ROOF RAIN FELL ON THE ROOF
qwen17b,sr_s3_k16,1,sentence_rep,s3,16,16,80,rain,75,31.28,15,0.07354950904846191,0.040121909230947495,0.3495,0.6847227811813354,391,False,15,32.29333333333332,0.9686209744013216,True,15,undercount,0,RAIN FELL ON THE ROOF RAIN FELL ON THE ROOF RAIN FELL ON THE ROOF RAIN FELL ON THE ROOF RAIN FELL ON THE ROOF RAIN FELL ON THE ROOF RAIN FELL ON THE ROOF RAIN FELL ON THE ROOF RAIN FELL ON THE ROOF RAIN FELL ON THE ROOF RAIN FELL ON THE ROOF RAIN FELL ON THE ROOF RAIN FELL ON THE ROOF RAIN FELL ON THE ROOF RAIN FELL ON THE ROOF
qwen17b,sr_s3_k16,2,sentence_rep,s3,16,16,80,rain,77,30.08,15,0.06978490203619003,0.04324611276388168,0.31975,0.687298595905304,376,False,15,32.29333333333332,0.9314616019818335,True,15,undercount,0,RAIN FELL ON THE ROOF RAIN FELL ON THE ROOF RAIN FELL ON THE ROOF RAIN FELL ON THE ROOF RAIN FELL ON THE ROOF RAIN FELL ON THE ROOF RAIN FELL ON THE ROOF RAIN FELL ON THE ROOF RAIN FELL ON THE ROOF RAIN FELL ON THE ROOF RAIN FELL ON THE ROOF RAIN FELL ON THE ROOF RAIN F N FELL ON THE ROOF RAIN FELL ON THE ROOF RAIN FELL ON THE ROOF
qwen17b,sr_s4_k01,0,sentence_rep,s4,1,1,4,door,4,1.44,1,0.0782766118645668,0.014336629770696163,0.086875,0.26992905139923096,18,False,1,1.520000000000001,0.947368421052631,True,1,correct,1,THE DOOR STAYED OPEN
qwen17b,sr_s4_k01,1,sentence_rep,s4,1,1,4,door,4,1.68,1,0.08057878166437149,0.024284182116389275,0.06895833333333333,0.3043075203895569,21,False,1,1.520000000000001,1.105263157894736,True,1,correct,1,THE DOOR STAYED OPEN
qwen17b,sr_s4_k01,2,sentence_rep,s4,1,1,4,door,4,1.36,1,0.0570877268910408,0.007160285487771034,0.018916666666666665,0.23939064145088196,17,False,1,1.520000000000001,0.8947368421052627,True,1,correct,1,THE DOOR STAYED OPEN
qwen17b,sr_s4_k02,0,sentence_rep,s4,2,2,8,door,8,3.52,2,0.07781495153903961,0.01889650709927082,0.0055,0.3824385702610016,44,False,2,3.386666666666667,1.0393700787401574,True,2,correct,1,THE DOOR STAYED OPEN THE DOOR STAYED OPEN
qwen17b,sr_s4_k02,1,sentence_rep,s4,2,2,8,door,8,3.6,2,0.07199427485466003,0.028264518827199936,0.0955,0.4208449721336365,45,False,2,3.386666666666667,1.0629921259842519,True,2,correct,1,THE DOOR STAYED OPEN THE DOOR STAYED OPEN
qwen17b,sr_s4_k02,2,sentence_rep,s4,2,2,8,door,8,3.2,2,0.07125119864940643,0.022440314292907715,0.06475,0.326951801776886,40,False,2,3.386666666666667,0.9448818897637794,True,2,correct,1,THE DOOR STAYED OPEN THE DOOR STAYED OPEN
qwen17b,sr_s4_k03,0,sentence_rep,s4,3,3,12,door,12,5.04,3,0.0818115845322609,0.018332231789827347,0.06183333333333333,0.2342909723520279,63,False,3,5.253333333333334,0.9593908629441623,True,3,correct,1,THE DOOR STAYED OPEN THE DOOR STAYED OPEN THE DOOR STAYED OPEN
qwen17b,sr_s4_k03,1,sentence_rep,s4,3,3,12,door,12,6.0,3,0.07946216315031052,0.03044118545949459,0.019416666666666665,0.23960447311401367,75,False,3,5.253333333333334,1.1421319796954315,True,3,correct,1,THE DOOR STAYED OPEN THE DOOR STAYED OPEN THE DOOR STAYED OPEN
qwen17b,sr_s4_k03,2,sentence_rep,s4,3,3,12,door,12,4.64,3,0.07051078975200653,0.022437138482928276,0.13595833333333332,0.23458144068717957,58,False,3,5.253333333333334,0.8832487309644669,True,3,correct,1,THE DOOR STAYED OPEN THE DOOR STAYED OPEN THE DOOR STAYED OPEN
qwen17b,sr_s4_k04,0,sentence_rep,s4,4,4,16,door,16,6.48,4,0.06686259806156158,0.01601249724626541,0.08258333333333333,0.3241858184337616,81,False,4,7.119999999999999,0.9101123595505619,True,4,correct,1,THE DOOR STAYED OPEN THE DOOR STAYED OPEN THE DOOR STAYED OPEN THE DOOR STAYED OPEN
qwen17b,sr_s4_k04,1,sentence_rep,s4,4,4,16,door,16,7.28,4,0.054172370582818985,0.02711380645632744,0.023,0.18520024418830872,91,False,4,7.119999999999999,1.0224719101123596,True,4,correct,1,THE DOOR STAYED OPEN THE DOOR STAYED OPEN THE DOOR STAYED OPEN THE DOOR STAYED OPEN
qwen17b,sr_s4_k04,2,sentence_rep,s4,4,4,16,door,16,6.72,4,0.07346230000257492,0.019562136381864548,0.020666666666666667,0.5246299505233765,84,False,4,7.119999999999999,0.9438202247191012,True,4,correct,1,THE DOOR STAYED OPEN THE DOOR STAYED OPEN THE DOOR STAYED OPEN THE DOOR STAYED OPEN
qwen17b,sr_s4_k06,0,sentence_rep,s4,6,6,24,door,24,9.36,6,0.059909481555223465,0.01557809580117464,0.038375,0.6190460324287415,117,False,5,10.853333333333332,0.8624078624078625,True,6,correct,1,THE DOOR STAYED OPEN THE DOOR STAYED OPEN THE DOOR STAYED OPEN THE DOOR STAYED OPEN THE DOOR STAYED OPEN THE DOOR STAYED OPEN
qwen17b,sr_s4_k06,1,sentence_rep,s4,6,6,24,door,24,14.08,6,0.07182303816080093,0.033462148159742355,0.37716666666666665,0.43650883436203003,176,False,8,10.853333333333332,1.2972972972972976,False,8,correct,1,THE DOOR STAYED OPEN THE DOOR STAYED OPEN THE DOOR STAYED OPEN THE DOOR STAYED OPEN THE DOOR STAYED OPEN THE DOOR STAYED OPEN
qwen17b,sr_s4_k06,2,sentence_rep,s4,6,6,24,door,20,10.32,5,0.07823031395673752,0.01765301264822483,0.43383333333333335,0.5123590230941772,129,False,6,10.853333333333332,0.950859950859951,True,5,undercount,0,THE DOOR STAYED OPEN THE DOOR STAYED OPEN THE DOOR STAYED OPEN THE DOOR STAYED OPEN THE DOOR STAYED OPEN
qwen17b,sr_s4_k08,0,sentence_rep,s4,8,8,32,door,28,12.56,7,0.0742768794298172,0.01610594056546688,0.3859166666666667,0.5905024409294128,157,False,7,14.586666666666664,0.8610603290676418,True,7,undercount,0,THE DOOR STAYED OPEN THE DOOR STAYED OPEN THE DOOR STAYED OPEN THE DOOR STAYED OPEN THE DOOR STAYED OPEN THE DOOR STAYED OPEN THE DOOR STAYED OPEN
qwen17b,sr_s4_k08,1,sentence_rep,s4,8,8,32,door,32,13.92,8,0.05983031913638115,0.020369993522763252,0.16945833333333332,0.5306582450866699,174,False,8,14.586666666666664,0.9542961608775139,True,8,correct,1,THE DOOR STAYED OPEN THE DOOR STAYED OPEN THE DOOR STAYED OPEN THE DOOR STAYED OPEN THE DOOR STAYED OPEN THE DOOR STAYED OPEN THE DOOR STAYED OPEN THE DOOR STAYED OPEN
qwen17b,sr_s4_k08,2,sentence_rep,s4,8,8,32,door,28,13.52,7,0.09562348574399948,0.020514046773314476,0.31495833333333334,0.49567756056785583,169,False,7,14.586666666666664,0.9268738574040221,True,7,undercount,0,THE DOOR STAYED OPEN THE DOOR STAYED OPEN THE DOOR STAYED OPEN THE DOOR STAYED OPEN THE DOOR STAYED OPEN THE DOOR STAYED OPEN THE DOOR STAYED OPEN
qwen17b,sr_s4_k12,0,sentence_rep,s4,12,12,48,door,48,18.32,12,0.0705815851688385,0.016279153525829315,0.09154166666666666,0.7817276120185852,229,False,10,22.05333333333333,0.8307134220072553,False,12,correct,1,THE DOOR STAYED OPEN THE DOOR STAYED OPEN THE DOOR STAYED OPEN THE DOOR STAYED OPEN THE DOOR STAYED OPEN THE DOOR STAYED OPEN THE DOOR STAYED OPEN THE DOOR STAYED OPEN THE DOOR STAYED OPEN THE DOOR STAYED OPEN THE DOOR STAED OPEN THE DOOR STAYED OPEN
qwen17b,sr_s4_k12,1,sentence_rep,s4,12,12,48,door,48,13.84,12,0.08202916383743286,0.01730942912399769,0.05375,0.2942790985107422,173,False,8,22.05333333333333,0.6275695284159614,False,12,truncation,0,THE DOOR STAYED OPEN THE DOOR STAYED OPEN THE DOOR STAYED OPEN THE DOOR STAYED OPEN THE DOOR STAYED OPEN THE DOOR STAYED OPEN THE DOOR STAYED OPEN THE DOOR STAYED OPEN THE DOOR STAED OPEN THE DOOR STAYED OPEN THE DOOR STAYED OPEN THE DOOR STAYED OPEN
qwen17b,sr_s4_k12,2,sentence_rep,s4,12,12,48,door,48,15.36,12,0.09084074199199677,0.010995062999427319,0.035875,0.3018556535243988,192,False,8,22.05333333333333,0.6964933494558646,False,12,truncation,0,THE DOOR STAYED OPEN THE DOOR STAYED OPEN THE DOOR STAED OPEN THE DOOR STAYED OPEN THE DOOR STAYED OPEN THE DOOR STAYED OPEN THE DOOR STAYED OPEN THE DOOR STAYED OPEN THE DOOR STAYED OPEN THE DOOR STAYED OPEN THE DOOR STAYED OPEN THE DOOR STAYED OPEN
qwen17b,sr_s4_k16,0,sentence_rep,s4,16,16,64,door,65,32.0,16,0.0646589919924736,0.022044101729989052,0.07508333333333334,0.46025264263153076,400,False,17,29.519999999999996,1.0840108401084012,True,16,correct,1,THE DOOR STAYED OPEN THE DOOR STAYED OPEN THE DOOR STAYED OPEN THE DOOR STAYED OPEN THE DOOR STAYED OPEN THE DOOR STAYED OPEN THE DOOR STAYED OPEN THE DOOR STAYED OPEN THE DOOR STAED OPEN THE DOOR STAYED OPEN THE DOOR STAYED OPEN THE DOOR STAYED OPEN THE DOOR STAYED OP OPEN THE DOOR STAYED OPEN THE DOOR STAYED OPEN THE DOOR STAYED OPEN
qwen17b,sr_s4_k16,1,sentence_rep,s4,16,16,64,door,56,24.24,14,0.07879185676574707,0.02543512172996998,0.179125,0.41362982988357544,303,False,13,29.519999999999996,0.8211382113821138,True,14,undercount,0,THE DOOR STAYED OPEN THE DOOR STAYED OPEN THE DOOR STAYED OPEN THE DOOR STAYED OPEN THE DOOR STAYED OPEN THE DOOR STAYED OPEN THE DOOR STAYED OPEN THE DOOR STAYED OPEN THE DOOR STAYED OPEN THE DOOR STAYED OPEN THE DOOR STAYED OPEN THE DOOR STAYED OPEN THE DOOR STAYED OPEN THE DOOR STAYED OPEN
qwen17b,sr_s4_k16,2,sentence_rep,s4,16,16,64,door,72,17.52,18,0.08203152567148209,0.01867854967713356,0.1995,0.4550206959247589,219,False,10,29.519999999999996,0.5934959349593497,False,18,overcount,0,THE DOOR STAYED OPEN THE DOOR STAYED OPEN THE DOOR STAYED OPEN THE DOOR STAYED OPEN THE DOOR STAYED OPEN THE DOOR STAYED OPEN THE DOOR STAYED OPEN THE DOOR STAYED OPEN THE DOOR STAED OPEN THE DOOR STAYED OPEN THE DOOR STAYED OPEN THE DOOR STAYED OPEN THE DOOR STAYED OPEN THE DOOR STAYED OPEN THE DOOR STAYED OPEN THE DOOR STAYED OPEN THE DOOR STAYED OPEN THE DOOR STAYED OPEN
qwen17b,tw_w1_k1,0,twisters,w1,1,2,8,sea,8,3.28,2,0.07709788531064987,0.026659922674298286,0.07858333333333334,0.2505037188529968,41,False,1,3.0400000000000014,1.078947368421052,True,2,correct,1,SHE SELLS SEA SHELLS BY THE SEA SHORE
qwen17b,tw_w1_k1,1,twisters,w1,1,2,8,sea,8,2.96,2,0.07082120329141617,0.032395005226135254,0.044125,0.16251686215400696,37,False,1,3.0400000000000014,0.9736842105263154,True,2,correct,1,SHE SELLS SEA SHELLS BY THE SEA SHORE
qwen17b,tw_w1_k1,2,twisters,w1,1,2,8,sea,8,2.88,2,0.07311630249023438,0.018782056868076324,0.03983333333333333,0.1911744326353073,36,False,1,3.0400000000000014,0.9473684210526311,True,2,correct,1,SHE SELLS SEA SHELLS BY THE SEA SHORE
qwen17b,tw_w1_k2,0,twisters,w1,2,4,16,sea,16,6.64,4,0.07011261582374573,0.028391899541020393,0.30320833333333336,0.4214783310890198,83,False,2,6.0533333333333355,1.096916299559471,False,4,correct,1,SHE SELLS SEA SHELLS BY THE SEA SHORE SHE SELLS SEA SHELLS BY THE SEA SHORE
qwen17b,tw_w1_k2,1,twisters,w1,2,4,16,sea,16,6.08,4,0.07434751093387604,0.027758000418543816,0.10591666666666667,0.4035967290401459,76,False,2,6.0533333333333355,1.004405286343612,False,4,correct,1,SHE SELLS SEA SHELLS BY THE SEA SHORE SHE SELLS SEA SHELLS BY THE SEA SHORE
qwen17b,tw_w1_k2,2,twisters,w1,2,4,16,sea,16,5.44,4,0.0588812455534935,0.020320016890764236,0.14883333333333335,0.2031424194574356,68,False,2,6.0533333333333355,0.8986784140969161,False,4,correct,1,SHE SELLS SEA SHELLS BY THE SEA SHORE SHE SELLS SEA SHELLS BY THE SEA SHORE
qwen17b,tw_w1_k4,0,twisters,w1,4,8,32,sea,31,11.68,7,0.06817058473825455,0.025868326425552368,0.07795833333333334,0.2289949357509613,146,False,4,12.080000000000005,0.9668874172185425,False,7,undercount,0,SHE SELLS SEA SHELLS BY THE SEA SHORE SHE SELLS SEA SHELLS BY THE SEA SHORE SHE SELLS SEA SHELLS BY THE SEA SHORE SHE SELLS SEA SHELLS BY THE SEASHORE
qwen17b,tw_w1_k4,1,twisters,w1,4,8,32,sea,30,10.88,6,0.06789346039295197,0.02079969272017479,0.03820833333333333,0.21324090659618378,136,False,4,12.080000000000005,0.9006622516556289,False,6,undercount,0,SHE SELLS SEA SHELLS BY THE SEA SHORE SHE SELLS SEA SHELLS BY THE SEASHORE SHE SELLS SEA SHELLS BY THE SEA SHORE SHE SELLS SEA SHELLS BY THE SEASHORE
qwen17b,tw_w1_k4,2,twisters,w1,4,8,32,sea,32,10.32,8,0.06666802614927292,0.01720089092850685,0.016875,0.15969181060791016,129,False,3,12.080000000000005,0.854304635761589,False,8,correct,1,SHE SELLS SEA SHELLS BY THE SEA SHORE SHE SELLS SEA SHELLS BY THE SEA SHORE SHE SELLS SEA SHELLS BY THE SEA SHORE SHE SELLS SEA SHELLS BY THE SEA SHORE
qwen17b,tw_w2_k1,0,twisters,w2,1,1,8,peck,8,3.92,1,0.055627014487981796,0.028844600543379784,0.18854166666666666,0.19154557585716248,49,False,1,3.6800000000000006,1.0652173913043477,True,1,correct,1,PETER PIPER PICKED A PECK OF PICKLED PEPPERS
qwen17b,tw_w2_k1,1,twisters,w2,1,1,8,peck,8,3.44,1,0.051972221583127975,0.02929389290511608,0.035625,0.2679568827152252,43,False,1,3.6800000000000006,0.934782608695652,True,1,correct,1,PETER PIPER PICKED A PECK OF PICKLED PEPPERS
qwen17b,tw_w2_k1,2,twisters,w2,1,1,8,peck,8,4.32,0,0.04836714640259743,0.029726605862379074,0.211375,0.2987719774246216,54,False,1,3.6800000000000006,1.1739130434782608,True,0,undercount,0,PETER PIPER PICKED A PACK OF PICKLED PEPPERS
qwen17b,tw_w2_k2,0,twisters,w2,2,2,16,peck,16,7.12,2,0.059125687927007675,0.024269629269838333,0.0205,0.3140853941440582,89,False,2,7.120000000000001,0.9999999999999999,True,2,correct,1,PETER PIPER PICKED A PECK OF PICKLED PEPPERS PETER PIPER PICKED A PECK OF PICKLED PEPPERS
qwen17b,tw_w2_k2,1,twisters,w2,2,2,16,peck,16,6.96,1,0.05127428472042084,0.02538241259753704,0.28025,0.21896201372146606,87,False,2,7.120000000000001,0.9775280898876403,True,1,undercount,0,PETER PIPER PICKED A PACK OF PICKLED PEPPERS PETER PIPER PICKED A PECK OF PICKLED PEPPERS
qwen17b,tw_w2_k2,2,twisters,w2,2,2,16,peck,16,7.52,0,0.06184076890349388,0.026250166818499565,0.0605,0.1925320029258728,94,False,2,7.120000000000001,1.0561797752808986,False,2,undercount,0,PETER PIPER PICKED A PACK OF PICKLED PEPPERS PETER PIPER PICKED A PACK OF PICKLED PEPPERS
qwen17b,tw_w2_k4,0,twisters,w2,4,4,32,peck,32,15.36,0,0.04967079311609268,0.023919792845845222,0.23220833333333332,0.23880581557750702,192,False,4,14.0,1.0971428571428572,False,4,undercount,0,PETER PIPER PICKED A PACK OF PICKLED PEPPERS PETER PIPER PICKED A PACK OF PICKLED PEPPERS PETER PIPER PICKED A PACK OF PICKLED PEPPERS PETER PIPER PICKED A PACK OF PICKLED PEPPERS
qwen17b,tw_w2_k4,1,twisters,w2,4,4,32,peck,32,13.04,0,0.04872497543692589,0.032598260790109634,0.21741666666666667,0.24209676682949066,163,False,4,14.0,0.9314285714285714,False,4,undercount,0,PETER PIPER PICKED A PACK OF PICKLED PEPPERS PETER PIPER PICKED A PACK OF PICKLED PEPPERS PETER PIPER PICKED A PACK OF PICKLED PEPPERS PETER PIPER PICKED A PACK OF PICKLED PEPPERS
qwen17b,tw_w2_k4,2,twisters,w2,4,4,32,peck,32,14.08,0,0.05618349090218544,0.023947961628437042,0.06258333333333334,0.16843904554843903,176,False,4,14.0,1.0057142857142858,False,4,undercount,0,PETER PIPER PICKED A PACK OF PICKLED PEPPERS PETER PIPER PICKED A PACK OF PICKLED PEPPERS PETER PIPER PICKED A PACK OF PICKLED PEPPERS PETER PIPER PICKED A PACK OF PICKLED PEPPER
qwen17b,tw_w3_k1,0,twisters,w3,1,1,7,chuck,7,2.4,1,0.08454781025648117,0.016458876430988312,0.10129166666666667,0.22408534586429596,30,False,1,2.506666666666665,0.9574468085106389,True,1,correct,1,HOW MUCH WOOD WOULD A WOODCHUCK CHUCK
qwen17b,tw_w3_k1,1,twisters,w3,1,1,7,chuck,7,2.48,1,0.06302903592586517,0.02407386526465416,0.1165,0.25174206495285034,31,False,1,2.506666666666665,0.9893617021276602,True,1,correct,1,HOW MUCH WOOD WOULD A WOODCHUCK CHUCK
qwen17b,tw_w3_k1,2,twisters,w3,1,1,7,chuck,7,2.64,1,0.07542138546705246,0.02172825112938881,0.044958333333333336,0.2408244013786316,33,False,1,2.506666666666665,1.053191489361703,True,1,correct,1,HOW MUCH WOOD WOULD A WOODCHUCK CHUCK
qwen17b,tw_w3_k2,0,twisters,w3,2,2,14,chuck,15,5.12,3,0.06851773709058762,0.016007695347070694,0.135125,0.2852456271648407,64,False,2,5.1999999999999975,0.9846153846153851,True,3,overcount,0,HOW MUCH WOOD WOULD A WOOD CHUCK CHUCK HOW MUCH WOOD WOULD A WOODCHUCK CHUCK
qwen17b,tw_w3_k2,1,twisters,w3,2,2,14,chuck,14,4.56,2,0.06086939573287964,0.020329471677541733,0.04816666666666667,0.2222781479358673,57,False,2,5.1999999999999975,0.8769230769230772,True,2,correct,1,HOW MUCH WOOD WOULD A WOODCHUCK CHUCK HOW MUCH WOOD WOULD A WOODCHUCK CHUCK
qwen17b,tw_w3_k2,2,twisters,w3,2,2,14,chuck,14,5.84,2,0.059841036796569824,0.01748213917016983,0.04475,0.1877426952123642,73,False,2,5.1999999999999975,1.1230769230769235,True,2,correct,1,HOW MUCH WOOD WOULD A WOODCHUCK CHUCK HOW MUCH WOOD WOULD A WOODCHUCK CHUCK
qwen17b,tw_w3_k4,0,twisters,w3,4,4,28,chuck,28,8.96,4,0.07196364551782608,0.01609198749065399,0.051541666666666666,0.3064081370830536,112,False,3,10.586666666666662,0.8463476070528971,True,4,correct,1,HOW MUCH WOOD WOULD A WOODCHUCK CHUCK HOW MUCH WOOD WOULD A WOODCHUCK CHUCK HOW MUCH WOOD WOULD A WOODCHUCK CHUCK HOW MUCH WOOD WOULD A WOODCHUCK CHUCK
qwen17b,tw_w3_k4,1,twisters,w3,4,4,28,chuck,28,8.8,4,0.06986676156520844,0.02367856167256832,0.020083333333333335,0.2789672911167145,110,False,3,10.586666666666662,0.8312342569269525,True,4,correct,1,HOW MUCH WOOD WOULD A WOODCHUCK CHUCK HOW MUCH WOOD WOULD A WOODCHUCK CHUCK HOW MUCH WOOD WOULD A WOODCHUCK CHUCK HOW MUCH WOOD WOULD A WOODCHUCK CHUCK
qwen17b,tw_w3_k4,2,twisters,w3,4,4,28,chuck,28,10.72,4,0.07711458951234818,0.020632265135645866,0.08445833333333333,0.24311526119709015,134,False,4,10.586666666666662,1.0125944584382875,True,4,correct,1,HOW MUCH WOOD WOULD A WOODCHUCK CHUCK HOW MUCH WOOD WOULD A WOODCHUCK CHUCK HOW MUCH WOOD WOULD A WOODCHUCK CHUCK HOW MUCH WOOD WOULD A WOODCHUCK CHUCK
qwen17b,tw_w4_k1,0,twisters,w4,1,4,8,lorry,8,4.0,0,0.08227798342704773,0.003921729512512684,0.013666666666666667,0.17347069084644318,50,False,1,3.301052631578946,1.2117346938775515,True,0,undercount,0,RED LOURY YELLOW LORY RED LORY YELLOW LORI
qwen17b,tw_w4_k1,1,twisters,w4,1,4,8,lorry,8,3.68,0,0.07078449428081512,0.007191381882876158,0.022833333333333334,0.41587355732917786,46,False,1,3.301052631578946,1.1147959183673475,True,0,undercount,0,RED LORY YELLOW LORI RED LORY YELLOW LORY
qwen17b,tw_w4_k1,2,twisters,w4,1,4,8,lorry,8,5.2,2,0.06897731125354767,0.019486315548419952,0.066,0.3685269057750702,65,False,2,3.301052631578946,1.575255102040817,True,2,undercount,0,RED LAURY YELLOW LOURRY RED LORRY YELLOW LORRY
qwen17b,tw_w4_k2,0,twisters,w4,2,8,16,lorry,16,7.44,0,0.08471712470054626,0.00429683830589056,0.036,0.205645352602005,93,False,2,6.378666666666664,1.1663879598662212,False,2,undercount,0,RED LOURY YELLOW LORY RED LOURY YELLOW LORI RED LOURY YELLOW LOURI RED LOURY YELLOW LORI
qwen17b,tw_w4_k2,1,twisters,w4,2,8,16,lorry,16,7.44,0,0.07882823795080185,0.006796165369451046,0.05525,0.4697100818157196,93,False,2,6.378666666666664,1.1663879598662212,False,2,undercount,0,RED LORY YELLOW LORI RED LORY YELLOW LORY RED LOURY YELLOW LORI RED LORY YELLOW LORY
qwen17b,tw_w4_k2,2,twisters,w4,2,8,16,lorry,16,9.04,0,0.0756835862994194,0.012858080677688122,0.15804166666666666,0.23979945480823517,113,False,3,6.378666666666664,1.417224080267559,False,3,undercount,0,RED LORY YELLOW LORY RED LORY YELLOW LORY RED LORY YELLOW LOURI RED LOURY YELLOW LOURY
qwen17b,tw_w4_k4,0,twisters,w4,4,16,32,lorry,32,15.2,0,0.0824083685874939,0.004959714133292437,0.08995833333333333,0.3944290578365326,190,False,5,12.5338947368421,1.2127116366568131,False,5,undercount,0,RED LORY YELLOW LRI RED LORY YELLOW LURI RED LORI YELLOW LORI RED LORI YELLOW LORI RED LOR YELLOW LORI RED LORI YELLOW LORI RED LORI YELLOW LORY RED LORY YELLOW LORI
qwen17b,tw_w4_k4,1,twisters,w4,4,16,32,lorry,36,17.2,0,0.10079453140497208,0.004310536198318005,0.01675,0.42009174823760986,215,False,6,12.5338947368421,1.3722789572695517,False,6,undercount,0,RED LORY YELLOW LORI RED LORI YELLOW LORI RED LORY YELLOW LORI RED LORI YELLOW LORI RED LORI YELLOW LRI RED LORY YELLOW LRI RED LORY YELLOW LORI RED LORI YELLOW LORI RED LORI YELLOW LORI
qwen17b,tw_w4_k4,2,twisters,w4,4,16,32,lorry,32,13.52,0,0.08348415791988373,0.0018272260203957558,0.30195833333333333,0.4320719540119171,169,False,4,12.5338947368421,1.0786750873421127,False,4,undercount,0,RED LORI YELLOW LORY RED LORI YELLOW LORY RED LORY YELLOW LORI RED LORY YELLOW LORI RED LORY YELLOW LORI RED LORY YELLOW LORI RED LORY YELLOW LORI RED LORY YELLOW LORI
qwen17b,tw_w5_k1,0,twisters,w5,1,2,8,sixth,8,3.84,2,0.06879892200231552,0.022440152242779732,0.024541666666666666,0.4454781711101532,48,False,1,3.959999999999998,0.9696969696969701,True,2,correct,1,THE SIXTH SICK SHAKE SIXTH SHEEP IS SICK
qwen17b,tw_w5_k1,1,twisters,w5,1,2,8,sixth,8,4.08,2,0.05490585044026375,0.0367436520755291,0.18070833333333333,0.2926006615161896,51,False,1,3.959999999999998,1.0303030303030307,True,2,correct,1,THE SIXTH SICK SHAKES SIXTH SHEEP IS SICK
qwen17b,tw_w5_k1,2,twisters,w5,1,2,8,sixth,8,4.24,3,0.05893557891249657,0.03183463588356972,0.15679166666666666,0.382404088973999,53,False,1,3.959999999999998,1.0707070707070712,False,3,overcount,0,THE SIXTH SIX SIXTH SIXTH SHEEP IS SICK
qwen17b,tw_w5_k2,0,twisters,w5,2,4,16,sixth,16,7.2,4,0.05958983674645424,0.02603265456855297,0.075625,0.34393882751464844,90,False,2,7.813333333333332,0.9215017064846418,False,4,correct,1,THE SIXTH SICK SHAKTH SIXTH SHEEP IS SICK THE SIXTH SIX SAXTH SIXTH SHEEP IS SICK
qwen17b,tw_w5_k2,1,twisters,w5,2,4,16,sixth,16,8.48,4,0.061932943761348724,0.034952081739902496,0.22354166666666667,0.17112666368484497,106,False,2,7.813333333333332,1.0853242320819116,False,4,correct,1,THE SIXTH SIK SHES SIXTH SHEEP IS SICK THE SIXTH SHAFE'S SIXTH SHEEP IS SICK
qwen17b,tw_w5_k2,2,twisters,w5,2,4,16,sixth,17,7.76,4,0.05565834790468216,0.029795534908771515,0.04591666666666667,0.17917852103710175,97,False,2,7.813333333333332,0.9931740614334473,False,4,correct,1,THE SIXTH SI SHAKE'S SIXTH SHEEP IS SICK THE SIXTH SIK SHAKE SIXTH SHEEP IS SICK
qwen17b,tw_w5_k4,0,twisters,w5,4,8,32,sixth,30,14.72,7,0.04973446577787399,0.03219141438603401,0.04825,0.18131506443023682,184,False,4,15.519999999999998,0.9484536082474229,False,7,undercount,0,THE SIXTH SICK SHAKE SXT SHEEP IS SICK THE SIXTH SHAKE SIXTH SHEEP IS SICK THE SIXTH SIK SHAKES SIXTH SHEEP IS SICK THE SIXTH SHAKES SIXTH SHEEP IS SICK
qwen17b,tw_w5_k4,1,twisters,w5,4,8,32,sixth,30,12.72,8,0.05400519073009491,0.030946830287575722,0.202625,0.2528578042984009,159,False,3,15.519999999999998,0.8195876288659796,False,8,correct,1,THE SIXTH SIK SHAKES SIXTH SHEEP IS SICK THE SIXTH SHAKES SIXTH SHEEP IS SICK THE SIXTH SAK SHAKES SIXTH SHEEP IS SICK THE SIXTH SHAKES SIXTH SHEEP IS SICK
qwen17b,tw_w5_k4,2,twisters,w5,4,8,32,sixth,32,15.6,9,0.07070030272006989,0.03482210636138916,0.10529166666666667,0.2650879919528961,195,False,4,15.519999999999998,1.005154639175258,False,9,overcount,0,THE SIXTH SIX SHAX SIXTH SHEEP IS SIK THE SIXTH SIXT SHAXT SIXTH SHEEP IS SIK THE SIXTH SIXTH SHAXTH SIXTH SHEEP IS SICK THE SIXTH SIX SHIXT SIXTH SHEEP IS SICK
qwen17b,tw_w6_k1,0,twisters,w6,1,0,5,s,5,3.6,0,0.0616677962243557,0.01857990026473999,0.056916666666666664,0.3744783103466034,45,False,1,3.4933333333333367,1.030534351145037,True,0,correct,1,SIX SLICK SLIM SYCAMORE SAPLINGS
qwen17b,tw_w6_k1,1,twisters,w6,1,0,5,s,5,3.44,0,0.05098382756114006,0.036821018904447556,0.03208333333333333,0.2939784526824951,43,False,1,3.4933333333333367,0.9847328244274799,True,0,correct,1,SIX SLICK SLIM SYCAMORE SAPLINGS
qwen17b,tw_w6_k1,2,twisters,w6,1,0,5,s,5,3.44,0,0.054063037037849426,0.02207554504275322,0.06825,0.2120319902896881,43,False,1,3.4933333333333367,0.9847328244274799,True,0,correct,1,SIX SLICK SLIM SYCAMORE SAPLINGS
qwen17b,tw_w6_k2,0,twisters,w6,2,0,10,s,10,6.16,0,0.05460100620985031,0.017955787479877472,0.09429166666666666,0.23250140249729156,77,False,2,6.320000000000005,0.9746835443037968,False,2,correct,1,SIX SLICK SLIM SYCAMORE SAPLINGS SIX SLICK SLIM SYCAMORE SAPLINGS
qwen17b,tw_w6_k2,1,twisters,w6,2,0,10,s,10,6.8,0,0.06193043664097786,0.02563721127808094,0.07216666666666667,0.15647496283054352,85,False,2,6.320000000000005,1.0759493670886067,False,2,correct,1,SIX SLICK SLIM SICAMORE SAPLINGS SIX SLICK SLIM SYCAMORE SAPLINGS
qwen17b,tw_w6_k2,2,twisters,w6,2,0,10,s,10,6.0,0,0.05159512907266617,0.020401470363140106,0.07808333333333334,0.2801845669746399,75,False,2,6.320000000000005,0.9493670886075942,False,2,correct,1,SIX SLICK SLIM SYCAMORE SAPLINGS SIX SLICK SLIM SYCAMORE SAPLINGS
qwen17b,tw_w6_k4,0,twisters,w6,4,0,20,s,20,11.6,0,0.05807029455900192,0.02422049455344677,0.09404166666666666,0.2921772599220276,145,False,4,11.97333333333334,0.9688195991091308,False,4,correct,1,SIX SLICK SLIM SYCAMORE SAPLINGS SIX SLIC SLIM SYCAMORE SAPLINGS SIX SLICK SLM SYCAMORE SAPLINGS SIX SLICK SLIM SYCAMORE SAPLINGS
qwen17b,tw_w6_k4,1,twisters,w6,4,0,20,s,20,13.12,0,0.05733146890997887,0.02653205767273903,0.17508333333333334,0.19540366530418396,164,False,4,11.97333333333334,1.09576837416481,False,4,correct,1,SIX SLICK SLIM SYCAMORE SAPLINGS SIX SLICK SLIM SYCAMORE SAPLINGS SIX SLICK SLIM SYCAMORE SAPLINGS SIX SLICK SLIM SYCAMORE SAPLINGS
qwen17b,tw_w6_k4,2,twisters,w6,4,0,20,s,20,12.0,0,0.054817765951156616,0.02080647647380829,0.08408333333333333,0.23924973607063293,150,False,4,11.97333333333334,1.0022271714922044,False,4,correct,1,SIX SLICK SLIM SYCAMORE SAPLINGS SIX SLIK SLIM SYCAMORE SAPLINGS SIX SLICK SLIM SYCAMORE SAPLINGS SIX SLICK SLIM SYCAMORE SAPLINGS
qwen17b,tw_w7_k1,0,twisters,w7,1,0,5,fr,5,2.48,0,0.07346059381961823,0.05816572532057762,0.09633333333333334,0.5257373452186584,31,False,1,2.8000000000000007,0.8857142857142855,True,0,correct,1,FRESH FRENCH FRIED FLY FRITTERS
qwen17b,tw_w7_k1,1,twisters,w7,1,0,5,fr,5,3.28,0,0.056047867983579636,0.06848741322755814,0.06825,0.3523601293563843,41,False,1,2.8000000000000007,1.171428571428571,True,0,correct,1,FRESH FRENCH FRIED FLY FRITTERS
qwen17b,tw_w7_k1,2,twisters,w7,1,0,5,fr,5,2.64,0,0.08571117371320724,0.052553314715623856,0.06120833333333333,0.4120286703109741,33,False,1,2.8000000000000007,0.9428571428571426,True,0,correct,1,FRESH FRENCH FRIED FLY FRITTERS
qwen17b,tw_w7_k2,0,twisters,w7,2,0,10,fr,10,5.44,0,0.06131988763809204,0.050776638090610504,0.038125,0.3559734523296356,68,False,2,5.866666666666669,0.927272727272727,False,2,correct,1,FRESH FRENCH FRIED FLY FRITTERS FRESH FRENCH FRIED FLY FRITTERS
qwen17b,tw_w7_k2,1,twisters,w7,2,0,10,fr,10,5.52,0,0.06804630160331726,0.056146711111068726,0.074625,0.36972248554229736,69,False,2,5.866666666666669,0.9409090909090905,False,2,correct,1,FRESH FRENCH FRIED FLY FRITTERS FRESH FRENCH FRIED FLY FRITTERS
qwen17b,tw_w7_k2,2,twisters,w7,2,0,10,fr,10,6.64,0,0.06141532585024834,0.05515703931450844,0.3897083333333333,0.23268817365169525,83,False,2,5.866666666666669,1.1318181818181814,False,2,correct,1,FRESH FRENCH FRIED FLY FRITTERS FRESH FRENCH FRIED FLY FRITTERS
qwen17b,tw_w7_k4,0,twisters,w7,4,0,20,fr,20,10.72,0,0.07868409901857376,0.053768180310726166,0.08354166666666667,0.4500579833984375,134,False,4,12.000000000000004,0.8933333333333331,False,4,correct,1,FRESH FRENCH FRIED FLY FRITTERS FRESH FRENCH FRIED FLY FRITTERS FRESH FRENCH FRIED FLY FRITTERS FRESH FRENCH FRIED FLY FRITTERS
qwen17b,tw_w7_k4,1,twisters,w7,4,0,20,fr,15,9.76,0,0.062593013048172,0.06290867179632187,0.30704166666666666,0.27597957849502563,122,False,3,12.000000000000004,0.813333333333333,False,3,correct,1,FRESH FRENCH FRIED FLY FRITTERS FRESH FRENCH FRIED FLY FRITTERS FRESH FRENCH FRIED FLY FRITTERS
qwen17b,tw_w7_k4,2,twisters,w7,4,0,20,fr,15,8.64,0,0.06242675334215164,0.05197647213935852,0.38033333333333336,0.5101991295814514,108,False,3,12.000000000000004,0.7199999999999999,False,3,correct,1,FRESH FRENCH FRIED FLY FRITTERS FRESH FRENCH FRIED FLY FRITTERS FRESH FRENCH FRIED FLY FRITTERS
qwen17b,tw_w8_k1,0,twisters,w8,1,3,6,rural,6,3.76,3,0.09680356830358505,0.01641741394996643,0.05620833333333333,0.269215852022171,47,False,1,3.973333333333333,0.9463087248322147,False,3,correct,1,TRULY RURAL TRULY RURAL TRULY RURAL
qwen17b,tw_w8_k1,1,twisters,w8,1,3,6,rural,6,3.92,3,0.07797782868146896,0.023635832592844963,0.059833333333333336,0.6039426326751709,49,False,1,3.973333333333333,0.9865771812080537,False,3,correct,1,TRULY RURAL TRULY RURAL TRULY RURAL
qwen17b,tw_w8_k1,2,twisters,w8,1,3,6,rural,6,4.24,3,0.06107163429260254,0.018916809931397438,0.058875,0.5243970155715942,53,False,1,3.973333333333333,1.0671140939597317,False,3,correct,1,TRULY RURAL TRULY RURAL TRULY RURAL
qwen17b,tw_w8_k2,0,twisters,w8,2,6,12,rural,10,6.56,5,0.07114056497812271,0.012813732028007507,0.10941666666666666,0.6761593818664551,82,False,2,7.946666666666666,0.825503355704698,False,5,undercount,0,TRULY RURAL TRULY RURAL TRULY RURAL TRULY RURAL TRULY RURAL
qwen17b,tw_w8_k2,1,twisters,w8,2,6,12,rural,10,5.04,5,0.07175561785697937,0.015299164690077305,4.1666666666666665e-05,0.7078619003295898,63,False,1,7.946666666666666,0.6342281879194631,False,5,truncation,0,TRULY RURAL TRULY RURAL TRULY RURAL TRULY RURAL TRULY RURAL
qwen17b,tw_w8_k2,2,twisters,w8,2,6,12,rural,10,7.68,5,0.06422827392816544,0.02716318517923355,0.5857916666666667,0.38432440161705017,96,False,2,7.946666666666666,0.9664429530201343,False,5,undercount,0,TRULY RURAL TRULY RURAL TRULY RURAL TRULY RURAL TRULY RURAL
qwen17b,tw_w8_k4,0,twisters,w8,4,12,24,rural,22,12.0,11,0.0741765946149826,0.013697049580514431,0.05479166666666667,0.5354815125465393,150,False,3,15.893333333333333,0.7550335570469799,False,11,undercount,0,TRULY RURAL TRULY RURAL TRULY RURAL TRULY RURAL TRULY RURAL TRULY RURAL TRULY RURAL TRULY RURAL TRULY RURAL TRULY RURAL TRULY RURAL
qwen17b,tw_w8_k4,1,twisters,w8,4,12,24,rural,24,12.8,12,0.0881372019648552,0.010322649963200092,0.109125,0.809791088104248,160,False,3,15.893333333333333,0.8053691275167786,False,12,correct,1,TRULY RURAL TRULY RURAL TRULY RURAL TRULY RURAL TRULY RURAL TRULY RURAL TRULY RURAL TRULY RURAL TRULY RURAL TRULY RURAL TRULY RURAL TRULY RURAL
qwen17b,tw_w8_k4,2,twisters,w8,4,12,24,rural,22,13.52,11,0.07511816173791885,0.01596163772046566,0.052708333333333336,0.3526321053504944,169,False,3,15.893333333333333,0.8506711409395973,False,11,undercount,0,TRULY RURAL TRULY RURAL TRULY RURAL TRULY RURAL TRULY RURAL TRULY RURAL TRULY RURAL TRULY RURAL TRULY RURAL TRULY RURAL TRULY RURAL
qwen17b,wr_blue_t4_k01,0,word_rep,t4,1,1,8,blue,8,2.64,1,0.08445940166711807,0.011415738612413406,0.014208333333333333,0.35228073596954346,33,False,1,2.844444444444445,0.9281249999999999,True,1,correct,1,THE LIGHT WAS BLUE BEFORE THE STORM ARRIVE
qwen17b,wr_blue_t4_k01,1,word_rep,t4,1,1,8,blue,8,2.56,1,0.07246661186218262,0.027073748409748077,4.1666666666666665e-05,0.24823814630508423,32,False,0,2.844444444444445,0.8999999999999998,True,1,correct,1,THE LIGHT WAS BLUE BEFORE THE STORM ARRIVED
qwen17b,wr_blue_t4_k01,2,word_rep,t4,1,1,8,blue,8,3.28,1,0.04974615201354027,0.026796167716383934,0.07416666666666667,0.2209014594554901,41,False,2,2.844444444444445,1.1531249999999997,True,1,correct,1,THE LIGHT WAS BLUE BEFORE THE STORM ARRIVED
qwen17b,wr_blue_t4_k02,0,word_rep,t4,2,2,9,blue,9,2.96,2,0.07955881953239441,0.008735175244510174,0.06208333333333333,0.23486877977848053,37,False,1,3.377777777777778,0.876315789473684,True,2,correct,1,THE LIGHT WAS BLUE BLUE BEFORE THE STORM ARRIVED
qwen17b,wr_blue_t4_k02,1,word_rep,t4,2,2,9,blue,9,3.68,2,0.07220136374235153,0.030179884284734726,0.06795833333333333,0.23633824288845062,46,False,3,3.377777777777778,1.0894736842105261,True,2,correct,1,THE LIGHT WAS BLUE BLUE BEFORE THE STORM ARRIVED
qwen17b,wr_blue_t4_k02,2,word_rep,t4,2,2,9,blue,9,3.6,2,0.06267150491476059,0.02463170327246189,0.117375,0.2511727511882782,45,False,2,3.377777777777778,1.0657894736842104,True,2,correct,1,THE LIGHT WAS BLUE BLUE BEFORE THE STORM ARRIVED
qwen17b,wr_blue_t4_k03,0,word_rep,t4,3,3,10,blue,10,3.76,3,0.07258114963769913,0.01908988505601883,0.05616666666666666,0.3491908013820648,47,False,3,3.911111111111111,0.9613636363636363,True,3,correct,1,THE LIGHT WAS BLUE BLUE BLUE BEFORE THE STORM ARRIVED
qwen17b,wr_blue_t4_k03,1,word_rep,t4,3,3,10,blue,10,3.68,3,0.06885416060686111,0.025398891419172287,0.063625,0.16658836603164673,46,False,3,3.911111111111111,0.940909090909091,True,3,correct,1,THE LIGHT WAS BLUE BLUE BLUE BEFORE THE STORM ARRIVED
qwen17b,wr_blue_t4_k03,2,word_rep,t4,3,3,10,blue,10,4.24,3,0.05529864877462387,0.022341828793287277,0.15616666666666668,0.23164191842079163,53,False,4,3.911111111111111,1.0840909090909092,True,3,correct,1,THE LIGHT WAS BLUE BLUE BLUE BEFORE THE STORM ARRIVED
qwen17b,wr_blue_t4_k04,0,word_rep,t4,4,4,11,blue,11,4.08,4,0.08183405548334122,0.01735193282365799,0.226,0.23302805423736572,51,False,3,4.444444444444445,0.9179999999999999,True,4,correct,1,THE LIGHT WAS BLUE BLUE BLUE BLUE BEFORE THE STORM ARRIVED
qwen17b,wr_blue_t4_k04,1,word_rep,t4,4,4,11,blue,11,4.08,4,0.08469726145267487,0.023146113380789757,0.16258333333333333,0.15269628167152405,51,False,3,4.444444444444445,0.9179999999999999,True,4,correct,1,THE LIGHT WAS BLUE BLUE BLUE BLUE BEFORE THE STORM ARRIVED
qwen17b,wr_blue_t4_k04,2,word_rep,t4,4,4,11,blue,11,4.0,4,0.08196072280406952,0.023877080529928207,0.20529166666666668,0.27281785011291504,50,False,3,4.444444444444445,0.8999999999999999,True,4,correct,1,THE LIGHT WAS BLUE BLUE BLUE BLUE BEFORE THE STORM ARRIVED
qwen17b,wr_blue_t4_k06,0,word_rep,t4,6,6,13,blue,13,4.4,6,0.08158822357654572,0.016462624073028564,0.20341666666666666,0.1609366089105606,55,False,4,5.51111111111111,0.7983870967741937,False,6,correct,1,THE LIGHT WAS BLUE BLUE BLUE BLUE BLUE BLUE BEFORE THE STORM ARRIVED
qwen17b,wr_blue_t4_k06,1,word_rep,t4,6,6,13,blue,12,4.72,5,0.07405136525630951,0.021727193146944046,0.0385,0.17149211466312408,59,False,5,5.51111111111111,0.8564516129032259,True,5,undercount,0,THE LIGHT WAS BLUE BLUE BLUE BLUE BLUE BEFORE THE STORM ARRIVED
qwen17b,wr_blue_t4_k06,2,word_rep,t4,6,6,13,blue,13,4.24,6,0.07199005037546158,0.013496330939233303,0.04466666666666667,0.22055010497570038,53,False,4,5.51111111111111,0.7693548387096776,False,6,correct,1,THE LIGHT WAS BLUE BLUE BLUE BLUE BLUE BLUE BEFORE THE STORM ARRIVED
qwen17b,wr_blue_t4_k08,0,word_rep,t4,8,8,15,blue,15,5.36,8,0.06987620145082474,0.012817751616239548,0.043041666666666666,0.18965192139148712,67,False,6,6.577777777777777,0.8148648648648651,False,8,correct,1,THE LIGHT WAS BLUE BLUE BLUE BLUE BLUE BLUE BLUE BLUE BEFORE THE STORM ARRIVED
qwen17b,wr_blue_t4_k08,1,word_rep,t4,8,8,15,blue,14,5.04,7,0.07312266528606415,0.019760891795158386,0.0125,0.1844721883535385,63,False,5,6.577777777777777,0.7662162162162164,False,7,undercount,0,THE LIGHT WAS BLUE BLUE BLUE BLUE BLUE BLUE BLUE BEFORE THE STORM ARRIVED
qwen17b,wr_blue_t4_k08,2,word_rep,t4,8,8,15,blue,14,4.56,7,0.0747712180018425,0.009596779011189938,0.03929166666666667,0.2504909932613373,57,False,4,6.577777777777777,0.6932432432432433,False,7,truncation,0,THE LIGHT WAS BLUE BLUE BLUE BLUE BLUE BLUE BLUE BEFORE THE STORM ARRIVED
qwen17b,wr_blue_t4_k12,0,word_rep,t4,12,12,19,blue,18,6.24,11,0.08602367341518402,0.013076393865048885,0.24233333333333335,0.19788432121276855,78,False,7,8.711111111111109,0.7163265306122452,False,11,undercount,0,THE LIGHT WAS BLUE BLUE BLUE BLUE BLUE BLUE BLUE BLUE BLUE BLUE BLUE BEFORE THE STORM ARRIVED
qwen17b,wr_blue_t4_k12,1,word_rep,t4,12,12,19,blue,18,7.52,11,0.0713922306895256,0.018431345000863075,0.08583333333333333,0.23085525631904602,94,False,10,8.711111111111109,0.8632653061224492,True,11,undercount,0,THE LIGHT WAS BLUE BLUE BLUE BLUE BLUE BLUE BLUE BLUE BLUE BLUE BLUE BEFORE THE STORM ARRIVED
qwen17b,wr_blue_t4_k12,2,word_rep,t4,12,12,19,blue,18,7.12,11,0.07629366964101791,0.010563123971223831,0.09845833333333333,0.22778259217739105,89,False,9,8.711111111111109,0.8173469387755105,False,11,undercount,0,THE LIGHT WAS BLUE BLUE BLUE BLUE BLUE BLUE BLUE BLUE BLUE BLUE BLUE BEFORE THE STORM ARRIVED
qwen17b,wr_blue_t4_k16,0,word_rep,t4,16,16,23,blue,26,8.08,18,0.07117767632007599,0.013348453678190708,0.326625,0.12271072715520859,101,False,11,10.844444444444441,0.7450819672131149,False,18,overcount,0,THE LIGHT WAS BLUE BLUE BLUE BLUE BLUE BLUE BLUE BLUE BLUE BLUE LUE BLUE BLUE BLUE BLUE BLUE BLUE BLUE BLUE BEFORE THE STORM ARRIVED
qwen17b,wr_blue_t4_k16,1,word_rep,t4,16,16,23,blue,27,9.2,20,0.06267177313566208,0.01085286121815443,0.15620833333333334,0.1791922003030777,115,False,13,10.844444444444441,0.8483606557377051,False,20,overcount,0,THE LIGHT WAS BLUE BLUE BLUE BLUE BLUE BLUE BLUE BLUE BLUE BLUE BLUE BLUE BLUE BLUE BLUE BLUE BLUE BLUE BLUE BLUE BEFORE THE STORM ARRIVED
qwen17b,wr_blue_t4_k16,2,word_rep,t4,16,16,23,blue,27,9.84,20,0.09576251357793808,0.009451447986066341,0.25075,0.2337174415588379,123,False,14,10.844444444444441,0.9073770491803281,False,20,overcount,0,THE LIGHT WAS BLUE BLUE BLUE BLUE BLUE BLUE BLUE BLUE BLUE BLUE BLUE BLUE BLUE BLUE BLUE BLUE BLUE BLUE BLUE BLUE BEFORE THE STORM ARRIVED
qwen17b,wr_blue_t4_k24,0,word_rep,t4,24,24,31,blue,37,12.4,30,0.08881527930498123,0.011537873186171055,0.22595833333333334,0.15354537963867188,155,False,19,15.111111111111105,0.820588235294118,False,30,overcount,0,THE LIGHT WAS BLUE BLUE BLUE BLUE BLUE BLUE BLUE BLUE BLUE BLUE BLUE BLUE BLUE BLUE BLUE BLUE BLUE BLUE BLUE BLUE BLUE BLUE BLUE BLUE BLUE BLUE BLUE BLUE BLUE BLUE BEFORE THE STORM ARRIVED
qwen17b,wr_blue_t4_k24,1,word_rep,t4,24,24,31,blue,39,12.96,32,0.06284665316343307,0.009068182669579983,0.141875,0.20058342814445496,162,False,20,15.111111111111105,0.8576470588235298,False,32,overcount,0,THE LIGHT WAS BLUE BLUE BLUE BLUE BLUE BLUE BLUE BLUE BLUE BLUE BLUE BLUE BLUE BLUE BLUE BLUE BLUE BLUE BLUE BLUE BLUE BLUE BLUE BLUE BLUE BLUE BLUE BLUE BLUE BLUE BLUE BLUE BEFORE THE STORM ARRIVED
qwen17b,wr_blue_t4_k24,2,word_rep,t4,24,24,31,blue,35,12.64,27,0.07535389810800552,0.006944191642105579,0.06779166666666667,0.22822099924087524,158,False,19,15.111111111111105,0.8364705882352945,False,27,overcount,0,THE LIGHT WAS BLUE BLUE BLUE BLUE BLUE BLUE BLUE BLUE BLUE BLUE BLUE BLUE BLUE BLUE LUE BLUE BLUE BLUE BLUE BLUE BLUE BLUE BLUE BLUE BLUE BLUE BLUE BLUE BEFORE THE STORM ARRIVED
qwen17b,wr_blue_t4_k32,0,word_rep,t4,32,32,39,blue,41,12.8,34,0.06682819128036499,0.005567851476371288,0.03229166666666667,0.28088387846946716,160,False,20,19.377777777777773,0.6605504587155966,False,34,overcount,0,THE LIGHT WAS BLUE BLUE BLUE BLUE BLUE BLUE BLUE BLUE BLUE BLUE BLUE BLUE BLUE BLUE BLUE BLUE BLUE BLUE BLUE BLUE BLUE BLUE BLUE BLUE BLUE BLUE BLUE BLUE BLUE BLUE BLUE BLUE BLUE BLUE BEFORE THE STORM ARRIVED
qwen17b,wr_blue_t4_k32,1,word_rep,t4,32,32,39,blue,44,14.08,35,0.06133131682872772,0.011222747154533863,0.17425,0.2463415414094925,176,False,22,19.377777777777773,0.7266055045871561,False,35,overcount,0,THE LIGHT WAS BLUE BLUE BLUE BLUE BLUE BLUE BLUE BLUE BLUE BLUE BLUE BLUE BLUE BLUE BLUE BLUE BLUE BLUE BLUE BLUE BLUE BLUE BLUE BLU BLUE BLUE BLUE BLUE BLUE BLUE BLUE BLUE BLUE BLUE BLUE BLUE BEE BEFORE THE STORM ARRIVED
qwen17b,wr_blue_t4_k32,2,word_rep,t4,32,32,39,blue,76,21.12,68,0.07306613773107529,0.008199767209589481,0.21845833333333334,0.3618306517601013,264,False,35,19.377777777777773,1.0899082568807343,False,68,overcount,0,THE LIGHT WAS BLUE BLUE BLUE BLUE BLUE BLUE BLUE BLUE BLUE BLUE BLUE BLUE BLUE BLUE BLUE BLUE BLUE BLUE BLUE BLUE BLUE BLUE BLUE BLUE BLUE BLUE BLUE BLUE BLUE BLUE BLUE BLUE BLUE BLUE BLUE BLUE BLUE BLUE BLUE BLUE BLUE BLUE BLUE BLUE BLUE BLUE BLUE BLUE BLUE BLUE BLUE BLUE LUE BLUE BLUE BLUE BLUE BLUE BLUE BLUE BLUE BLUE BLUE BLUE BLUE BLUE BLUE BLUE BLUE BEFORE THE STORM ARRIVED
qwen17b,wr_far_t3_k01,0,word_rep,t3,1,1,9,far,9,3.44,1,0.0745137631893158,0.03736935183405876,0.10841666666666666,0.24779966473579407,43,False,1,3.404444444444445,1.0104438642297648,True,1,correct,1,HE WALKED FAR INTO THE FOREST BEFORE TURNING BACK
qwen17b,wr_far_t3_k01,1,word_rep,t3,1,1,9,far,9,3.12,1,0.07534648478031158,0.042302727699279785,0.09479166666666666,0.38470959663391113,39,False,0,3.404444444444445,0.9164490861618798,True,1,correct,1,HE WALKED FAR INTO THE FOREST BEFORE TURNING BACK
qwen17b,wr_far_t3_k01,2,word_rep,t3,1,1,9,far,9,3.52,1,0.05751252919435501,0.034678734838962555,0.022,0.1373451203107834,44,False,1,3.404444444444445,1.0339425587467361,True,1,correct,1,HE WALKED FAR INTO THE FOREST BEFORE TURNING BACK
qwen17b,wr_far_t3_k02,0,word_rep,t3,2,2,10,far,10,4.0,2,0.07729905843734741,0.02814120426774025,0.021458333333333333,0.2090386599302292,50,False,2,3.964444444444445,1.0089686098654707,True,2,correct,1,HE WALKED FAR FAR INTO THE FOREST BEFORE TURNING BACK
qwen17b,wr_far_t3_k02,1,word_rep,t3,2,2,10,far,10,4.08,2,0.07389023154973984,0.0439005084335804,0.15704166666666666,0.21646487712860107,51,False,2,3.964444444444445,1.02914798206278,True,2,correct,1,HE WALKED FAR FAR INTO THE FOREST BEFORE TURNING BACK
qwen17b,wr_far_t3_k02,2,word_rep,t3,2,2,10,far,10,4.08,2,0.06831656396389008,0.03568527474999428,0.18454166666666666,0.1539377123117447,51,False,2,3.964444444444445,1.02914798206278,True,2,correct,1,HE WALKED FAR FAR INTO THE FOREST BEFORE TURNING BACK
qwen17b,wr_far_t3_k03,0,word_rep,t3,3,3,11,far,11,4.08,3,0.07647407799959183,0.029026271775364876,0.14254166666666668,0.26402679085731506,51,False,2,4.524444444444445,0.9017681728880157,True,3,correct,1,HE WALKED FAR FAR FAR INTO THE FOREST BEFORE TURNING BACK
qwen17b,wr_far_t3_k03,1,word_rep,t3,3,3,11,far,11,4.48,3,0.07944836467504501,0.045681215822696686,0.162625,0.32865989208221436,56,False,3,4.524444444444445,0.9901768172888016,True,3,correct,1,HE WALKED FAR FAR FAR INTO THE FOREST BEFORE TURNING BACK
qwen17b,wr_far_t3_k03,2,word_rep,t3,3,3,11,far,11,4.88,3,0.06476235389709473,0.044790126383304596,0.20320833333333332,0.28830423951148987,61,False,4,4.524444444444445,1.0785854616895874,True,3,correct,1,HE WALKED FAR FAR FAR INTO THE FOREST BEFORE TURNING BACK
qwen17b,wr_far_t3_k04,0,word_rep,t3,4,4,12,far,12,4.72,4,0.06907656788825989,0.033150508999824524,0.06295833333333334,0.38528311252593994,59,False,3,5.084444444444445,0.9283216783216781,True,4,correct,1,HE WALKED FAR FAR FAR FAR INTO THE FOREST BEFORE TURNING BACK
qwen17b,wr_far_t3_k04,1,word_rep,t3,4,4,12,far,12,4.56,4,0.09817375242710114,0.03128674253821373,0.06941666666666667,0.37430769205093384,57,False,3,5.084444444444445,0.8968531468531467,True,4,correct,1,HE WALKED FAR FAR FAR FAR INTO THE FOREST BEFORE TURNING BACK
qwen17b,wr_far_t3_k04,2,word_rep,t3,4,4,12,far,12,5.36,4,0.07744117826223373,0.03968231379985809,0.12608333333333333,0.3610692620277405,67,False,4,5.084444444444445,1.0541958041958042,True,4,correct,1,HE WALKED FAR FAR FAR FAR INTO THE FOREST BEFORE TURNING BACK
qwen17b,wr_far_t3_k06,0,word_rep,t3,6,6,14,far,14,5.84,6,0.07800474762916565,0.03567877784371376,0.10108333333333333,0.4452594816684723,73,False,5,6.204444444444445,0.9412607449856732,True,6,correct,1,HE WALKED FAR FAR FAR FAR FAR FAR INTO THE FOREST BEFORE TURNING BACK
qwen17b,wr_far_t3_k06,1,word_rep,t3,6,6,14,far,14,5.44,6,0.08188146352767944,0.03645079955458641,0.28954166666666664,0.41468188166618347,68,False,5,6.204444444444445,0.8767908309455587,True,6,correct,1,HE WALKED FAR FAR FAR FAR FAR FAR INTO THE FOREST BEFORE TURNING BACK
qwen17b,wr_far_t3_k06,2,word_rep,t3,6,6,14,far,14,6.32,6,0.07479988783597946,0.0369943268597126,0.28679166666666667,0.24103781580924988,79,False,6,6.204444444444445,1.0186246418338107,True,6,correct,1,HE WALKED FAR FAR FAR FAR FAR FAR INTO THE FOREST BEFORE TURNING BACK
qwen17b,wr_far_t3_k08,0,word_rep,t3,8,8,16,far,16,6.4,8,0.06471102684736252,0.03072892315685749,0.13425,0.2905678153038025,80,False,6,7.324444444444445,0.8737864077669902,False,8,correct,1,HE WALKED FAR FAR FAR FAR FAR FAR FAR FAR INTO THE FOREST BEFORE TURNING BACK
qwen17b,wr_far_t3_k08,1,word_rep,t3,8,8,16,far,16,6.88,8,0.0856458768248558,0.03424529731273651,0.30583333333333335,0.20255762338638306,86,False,7,7.324444444444445,0.9393203883495144,True,8,correct,1,HE WALKED FAR FAR FAR FAR FAR FAR FAR FAR INTO THE FOREST BEFORE TURNING BACK
qwen17b,wr_far_t3_k08,2,word_rep,t3,8,8,16,far,16,6.8,8,0.07759701460599899,0.031094452366232872,0.263625,0.5318472981452942,85,False,7,7.324444444444445,0.928398058252427,True,8,correct,1,HE WALKED FAR FAR FAR FAR FAR FAR FAR FAR INTO THE FOREST BEFORE TURNING BACK
qwen17b,wr_far_t3_k12,0,word_rep,t3,12,12,20,far,20,9.6,12,0.09732266515493393,0.03737356886267662,0.06429166666666666,0.4226815700531006,120,False,12,9.564444444444446,1.003717472118959,True,12,correct,1,HE WALKED FAR FAR FAR FAR FAR FAR FAR FAR FAR FAR FAR FAR INTO THE FOREST BEFORE TURNING BACK
qwen17b,wr_far_t3_k12,1,word_rep,t3,12,12,20,far,19,8.4,11,0.09395881742238998,0.04268551245331764,0.14508333333333334,0.4436129629611969,105,False,10,9.564444444444446,0.8782527881040891,True,11,undercount,0,HE WALKED FAR FAR FAR FAR FAR FAR FAR FAR FAR FAR FAR INTO THE FOREST BEFORE TURNING BACK
qwen17b,wr_far_t3_k12,2,word_rep,t3,12,12,20,far,19,9.84,11,0.07148399204015732,0.03958095237612724,0.05458333333333333,0.5975834131240845,123,False,12,9.564444444444446,1.028810408921933,True,11,undercount,0,HE WALKED FAR FAR FAR FAR FAR FAR FAR FAR FAR FAR FAR INTO THE FOREST BEFORE TURNING BACK
qwen17b,wr_far_t3_k16,0,word_rep,t3,16,16,24,far,24,10.16,15,0.10391565412282944,0.046529315412044525,0.10179166666666667,0.6131110191345215,127,False,13,11.804444444444446,0.8606927710843373,True,15,undercount,0,HE WALKED FAR FAR FAR FAR FAR FAR FAR FAR AR FAR FAR FAR FAR FAR FAR FAR INTO THE FOREST BEFORE TURNING BACK
qwen17b,wr_far_t3_k16,1,word_rep,t3,16,16,24,far,26,10.88,18,0.09749765694141388,0.042929377406835556,0.18416666666666667,0.42141368985176086,136,False,14,11.804444444444446,0.9216867469879517,False,18,overcount,0,HE WALKED FAR FAR FAR FAR FAR FAR FAR FAR FAR FAR FAR FAR FAR FAR FAR FAR FAR FAR INTO THE FOREST BEFORE TURNING BACK
qwen17b,wr_far_t3_k16,2,word_rep,t3,16,16,24,far,24,10.48,16,0.08613702654838562,0.03456907346844673,0.231625,0.6976833343505859,131,False,14,11.804444444444446,0.887801204819277,True,16,correct,1,HE WALKED FAR FAR FAR FAR FAR FAR FAR FAR FAR FAR FAR FAR FAR FAR FAR FAR INTO THE FOREST BEFORE TURNING BACK
qwen17b,wr_far_t3_k24,0,word_rep,t3,24,24,32,far,33,14.08,25,0.08354935795068741,0.039855990558862686,0.03866666666666667,0.5284560322761536,176,False,20,16.284444444444446,0.8646288209606986,False,25,overcount,0,HE WALKED FAR FAR FAR FAR FAR FAR FAR FAR FAR FAR FAR FAR FAR FAR FAR FAR FAR FAR FAR FAR FAR FAR FAR FAR FAR INTO THE FOREST BEFORE TURNING B
qwen17b,wr_far_t3_k24,1,word_rep,t3,24,24,32,far,32,15.28,24,0.09242992848157883,0.036415085196495056,0.18329166666666666,0.43659570813179016,191,False,22,16.284444444444446,0.9383187772925763,True,24,correct,1,HE WALKED FAR FAR FAR FAR FAR FAR FAR FAR FAR FAR FAR FAR FAR FAR FAR FAR FAR FAR FAR FAR FAR FAR FAR FAR INTO THE FOREST BEFORE TURNING BACK
qwen17b,wr_far_t3_k24,2,word_rep,t3,24,24,32,far,33,12.88,24,0.07999254763126373,0.032169803977012634,0.059041666666666666,0.41346392035484314,161,False,18,16.284444444444446,0.7909388646288209,False,24,correct,1,HE WALKED FAR FAR FAR FR FAR FAR FAR FAR FAR FAR FAR FAR FAR FAR FAR FAR FAR FAR FAR FAR FAR FAR FAR FAR FAR INTO THE FOREST BEFORE TURNING BACK
qwen17b,wr_far_t3_k32,0,word_rep,t3,32,32,40,far,41,16.4,33,0.0691874772310257,0.0368892103433609,0.118125,0.3713313639163971,205,False,24,20.764444444444447,0.7898116438356163,False,33,overcount,0,HE WALKED FAR FAR FAR FAR FAR FAR FAR FAR FAR FAR FAR FAR FAR FAR FAR FAR FAR FAR FAR FAR FAR FAR FAR FAR FAR FAR FAR FAR FAR FAR FAR FAR FAR INTO THE FOREST BEFORE TURNING BACK
qwen17b,wr_far_t3_k32,1,word_rep,t3,32,32,40,far,43,18.16,35,0.09056322276592255,0.03987286239862442,0.141875,0.47491562366485596,227,False,27,20.764444444444447,0.8745719178082191,False,35,overcount,0,HE WALKED FAR FAR FAR FAR FAR FAR FAR FAR FAR FAR FAR FAR FAR FAR FAR FAR FAR FAR FAR FAR FAR FAR FAR FAR FAR FAR FAR FAR FAR FAR FAR FAR FAR FAR FAR INTO THE FOREST BEFORE TURNING BACK
qwen17b,wr_far_t3_k32,2,word_rep,t3,32,32,40,far,39,16.96,31,0.0977160856127739,0.042543813586235046,0.12175,0.4911353588104248,212,False,25,20.764444444444447,0.8167808219178082,False,31,undercount,0,HE WALKED FAR FAR FAR FAR FAR FAR FAR FAR FAR FAR FAR FAR FAR FAR FAR FAR FAR FAR FAR FAR FAR FAR FAR FAR FAR FAR FAR FAR FAR FAR FAR INTO THE FOREST BEFORE TURNING BACK
qwen17b,wr_no_t2_k01,0,word_rep,t2,1,1,11,no,11,3.6,1,0.05920694023370743,0.028735769912600517,0.05404166666666667,0.11764863133430481,45,False,2,3.5022222222222203,1.0279187817258888,True,1,correct,1,SHE SAID NO TO THE OFFER AND THEN LEFT THE ROOM
qwen17b,wr_no_t2_k01,1,word_rep,t2,1,1,11,no,11,3.44,1,0.05896873027086258,0.027194909751415253,0.021833333333333333,0.23997829854488373,43,False,1,3.5022222222222203,0.9822335025380716,True,1,correct,1,SHE SAID NO TO THE OFFER AND THEN LEFT THE ROOM
qwen17b,wr_no_t2_k01,2,word_rep,t2,1,1,11,no,11,3.12,1,0.06871794164180756,0.020877322182059288,0.048625,0.19595444202423096,39,False,0,3.5022222222222203,0.890862944162437,True,1,correct,1,SHE SAID NO TO THE OFFER AND THEN LEFT THE ROOM
qwen17b,wr_no_t2_k02,0,word_rep,t2,2,2,12,no,12,4.24,2,0.06904148310422897,0.023629365488886833,0.04716666666666667,0.13917817175388336,53,False,5,3.6888888888888878,1.1493975903614462,False,5,correct,1,SHE SAID NO NO TO THE OFFER AND THEN LEFT THE ROOM
qwen17b,wr_no_t2_k02,1,word_rep,t2,2,2,12,no,12,3.68,2,0.06476660817861557,0.03177248314023018,0.0035833333333333333,0.12946805357933044,46,False,2,3.6888888888888878,0.9975903614457835,True,2,correct,1,SHE SAID NO NO TO THE OFFER AND THEN LEFT THE ROOM
qwen17b,wr_no_t2_k02,2,word_rep,t2,2,2,12,no,12,3.84,2,0.06496107578277588,0.014663209207355976,0.094375,0.33777308464050293,48,False,3,3.6888888888888878,1.0409638554216871,True,2,correct,1,SHE SAID NO NO TO THE OFFER AND THEN LEFT THE ROOM
qwen17b,wr_no_t2_k03,0,word_rep,t2,3,3,13,no,13,3.6,3,0.06322743743658066,0.022133642807602882,0.006791666666666666,0.2082102745771408,45,False,2,3.8755555555555548,0.9288990825688076,True,3,correct,1,SHE SAID NO NO NO TO THE OFFER AND THEN LEFT THE ROOM
qwen17b,wr_no_t2_k03,1,word_rep,t2,3,3,13,no,13,3.44,3,0.07375053316354752,0.019325274974107742,0.09695833333333333,0.2406233698129654,43,False,1,3.8755555555555548,0.8876146788990827,False,3,correct,1,SHE SAID NO NO NO TO THE OFFER AND THEN LEFT THE ROOM
qwen17b,wr_no_t2_k03,2,word_rep,t2,3,3,13,no,13,4.24,3,0.08118442445993423,0.01598273403942585,0.11179166666666666,0.16945120692253113,53,False,5,3.8755555555555548,1.0940366972477067,False,5,correct,1,SHE SAID NO NO NO TO THE OFFER AND THEN LEFT THE ROOM
qwen17b,wr_no_t2_k04,0,word_rep,t2,4,4,14,no,14,3.84,4,0.06548313051462173,0.015240571461617947,0.058833333333333335,0.1815529465675354,48,False,3,4.062222222222222,0.9452954048140043,True,4,correct,1,SHE SAID NO NO NO NO TO THE OFFER AND THEN LEFT THE ROOM
qwen17b,wr_no_t2_k04,1,word_rep,t2,4,4,14,no,14,4.72,4,0.07657421380281448,0.02798929251730442,0.0365,0.16520342230796814,59,False,8,4.062222222222222,1.161925601750547,False,8,correct,1,SHE SAID NO NO NO NO TO THE OFFER AND THEN LEFT THE ROOM
qwen17b,wr_no_t2_k04,2,word_rep,t2,4,4,14,no,14,4.64,4,0.06451475620269775,0.016925068572163582,0.05316666666666667,0.19945186376571655,58,False,7,4.062222222222222,1.1422319474835885,False,7,correct,1,SHE SAID NO NO NO NO TO THE OFFER AND THEN LEFT THE ROOM
qwen17b,wr_no_t2_k06,0,word_rep,t2,6,6,16,no,16,4.64,6,0.07387814670801163,0.012829399667680264,0.07483333333333334,0.33512988686561584,58,False,7,4.435555555555556,1.0460921843687372,True,6,correct,1,SHE SAID NO NO NO NO NO NO TO THE OFFER AND THEN LEFT THE ROOM
qwen17b,wr_no_t2_k06,1,word_rep,t2,6,6,16,no,16,4.64,6,0.06907418370246887,0.01549649890512228,0.0735,0.268743097782135,58,False,7,4.435555555555556,1.0460921843687372,True,6,correct,1,SHE SAID NO NO NO NO NO NO TO THE OFFER AND THEN LEFT THE ROOM
qwen17b,wr_no_t2_k06,2,word_rep,t2,6,6,16,no,16,5.28,6,0.06148287281394005,0.019160373136401176,0.07854166666666666,0.19719716906547546,66,False,11,4.435555555555556,1.190380761523046,False,11,correct,1,SHE SAID NO NO NO NO NO NO TO THE OFFER AND THEN LEFT THE ROOM
qwen17b,wr_no_t2_k08,0,word_rep,t2,8,8,18,no,18,4.8,8,0.07075844705104828,0.014699282124638557,0.030625,0.19984933733940125,60,False,8,4.80888888888889,0.9981515711645099,True,8,correct,1,SHE SAID NO NO NO NO NO NO NO NO TO THE OFFER AND THEN LEFT THE ROOM
qwen17b,wr_no_t2_k08,1,word_rep,t2,8,8,18,no,18,4.4,8,0.10280817002058029,0.011607963591814041,0.04745833333333333,0.21539732813835144,55,False,6,4.80888888888889,0.9149722735674675,False,8,correct,1,SHE SAID NO NO NO NO NO NO NO NO TO THE OFFER AND THEN LEFT THE ROOM
qwen17b,wr_no_t2_k08,2,word_rep,t2,8,8,18,no,17,6.64,7,0.06954926997423172,0.017432324588298798,0.43875,0.20720058679580688,83,False,18,4.80888888888889,1.3807763401109052,False,18,undercount,0,SHE SAID NO NO NO NO NO NO NO TO THE OFFER AND THEN LEFT THE ROOM
qwen17b,wr_no_t2_k12,0,word_rep,t2,12,12,22,no,21,6.56,11,0.08564231544733047,0.009742739610373974,0.043458333333333335,0.20425784587860107,82,False,17,5.555555555555559,1.1807999999999992,False,17,undercount,0,SHE SAID NO NO NO NO NO NO NO NO NO NO NO TO THE OFFER AND THEN LEFT THE ROOM
qwen17b,wr_no_t2_k12,1,word_rep,t2,12,12,22,no,21,5.6,11,0.09764218330383301,0.008149770088493824,0.09354166666666666,0.1845780909061432,70,False,12,5.555555555555559,1.0079999999999993,True,11,undercount,0,SHE SAID NO NO NO NO NO NO NO NO NO NO NO TO THE OFFER AND THEN LEFT THE ROOM
qwen17b,wr_no_t2_k12,2,word_rep,t2,12,12,22,no,21,6.08,11,0.07836607843637466,0.011111535131931305,0.00725,0.2772219479084015,76,False,15,5.555555555555559,1.0943999999999994,False,15,undercount,0,SHE SAID NO NO NO NO NO NO NO NO NO NO NO TO THE OFFER AND THEN LEFT THE ROOM
qwen17b,wr_no_t2_k16,0,word_rep,t2,16,16,26,no,25,7.04,15,0.07796023041009903,0.009846014901995659,0.09191666666666666,0.3059091866016388,88,False,20,6.302222222222227,1.1170662905500697,False,20,undercount,0,SHE SAID NO NO NO NO NO NO NO NO NO NO NO NO NO NO NO TO THE OFFER AND THEN LEFT THE ROOM
qwen17b,wr_no_t2_k16,1,word_rep,t2,16,16,26,no,25,7.04,15,0.072594553232193,0.015649480745196342,0.32625,0.37690213322639465,88,False,20,6.302222222222227,1.1170662905500697,False,20,undercount,0,SHE SAID NO NO NO NO NO NO NO NO NO NO NO NO NO NO NO TO THE OFFER AND THEN LEFT THE ROOM
qwen17b,wr_no_t2_k16,2,word_rep,t2,16,16,26,no,24,7.52,14,0.0889405906200409,0.012966812588274479,0.12783333333333333,0.19838011264801025,94,False,23,6.302222222222227,1.1932299012693925,False,23,undercount,0,SHE SAID NO NO NO NO NO NO NO NO NO NO NO NO NO NO TO THE OFFER AND THEN LEFT THE ROOM
qwen17b,wr_no_t2_k24,0,word_rep,t2,24,24,34,no,35,10.08,24,0.07112431526184082,0.0067815338261425495,0.08258333333333333,0.2549513876438141,126,False,36,7.7955555555555645,1.293044469783351,False,36,correct,1,SHE SAID NO NO NO NO NO NO NO NO NO NO NO NO NO NO NO NO NO NO NO NO NO NO N NO NO TO THE OFFER AND THEN LEFT THE ROOM
qwen17b,wr_no_t2_k24,1,word_rep,t2,24,24,34,no,31,9.52,21,0.10926326364278793,0.009386349469423294,0.10554166666666667,0.3283449411392212,119,False,33,7.7955555555555645,1.221208665906498,False,33,undercount,0,SHE SAID NO NO NO NO NO NO NO NO NO NO NO NO NO NO NO NO NO NO NO NO NO TO THE OFFER AND THEN LEFT THE ROOM
qwen17b,wr_no_t2_k24,2,word_rep,t2,24,24,34,no,33,9.28,23,0.06712585687637329,0.009691713377833366,0.043166666666666666,0.20525291562080383,116,False,32,7.7955555555555645,1.190421892816418,False,32,undercount,0,SHE SAID NO NO NO NO NO NO NO NO NO NO NO NO NO NO NO NO NO NO NO NO NO NO NO TO THE OFFER AND THEN LEFT THE ROOM
qwen17b,wr_no_t2_k32,0,word_rep,t2,32,32,42,no,44,11.44,34,0.09569771587848663,0.007793817203491926,0.018916666666666665,0.2783319354057312,143,False,44,9.288888888888902,1.2315789473684193,False,44,overcount,0,SHE SAID NO NO NO NO NO NO NO NO NO NO NO NO NO NO NO NO NO NO NO NO NO NO NO NO NO NO NO NO NO NO NO NO NO NO TO THE OFFER AND THEN LEFT THE ROOM
qwen17b,wr_no_t2_k32,1,word_rep,t2,32,32,42,no,42,13.2,32,0.06608274579048157,0.006713736802339554,0.1425,0.2032969892024994,165,False,53,9.288888888888902,1.4210526315789453,False,53,correct,1,SHE SAID NO NO NO NO NO NO NO NO NO NO NO NO NO NO NO NO NO NO NO NO NO NO NO NO NO NO NO NO NO NO NO NO TO THE OFFER AND THEN LEFT THE ROOM
qwen17b,wr_no_t2_k32,2,word_rep,t2,32,32,42,no,40,14.64,30,0.09335070848464966,0.0036531928926706314,0.07779166666666666,0.24783949553966522,183,False,61,9.288888888888902,1.5760765550239213,False,61,undercount,0,SHE SAID NO NO NO NO NO NO NO NO NO NO NO NO NO NO NO NO NO NO NO NO NO NO NO NO NO NO NO NO NO NO TO THE OFFER AND THEN LEFT THE ROOM
qwen17b,wr_quick_t5_k01,0,word_rep,t5,1,1,8,quick,8,2.96,1,0.06454148888587952,0.025550272315740585,0.25708333333333333,0.26287683844566345,37,False,1,3.0977777777777766,0.955523672883788,True,1,correct,1,THE RUNNER MOVED QUICK ALONG THE NARROW PATH
qwen17b,wr_quick_t5_k01,1,word_rep,t5,1,1,8,quick,8,3.44,1,0.06799215078353882,0.03772766515612602,0.19233333333333333,0.18957330286502838,43,False,1,3.0977777777777766,1.1104734576757536,True,1,correct,1,THE RUNNER MOVED QUICK ALONG THE NARROW PATH
qwen17b,wr_quick_t5_k01,2,word_rep,t5,1,1,8,quick,8,3.12,1,0.06429358571767807,0.02277337573468685,0.08195833333333333,0.1490943431854248,39,False,1,3.0977777777777766,1.0071736011477765,True,1,correct,1,THE RUNNER MOVED QUICK ALONG THE NARROW PATH
qwen17b,wr_quick_t5_k02,0,word_rep,t5,2,2,9,quick,9,3.6,2,0.07694659382104874,0.02120756171643734,0.2735416666666667,0.2884935438632965,45,False,2,3.8311111111111096,0.9396751740139215,True,2,correct,1,THE RUNNER MOVED QUICK QUICK ALONG THE NARROW PATH
qwen17b,wr_quick_t5_k02,1,word_rep,t5,2,2,9,quick,9,3.68,2,0.07010696083307266,0.021934211254119873,0.17991666666666667,0.3098497986793518,46,False,2,3.8311111111111096,0.9605568445475642,True,2,correct,1,THE RUNNER MOVED QUICK QUICK ALONG THE NARROW PATH
qwen17b,wr_quick_t5_k02,2,word_rep,t5,2,2,9,quick,9,3.76,2,0.06151201203465462,0.025499235838651657,0.3017916666666667,0.24837005138397217,47,False,2,3.8311111111111096,0.9814385150812068,True,2,correct,1,THE RUNNER MOVED QUICK QUICK ALONG THE NARROW PATH
qwen17b,wr_quick_t5_k03,0,word_rep,t5,3,3,10,quick,10,4.16,3,0.06405356526374817,0.01779366470873356,0.2455,0.2754731774330139,52,False,2,4.564444444444443,0.9113924050632914,True,3,correct,1,THE RUNNER MOVED QUICK QUICK QUICK ALONG THE NARROW PATH
qwen17b,wr_quick_t5_k03,1,word_rep,t5,3,3,10,quick,10,4.64,3,0.061113420873880386,0.0279142614454031,0.19195833333333334,0.22196118533611298,58,False,3,4.564444444444443,1.0165530671859788,True,3,correct,1,THE RUNNER MOVED QUICK QUICK QUICK ALONG THE NARROW PATH
qwen17b,wr_quick_t5_k03,2,word_rep,t5,3,3,10,quick,10,5.12,3,0.05456902086734772,0.026789989322423935,0.28320833333333334,0.31625479459762573,64,False,4,4.564444444444443,1.1217137293086663,True,3,correct,1,THE RUNNER MOVED QUICK QUICK QUICK ALONG THE NARROW PATH
qwen17b,wr_quick_t5_k04,0,word_rep,t5,4,4,11,quick,11,4.56,4,0.05753764510154724,0.013705561868846416,0.32295833333333335,0.22853150963783264,57,False,3,5.297777777777776,0.8607382550335572,True,4,correct,1,THE RUNNER MOVED QUICK QUICK QUICK QUICK ALONG THE NARROW PATH
qwen17b,wr_quick_t5_k04,1,word_rep,t5,4,4,11,quick,11,4.08,4,0.059839144349098206,0.018132982775568962,0.019416666666666665,0.2524525821208954,51,False,2,5.297777777777776,0.7701342281879197,False,4,correct,1,THE RUNNER MOVED QUICK QUICK QUICK QUICK ALONG THE NARROW PATH
qwen17b,wr_quick_t5_k04,2,word_rep,t5,4,4,11,quick,11,4.64,4,0.07292455434799194,0.016023512929677963,0.16145833333333334,0.3721191883087158,58,False,3,5.297777777777776,0.8758389261744968,True,4,correct,1,THE RUNNER MOVED QUICK QUICK QUICK QUICK ALONG THE NARROW PATH
qwen17b,wr_quick_t5_k06,0,word_rep,t5,6,6,13,quick,13,5.84,6,0.05674364045262337,0.016132479533553123,0.10141666666666667,0.20353808999061584,73,False,5,6.764444444444442,0.8633377135348229,True,6,correct,1,THE RUNNER MOVED QUICK QUICK QUICK QUICK QUICK QUICK ALONG THE NARROW PATH
qwen17b,wr_quick_t5_k06,1,word_rep,t5,6,6,13,quick,13,7.2,6,0.0679362341761589,0.0379425548017025,0.2838333333333333,0.2105167806148529,90,False,7,6.764444444444442,1.0643889618922475,True,6,correct,1,THE RUNNER MOVED QUICK QUICK QUICK QUICK QUICK QUICK ALONG THE NARROW PATH
qwen17b,wr_quick_t5_k06,2,word_rep,t5,6,6,13,quick,13,8.16,6,0.06844127178192139,0.024876540526747704,0.321375,0.17613308131694794,102,False,8,6.764444444444442,1.206307490144547,False,8,correct,1,THE RUNNER MOVED QUICK QUICK QUICK QUICK QUICK QUICK ALONG THE NARROW PATH
qwen17b,wr_quick_t5_k08,0,word_rep,t5,8,8,15,quick,15,6.0,7,0.06558766216039658,0.017323797568678856,0.2940833333333333,0.3826945722103119,75,False,5,8.231111111111108,0.728941684665227,False,7,undercount,0,THE RUNNER MOVED QUICK QUICK QUICK QUICK QUICK QUICK QUICK CLOOK ALONG THE NARROW PATH
qwen17b,wr_quick_t5_k08,1,word_rep,t5,8,8,15,quick,14,5.6,7,0.06236042454838753,0.018319057300686836,0.027083333333333334,0.3140522241592407,70,False,4,8.231111111111108,0.6803455723542119,False,7,truncation,0,THE RUNNER MOVED QUICK QUICK QUICK QUICK QUICK QUICK QUICK ALONG THE NARROW PATH
qwen17b,wr_quick_t5_k08,2,word_rep,t5,8,8,15,quick,14,7.2,6,0.06279218941926956,0.018555397167801857,0.08758333333333333,0.31136617064476013,90,False,7,8.231111111111108,0.8747300215982725,True,6,undercount,0,THE RUNNER MOVED QUICK QUICK QUICK UICK QUICK QUICK QUICK ALONG THE NARROW PATH
qwen17b,wr_quick_t5_k12,0,word_rep,t5,12,12,19,quick,21,11.92,14,0.06322458386421204,0.020787836983799934,0.3157916666666667,0.574032723903656,149,False,13,11.164444444444442,1.067675159235669,True,14,overcount,0,THE RUNNER MOVED QUICK QUICK QUICK QUICK QUICK QUICK QUICK QUICK QUICK QUICK QUICK QUICK QUICK QUICK ALONG THE NARROW PATH
qwen17b,wr_quick_t5_k12,1,word_rep,t5,12,12,19,quick,20,12.8,12,0.0553162507712841,0.03937530517578125,0.36754166666666666,0.2975136339664459,160,False,14,11.164444444444442,1.1464968152866246,False,14,correct,1,THE RUNNER MOVED QUICK QUICK QUICK QUICK UICK QUICK QUICK QUICK QUICK QUICK QUICK QUICK QUICK ALONG THE NARROW PATH
qwen17b,wr_quick_t5_k12,2,word_rep,t5,12,12,19,quick,20,10.08,11,0.0800824910402298,0.016678299754858017,0.10658333333333334,0.5949967503547668,126,False,11,11.164444444444442,0.9028662420382167,True,11,undercount,0,THE RUNNER MOVED QUICK QUICK UICK QUICK QUICK QUICK QUICK QUICK QUICK QUICK QUICK QUICK UICK ALONG THE NARROW PATH
qwen17b,wr_quick_t5_k16,0,word_rep,t5,16,16,23,quick,28,12.0,19,0.05766841396689415,0.01839165948331356,0.19254166666666667,0.48353517055511475,150,False,13,14.097777777777772,0.8511979823455237,False,19,overcount,0,THE RUNNER MOVED QUICK QUICK QUICK QUICK QUICK QUICK QUICK QUICK QUICK QUICK UICK QUICK QUICK QUICK QUICK QUICK QUICK QUICK QUICK QUICK CLOK ALONG THE NARROW PATH
qwen17b,wr_quick_t5_k16,1,word_rep,t5,16,16,23,quick,24,11.76,16,0.05756288021802902,0.0200327280908823,0.15266666666666667,0.3228096663951874,147,False,13,14.097777777777772,0.8341740226986132,False,16,correct,1,THE RUNNER MOVED QUICK QUICK QUICK QUICK QUICK QUICK QUICK QUICK QUICK QUICK UICK QUICK QUICK QUICK QUICK QUICK QUICK ALONG THE NARROW PATH
qwen17b,wr_quick_t5_k16,2,word_rep,t5,16,16,23,quick,25,7.6,16,0.06240857020020485,0.01349747832864523,0.10033333333333333,0.20481646060943604,95,False,7,14.097777777777772,0.5390920554854983,False,16,truncation,0,THE RUNNER MOVED QUICK QUICK QUICK QUICK QUICK QUICK QUICK QUICK UICK QUICK QUICK QUICK QUICK QUICK QUICK QUICK QUICK CLUK ALONG THE NARROW PATH
qwen17b,wr_quick_t5_k24,0,word_rep,t5,24,24,31,quick,39,12.32,32,0.06261014938354492,0.009175118990242481,0.2796666666666667,0.34428760409355164,154,False,14,19.96444444444444,0.6170970614425647,False,32,overcount,0,THE RUNNER MOVED QUICK QUICK QUICK QUICK QUICK QUICK QUICK QUICK QUICK QUICK QUICK QUICK QUICK QUICK QUICK QUICK QUICK QUICK QUICK QUICK QUICK QUICK QUICK QUICK QUICK QUICK QUICK QUICK QUICK QUICK QUICK QUICK ALONG THE NARROW PATH
qwen17b,wr_quick_t5_k24,1,word_rep,t5,24,24,31,quick,34,17.84,26,0.042303454130887985,0.03669498860836029,0.227875,0.4528135359287262,223,False,21,19.96444444444444,0.8935886019590386,False,26,overcount,0,THE RUNNER MOVED QUICK QUICK QUICK QUICK QUICK QUICK QUICK QUICK QUICK QUICK QUICK QUICK QUICK QUICK QUICK QUICK QUICK QUICK UICK QUICK QUICK QUICK QUICK QUICK QUICK QUICK QUICK ALONG THE NARROW PATH
qwen17b,wr_quick_t5_k24,2,word_rep,t5,24,24,31,quick,35,15.36,25,0.04871788248419762,0.017264269292354584,0.097,0.41930150985717773,192,False,18,19.96444444444444,0.7693677649154054,False,25,overcount,0,THE RUNNER MOVED QUICK QUICK QUICK QUICK QUICK QUICK QUICK QUICK QUICK QUICK QUICK QUICK QUICK QUICK UICK QUICK QUICK QUICK QUICK QUICK QUICK QUICK QUICK QUICK QUICK QUICK CUICK CLICK ALONG THE NARROW PATH
qwen17b,wr_quick_t5_k32,0,word_rep,t5,32,32,39,quick,43,22.08,32,0.07178438454866409,0.017189867794513702,0.11270833333333333,0.5316981077194214,276,False,27,25.831111111111102,0.8547832071576051,False,32,correct,1,THE RUNNER MOVED QUICK QUICK QUICK QUICK QUICK QUICK QUICK QUICK QUICK UICK QUICK QUICK QUICK QUICK QUICK QUICK QUICK QUICK UICK QUICK QUICK QUICK QUICK QUICK QUICK QUICK QUICK QUICK QUICK QUICK QUICK QUICK QUICK QUICK UICK CLICK ALONG THE NARROW PATH
qwen17b,wr_quick_t5_k32,1,word_rep,t5,32,32,39,quick,42,23.44,33,0.055008310824632645,0.022053219377994537,0.084375,0.6794646978378296,293,False,29,25.831111111111102,0.9074328974535447,True,33,overcount,0,THE RUNNER MOVED QUICK QUICK QUICK QUICK QUICK QUICK QUICK QUICK QUICK QUICK QUICK QUICK QUICK QUICK QUICK QUICK QUICK QUICK QUICK QUICK QUICK QUICK QUICK QUICK QUICK QUICK UICK QUICK QUICK QUICK QUICK UICK QUICK QUICK QUICK ALONG THE NARROW PATH
qwen17b,wr_quick_t5_k32,2,word_rep,t5,32,32,39,quick,45,22.72,32,0.0563042089343071,0.017379261553287506,0.147,0.45903462171554565,284,False,28,25.831111111111102,0.8795595320027532,True,32,correct,1,THE RUNNER MOVED QUICK QUICK UICK QUICK QUICK QUICK QUICK QUICK QUICK QUICK QUICK QUICK QUICK UICK QUICK QUICK QUICK QUICK QUICK QUICK UICK QUICK UICK QUICK QUICK QUICK QUICK QUICK QUICK QUICK QUICK QUICK QUICK QUICK QUICK QUICK UICK CLICK ALONG THE NARROW PATH
qwen17b,wr_really_t6_k01,0,word_rep,t6,1,1,8,really,8,2.64,1,0.07244393229484558,0.010410142131149769,0.07745833333333334,0.33022937178611755,33,False,1,2.7199999999999998,0.9705882352941178,True,1,correct,1,THEY WERE REALLY TIRED AFTER THE LONG JOURNEY
qwen17b,wr_really_t6_k01,1,word_rep,t6,1,1,8,really,8,3.2,1,0.06626682728528976,0.0281355082988739,0.066,0.17967994511127472,40,False,2,2.7199999999999998,1.1764705882352944,True,1,correct,1,THEY WERE REALLY TIRED AFTER THE LONG JOURNEY
qwen17b,wr_really_t6_k01,2,word_rep,t6,1,1,8,really,8,2.64,1,0.08596056699752808,0.007792604621499777,0.091125,0.27533772587776184,33,False,1,2.7199999999999998,0.9705882352941178,True,1,correct,1,THEY WERE REALLY TIRED AFTER THE LONG JOURNEY
qwen17b,wr_really_t6_k02,0,word_rep,t6,2,2,9,really,9,2.88,2,0.07463658601045609,0.005542956758290529,0.07633333333333334,0.36871662735939026,36,False,1,3.253333333333333,0.8852459016393444,True,2,correct,1,THEY WERE REALLY REALLY TIRED AFTER THE LONG JOURNEY
qwen17b,wr_really_t6_k02,1,word_rep,t6,2,2,9,really,9,3.2,2,0.07962401956319809,0.016068225726485252,0.07983333333333334,0.3712911605834961,40,False,2,3.253333333333333,0.9836065573770494,True,2,correct,1,THEY WERE REALLY REALLY TIRED AFTER THE LONG JOURNEY
qwen17b,wr_really_t6_k02,2,word_rep,t6,2,2,9,really,9,3.04,2,0.06377699226140976,0.007879940792918205,0.12391666666666666,0.32006603479385376,38,False,2,3.253333333333333,0.9344262295081969,True,2,correct,1,THEY WERE REALLY REALLY TIRED AFTER THE LONG JOURNEY
qwen17b,wr_really_t6_k03,0,word_rep,t6,3,3,10,really,10,3.84,3,0.06889268755912781,0.008298877626657486,0.1905,0.40925341844558716,48,False,3,3.786666666666666,1.0140845070422537,True,3,correct,1,THEY WERE REALLY REALLY REALLY TIRED AFTER THE LONG JOURNEY
qwen17b,wr_really_t6_k03,1,word_rep,t6,3,3,10,really,10,3.76,3,0.07520852982997894,0.016582349315285683,0.07008333333333333,0.39721933007240295,47,False,3,3.786666666666666,0.9929577464788734,True,3,correct,1,THEY WERE REALLY REALLY REALLY TIRED AFTER THE LONG JOURNEY
qwen17b,wr_really_t6_k03,2,word_rep,t6,3,3,10,really,10,4.08,3,0.07108564674854279,0.005311381537467241,0.17183333333333334,0.3247760534286499,51,False,4,3.786666666666666,1.0774647887323945,True,3,correct,1,THEY WERE REALLY REALLY REALLY TIRED AFTER THE LONG JOURNEY
qwen17b,wr_really_t6_k04,0,word_rep,t6,4,4,11,really,11,4.24,4,0.0710783377289772,0.0070634810253977776,0.145125,0.3725142776966095,53,False,4,4.3199999999999985,0.9814814814814818,True,4,correct,1,THEY WERE REALLY REALLY REALLY REALLY TIRED AFTER THE LONG JOURNEY
qwen17b,wr_really_t6_k04,1,word_rep,t6,4,4,11,really,11,4.56,4,0.08224242180585861,0.013441063463687897,0.21375,0.349150687456131,57,False,4,4.3199999999999985,1.0555555555555558,True,4,correct,1,THEY WERE REALLY REALLY REALLY REALLY TIRED AFTER THE LONG JOURNEY
qwen17b,wr_really_t6_k04,2,word_rep,t6,4,4,11,really,11,4.48,4,0.07291955500841141,0.009872070513665676,0.19958333333333333,0.5478606820106506,56,False,4,4.3199999999999985,1.0370370370370374,True,4,correct,1,THEY WERE REALLY REALLY REALLY REALLY TIRED AFTER THE LONG JOURNEY
qwen17b,wr_really_t6_k06,0,word_rep,t6,6,6,13,really,13,4.4,6,0.06767486035823822,0.006196421105414629,0.04754166666666667,0.2676040530204773,55,False,4,5.386666666666665,0.8168316831683171,False,6,correct,1,THEY WERE REALLY REALLY REALLY REALLY REALLY REALLY TIRED AFTER THE LONG JOURNEY
qwen17b,wr_really_t6_k06,1,word_rep,t6,6,6,13,really,13,5.6,6,0.09730452299118042,0.013820004649460316,0.32508333333333334,0.2038179486989975,70,False,6,5.386666666666665,1.0396039603960399,True,6,correct,1,THEY WERE REALLY REALLY REALLY REALLY REALLY REALLY TIRED AFTER THE LONG JOURNEY
qwen17b,wr_really_t6_k06,2,word_rep,t6,6,6,13,really,13,5.84,6,0.06677595525979996,0.004377816803753376,0.042083333333333334,0.44883760809898376,73,False,7,5.386666666666665,1.0841584158415845,True,6,correct,1,THEY WERE REALLY REALLY REALLY REALLY REALLY REALLY TIRED AFTER THE LONG JOURNEY
qwen17b,wr_really_t6_k08,0,word_rep,t6,8,8,15,really,15,6.16,8,0.08670880645513535,0.0050903987139463425,0.09879166666666667,0.5019649863243103,77,False,7,6.453333333333331,0.9545454545454548,True,8,correct,1,THEY WERE REALLY REALLY REALLY REALLY REALLY REALLY REALLY REALLY TIRED AFTER THE LONG JOURNEY
qwen17b,wr_really_t6_k08,1,word_rep,t6,8,8,15,really,15,6.32,8,0.06961546093225479,0.012858962640166283,0.228375,0.42292946577072144,79,False,8,6.453333333333331,0.9793388429752069,True,8,correct,1,THEY WERE REALLY REALLY REALLY REALLY REALLY REALLY REALLY REALLY TIRED AFTER THE LONG JOURNEY
qwen17b,wr_really_t6_k08,2,word_rep,t6,8,8,15,really,15,7.04,7,0.06488166004419327,0.003866293001919985,0.173375,0.3058824837207794,88,False,9,6.453333333333331,1.0909090909090913,False,9,undercount,0,THEY WERE REALLY REALLY REALLY REALL REALLY REALLY REALLY REALLY TIRED AFTER THE LONG JOURNEY
qwen17b,wr_really_t6_k12,0,word_rep,t6,12,12,19,really,20,8.8,13,0.07765410840511322,0.003767764661461115,0.12358333333333334,0.5203866362571716,110,False,12,8.586666666666662,1.024844720496895,True,13,overcount,0,THEY WERE REALLY REALLY REALLY REALLY REALLY REALLY REALLY REALLY REALLY REALLY REALLY REALLY REALLY TIRED AFTER THE LONG JOURNEY
qwen17b,wr_really_t6_k12,1,word_rep,t6,12,12,19,really,18,10.0,10,0.08594315499067307,0.008317418396472931,0.033125,0.597525954246521,125,False,15,8.586666666666662,1.164596273291926,False,15,undercount,0,THEY WERE REALLY REALLY REALLY REALLY REALLY REALLY REALLY REALL REALLY REALLY REALLY TIRED AFTER THE LONG JOURNEY
qwen17b,wr_really_t6_k12,2,word_rep,t6,12,12,19,really,20,8.48,10,0.09615428000688553,0.005040099378675222,0.11945833333333333,0.417595773935318,106,False,12,8.586666666666662,0.9875776397515533,False,12,undercount,0,THEY WERE REALLY REALLY REALLY REALLY REALLY REALL REALL REALLY REALLY REALLY REALLY TROT REALLY TRIRED AFTER THE LONG JOURNEY
qwen17b,wr_really_t6_k16,0,word_rep,t6,16,16,23,really,24,9.2,15,0.1024206355214119,0.007583195809274912,0.07104166666666667,0.13853463530540466,115,False,13,10.719999999999995,0.8582089552238809,True,15,undercount,0,THEY WERE REALLY REALLY REALLY REALLY REALLY REALLY REALLY REALLY REALL REALL REALLY REALLY REALLY REALLY REALLY REALLY REALLY TIRED AFTER THE LONG JOURNEY
qwen17b,wr_really_t6_k16,1,word_rep,t6,16,16,23,really,22,9.28,13,0.08735382556915283,0.008214814588427544,0.23725,0.5145193338394165,116,False,13,10.719999999999995,0.865671641791045,True,13,undercount,0,THEY WERE REALLY REALLY REALLY REALLY REALLY REALLY REALLY REALL REALLY REALLY REALLY REALLY REALL REALLY REALLY TIRED AFTER THE LONG JOURNEY
qwen17b,wr_really_t6_k16,2,word_rep,t6,16,16,23,really,26,12.16,16,0.09036408364772797,0.00452433479949832,0.14516666666666667,0.3762277662754059,152,False,19,10.719999999999995,1.1343283582089558,False,19,correct,1,THEY WERE REALLY REALLY REALLY REALLY REALLY REALLY REALLY REALLY REALLY REALLY REALLY REALLY REALLY REALLY REALLY REALLY TROT DRADDI RULLI TRIARED AFTER THE LONG JOURNEY
qwen17b,wr_really_t6_k24,0,word_rep,t6,24,24,31,really,31,18.4,24,0.08246626704931259,0.0032265910413116217,0.07058333333333333,0.3521459698677063,230,False,30,14.98666666666666,1.2277580071174383,False,30,correct,1,THEY WERE REALLY REALLY REALLY REALLY REALLY REALLY REALLY REALLY REALLY REALLY REALLY REALLY REALLY REALLY REALLY REALLY REALLY REALLY REALLY REALLY REALLY REALLY REALLY REALLY TRIRED AFTER THE LONG JOURNEY
qwen17b,wr_really_t6_k24,1,word_rep,t6,24,24,31,really,33,16.56,24,0.07780848443508148,0.00587838888168335,0.049875,0.2460727095603943,207,False,27,14.98666666666666,1.1049822064056944,True,24,correct,1,THEY WERE REALLY REALLY REALL REALLY REALLY REALLY REALLY REALLY REALLY REALLY REALLY REALLY REALLY REALLY REALLY REALLY REALLY REALLY REALL REALLY REALLY REALLY REALLY REALLY REALLY REALLY TIRED AFTER THE LONG JOURNEY
qwen17b,wr_really_t6_k24,2,word_rep,t6,24,24,31,really,33,14.08,24,0.06861237436532974,0.00617974903434515,0.23229166666666667,0.3614030182361603,176,False,22,14.98666666666666,0.939501779359431,True,24,correct,1,THEY WERE REALLY REALLY REALLY REALLY REALLY REALLY REALLY REALLY REALLY REALLY REALL REALLY REALLY REALLY REALLY REALLY REALLY REALLY REALLY REALL REALLY REALLY REALLY REALLY REALLY REALLY TRUTIRED AFTER THE LONG JOURNEY
qwen17b,wr_really_t6_k32,0,word_rep,t6,32,32,39,really,39,18.48,30,0.09491337090730667,0.0025905512738972902,0.20125,0.5013862252235413,231,False,31,19.253333333333323,0.9598337950138509,True,30,undercount,0,THEY WERE REALLY REALLY REALLY REALLY REALLY REALLY REALLY REALLY REALLY REALLY REALLY REALLY REALLY REALLY REALLY REALLY REALLY REALLY REALLY REALLY REALLY REALLY REALL REALLY REALLY REALL REALLY REALLY REALLY REALLY REALLY REALLY TRIRED AFTER THE LONG JOURNEY
qwen17b,wr_really_t6_k32,1,word_rep,t6,32,32,39,really,39,20.48,30,0.09912378340959549,0.004661833867430687,0.124125,0.5789791345596313,256,False,34,19.253333333333323,1.0637119113573412,True,30,undercount,0,THEY WERE REALLY REALLY REALLY REALLY REALLY REALLY REALLY REALLY REALLY REALLY REALLY REALLY REALLY REALLY REALLY REALLY REALLY REALLY REALLY REALLY REALLY REALLY REALLY REALLY REALLY REALLY REALL REALLY REALL REALLY REALLY REALLY TRIRED AFTER THE LONG JOURNEY
qwen17b,wr_really_t6_k32,2,word_rep,t6,32,32,39,really,39,16.64,29,0.09611502289772034,0.0025276902597397566,0.27025,0.3650229871273041,208,False,27,19.253333333333323,0.8642659279778399,True,29,undercount,0,THEY WERE REALLY REALLY REALLY REALLY REALLY REALLY REALLY REALLY REALLY REALLY REALLY REALLY REALL REALLY REALLY REALLY REALLY REALLY REALLY REALL REALLY REALLY REALLY REALLY REALLY REALLY REALLY REALL REALLY REALLY REALLY REALLY TIRED AFTER THE LONG JOURNEY
qwen17b,wr_very_t1_k01,0,word_rep,t1,1,1,11,very,11,3.2,1,0.06962959468364716,0.017262158915400505,0.045208333333333336,0.22178222239017487,40,False,0,3.4844444444444442,0.9183673469387756,True,1,correct,1,THE DOG WAS VERY BIG AND IT RAN ACROSS THE FIELD
qwen17b,wr_very_t1_k01,1,word_rep,t1,1,1,11,very,11,3.6,1,0.07948623597621918,0.02333211712539196,0.07741666666666666,0.14296561479568481,45,False,1,3.4844444444444442,1.0331632653061225,True,1,correct,1,THE DOG WAS VERY BIG AND IT RAN ACROSS THE FIELD
qwen17b,wr_very_t1_k01,2,word_rep,t1,1,1,11,very,11,3.68,1,0.07331373542547226,0.0287918820977211,0.07220833333333333,0.2264963835477829,46,False,2,3.4844444444444442,1.056122448979592,True,1,correct,1,THE DOG WAS VERY BIG AND IT RAN ACROSS THE FIELD
qwen17b,wr_very_t1_k02,0,word_rep,t1,2,2,12,very,12,3.6,2,0.07646411657333374,0.013956133276224136,0.081125,0.18158715963363647,45,False,1,3.857777777777778,0.933179723502304,True,2,correct,1,THE DOG WAS VERY VERY BIG AND IT RAN ACROSS THE FIELD
qwen17b,wr_very_t1_k02,1,word_rep,t1,2,2,12,very,12,4.16,2,0.06908652186393738,0.021995145827531815,0.05733333333333333,0.2800549566745758,52,False,3,3.857777777777778,1.0783410138248848,True,2,correct,1,THE DOG WAS VERY VERY BIG AND IT RAN ACROSS THE FIELD
qwen17b,wr_very_t1_k02,2,word_rep,t1,2,2,12,very,12,3.76,2,0.07749807089567184,0.022623732686042786,0.11533333333333333,0.18907953798770905,47,False,2,3.857777777777778,0.9746543778801842,True,2,correct,1,THE DOG WAS VERY VERY BIG AND IT RAN ACROSS THE FIELD
qwen17b,wr_very_t1_k03,0,word_rep,t1,3,3,13,very,13,4.24,3,0.07979424297809601,0.008345435373485088,0.05025,0.15049467980861664,53,False,3,4.231111111111112,1.0021008403361344,True,3,correct,1,THE DOG WAS VERY VERY VERY BIG AND IT RAN ACROSS THE FIELD
qwen17b,wr_very_t1_k03,1,word_rep,t1,3,3,13,very,13,4.24,3,0.0854187160730362,0.020186860114336014,0.09254166666666666,0.21801450848579407,53,False,3,4.231111111111112,1.0021008403361344,True,3,correct,1,THE DOG WAS VERY VERY VERY BIG AND IT RAN ACROSS THE FIELD
qwen17b,wr_very_t1_k03,2,word_rep,t1,3,3,13,very,13,4.24,3,0.07490941137075424,0.020207615569233894,0.10195833333333333,0.16446353495121002,53,False,3,4.231111111111112,1.0021008403361344,True,3,correct,1,THE DOG WAS VERY VERY VERY BIG AND IT RAN ACROSS THE FIELD
qwen17b,wr_very_t1_k04,0,word_rep,t1,4,4,14,very,14,5.44,4,0.09019666910171509,0.021455634385347366,0.028125,0.28357088565826416,68,False,6,4.604444444444446,1.1814671814671813,False,6,correct,1,THE DOG WAS VERY VERY VERY VERY BIG AND IT RAN ACROSS THE FIELD
qwen17b,wr_very_t1_k04,1,word_rep,t1,4,4,14,very,14,5.2,4,0.07410921901464462,0.019269857555627823,0.05725,0.243958979845047,65,False,6,4.604444444444446,1.129343629343629,False,6,correct,1,THE DOG WAS VERY VERY VERY VERY BIG AND IT RAN ACROSS THE FIELD
qwen17b,wr_very_t1_k04,2,word_rep,t1,4,4,14,very,14,4.24,4,0.08740419894456863,0.010671434924006462,0.11991666666666667,0.31733280420303345,53,False,3,4.604444444444446,0.9208494208494207,True,4,correct,1,THE DOG WAS VERY VERY VERY VERY BIG AND IT RAN ACROSS THE FIELD
qwen17b,wr_very_t1_k06,0,word_rep,t1,6,6,16,very,16,6.24,6,0.07864148914813995,0.014053786173462868,0.231,0.2962527871131897,78,False,8,5.351111111111113,1.166112956810631,False,8,correct,1,THE DOG WAS VERY VERY VERY VERY VERY VERY BIG AND IT RAN ACROSS THE FIELD
qwen17b,wr_very_t1_k06,1,word_rep,t1,6,6,16,very,16,6.24,6,0.08340374380350113,0.016573231667280197,0.11958333333333333,0.24962502717971802,78,False,8,5.351111111111113,1.166112956810631,False,8,correct,1,THE DOG WAS VERY VERY VERY VERY VERY VERY BIG AND IT RAN ACROSS THE FIELD
qwen17b,wr_very_t1_k06,2,word_rep,t1,6,6,16,very,16,5.6,6,0.07449818402528763,0.008937209844589233,0.007791666666666666,0.2232358306646347,70,False,7,5.351111111111113,1.0465116279069764,True,6,correct,1,THE DOG WAS VERY VERY VERY VERY VERY VERY BIG AND IT RAN ACROSS THE FIELD
qwen17b,wr_very_t1_k08,0,word_rep,t1,8,8,18,very,18,7.6,8,0.08652102202177048,0.012740632519125938,0.051083333333333335,0.33198174834251404,95,False,12,6.097777777777781,1.2463556851311948,False,12,correct,1,THE DOG WAS VERY VERY VERY VERY VERY VERY VERY VERY BIG AND IT RAN ACROSS THE FIELD
qwen17b,wr_very_t1_k08,1,word_rep,t1,8,8,18,very,18,7.84,8,0.08609052002429962,0.012746983207762241,4.1666666666666665e-05,0.3161461651325226,98,False,13,6.097777777777781,1.2857142857142851,False,13,correct,1,THE DOG WAS VERY VERY VERY VERY VERY VERY VERY VERY BIG AND IT RAN ACROSS THE FIELD
qwen17b,wr_very_t1_k08,2,word_rep,t1,8,8,18,very,18,7.12,8,0.09051446616649628,0.009686343371868134,0.111125,0.33542102575302124,89,False,11,6.097777777777781,1.167638483965014,False,11,correct,1,THE DOG WAS VERY VERY VERY VERY VERY VERY VERY VERY BIG AND IT RAN ACROSS THE FIELD
qwen17b,wr_very_t1_k12,0,word_rep,t1,12,12,22,very,22,10.0,11,0.08771901577711105,0.008581944741308689,0.16579166666666667,0.5850092768669128,125,False,18,7.591111111111115,1.317330210772833,False,18,undercount,0,THE DOG WAS VERY VERY VERY VERY VERY VERY VERY VERY VER VERY VERY VERY BIG AND IT RAN ACROSS THE FIELD
qwen17b,wr_very_t1_k12,1,word_rep,t1,12,12,22,very,23,9.12,13,0.0896279364824295,0.010560744442045689,0.04720833333333333,0.6108529567718506,114,False,16,7.591111111111115,1.2014051522248237,False,16,overcount,0,THE DOG WAS VERY VERY VERY VERY VERY VERY VERY VERY VERY VERY VERY VERY VERY BIG AND IT RAN ACROSS THE FIELD
qwen17b,wr_very_t1_k12,2,word_rep,t1,12,12,22,very,24,10.4,13,0.09221489727497101,0.007325551472604275,0.13570833333333332,0.5023593306541443,130,False,20,7.591111111111115,1.3700234192037464,False,20,overcount,0,THE DOG WAS VERY VERY VERY VERY VERY VERY VERY VERY VERY VERY VER VERY VERY VERY BIG AND IT RAN ACROSS THE FIELD
qwen17b,wr_very_t1_k16,0,word_rep,t1,16,16,26,very,29,10.88,19,0.09939441829919815,0.007501819636672735,0.039875,0.41987860202789307,136,False,21,9.08444444444445,1.1976516634050873,True,19,overcount,0,THE DOG WAS VERY VERY VERY VERY VERY VERY VERY VERY VERY VERY VERY VERY VERY VERY VERY VERY VERY VERY VERY BIG AND IT RAN ACROSS THE FIELD
qwen17b,wr_very_t1_k16,1,word_rep,t1,16,16,26,very,29,12.72,19,0.08874824643135071,0.009830773808062077,0.09429166666666666,0.44975799322128296,159,False,26,9.08444444444445,1.4001956947162417,False,26,overcount,0,THE DOG WAS VERY VERY VERY VERY VERY VERY VERY VERY VERY VERY VERY VERY VERY VERY VERY VERY VERY VERY VERY BIG AND IT RAN ACROSS THE FIELD
qwen17b,wr_very_t1_k16,2,word_rep,t1,16,16,26,very,31,14.08,20,0.09801120311021805,0.007209566421806812,0.062125,0.4619171917438507,176,False,29,9.08444444444445,1.5499021526418777,False,29,overcount,0,THE DOG WAS VERY VERY VERY VERY VERY VERY VERY VERY VERY VERY VERY VERY VERY VERY VERY VERY VERY ERY VERY VERY VERY BIG AND IT RAN ACROSS THE FIELD
qwen17b,wr_very_t1_k24,0,word_rep,t1,24,24,34,very,39,18.64,29,0.08120078593492508,0.00461076945066452,0.058083333333333334,0.6123905181884766,233,False,42,12.071111111111119,1.5441826215022083,False,42,overcount,0,THE DOG WAS VERY VERY VERY VERY VERY VERY VERY VERY VERY VERY VERY VERY VERY VERY VERY VERY VERY VERY VERY VERY VERY VERY VERY VERY VERY VERY VERY VERY VERY BIG AND IT RAN ACROSS THE FIELD
qwen17b,wr_very_t1_k24,1,word_rep,t1,24,24,34,very,39,18.96,29,0.1008988544344902,0.008850082755088806,0.4588333333333333,0.5580955147743225,237,False,42,12.071111111111119,1.5706921944035337,False,42,overcount,0,THE DOG WAS VERY VERY VERY VERY VERY VERY VERY VERY VERY VERY VERY VERY VERY VERY VERY VERY VERY VERY VERY VERY VERY VERY VERY VERY VERY VERY VERY VERY VERY BIG AND IT RAN ACROSS THE FIELD
qwen17b,wr_very_t1_k24,2,word_rep,t1,24,24,34,very,43,20.8,31,0.09953141212463379,0.003771510673686862,0.04095833333333333,0.6275670528411865,260,False,47,12.071111111111119,1.723122238586155,False,47,loop,0,THE DOG WAS VERY VERY VERY VERY VERY VERY VERY VERY VERY VERY VERY VERY VERY VERY VERY VERY VERY VERY VERY VERY VERY VERY VERY VERY VERY VERY VERY ERY VERY VERY VERY VERY VERRY BIG AND IT RAN ACROSS THE FIELD
qwen17b,wr_very_t1_k32,0,word_rep,t1,32,32,42,very,53,22.16,40,0.08514814078807831,0.0076359533704817295,0.09333333333333334,0.5056315064430237,277,False,51,15.057777777777789,1.4716646989374251,False,51,overcount,0,THE DOG WAS VERY VERY VERY VERY VERY VERY VERY VERY VERY VERY VERY VERY VERY VERY VERY VERY VERY VERY VERY VERY VERY VERY VERY VERY VERY VERY VER VERY VR VERY VERY VRY VERY VERY VERY VERY VERY VERY VERY VERY VERY VERY VERY BIG AND IT RAN ACROSS THE FIELD
qwen17b,wr_very_t1_k32,1,word_rep,t1,32,32,42,very,46,19.6,34,0.12078654766082764,0.004145170096307993,0.13283333333333333,0.4488566219806671,245,False,44,15.057777777777789,1.3016528925619826,False,44,overcount,0,THE DOG WAS VERY VERY VERY VERY VERY VERY VERY VERY VERY VERY VERY VERY VERY VERY VERY VERY VERY VERY VERY VER VERY VERY VERY VERY VER VERY VERY VERY VERY VERY VERY VERY VERY VERY VERY VERY BIG AND IT RAN ACROSS THE FIELD
qwen17b,wr_very_t1_k32,2,word_rep,t1,32,32,42,very,45,18.8,26,0.12981821596622467,0.005805692635476589,0.20654166666666668,0.6356186866760254,235,False,42,15.057777777777789,1.2485242030696568,False,42,undercount,0,THE DOG WAS VERY VERY VERY VERY VERY VERY VERY VERY VERY VERY VERY VERY VERY VERY VER VERY VERY VERY VERY VERY VERY VERY VERY VERY VERY VERY VERY VERRY MERRY VERRY MERRY MRRY MERRY MERRY MERRY BIG AND IT RAN ACROSS THE FIELD
