model,item_id,seed,family,template,k,expected_count,expected_words,target_unit,n_words,duration_s,count_a,rms,spectral_flatness,trailing_silence_s,loop_ac_peak,n_speech_tokens,hit_cap,count_b,expected_duration_s,duration_ratio,agree,count_final,outcome,correct,transcript
xtts2es,ct_azul_et4_k02,0,control_word,et4,2,2,9,azul,9,2.5493333333333332,2,0.13737772405147552,0.016911502927541733,0.12633333333333333,0.2189011573791504,54,False,2,2.734222222222222,0.9323797139141743,True,2,correct,1,la luz era verde blanca antes de la tormenta
xtts2es,ct_azul_et4_k02,1,control_word,et4,2,2,9,azul,9,2.965333333333333,2,0.1432771533727646,0.022030506283044815,0.154625,0.2887714207172394,63,False,2,2.734222222222222,1.0845253576072822,True,2,correct,1,la luz era verde blanca antes de la tormenta
xtts2es,ct_azul_et4_k02,2,control_word,et4,2,2,9,azul,9,2.688,2,0.14534470438957214,0.0173325315117836,0.14525,0.18810170888900757,57,False,2,2.734222222222222,0.9830949284785437,True,2,correct,1,la luz era verde blanca antes de la tormenta
xtts2es,ct_azul_et4_k03,0,control_word,et4,3,3,10,azul,10,3.1573333333333333,3,0.13569054007530212,0.032007865607738495,0.152875,0.21624590456485748,67,False,3,3.203555555555555,0.9855715871254164,True,3,correct,1,la luz era verde blanca clara antes de la tormenta
xtts2es,ct_azul_et4_k03,1,control_word,et4,3,3,10,azul,10,3.1573333333333333,3,0.13492000102996826,0.017041465267539024,0.151,0.3239739239215851,67,False,3,3.203555555555555,0.9855715871254164,True,3,correct,1,la luz era verde blanca clara antes de la tormenta
xtts2es,ct_azul_et4_k03,2,control_word,et4,3,3,10,azul,10,3.296,3,0.14835429191589355,0.022825241088867188,0.2005,0.24318115413188934,70,False,3,3.203555555555555,1.0288568257491677,True,3,correct,1,la luz era verde blanca clara antes de la tormenta
xtts2es,ct_azul_et4_k04,0,control_word,et4,4,4,11,azul,11,3.616,4,0.14433108270168304,0.014780211262404919,0.14145833333333332,0.33923229575157166,77,False,4,3.6728888888888886,0.984511132623427,True,4,correct,1,la luz era verde blanca clara tenue antes de la tormenta
xtts2es,ct_azul_et4_k04,1,control_word,et4,4,4,11,azul,11,4.085333333333334,4,0.1370757520198822,0.033871449530124664,0.14745833333333333,0.22924348711967468,87,False,5,3.6728888888888886,1.112294288480155,True,4,correct,1,la luz era verde blanca clara tenue antes de la tormenta
xtts2es,ct_azul_et4_k04,2,control_word,et4,4,4,11,azul,11,3.2426666666666666,4,0.13616254925727844,0.017968425527215004,0.12979166666666667,0.3405405282974243,69,False,3,3.6728888888888886,0.8828654404646661,True,4,correct,1,la luz era verde blanca clara tenue antes de la tormenta
xtts2es,ct_azul_et4_k06,0,control_word,et4,6,6,13,azul,13,4.362666666666667,6,0.13661794364452362,0.023487165570259094,0.143625,0.3617795705795288,93,False,5,4.611555555555555,0.946029298380879,True,6,correct,1,la luz era verde blanca clara tenue suave gris antes de la tormenta
xtts2es,ct_azul_et4_k06,1,control_word,et4,6,6,13,azul,13,4.544,6,0.13866417109966278,0.027351120486855507,0.18083333333333335,0.2409813404083252,97,False,6,4.611555555555555,0.9853508095605242,True,6,correct,1,la luz era verde blanca clara tenue suave gris antes de la tormenta
xtts2es,ct_azul_et4_k06,2,control_word,et4,6,6,13,azul,13,4.736,5,0.14683543145656586,0.026398930698633194,0.20045833333333332,0.2948729693889618,101,False,6,4.611555555555555,1.0269853508095605,True,5,undercount,0,la luz hera verde blanca clara tenues suave gris antes de la tormenta
xtts2es,ct_azul_et4_k08,0,control_word,et4,8,8,15,azul,15,5.888,7,0.13816408812999725,0.03488454595208168,0.143875,0.2571752369403839,126,False,9,5.550222222222223,1.0608584240871235,False,9,undercount,0,la luz era verde blanca clara tenue suave gris rosa opacaant ntes de la tormenta
xtts2es,ct_azul_et4_k08,1,control_word,et4,8,8,15,azul,17,5.706666666666667,6,0.13219593465328217,0.03266231715679169,0.14916666666666667,0.20720309019088745,122,False,8,5.550222222222223,1.028187059577194,False,8,undercount,0,la luz era verde blanca yclara tenues suave gris rosa opaca antes de la de la tormenta
xtts2es,ct_azul_et4_k08,2,control_word,et4,8,8,15,azul,15,6.176,7,0.1454838663339615,0.029047949239611626,0.188875,0.18117350339889526,132,False,9,5.550222222222223,1.1127482383087763,False,9,undercount,0,la luz era verde blanca clara tenues suave gris rosa opaca ntes de la tormenta
xtts2es,ct_azul_et4_k12,0,control_word,et4,12,12,19,azul,20,7.701333333333333,4,0.13720189034938812,0.024434490129351616,0.13604166666666667,0.20342829823493958,165,False,13,7.427555555555555,1.0368597415031116,False,13,undercount,0,la luz era verde blanca clara tenues suave gris rosa opaca verde e blanca clara tenue antes de la tormenta
xtts2es,ct_azul_et4_k12,1,control_word,et4,12,12,19,azul,33,12.117333333333333,4,0.13759294152259827,0.032737549394369125,0.15516666666666667,0.2437007874250412,260,False,22,7.427555555555555,1.6314025849688847,False,22,loop,0,la luz era verde blanca clara tenues suave gris rosa o paca verde de blanca clara tenue antes de la tormentamil nombre nanbastone buenborieno acen conoce nos pone ua antes de la tormenta
xtts2es,ct_azul_et4_k12,2,control_word,et4,12,12,19,azul,19,8.96,12,0.14120551943778992,0.027020856738090515,0.18458333333333332,0.15706442296504974,192,False,15,7.427555555555555,1.206318812829105,False,15,correct,1,la luz era verde blanca clara tenue suave gris rosa opaca verde blanca clara tenue antes de la tormenta
xtts2es,ct_azul_et4_k16,0,control_word,et4,16,16,23,azul,24,10.165333333333333,14,0.1341598480939865,0.03150079399347305,0.15820833333333334,0.22117222845554352,218,False,18,9.30488888888889,1.0924722965227358,False,18,undercount,0,la luz era verde blanca clara tenue suave gris rosa opaca verde erde blanca clara tenuesoave gris rosa opaca antes de la tormenta nta
xtts2es,ct_azul_et4_k16,1,control_word,et4,16,16,23,azul,23,11.274666666666667,7,0.1318010687828064,0.04255451261997223,0.14504166666666668,0.16404643654823303,242,False,20,9.30488888888889,1.2116927779900648,False,20,undercount,0,la luz era verde blanca clara tenue suave gris rosaopaca verde blanca clara tenoes suave gris rosa op vaca antes de la tormenta
xtts2es,ct_azul_et4_k16,2,control_word,et4,16,16,23,azul,43,16.992,11,0.1328813135623932,0.03332239016890526,0.16083333333333333,0.15247610211372375,365,False,32,9.30488888888889,1.826136797860145,False,32,loop,0,la luz era verde blanca clara tenues suave gris rosa opaca verde blanca clara tenue suave gris rosa opaca antes de la sde la tormenta come un ken con con et cueno fue suave gris rosa osa o paca antes de la tormenta
xtts2es,ct_azul_et4_k24,0,control_word,et4,24,24,31,azul,39,24.373333333333335,9,0.12481625378131866,0.046473223716020584,0.22495833333333334,0.16959825158119202,524,False,48,13.059555555555557,1.8663218077865504,False,48,loop,0,la luz era verde blanca clara tenue suave gris rosao opaca verde blanca clara tenue suave gris rosao opaca verde  blanca clara tenue suave grisros rosa ovacaantes de la tormenta zos randas de lanermuro con plenohuentes deguare suave gris
xtts2es,ct_azul_et4_k24,1,control_word,et4,24,24,31,azul,33,18.666666666666668,15,0.1109071746468544,0.04902463033795357,0.159625,0.2184634506702423,401,False,36,13.059555555555557,1.429349305744623,False,36,undercount,0,la luz era verde blanca clara tenue suave gris rosa opacaverde blanc blanca clara tenoes suave gris rosa opaca verde blanca clara tno a tenoes suave gris rosa opaca antes de la tormenta
xtts2es,ct_azul_et4_k24,2,control_word,et4,24,24,31,azul,30,16.85333333333333,15,0.1250213384628296,0.03576132282614708,0.15716666666666668,0.18463316559791565,362,False,32,13.059555555555557,1.2904982303294308,False,32,undercount,0,la luz era verde blanca clara tenues suave gris rosa opaca verde blancaclara tenue suave gris rosa opaca verde blanca clara tenue suave gris rosao opaca antes de la tormenta
xtts2es,ct_azul_et4_k32,0,control_word,et4,32,32,39,azul,58,25.077333333333332,8,0.12756787240505219,0.04438389092683792,0.12141666666666667,0.19841840863227844,539,False,50,16.814222222222224,1.4914358215267496,False,50,undercount,0,la luz era verde blanca clara tenue suave gris rosa o paca verde verde blanca claratenue suave gris rosa o pasca verdebl e blanca clara tenue suave gris rosa o paca verde blan blanca clara tenues suave gris  rosa o paca antes de la tor la tormenta cano es suave gris rosa opaca antes de la tormenta nta
xtts2es,ct_azul_et4_k32,1,control_word,et4,32,32,39,azul,40,19.36,15,0.13278745114803314,0.03505268692970276,0.11779166666666667,0.16138696670532227,416,False,37,16.814222222222224,1.1514062169591879,False,37,undercount,0,la luz era verde blanca clara tenue suave gris rosaopaca ca verde blanca clara tenues suave gris rosa opaca verde blanca cara tenue suave gris rosa opaca verde blanco lanca clara tenues suave gris rosa opaca antes de la tormenta
xtts2es,ct_azul_et4_k32,2,control_word,et4,32,32,39,azul,44,22.421333333333333,7,0.12828457355499268,0.03238498046994209,0.13141666666666665,0.13315452635288239,482,False,44,16.814222222222224,1.33347430746458,False,44,undercount,0,la luz era verde blanca clara tenues suave gris rosa opaca verde verde blanca clara tenu es suave gris rosa opaca verde de blanca clara tenue suave grisrosa op opaca verde blanca clara teno es suave  gris rosa sa ovaca antes de la tormenta
xtts2es,ct_lejos_et3_k02,0,control_word,et3,2,2,10,lejos,10,3.104,2,0.15382599830627441,0.023969609290361404,0.170375,0.17638154327869415,66,False,2,3.104000000000001,0.9999999999999997,True,2,correct,1,el camino hondo cerca en el bosque antes de volver
xtts2es,ct_lejos_et3_k02,1,control_word,et3,2,2,10,lejos,9,2.688,1,0.15161609649658203,0.026545636355876923,0.15704166666666666,0.25193294882774353,57,False,1,3.104000000000001,0.8659793814432988,True,1,undercount,0,el camino hondo cercan el bosque antes de volver
xtts2es,ct_lejos_et3_k02,2,control_word,et3,2,2,10,lejos,9,3.296,1,0.14362961053848267,0.03409607335925102,0.20366666666666666,0.19910606741905212,70,False,2,3.104000000000001,1.0618556701030923,True,1,undercount,0,el camino hondo cercan el bosque antes de volver
xtts2es,ct_lejos_et3_k03,0,control_word,et3,3,3,11,lejos,12,3.52,3,0.14819331467151642,0.023271288722753525,0.15408333333333332,0.19718274474143982,75,False,3,3.523555555555556,0.9989909182643792,True,3,correct,1,el camino hondo cerca a alto en el bosque antes de volver
xtts2es,ct_lejos_et3_k03,1,control_word,et3,3,3,11,lejos,11,3.3386666666666667,3,0.14896148443222046,0.026401711627840996,0.146625,0.21342942118644714,71,False,3,3.523555555555556,0.9475277497477294,True,3,correct,1,el camino hondo cerca alto en el bosque antes de volver
xtts2es,ct_lejos_et3_k03,2,control_word,et3,3,3,11,lejos,11,3.712,3,0.14453467726707458,0.029140396043658257,0.15866666666666668,0.264301061630249,79,False,3,3.523555555555556,1.0534813319878908,True,3,correct,1,el camino hondo cerca alto en el bosque antes de volver
xtts2es,ct_lejos_et3_k04,0,control_word,et3,4,4,12,lejos,12,3.3813333333333335,4,0.1466255486011505,0.02879478596150875,0.15266666666666667,0.38468119502067566,72,False,3,3.9431111111111115,0.8575293056807934,True,4,correct,1,el camino hondo cerca alto recto en el bosque antes de volver
xtts2es,ct_lejos_et3_k04,1,control_word,et3,4,4,12,lejos,12,4.1706666666666665,4,0.14806221425533295,0.0251608919352293,0.14858333333333335,0.2829209566116333,89,False,5,3.9431111111111115,1.0577096483318305,True,4,correct,1,el camino hondo cerca alto recto en el bosque antes de volver
xtts2es,ct_lejos_et3_k04,2,control_word,et3,4,4,12,lejos,13,3.4346666666666668,4,0.15597613155841827,0.02557763084769249,0.17958333333333334,0.2925134599208832,73,False,3,3.9431111111111115,0.8710550045085662,True,4,correct,1,el camino hondo cerca a alto recto en el bosque antes de volver
xtts2es,ct_lejos_et3_k06,0,control_word,et3,6,6,14,lejos,16,5.013333333333334,5,0.14561766386032104,0.03523048385977745,0.13175,0.20629949867725372,107,False,7,4.782222222222222,1.0483271375464684,False,7,undercount,0,el camino hondo cerca alto recto abajo sólo en el bosque antes de volver er
xtts2es,ct_lejos_et3_k06,1,control_word,et3,6,6,14,lejos,17,5.152,5,0.14977282285690308,0.03650563582777977,0.16979166666666667,0.2326115369796753,110,False,7,4.782222222222222,1.0773234200743496,False,7,undercount,0,el camino hondo cerca al alto recto abajo sólo en el bosque antes de volver vr
xtts2es,ct_lejos_et3_k06,2,control_word,et3,6,6,14,lejos,15,4.1706666666666665,6,0.1557256281375885,0.027172444388270378,0.15691666666666668,0.22135767340660095,89,False,5,4.782222222222222,0.8721189591078067,True,6,correct,1,el camino hondo cerca a alto recto abajo solo en el bosque antes de volver
xtts2es,ct_lejos_et3_k08,0,control_word,et3,8,8,16,lejos,19,5.429333333333333,6,0.149567648768425,0.025983430445194244,0.16425,0.1794978231191635,116,False,8,5.621333333333332,0.9658444022770399,False,8,undercount,0,el camino hondo cerca alto recto abajo sólo rasó lento en el bosque antes de evol de volver
xtts2es,ct_lejos_et3_k08,1,control_word,et3,8,8,16,lejos,18,5.941333333333334,7,0.1471548229455948,0.03252307325601578,0.169125,0.2345324456691742,127,False,9,5.621333333333332,1.0569259962049338,False,9,undercount,0,el camino hondo cerca a alto recto abajo sólo raso lento en el bosque antes de volver
xtts2es,ct_lejos_et3_k08,2,control_word,et3,8,8,16,lejos,18,5.706666666666667,5,0.14268521964550018,0.027953168377280235,0.14483333333333334,0.25277039408683777,122,False,8,5.621333333333332,1.0151802656546491,False,8,undercount,0,el camino ondo cerca alto recto abajo sólo razo lento en el bosque a antes de volver
xtts2es,ct_lejos_et3_k12,0,control_word,et3,12,12,20,lejos,22,8.117333333333333,9,0.14006507396697998,0.03544202819466591,0.16729166666666667,0.21772196888923645,174,False,14,7.2995555555555525,1.112031173891866,False,14,undercount,0,el camino hondo cerca alto recto abajo sólo razo lento hondo cerca al to recto en el bosque antes de volver
xtts2es,ct_lejos_et3_k12,1,control_word,et3,12,12,20,lejos,22,7.562666666666667,7,0.13986438512802124,0.03788048028945923,0.13704166666666667,0.22522886097431183,162,False,13,7.2995555555555525,1.0360448124695572,False,13,undercount,0,el camino hondo cerca al alto recto abajo sólo raso lento hondocerca rca al torrecto en el bosque antes de volver
xtts2es,ct_lejos_et3_k12,2,control_word,et3,12,12,20,lejos,22,7.424,4,0.14188306033611298,0.03888308256864548,0.152625,0.23247121274471283,159,False,12,7.2995555555555525,1.01704822211398,False,12,undercount,0,el camino hondo cerca al torrecto abajo sólo razo lento hondo cercao erca alto recto en el bosque antes de volver
xtts2es,ct_lejos_et3_k16,0,control_word,et3,16,16,24,lejos,28,9.792,7,0.13743488490581512,0.038382917642593384,0.152,0.3014880418777466,210,False,18,8.977777777777774,1.090693069306931,False,18,undercount,0,el camino hondo cerca a alto recto abajo sólo razo lento hondo cerca alto recto a abajo sólo raso lento en el bosque antes de volver
xtts2es,ct_lejos_et3_k16,1,control_word,et3,16,16,24,lejos,27,9.141333333333334,12,0.13708385825157166,0.03920282423496246,0.15341666666666667,0.27598753571510315,196,False,16,8.977777777777774,1.0182178217821787,False,16,undercount,0,el camino hondo cerca al alto recto abajo sólo raso lento hondocerco a alto recto abajo sólo raso lento en el bosque antes de volver
xtts2es,ct_lejos_et3_k16,2,control_word,et3,16,16,24,lejos,31,13.184,7,0.12589320540428162,0.05238201096653938,0.16841666666666666,0.26904717087745667,283,False,26,8.977777777777774,1.468514851485149,False,26,undercount,0,el camino hondo cerca alto recto abajo sólo razo lento hondo ndo cerca alto recto abajo sólo raso lento en el bosque antes de volver rpomi vzinte santa rierse
xtts2es,ct_lejos_et3_k24,0,control_word,et3,24,24,32,lejos,49,20.565333333333335,14,0.13661909103393555,0.03856624662876129,0.12216666666666667,0.2054462879896164,442,False,44,12.334222222222214,1.6673392908619211,False,44,loop,0,el camino hondo cerca a alto recto a abajo sólo raso lento hondo cerca alto recto abajo sólo razo lento hondocerca ca alto recto abajo sólo raso lento en el bosque antes de volver ventos de mir enferno enran un bilidegram as gass antes de volver
xtts2es,ct_lejos_et3_k24,1,control_word,et3,24,24,32,lejos,42,20.288,6,0.13333113491535187,0.043936893343925476,0.1585,0.26907628774642944,436,False,43,12.334222222222214,1.6448544249063142,False,43,loop,0,el camino hondo cercade alto recto abajo sólo razo lento hondo docercaba torrecto abajo sólo razo lento hundocerca cerca alto recto abajo sólo razo lento en el bosque antes de volver dincho venó el bosque antes de volve volver
xtts2es,ct_lejos_et3_k24,2,control_word,et3,24,24,32,lejos,36,14.485333333333333,13,0.13531377911567688,0.0410267673432827,0.12783333333333333,0.20287472009658813,311,False,29,12.334222222222214,1.1744018449120792,False,29,undercount,0,el camino hondo cerca a alto recto abajo solo raso lento hondo erca alto recto abajo solo raso lento hondo cerca al tor to recto abajo sólo razo lento en el bosque antes de volver
xtts2es,ct_lejos_et3_k32,0,control_word,et3,32,32,40,lejos,52,23.072,20,0.1332586407661438,0.04379667341709137,0.13816666666666666,0.1679520606994629,496,False,50,15.690666666666656,1.470428280081578,False,50,undercount,0,el camino hondo cerca a alto recto abajo solo raso lentohondo ndo cerca alto recto abajo solo raso lento hondo do cerca alto recto abajo sólo razo lento hondo cerca alto alto recto abajo sólo rastro lento en el bosque antes de volver minu indo en bambos antes de volver
xtts2es,ct_lejos_et3_k32,1,control_word,et3,32,32,40,lejos,56,20.288,20,0.1360434889793396,0.037813715636730194,0.10883333333333334,0.17594701051712036,436,False,43,15.690666666666656,1.2929979605710409,False,43,undercount,0,el camino hondo cercada al torreto abajo sólo razo lentohondo cerca alto recto abajo sólo raso lento hondo cerca alto recto abajo sólo raso lento hondo cerca alto errecto a abajosolo o aso lento hondo cerca a alto recto a bajo sólo raso lento en el bosque antes de volve e volver
xtts2es,ct_lejos_et3_k32,2,control_word,et3,32,32,40,lejos,45,21.173333333333332,6,0.12476953119039536,0.04012329876422882,1.4905833333333334,0.2863990068435669,455,False,45,15.690666666666656,1.3494221617946982,False,45,undercount,0,el camino ondo cerca a alto recto abajo solo razo lento ondo cercal alto recto abajo sólo razo lento hondo cerca al tor recto abajo solo raso lento hondo cerca alto recto abajo  sólo razo lento en el bosque  antes de volver mee
xtts2es,ct_muy_et1_k02,0,control_word,et1,2,2,11,muy,11,3.7546666666666666,0,0.14157262444496155,0.02043638378381729,0.16179166666666667,0.3705418109893799,80,False,2,3.381333333333338,1.1104100946372224,False,2,undercount,0,el perro era tampoco grande y corría por el campo
xtts2es,ct_muy_et1_k02,1,control_word,et1,2,2,11,muy,11,3.2426666666666666,0,0.13462971150875092,0.017772551625967026,0.1375,0.09049958735704422,69,False,2,3.381333333333338,0.9589905362776012,False,2,undercount,0,el perro era tampoco grande y corría por el campo
xtts2es,ct_muy_et1_k02,2,control_word,et1,2,2,11,muy,12,3.3813333333333335,2,0.13281391561031342,0.007120948284864426,0.16,0.19503678381443024,72,False,2,3.381333333333338,0.9999999999999987,True,2,correct,1,el perro era tan poco grande y corría por el campo
xtts2es,ct_muy_et1_k03,0,control_word,et1,3,3,12,muy,25,9.045333333333334,3,0.12796124815940857,0.023319439962506294,0.19983333333333334,0.2742256820201874,194,False,4,6.3306666666666676,1.4288121314237572,True,3,correct,1,el perro era tan poco algo grande y corría por el campo irañevos de vivas aguas somelconéno sobre el qeampos cabame conesta
xtts2es,ct_muy_et1_k03,1,control_word,et1,3,3,12,muy,11,3.008,1,0.13843445479869843,0.005936224479228258,0.13954166666666667,0.21524876356124878,64,False,2,6.3306666666666676,0.4751474304970513,True,1,truncation,0,el perro era tampoco algo grande corría por el campo
xtts2es,ct_muy_et1_k03,2,control_word,et1,3,3,12,muy,13,3.616,3,0.1396033763885498,0.006971391383558512,0.121375,0.20550045371055603,77,False,2,6.3306666666666676,0.5711878685762426,True,3,truncation,0,el perro era tan poco algo grande y corría por el campo
xtts2es,ct_muy_et1_k04,0,control_word,et1,4,4,13,muy,13,3.9466666666666668,1,0.13756561279296875,0.019095102325081825,0.17770833333333333,0.23438392579555511,84,False,2,9.279999999999998,0.4252873563218392,True,1,truncation,0,el perro era tampoco algo arto grande y corría por el campo
xtts2es,ct_muy_et1_k04,1,control_word,et1,4,4,13,muy,13,4.224,1,0.12137384712696075,0.030998464673757553,1.2025833333333333,0.43864935636520386,90,False,2,9.279999999999998,0.4551724137931036,True,1,truncation,0,el perro era tampoco algo arto grande y corría por el campo
xtts2es,ct_muy_et1_k04,2,control_word,et1,4,4,13,muy,14,4.128,3,0.1392248570919037,0.0059470441192388535,0.14866666666666667,0.2216779589653015,88,False,2,9.279999999999998,0.44482758620689666,True,3,truncation,0,el perro era tan poco algo arto grande y corría por el campo
xtts2es,ct_muy_et1_k06,0,control_word,et1,6,6,15,muy,16,4.597333333333333,5,0.13610334694385529,0.010189894586801529,0.17033333333333334,0.1935155689716339,98,False,2,15.178666666666658,0.3028812368236123,False,5,truncation,0,el perro era tan poco algo arto casi medio grande y corría por el campo
xtts2es,ct_muy_et1_k06,1,control_word,et1,6,6,15,muy,15,3.6586666666666665,3,0.13703954219818115,0.010557065717875957,0.16904166666666667,0.16344799101352692,78,False,2,15.178666666666658,0.24104005621925523,True,3,truncation,0,el perro era tampoco algo arto casi medio grande y corría por el camp
xtts2es,ct_muy_et1_k06,2,control_word,et1,6,6,15,muy,16,4.778666666666667,5,0.1378849893808365,0.009561832994222641,0.13970833333333332,0.3208290636539459,102,False,2,15.178666666666658,0.31482782853127217,False,5,truncation,0,el perro era tan poco algo arto casi medio grande y corría por el campo
xtts2es,ct_muy_et1_k08,0,control_word,et1,8,8,17,muy,19,5.888,5,0.13904495537281036,0.0190842617303133,0.14083333333333334,0.20420362055301666,126,False,3,21.077333333333318,0.27935222672064797,False,5,truncation,0,el perro era tampoco algo arto casi medio nada bien grande y corría ría por el campo
xtts2es,ct_muy_et1_k08,1,control_word,et1,8,8,17,muy,17,4.405333333333333,5,0.14255686104297638,0.008196423761546612,0.170125,0.18688234686851501,94,False,2,21.077333333333318,0.20900809716599206,False,5,truncation,0,el perro era tampoco algo arto casi medio nada bien grande y corría por el campo
xtts2es,ct_muy_et1_k08,2,control_word,et1,8,8,17,muy,17,6.026666666666666,7,0.13914477825164795,0.020495662465691566,0.13425,0.21869966387748718,129,False,3,21.077333333333318,0.28593117408906904,False,7,truncation,0,el perro era tan poco algo arto casi medio nada bien grande corría por el campo
xtts2es,ct_muy_et1_k12,0,control_word,et1,12,12,21,muy,22,7.424,6,0.14427787065505981,0.016140365973114967,0.17241666666666666,0.22451239824295044,159,False,3,32.87466666666664,0.22582738481505535,False,6,truncation,0,el perro era tanpoco algo arto casi medio nada bien tampoco algo ar o arto grande y corría por el campo
xtts2es,ct_muy_et1_k12,1,control_word,et1,12,12,21,muy,20,6.176,6,0.14277932047843933,0.016441142186522484,0.17691666666666667,0.18768231570720673,132,False,3,32.87466666666664,0.18786502271252448,False,6,truncation,0,el perro era tampoco algo arto casi medio nada bien tampoco algo arto grande y corría por el camp
xtts2es,ct_muy_et1_k12,2,control_word,et1,12,12,21,muy,21,6.8693333333333335,7,0.13660764694213867,0.013357402756810188,0.16883333333333334,0.21999257802963257,147,False,3,32.87466666666664,0.20895522388059717,False,7,truncation,0,el perro era tan poco algo arto casi medio nada bien tampoco aguarto arto grande y corría por el campo
xtts2es,ct_muy_et1_k16,0,control_word,et1,16,16,25,muy,24,8.821333333333333,9,0.14308950304985046,0.018194571137428284,0.156625,0.18512794375419617,189,False,4,44.67199999999996,0.19746895893027716,False,9,truncation,0,el perro era tampoco algo arto casi medio nada bien tampocoalo rt arto casi medio nada bien grande y corría por el campo
xtts2es,ct_muy_et1_k16,1,control_word,et1,16,16,25,muy,25,7.978666666666666,10,0.14442448318004608,0.015445936471223831,0.19504166666666667,0.19876982271671295,171,False,4,44.67199999999996,0.1786055396370584,False,10,truncation,0,el perro era tampoco algo arto casi medio nada bien tampoco algo arto casi asi medio nada bien grande y corría por el campo
xtts2es,ct_muy_et1_k16,2,control_word,et1,16,16,25,muy,27,8.405333333333333,11,0.14339138567447662,0.019973425194621086,0.12233333333333334,0.21272672712802887,180,False,4,44.67199999999996,0.1881566380133717,False,11,truncation,0,el perro era tan poco algo arto casi medio nada bien tampoco hay jugard arto casi en medio nada bien grande y corría por el campo
xtts2es,ct_muy_et1_k24,0,control_word,et1,24,24,33,muy,32,10.773333333333333,6,0.14387626945972443,0.018457280471920967,0.13095833333333334,0.14417991042137146,231,False,5,68.2666666666666,0.15781250000000016,True,6,truncation,0,el perro era tampoco algo arto casi medio nada bien tampoco algo arto arto casi medio nada bien tampoco algua harto casi medio nada bien grandey corri rría por el campo
xtts2es,ct_muy_et1_k24,1,control_word,et1,24,24,33,muy,39,14.666666666666666,6,0.13704991340637207,0.01812721975147724,0.16479166666666667,0.14254596829414368,315,False,6,68.2666666666666,0.21484375000000022,True,6,truncation,0,el perro era tampoco algo arto casi medio nada bien tampoco algo arto casi medio nada bien tampoco algo arto casi medio nada bien tampoco poco algo arto casi medio nada bien grande y corría por el campo
xtts2es,ct_muy_et1_k24,2,control_word,et1,24,24,33,muy,32,11.648,15,0.13651365041732788,0.02164248190820217,0.14079166666666668,0.26791003346443176,250,False,5,68.2666666666666,0.17062500000000017,False,15,truncation,0,el perro era tampoco algo arto casi medio nada bien tampoco algo arto casi medio nada bien tampoco algo arto casi medio nada bien grande nde y corría por el campo
xtts2es,ct_muy_et1_k32,0,control_word,et1,32,32,41,muy,50,20.149333333333335,6,0.13655373454093933,0.02663610875606537,0.152625,0.17824015021324158,433,False,8,91.86133333333323,0.21934509986065978,True,6,truncation,0,el perro era tampoco algo arto casi medio nada bien tampoco algo ardo casi medio nada bien tampoco algo arto casi me dio nada bien bien tampoco algo harto casi me dio nada bien tampoco alg algo arto casi medio nada bien grande y corría por el campo ampos
xtts2es,ct_muy_et1_k32,1,control_word,et1,32,32,41,muy,46,19.082666666666668,15,0.12410617619752884,0.02152992971241474,0.18766666666666668,0.24155572056770325,410,False,7,91.86133333333323,0.20773339526242476,False,15,truncation,0,el perro era tampoco algo arto casi medio nada bien tampoco algo arto casi medio nada bien tampoco algo harto casi medio nada bien tampoco algo go harto casi medio nada bien tampoco algo así ne dio nada bien grande y corría por el campo
xtts2es,ct_muy_et1_k32,2,control_word,et1,32,32,41,muy,48,19.541333333333334,11,0.13302476704120636,0.02446473389863968,0.15204166666666666,0.15538647770881653,420,False,7,91.86133333333323,0.2127264282396658,True,11,truncation,0,el perro era tampoco algo arto casi medio nada bien tampoco algo art uarto casi medio nada bien tampoco algo harto casi medio n o nada bien tampoco algo arto casi me dio nada bien  tampoco algo arto casi medio nada bien grande y corria por el campo
xtts2es,ct_no_et2_k02,0,control_word,et2,2,2,10,no,10,2.688,2,0.14331257343292236,0.028502587229013443,0.16225,0.25021329522132874,57,False,2,2.7200000000000006,0.9882352941176469,True,2,correct,1,ella dijo claro bueno a la oferta y luego salió
xtts2es,ct_no_et2_k02,1,control_word,et2,2,2,10,no,10,2.965333333333333,2,0.14892169833183289,0.03343087062239647,0.17445833333333333,0.2450592964887619,63,False,2,2.7200000000000006,1.0901960784313722,True,2,correct,1,ella dijo claro bueno a la oferta y luego salió
xtts2es,ct_no_et2_k02,2,control_word,et2,2,2,10,no,10,2.506666666666667,2,0.14264443516731262,0.028427263721823692,0.18079166666666666,0.18352019786834717,53,False,2,2.7200000000000006,0.9215686274509802,True,2,correct,1,ella dijo claro bueno a la oferta y luego salió
xtts2es,ct_no_et2_k03,0,control_word,et2,3,3,11,no,11,3.3813333333333335,3,0.13390858471393585,0.033869773149490356,0.173375,0.2258588820695877,72,False,3,3.4453333333333336,0.9814241486068112,True,3,correct,1,ella dijo claro bueno vale a la oferta y luego salió
xtts2es,ct_no_et2_k03,1,control_word,et2,3,3,11,no,11,3.3386666666666667,3,0.13435915112495422,0.022271012887358665,0.16033333333333333,0.1976238489151001,71,False,3,3.4453333333333336,0.9690402476780186,True,3,correct,1,ella dijo claro bueno vale a la oferta y luego salió
xtts2es,ct_no_et2_k03,2,control_word,et2,3,3,11,no,11,3.616,3,0.14009661972522736,0.03426438570022583,0.16375,0.17103178799152374,77,False,3,3.4453333333333336,1.0495356037151702,True,3,correct,1,ella dijo claro bueno vale a la oferta y luego salió
xtts2es,ct_no_et2_k04,0,control_word,et2,4,4,12,no,12,3.52,4,0.14203765988349915,0.04144963249564171,0.11429166666666667,0.15593060851097107,75,False,3,4.1706666666666665,0.8439897698209718,True,4,correct,1,ella dijo claro bueno vale listo a la oferta y luego salió
xtts2es,ct_no_et2_k04,1,control_word,et2,4,4,12,no,11,4.085333333333334,4,0.1393173485994339,0.04097664728760719,0.176,0.26331329345703125,87,False,4,4.1706666666666665,0.9795396419437341,True,4,correct,1,ella dijo claro bueno vale listo la oferta y luego salió
xtts2es,ct_no_et2_k04,2,control_word,et2,4,4,12,no,12,3.808,4,0.14090563356876373,0.04404262453317642,0.17108333333333334,0.20003482699394226,81,False,3,4.1706666666666665,0.9130434782608695,True,4,correct,1,ella dijo claro bueno vale listo a la oferta y luego salió
xtts2es,ct_no_et2_k06,0,control_word,et2,6,6,14,no,14,4.736,6,0.12940645217895508,0.04718785732984543,0.14791666666666667,0.19675754010677338,101,False,5,5.621333333333332,0.8425047438330172,True,6,correct,1,ella dijo claro bueno vale listo justo fijo a la oferta y luego salió
xtts2es,ct_no_et2_k06,1,control_word,et2,6,6,14,no,4,1.856,2,0.14194844663143158,0.04147486761212349,0.198125,0.321441650390625,39,False,1,5.621333333333332,0.3301707779886149,True,2,truncation,0,ella dijo claro bueno
xtts2es,ct_no_et2_k06,2,control_word,et2,6,6,14,no,13,4.448,4,0.14018312096595764,0.05516260489821434,0.17979166666666666,0.22734718024730682,95,False,4,5.621333333333332,0.7912713472485771,True,4,undercount,0,ella dijo claro bueno vale listo justofijo a la oferta y luego salió
xtts2es,ct_no_et2_k08,0,control_word,et2,8,8,16,no,17,6.176,8,0.13016588985919952,0.05604557320475578,0.16116666666666668,0.24392589926719666,132,False,7,7.071999999999999,0.8733031674208146,True,8,correct,1,ella dijo claro bueno vale listo justo fijo cierto exacto a la oferta erta y luego salió
xtts2es,ct_no_et2_k08,1,control_word,et2,8,8,16,no,17,6.261333333333333,8,0.1361551433801651,0.04845477268099785,0.15275,0.16456690430641174,134,False,7,7.071999999999999,0.885369532428356,True,8,correct,1,ella dijo claro bueno vale listo justo fijo cierto exacto a la ofer ferta y luego salió
xtts2es,ct_no_et2_k08,2,control_word,et2,8,8,16,no,18,7.381333333333333,8,0.1290292590856552,0.06751056015491486,0.18670833333333334,0.2081710249185562,158,False,8,7.071999999999999,1.043740573152338,True,8,correct,1,ella dijo claro bueno vale listo justo fijo cierto exacto a la oferta ta y luego saliónú
xtts2es,ct_no_et2_k12,0,control_word,et2,12,12,20,no,21,8.405333333333333,12,0.12954309582710266,0.050622742623090744,0.13066666666666665,0.21454565227031708,180,False,10,9.973333333333331,0.8427807486631018,False,12,correct,1,ella dijo claro bueno vale listo justo fijo cierto exacto claro aro bueno vale listo a la oferta y luego salió
xtts2es,ct_no_et2_k12,1,control_word,et2,12,12,20,no,20,8.448,12,0.13795001804828644,0.04682079702615738,0.14575,0.17907971143722534,181,False,10,9.973333333333331,0.847058823529412,False,12,correct,1,ella dijo claro bueno vale listo justo fijo cierto exacto claro bueno vale listo a la oferta y luego salió
xtts2es,ct_no_et2_k12,2,control_word,et2,12,12,20,no,22,11.648,11,0.1169905886054039,0.05175163224339485,2.0828333333333333,0.1562679558992386,250,False,14,9.973333333333331,1.167914438502674,False,14,undercount,0,ella dijo claro bueno  vale listo  justo fijo cierto exacto claro hbueno vale listo a la oferta y luego salió ee etalio
xtts2es,ct_no_et2_k16,0,control_word,et2,16,16,24,no,24,9.472,15,0.13006383180618286,0.057356733828783035,0.13633333333333333,0.16975915431976318,203,False,11,12.874666666666663,0.7357083678541841,False,15,undercount,0,ella dijo claro bueno vale listo justo fijo  cierto exacto  claro  bueno bale listo justo fijo cierto exacto a la oferta y luego salió
xtts2es,ct_no_et2_k16,1,control_word,et2,16,16,24,no,24,9.418666666666667,16,0.1319303959608078,0.055692534893751144,0.14079166666666668,0.2613512873649597,202,False,11,12.874666666666663,0.7315658657829331,False,16,correct,1,ella dijo claro bueno vale listo justo fijo cierto exacto  claro bueno vale listo justo fijo cierto exacto a la oferta y luego salió
xtts2es,ct_no_et2_k16,2,control_word,et2,16,16,24,no,26,10.346666666666666,16,0.13170577585697174,0.057970933616161346,0.15529166666666666,0.2176702618598938,222,False,13,12.874666666666663,0.803645401822701,False,16,correct,1,ella dijo claro bueno vale listo justo fijo cierto exacto claro bueno vale listo justo fijo cierto exacto a la oferta y luego salióuh ukia
xtts2es,ct_no_et2_k24,0,control_word,et2,24,24,32,no,46,20.149333333333335,23,0.11873389780521393,0.05615107715129852,0.16520833333333335,0.22408968210220337,433,False,26,18.67733333333333,1.078812107367219,True,23,undercount,0,ella dijo claro bueno vale listo justo fijo cierto exacto claro bueno vale listo justo fijo  cierto exacto  claro bueno vale listo tjusto fijo cierto exacto a la oferta y luego salió alió con que sá siento mersiado n edoma es corce colie segur no teb
xtts2es,ct_no_et2_k24,1,control_word,et2,24,24,32,no,34,14.293333333333333,16,0.12967927753925323,0.06806188821792603,0.13495833333333335,0.17521362006664276,307,False,18,18.67733333333333,0.76527698458024,True,16,undercount,0,ella dijo claro bueno vale listo justo fijo cierto exacto claro aro bueno  valelisto justo fijo cierto exacto claro  bueno vale listo justo fijo cierto exacto a la oferta y luego salió undo campora
xtts2es,ct_no_et2_k24,2,control_word,et2,24,24,32,no,32,13.557333333333334,20,0.12471919506788254,0.0647260919213295,0.12325,0.2012690156698227,291,False,17,18.67733333333333,0.7258709308966307,True,20,undercount,0,ella dijo claro bueno  vale listo  justo fijo cierto exacto claro bueno  valelisto justo fijo cierto exacto  claro  bueno valelisto ju o justo fijo cierto exacto a la oferta y luego salió
xtts2es,ct_no_et2_k32,0,control_word,et2,32,32,40,no,52,17.173333333333332,32,0.1232452392578125,0.06660408526659012,0.14575,0.13015246391296387,369,False,22,24.479999999999993,0.701525054466231,False,32,correct,1,ella dijo claro  bueno vale listo o justo fijo cierto exacto claro bueno  vale isto listo justo fijo cierto exacto claro bueno vale listo justo fijo cierto exacto claro claro bueno vale listo justo fijo cierto exacto claro bueno  vale listo  justo sto fijo cierto exacto a la oferta y luego salió
xtts2es,ct_no_et2_k32,1,control_word,et2,32,32,40,no,41,19.829333333333334,32,0.1280742734670639,0.06462161988019943,0.11966666666666667,0.2881518304347992,426,False,26,24.479999999999993,0.810021786492375,False,32,correct,1,ella dijo claro bueno vale listo justo fijo cierto exacto claro bueno vale el listo justo fijo cierto exacto claro bueno vale listo  justo fijo  cierto exacto  claro bueno vale listo justo fijo cierto exacto a la oferta y luego salió
xtts2es,ct_no_et2_k32,2,control_word,et2,32,32,40,no,43,20.149333333333335,30,0.12757760286331177,0.061950523406267166,0.15083333333333335,0.1485700160264969,433,False,26,24.479999999999993,0.8230936819172117,True,30,undercount,0,ella dijo claro bueno  vale listo  justo fijo cierto exacto  claro bueno  vale listo  justo fijo  cierto exacto  claro  bueno vale listo e listo justo fijo cierto exacto  claro  bueno  valelisto  juso justo fijo cierto exacto la oferta y luego salió con tonton
xtts2es,ct_tan_et6_k02,0,control_word,et6,2,2,9,tan,9,3.2426666666666666,2,0.13701948523521423,0.03830970078706741,0.13954166666666667,0.2624901533126831,69,False,2,3.1679999999999984,1.023569023569024,True,2,correct,1,ellos estaban muy poco cansados tras el largo viaje
xtts2es,ct_tan_et6_k02,1,control_word,et6,2,2,9,tan,9,2.784,2,0.14313463866710663,0.03800109028816223,0.12408333333333334,0.17251946032047272,59,False,1,3.1679999999999984,0.8787878787878792,True,2,correct,1,ellos estaban muy poco cansados tras el largo viaje
xtts2es,ct_tan_et6_k02,2,control_word,et6,2,2,9,tan,9,3.477333333333333,2,0.13630397617816925,0.03382905572652817,0.17754166666666665,0.18537095189094543,74,False,3,3.1679999999999984,1.0976430976430982,True,2,correct,1,ellos estaban muy poco cansados tras el largo viaje
xtts2es,ct_tan_et6_k03,0,control_word,et6,3,3,10,tan,10,3.9466666666666668,3,0.13412357866764069,0.03212602809071541,0.18666666666666668,0.1933877021074295,84,False,3,3.711999999999999,1.063218390804598,True,3,correct,1,ellos estaban muy poco algo cansados tras el largo viaje
xtts2es,ct_tan_et6_k03,1,control_word,et6,3,3,10,tan,10,3.296,3,0.14327171444892883,0.0317256823182106,0.16229166666666667,0.2566438317298889,70,False,2,3.711999999999999,0.8879310344827589,True,3,correct,1,ellos estaban muy poco algo cansados tras el largo viaje
xtts2es,ct_tan_et6_k03,2,control_word,et6,3,3,10,tan,10,3.8933333333333335,3,0.13908135890960693,0.033477626740932465,0.167,0.25853773951530457,83,False,3,3.711999999999999,1.048850574712644,True,3,correct,1,ellos estaban muy poco algo cansados tras el largo viaje
xtts2es,ct_tan_et6_k04,0,control_word,et6,4,4,11,tan,11,4.085333333333334,4,0.13662008941173553,0.03165188059210777,0.16641666666666666,0.11254197359085083,87,False,4,4.2559999999999985,0.959899749373434,True,4,correct,1,ellos estaban muy poco algo medio cansados tras el largo viaje
xtts2es,ct_tan_et6_k04,1,control_word,et6,4,4,11,tan,13,5.1946666666666665,3,0.12699595093727112,0.03428277000784874,0.193375,0.3611604571342468,111,False,6,4.2559999999999985,1.2205513784461157,False,6,undercount,0,ellos estaban muy poco algún medio cansados tras el largo viaje kis
xtts2es,ct_tan_et6_k04,2,control_word,et6,4,4,11,tan,11,4.266666666666667,4,0.1414930522441864,0.02856234461069107,0.16325,0.2831895351409912,91,False,4,4.2559999999999985,1.0025062656641608,True,4,correct,1,ellos estaban muy poco algo medio cansados tras el largo viaje
xtts2es,ct_tan_et6_k06,0,control_word,et6,6,6,13,tan,13,4.544,5,0.13847297430038452,0.03615661710500717,0.17795833333333333,0.15232528746128082,97,False,5,5.343999999999999,0.8502994011976048,True,5,undercount,0,ellos estaban muy poco algo medio arto casi cansados tras el largo viaje
xtts2es,ct_tan_et6_k06,1,control_word,et6,6,6,13,tan,13,3.8933333333333335,4,0.14567053318023682,0.03066348284482956,0.12508333333333332,0.1586703658103943,83,False,3,5.343999999999999,0.7285429141716568,True,4,undercount,0,ellos estaban muy poco n medio arto casi cansados tras el largo viaje
xtts2es,ct_tan_et6_k06,2,control_word,et6,6,6,13,tan,14,5.664,5,0.12974348664283752,0.035174597054719925,1.29625,0.4073393940925598,121,False,7,5.343999999999999,1.0598802395209581,False,7,undercount,0,ellos estaban muy poco algo medio arto casi cansados tras el largo viaje ta
xtts2es,ct_tan_et6_k08,0,control_word,et6,8,8,15,tan,15,5.152,6,0.14172561466693878,0.030034245923161507,0.183125,0.2487221211194992,110,False,6,6.4319999999999995,0.800995024875622,True,6,undercount,0,ellos estaban muy poco algo medio arto casi nada biencansados tras el largo viaje g
xtts2es,ct_tan_et6_k08,1,control_word,et6,8,8,15,tan,15,5.0986666666666665,7,0.14066053926944733,0.030531661584973335,0.14158333333333334,0.2059348225593567,109,False,6,6.4319999999999995,0.7927031509121062,True,7,undercount,0,ellos estaban muy poco algo medio arto casi nada bien cansados tras el largo viaje
xtts2es,ct_tan_et6_k08,2,control_word,et6,8,8,15,tan,15,5.152,7,0.137658029794693,0.029534006491303444,0.18870833333333334,0.2650451958179474,110,False,6,6.4319999999999995,0.800995024875622,True,7,undercount,0,ellos estaban muy poco algo medio arto casi nada bien cansados tras el largo viaje
xtts2es,ct_tan_et6_k12,0,control_word,et6,12,12,19,tan,20,6.677333333333333,11,0.1429477483034134,0.028501449152827263,0.17225,0.20416438579559326,143,False,8,8.608,0.7757125154894671,False,11,undercount,0,ellos estaban muy poco algo medio arto casi nada bien muy poco algo medio cansado sados tras el largo viaje
xtts2es,ct_tan_et6_k12,1,control_word,et6,12,12,19,tan,19,6.314666666666667,9,0.14113354682922363,0.033992402255535126,0.162,0.19599974155426025,135,False,8,8.608,0.7335811648079306,True,9,undercount,0,ellos estaban muy poco algo medio arto casi nada bien muy pocoalgo medio cansa cansados tras el largo viaje
xtts2es,ct_tan_et6_k12,2,control_word,et6,12,12,19,tan,19,6.826666666666667,9,0.14252327382564545,0.03595994412899017,0.13866666666666666,0.21669495105743408,146,False,9,8.608,0.7930607187112764,True,9,undercount,0,ellos estaban muy poco algo medio arto casi nada bien muy pocoalo go medio cansados tras el largo viaje
xtts2es,ct_tan_et6_k16,0,control_word,et6,16,16,23,tan,23,8.032,12,0.14732763171195984,0.026975519955158234,0.14141666666666666,0.17454896867275238,172,False,11,10.784,0.744807121661721,True,12,undercount,0,ellos estaban muy poco algo medio arto casi nada bien muy pocoalgo medio-art uarto casi nada bien cansados tras el largo viaje
xtts2es,ct_tan_et6_k16,1,control_word,et6,16,16,23,tan,24,8.032,14,0.14245475828647614,0.027692072093486786,0.18245833333333333,0.18500018119812012,172,False,11,10.784,0.744807121661721,False,14,undercount,0,ellos estaban muy poco algo medio arto casi nada bien muy poco algo medio edio arto casi nada bien cansados tras el largo viaje
xtts2es,ct_tan_et6_k16,2,control_word,et6,16,16,23,tan,24,10.208,14,0.12861116230487823,0.037553783506155014,1.9859166666666668,0.21420316398143768,219,False,15,10.784,0.9465875370919881,True,14,undercount,0,ellos estaban muy poco algo medio arto casi nada bien muy poco algo medio arto casi nada bien cansados tras el largo viaje a
xtts2es,ct_tan_et6_k24,0,control_word,et6,24,24,31,tan,32,11.509333333333334,21,0.1461269110441208,0.03175102546811104,0.14783333333333334,0.2224661409854889,247,False,17,15.136000000000003,0.7603946441155742,False,21,undercount,0,ellos estaban muy poco algo medio arto casi nada bien muy poco algo medio art arto casi nada bien muy poco algo medio arto casi nada bien cansados as el largo viaje
xtts2es,ct_tan_et6_k24,1,control_word,et6,24,24,31,tan,31,11.925333333333333,14,0.14477907121181488,0.03529113158583641,0.15375,0.2334275096654892,256,False,18,15.136000000000003,0.7878787878787877,False,18,undercount,0,ellos estaban muy poco algo medio arto casi nada bien muy pocoalgo medio edio arto casi nada bien muy poco algo medio arto casi nada bien cansados tras el largo viaje
xtts2es,ct_tan_et6_k24,2,control_word,et6,24,24,31,tan,33,11.050666666666666,21,0.1443546712398529,0.037294164299964905,0.13329166666666667,0.24750319123268127,237,False,16,15.136000000000003,0.730091613812544,False,21,undercount,0,ellos estaban muy poco algo medio arto casi nada bien muy poco algo medio art arto casi nada bien muy poco algo medio arto casi nada bien cansados trasa tras el largo viaje
xtts2es,ct_tan_et6_k32,0,control_word,et6,32,32,39,tan,52,16.064,28,0.14495903253555298,0.0272593442350626,0.158875,0.22635646164417267,345,False,26,19.488000000000003,0.8243021346469621,True,28,undercount,0,ellos estaban muy poco algo medio arto casi nada bien muy poco algo medio art arto casi nada bien muy poco algo medio arto casi nada bien muy poco algo mi o medio arto casi nada bien muy poco algo medio arto casi nada bien cansados dos tras el largo víaje
xtts2es,ct_tan_et6_k32,1,control_word,et6,32,32,39,tan,49,18.752,21,0.13234107196331024,0.030912460759282112,0.14391666666666666,0.26471513509750366,403,False,31,19.488000000000003,0.9622331691297207,False,31,undercount,0,ellos estaban muy poco algo medio arto casi nada bien muy poco algo algo me dio harto casi nada bien muy poco algo medio hartocasi nada bien muy poco algo medio arto casi nada bien muy poco algo medior io arto  casi nada bien cansados tras el largo viaje
xtts2es,ct_tan_et6_k32,2,control_word,et6,32,32,39,tan,41,16.576,15,0.13142149150371552,0.03290759027004242,0.14641666666666667,0.1414090245962143,356,False,27,19.488000000000003,0.850574712643678,False,27,undercount,0,ellos estaban muy poco algo medio arto casi nada bien muy poco algo medo medio arto casi nada bien muy poco algo medio harto casi nada bien muy poco algo medio arto  casi nada bien cansados tras el largo viaje cosa
xtts2es,ct_veloz_et5_k02,0,control_word,et5,2,2,9,veloz,9,3.3813333333333335,2,0.1358039677143097,0.04207232967019081,0.1755,0.16766375303268433,72,False,2,3.338666666666666,1.0127795527156553,True,2,correct,1,el corredor iba firme suave por el camino estrecho
xtts2es,ct_veloz_et5_k02,1,control_word,et5,2,2,9,veloz,9,3.5733333333333333,2,0.13828033208847046,0.03937183693051338,0.16391666666666665,0.17893128097057343,76,False,2,3.338666666666666,1.0702875399361025,True,2,correct,1,el corredor iba firme suave por el camino estrecho
xtts2es,ct_veloz_et5_k02,2,control_word,et5,2,2,9,veloz,9,3.0613333333333332,2,0.13998541235923767,0.04002144932746887,0.157,0.23227903246879578,65,False,2,3.338666666666666,0.9169329073482431,True,2,correct,1,el corredor iba firme suave por el camino estrecho
xtts2es,ct_veloz_et5_k03,0,control_word,et5,3,3,10,veloz,10,4.085333333333334,3,0.1418667882680893,0.05103620886802673,0.13829166666666667,0.283169150352478,87,False,3,3.928888888888888,1.0398190045248872,True,3,correct,1,el corredor iba firme suave recto por el camino estrecho
xtts2es,ct_veloz_et5_k03,1,control_word,et5,3,3,10,veloz,10,4.224,3,0.13337929546833038,0.047571998089551926,0.16883333333333334,0.2070060521364212,90,False,4,3.928888888888888,1.075113122171946,True,3,correct,1,el corredor iba firme suave recto por el camino estrecho
xtts2es,ct_veloz_et5_k03,2,control_word,et5,3,3,10,veloz,10,3.477333333333333,3,0.13922220468521118,0.03644919395446777,0.15608333333333332,0.20536655187606812,74,False,2,3.928888888888888,0.8850678733031676,True,3,correct,1,el corredor iba firme suave recto por el camino estrecho
xtts2es,ct_veloz_et5_k04,0,control_word,et5,4,4,11,veloz,11,4.8213333333333335,4,0.13773243129253387,0.03901652991771698,0.177125,0.1854040026664734,103,False,5,4.51911111111111,1.0668764752163653,True,4,correct,1,el corredor iba firme suave recto lento por el camino estrecho
xtts2es,ct_veloz_et5_k04,1,control_word,et5,4,4,11,veloz,11,4.8213333333333335,4,0.13547533750534058,0.04077497497200966,0.15745833333333334,0.22196495532989502,103,False,5,4.51911111111111,1.0668764752163653,True,4,correct,1,el corredor iba firme suave recto lento por el camino estrecho
xtts2es,ct_veloz_et5_k04,2,control_word,et5,4,4,11,veloz,11,4.8213333333333335,4,0.13586588203907013,0.0372425876557827,0.14941666666666667,0.22510504722595215,103,False,5,4.51911111111111,1.0668764752163653,True,4,correct,1,el corredor iba firme suave recto lento por el camino estrecho
xtts2es,ct_veloz_et5_k06,0,control_word,et5,6,6,13,veloz,15,5.706666666666667,6,0.1328035444021225,0.034696850925683975,0.17270833333333332,0.17806389927864075,122,False,6,5.699555555555554,1.0012476606363072,True,6,correct,1,el corredor iba firme suave recto lento raudo tieso por el camino o no estrecho
xtts2es,ct_veloz_et5_k06,1,control_word,et5,6,6,13,veloz,14,6.218666666666667,6,0.13307234644889832,0.03916999325156212,0.14629166666666665,0.2780950665473938,133,False,7,5.699555555555554,1.091079226450406,True,6,correct,1,el corredor iba firme suave recto lento raudo tieso por r el camino estrecho
xtts2es,ct_veloz_et5_k06,2,control_word,et5,6,6,13,veloz,14,5.386666666666667,6,0.13654406368732452,0.039308372884988785,0.17775,0.20062807202339172,115,False,5,5.699555555555554,0.9451029320024956,True,6,correct,1,el corredor iba firme suave recto lento raudo tieso por el camino estrecho trecho
xtts2es,ct_veloz_et5_k08,0,control_word,et5,8,8,15,veloz,26,15.082666666666666,8,0.1264597773551941,0.04243205115199089,0.133875,0.2935948073863983,324,False,22,6.879999999999999,2.192248062015504,False,22,loop,0,el corredor iba firme suave recto lento raudo tieso fino y llano ano por el camino estrecho amdo po ese feinollano por el camino estrecho cho
xtts2es,ct_veloz_et5_k08,1,control_word,et5,8,8,15,veloz,16,6.730666666666667,8,0.13645154237747192,0.04753189906477928,0.18266666666666667,0.1961836814880371,144,False,8,6.879999999999999,0.978294573643411,True,8,correct,1,el corredor iba firme suave recto lento raudo tieso fino llano lano  por el camino estrecho
xtts2es,ct_veloz_et5_k08,2,control_word,et5,8,8,15,veloz,34,16.75733333333333,8,0.1246204748749733,0.04893440380692482,0.13216666666666665,0.2187405526638031,360,False,25,6.879999999999999,2.4356589147286822,False,25,loop,0,el corredor iba firme suave recto lento raudo tieso fino llano por el camino estrechoquién mos nomente a hacer en tasiera sofeno escolpeño ee pozo vino corposun duion onpo el sesino chano
xtts2es,ct_veloz_et5_k12,0,control_word,et5,12,12,19,veloz,22,13.28,8,0.12413069605827332,0.05359429121017456,0.16341666666666665,0.18218952417373657,285,False,19,9.240888888888886,1.4370911889188154,False,19,undercount,0,el corredor iba firme suave recto lento raudodieso fino ino llanofirme suave recto lento por do por el camino estrecho josephe sisci
xtts2es,ct_veloz_et5_k12,1,control_word,et5,12,12,19,veloz,20,8.725333333333333,12,0.12994056940078735,0.04309900850057602,0.13966666666666666,0.15270137786865234,187,False,11,9.240888888888886,0.944209311273567,True,12,correct,1,el corredor iba firme suave recto lento raudo tieso fino ya llano firme suave recto lento por el camino estrecho
xtts2es,ct_veloz_et5_k12,2,control_word,et5,12,12,19,veloz,22,8.352,11,0.13259559869766235,0.0423993244767189,0.14570833333333333,0.14562943577766418,179,False,10,9.240888888888886,0.9038091573682189,True,11,undercount,0,el corredor iba a firme suave recto lento raudo tieso fino ya no firme e suave recto lento por el camino estrecho
xtts2es,ct_veloz_et5_k16,0,control_word,et5,16,16,23,veloz,32,21.450666666666667,15,0.09820249676704407,0.04843449965119362,0.14275,0.3951491713523865,461,False,33,11.601777777777775,1.8489120441311682,False,33,loop,0,el corredor iba firme suave recto lento raudo tieso fino llano firme  suave recto lento raudo dieso fino no  llano  por el camino estrecho es entendido e de delentamento a loa in
xtts2es,ct_veloz_et5_k16,1,control_word,et5,16,16,23,veloz,26,11.786666666666667,8,0.13550607860088348,0.052211690694093704,0.18383333333333332,0.22904376685619354,253,False,16,11.601777777777775,1.01593625498008,False,16,undercount,0,el corredor iba firme suave recto lento raudo dieso fino ya o llano firme suave recto lento raudo tieso fino llano o por el camino estrecho
xtts2es,ct_veloz_et5_k16,2,control_word,et5,16,16,23,veloz,25,9.045333333333334,14,0.13399994373321533,0.051002878695726395,0.116,0.1600884199142456,194,False,12,11.601777777777775,0.7796506282562061,True,14,undercount,0,el corredor iba firme suave recto lento raudo tieso fino ya no firme suave be recto lento raudo tieso fino clano por el camino estrecho
xtts2es,ct_veloz_et5_k24,0,control_word,et5,24,24,31,veloz,33,14.346666666666666,23,0.13369248807430267,0.04993818327784538,0.17454166666666668,0.1856473833322525,308,False,21,16.32355555555555,0.8788934872576782,True,23,undercount,0,el corredor iba firme suave recto lento raudo tieso fino llano firme sua suave recto lento raudo tieso fino llano firme suaverect recto lento raudo tieso fino llano por el camino estrechoun ti
xtts2es,ct_veloz_et5_k24,1,control_word,et5,24,24,31,veloz,15,6.634666666666667,10,0.14443302154541016,0.04830961301922798,0.17579166666666668,0.24843941628932953,142,False,8,16.32355555555555,0.40644739708124605,True,10,truncation,0,el corredor iba firme suave recto lento raudo dieso fino llano o firme suave recto
xtts2es,ct_veloz_et5_k24,2,control_word,et5,24,24,31,veloz,33,17.312,16,0.1252974569797516,0.04935802146792412,0.15695833333333334,0.11289650946855545,372,False,26,16.32355555555555,1.0605532563711613,False,26,undercount,0,el corredor iba firme suave recto lento raudo tieso fino llano firme suave  recto lento raudo  tiezo fino yano ano firme suave recto lento raudo tieso fino ya llano por el camino estrecho
xtts2es,ct_veloz_et5_k32,0,control_word,et5,32,32,39,veloz,41,20.704,32,0.13146255910396576,0.048786040395498276,0.5550416666666667,0.15442253649234772,445,False,31,21.04533333333333,0.9837810440952867,True,32,correct,1,el corredor iba firme suave recto lento raudo tieso fino llano firme sua suave recto lento raudo tieso fino llano firme suave recto lento raudo tieso fino llano firme suave recto lento raudo tieso fino llano por el camino estrech trecho
xtts2es,ct_veloz_et5_k32,1,control_word,et5,32,32,39,veloz,41,19.125333333333334,23,0.13158981502056122,0.05712041258811951,0.16520833333333335,0.1670668125152588,411,False,29,21.04533333333333,0.908768373035986,False,29,undercount,0,el corredor iba firme suave recto lento raudo tieso fino llano ano firme  suave rectolento raudo  dieso fino llano firme me suave recto lento raudo tieso fino  llano  firme suave ave recto lento raudo pieso fino llano por el camino estrecho
xtts2es,ct_veloz_et5_k32,2,control_word,et5,32,32,39,veloz,40,20.288,16,0.12197589874267578,0.051652152091264725,0.14933333333333335,0.2062787413597107,436,False,31,21.04533333333333,0.9640141915864169,False,31,undercount,0,el corredor iba firme suave recto lento raudo tieso fino llano firme suave recto lento raudo  tiezo finoyano lano firme  suave recto lento raudo tiasofino llano firme  suave e recto lento raudo tieso fino llano  por el camino estretco trecho
xtts2es,wr_azul_et4_k01,0,word_rep,et4,1,1,8,azul,8,2.688,1,0.13721270859241486,0.041725024580955505,0.126,0.32310932874679565,57,False,1,2.448957264957264,1.0976100067009162,True,1,correct,1,la luz era azul antes de la tormenta
xtts2es,wr_azul_et4_k01,1,word_rep,et4,1,1,8,azul,8,2.272,1,0.1416587233543396,0.028518609702587128,0.180375,0.38985446095466614,48,False,1,2.448957264957264,0.9277417913781553,True,1,correct,1,la luz era azul antes de la tormenta
xtts2es,wr_azul_et4_k01,2,word_rep,et4,1,1,8,azul,8,2.7306666666666666,1,0.1393672078847885,0.03823722153902054,0.12833333333333333,0.3137517273426056,58,False,2,2.448957264957264,1.1150323877596608,True,1,correct,1,la luz era azul antes de la tormenta
xtts2es,wr_azul_et4_k02,0,word_rep,et4,2,2,9,azul,9,2.368,2,0.1436711698770523,0.03313872963190079,0.13308333333333333,0.2477596253156662,50,False,1,2.9811965811965804,0.7943119266055048,True,2,correct,1,la luz era azul azul antes de la tormenta
xtts2es,wr_azul_et4_k02,1,word_rep,et4,2,2,9,azul,9,2.506666666666667,2,0.14480184018611908,0.03987308219075203,0.17933333333333334,0.3349789083003998,53,False,1,2.9811965811965804,0.8408256880733948,True,2,correct,1,la luz era azul azul antes de la tormenta
xtts2es,wr_azul_et4_k02,2,word_rep,et4,2,2,9,azul,9,3.3813333333333335,2,0.13145393133163452,0.03401224687695503,0.14025,0.29542869329452515,72,False,3,2.9811965811965804,1.1342201834862389,True,2,correct,1,la luz era azul azul antes de la tormenta
xtts2es,wr_azul_et4_k03,0,word_rep,et4,3,3,10,azul,10,3.8933333333333335,3,0.136178120970726,0.040340375155210495,0.16008333333333333,0.25615185499191284,83,False,4,3.5134358974358966,1.1081270434376462,True,3,correct,1,la luz era azul azul azul antes de la tormenta
xtts2es,wr_azul_et4_k03,1,word_rep,et4,3,3,10,azul,10,3.477333333333333,3,0.13810622692108154,0.0527552105486393,0.13191666666666665,0.3185576796531677,74,False,3,3.5134358974358966,0.9897244278374593,True,3,correct,1,la luz era azul azul azul antes de la tormenta
xtts2es,wr_azul_et4_k03,2,word_rep,et4,3,3,10,azul,10,3.712,2,0.13703972101211548,0.044754162430763245,0.18704166666666666,0.2514321506023407,79,False,3,3.5134358974358966,1.0565156468939751,True,2,undercount,0,la luz era azul ázul azul antes de la tormenta
xtts2es,wr_azul_et4_k04,0,word_rep,et4,4,4,11,azul,11,3.7546666666666666,4,0.14104905724525452,0.039445336908102036,0.17416666666666666,0.29777631163597107,80,False,3,4.045675213675213,0.9280692266089781,True,4,correct,1,la luz era azul azul azul azul antes de la tormenta
xtts2es,wr_azul_et4_k04,1,word_rep,et4,4,4,11,azul,12,3.808,1,0.13903360068798065,0.04452309384942055,0.19691666666666666,0.4489891231060028,81,False,4,4.045675213675213,0.9412520281233101,False,4,undercount,0,la luz era azul asul asul asul asul antes de la tormenta
xtts2es,wr_azul_et4_k04,2,word_rep,et4,4,4,11,azul,14,5.290666666666667,1,0.14816401898860931,0.037573374807834625,0.18233333333333332,0.3245586156845093,113,False,6,4.045675213675213,1.3077339102217418,False,6,undercount,0,la luz era azul asul aslasul antes de la tormentatontes de la tormenta enta
xtts2es,wr_azul_et4_k06,0,word_rep,et4,6,6,13,azul,15,5.152,7,0.14131978154182434,0.05760927125811577,0.154625,0.24516567587852478,110,False,6,5.110153846153846,1.0081888246628132,True,7,overcount,0,la luz era azul azul azul azul azul azul azul antes de la tormenta enta
xtts2es,wr_azul_et4_k06,1,word_rep,et4,6,6,13,azul,15,5.333333333333333,7,0.13904979825019836,0.05185316875576973,0.15395833333333334,0.26347288489341736,114,False,6,5.110153846153846,1.043673731535003,True,7,overcount,0,la luz era azul azul azul azul azul azul azul antes de la torment venta
xtts2es,wr_azul_et4_k06,2,word_rep,et4,6,6,13,azul,14,6.677333333333333,6,0.14094334840774536,0.047426849603652954,0.13854166666666667,0.25705376267433167,143,False,9,5.110153846153846,1.306679511881824,False,9,correct,1,la luz era azul azul azul azul azul azul ll antes de la tormenta
xtts2es,wr_azul_et4_k08,0,word_rep,et4,8,8,15,azul,16,5.610666666666667,7,0.14443309605121613,0.05481867864727974,0.127125,0.1926054060459137,120,False,7,6.174632478632478,0.9086640680368534,True,7,undercount,0,la luz era azul azul azul azul azul azul azul antes de la tor la tormenta
xtts2es,wr_azul_et4_k08,1,word_rep,et4,8,8,15,azul,16,5.525333333333333,8,0.1399109661579132,0.05167192965745926,0.15895833333333334,0.36366233229637146,118,False,7,6.174632478632478,0.8948440822111977,True,8,correct,1,la luz era azul azul azul azul azul azul azul azul antes de la torme tormenta
xtts2es,wr_azul_et4_k08,2,word_rep,et4,8,8,15,azul,16,7.52,8,0.1379546821117401,0.06567173451185226,0.159625,0.19732753932476044,161,False,11,6.174632478632478,1.2178862508858965,False,11,correct,1,la luz era azul azul azul azul azul azul l azul azul antes de la tormenta
xtts2es,wr_azul_et4_k12,0,word_rep,et4,12,12,19,azul,24,10.634666666666666,13,0.1445886194705963,0.06543932110071182,0.17825,0.16261719167232513,228,False,16,8.303589743589743,1.2807312252964427,False,16,overcount,0,la luz era azul azul azul azul azul azul azul azul azul azul azul azul azul antes de la tormentacontes delat e la tormenta
xtts2es,wr_azul_et4_k12,1,word_rep,et4,12,12,19,azul,19,7.8933333333333335,12,0.1382143795490265,0.0610981285572052,0.15954166666666666,0.2905489504337311,169,False,11,8.303589743589743,0.9505928853754941,True,12,correct,1,la luz era azul azul azul azul azul azul azul azul azul azul azul azul antes de la tormenta
xtts2es,wr_azul_et4_k12,2,word_rep,et4,12,12,19,azul,19,9.610666666666667,10,0.14304488897323608,0.06277244538068771,0.15654166666666666,0.3494667112827301,206,False,14,8.303589743589743,1.157411067193676,False,14,undercount,0,la luz era azul azul azul azul azul azul ul azul  aul azul azul azul antes de la tormenta
xtts2es,wr_azul_et4_k16,0,word_rep,et4,16,16,23,azul,16,7.104,12,0.14729368686676025,0.06798525899648666,0.17570833333333333,0.17889167368412018,152,False,10,10.432547008547008,0.680945889261745,True,12,truncation,0,la luz era azul azul azul azul azul azul azul azul zul azul azul azul azul
xtts2es,wr_azul_et4_k16,1,word_rep,et4,16,16,23,azul,28,11.84,18,0.13582518696784973,0.06191393733024597,0.19191666666666668,0.3057803511619568,254,False,19,10.432547008547008,1.1349098154362416,True,18,overcount,0,la luz era azul azul azul azul azul azul azul azul azul azul azul azul azul azul azul azul azul azul antes de la tor la tormenta es
xtts2es,wr_azul_et4_k16,2,word_rep,et4,16,16,23,azul,25,13.141333333333334,17,0.1414857655763626,0.0644802674651146,0.17283333333333334,0.2745668590068817,282,False,21,10.432547008547008,1.2596476510067116,False,21,overcount,0,la luz era azul azul azul azul azul azul ul azul azul  azul  azul  azul  azul azul azul azul azul azul antes de la tormenta
xtts2es,wr_azul_et4_k24,0,word_rep,et4,24,24,31,azul,33,17.226666666666667,22,0.13762816786766052,0.057391129434108734,0.17104166666666668,0.16070641577243805,370,False,29,14.69046153846154,1.172642984807864,False,29,undercount,0,la luz era azul azul azul azul azul azu azul azul azul azul azul azul azul azul azul azulal zul azul azul azul azul azul azul azul azululsulazul azul antes de la tormentacomp
xtts2es,wr_azul_et4_k24,1,word_rep,et4,24,24,31,azul,37,16.992,25,0.13151460886001587,0.06784911453723907,0.13983333333333334,0.3004501461982727,365,False,28,14.69046153846154,1.1566689008042896,True,25,overcount,0,la luz era azul azul azul aul azul azul azul azon azul azul azul azul azul azul azul azul azul azul l azul azul azul azul azul azul azul azul azul antes de la tormen rmenta un
xtts2es,wr_azul_et4_k24,2,word_rep,et4,24,24,31,azul,36,16.992,25,0.13436564803123474,0.0630982518196106,0.168375,0.24018225073814392,365,False,28,14.69046153846154,1.1566689008042896,True,25,overcount,0,la luz era azul azul azul azul azul azul azul ul azul azul azul azul azul azul azul azul a l azul azul azul azul azul azul azul azul azul azl azul antes de la tormenta
xtts2es,wr_azul_et4_k32,0,word_rep,et4,32,32,39,azul,35,27.018666666666668,21,0.12552538514137268,0.05695359408855438,4.1666666666666665e-05,0.12652304768562317,581,False,47,18.94837606837607,1.4259093533487297,False,47,undercount,0,la luz era azul azul azul aul azul l azul azul azul azul azul azul azul azul azul azul azula azul azul azul azul azulazul aso ul a zul azul azul azullas l azul azulazul
xtts2es,wr_azul_et4_k32,1,word_rep,et4,32,32,39,azul,43,24.608,31,0.13680967688560486,0.05988465994596481,0.14733333333333334,0.20553404092788696,529,False,43,18.94837606837607,1.2986864896073902,False,43,undercount,0,la luz era azul azul azul azul azul azul azula ul azul azul azul azul azul azul azul l azul azul azul azul azul azul azu azul azul azul azul azul azul azul azul a azul azul azul azul antes de la tormenta
xtts2es,wr_azul_et4_k32,2,word_rep,et4,32,32,39,azul,41,17.173333333333332,29,0.1287180781364441,0.0674678310751915,0.14995833333333333,0.17949648201465607,369,False,29,18.94837606837607,0.9063221709006927,True,29,undercount,0,la luz era azul azul azul azul azul azul azul azul azul azul azul azul azul azul azul asul azul azul azul zul azul azul azul azul azul azul azul azul azul azul azul ula sula sola sola sola sola zula
xtts2es,wr_lejos_et3_k01,0,word_rep,et3,1,1,9,lejos,9,2.506666666666667,1,0.15141567587852478,0.026026520878076553,0.17670833333333333,0.16210050880908966,53,False,0,3.3422222222222224,0.75,True,1,correct,1,el camino lejos en el bosque antes de volver
xtts2es,wr_lejos_et3_k01,1,word_rep,et3,1,1,9,lejos,19,5.568,1,0.1347220093011856,0.02832977846264839,0.16283333333333333,0.16137979924678802,119,False,16,3.3422222222222224,1.6659574468085103,False,16,loop,0,el camino lejos en el bosque antes de volver un par de ansu asomid do almo golsekarakrov a conticia
xtts2es,wr_lejos_et3_k01,2,word_rep,et3,1,1,9,lejos,9,2.8266666666666667,1,0.14587630331516266,0.023406093940138817,0.18408333333333332,0.16455411911010742,60,False,0,3.3422222222222224,0.8457446808510638,True,1,correct,1,el camino lejos en el bosque antes de volver
xtts2es,wr_lejos_et3_k02,0,word_rep,et3,2,2,10,lejos,10,2.8266666666666667,2,0.14904506504535675,0.026148010045289993,0.16495833333333335,0.16078492999076843,60,False,0,3.488,0.8103975535168195,False,2,correct,1,el camino lejos lejos en el bosque antes de volver
xtts2es,wr_lejos_et3_k02,1,word_rep,et3,2,2,10,lejos,10,2.9226666666666667,2,0.1432952880859375,0.028453394770622253,0.153375,0.22200988233089447,62,False,0,3.488,0.8379204892966361,False,2,correct,1,el camino lejos lejos en el bosque antes de volver
xtts2es,wr_lejos_et3_k02,2,word_rep,et3,2,2,10,lejos,10,2.965333333333333,2,0.14203451573848724,0.021663185209035873,0.16791666666666666,0.15434542298316956,63,False,0,3.488,0.8501529051987767,False,2,correct,1,el caminó lejos lejos en el bosque antes de volver
xtts2es,wr_lejos_et3_k03,0,word_rep,et3,3,3,11,lejos,14,4.8213333333333335,3,0.1474112570285797,0.03919162228703499,0.1665,0.19473659992218018,103,False,11,3.6337777777777776,1.3268101761252447,False,11,correct,1,el camino lejos lejos lejos en el bosque antes de volver  antes de volver
xtts2es,wr_lejos_et3_k03,1,word_rep,et3,3,3,11,lejos,11,3.3386666666666667,3,0.13887561857700348,0.032247044146060944,0.167375,0.12898777425289154,71,False,1,3.6337777777777776,0.9187866927592956,False,3,correct,1,el camino lejos lejos lejos en el bosque antes de volver
xtts2es,wr_lejos_et3_k03,2,word_rep,et3,3,3,11,lejos,11,3.616,3,0.14408841729164124,0.02453877590596676,0.16629166666666667,0.21070200204849243,77,False,3,3.6337777777777776,0.9951076320939336,True,3,correct,1,el camino lejos lejos lejos en el bosque antes de volver
xtts2es,wr_lejos_et3_k04,0,word_rep,et3,4,4,12,lejos,14,5.056,5,0.13736899197101593,0.04935195669531822,0.141625,0.17489582300186157,108,False,13,3.779555555555555,1.3377234242709315,False,13,overcount,0,el camino lejos lejos lejos lejos lejos en el bosque antes de volver ver
xtts2es,wr_lejos_et3_k04,1,word_rep,et3,4,4,12,lejos,12,4.128,4,0.1384880393743515,0.034905269742012024,0.178625,0.13789354264736176,88,False,6,3.779555555555555,1.092191909689558,False,6,correct,1,el camino lejos lejos lejos lejos en el bosque antes de volver
xtts2es,wr_lejos_et3_k04,2,word_rep,et3,4,4,12,lejos,13,5.706666666666667,4,0.13050450384616852,0.049020301550626755,1.2146666666666666,0.2031354457139969,122,False,17,3.779555555555555,1.5098777046095957,False,17,miscount,0,el camino lejos lejos lejos lejos en el bosque antes de volver oeto
xtts2es,wr_lejos_et3_k06,0,word_rep,et3,6,6,14,lejos,17,6.261333333333333,7,0.131434366106987,0.05215195566415787,0.154375,0.25025972723960876,134,False,21,4.07111111111111,1.5379912663755462,False,21,overcount,0,el camino lejos lejos lejos lejos lejos  lejos lejos m os en el bosque antes de volver
xtts2es,wr_lejos_et3_k06,1,word_rep,et3,6,6,14,lejos,14,5.525333333333333,6,0.13983730971813202,0.04547283798456192,0.18025,0.31226232647895813,118,False,16,4.07111111111111,1.3572052401746728,False,16,correct,1,el camino lejos lejos lejos lejos lejos lejos en el bosque antes iase volver
xtts2es,wr_lejos_et3_k06,2,word_rep,et3,6,6,14,lejos,15,5.888,6,0.139707550406456,0.0435771606862545,0.15891666666666668,0.22999444603919983,126,False,18,4.07111111111111,1.4462882096069873,False,18,correct,1,el camino lejos lejos lejos lejos lejos lejos en el bosque a antes de volver
xtts2es,wr_lejos_et3_k08,0,word_rep,et3,8,8,16,lejos,17,6.496,8,0.1437031477689743,0.04336962848901749,0.16929166666666667,0.20822030305862427,139,False,23,4.362666666666666,1.4889975550122254,False,23,miscount,0,el camino lejos lejos lejos lejos lejos lejos lejos lejos s en el bosque antes de volver
xtts2es,wr_lejos_et3_k08,1,word_rep,et3,8,8,16,lejos,18,6.677333333333333,9,0.14036105573177338,0.04455024003982544,0.148375,0.1708870679140091,143,False,24,4.362666666666666,1.5305623471882643,False,24,overcount,0,el camino lejos lejos lejos lejos lejos lejos lejos lejos ejos lejos en el bosque antes de volver
xtts2es,wr_lejos_et3_k08,2,word_rep,et3,8,8,16,lejos,19,7.050666666666666,9,0.13929063081741333,0.04726596549153328,0.182625,0.16853739321231842,151,False,26,4.362666666666666,1.6161369193154036,False,26,loop,0,el camino lejos lejos lejos lejos lejos lejos lejos lejos l os lejos en el bosque antes de volver
xtts2es,wr_lejos_et3_k12,0,word_rep,et3,12,12,20,lejos,21,8.256,13,0.12961362302303314,0.053369179368019104,0.12991666666666668,0.17420676350593567,177,False,35,4.945777777777776,1.669302659956866,False,35,loop,0,el camino lejos lejos lejos lejos lejos lejos lejos lejos lejos lejos  lejos lejos lejos en el bosque antes de volver
xtts2es,wr_lejos_et3_k12,1,word_rep,et3,12,12,20,lejos,24,10.122666666666667,14,0.1338251382112503,0.05171733722090721,0.17641666666666667,0.19447223842144012,217,False,48,4.945777777777776,2.046728971962618,False,48,loop,0,el camino lejos lejos lejos lejos lejos lejos lejo lejos lejos lejos lejos lejos lejos lejos lejos en el bosque antes de volver ver
xtts2es,wr_lejos_et3_k12,2,word_rep,et3,12,12,20,lejos,21,8.906666666666666,12,0.1440543681383133,0.048320915549993515,0.15325,0.24559098482131958,191,False,39,4.945777777777776,1.8008626887131565,False,39,loop,0,el camino lejos lejos lejos lejos lejos lejos lejos lejoslejo lejos lejos lejos lejos lejos en el bosque antes de volver
xtts2es,wr_lejos_et3_k16,0,word_rep,et3,16,16,24,lejos,27,12.576,17,0.13074800372123718,0.06677936762571335,0.16716666666666666,0.1574188619852066,270,False,64,5.528888888888886,2.274598070739551,False,64,loop,0,el camino lejos-lejos lejos lejos lejos lejos lejos jos lejos lejos  lejos lejos lejos lejos  lejos lejo lejos lejos lejos en el bosque antes de volver
xtts2es,wr_lejos_et3_k16,1,word_rep,et3,16,16,24,lejos,29,12.672,16,0.12808294594287872,0.053063634783029556,0.15558333333333332,0.18823456764221191,272,False,65,5.528888888888886,2.291961414790998,False,65,loop,0,el camino lejos lejos lejos lejos lejos lejos lejos lejos lejos lejos lejos lejos lejos lejos lejos lejs lejos en el bos bosque antes de volver antes de volver
xtts2es,wr_lejos_et3_k16,2,word_rep,et3,16,16,24,lejos,29,17.962666666666667,16,0.1325518786907196,0.05916358903050423,0.10541666666666667,0.15016861259937286,386,False,101,5.528888888888886,3.248874598070741,False,101,loop,0,el camino lejos lejos  lejos lejos lejos lejos  lejos  lejos  lejos lejos  lejos lejo lejos lejos lejos lejos  lejos l hej bosque antes ntes de volver antes de volver
xtts2es,wr_lejos_et3_k24,0,word_rep,et3,24,24,32,lejos,35,18.709333333333333,26,0.12429551035165787,0.05633523315191269,0.151875,0.24073120951652527,402,False,106,6.695111111111107,2.7944768985661197,False,106,loop,0,el camino lejos lejos lejos leos lejos lejos lejos lejos lejos  lejos lejos lejos  lejos  lejos lejos lejos lejos lejos lejos lejos lejos lejos lejos lejos jos lejos  lejos lejos le volver antes de volver
xtts2es,wr_lejos_et3_k24,1,word_rep,et3,24,24,32,lejos,37,21.909333333333333,26,0.11740776896476746,0.06851477921009064,0.16054166666666667,0.17234523594379425,471,False,128,6.695111111111107,3.2724375995751482,False,128,loop,0,el camino lejos lejos lejos lejos lejos lejos lejos os lejos lejos lejos lejos lejos  lejos lejos lejos lejos os lejos lejos  lejos  lejos lejos  lejos  lejos lejos lejos  lejos en el bosque que antes de volver
xtts2es,wr_lejos_et3_k24,2,word_rep,et3,24,24,32,lejos,41,21.269333333333332,29,0.12294215708971024,0.06134751811623573,0.118875,0.15078137814998627,457,False,124,6.695111111111107,3.176845459373342,False,124,loop,0,el camino lejos lejos lejos  lejos  lejos lejos  lejos s lejos lejos lejos lejos lejos lejos lejoslejos lejos ejos lejos lejos  lejos lejos lejos  lejos lejos lejo lejos lejos lejos  lejos lejos lejos lejos lejos en el bosque antes de volver
xtts2es,wr_lejos_et3_k32,0,word_rep,et3,32,32,40,lejos,46,24.78933333333333,35,0.11137828975915909,0.06502889096736908,0.144125,0.1714324653148651,533,False,148,7.861333333333327,3.153324287652648,False,148,loop,0,el camino lejos lejos lejos lejos  lejos  lejos lejos lejo s lejos lejos lejos  lejos  lejos  lejos  lejos lejos jos lejos lejos lejos lejos lejos lejos lejos lejos lejos  lejos  lejos lejos lejos  lejos lejos lejos lejos lejos lejos lejos  en el bosque antes de volver
xtts2es,wr_lejos_et3_k32,1,word_rep,et3,32,32,40,lejos,38,25.216,21,0.10659405589103699,0.0724281445145607,0.14654166666666665,0.20899374783039093,542,False,151,7.861333333333327,3.207598371777479,False,151,loop,0,el camino lejos lejos lejos lejos lejos lejos lejos ejos lejos  lejos  lejos  lejos  legos  lejos lejos jos legos legos legos legos legos legos lejos lejos lejos jos lejos lejos lejos lejos lejos leo antes de volver lver
xtts2es,wr_lejos_et3_k32,2,word_rep,et3,32,32,40,lejos,49,20.896,33,0.11302399635314941,0.05350630730390549,0.11733333333333333,0.18114073574543,449,False,121,7.861333333333327,2.6580732700135705,False,121,loop,0,el camino lejos lejos lejos lejos lejos lejos lejos lejos jos lejos lejos lejos lejos lejos lejos  lejos lejos lejos lejos lejos ejos lejos lejos lejos lejos lejos lejos lejos lejoslejos jos lejos lejos legos legos lejos lejos lejos lejos lejos en el boce lbos que antes de volver
xtts2es,wr_muy_et1_k01,0,word_rep,et1,1,1,10,muy,11,3.0613333333333332,1,0.13605335354804993,0.016941944137215614,0.147125,0.22008904814720154,65,False,1,2.888444444444443,1.059855362363441,True,1,correct,1,el perro era muy grande y corría por el campo
xtts2es,wr_muy_et1_k01,1,word_rep,et1,1,1,10,muy,11,2.688,1,0.13144618272781372,0.007922467775642872,0.178875,0.20913110673427582,57,False,1,2.888444444444443,0.9306047084166801,True,1,correct,1,el perro era muy grande y corría por el campo
xtts2es,wr_muy_et1_k01,2,word_rep,et1,1,1,10,muy,11,3.008,1,0.1299600899219513,0.007938406430184841,0.18358333333333332,0.2342233508825302,64,False,1,2.888444444444443,1.0413909832281896,True,1,correct,1,el perro era muy grande y corría por el campo
xtts2es,wr_muy_et1_k02,0,word_rep,et1,2,2,11,muy,12,2.9226666666666667,2,0.14613622426986694,0.006151610519737005,0.18233333333333332,0.2314407229423523,62,False,1,3.41422222222222,0.8560270762822187,True,2,correct,1,el perro era muy muy grande y corría por el campo
xtts2es,wr_muy_et1_k02,1,word_rep,et1,2,2,11,muy,12,3.2426666666666666,2,0.13601993024349213,0.019026661291718483,0.13854166666666667,0.06693143397569656,69,False,2,3.41422222222222,0.9497526685758924,True,2,correct,1,el perro era muy muy grande y corría por el campo
xtts2es,wr_muy_et1_k02,2,word_rep,et1,2,2,11,muy,12,3.8933333333333335,2,0.14557090401649475,0.0140294898301363,0.141375,0.3740021586418152,83,False,3,3.41422222222222,1.1403280395730286,True,2,correct,1,el perro era muy muy grande y corría por el campo
xtts2es,wr_muy_et1_k03,0,word_rep,et1,3,3,12,muy,13,3.2426666666666666,1,0.13627207279205322,0.004964066669344902,0.13716666666666666,0.30982258915901184,69,False,2,3.9399999999999973,0.8230118443316419,True,1,undercount,0,el perro era my uy muy grande y corría por el campo
xtts2es,wr_muy_et1_k03,1,word_rep,et1,3,3,12,muy,13,3.104,2,0.14341643452644348,0.004868580028414726,0.16191666666666665,0.2302631437778473,66,False,1,3.9399999999999973,0.7878172588832493,True,2,undercount,0,el perro era muy my muy grande y corría por el campo
xtts2es,wr_muy_et1_k03,2,word_rep,et1,3,3,12,muy,13,4.032,3,0.14500992000102997,0.011433041654527187,0.181625,0.21064656972885132,86,False,3,3.9399999999999973,1.0233502538071073,True,3,correct,1,el perro era muy muy muy grande y corría por el campo
xtts2es,wr_muy_et1_k04,0,word_rep,et1,4,4,13,muy,13,3.2426666666666666,2,0.13502612709999084,0.004778675734996796,0.136375,0.2275412529706955,69,False,2,4.465777777777774,0.7261146496815293,True,2,undercount,0,el perro era my muy muy grande y corría por el campo
xtts2es,wr_muy_et1_k04,1,word_rep,et1,4,4,13,muy,13,3.3813333333333335,3,0.14429698884487152,0.011236976832151413,0.16954166666666667,0.16771849989891052,72,False,2,4.465777777777774,0.7571656050955421,True,3,undercount,0,el perro era muy muy muy grande y corría por el campo
xtts2es,wr_muy_et1_k04,2,word_rep,et1,4,4,13,muy,13,4.266666666666667,3,0.1350311040878296,0.01660880818963051,0.13791666666666666,0.14275792241096497,91,False,4,4.465777777777774,0.9554140127388543,True,3,undercount,0,el perro era muy muy muy grande y corría por el campo
xtts2es,wr_muy_et1_k06,0,word_rep,et1,6,6,15,muy,19,10.858666666666666,5,0.09494666010141373,0.03785225376486778,0.16729166666666667,0.46468794345855713,233,False,16,5.517333333333329,1.9681005316578073,False,16,loop,0,el perro era muy muy muy muy muy grande y corría por el campo aeede es qe fela
xtts2es,wr_muy_et1_k06,1,word_rep,et1,6,6,15,muy,15,3.616,4,0.13616524636745453,0.004518663045018911,0.14804166666666665,0.15320320427417755,77,False,2,5.517333333333329,0.6553890768487197,False,4,truncation,0,el perro era muy muy muy mu muy grande y corría por el campo
xtts2es,wr_muy_et1_k06,2,word_rep,et1,6,6,15,muy,14,4.597333333333333,4,0.1368032842874527,0.01365199126303196,0.17329166666666668,0.2002839744091034,98,False,4,5.517333333333329,0.8332527791203487,True,4,undercount,0,el perro era muy muy muy muy grande y corría por el campo
xtts2es,wr_muy_et1_k08,0,word_rep,et1,8,8,17,muy,17,4.64,7,0.1450594812631607,0.013187420554459095,0.19320833333333334,0.21250320971012115,99,False,4,6.568888888888883,0.7063599458728017,False,7,undercount,0,el perro era muy muy muy muy muy muy muy grande y corría por el campo
xtts2es,wr_muy_et1_k08,1,word_rep,et1,8,8,17,muy,15,4.405333333333333,3,0.13866712152957916,0.015084133483469486,0.203125,0.2038387805223465,94,False,4,6.568888888888883,0.6706359945872807,True,3,truncation,0,el perro era muy muy muyy  uy muy grande y corría por el campo
xtts2es,wr_muy_et1_k08,2,word_rep,et1,8,8,17,muy,19,5.1946666666666665,6,0.13231392204761505,0.021172810345888138,0.122625,0.19977280497550964,111,False,5,6.568888888888883,0.7907983761840331,True,6,undercount,0,el perro era muy mu muy muy muy muy muy grande y corría por el cam el camp
xtts2es,wr_muy_et1_k12,0,word_rep,et1,12,12,21,muy,21,5.984,11,0.15381260216236115,0.015862910076975822,0.1765,0.24862976372241974,128,False,7,8.671999999999992,0.6900369003690043,False,11,truncation,0,el perro era muy muy muy muy muy muy muy muy muy muy muy grandey corro corría por el campo
xtts2es,wr_muy_et1_k12,1,word_rep,et1,12,12,21,muy,21,5.888,10,0.1504676342010498,0.022758325561881065,0.14370833333333333,0.1939489096403122,126,False,7,8.671999999999992,0.6789667896678974,False,10,truncation,0,el perro era muy muy muy  muy muy muy muy muy muy muy grande y corrí corría por el campo
xtts2es,wr_muy_et1_k12,2,word_rep,et1,12,12,21,muy,21,6.218666666666667,10,0.13668909668922424,0.014879461377859116,0.16566666666666666,0.11401291191577911,133,False,7,8.671999999999992,0.7170971709717104,False,10,undercount,0,el perro era muy m muy muy muy muy muy muy muy muy muy grande y corría por el campo
xtts2es,wr_muy_et1_k16,0,word_rep,et1,16,16,25,muy,25,6.357333333333333,11,0.14480513334274292,0.014432566240429878,0.14608333333333334,0.22939711809158325,136,False,8,10.7751111111111,0.5900016498927576,False,11,truncation,0,el perro era muy muy muy muy muy muy muy muy muy uy uy y muy muy grande nde y corría por el campo
xtts2es,wr_muy_et1_k16,1,word_rep,et1,16,16,25,muy,24,7.381333333333333,9,0.14216873049736023,0.02031533233821392,0.15120833333333333,0.20924535393714905,158,False,10,10.7751111111111,0.6850354726942756,True,9,truncation,0,el perro era muy muy muy  m muy muy muy muy mu muymuy muym my muy muy grande y corría por el campo
xtts2es,wr_muy_et1_k16,2,word_rep,et1,16,16,25,muy,25,8.032,13,0.14193101227283478,0.019042225554585457,0.136625,0.1811550259590149,172,False,11,10.7751111111111,0.7454215475994068,True,13,undercount,0,el perro era muy mu muy mu muy muy muy muy muy muy muymu muy muy muy muy muy grande corría por el campo
xtts2es,wr_muy_et1_k24,0,word_rep,et1,24,24,33,muy,18,5.152,12,0.15715906023979187,0.012727868743240833,0.19345833333333334,0.23077476024627686,110,False,5,14.981333333333318,0.3438946244215027,False,12,truncation,0,el perro era muy muy muy muy mu muy muy muy muy mu  muy muy muy my muy
xtts2es,wr_muy_et1_k24,1,word_rep,et1,24,24,33,muy,34,12.853333333333333,15,0.13097204267978668,0.03040476329624653,0.15170833333333333,0.21900781989097595,276,False,20,14.981333333333318,0.8579565681737282,False,20,undercount,0,el perro era muy muy muy  uy muy muy muy mu muy muy muy muy uy muy muy mmy y u mu muy muy muy grande y corría por el campo ampos ep
xtts2es,wr_muy_et1_k24,2,word_rep,et1,24,24,33,muy,35,14.485333333333333,16,0.1389486938714981,0.026765065267682076,0.10308333333333333,0.16611315310001373,311,False,23,14.981333333333318,0.9668921324314713,False,23,undercount,0,el perro era muy muy muy muy muy muy muymuy mui y muy muy muy muy muy muy muy mu mu muy muy mu my mu muy grande y corría por el campogas aguas
xtts2es,wr_muy_et1_k32,0,word_rep,et1,32,32,41,muy,41,27.445333333333334,15,0.12605632841587067,0.01690138876438141,0.08604166666666667,0.6474422812461853,590,False,48,19.187555555555534,1.4303715371073862,False,48,undercount,0,el perro era muy muy muy muy  ymuymuimuy muy uy muy muy muy muy muy muy mu uy muy muy muy si petena lleo  la  arma uh ea a enaver nonue muy bueno aas era de estoestaenataroamalos juegos es shep eapico
xtts2es,wr_muy_et1_k32,1,word_rep,et1,32,32,41,muy,43,13.738666666666667,25,0.14321142435073853,0.014814306050539017,0.19441666666666665,0.136863574385643,295,False,22,19.187555555555534,0.7160196423607902,True,25,undercount,0,el perro era muy muy muy muy  muy muy muy muy muy muymuy m uy muy muy muy muy muy moy muy uy muy muy moy moy moy muy muy muy muy muy muy mu u muy muy a recorrida por el campo
xtts2es,wr_muy_et1_k32,2,word_rep,et1,32,32,41,muy,27,22.56,17,0.1099027618765831,0.038043782114982605,0.154875,0.41484931111335754,485,False,38,19.187555555555534,1.1757620680070429,False,38,undercount,0,el perro era muy muy muy muy muy muy muy muy muy muy muy muy muy muy muy oy me muy brueve latacedo de cere muy mol
xtts2es,wr_no_et2_k01,0,word_rep,et2,1,1,9,no,9,2.506666666666667,1,0.14581704139709473,0.03641824051737785,0.18020833333333333,0.2518627345561981,53,False,1,2.7591111111111104,0.9085051546391756,True,1,correct,1,ella dijo no a la oferta y luego salió
xtts2es,wr_no_et2_k01,1,word_rep,et2,1,1,9,no,9,3.0613333333333332,1,0.14166304469108582,0.0550914891064167,0.16170833333333334,0.35387834906578064,65,False,1,2.7591111111111104,1.109536082474227,True,1,correct,1,ella dijo no a la oferta y luego salió
xtts2es,wr_no_et2_k01,2,word_rep,et2,1,1,9,no,9,2.784,1,0.14472290873527527,0.037451308220624924,0.14266666666666666,0.0987938940525055,59,False,1,2.7591111111111104,1.0090206185567012,True,1,correct,1,ella dijo no a la oferta y luego salió
xtts2es,wr_no_et2_k02,0,word_rep,et2,2,2,10,no,10,3.808,2,0.14397840201854706,0.04119551181793213,0.16345833333333334,0.36019185185432434,81,False,3,3.406222222222221,1.1179540709812112,True,2,correct,1,ella dijo no no a la oferta y luego salió
xtts2es,wr_no_et2_k02,1,word_rep,et2,2,2,10,no,10,3.1573333333333333,2,0.14386534690856934,0.033567897975444794,0.15683333333333332,0.30475157499313354,67,False,2,3.406222222222221,0.9269311064718165,True,2,correct,1,ella dijo no no a la oferta y luego salió
xtts2es,wr_no_et2_k02,2,word_rep,et2,2,2,10,no,10,3.104,2,0.14364473521709442,0.034067656844854355,0.17433333333333334,0.1340591013431549,66,False,2,3.406222222222221,0.9112734864300629,True,2,correct,1,ella dijo no no a la oferta y luego salió
xtts2es,wr_no_et2_k03,0,word_rep,et2,3,3,11,no,10,3.477333333333333,2,0.15364283323287964,0.03465661406517029,0.19345833333333334,0.14821521937847137,74,False,2,4.053333333333332,0.8578947368421055,True,2,undercount,0,ella dijo no  no en la oferta y luego salió
xtts2es,wr_no_et2_k03,1,word_rep,et2,3,3,11,no,11,3.52,2,0.14701098203659058,0.03134453296661377,0.13658333333333333,0.3173045217990875,75,False,2,4.053333333333332,0.8684210526315792,True,2,undercount,0,ella dijo no  noa no a la oferta y luego salió
xtts2es,wr_no_et2_k03,2,word_rep,et2,3,3,11,no,11,4.128,3,0.13833266496658325,0.03172515705227852,0.142625,0.38608166575431824,88,False,3,4.053333333333332,1.0184210526315793,True,3,correct,1,ella dijo no no no a la oferta y luego salió
xtts2es,wr_no_et2_k04,0,word_rep,et2,4,4,12,no,13,4.266666666666667,4,0.15199261903762817,0.033668071031570435,0.13820833333333332,0.16655223071575165,91,False,3,4.700444444444443,0.9077155824508323,True,4,correct,1,ella dijo no o no no no a la oferta y luego salió
xtts2es,wr_no_et2_k04,1,word_rep,et2,4,4,12,no,11,3.6586666666666665,3,0.14171934127807617,0.03300027176737785,0.15408333333333332,0.4650317132472992,78,False,2,4.700444444444443,0.7783661119515887,True,3,undercount,0,ella dijo no  no  no a la oferta y luego salió
xtts2es,wr_no_et2_k04,2,word_rep,et2,4,4,12,no,11,4.1706666666666665,3,0.13689224421977997,0.03387254849076271,0.14708333333333334,0.30416563153266907,89,False,3,4.700444444444443,0.8872919818456886,True,3,undercount,0,ella dijo no no no a la oferta y luego salió
xtts2es,wr_no_et2_k06,0,word_rep,et2,6,6,14,no,14,9.610666666666667,3,0.10590790212154388,0.029650701209902763,0.16475,0.3053222894668579,206,False,12,5.9946666666666655,1.6032028469750894,False,12,loop,0,ella dijo no nno no nonoa la oferta y luego salió no aparar dote
xtts2es,wr_no_et2_k06,1,word_rep,et2,6,6,14,no,13,4.224,4,0.1543651819229126,0.027163295075297356,0.119375,0.16937753558158875,90,False,3,5.9946666666666655,0.7046263345195731,True,4,undercount,0,ella dijo no  no  no  no nono a la oferta y luego salió
xtts2es,wr_no_et2_k06,2,word_rep,et2,6,6,14,no,13,4.778666666666667,5,0.14243946969509125,0.0400582030415535,0.13658333333333333,0.2671385705471039,102,False,4,5.9946666666666655,0.7971530249110322,True,5,undercount,0,ella dijo no no no no no a la oferta y luego salió
xtts2es,wr_no_et2_k08,0,word_rep,et2,8,8,16,no,16,6.026666666666666,7,0.15158137679100037,0.028632208704948425,0.15375,0.13381239771842957,129,False,6,7.288888888888887,0.8268292682926831,True,7,undercount,0,ella dijo no no  no no nono  no no no a la oferta y luego salió
xtts2es,wr_no_et2_k08,1,word_rep,et2,8,8,16,no,15,5.013333333333334,5,0.14524762332439423,0.028975341469049454,0.12820833333333334,0.19212046265602112,107,False,4,7.288888888888887,0.6878048780487808,True,5,truncation,0,ella dijo no  no  no  no no nono a la oferta y luego salió o
xtts2es,wr_no_et2_k08,2,word_rep,et2,8,8,16,no,17,7.701333333333333,7,0.12362343817949295,0.03797268494963646,0.14104166666666668,0.2173416167497635,165,False,9,7.288888888888887,1.0565853658536588,False,9,undercount,0,ella dijo no no no    no no  no no a la ofer oferta y luego salión
xtts2es,wr_no_et2_k12,0,word_rep,et2,12,12,20,no,19,14.72,5,0.12246207147836685,0.0303643848747015,0.17016666666666666,0.22321346402168274,316,False,19,9.87733333333333,1.4902807775377973,False,19,undercount,0,ella dijo no no no nononono no  nono no nono a la oferta y luego salió y luego salió
xtts2es,wr_no_et2_k12,1,word_rep,et2,12,12,20,no,13,5.8453333333333335,2,0.13587191700935364,0.04252754896879196,0.13554166666666667,0.2647172212600708,125,False,6,9.87733333333333,0.5917926565874732,False,6,truncation,0,ella dijo nononononono nonono no no a la oferta y luego salió op
xtts2es,wr_no_et2_k12,2,word_rep,et2,12,12,20,no,18,5.802666666666667,5,0.14277605712413788,0.0376473031938076,0.14554166666666668,0.2442047894001007,124,False,6,9.87733333333333,0.5874730021598275,True,5,truncation,0,ella dijo no no no no o nono nono ono no a la oferta erta y luego salió
xtts2es,wr_no_et2_k16,0,word_rep,et2,16,16,24,no,10,5.664,5,0.1628769487142563,0.010800108313560486,0.17095833333333332,0.24652278423309326,121,False,5,12.465777777777774,0.45436394751853976,True,5,truncation,0,ella dijo no n no  no nononono ono no  no
xtts2es,wr_no_et2_k16,1,word_rep,et2,16,16,24,no,14,6.730666666666667,3,0.1468704342842102,0.032011061906814575,0.13804166666666667,0.2106855809688568,144,False,7,12.465777777777774,0.539931545921278,False,7,truncation,0,ella dijo no nononono no no nono nononononono a la oferta y luego salió
xtts2es,wr_no_et2_k16,2,word_rep,et2,16,16,24,no,18,7.328,7,0.15121042728424072,0.02720295824110508,0.121125,0.17055253684520721,157,False,8,12.465777777777774,0.5878494010268114,True,7,truncation,0,ella dijo no no  no no no no no nonono nono ononono a la oferta y luego salió
xtts2es,wr_no_et2_k24,0,word_rep,et2,24,24,32,no,10,4.544,8,0.1619550585746765,0.014909354038536549,0.16166666666666665,0.2150447815656662,97,False,4,17.642666666666663,0.25755743651753327,False,8,truncation,0,ella dijo no no  no  no  no no no  no
xtts2es,wr_no_et2_k24,1,word_rep,et2,24,24,32,no,24,12.437333333333333,12,0.13932101428508759,0.021406646817922592,0.15991666666666668,0.2474348396062851,267,False,16,17.642666666666663,0.7049576783555019,False,16,undercount,0,ella dijo no nono no no  no no  no no nono  nonono nonono  no no no no no  la ofertay luego luego salió uh
xtts2es,wr_no_et2_k24,2,word_rep,et2,24,24,32,no,6,5.152,1,0.16196659207344055,0.011956394650042057,0.19304166666666667,0.1556084156036377,110,False,5,17.642666666666663,0.29201934703748494,False,5,truncation,0,ella dijo nono nono ononononononono no
xtts2es,wr_no_et2_k32,0,word_rep,et2,32,32,40,no,31,14.72,19,0.13913314044475555,0.02336334064602852,0.15508333333333332,0.1764194518327713,316,False,19,22.81955555555555,0.6450607665939547,True,19,truncation,0,ella dijo no noonoo no  no no no ononoono no nono no no no no no no  no no nono no no no no no nonó la oferta y luego salió
xtts2es,wr_no_et2_k32,1,word_rep,et2,32,32,40,no,35,22.474666666666668,8,0.1129424050450325,0.02015143446624279,0.1585,0.2937769889831543,483,False,31,22.81955555555555,0.9848862574010598,False,31,undercount,0,ella dijo no nononono no no noonononnononono no no no no no nonono  nono nono lando olamdow tese especial una idad de avalante el shoririnos perli vegos a la oferta y luego salió salióotro
xtts2es,wr_no_et2_k32,2,word_rep,et2,32,32,40,no,4,5.0986666666666665,1,0.15729227662086487,0.009471271187067032,0.142375,0.24940873682498932,109,False,5,22.81955555555555,0.22343409161732633,True,1,truncation,0,ella dijo nonononooonononononoononono no
xtts2es,wr_tan_et6_k01,0,word_rep,et6,1,1,8,tan,8,3.3813333333333335,1,0.1449403464794159,0.03300144523382187,0.13133333333333333,0.15201830863952637,72,False,1,3.2704000000000004,1.0339204174820613,True,1,correct,1,ellos estaban tan cansados tras el largo viaje
xtts2es,wr_tan_et6_k01,1,word_rep,et6,1,1,8,tan,8,3.008,1,0.14766637980937958,0.03660857304930687,0.16808333333333333,0.29075324535369873,64,False,0,3.2704000000000004,0.9197651663405086,True,1,correct,1,ellos estaban tan cansados tras el largo viaje
xtts2es,wr_tan_et6_k01,2,word_rep,et6,1,1,8,tan,8,3.3813333333333335,1,0.14011900126934052,0.037828024476766586,0.16070833333333334,0.14224256575107574,72,False,1,3.2704000000000004,1.0339204174820613,True,1,correct,1,ellos estaban tan cansados tras el largo viaje
xtts2es,wr_tan_et6_k02,0,word_rep,et6,2,2,9,tan,9,3.712,2,0.14626485109329224,0.04161775857210159,0.15929166666666666,0.14813771843910217,79,False,2,3.602133333333333,1.030500444181226,True,2,correct,1,ellos estaban tan tan cansados tras el largo viaje
xtts2es,wr_tan_et6_k02,1,word_rep,et6,2,2,9,tan,8,3.104,1,0.14491842687129974,0.034641385078430176,0.13875,0.3607333302497864,66,False,0,3.602133333333333,0.8617115783239563,True,1,undercount,0,ellos estaban tan tancansados tras el largo viaje
xtts2es,wr_tan_et6_k02,2,word_rep,et6,2,2,9,tan,9,3.5733333333333333,2,0.1429213434457779,0.03854531794786453,0.16833333333333333,0.1707078069448471,76,False,2,3.602133333333333,0.9920047379330768,True,2,correct,1,ellos estaban tan tan cansados tras el largo viaje
xtts2es,wr_tan_et6_k03,0,word_rep,et6,3,3,10,tan,9,3.7546666666666666,2,0.14176636934280396,0.03786275163292885,0.17616666666666667,0.15662331879138947,80,False,2,3.9338666666666664,0.9544468546637744,True,2,undercount,0,ellos estaban tan tan tancansados tras el largo viaje
xtts2es,wr_tan_et6_k03,1,word_rep,et6,3,3,10,tan,13,5.056,5,0.14049659669399261,0.04791586101055145,0.15770833333333334,0.19356481730937958,108,False,6,3.9338666666666664,1.2852494577006508,True,5,overcount,0,ellos estaban tan tan tan tan tan cansados tras el largo viaje ué
xtts2es,wr_tan_et6_k03,2,word_rep,et6,3,3,10,tan,10,3.8933333333333335,3,0.14770369231700897,0.03653927519917488,0.165875,0.14923596382141113,83,False,3,3.9338666666666664,0.9896963123644252,True,3,correct,1,ellos estaban tan tan tan cansados tras el largo viaje
xtts2es,wr_tan_et6_k04,0,word_rep,et6,4,4,11,tan,11,4.448,4,0.14079783856868744,0.03492744266986847,0.14891666666666667,0.16628052294254303,95,False,5,4.265599999999999,1.0427606901725435,True,4,correct,1,ellos estaban tan tan tan tan cansados tras el largo viaje
xtts2es,wr_tan_et6_k04,1,word_rep,et6,4,4,11,tan,13,5.333333333333333,4,0.13898131251335144,0.05210670083761215,0.15658333333333332,0.174605593085289,114,False,7,4.265599999999999,1.2503125781445363,False,7,correct,1,ellos estaban tan n tan tan tan cansados tras el largo viaje viaje
xtts2es,wr_tan_et6_k04,2,word_rep,et6,4,4,11,tan,11,4.309333333333333,3,0.14264695346355438,0.03708723932504654,0.12091666666666667,0.1669473797082901,92,False,4,4.265599999999999,1.0102525631407853,True,3,undercount,0,ellos estaban tan-tan tantan tan cansados tras el largo viaje
xtts2es,wr_tan_et6_k06,0,word_rep,et6,6,6,13,tan,15,6.261333333333333,6,0.13213902711868286,0.03375623747706413,0.15645833333333334,0.16152362525463104,134,False,10,4.929066666666666,1.2702878164899374,False,10,correct,1,ellos estaban tan tan tan tan tan t tan tansados os  tras el largo viaje
xtts2es,wr_tan_et6_k06,1,word_rep,et6,6,6,13,tan,13,5.0986666666666665,4,0.13882271945476532,0.048728425055742264,0.13933333333333334,0.17583297193050385,109,False,7,4.929066666666666,1.0344081367669338,False,7,undercount,0,ellos estaban tan tan tan t an tan tansados tras el largo viaje
xtts2es,wr_tan_et6_k06,2,word_rep,et6,6,6,13,tan,15,6.261333333333333,7,0.13581612706184387,0.050580840557813644,0.192375,0.3298047184944153,134,False,10,4.929066666666666,1.2702878164899374,False,10,overcount,0,ellos estaban tan tan tan tan tan tan tan cansadosrás tras el largo viajque
xtts2es,wr_tan_et6_k08,0,word_rep,et6,8,8,15,tan,16,5.237333333333333,6,0.144746795296669,0.02985859289765358,0.121125,0.28120672702789307,112,False,7,5.592533333333332,0.9364867442304026,True,6,undercount,0,ellos estaban tan tantan tan tan tan-tan-tan tansados tras el largo ovia go viaje
xtts2es,wr_tan_et6_k08,1,word_rep,et6,8,8,15,tan,17,5.610666666666667,9,0.14104022085666656,0.02359803207218647,0.160625,0.15214425325393677,120,False,8,5.592533333333332,1.0032424184627124,True,9,overcount,0,ellos estaban tan tan-tan tan tan tan tan tan-tan-cansados tras el largo largo viaje
xtts2es,wr_tan_et6_k08,2,word_rep,et6,8,8,15,tan,14,6.1226666666666665,7,0.14377042651176453,0.03653198480606079,0.14720833333333333,0.2250148355960846,131,False,10,5.592533333333332,1.09479305740988,False,10,undercount,0,ellos estaban tan tan  tan tan tan tan tan cansadosras tras el largo viaje
xtts2es,wr_tan_et6_k12,0,word_rep,et6,12,12,19,tan,17,7.104,5,0.14161226153373718,0.03877878561615944,0.14520833333333333,0.21979446709156036,152,False,13,6.919466666666664,1.026668722059504,False,13,undercount,0,ellos estaban tan tan tan tantan tan tantam tan tam están tantansados tras el largo viaje
xtts2es,wr_tan_et6_k12,1,word_rep,et6,12,12,19,tan,17,7.285333333333333,4,0.13579361140727997,0.041537750512361526,0.11395833333333333,0.34310683608055115,156,False,13,6.919466666666664,1.0528749807306925,False,13,undercount,0,ellos estaban tan tan tan tan tatam tantan tantan tama an tantan tansados tras el largo viaje
xtts2es,wr_tan_et6_k12,2,word_rep,et6,12,12,19,tan,22,7.978666666666666,13,0.13264334201812744,0.031581658869981766,0.128,0.22694242000579834,171,False,15,6.919466666666664,1.1530753815322958,False,15,overcount,0,ellos estaban tan tan tan tan tan tan tan tan tan tanto an tan tan tan tan cansados tras el largo viaje
xtts2es,wr_tan_et6_k16,0,word_rep,et6,16,16,23,tan,23,8.074666666666667,10,0.1481170952320099,0.031486134976148605,0.14575,0.23364481329917908,173,False,15,8.246399999999996,0.9791747510024582,False,15,undercount,0,ellos estaban tan tantan tan tan tantan tan tántntam tan tan tan tán tan tan tan sados tras el largo viaje
xtts2es,wr_tan_et6_k16,1,word_rep,et6,16,16,23,tan,23,10.026666666666667,9,0.13536392152309418,0.035890303552150726,0.14533333333333334,0.18434053659439087,215,False,21,8.246399999999996,1.2158841029621013,False,21,undercount,0,ellos estaban tantan tan tan tan tan tam t t tantan tan tan tam tantan tan tan tan cansados tras el largo viaje
xtts2es,wr_tan_et6_k16,2,word_rep,et6,16,16,23,tan,31,24.373333333333335,16,0.11088883876800537,0.04400787129998207,0.12508333333333332,0.3526880145072937,524,False,65,8.246399999999996,2.9556331651791505,False,65,loop,0,ellos estaban tan tan tan tan tan tan tan an tan tan tan tantan tan tamta ntan tan tan tan tan tasados tras el largo viaje atanda libios estaban tan tarde
xtts2es,wr_tan_et6_k24,0,word_rep,et6,24,24,31,tan,39,22.282666666666668,16,0.13259097933769226,0.0344742126762867,0.12725,0.24514013528823853,479,False,58,10.90026666666666,2.0442313337900004,False,58,loop,0,ellos estaban tan tan tan tan tan tam tantam tam tam tam am tan tan tan tam tam tamtam tam tamtm ntan tam tan tan tam tam tam taan ntan tan tan tan tan tan tan dichoesisteos a lerris
xtts2es,wr_tan_et6_k24,1,word_rep,et6,24,24,31,tan,26,17.685333333333332,6,0.1266942173242569,0.0293256938457489,0.17983333333333335,0.18566034734249115,380,False,44,10.90026666666666,1.6224679518543899,False,44,loop,0,ellos estaban tan tantan tanta tam tam tamtan tan tan n tantan tan tanta tantan tan tantantan tan tatan tanto steentantantentantan tansados tras el largo viaje
xtts2es,wr_tan_et6_k24,2,word_rep,et6,24,24,31,tan,14,7.381333333333333,11,0.13591676950454712,0.040165942162275314,0.16266666666666665,0.4122692942619324,158,False,13,10.90026666666666,0.6771699774929058,True,11,truncation,0,ellos estaban tan tan tan tan tan tan tan an tan tan tan tan
xtts2es,wr_tan_et6_k32,0,word_rep,et6,32,32,39,tan,36,14.485333333333333,16,0.13178296387195587,0.024323999881744385,0.16458333333333333,0.1588543951511383,311,False,35,13.554133333333326,1.0687022900763365,False,35,undercount,0,ellos estaban tan tan tan tantan tan tan tan tan t n ta tantam tan tanta tataantam tam n tan tan tan tan ta tan tam un an tan tan tan tansados tras el largo viaje
xtts2es,wr_tan_et6_k32,1,word_rep,et6,32,32,39,tan,18,9.418666666666667,3,0.14117273688316345,0.030968625098466873,0.16741666666666666,0.18880249559879303,202,False,20,13.554133333333326,0.6948925788935236,False,20,truncation,0,ellos estaban tan tantan tan-tan tamtam-tam tam-tam ta antan treinta y seis tantantan-tantante taota
xtts2es,wr_tan_et6_k32,2,word_rep,et6,32,32,39,tan,41,27.072,18,0.13085120916366577,0.037938784807920456,0.006666666666666667,0.288309246301651,582,False,73,13.554133333333326,1.9973243094357451,False,73,loop,0,ellos estaban tan tan tan tan tan tan tan tan tan ta tan tan tantantan tanta tanta tam tan tan tao tanmo dan tountan ta n-tantam tam-tan tan-tantan tan tan tan tamtan tanta-tensado atrás el chavle
xtts2es,wr_veloz_et5_k01,0,word_rep,et5,1,1,8,veloz,8,2.7306666666666666,1,0.13939276337623596,0.03270993381738663,0.150125,0.21487237513065338,58,False,1,2.8624761904761926,0.9539526217726902,True,1,correct,1,el corredor iba veloz por el camino estrecho
xtts2es,wr_veloz_et5_k01,1,word_rep,et5,1,1,8,veloz,8,3.104,1,0.1372070461511612,0.03872031345963478,0.174875,0.26154130697250366,66,False,1,2.8624761904761926,1.0843758317806753,True,1,correct,1,el corredor iba veloz por el camino estrecho
xtts2es,wr_veloz_et5_k01,2,word_rep,et5,1,1,8,veloz,8,2.592,1,0.13967765867710114,0.034277014434337616,0.146,0.3527389466762543,55,False,0,2.8624761904761926,0.9055097151982958,True,1,correct,1,el corredor iba veloz por el camino estrecho
xtts2es,wr_veloz_et5_k02,0,word_rep,et5,2,2,9,veloz,9,3.2,0,0.1375228315591812,0.0308592077344656,0.13475,0.3233875632286072,68,False,2,3.3904761904761926,0.9438202247191005,False,2,undercount,0,el corredor iba velos velos por el camino estrecho
xtts2es,wr_veloz_et5_k02,1,word_rep,et5,2,2,9,veloz,9,3.712,2,0.1437138468027115,0.030850116163492203,0.13075,0.25233393907546997,79,False,3,3.3904761904761926,1.0948314606741567,True,2,correct,1,el corredor iba veloz-veloz por el camino estrecho
xtts2es,wr_veloz_et5_k02,2,word_rep,et5,2,2,9,veloz,9,3.1573333333333333,1,0.13747338950634003,0.030852477997541428,0.19033333333333333,0.3316183090209961,67,False,2,3.3904761904761926,0.9312359550561792,True,1,undercount,0,el corredor iba veloz velos por el camino estrecho
xtts2es,wr_veloz_et5_k03,0,word_rep,et5,3,3,10,veloz,10,3.8933333333333335,3,0.14120565354824066,0.030892416834831238,0.15529166666666666,0.3005974292755127,83,False,3,3.9184761904761922,0.9935835115691227,True,3,correct,1,el corredor iba veloz veloz veloz por el camino estrecho
xtts2es,wr_veloz_et5_k03,1,word_rep,et5,3,3,10,veloz,10,4.224,3,0.14071694016456604,0.03709518164396286,0.170375,0.2393554449081421,90,False,4,3.9184761904761922,1.0779700563873222,True,3,correct,1,el corredor iba veloz veloz veloz por el camino estrecho
xtts2es,wr_veloz_et5_k03,2,word_rep,et5,3,3,10,veloz,10,3.477333333333333,3,0.13957743346691132,0.04045457765460014,0.19383333333333333,0.3789699375629425,74,False,2,3.9184761904761922,0.8874197938946136,True,3,correct,1,el corredor iba veloz veloz veloz por el camino estrecho
xtts2es,wr_veloz_et5_k04,0,word_rep,et5,4,4,11,veloz,12,5.290666666666667,4,0.13680188357830048,0.05375244468450546,0.13854166666666667,0.2479490339756012,113,False,6,4.446476190476192,1.1898560657984918,False,6,correct,1,el corredor iba veloz veloz veloz veloz por el camino estreto strecho
xtts2es,wr_veloz_et5_k04,1,word_rep,et5,4,4,11,veloz,12,5.888,4,0.14539146423339844,0.04603893309831619,0.1185,0.3026428818702698,126,False,7,4.446476190476192,1.324194653872515,False,7,correct,1,el corredor iba veloz  veloz  veloz  veloz por el camino ino estrecho
xtts2es,wr_veloz_et5_k04,2,word_rep,et5,4,4,11,veloz,12,4.96,4,0.14299017190933228,0.039083246141672134,0.14508333333333334,0.36198946833610535,106,False,5,4.446476190476192,1.115490061686086,True,4,correct,1,el corredor iba veloz veloz veloz veloz por el camino estrecho pson
xtts2es,wr_veloz_et5_k06,0,word_rep,et5,6,6,13,veloz,14,6.261333333333333,0,0.14550745487213135,0.05060596764087677,0.131125,0.13228578865528107,134,False,7,5.502476190476192,1.137911935751869,False,7,undercount,0,el corredor iba velos velos velos velos velos veloso os por el camino estrecho
xtts2es,wr_veloz_et5_k06,1,word_rep,et5,6,6,13,veloz,14,6.730666666666667,1,0.137114018201828,0.05508851259946823,0.15466666666666667,0.272826611995697,144,False,8,5.502476190476192,1.2232068679036276,False,8,undercount,0,el corredor iba veloz vels velos velosvelos los velós por el camino estrecho
xtts2es,wr_veloz_et5_k06,2,word_rep,et5,6,6,13,veloz,13,5.386666666666667,1,0.1474057286977768,0.04985516890883446,0.18720833333333334,0.287490576505661,115,False,6,5.502476190476192,0.9789531985599554,False,6,undercount,0,el corredor ibaveloz veloz velos velos velos velos por el camino estrecho recho
xtts2es,wr_veloz_et5_k08,0,word_rep,et5,8,8,15,veloz,19,8.490666666666666,0,0.13903655111789703,0.05519964545965195,0.15575,0.1962146908044815,182,False,12,6.558476190476192,1.294609665427509,False,12,undercount,0,el corredor iba velos velos velos velos velos velo n los velos ve los velos por el camino estrechoeh
xtts2es,wr_veloz_et5_k08,1,word_rep,et5,8,8,15,veloz,17,7.050666666666666,5,0.14746785163879395,0.038568317890167236,0.16191666666666665,0.23585982620716095,151,False,9,6.558476190476192,1.0750464684014867,False,9,undercount,0,el corredor iba veloz veloz veloz veloz veloz velos veloso los velós por el camino estrecho
xtts2es,wr_veloz_et5_k08,2,word_rep,et5,8,8,15,veloz,17,7.242666666666667,1,0.1391926109790802,0.05407179519534111,0.134875,0.17674992978572845,155,False,9,6.558476190476192,1.1043215613382897,False,9,undercount,0,el corredor iba velos veloz-velos velos velos velos velos ve los velos por el camino estrecho
xtts2es,wr_veloz_et5_k12,0,word_rep,et5,12,12,19,veloz,23,10.581333333333333,4,0.13633319735527039,0.053373172879219055,0.17120833333333332,0.22285231947898865,227,False,16,8.67047619047619,1.2203866432337434,False,16,undercount,0,el corredor iba veloz veloz veloz velos veloz velo velos velos velos velos  velos velos elos velos velos por el camino ino estrecho
xtts2es,wr_veloz_et5_k12,1,word_rep,et5,12,12,19,veloz,20,9.376,4,0.13163824379444122,0.055512409657239914,0.17129166666666668,0.22152282297611237,201,False,13,8.67047619047619,1.0813708260105448,False,13,undercount,0,el corredor iba veloz velos-veloz veloz lo velos velos elos velos velos velos velos veloz para el camino estrecho
xtts2es,wr_veloz_et5_k12,2,word_rep,et5,12,12,19,veloz,46,25.162666666666667,6,0.12014944851398468,0.04394103214144707,0.12833333333333333,0.272326797246933,541,False,43,8.67047619047619,2.902108963093146,False,43,loop,0,el corredor iba veloz veloz veloz veloz veloz velós veloz os velos-velos ve los velos velos pelos velos velos pelos peleirospalino lino estrecho en en testamitaasobelta el po nio oy es tarto hora los velós pelos por el camino estrechoen cont stroc s
xtts2es,wr_veloz_et5_k16,0,word_rep,et5,16,16,23,veloz,28,13.045333333333334,3,0.13145560026168823,0.05840897560119629,0.12554166666666666,0.23420313000679016,280,False,20,10.782476190476192,1.2098643301300167,False,20,undercount,0,el corredor iba veloz veloz velos velos velos veloz s  velos-velos velos velos velos velos velos-velos-ve os velos velos velos velos por el camino estrecho
xtts2es,wr_veloz_et5_k16,1,word_rep,et5,16,16,23,veloz,30,15.370666666666667,5,0.12841427326202393,0.045009512454271317,0.15575,0.1147572249174118,330,False,25,10.782476190476192,1.4255228942905593,False,25,undercount,0,el corredor iba veloz veloz veloz veloz veloz s velos velos velos velos velos velos velos velos os velos velos velos velos velos velos velos por el camino estrel strecht
xtts2es,wr_veloz_et5_k16,2,word_rep,et5,16,16,23,veloz,29,15.136,1,0.11495177447795868,0.07193829119205475,0.14604166666666665,0.187053844332695,325,False,24,10.782476190476192,1.4037591859807799,False,24,undercount,0,el corredor iba velos velos velos velos velos velos velos  velos  veloz  velos velos  velos velos velos velos velos velos velos velos velos velos por el camino estrecho cho
xtts2es,wr_veloz_et5_k24,0,word_rep,et5,24,24,31,veloz,35,27.018666666666668,5,0.10356754064559937,0.06142231822013855,0.027,0.16889165341854095,581,False,47,15.006476190476189,1.8004670999187655,False,47,loop,0,el corredor iba velos velos velos-velosvelos-vel velos velos velos  velz  velos velos veloz  veloz veloz veloz veloz oedio tenevita velos velos ve los velos velos velos velos velopor l or el camino estrecho
xtts2es,wr_veloz_et5_k24,1,word_rep,et5,24,24,31,veloz,36,16.522666666666666,3,0.12185604125261307,0.04825449362397194,0.153,0.30020666122436523,355,False,27,15.006476190476189,1.1010357432981317,False,27,undercount,0,el corredor iba veloz veloz veloz velos velos velos velos los velos velos velos velos velos velos velos velos velos os velos velos velos velos velos los vlos vlos vlos velos velos los velos pamino estrecho
xtts2es,wr_veloz_et5_k24,2,word_rep,et5,24,24,31,veloz,39,17.877333333333333,4,0.11650721728801727,0.0656062439084053,0.16179166666666667,0.15078113973140717,384,False,29,15.006476190476189,1.1913078797725427,False,29,undercount,0,el corredor iba veloz veloz velz veloz veloz velos velos velos velos velos velos velos velos velos velos velo belos velos velos velos velos  velos velos velos belos pel s velos velos velos velos velos por el camino estrecho
xtts2es,wr_veloz_et5_k32,0,word_rep,et5,32,32,39,veloz,46,25.909333333333333,6,0.106803297996521,0.07585253566503525,0.12254166666666666,0.19423629343509674,557,False,45,19.23047619047619,1.3473058637083994,False,45,undercount,0,el corredor iba velos velos velos-velosvelos-velo veloz  veloz veloz  veloz  veloz veloz velozvlo elos velos velos velos ve los velos velos velos s velos velos velos velos  velos velos velos s velos velos velos velos velos velos velos velos velos los por el camino
xtts2es,wr_veloz_et5_k32,1,word_rep,et5,32,32,39,veloz,33,27.018666666666668,1,0.1019054725766182,0.07390740513801575,4.1666666666666665e-05,0.3197554647922516,581,False,47,19.23047619047619,1.4049920760697308,False,47,undercount,0,el corredor iba veloz vels velos velos velos velos velos velos velos velos velos velos velos velos velos velos velos vels velos el ombe es las popen de los velos velos velos  velosos
xtts2es,wr_veloz_et5_k32,2,word_rep,et5,32,32,39,veloz,44,21.077333333333332,5,0.11154765635728836,0.06647474318742752,0.15441666666666667,0.1981251984834671,453,False,35,19.23047619047619,1.0960380348652932,False,35,undercount,0,el corredor iba veloz veloz veloz veloz veloz velos  velos velos  velos velos velos  velos velos velos velo velos velos velos  velos los velos velos velos velos velos velos los velos velos elos velos velos velos velos velos velos velos los velos velos per
