model,item_id,seed,family,template,k,expected_count,expected_words,target_unit,n_words,duration_s,count_a,rms,spectral_flatness,trailing_silence_s,loop_ac_peak,n_speech_tokens,hit_cap,count_b,expected_duration_s,duration_ratio,agree,count_final,outcome,correct,transcript
llasa1b,ct_blue_t4_k048,0,control_word,t4,48,48,55,blue,46,38.2,34,nan,nan,nan,nan,1910,False,,nan,nan,True,34,undercount,0,THE LIGHT WAS QUITE REALLY TRULY FAIRLY RATHER SOMEWHAT EXTREMELY NOTABLY DEEPLY CLEARLY PLAINLY SURELY BARELY HARDLY MOSTLY NEARLY PARTLY SIMPLY WIDELY WHOLY BADLY BOLDLY BRISKLY CALMLY COLDLY COOLLY CRUDELY DARKLY DEARLY DENSELY DIMLY DRYLY DULLY EAGERLY EARLY EASE OF THE FALS OF FARAD ABAT COWLY
llasa1b,ct_blue_t4_k064,0,control_word,t4,64,64,71,blue,60,34.38,54,nan,nan,nan,nan,1719,False,,nan,nan,True,54,undercount,0,THE LIGHT WAS QUITE REALLY FAIRLY FAIRLY RATHER SOMEWHAT EXTREMELY NOTABLY DEEPLY CLEARLY PLAINLY SURELY BARELY HARDLY MOSTLY NEARLY PARTLY SIMPLY WIDELY WHOLLY BADLY BOLDLY BRISKLY CALMLY COLDLY COOLLY CRUDELY DARKLY DEARLY DENSELY DIMLY DRYLY DULLY EAGERLY EARLY EASILY EVENLY EXACTLY FAINTLY FALSELY FAMOUSLY LY FIERCELY FINELY FIRMLY FRANKLY FREELY FRESHLY GENTLY GLADLY GRAVELY GRIMLY HARSHLY HEAVILY HIGHLY HOTLY HOTLY
llasa1b,ct_blue_t4_k096,0,control_word,t4,96,96,103,blue,77,35.9,60,nan,nan,nan,nan,1795,False,,nan,nan,True,60,undercount,0,THE LIGHT WAS QUITE REALLY TRULY FAIRLY RATHER SOMEWHAT EXTREMELY NOTABLY DEEPLY CLEARLY PLAINLY SURELY BARELY HARDLY MOSTLY NEARLY PARTLY SIMPLY WIDELY WHOLLY BADLY BOLDLY BRISKLY CALMLY COLDLY COOLLY CUDLY DARKLY DEARLY DENSELY DIMLY DRYLY DULLY EAGERLY EARLY EASILY EVENLY EXACTLY FAINTLY FALSELY FAMOUSLY FIERCELY FINELY FIRMLY FILY FIRMLY FRANKLY FREELY FRESHLY GENTLY GLADLY GRAVELY GRIMLY HARSHLY HEAVI HEAVILY HIGHLY HOTLY HUGELY HUMBLY KEENLY KINDLY LARGELY LIGHTLY LIGHTLY LIGHLY BRALY PRINLY FRIENDLY FASHLY HEAVILY FAIRLY RATHER SEMCHISD
llasa1b,ct_blue_t4_k128,0,control_word,t4,128,128,135,blue,69,34.52,56,nan,nan,nan,nan,1726,False,,nan,nan,True,56,undercount,0,THE LIGHT WAS QUITE REALLY TRULY FAIRLY RATHER SOMEWHAT EXTREMELY NOTABLY DEEPLY CLEARLY PLAINLY SURELY BARELEY HARLEY MOSTLY NEARLY PARTLY SIMPLY WIDELY WHOLLY BADLY BOLDLY BRISKLY CALMLY COLDLY COOLLY CRUOLY DARKLY DEARLY DENSELY DIMLY DRYLY DULLY EAGERLY EARLY EASILY EVENLY EXACTLY FAMELY FALSELY FAMOUSLY FIERCELY FIMLY FIRMLY FRANKLY FREELY FRESHLY GENTLY GLADLY GRAVELY GRIMLY HARSH HARSHLY HEAVILY HIGHLY HOTLY HUGELY HUMBLY KEENLY KINDLY LARGEL LIGHTLY LIGHTLY LIKELY D PURENCE
llasa1b,ct_far_t3_k048,0,control_word,t3,48,48,56,far,54,36.1,46,nan,nan,nan,nan,1805,False,,nan,nan,True,46,undercount,0,HE WALKED QUITE REALLY TRULY FAIRLY RATHER SOMEWHAT EXTREMELY NOTABLY DEEPLY CLEARLY PLAINLY SURELY BARELY HARDLY MOSTLY NEARLY PARTLY SIMPLY WIDELY WHOLLY BADLY BOLDLY BRISKLY CALMLY COLDLY COOLLY CRUDELY DARKLY DEARLY DENSELY DIMLY DRYLY DULLY EAGERLY EARLY EASILY EVENLY EXACTLY FAINTLY FALSELY FAMOUSLY FIERCELY FINELY FIRMLY FLATLY FONDLY INTO THE FOREST BEFORE TURNING BACK
llasa1b,ct_far_t3_k064,0,control_word,t3,64,64,72,far,61,38.46,54,nan,nan,nan,nan,1923,False,,nan,nan,True,54,undercount,0,HE WALKED QUITE REALLY TRULY FAIRLY RATHER SOMEWHAT EXTREMELY NOTABLY DEEPLY CLEARLY PLAINLY SURELY BARELY HARDLY MOSTLY NEARLY PARTLY SIMPLY WIDELY WHOLLY BADLY BOLDLY BRISKLY CALMLY COLDLY COOLLY CRUDELY DARKLY DEARLY DENSELY DIMLY DRYLY DULLY EAGERLY EARLY EASILY EVENLY EXACTLY FAINTLY FALSELY FAMOUSLY FIERCELY FRINDLY FORMALLY FRANKLY FREELY FRESHLY GENTLY GLADLY GRAVELY GRIMLY HARSHLY HEAVILY HIGHLY HOTLY HOTLY DOLLY HIGHTS DOCTOR
llasa1b,ct_far_t3_k096,0,control_word,t3,96,96,104,far,68,31.5,62,nan,nan,nan,nan,1575,False,,nan,nan,True,62,undercount,0,HE WALKED QUITE REALLY TRULY FAIRLY RATHER SOMEWHAT EXTREMELY NOTABLY DEEPLY CLEARLY PLAINLY SURELY BARELY HARDLY MOSTLY NEARLY PARTLY SIMPLY WIDELY WHOLLY BADLY BOLDLY BRISKLY CALMLY COLDLY COOLLY CRUDELY DARKLY DEARLY DENSELY DIMLY DRYLY DULLY EAGERLY EARLY EASILY EVENLY EXACTLY FAINTLY FALSELY FAMOUSLY FIERCELY FINELY FIRMLY FRANKLY FREELY FRESHLY GENTLY GLADLY GRAVELY GRIMLY HARSHLY HEAVILY HIGHLY HOTLY HOTLY HUGELY HUMBLY KEENLY KINDLY LARGELY LATELY LIGHTLY LIGHTLYY LILY DUMPERS
llasa1b,ct_far_t3_k128,0,control_word,t3,128,128,136,far,78,34.7,56,nan,nan,nan,nan,1735,False,,nan,nan,True,56,undercount,0,HE WALKED QUITE REALLY TRULY FAIRLY RATHER SOMEWHAT EXTREMELY NOTABLY DEEPLY CLEARLY PLAINLY SURELY BARELY HARDLY MOSTLY NEARLY PARTLY SIMPLY WIDELY WHOLLY BADLY BOLDLY BRISKLY CALMLY COLDLY COOLLY CRUDELY DARKLY DEARLY DENSELY DIMLY DRYLY DULLY EAGERLY EARLY EASILY EVENLY EXACTLY FAINTLY FALSELY FAMOUSLY FRIENDLY FRANKLY FURLY FRESHLY GENTLY GLADLY GRAVELY GRIMLY HARSHLY HEAVILY HIGHLY HOTLY HOTLY HOTLY HUGELY HUMBLY KEENLY KINDLY LARGELY LEDLY LEHTLY PO FRASELY GENTLY GLENS HAVLY HOLLY HOTLY ILL STAT FARLY TO THE PORTS FARLY
llasa1b,ct_very_t1_k048,0,control_word,t1,48,48,58,very,55,38.3,44,nan,nan,nan,nan,1915,False,,nan,nan,True,44,undercount,0,THE DOG WAS QUITE REALLY TRULY FAIRLY RATHER SOMEWHAT EXTREMELY NOTABLY DEEPLY CLEARLY PLAINLY SURELY BARELY HARDLY MOSTLY NEARLY PARTLY SIMPLY WIDELY WHOLLY BADLY BOLDLY BRISKLY CALMLY COLDLY COOLLY CRUDELY DARKLY DEARLY DENSELY DIMLY DRYLY DULLY EAGERLY EARLY EASILY EVENLY EXACTLY FAINTLY FALSELY FAMOUSLY FIERCELY FINALLY FORMALLY FRANKLY BIG AND IT RAN ACROSS THE FIELD
llasa1b,ct_very_t1_k064,0,control_word,t1,64,64,74,very,64,38.38,58,nan,nan,nan,nan,1919,False,,nan,nan,True,58,undercount,0,THE DOG WAS QUITE REALLY TRULY FAIRLY RATHER SOMEWHAT EXTREMELY NOTABLY DEEPLY CLEARLY PLAINLY SURELY BARELY HARDLY MOSTLY NEARLY PARTLY SIMPLY WIDELY WHOLLY BADLY BOLDLY BRISKLY CALMLY COLDLY COOLLY CRUDELY DARKLY DEARLY DENSELY DIMLY DRYLY DULLY EAGERLY EARLY EASILY EVENLY EXACTLY FAINTLY IF FALSELY FAMOUSLY FIERCELY Y FINELY FIRMLY FRANKLY FREELY FRESHLY GENTLY GLADLY GRAVELY GRIMLY HARSHLY HEAVILY HIGHLY HOTLY HUGELY HUMBLY KEENLY KINDL
llasa1b,ct_very_t1_k096,0,control_word,t1,96,96,106,very,82,49.26,22,nan,nan,nan,nan,2463,False,,nan,nan,True,22,undercount,0,CE SICKLY ABLE DEEPLY CLEARLY CRUDELY FARLY HARDLY BOLLY MOSTLY NEARLY PARTLY SIMPLY BIDLY BOLDLY BADLY BOLDLY BADLY BOLDLY BADLY BOLDLY BADLY BOLDLY BADLY BOLDLY BRISKLY CALMLY COLDLY COOLLY CRUDELY DARKLY BOLDLY BADLY BOLDLY GRADLY DENSELY DIMLY DRYLY DULLY EAGERLY EARSHLY GENTLY GLADLY GRAVELY GRADLY FRESHLY GENTLY GLADLY GRAVELY GRIMLY HARSHLY HEAVILY FIRMLY FRATLY FRADLY RATLY GLADLY CRATLY FRATLY BALDLY GRATLY FRARLY BRADLY GRATLY BALDLY BRADLY BRADLY CRATLY FRALLY CRATLY FRARLY BADLY LADLY BALDLY BADLY LILY LADLY BALDLY BRASLY CALMLY COLDLY COLD
llasa1b,ct_very_t1_k128,0,control_word,t1,128,128,138,very,74,36.44,56,nan,nan,nan,nan,1822,False,,nan,nan,True,56,undercount,0,THE DOG WAS QUITE REALLY TRULY FAIRLY RATHER SOMEWHAT EXTREMELY NOTABLY DEEPLY CLEARLY PLAINLY SURELY BARELY HARDLY MOSTLY NEARLY PARTLY SIMPLY WIDELY WHOLLY BADLY BOLDLY BRISKLY CALMLY COLDLY COOLLY CRUDELY DARKLY DEARLY DENSELY DIMLY DRYLY DULLY EAGERLY EARLY EASILY EVENLY EXACTLY FAINTLY FALSELY FAMOUSLY FIERCELY FINELY FIRMLY FRANKLY FREELY FRESHLY GENTLY GLADLY GRAVELY GRIMLY HARSHLY HEAVILY HIGHLY HOTLY GRAVELY GRIMLY HARSHLY HEAVILY HIGHLY HIGHLY GRAVELY GRIMLY HARSHLY HEAVILY HIGHLY HIGHLY HOTLY MANLY MEEKLY NANDA
llasa1b,wr_blue_t4_k048,0,word_rep,t4,48,48,55,blue,0,163.84,0,nan,nan,nan,nan,8192,True,,nan,nan,True,0,degenerate,0,
llasa1b,wr_blue_t4_k064,0,word_rep,t4,64,64,71,blue,6,34.7,3,nan,nan,nan,nan,1735,False,,nan,nan,True,3,undercount,0,THE LIGHT WAS BLUE BLUE BLUE
llasa1b,wr_blue_t4_k096,0,word_rep,t4,96,96,103,blue,37,21.28,22,nan,nan,nan,nan,1064,False,,nan,nan,True,22,undercount,0,THE LIGHT WAS BLUE BLUE BLUE BLUE BLUE BLUE BLUE BLUE BLUE BLUE BLUE BLUE BLUE BLUE BLUE BLUE BLUE BLUE BLUE BLUE BLUE BLUE BEFORE THE STORM ARRIVED BEFORE THE STORM ARRIVED BEFORE THE STORM ARRIVED
llasa1b,wr_blue_t4_k128,0,word_rep,t4,128,128,135,blue,6,45.08,2,nan,nan,nan,nan,2254,False,,nan,nan,True,2,undercount,0,THE LIGHT WAS BLUE BLUE B
llasa1b,wr_far_t3_k048,0,word_rep,t3,48,48,56,far,5,163.84,3,nan,nan,nan,nan,8192,True,,nan,nan,True,3,loop,0,HE WALKED FAR FAR FAR
llasa1b,wr_far_t3_k064,0,word_rep,t3,64,64,72,far,66,130.44,64,nan,nan,nan,nan,6522,False,,nan,nan,True,64,miscount,0,HE WALKED FAR FAR FAR FAR FAR FAR FAR FAR FAR FAR FAR FAR FAR FAR FAR FAR FAR FAR FAR FAR FAR FAR FAR FAR FAR FAR FAR FAR FAR FAR FAR FAR FAR FAR FAR FAR FAR FAR FAR FAR FAR FAR FAR FAR FAR FAR FAR FAR FAR FAR FAR FAR FAR FAR FAR FAR FAR FAR FAR FAR FAR FAR FAR FAR
llasa1b,wr_far_t3_k096,0,word_rep,t3,96,96,104,far,70,132.4,0,nan,nan,nan,nan,6620,False,,nan,nan,True,0,undercount,0,HE WOLKED FIRE FIRE FIR FIRE FIRE FIRE FIRE FIE FIE FIR FIRE FIRE FIRE FIRE FIRE FIRE FIRE FIE FIR FIRE FIRE FIE FIRE FIRE FIRE FIRE FIRE FIRE FIRE FIRE FIRE FIE FIE FIRE FIRE FIRE FIRE FIRE FIRE FIRE FIRE FIRE FIRE FIR FIRE FIRE FIRE FIRE FIRVE FIRE FIVE FIVE FIRE FIE FIRE FIRE FIVE FIVE FIVE FIVE FIVE FIVE FIE FIVE FIREFIRE FRE FIRE FIRE
llasa1b,wr_far_t3_k128,0,word_rep,t3,128,128,136,far,52,163.84,37,nan,nan,nan,nan,8192,True,,nan,nan,True,37,loop,0,HE WALKED FAR FAR FAR FAR FAR FAR FAR FAR FAR FAR FAR FAR FAR FAR FAR FAR FAR FAR FAR FAR FAR FAR FAR FAR FAR FAR FAR FAR FAR FAR FAR FAR FAR FAR INTO THE FOREST BEFORE TURNING BACK MAYAN FAR FAR FAR FARINTO THE FOREST BEFORE TURNING BACK
llasa1b,wr_very_t1_k048,0,word_rep,t1,48,48,58,very,25,38.7,22,nan,nan,nan,nan,1935,False,,nan,nan,True,22,undercount,0,THE DOG WAS VERY VERY VERY VERY VERY VERY VERY VERY VERY VERY VERY VERY VERY VERY VERY VERY VERY VERY VERY VERY VERY VERY
llasa1b,wr_very_t1_k064,0,word_rep,t1,64,64,74,very,10,132.4,3,nan,nan,nan,nan,6620,False,,nan,nan,True,3,undercount,0,THE TOLG WAS VERY VERY VERYVERY VER EN VERY BERYA
llasa1b,wr_very_t1_k096,0,word_rep,t1,96,96,106,very,0,133.22,0,nan,nan,nan,nan,6661,False,,nan,nan,True,0,degenerate,0,
llasa1b,wr_very_t1_k128,0,word_rep,t1,128,128,138,very,0,163.84,0,nan,nan,nan,nan,8192,True,,nan,nan,True,0,degenerate,0,
llasa1b,ct_blue_t4_k048,1,control_word,t4,48,48,55,blue,35,163.84,23,nan,nan,nan,nan,8192,True,,nan,nan,True,23,loop,0,THE LIGHT WAS QUITE REALLY TRULY FAIRLY RATHER SOMEWHAT EXTREMELY NOTABLY DEEPLY CLEARLY PLAINLY SURELY BARELY HARDLY SIMPLY WIDELY WHOLLY BADLY BOLDLY BRISKLY CALMLY COLDLY COOLLY BEFORE THERE SOMEWHAT EXTREMELY NOTABLY BEFORE THE STORM ARRIVE
llasa1b,ct_blue_t4_k048,2,control_word,t4,48,48,55,blue,52,38.18,44,nan,nan,nan,nan,1909,False,,nan,nan,True,44,undercount,0,THE LIGHT WAS QUITE REALLY TRULY FAIRLY RATHER SOMEWHAT EXTREMELY NOTABLY DEEPLY CLEARLY PLAINLY SURELY BARELY HARDLY MOSTLY NEARLY PARTLY SIMPLY WIDELY WHOLLY BADLY BOLDLY BRISKLY CALMLY COLDLY COOLLY CRUDELY DARKLY DEARLY DENSELY DIMLY DRYLY DULLY EAGERLY EARLY EASILY EVENLY EXACTLY FAINTLY FALSELY FAMOUSLY FIERCELY FINELY FIRMALLY FRANKLY BEFORE THE STORM ARRIVED
llasa1b,ct_blue_t4_k064,1,control_word,t4,64,64,71,blue,59,38.04,54,nan,nan,nan,nan,1902,False,,nan,nan,True,54,undercount,0,THE LIGHT WAS QUITE REALLY TRULY FAIRLY RATHER SOMEWHAT EXTREMELY NOTABLY DEEPLY CLEARLY PLAINLY SURELY BARELY HARDLY MOSTLY NEARLY PARTLY SIMPLY WIDELY WHOLLY BADLY BOLDLY BRISKLY CALMLY COLDLY COOLLY CRUDELY DARKLY DEARLY DENSELY DIMLY DRYLY DULLY EAGERLY EARLY EASILY EVENLY EXACTLY FAINTLY FALSELY FAMOUSLY FILLY FRESHLY GENTLY GLADLY GRAVELY GRIMLY HARSHLY HEAVILY HIGHLY HIGHLY HUGELY HUMBLY KEENLY KINDLY LARGELY
llasa1b,ct_blue_t4_k064,2,control_word,t4,64,64,71,blue,62,39.2,57,nan,nan,nan,nan,1960,False,,nan,nan,True,57,undercount,0,THE LIGHT WAS QUITE REALLY TRULY FAIRLY RATHER SOMEWHAT EXTREMELY NOTABLY DEEPLY CLEARLY PLAINLY SURELY BARELY HARDLY MOSTLY NEARLY PARTLY SIMPLY WIDELY WHOLLY BADLY BOLDLY BRISKLY CALMLY COLDLY COOLLY CRUDELY DARKLY DEARLY DENSELY DIMLY DRYLY DULLY EAGERLY EARLY EASILY EVENLY EXACTLY FAINTLY FALSELY FAMOUSLY FIERCELY FINELY FIRMLY FLATLY FONDLY FORMALLY FRANKLY FREELY GREAMLY HARSHLY HEAVILY HIGHLY HOTLY HUGELY HUMBLY KEENLY KINDLY LITER
llasa1b,ct_blue_t4_k096,1,control_word,t4,96,96,103,blue,67,36.88,53,nan,nan,nan,nan,1844,False,,nan,nan,True,53,undercount,0,THE LIGHT WAS QUITE REALLY TRULY FAIRLY FAIRLY RATHER SOMEWHAT EXTREMELY NOTABLY DEEPLY CLEARLY PLAINLY SURELY BARELY HARDLY MOSTLY NEARLY PARTLY SIMPLY WIDELY WHOLLY BADLY BOLDLY BRISKLY CALMLY COLDLY COOLLY CRUDELY DARKLY DEARLY DENSELY DIMLY DRYLY DULLY EAGERLY EARLY EASILY EVENLY EXACTLY FAINTLY FALSELY FAMOUSLY FAIRLY FAILY POLLY HOLLY HOLLY USUALLY HUMBLY KINDLY FLATLY FONDLY FORMALLY FRANKLY FREELY FRESHLY GENTLY GLADLY GRAVELY GRIMLY HARSHLY HEAVILY BOLS FREE
llasa1b,ct_blue_t4_k096,2,control_word,t4,96,96,103,blue,64,38.04,51,nan,nan,nan,nan,1902,False,,nan,nan,True,51,undercount,0,THE LIGHT WAS QUITE REALLY TRULY FAIRLY FAIRLY RATHER SOMEWHAT EXTREMELY NOTABLY DEEPLY CLEARLY PLAINLY SURELY BARELY HARDLY MOSTLY NEARLY PARTLY SIMPLY WIDELY WHOLLY BADLY BOLDLY BRISKLY CALMLY COLDLY COOLLY CRUDELY DARKLY DEARLY DENSELY DIMLY DRYLY DULLY EAGERLY EARLY FARLEY FLATLY FOND FONDLY FIRMLY FLATLY FONDLY FARLY FATLY FONDLY FIRMLY FRANKLY FREELY FRESHLY GENTLY GLADLY GRAVELY GRIMLY HARSHLY HEAVILY HIGHLY HOTLY HUGELY HUMBLY COOL
llasa1b,ct_blue_t4_k128,1,control_word,t4,128,128,135,blue,98,38.84,60,nan,nan,nan,nan,1942,False,,nan,nan,True,60,undercount,0,THE LIGHT WAS QUITE REALLY TRULY FAIRLY RATHER SOMEWHAT EXTREMELY NOTABLY DEEPLY CLEARLY PLAINLY SURELY BARELY HARDLY MOSTLY NEARLY PARTLY SIMPLY WIDELY WHOLLY BADLY BOLDLY BRISKLY CALMLY COLDLY COOLLY COOLLY DARKLY DEARLY DENSELY DIMLY DRYLY DULLY EAGERLY EARLY EASILY EVENLY EXACTLY FAINTLY FALSELY FAMOUSLY FIERCELY FINELY FIRMLY FLATLY FONDLY FIRMLY FRAMELY FREELY FRESHLY GENTLY GLADLY GRAVELY GRIMLY HARSHLY HEAVILY HIGHLY HODLY HUGELY HUMBLY KEENLY KINDLY INDLY LARGELY  MEELY MEEKLY MEALY MEALY RAILY FRESHLY GENTLY GLADLY GRAVELY GRIMLY HARSHLY HEAVILY HILLY HOLLY PALY GRILLY FAIRLY FAIRLY HOLLY HOLLY HOLLY HOLLY FURLY FAIRLY RATHER SOMEWHAT EXTREMELY MINK NALLO WAS QUIELY
llasa1b,ct_blue_t4_k128,2,control_word,t4,128,128,135,blue,117,48.34,59,nan,nan,nan,nan,2417,False,,nan,nan,True,59,undercount,0,THE LIGHT WAS QUITE REALLY TRULY FAIRLY RATHER SOMEWHAT EXTREMELY NOTABLY DEEPLY CLEARLY PLAINLY SHIRLY BARELY HARDLY MOSTLY NEARLY PARTLY SIMPLY WIDELY WHOLLY BADLY BOLDLY BRISKLY CALMLY COLDLY COOLLY CRUDELY DARKLY DEARLY DENSELY DIMLY DRYLY DULLY EAGERLY EASILY EVENLY EXACTLY FAINTLY FALSELY FAMILY FAIRLY FONDLY FONDLY FIRMLY FRANKLY FREELY FRESHLY GENTLY GLADLY GRAVELY GRIMLY HARSHLY HEAVILY HIGHLY HITLY HOTLY HOTLY HUGELY HUMBLY KEENLY LY KINDLY LARGELY LILY LITELY LITELY MAINLY MEEKLY MERELY MILDLY TOO FREELY FRESHLY GENTLY GLADLY BRAVELY GRIDLY ARCHLY HEAVELY PERLY PERDLY DULY PERDLY PERDLY PERDLY PERDLY DULLY COLDLY PERDLY PERDLY PERDLY PERDY PERDLY PERDLY PERDLY PERDLY DARK DELIGHT WAS QUITE REALLY PERDLY PERDLY PERDLY PERDY PERDLY PERDLY BERDLY DULLY PERDLY PERDLY DODLY PERDLY BREDLY
llasa1b,ct_far_t3_k048,1,control_word,t3,48,48,56,far,55,42.92,43,nan,nan,nan,nan,2146,False,,nan,nan,True,43,undercount,0,HE WALKED QUITE REALLY TRULY FAIRLY RATHER SOMEWHAT EXTREMELY NOTABLY DEEPLY CLEARLY PLAINLY SURELY BARELY HARDLY MOSTLY NEARLY PARTLY SIMPLY WIDELY WHOLLY BADLY BOLDLY BRISKLY CALMLY COLDLY COOLLY CRUDELY DARKLY DEARLY DENSELY DIMLY ILY DRYLY DULLY EAGERLY EARLY EASILY EVENLY EXACTLY FAINTLY FALSELY FAMOUS FLATLY FONDLY FLATLY FONDLY FRANKLY INTO THE FOREST BEFORE TURNING BACK
llasa1b,ct_far_t3_k048,2,control_word,t3,48,48,56,far,53,37.62,44,nan,nan,nan,nan,1881,False,,nan,nan,True,44,undercount,0,HE WALKED QUITE REALLY TRULY FAIRLY RATHER SOMEWHAT EXTREMELY NOTABLY DEEPLY CLEARLY PLAINLY SURELY BARELY HARDLY MOSTLY NEARLY PARTLY SIMPLY WIDELY WHOLLY BADLY BOLDLY BRISKLY CALMLY COLDLY COOLLY CRUDELY DARKLY DEARLY DENSELY DIMLY DRYLY DULLY EAGERLY EARLY EASILY EVENLY EXACTLY FAINTLY FALSELY FAMOUSLY FIERCELY FINALLY FIRMLY FRANKLY INTO THE FOREST BEFORE TURNING BACK
llasa1b,ct_far_t3_k064,1,control_word,t3,64,64,72,far,63,36.04,56,nan,nan,nan,nan,1802,False,,nan,nan,True,56,undercount,0,HE WALKED QUITE REALLY TRULY FAIRLY RATHER SOMEWHAT EXTREMELY NOTABLY DEEPLY CLEARLY PLAINLY SURELY BARELY HARDLY MOSTLY NEARLY PARTLY SIMPLY WIDELY WHOLLY BADLY BOLDLY BRISKLY CALMLY COLDLY COOLLY CRUDELY DARKLY DEARLY DENSELY DIMLY DRYLY DULLY EAGERLY ARLY EASILY EVENLY EXACTLY FAINTLY FALSELY FAMOUS VERBALLY FRANKLY FONDLY FORMALLY FRANKLY FREELY FRESHLY GENTLY GLADLY GRAVELY GRIMLY HARSHLY HEAVILY HIGHLY HOTLY HUGELY HUMBLY KEENLY KINDLY LEGELEBRI
llasa1b,ct_far_t3_k064,2,control_word,t3,64,64,72,far,60,35.92,57,nan,nan,nan,nan,1796,False,,nan,nan,True,57,undercount,0,HE WALKED QUITE REALLY TRULY FAIRLY RATHER SOMEWHAT EXTREMELY NOTABLY DEEPLY CLEARLY PLAINLY SURELY BARELY HARDLY MOSTLY NEARLY PARTLY SIMPLY WIDELY WHOLLY BADLY BOLDLY BRISKLY CALMLY COLDLY COOLLY CRUDELY DARKLY DEARLY DENSELY DIMLY DRYLY DULLY EAGERLY EARLY EASILY EVENLY EXACTLY FAINTLY FALSELY FAMOUSLY FINELY FIRMLY FARTLY FREELY FRESHLY GENTLY GLADLY GRAVELY GRIMLY HARSHLY HEAVILY HIGHLY HOTLY HUGELY HUMBLY KEENLY KINDLY
llasa1b,ct_far_t3_k096,1,control_word,t3,96,96,104,far,65,34.96,52,nan,nan,nan,nan,1748,False,,nan,nan,True,52,undercount,0,HE WALKED QUITE REALLY TRULY FAIRLY RATHER SOMEWHAT EXTREMELY NOTABLY DEEPLY CLEARLY PLAINLY SURELY BARELY HARDLY MOSTLY NEARLY PARTLY SIMPLY WIDELY WHOLLY BADLY BOLDLY BRISTLY CALMLY COLDLY COOLLY CRUDELY DARKLY DEARLY DENSY DIMLY DRYLY DULLY EAGERLY EARLY EASILY EVENLY EXACTLY FAINTLY FALSELY FAINLY FALTLY FONDLY FRANKLY FREELY FRESHLY GENTLY GLADLY GRAVELY GRIMLY HARSHLY HEAVILY HIGHLY HOTLY HUGELY HUMBLY CALL WALL FOBLY FOBY FREELY FRICKLY FRIENDY
llasa1b,ct_far_t3_k096,2,control_word,t3,96,96,104,far,75,36.0,61,nan,nan,nan,nan,1800,False,,nan,nan,True,61,undercount,0,HE WALKED QUITE REALLY TRULY FAIRLY RATHER SOMEWHAT EXTREMELY NOTABLY DEEPLY CLEARLY PLAINLY SURELY BARELY HARDLY MOSTLY NEARLY PARTLY SIMPLY WIDELY WHOLLY BADLY BOLDLY BRISKLY CALMLY COLDLY COOLLY CRUDELY DARKLY DEARLY DUNLEY DRYLY DULLY EAGERLY EARLY EASILY EVENLY EXACTLY FAINTLY FALSELY FAMOUSLY FIERCELY FINELY FIRMLY FRANKLY FREELY FRESHLY GENTLY GLADLY GRAVELY GRIMLY HARSHLY HEAVILY HIGHLY LY HOTLY HUGELY HUMBLY KEENLY KINDLY LARGELY LATELY LIGHTLY LIVELY LIVELY LIVELY FREELY POMLY FRANKLY FREELY FRESHLY GENTLY GIRLY BOT
llasa1b,ct_far_t3_k128,1,control_word,t3,128,128,136,far,79,33.5,48,nan,nan,nan,nan,1675,False,,nan,nan,True,48,undercount,0,HE WALKED OR HE WALKED QUITE REALLY TRULY FAIRLY RATHER SOMEWHAT EXTREMELY NOTABLY DEEPLY CLEARLY PLAINLY SURELY BARELY HARDLY MOSTLY NEARLY PARTLY SIMPLY WIDELY WHOLDLY BADLY BOLDLY BRISTLY CALMLY COLDLY COLDLY CRUDELY CRUDELY BADLY BOLDLY BRISTLY CALMLY COLDLY CRUDLY DUELY CRUDELY DARKLY DEARLY DENSELY DIMLY DRYLY DULLY EAGERLY EARLY EASIY EVENLY EXACTLY FAINTLY FALSELY FAMOUSLY EVENLY KINDLY LARDLY DULY FRESLEY FAMOUSLY FREELY FRESHLY GENTLY GLADLY GRAVELY GRIMLY HARSHLY HEAVILY HIGHLY HOTLY HUGELY HUNLY HARSHLY HEAVILY HIGHLY HOTLY HUGELY HUMLYCAL
llasa1b,ct_far_t3_k128,2,control_word,t3,128,128,136,far,72,33.62,59,nan,nan,nan,nan,1681,False,,nan,nan,True,59,undercount,0,HE WALKED QUITE REALLY TRULY FAIRLY RATHER SOMEWHAT EXTREMELY NOTABLY DEEPLY CLEARLY PLAINLY SHIRLY BARELY HARDLY MOSTLY NEARLY PARTLY SIMPLY WIDELY WHOLLY BADLY BOLDLY BRISKLY CALMLY COLDLY COOLLY CRUDELY DARKLY DEARLY DENSELY DIMLY DRYLY DULLY EAGERLY EARLY EASILY EVENLY EXACTLY FAINTLY FALSELY FAMOUSLY FIERCELY FINELY FIRMLY FRANKLY FREELY FRESHLY GENTLY GLADLY GRAVELY GRIMLY HARSHLY HEAVILY HIGHLY HOTLY HUGELY HUMBLY KEENLY KINDLY LARGELY LATER MAGLIE FRANKLY FREEDLY GENTLY FRIENDLY FRANKLY FRILLY FRIENDY SA
llasa1b,ct_very_t1_k048,1,control_word,t1,48,48,58,very,55,37.9,45,nan,nan,nan,nan,1895,False,,nan,nan,True,45,undercount,0,THE DOG WAS QUITE REALLY TRULY FAIRLY RATHER SOMEWHAT EXTREMELY NOTABLY DEEPLY CLEARLY PLAINLY SURELY BARELY HARDLY MOSTLY NEARLY PARTLY SIMPLY WIDELY WHOLLY BADLY BOLDLY BRISKLY CALMLY COLDLY COOLLY CRUDELY DARKLY DEARLY DENSELY DIMLY DRYLY DULLY EAGERLY EARLY EASILY EVENLY EXACTLY FAINTLY FALSELY FAMOUSLY FIERCELY FINELY FIRMLY FRANKLY BIG AND IT RAN ACROSS THE FIELD
llasa1b,ct_very_t1_k048,2,control_word,t1,48,48,58,very,58,33.62,48,nan,nan,nan,nan,1681,False,,nan,nan,True,48,miscount,0,THE DOG WAS QUITE REALLY TRULY FAIRLY RATHER SOMEWHAT EXTREMELY NOTABLY DEEPLY CLEARLY PLAINLY SURELY BARELY HARDLY MOSTLY NEARLY PARTLY SIMPLY WIDELY WHOLLY BADLY BOLDLY BRISKLY CALMLY COLDLY COOLLY CRUDELY DARKLY DEARLY DENSELY DIMLY DRYLY DULLY EAGERLY EARLY EASILY EVENLY EXACTLY FAINTLY FALSELY FAMOUSLY FIERCELY FINELY FIRMLY FLATLY FONDLY FORMALLY FRANKLY BIG AND IT RAN ACROSS THE FIELD
llasa1b,ct_very_t1_k064,1,control_word,t1,64,64,74,very,54,39.52,47,nan,nan,nan,nan,1976,False,,nan,nan,True,47,undercount,0,THE DOG WAS QUITE REALLY TRULY FAIRLY RATHER SOMEWHAT EXTREMELY NOTABLY DEEPLY CLEARLY PLAINLY SURELY BARELY HARDLY MOSTLY NEARLY PARTLY SIMPLY WIDELY BADLY BRISKLY CALMLY COLDLY COOLLY CRUDELY DARKLY DEARLY DENSELY DIMLY DRYLY DULLY EAGERLY EARLY EASILY EVENLY EXACTLY FAINTLY FALSELY FAMOUSLY FATHLY GENTLY GLADLY GRAVELY GRIMLY HARSHLY HEAVILY HIGHLY HOTLY HOTLY HEGILY FAFLITER
llasa1b,ct_very_t1_k064,2,control_word,t1,64,64,74,very,60,35.08,56,nan,nan,nan,nan,1754,False,,nan,nan,True,56,undercount,0,THE DOG WAS QUITE REALLY TRULY FAIRLY RATHER SOMEWHAT EXTREMELY NOTABLY DEEPLY CLEARLY PLAINLY SURELY BARELY HARDLY MOSTLY NEARLY PARTLY SIMPLY WIDELY WHOLLY BADLY BOLDLY BRISKLY CALMLY COLDLY COOLLY CRUDELY DARKLY DEARLY DENSELY DIMLY DRYLY DULLY EAGERLY EARLY EASILY EVENLY EXACTLY FAINTLY FALSELY FAMILY FIRMLY FRANKLY FREELY FRESHLY GENTLY GLADLY GRAVELY GRIMLY HARSHLY HEAVILY HIGHLY HOTLY HUGELY HUMBLY KEENLY KINDLY
llasa1b,ct_very_t1_k096,1,control_word,t1,96,96,106,very,70,36.88,50,nan,nan,nan,nan,1844,False,,nan,nan,True,50,undercount,0,THE DOG WAS QUITE REALLY TRULY FAIRLY RATHER SOMEWHAT EXTREMELY NOTABLY DEEPLY CLEARLY PLAINLY SURELY BARELY HARDLY MOSTLY NEARLY PARTLY SIMPLY WIDELY WHOLLY BADLY BOLDLY BRISKLY CALMLY COLDLY COOLLY CRUDELY COLMLY COLDLY COOLLY CRUDELY DARKLY DEARLY DENSELY DIMLY DRYLY DULLY EAGERLY EARLY EASILY EVENLY EXACTLY FAINTLY FALSELY HEAVILY HIGHLY HOTLY HUGELY HUMBLY GRAYLY FRANKLY FRAILY FRANKLY FRANKLY FRAILY FRESHLY GENTLY GLADLY GRAVELY GRIMLY HARSHLY HEAVILY HIGHLY HOTLY RARLY BARELY GRAVELY
llasa1b,ct_very_t1_k096,2,control_word,t1,96,96,106,very,173,72.48,32,nan,nan,nan,nan,3624,False,,nan,nan,True,32,undercount,0,THE DOG WAS QUITE REALLY TRULY FAIRLY RATHER SOMEWHAT EXTREMELY NOTABLY DEEPLY CLEARLY PLAINLY SURELY BARELY HARDLY MOSTLY NEARLY PARTLY SIMPLY WIDELY WHOLLY BADLY BOLDLY BRISKLY CALMY COLDLY COOLLY CRUDELY DARKLY DEARLY DENSELY DIMLY DRYLY DULLY EAGERLY EARLY EASILY EVENLY EXACTLY FAINTLY FALSELY FAMOUSLY FIERCELY FINELY FIRMLY FLATLY FONDLY FORMALLY FRANKLY FREELY FRESHLY GENTLY GLADLY GRAVELY GRIMLY HARSHLY HEAVILY HIGHLY HOTLYUE HUGELY HUMBLY KEENLY KINDLY LARGELY L LY LEGLY CRIRLY PROLY PRINLY FRINLY FRANKLY FREELY GENTY GENTLY FROWLY AVOLLY HOLLY HOLLY HOLLY PRAWLY PRAWLY PRAWLY BADLY DULLY FRARLY FURLY PRARLY FROWLY BADLY BADLY BOLLY BRAWLY PAWLY PRAWLY PRAWLY BOLLY BONLY SURLY PARLY PRAWLY BOLLY PRAWLY PRAWLY PUWLY DRILLY PARLY PARLY SIMPLY PARTLY PAWLY FAINTLY PARTLY PRAWLY FAINLY NOTELY BADLY BOLDLY BOLDLY BRISKLY CALMLY COLDLY COOLLY PROWDLY PROUDLY SHIRLY BARELY HARDLY BOLLY PALLY BALLY DOLLY EAGERLY FAIRLY FALLY BOLLY FOLLY BADLY BOLDY BRISKLY CALMLY COLDLY BRISKLY CALMLY COLDLY COOLLY CRULY DARKLY DEARLY DENSELY DENSELY DENSLY DILLY DOLLY BRAVELY DILY DOLLY BRAYLY EAGERLY EASILY EVENLY EX EVICLE FULLY BALLY PRE DO DOLLY BARLY DOLLY DOLLY
llasa1b,ct_very_t1_k128,1,control_word,t1,128,128,138,very,73,30.94,59,nan,nan,nan,nan,1547,False,,nan,nan,True,59,undercount,0,THE DOLL WAS QUITE REALLY TRULY FAIRLY RATHER SOMEWHAT EXTREMELY NOTABLY DEEPLY CLEARLY PLAINLY SURELY BARELY HARDLY MOSTLY NEARLY PARLEY SIMPLY WIDELY WHOLLY BADLY BOLDLY BRISKLY CALMLY COLDLY COOLLY CRUELY DARKLY DEARLY DENSELY DIMLY DRYLY DULLY EASILY EVENLY EXACTLY FAINTLY FALSELY FAMOUSLY FIERCELY FINELY FIRMLY FLATLY FONDLY FORMALLY FRANKLY FREELY FRESHLY GENTLY GLADLY GRAVELY GRIMLY HARSHLY HEAVILY HIGHLY HOTLY HOTLY HUGELY HUMBLY LY KEENLY KINDLY LARLY LA LE MALY MEEKLY MELLY DO DO
llasa1b,ct_very_t1_k128,2,control_word,t1,128,128,138,very,85,33.06,61,nan,nan,nan,nan,1653,False,,nan,nan,True,61,undercount,0,THE DOG WAS QUITE REALLY TRULY FAIRLY RATHER SOMEWHAT EXTREMELY NOTABLY DEEPLY CLEARLY PLAINLY SURELY BARELY HARDLY MOSTLY NEARLY PARTLY SIMPLY WIDLY WHOLLY BADLY BOLDLY BRISKLY CALMLY COLDLY COOLLY CRUDELY DARKLY DEARLY DENSELY DIMLY DRYLY DULLY EASILY EVENLY EXACTLY FAINTLY FALSELY FAMOUSLY FIERCELY FINELY FIRMLY FLATLY FONDLY FORMALLY FRANKLY FREELY FRESHLY GENTLY GLADLY GRAVELY GRIMLY HARSHLY HEAVILY HIGHLY HOTLY HUGELY HUMBLY KEENLY KINDLY KINDLY RELY LIGHT LILY LIKELY LITHELY MAINLY MEEDLY GRALY FRASLY GENTLY GLADLY GRAVELY FRESHLY GENTLY GOD RARLY FARLY GRIDLY PARTLY MOSY BA
llasa1b,wr_blue_t4_k048,1,word_rep,t4,48,48,55,blue,0,112.88,0,nan,nan,nan,nan,5644,False,,nan,nan,True,0,degenerate,0,
llasa1b,wr_blue_t4_k048,2,word_rep,t4,48,48,55,blue,9,17.6,2,nan,nan,nan,nan,880,False,,nan,nan,True,2,undercount,0,THE LIGHT WAS BLUE BLUE BEFORE THE STORM ARRIVED
llasa1b,wr_blue_t4_k064,1,word_rep,t4,64,64,71,blue,12,163.84,9,nan,nan,nan,nan,8192,True,,nan,nan,True,9,loop,0,THE LIGHT WAS BLUE BLUE BLUE BLUE BLUE BLUE BLUE BLUE BLUE
llasa1b,wr_blue_t4_k064,2,word_rep,t4,64,64,71,blue,57,28.58,29,nan,nan,nan,nan,1429,False,,nan,nan,True,29,undercount,0,THE LIGHT WAS BLUE BLUE BLUE BLUE BLUE BLUE BLUE BLUE BLUE BLUE BLUE BLUE BLUE BLUE BLUE BLUE BLUE BLUE BLUE BLUE BLUE BLUE BLUE BLUE BLUE BLUE BLUE BLUE BLUE BLU BU BLU BLU BU BLU BLUO BLU BLU BLU BU BLU BLU BU BLU BO BO BOO BOO BOO BOO BEFORE THE STORM ARAC
llasa1b,wr_blue_t4_k096,1,word_rep,t4,96,96,103,blue,16,39.04,9,nan,nan,nan,nan,1952,False,,nan,nan,True,9,undercount,0,THE LIGHT WAS BLUE BLUE BLUE BLUE BLUE BLUE BLUE BLUE BLUE BEFORE THE STORM ARRIVED
llasa1b,wr_blue_t4_k096,2,word_rep,t4,96,96,103,blue,24,18.14,3,nan,nan,nan,nan,907,False,,nan,nan,True,3,undercount,0,THE LIGHT WAS BLUE BLUE BLUE BLU BL BL BL BL  L BBL B BLBL B LBLBBLBLBLBL B B B AFOR THE STORM ARRIVED
llasa1b,wr_blue_t4_k128,1,word_rep,t4,128,128,135,blue,23,13.42,16,nan,nan,nan,nan,671,False,,nan,nan,True,16,undercount,0,THE LIGHT WAS BLUE BLUE BLUE BLUE BLUE BLUE BLUE BLUE BLUE BLUE BLUE BLUE BLUE BLUE BLUE BLUE BEFORE THE STORM ARRIVED
llasa1b,wr_blue_t4_k128,2,word_rep,t4,128,128,135,blue,53,25.24,36,nan,nan,nan,nan,1262,False,,nan,nan,True,36,undercount,0,THE LIGHT WAS BLUE BLUE BLUE BLUE BLUE BLUE BLUE BLUE BLUE BLUE BLUE BLUE BLUE BLUE BLUE BLUE BLUE BLUE BLUE BLUE BLUE BLUE BLUE BLUE BLUE BLUE BLUE BLUE BLUE BLUE BLUE BLUE BLUE BLUE BLUE BLUE RASH ON CA CA CA CA CAR CAR CAR BEFORE THE STORM ARRIVED RIVED
llasa1b,wr_far_t3_k048,1,word_rep,t3,48,48,56,far,39,163.84,37,nan,nan,nan,nan,8192,True,,nan,nan,True,37,loop,0,HE WALKED FAR FAR FAR FAR FAR FAR FAR FAR FAR FAR FAR FAR FAR FAR FAR FAR FAR FAR FAR FAR FAR FAR FAR FAR FAR FAR FAR FAR FAR FAR FAR FAR FAR FAR FAR FAR FAR
llasa1b,wr_far_t3_k048,2,word_rep,t3,48,48,56,far,45,20.64,37,nan,nan,nan,nan,1032,False,,nan,nan,True,37,undercount,0,HE WALKED FAR FAR FAR FAR FAR FAR FAR FAR FAR FAR FAR FAR FAR FAR FAR FAR FAR FAR FAR FAR FAR FAR FAR FAR FAR FAR FAR FAR FAR FAR FAR FAR FAR FAR FAR FAR FAR INTO THE FOREST BEFORE TURNING BACK
llasa1b,wr_far_t3_k064,1,word_rep,t3,64,64,72,far,15,163.84,11,nan,nan,nan,nan,8192,True,,nan,nan,True,11,loop,0,HE WALKED FAR FAR FAR FAR FAR FAR FAR FAR FAR FAR FAR FA FA
llasa1b,wr_far_t3_k064,2,word_rep,t3,64,64,72,far,56,36.16,47,nan,nan,nan,nan,1808,False,,nan,nan,True,47,undercount,0,HE WALKED FAR FAR FAR FAR FAR FAR FAR FAR FAR FAR FAR FAR FAR FAR FAR FAR FAR FAR FAR FAR FAR FAR FAR FAR FAR FAR FAR FAR FAR FAR FAR FAR FAR FAR FAR FAR FAR FAR FAR FAR FAR FAR FAR FAR FAR FAR FAR FA INTO THE FOREST BEFORE TURNING BACK
llasa1b,wr_far_t3_k096,1,word_rep,t3,96,96,104,far,59,58.02,47,nan,nan,nan,nan,2901,False,,nan,nan,True,47,undercount,0,HE WALKED FAR FAR FAR FAR FAR FAR FAR FARR FAR FAR FAR FAR FAR FAR FAR FAR FAR FAR FAR FAR FAR FA FAR FAR FAR FARRR FARR FAR FAR FAR FARR FAR FAR FARR FARR FAR FAR FAR FAR FAR FAR FA FAR FAR FAR FAR FAR FAR FAR FAR FAR FAR FAR FAR FAR FARE FI
llasa1b,wr_far_t3_k096,2,word_rep,t3,96,96,104,far,31,163.84,26,nan,nan,nan,nan,8192,True,,nan,nan,True,26,loop,0,HE WALKED FAR FAR FAR FAR FAR FAR FAR FAR FAR FAR FAR FAR FAR FAR FAR FAR FAR FAR FAR FAR FAR FAR FAR FAR FAR FAR INTO THE FOREST
llasa1b,wr_far_t3_k128,1,word_rep,t3,128,128,136,far,114,49.5,52,nan,nan,nan,nan,2475,False,,nan,nan,True,52,undercount,0,HE WALKED FAR FAR FAR FAR FAR FAR FAR FAR FAR FAR FAR FAR FAR FAR FAR FAR FAR FAR FAR FAR FAR FAR FAR FAR FAR FAR FAR FAR FAR FAR FAR FAR FAR FAR FARFAR FAR FAR FAR FAR FAR FAR FAR FAR FAR FAR FAR FAR FARFAR FAR FAR FAR FA FAR FARFAR FAR FAR A FAT FAT FA TATFAT FAT AFATFAT FA ATFAT FAT TAFT FA FA FA F TAT FATFAFAT FA FAT TAT FA FATFATFA FAT FA FAT FAT FAT FA FATAT FAT FA FA FAT FA FA FAT FA FATFA FA FA FAT FAT FA FAT FAT FAT FA FA F FA FA FA FA A F A
llasa1b,wr_far_t3_k128,2,word_rep,t3,128,128,136,far,78,147.94,0,nan,nan,nan,nan,7397,False,,nan,nan,True,0,undercount,0,HE WALKED FOUR FOUR FOUR FOUR FOUR FOUR FOUR FOUR FOUR FOUR FOUR FOUR FOUR FOUR FOUR FOUR FOUR FOUR FOUR FOUR FOUR FOUR FOUR FOUR FOUR FOUR FOUR FOUR FOUR FOUR FOUR FOUR FOUR FOUR FOUR FOUR FOUR FOUR FOUR FOUR FOUR FOUR FOUR FOUR FOUR FOUR FOUR FOUR FOUR FOUR FOUR FOUR FOUR FOUR FOUR FOUR FOUR FOUR FOUR FOUR FOUR FOUR FOUR FOUR FOUR FOUR FOUR FOUR FOUR FOUR FOUR FOUR FOUR FOUR FOUR OO
llasa1b,wr_very_t1_k048,1,word_rep,t1,48,48,58,very,0,163.84,0,nan,nan,nan,nan,8192,True,,nan,nan,True,0,degenerate,0,
llasa1b,wr_very_t1_k048,2,word_rep,t1,48,48,58,very,4,79.64,1,nan,nan,nan,nan,3982,False,,nan,nan,True,1,undercount,0,THE DOG WAS VERY
llasa1b,wr_very_t1_k064,1,word_rep,t1,64,64,74,very,22,120.4,0,nan,nan,nan,nan,6020,False,,nan,nan,True,0,undercount,0,II II III I I II I EETE T TE TETE TTE TT TE TE T T TIT TE TI E E
llasa1b,wr_very_t1_k064,2,word_rep,t1,64,64,74,very,0,163.84,0,nan,nan,nan,nan,8192,True,,nan,nan,True,0,degenerate,0,
llasa1b,wr_very_t1_k096,1,word_rep,t1,96,96,106,very,6,163.84,0,nan,nan,nan,nan,8192,True,,nan,nan,True,0,loop,0,THE DOG WAS BE V V
llasa1b,wr_very_t1_k096,2,word_rep,t1,96,96,106,very,5,67.76,1,nan,nan,nan,nan,3388,False,,nan,nan,True,1,undercount,0,THE DOG WAS VER VERY
llasa1b,wr_very_t1_k128,1,word_rep,t1,128,128,138,very,5,24.92,1,nan,nan,nan,nan,1246,False,,nan,nan,True,1,undercount,0,THE DOG WAS VERY VE
llasa1b,wr_very_t1_k128,2,word_rep,t1,128,128,138,very,0,163.84,0,nan,nan,nan,nan,8192,True,,nan,nan,True,0,degenerate,0,
llasa8b,ct_blue_t4_k048,0,control_word,t4,48,48,55,blue,55,28.22,47,nan,nan,nan,nan,1411,False,,nan,nan,True,47,undercount,0,THE LIGHT WAS QUITE REALLY TRULY FAIRLY RATHER SOMEWHAT EXTREMELY NOTABLY DEEPLY CLEARLY PLAINLY SURELY BARELY HARDLY MOSTLY NEARLY PARTLY SIMPLY WIDELY WHOLLY BADLY BOLDLY BRISKLY CALMLY COLDLY COOLLY CRUDELY DARKLY DEARLY DENSELY DIMLY DRYLY DULLY EAGERLY ARLY EASILY EVENLY EXACTLY FAINTLY FALSELY FAMOUSLY FIERCELY FINELY FIRMLY FLATLY FONDLY FORMALLY FRANKLY BEFORE THE STORM ARRIVED
llasa8b,ct_blue_t4_k064,0,control_word,t4,64,64,71,blue,71,31.98,64,nan,nan,nan,nan,1599,False,,nan,nan,True,64,miscount,0,THE LIGHT WAS QUITE REALLY TRULY FAIRLY RATHER SOMEWHAT EXTREMELY NOTABLY DEEPLY CLEARLY PLAINLY SURELY BARELY HARDLY MOSTLY NEARLY PARTLY SIMPLY WIDELY WHOLLY BADLY BOLDLY BRISKLY CALMLY COLDLY COOLLY CRUDELY DARKLY DEARLY DENSELY DIMLY DRYLY DULLY EAGERLY EARLY EASILY EVENLY EXACTLY FAINTLY FALSELY FAMOUSLY FIERCELY FINELY FIRMLY FLATLY FONDLY FORMALLY FRANKLY FREELY FRESHLY GENTLY GLADLY GRAVELY GRIMLY HARSHLY HEAVILY HIGHLY HOTLY HUGELY HUMBLY KEENLY KINDLY LARGELY LATELY BEFORE THE STORM ARRIVED
llasa8b,ct_blue_t4_k096,0,control_word,t4,96,96,103,blue,94,43.82,64,nan,nan,nan,nan,2191,False,,nan,nan,True,64,undercount,0,THE LIGHT WAS QUITE REALLY TRULY FAIRLY RATHER SOMEWHAT EXTREMELY NOTABLY DEEPLY CLEARLY PLAINLY SURELY BARELY HARDLY MOSTLY NEARLY PARTLY SIMPLY WIDELY WHOLLY BADLY BOLDLY BRISKLY CALMLY COLDLY COOLLY CRUDELY DARKLY DEARLY DENSELY DIMLY DRYLY DULLY EAGERLY EARLY EASILY EVENLY EXACTLY FAINTLY FALSELY FAMOUSLY FIERCELY FINELY FIRMLY FLATLY FONDLY FORMALLY FRANKLY FREELY FRESHLY LY GENTLY GLADLY GRAVELY GRIMLY HARSHLY HEAVILY HIGHLY HOTLY HUGELY HUMBLY KEENLY KINDLY LARGELY LAGHTLY LIGHTLY LIGHTLY LIGHTLY LIGHTLY LIGHTLY LIGHTLY LIGHTLY LIGHTLY LIGHTLY LIGHTLY LIGHTLY LIGHTLY LIGHTLY LIT EXTREMELY NOTIB LADLY COLDLY BADLY FALSELY NIDLY REALLY FARDLY SURELY BADLY FARDLY
llasa8b,ct_blue_t4_k128,0,control_word,t4,128,128,135,blue,89,37.88,71,nan,nan,nan,nan,1894,False,,nan,nan,True,71,undercount,0,THE LIGHT WAS QUITE REALLY TRULY FAIRLY RATHER SOMEWHAT EXTREMELY NOTABLY DEEPLY CLEARLY PLAINLY SURELY BARELY HARDLY MOSTLY NEARLY PARTLY SIMPLY WIDELY WHOLLY BADLY BOLDLY BRISKLY CALMLY COLDLY COOLLY CRUDELY DARKLY DEARLY DENSELY DIMLY DRYLY DULLY EAGERLY EARLY EASILY EVENLY EXACTLY FAINTLY FALSELY FAMOUSLY FIERCELY FINELY FIRMLY FLATLY FONDLY FORMALLY FRANKLY FREELY FRESHLY GENTLY GLADLY GRAVELY GRIMLY HARSHLY HEAVILY VILY HIGHLY HOTLY HUGELY HUMBLY KEENLY KINDLY LARGELY LATELY LIGHTLY LIGHTLY LIGHTLY LEE LIGHTLY LIGHTLY LIGHTLY LEE SURELY BARELY LIGHTLY FILY SIEFLY SHARPLY SHORTLY SHYLY SLIGHTLY SLOWLY SMOOTHLY SMOOTHLY SMOOTHLY
llasa8b,ct_far_t3_k048,0,control_word,t3,48,48,56,far,56,22.4,45,nan,nan,nan,nan,1120,False,,nan,nan,True,45,undercount,0,HE WALKED QUITE REALLY TRULY FAIRLY RATHER SOMEWHAT EXTREMELY NOTABLY DEEPLY CLEARLY PLAINLY SURELY BARELY HARDLY MOSTLY NEARLY PARTLY SIMPLY WIDELY WHOLLY BADLY BOLDY BRISKLY CALMLY COLDLY COOLLY COLY DARKLY DEARLY DENSELY DIMLY DRYLY DULLY EAGERLY EARLY EASILY EVENLY EXACTLY FAINTLY FALSELY FAMOUSLY FIERSELY FINELY FIRMLY FLATLY FONDLY FORMALLY FRANKLY INTO THE FOREST BEFORE TURNING BACK
llasa8b,ct_far_t3_k064,0,control_word,t3,64,64,72,far,74,31.72,60,nan,nan,nan,nan,1586,False,,nan,nan,True,60,undercount,0,HE WALK QUITE REALLY TRULY FAIRLY RATHER SOMEWHAT EXTREMELY NOTABLY DEEPLY CLEARLY PLAINLY SURELY BARELY HARDLY MOSTLY NEARLY PARTLY SIMPLY WIDELY WHOLLY BADLY BOLDLY BRISKLY CALMLY COLDLY COOLLY CRUDELY DARKLY DARLY DENSELY DIMLY DRYLY DULLY EAGERLY EARLY EASILY EVENLY EXACTLY FAINTLY FALSELY FAMOUSLY FIERCELY FINELY FIRMLY FLATLY FOMLY FORMALLY FRANKLY FREELY FRESHLY GENTLY GLADLY GRAVELY GRIMLY HARSHLY HEAVILY HIGHLY HOT THY HUGELY HUMBLY KEEN THEE KINDLY LARGELY LATELY INTO THE FOREST BEFORE TURNING BACK
llasa8b,ct_far_t3_k096,0,control_word,t3,96,96,104,far,83,35.6,65,nan,nan,nan,nan,1780,False,,nan,nan,True,65,undercount,0,HE WALKED QUITE REALLY TRULY FAIRLY RATHER SOMEWHAT EXTREMELY NOTABLY DEEPLY CLEARLY PLAINLY SURELY BARELY HARDLY MOSTLY NEARLY PARTLY SIMPLY WIDELY WHOLLY BADLY BOLDLY BRISKLY CALMLY COLDLY COOLLY CRUDELY DARKLY DEARLY DENSELY DIMLY DRYLY DULLY EAGERLY EARLY EASILY EVENLY EXACTLY FAINTLY FALSELY FAMOUSLY FIERCELY FINELY FIRMLY FLATLY FONDLY FORMALLY FRANKLY FREELY FRESHLY GENTLY GLADLY GRAVELY GRIMLY HARSHLY Y HEAVILY HIGHLY HOTLY HUGELY HUMBLY KEENLY KINDLY LARGELY LAGTLY LIGHTLY LIKELY LODLEY HUGELY HUMBLY KEENLY KINDLY LARGELY LAGHTLY LIGHTLY LIGHTLY LIGHTLY LIGHTLY LODLEY LIGHTLY LEA
llasa8b,ct_far_t3_k128,0,control_word,t3,128,128,136,far,86,36.3,65,nan,nan,nan,nan,1815,False,,nan,nan,True,65,undercount,0,HE WALKED QUITE REALLY TRULY FAIRLY RATHER SOMEWHAT EXTREMELY NOTABLY DEEPLY CLEARLY PLAINLY SURELY BARELY HARDLY MOSTLY NEARLY PARTLY SIMPLY WIDELY WHOLLY BADLY BOLDLY BRISKLY CALMLY COLDLY COOLLY CRUDELY DARKLY DEARLY DENSELY DIMLY DRYLY DULLY EAGERLY EARLY EASILY EVENLY EXACTLY FAINTLY FALSELY FAMOUSLY FIERCELY FINELY FIRMLY FLATLY FONDLY FORMALLY FRANKLY FREELY FRESHLY GENTLY GLADLY GRAVELY GRIMLY HARSHLY HEAVILY HIGHLY HOTLY HUGELY HUMBLY KEENLY KINDLY LARGELY LATELY LIGHTLY LIGHTLY LIGHTLY LIGHTLY MASHLY FALLY COFROUED SUCH AS DEAVER AND ENSUS SUCH AS DEAVER AND CENSUS MOSTLY DEVILY STARTLE
llasa8b,ct_very_t1_k048,0,control_word,t1,48,48,58,very,58,24.68,47,nan,nan,nan,nan,1234,False,,nan,nan,True,47,undercount,0,THE DOG WAS QUITE REALLY TRULY FAIRLY RATHER SOMEWHAT EXTREMELY NOTABLY DEEPLY CLEARLY PLAINLY SURELY BARELY HARDLY MOSTLY NEARLY PARTLY SIMPLY WIDELY WHOLLY BADLY BOLDLY BRISKLY CALMLY COLDLY COLLY CRUDELY DARKLY DEARLY DENSELY DIMLY DRYLY DULLY EAGERLY EARLY EASILY EVENLY EXACTLY FAINTLY FALSELY FAMOUSLY FIERCELY FINELY FIRMLY FLATLY FONDLY FORMALLY FRANKLY BIG AND IT RAN ACROSS THE FIELD
llasa8b,ct_very_t1_k064,0,control_word,t1,64,64,74,very,75,30.66,62,nan,nan,nan,nan,1533,False,,nan,nan,True,62,undercount,0,THE DOG WAS QUITE REALLY TRULY FAIRLY RATHER SOMEWHAT EXTREMELY NOTABLY DEEPLY CLEARLY PLAINLY SURELY BARELY HARDLY MOSTLY NEARLY PARTLY SIMPLY WIDELY HOLLY BADLY BOLDLY BRISKLY CALMLY COLDLY COOLLY CRUDELY DARKLY DEARLY DENSELY DIMLY DRYLY DULLY EAGERLY EARLY EASILY EVENLY EXACTLY FAINTLY FALSELY FAMOUSLY FIERCELY FINELY FIRMLY FLATLY FONDLY FORMALLY FRANKLY FREELY FRESHLY GENTLY GLADLY GRAVELY GRIMLY HARSHLY ASHLY HEAVILY HIGHLY HOTLY HUGELY HUMBLY KANELY KINDLY LARGELY LATELY BIG AND IT RAN ACROSS THE FIELD
llasa8b,ct_very_t1_k096,0,control_word,t1,96,96,106,very,84,35.34,64,nan,nan,nan,nan,1767,False,,nan,nan,True,64,undercount,0,THE DOG WAS QUITE REALLY TRULY FAIRLY RATHER SOMEWHAT EXTREMELY NOTABLY DEEPLY CLEARLY PLAINLY SURELY BARELY HARDLY MOSTLY NEARLY PARTLY SIMPLY WIDELY WHOLLY BADLY BOLDLY BRISKLY CALMLY COLDLY COOLLY CRUDELY DARKLY DEARLY DENSELY DIMLY DRYLY DULLY EAGERLY EARLY EASILY EVENLY EXACTLY FAINTLY FALSELY FAMOUSLY FIERCELY FINELY FIRMLY FLATLY FONDLY FORMERLY FRANKLY FREELY FRESHLY GENTLY GLADLY GRAVELY GRIMLY HARSHLY HEAVILY Y HIGHLY HOTLY HUGELY HUMBLY KEENLY KINDLY LARGELY LIGHTLY LIGHTLY LIGHTLY LIVELY HUGELY HUMBLY KEENLY KINDLY LARGELY LIGHTLY LIGHTLY LIGHTLY LIGHTLY LIGHTLY LIGHTLY LIKHTLY LIVELY
llasa8b,ct_very_t1_k128,0,control_word,t1,128,128,138,very,93,39.7,70,nan,nan,nan,nan,1985,False,,nan,nan,True,70,undercount,0,THE DOG WAS QUITE REALLY TRULY FAIRLY RATHER SOMEWHAT EXTREMELY NOTABLY DEEPLY CLEARLY PLAINLY SURELY BARELY HARDLY MOSTLY NEARLY PARTLY SIMPLY WIDELY WHOLLY BADLY BOLDLY BRISKLY CALMLY COLDLY COOLLY CRUDELY DARKLY DEARLY DENSELY DIMLY DRYLY DULLY EAGERLY EARLY EASILY EVENING EXACTLY FAINTLY FALSELY FAMOUSLY FIERCELY FINELY FIRMLY FLATLY FONDLY FORMERLY FRANKLY FREELY FRESHLY GENTLY GLADLY GRAVELY GRIMLY HARSHLY HEAVILY VILY HIGHLY HOTLY HUGELY HUMBLY KEENLY KINDLY LARGELY LATELY LIGHTLY LIGHTLY LIGHTLY LIELY NEKES ATLY SAFELY SHARPLY SHORTLY SHYLY SLIGHTLY SLOWLY SMOOTHLY SMOOTHLY SOLLY SOLLY SOLLY SOLLY SOLLY SOLLY SOLLY SOLLY SOLLY IS THAT
llasa8b,wr_blue_t4_k048,0,word_rep,t4,48,48,55,blue,40,26.84,32,nan,nan,nan,nan,1342,False,,nan,nan,True,32,undercount,0,THE LIGHT WAS BLUE BLUE BLUE BLUE BLUE BLUE BLUE BLUE BLUE BLUE BLUE BLUE BLUE BLUE BLUE BLUE BLUE BLUE BLUE BLUE BLUE BLUE BLUE BLUE BLUE BLUE BLUE BLUE BLUE BLUE BLUE BLUE BY BEFORE THE STORM ARRIVED
llasa8b,wr_blue_t4_k064,0,word_rep,t4,64,64,71,blue,29,19.98,22,nan,nan,nan,nan,999,False,,nan,nan,True,22,undercount,0,THE LIGHT WAS BLUE BLUE BLUE BLUE BLUE BLUE BLUE BLUE BLUE BLUE BLUE BLUE BLUE BLUE BLUE BLUE BLUE BLUE BLUE BLUE BLUE BLUE BEFORE THE STORM ARRIVED
llasa8b,wr_blue_t4_k096,0,word_rep,t4,96,96,103,blue,24,13.12,17,nan,nan,nan,nan,656,False,,nan,nan,True,17,undercount,0,THE LIGHT WAS BLUE BLUE BLUE BLUE BLUE BLUE BLUE BLUE BLUE BLUE BLUE BLUE BLUE BLUE BLUE BLUE BLUE BEFORE THE STORM ARRIVED
llasa8b,wr_blue_t4_k128,0,word_rep,t4,128,128,135,blue,56,23.8,49,nan,nan,nan,nan,1190,False,,nan,nan,True,49,undercount,0,THE LIGHT WAS BLUE BLUE BLUE BLUE BLUE BLUE BLUE BLUE BLUE BLUE BLUE BLUE BLUE BLUE BLUE BLUE BLUE BLUE BLUE BLUE BLUE BLUE BLUE BLUE BLUE BLUE BLUE BLUE BLUE BLUE BLUE BLUE BLUE BLUE BLUE BLUE BLUE BLUE BLUE BLUE BLUE BLUE BLUE BLUE BLUE BLUE BLUE BLUE BLUE BEFORE THE STORM ARRIVED
llasa8b,wr_far_t3_k048,0,word_rep,t3,48,48,56,far,41,163.84,29,nan,nan,nan,nan,8192,True,,nan,nan,True,29,loop,0,HE WALKED FI F FAR FAR FAR FAR FAR FAR FAR FAR FARFAR FARFAR FAR FAR FAR FAR FAR FAR FAR FAR FAR FAR FAR FAR FAR FAR FAR FAR FAR FAR FAR FAR FAR OATHER MOTHER MAT  ATHER MATHE OTHERTHER
llasa8b,wr_far_t3_k064,0,word_rep,t3,64,64,72,far,38,31.36,28,nan,nan,nan,nan,1568,False,,nan,nan,True,28,undercount,0,HE WALKED FAR FAR FAR FAR FAR FAR FAR FAR FAR FAR FAR FAR FAR FAR FAR FAR FAR FAR FAR FAR FAR FAR FAR FAR FAR FAR FAR FAR FARFAR FARFARFARAFAAFARARARFARARARARAARARAARARARARARARAURARARAURARAROUOOROOOUOO INTO THE FOREST BEFORE TURNING BACK
llasa8b,wr_far_t3_k096,0,word_rep,t3,96,96,104,far,61,85.58,59,nan,nan,nan,nan,4279,False,,nan,nan,True,59,undercount,0,HE WALKED FAR FAR FAR FAR FAR FAR FAR FAR FAR FAR FAR FAR FAR FAR FAR FAR FAR FAR FAR FAR FAR FAR FAR FAR FAR FAR FAR FAR FAR FAR FAR FAR FAR FAR FAR FAR FAR FAR FAR FAR FAR FAR FAR FAR FAR FAR FAR FAR FAR FAR FAR FAR FAR FAR FAR FAR FAR FAR FAR
llasa8b,wr_far_t3_k128,0,word_rep,t3,128,128,136,far,26,29.6,17,nan,nan,nan,nan,1480,False,,nan,nan,True,17,undercount,0,HE WALKED FAR FAR FAR FAR FAR FAR FAR FAR FAR FAR FAR FAR FAR FAR FAR FAR FAR PI INTO THE FOREST BEFORE TURNING BACK
llasa8b,wr_very_t1_k048,0,word_rep,t1,48,48,58,very,30,32.66,27,nan,nan,nan,nan,1633,False,,nan,nan,True,27,undercount,0,THE DOG WAS VERY VERY VERY VERY VERY VERY VERY VERY VERY VERY VERY VERY VERY VERY VERY VERY VERY VERY VERY VERY VERY VERY VERY VERY VERY VERY VERY
llasa8b,wr_very_t1_k064,0,word_rep,t1,64,64,74,very,29,86.72,24,nan,nan,nan,nan,4336,False,,nan,nan,True,24,undercount,0,THE DOG WAS VERY VERY VERY VERY VERY VERY VERY VERY VERY VERY VERY VERY VERY VERY VERY VERY VERY VERY VERY VERY VERY VERY VERY VERY BIG T
llasa8b,wr_very_t1_k096,0,word_rep,t1,96,96,106,very,23,9.2,14,nan,nan,nan,nan,460,False,,nan,nan,True,14,undercount,0,THE DOG WAS VERY VERY VERY VERY VERY VERY VERY VERY VERY VERY VERY VERY VERY VERY AND IT RAN ACROSS THE FIELD
llasa8b,wr_very_t1_k128,0,word_rep,t1,128,128,138,very,21,41.22,13,nan,nan,nan,nan,2061,False,,nan,nan,True,13,undercount,0,THE DOG WAS VERY VERY VERY VERY VERY VER VERY VERY VERY VERY VER VERY VERY VERY VERY THEY AND IT
llasa8b,ct_blue_t4_k048,1,control_word,t4,48,48,55,blue,55,23.22,46,nan,nan,nan,nan,1161,False,,nan,nan,True,46,undercount,0,THE LIGHT WAS QUITE REALLY TRULY FAIRLY RATHER SOMEWHAT EXTREMELY NOTABLY DEEPLY CLEARLY PLAINLY SURELY BARELY HARDLY MOSTLY NEARLY PARTLY SIMPLY WIDELY WHOLLY BADLY BOLDLY BRISKLY CALMLY COLDLY COOLLY CRUDELY DARKLY DEARLY DENSELY DIMLY DRYLY DULLY EAGERLY EARLY EASILY EVENLY EXACTLY FAINTLY FALSELY FAMOUSLY FIERCELY FINELY FIRMLY FLATLY FEDL FORMLY FRANKLY BEFORE THE STORM ARRIVED
llasa8b,ct_blue_t4_k048,2,control_word,t4,48,48,55,blue,55,24.68,47,nan,nan,nan,nan,1234,False,,nan,nan,True,47,undercount,0,THE LIGHT WAS QUITE REALLY TRULY FAIRLY RATHER SOMEWHAT EXTREMELY NOTABLY DEEPLY CLEARLY PLAINLY SHIRLY BARELY HARDLY MOSTLY NEARLY PARTLY SIMPLY WIDELY WHOLLY BADLY BOLDLY BRISKLY CALMLY COLDLY COOLLY CRUDELY DARKLY DEARLY DENSELY DIMLY DRYLY DULLY EAGERLY EARLY EASILY EVENLY EXACTLY FAINTLY FALSELY FAMOUSLY FIERCELY FINELY FIRMLY FLATLY FONDLY FORMALLY FRANKLY BEFORE THE STORM ARRIVED
llasa8b,ct_blue_t4_k064,1,control_word,t4,64,64,71,blue,72,32.58,59,nan,nan,nan,nan,1629,False,,nan,nan,True,59,undercount,0,THE LIGHT WAS QUITE REALLY TRULY FAIRLY RATHER SOMEWHAT EXTREMELY NOTABLY DEEPLY CLEARLY PLAINLY SURELY BARELY HARDLY MOSTLY NEARLY PARTLY SIMPLY WIDLY WHOLY BADLY BOLDLY BRISKLY CALMLY COLDLY COOLLY CRUDELY DARKLY DEARLY DENSELY DIMLY DRYLY DULLY EAGERLY EARLY EASILY EVENLY EXACTLY FAINTLY FALSELY FAMOUSLY FIERCELY FINELY FIRMLY FLATLY FONDLY FORMEDLY FRANKLY FREELY FRESHLY GENTLY GLADLY GRAVELY GRIMLY HARSH ASHLY HEAVILY HIGHLY HOLY HUGELY HUMBLY KEENLY KINDLY LARGELY LATELY BEFORE THE STORM ARRIVED
llasa8b,ct_blue_t4_k064,2,control_word,t4,64,64,71,blue,72,27.14,57,nan,nan,nan,nan,1357,False,,nan,nan,True,57,undercount,0,THE LIGHT WAS QUITE REALLY TRULY FAIRLY RATHER SOMEWHAT EXTREMELY NOTABLY DEEPLY CLEARLY PLAINLY SURELY BARELY PARDLY MOSTLY NEARLY PARTLY SIMPLY WIDELY WHOLLY BADLY BOLDLY BRISKLY CALMLY COLDLY COOLLY CRUOLLY DARKLY DEALLY DENSELY DIMLY DRYLY DULLY EAGERLY EARLY EASILY EVENLY EXACTLY FAINTLY FALSELY FAMOUSLY FIERCELY FINLY FIRMLY FLATLY FONLY FORMLY FRANKLY FREELY FRESHLY GENTLY GLADLY GRAVELY GRIMLY HARSHLY HEAVILY HIGHLY HOTLY HUGELY HUMBLY KEENLY KINDLY LARGE HARSLY LATELY BEFORE THE STORM ARRIVED
llasa8b,ct_blue_t4_k096,1,control_word,t4,96,96,103,blue,86,37.68,69,nan,nan,nan,nan,1884,False,,nan,nan,True,69,undercount,0,THE LIGHT WAS QUITE REALLY TRULY DARKLY DEARLY DENSELY DIMLY DRYLY DULLY EAGERLY EARLY PLAINLY SURELY BARELY HARDLY MOSTLY NEARLY PARTLY SIMPLY WIDELY WHOLLY BADLY BOLDLY BRISKLY CALMLY COLDLY COOLLY CRUDELY DARKLY DEARLY DENSELY DIMLY DRYLY DULLY EAGERLY EARLY EASILY EVENLY EXACTLY FAINTLY FALSELY FAMOUSLY FIERCELY FINELY FIRMLY FLATLY FONDLY FORMALLY FRANKLY FREELY FRESHLY GENTLY GLADLY GRAVELY GRIM GRIMLY HARSHLY HEAVILY HIGHLY HOTLY HUGELY HUMBLY KEENLY KINDLY LARGELY LATELY LIGHTLY LIKELY LARDLY FARLY PRIMLY PROMPTLY PROMPTLY PROUDLY PROUDLY PURELY QUICKLY QUIETLY RAPIDLY RARELY READILY RICHLY RIDLY
llasa8b,ct_blue_t4_k096,2,control_word,t4,96,96,103,blue,88,37.98,65,nan,nan,nan,nan,1899,False,,nan,nan,True,65,undercount,0,THE LIGHT WAS QUITE REALLY TRULY FAIRLY RATHER SOMEWHAT EXTREMELY NOTABLY DEEPLY CLEARLY PLAINLY SURELY BARELY HARDLY MOSTLY NEARLY PARTLY SIMPLY WIDELY WHOLLY BADLY BOLDLY BRISKLY CALMLY COLDLY COOLLY CRUDELY DARKLY DEARLY DENSELY DIMLY DRYLY DULLY EAGERLY EARLY EASILY EVENLY EXACTLY FAINTLY FALSELY FAMOUSLY FIERCELY FINELY FIRMLY FLATLY FONDLY FORMALLY FRANKLY FREELY FRESHLY GENTLY GLADLY GRAVE GRAVELY GRIMLY HARSHLY HEAVILY HIGHLY HOTLY HUGELY HUMBLY KEENLY KINDLY LARGELY LATELY LIGHTLY LIGHTLY LIGHTLY LIGHTLY LIGHTLY LIGHTLY LIGHTLY LIGHTLY LIGHTLY LIGHTLY LIGHTLY LIGHTLY LIGHTLY LIGHTLY NEAR LI DEFORE THE STORM ARRIVED
llasa8b,ct_blue_t4_k128,1,control_word,t4,128,128,135,blue,116,49.4,68,nan,nan,nan,nan,2470,False,,nan,nan,True,68,undercount,0,THE LIGHT WAS QUITE REALLY TRULY FAIRLY RATHER SOMEWHAT EXTREMELY NOTABLY DEEPLY CLEARLY PLAINLY SURELY BARELY HARDLY MOSTLY NEARLY PARTLY SIMPLY WIDELY WHOLLY BADLY BOLDLY BRISKLY CALMLY COLDLY COOLLY CRUDELY DARKLY DEARLY DENSELY DIMLY DRYLY DULLY EAGERLY EARLY EASILY EVENLY EXACTLY FAINTLY FALSELY FAMOUSLY FIERCELY FINELY FIRMLY FLATLY FONDLY FORMALLY FRANKLY FREELY FRESHLY GENTLY GLADLY GRAVELY GRIMLY HARSHLY HEAVILY HIGH HIGHLY HOTLY HUGELY HUMBLY KEENLY KINDLY LARGELY LATLY LIGHTLY LIGHTLY LIGHTLY LIGHTLY LIGHTLY LIGHTLY LIGHTLY LIGHTLY LIGHTLY LIGHTLY LIGHTLY LIGHTLY LIGHTLY LIGHTLY LIGHTLY LIGHTLY LIGHTLY LIGHTLY LIGHTLY LIGHTLY LIGHTLY LIGHTLY LIGHTLY SIMPLY WIDELY HOLDLY POOLLY PRIMLY PROMPTLY PROUDLY PORDLY COOLLY CRUDELY QUIETLY SURELY BARELY WES LEDED DESTICTAMLY WER STIT CORDICKED DEEPLY DENTLY DIMLY DRYLY DRYLY DOT
llasa8b,ct_blue_t4_k128,2,control_word,t4,128,128,135,blue,97,43.38,68,nan,nan,nan,nan,2169,False,,nan,nan,True,68,undercount,0,THE LIGHT WAS QUITE REALLY TRULY FAIRLY RATHER SOMEWHAT EXTREMELY NOTABLY DEEPLY CLEARLY PLAINLY SURELY BARELY HARDLY MOSTLY NEARLY PARTLY SIMPLY WIDELY WHOLLY BADLY BOLDLY BRISKLY CALMLY COLDLY COOLLY CRUDELY DARKLY DEARLY DENSELY DIMLY DRYLY DULLY EAGERLY EARLY EASILY EVENLY EXACTLY FAINTLY FALSELY FAMOUSLY FIERCELY FINELY FIRMLY FLATLY FONDLY FOLMLY FRANKLY FREELY FRESHLY GENTLY GLADLY GRAVELY GRIMLY HARSHLY HEAVILY HIGHLY HOTLY HUGELY HUMBLY KEENLY KINDLY LARGELY LIGHTLY LIGHTLY LIGHTLY LIGHTLY LIGHTLY LIGHTLY LIGHTLY LIGHTLY LIGHTLY LIGHTLY LIGHTLY LIGHTLY LIGHTLY LIGHTLY LIGHTLY SIMPLY SAFELY SHARPLY SHORTLY SHYLY SLIGHTLY SLACE SNOWLY SNOWLY STREET BADLY COOLLY COOLLY CRUDELY DRELY DARKLY
llasa8b,ct_far_t3_k048,1,control_word,t3,48,48,56,far,56,27.42,47,nan,nan,nan,nan,1371,False,,nan,nan,True,47,undercount,0,HE WALKED QUITE REALLY TRULY FAIRLY RATHER SOMEWHAT EXTREMELY NOTABLY DEEPLY CLEARLY PLAINLY SURELY BARELY HARDLY MOSTLY MERELY PARTLY SIMPLY WIDELY WHOLLY BADLY BOLDLY BRISKLY CALMLY COLDLY COOLLY CRUDELY DARKLY DEARLY DENSELY DIMLY DRYLY DULLY EAGERLY EARLY EASILY EVENLY EXACTLY FAINTLY FALSELY FAMOUSLY FIERCELY FINELY FIRMLY FLATLY FONDLY FORMALLY FRANKLY INTO THE FOREST BEFORE TURNING BACK
llasa8b,ct_far_t3_k048,2,control_word,t3,48,48,56,far,56,33.76,45,nan,nan,nan,nan,1688,False,,nan,nan,True,45,undercount,0,HE WALKED QUITE REALLY TRULY FAIRLY RATHER SOMEWHAT EXTREMELY NOTABLY DEEPLY CLEARLY PLAINLY SURELY FARLY HARDLY MOSTLY NEARLY PARTLY SIMPLY WIDELY WHOLLY BADLY BOLDLY BRISKLY CALMLY COLDLY COOLLY CRUDELY DARKLY DEARLY DENSELY DIMLY DRYLY DULLY EAGERLY EARLY EASILY EVENLY EXACTLY FAINTLYFALS FALSELY FAMOUSLY FIERCELY FINALLY FIRMLY FLATLY FONDLY FORMALLY FRANKLY INTO THE FOREST BEFORE TURNING BACK
llasa8b,ct_far_t3_k064,1,control_word,t3,64,64,72,far,73,39.08,63,nan,nan,nan,nan,1954,False,,nan,nan,True,63,undercount,0,HE WALKED QUITE REALLY TRULY FAIRLY RATHER SOMEWHAT EXTREMELY NOTABLY DEEPLY CLEARLY PLAINLY SURELY BARELY HARDLY MOSTLY NEARLY PARTLY SIMPLY WIDELY WHOLLY BADLY BOLDLY BRISKLY CALMLY COLDLY COOLLY CRUDELY DARKLY DEARLY DENSELY DIMLY DRYLY DULLY EAGERLY EARLY EASILY EVENLY EXACTLY FAINTLY FALSELY FAMOUSLY FIERCELY FINELY FIRMLY FLATLY FONDLY FORMERLY LY FRANKLY FREELY FRESHLY GENTLY GLADLY GRAVELY GRIMLY HARSHLY HEAVILY HIGHLY HOTLY HUGELY HUMBLY KEENLY KINDLY LARGELY LATELY INTO THE FOREST BEFORE TURNING BACK
llasa8b,ct_far_t3_k064,2,control_word,t3,64,64,72,far,73,28.92,56,nan,nan,nan,nan,1446,False,,nan,nan,True,56,undercount,0,HE WALKED QUITE REALLY TRULY FAIRLY RATHER SOMEWHAT EXTREMELY NOTABLY DEEPLY CLEARLY PLAINLY SURELY BARELY HARDLY MOSTLY NEARLY PARTLY SIMPLY WIDLY WHOLLY BADLY BOLDLY BRISKLY CALMLY COLDLY COOLLY COOLLY CRUOLY DARKLY DEARLY DENSEY DIMLY DRILLY DOLLY EAGERLY EARLY EASILY EVENLY EXACTLY FAINTLY FALSELY FAMOUSLY FIERCELY FINELY FIRMLY FLATLY FORMLY FORMALLY FRANKLY FREELY FRESHLY GENTLY GLADLY GRAVELY GRIMLY HARSHLY HEAVILY HIGHLY HOPLY HUGELY HUMBLY KEENLY KINDLY LARGELY LADETHEE INTO THE FOREST BEFORE TURNING BACK
llasa8b,ct_far_t3_k096,1,control_word,t3,96,96,104,far,80,36.42,73,nan,nan,nan,nan,1821,False,,nan,nan,True,73,undercount,0,HE WALKED QUITE REALLY TRULY FAIRLY RATHER SOMEWHAT EXTREMELY NOTABLY DEEPLY CLEARLY PLAINLY SURELY BARELY HARDLY MOSTLY NEARLY PARTLY SIMPLY WIDELY WHOLLY BADLY BOLDLY BRISKLY CALMLY COLDLY COOLLY CRUDELY DARKLY DEARLY DENSELY DIMLY DRYLY DULLY EAGERLY EARLY EASILY EVENLY EXACTLY FAINTLY FALSELY FAMOUSLY FIERCELY FINELY FIRMLY FLATLY FONDLY FORMARLY FRANKLY FREELY FRESHLY GENTLY GLADLY LY GRAVELY GRIMLY HARSHLY HEAVILY HIGHLY HOTLY HUGELY HUMBLY KEENLY KINDLY LARGELY LATELY LIGHTLY LIGHTLY LIFELY LOOSELY LOUDLY LOWLY MADLY MAINLY MEEKLY MERELY MILDLY NEATLY NONDE
llasa8b,ct_far_t3_k096,2,control_word,t3,96,96,104,far,81,36.6,68,nan,nan,nan,nan,1830,False,,nan,nan,True,68,undercount,0,HE WALKED QUITE REALLY TRULY FAIRLY RATHER SOMEWHAT EXTREMELY NOTABLY DEEPLY CLEARLY PLAINLY SURELY BARELY HARDLY MOSTLY NEARLY PARTLY SIMPLY WIDELY WHOLLY BADLY BOLDLY BRISKLY CALMLY COLDLY COOLLY CRUDELY DARKLY DEARLY DENSELY DIMLY DRYLY DULLY EAGERLY EARLY EASILY EVENLY EXACTLY FAINTLY FALSELY FAMOUSLY FIERCELY FINELY FIRMLY FLATLY FONDLY FORMALLY FRANKLY FREELY FRESHLY GENTLY GLAD GLADLY GRAVELY GRIMLY HARSHLY HEAVILY HIGHLY HOTLY HUGELY HUMBLY KEENLY KINDLY LARGELY LATELY LIGHTLY LIGHTLY LIGHTLY LOOSELY LOUDLY LIDLY LULI SADLY INTO THE FOREST BEFORE TURNING BACK
llasa8b,ct_far_t3_k128,1,control_word,t3,128,128,136,far,90,36.62,74,nan,nan,nan,nan,1831,False,,nan,nan,True,74,undercount,0,HE WALKED QUITE REALLY TRULY FAIRLY RATHER SOMEWHAT EXTREMELY NOTABLY DEEPLY CLEARLY PLAINLY SURELY BARELY HARDLY MOSTLY NEARLY PARTLY SIMPLY WIDLY WHOLLY BADLY BOLDLY BRISKLY CALMLY COLDLY COOLLY CRUDELY DARKLY DEALY DENSELY DIMLY DRYLY DULLY EAGERLY EARLY EASILY EVENLY EXACTLY FAINTLY FALSELY FAMOUSLY FIERCELY FINELY FIRMLY FLATLY FONLY FORMALLY BRISKLY FREELY FRESHLY GENTLY GLADLY GRAVELY GRIMLY HARSHLY HEAVILY HIGHLY HOTLY HUGE HUGELY HUMBLY KEENLY KINDLY LARGELY LATLY LIGHTLY LIKELY LIKELY LOOSELY LOUDLY LOWLY MIDLY MAINLY MEEKLY MEARLY MILDLY MEATLY NEWLY NICELY ODDLY OPENLY POORLY PRIMLY PROPLY PROUDLY PRIBLY CRIBLY CROWD
llasa8b,ct_far_t3_k128,2,control_word,t3,128,128,136,far,80,34.72,72,nan,nan,nan,nan,1736,False,,nan,nan,True,72,undercount,0,HE WALKED QUITE REALLY TRULY FAIRLY RATHER SOMEWHAT EXTREMELY NOTABLY DEEPLY CLEARLY PLAINLY SURELY BARELY HARDLY MOSTLY NEARLY PARTLY SIMPLY WIDEY WHOLLY BADLY BOLDLY BRISKLY CALMLY COLDLY COOLLY CRUDELY DARKLY DEARLY DENSELY DIMLY DRYLY DULLY EAGERLY EARLY EASILY EVENLY EXACTLY FAINTLY FALSELY FAMOUSLY FIERCELY FINELY FIRMLY FLATLY FONDLY FORMALLY FRANKLY FREELY FRESHLY GENTLY GLADLY GRAVELY GRIMLY HARSHLY HEAVILY LY HIGHLY HOTLY HUGELY HUMBLY KEENLY KINDLY LARGELY LATELY LIGHTLY LIGHTLY LIDELY LIDLY LOOSELY LOUDLY LOWLY MADLY MAINLY MEEKLY MERELY MILDLY NIDLY
llasa8b,ct_very_t1_k048,1,control_word,t1,48,48,58,very,59,28.74,45,nan,nan,nan,nan,1437,False,,nan,nan,True,45,undercount,0,THE DOG WAS QUITE REALLY TRULY FAIRLY RATHER SOMEWHAT EXTREMELY NOTABLY DEEPLY CLEARLY PLAINLY SIRELY BARELY HARDLY MOSTLY NEARLY PARTLY SIMPLY WIDLY WHOLLY BADLY BOLDLY BRISKLY CALMLY COLDLY COOLLY CUDELY DARKLY DEARLY DENSELY DIMLY DRYLY DULLY EAGERLY EARLY EASILY EVENLY EXACTLY FAINTLY FALSELY FAMOUSLY FIERCELY FINELY FIRMLY FLATLY FONDLY LY FORMALLY FRANKLY BIG AND IT RAN ACROSS THE FIELD
llasa8b,ct_very_t1_k048,2,control_word,t1,48,48,58,very,58,27.42,47,nan,nan,nan,nan,1371,False,,nan,nan,True,47,undercount,0,THE DOG WAS QUITE REALLY TRULY FAIRLY RATHER SOMEWHAT EXTREMELY NOTABLY DEEPLY CLEARLY PLAINLY SURELY BARELY HARDLY MOSTLY NEARLY PARTLY SIMPLY WIDELY WHOLLY BADLY BOLDLY BRISKLY CALMLY COLDLY COOLLY CRUDELY DARKLY DEARLY DENSELY DIMLY DRYLY DULLY EAGERLY EARLY EASILY EVENLY EXACTLY FAINTLY FALSELY FAMOUSLY FIERCELY FINELY FIRMLY FLATLY FONDLY FORMERLY FRANKLY BIG AND IT RAN ACROSS THE FIELD
llasa8b,ct_very_t1_k064,1,control_word,t1,64,64,74,very,74,31.38,63,nan,nan,nan,nan,1569,False,,nan,nan,True,63,undercount,0,THE DOG WAS QUITE REALLY TRULY FAIRLY RATHER SOMEWHAT EXTREMELY NOTABLY DEEPLY CLEARLY PLAINLY SURELY BARELY HARDLY MOSTLY NEARLY PARTLY SIMPLY WIDY WHOLLY BADLY BOLDLY BRISKLY CALMLY COLDLY COOLLY CRUDELY DARKLY DEARLY DENSELY DIMLY DRYLY DULLY EAGERLY EARLY EASILY EVENLY EXACTLY FAINTLY FALSELY FAMOUSLY FIERCELY FINELY FIRMLY FLATLY FONDLY FORMALLY FRANKLY FREELY FRESHLY GENTLY GLADLY GRAVELY GRIMLY HARSHLY HEAVILY HIGHLY HOTLY HUGELY HUMBLY KEENLY KINDLY LARGELY LATELY BIG AND IT RAN ACROSS THE FIELD
llasa8b,ct_very_t1_k064,2,control_word,t1,64,64,74,very,75,30.62,62,nan,nan,nan,nan,1531,False,,nan,nan,True,62,undercount,0,THE DOG WAS QUITE REALLY TRULY FAIRLY RATHER SOMEWHAT EXTREMELY NOTABLY DEEPLY CLEARLY PLAINLY SURELY BARELY HARDLY MOSTLY NEARLY PARTLY SIMPLY WIDLY WHOLLY BADLY BOLDLY BRISKLY CALMLY COLDLY COOLLY CRUDLY DARKLY DEARLY DENSELY DIMLY DRYLY DULLY EAGERLY EARLY EASILY EVENLY EXACTLY FAINTLY FALSELY FAMOUSLY FIERCELY FINELY FIRMLY FLATLY FONDLY FORMALLY FRANKLY FREELY FRESHLY GENTLY GLADLY GRAVELY GRIMLY HARSHLY LY HEAVILY HIGHLY HOTLY HUGELY HUMBLY KEENLY KINDLY LARGELY LATELY BIG AND IT RAN ACROSS THE FIELD
llasa8b,ct_very_t1_k096,1,control_word,t1,96,96,106,very,79,34.46,65,nan,nan,nan,nan,1723,False,,nan,nan,True,65,undercount,0,THE DOG WAS QUITE REALLY TRULY FAIRLY RATHER SOMEWHAT EXTREMELY NOTABLY DEEPLY CLEARLY PLAINLY SURELY BARELY HARDLY MOSTLY NEARLY PARTLY SIMPLY WIDELY WHOLLY BADLY BOLDLY BRISKLY CALMLY COLDLY COOLLY CRUDELY DARKLY DEARLY DENSELY DIMLY DRYLY DULLY EAGERLY EARLY EASILY EVENLY EXACTLY FAINTLY FALSELY FAMOUSLY FIERCELY FINELY FIRMLY FLATLY FONDLY FORMALLY FRANKLY FREELY FRESHLY GENTLY GLADLY GRAVELY LY GRIMLY HARSHLY HEAVILY HIGHLY HOTLY HUGELY HUMBLY KEENLY KINDLY LARGELY LATELY LIGHTLY LIGHTLY LIGHTLY LIGHTLY LIGHTLY LIGHTLY LIGHTLY LIGHTLY LIGHTLY LIGHTLY LIGHTLY
llasa8b,ct_very_t1_k096,2,control_word,t1,96,96,106,very,89,38.5,77,nan,nan,nan,nan,1925,False,,nan,nan,True,77,undercount,0,THE DOG WAS QUITE REALLY TRULY FAIRLY RATHER SOMEWHAT EXTREMELY NOTABLY DEEPLY CLEARLY PLAINLY SURELY BARELY HARDLY MOSTLY NEARLY PARTLY SIMPLY WIDELY WHOLLY BADLY BOLDLY BRISKLY CALMLY COLDLY COOLLY CRUDELY DARKLY DEARLY DENSELY DIMLY DRYLY DULLY EAGERLY EARLY EASILY EVENLY EXACTLY FAINTLY FALSELY FAMOUSLY FIERCELY FINELY FIRMLY FLATLY FONDLY FORMALLY FRANKLY FREELY FRESHLY GENTLY GLADLY GRAVELY GRIMLY HARSHLY HEAVILY HIGHLY HOTLY HUGELY HUMBLY KEENLY KINDLY LARGELY LATLY LIGHTLY LIGHTLY LIVELY LOOSELY LOUDLY LOWLY MADLY MAINLY MEEKLY MERELY MILDLY NEATLY NEWLY NICELY ODDLY OPENED AND IT RAN ACROSS THE FIELDS
llasa8b,ct_very_t1_k128,1,control_word,t1,128,128,138,very,99,43.76,72,nan,nan,nan,nan,2188,False,,nan,nan,True,72,undercount,0,MEDOG WAS QUITE REALLY TRULY FAIRLY RATHER SOMEWHAT EXTREMELY NOTABLY DEEPLY CLEARLY PLAINLY SURELY BARELY HARDLY MOSTLY NEARLY PARTLY SIMPLY WIDELY WHOLLY BADLY BOLDLY BRISKLY CALMLY COLDLY COOLLY CRUDELY DARKLY DEARLY DENSELY DIMLY DRYLY DULLY EAGERLY EARLY EASILY EVENLY EXACTLY FAINTLY FALSELY FAMOUSLY FIERCELY FINELY FIRMLY FLATLY FONDLY FORMALLY FRANKLY FREELY FRESHLY GENTLY GLADLY GRAVELY GRIMLY LY HARSHLY HEAVILY HIGHLY HOTLY HUGELY HUMBLY KEENLY KINDLY LARGELY LAHTLY LIGHTLY LIGHTLY LIGHTLY LIGHTLY LOOSELY LOUDLY LOSELY LOUDLY LOWLY MADLY MAINLY MEEKLY MERELY MILDLY SIMPLY WIDELY RIUDLY SIMPLY WIDELY WHOLLY BADLY BADLY DETLY BOLDLY BRISKLY CALMLY COLDLY COOLLY CRUDELY DARKLY LICELY DOLDY
llasa8b,ct_very_t1_k128,2,control_word,t1,128,128,138,very,103,44.28,65,nan,nan,nan,nan,2214,False,,nan,nan,True,65,undercount,0,THE DOG WAS QUITE REALLY TRULY FAIRLY RATHER SOMEWHAT EXTREMELY NOTABLY DEEPLY CLEARLY PLAINLY SURELY BARELY HARDLY MOSTLY NEARLY PARTLY SIMPLY WIDELY WHOLLY BADLY BOLDLY BRISKLY CALMLY COLDLY COOLLY CRUDELY DARKLY DEARLY DENSELY DIMLY DRYLY DULLY EAGERLY EARLY EASILY EVENLY EXACTLY FAINTLY FALSELY FAMOUSLY FIERCELY FINELY FIRMLY FLATLY FONDLY FORMALLY FRANKLY FREELY FRESHLY GENTLY GLADLY GRAVELY GRIMLY HARSHLY HEAVILY HIGHLY HOTLY HUGELY HUMBLY KEENLY KINDLY LARGELY LATELY LIGHTLY LIGHTLY LIGDELY LIDLY LIELY LIGHTLY LIGHTLY LIGHTLY LIELY LIDELY LIDELY LIDELY LIDELY LIGHTLY LIGHTLY LEADY TOO LIDELY PARTLY SIMPLY SIMPLY SIMPLY WIDELY WHOLLY BADELY BERLY BOLDLY BRISKLY CALMLY COLDLY COOLLY CRUELY SURELY BADLY LIGHE DIVE
llasa8b,wr_blue_t4_k048,1,word_rep,t4,48,48,55,blue,28,19.76,21,nan,nan,nan,nan,988,False,,nan,nan,True,21,undercount,0,THE LIGHT WAS BLUE BLUE BLUE BLUE BLUE BLUE BLUE BLUE BLUE BLUE BLUE BLUE BLUE BLUE BLUE BLUE BLUE BLUE BLUE BLUE BLUE BEFORE THE STORM ARRIVED
llasa8b,wr_blue_t4_k048,2,word_rep,t4,48,48,55,blue,32,14.46,25,nan,nan,nan,nan,723,False,,nan,nan,True,25,undercount,0,THE LIGHT WAS BLUE BLUE BLUE BLUE BLUE BLUE BLUE BLUE BLUE BLUE BLUE BLUE BLUE BLUE BLUE BLUE BLUE BLUE BLUE BLUE BLUE BLUE BLUE BLUE BLUE BEFORE THE STORM ARRIVED
llasa8b,wr_blue_t4_k064,1,word_rep,t4,64,64,71,blue,18,101.2,10,nan,nan,nan,nan,5060,False,,nan,nan,True,10,undercount,0,THE LIGHT WAS BLUE BLUEE BLUE BLUE BLUEE BLUE BLUE BLUE BLU BLUE BLUE BLUE BLUE THE LA
llasa8b,wr_blue_t4_k064,2,word_rep,t4,64,64,71,blue,27,28.38,20,nan,nan,nan,nan,1419,False,,nan,nan,True,20,undercount,0,THE LIGHT WAS BLUE BLUE BLUE BLUE BLUE BLUE BLUE BLUE BLUE BLUE BLUE BLUE BLUE BLUE BLUE BLUE BLUE BLUE BLUE BLUE BEFORE THE STORM ARRIVED
llasa8b,wr_blue_t4_k096,1,word_rep,t4,96,96,103,blue,98,49.8,90,nan,nan,nan,nan,2490,False,,nan,nan,True,90,undercount,0,THE LIGHT WAS BLUE BLUE BLUE BLUE BLUE BLUE BLUE BLUE BLUE BLUE LUE BLUE BLUE BLUE LUE BLUE BLUE BLUE BLUE BLUE BLUE BLUE BLUE BLUE BLUE BLUE BLUE BLUE BLUE BLUE BLUE BLUE LUE BLUE BLUE BLUE BLUE BLUE BLUE BLUE BLUE BLUE BLUE BLUE BLUE BLUE BU BLUE BLUE BLUE BLUE BLUE BLUE BLUE BLUE BLUE BLUE BLUE BLUE BLUE BLUE BLUE BLUE BLUE BLUE BLUE BLUE BLUE BLUE BLUE BLUE BLUE BLUE BLUE BLUE BLUE BLUE BLUE BLUE BLUE BLUE BLUE BLUE BLUE BLUE BLUE BLUE LUE BLUE BLUE BLUE BLUE BLUE BLUE BLUE
llasa8b,wr_blue_t4_k096,2,word_rep,t4,96,96,103,blue,24,23.6,16,nan,nan,nan,nan,1180,False,,nan,nan,True,16,undercount,0,THE LIGHT WAS BLUE BLUE BLUE BLUE BLUE BLUE BLUE BLUE BLUE BLUE BLUE BLUE BLUE BLUE BLUE BLUE BLUKE BEFORE THE STORM ARRIVED
llasa8b,wr_blue_t4_k128,1,word_rep,t4,128,128,135,blue,23,14.48,15,nan,nan,nan,nan,724,False,,nan,nan,True,15,undercount,0,THE LIGHT WAS BLUE BLUE BLUEE BLUE BLUE BLUE BLUE BLUE BLUE BLUE BLUE BLUE BLUE BLUE BLUE BLUE BEFORE THE STORM ARRIVED
llasa8b,wr_blue_t4_k128,2,word_rep,t4,128,128,135,blue,61,100.3,55,nan,nan,nan,nan,5015,False,,nan,nan,True,55,undercount,0,THE LIGHT WAS BLUE BLUE BLUE BLUE BLUE BLUE BLUE BLUE BLUE BLUE BLUE BLUE BLUE BLUE BLUE BLUE BLUE BLUE BLUE BLUE BLUE BLUE BLUE BLUE BEFORE BLUE BLUE BLUE BLUE BLUE BLUE BLUE BLUE BLUE BLUE BLUE BLUE BLUE BLUE BLUE BLUE BLUE BLUEB BLUE BLUE BLUE BLUE BLUE BLUE BLUE BLUE BLUE BLUE BLUE BLUE BLUE BLUE BLUEB
llasa8b,wr_far_t3_k048,1,word_rep,t3,48,48,56,far,17,32.54,0,nan,nan,nan,nan,1627,False,,nan,nan,True,0,undercount,0,B BD BED BE  B BE BED BED BE BD BED BED B BE BED BED BED
llasa8b,wr_far_t3_k048,2,word_rep,t3,48,48,56,far,27,120.82,1,nan,nan,nan,nan,6041,False,,nan,nan,True,1,undercount,0,HE WALKED FAR SAR SAR SAR SAR SAR SAR SAR SAR SAR SAR SAR SAR SARA IR SRE SIRE SIR SIRE SIRE SIR SIR SIRE AR TA
llasa8b,wr_far_t3_k064,1,word_rep,t3,64,64,72,far,33,32.12,25,nan,nan,nan,nan,1606,False,,nan,nan,True,25,undercount,0,HE WALKED FAR FAR FAR FAR FAR FAR FAR FAR FAR FAR FAR FAR FAR FAR FAR FAR FAR FAR FAR FAR FAR FAR FAR FAR FAR INTO THE FOREST BEFORE TURNING BACK
llasa8b,wr_far_t3_k064,2,word_rep,t3,64,64,72,far,54,22.1,45,nan,nan,nan,nan,1105,False,,nan,nan,True,45,undercount,0,HE WALKED FAR FAR FAR FAR FAR FAR FAR FAR FAR FAR FAR FAR FAR FAR FAR FAR FAR FAR FAR FAR FAR FAR FAR FAR FAR FAR FAR FAR FAR FAR FAR FAR FAR FAR FAR FAR FAR FAR FAR FAR FAR FAR FAR FAR FAR ONE TO THE FOREST BEFORE TURNING BACK
llasa8b,wr_far_t3_k096,1,word_rep,t3,96,96,104,far,54,57.88,52,nan,nan,nan,nan,2894,False,,nan,nan,True,52,undercount,0,HE WALKED FAR FAR FAR FAR FAR FAR FAR FAR FAR FAR FAR FAR FAR FAR FAR FAR FAR FAR FAR FAR FAR FAR FAR FAR FAR FAR FAR FAR FAR FAR FAR FAR FAR FAR FAR FAR FAR FAR FAR FAR FAR FAR FAR FAR FAR FAR FAR FAR FAR FAR FAR FAR
llasa8b,wr_far_t3_k096,2,word_rep,t3,96,96,104,far,63,35.08,41,nan,nan,nan,nan,1754,False,,nan,nan,True,41,undercount,0,HE WALKED FAR FAR FAR FAR FAR FAR FAR FAR FAR FAR FAR FAR FAR FAR FAR FAR FAR FAR FAR FAR FAR FAR FAR FAR FAR FAR FAR FAR FAR FAR FAR FAR FAR FAR FAR FAR FAR FAR FAR FAR FAR BUT SET NOW TO CATIS AT TO BE ONE YO COUL BE TE END OF THE FOREST BEFORE TURNING BACK
llasa8b,wr_far_t3_k128,1,word_rep,t3,128,128,136,far,103,46.1,86,nan,nan,nan,nan,2305,False,,nan,nan,True,86,undercount,0,HE WALKED FAR FAR FAR FAR FAR FAR FAR FAR FAR FAR FAR FAR FAR FAR FAR FAR FAR FAR FAR FAR FAR FAR FAR FAR FAR FAR FAR FAR FAR FAR FAR FAR FAR FAR FAR FAR FAR FAR FAR FAR FAR FAR FAR FAR FAR FAR FAR FAR FAR FAR FAR FAR FAR FAR FAR FAR FAR FAR FAR FAR FAR FAR FAR FAR FAR FAR FAR FAR FAR FAR FAR FAR FAR FAR FAR FAR FAR FAR FAR FAR FAR FAR FAR FAR FAR FAR INTO THE FOREST BEFORE TURNING BACK INTO THE FOREST INTO THE FOREST BEFORE TURNING BACK
llasa8b,wr_far_t3_k128,2,word_rep,t3,128,128,136,far,42,22.26,25,nan,nan,nan,nan,1113,False,,nan,nan,True,25,undercount,0,HE WALKED FAR FAR FAR FAR FAR FAR FAR FAR FAR FAR FAR FAR FAR FAR FAR FAR FAR FAR FAR FAR FAR FAR FAR FAR FAR INTO THE FOREST BEFORE TURNING BACK AND BIG GOTHERN INTO THE FOREST BEFORE TURNING BACK
llasa8b,wr_very_t1_k048,1,word_rep,t1,48,48,58,very,31,35.86,16,nan,nan,nan,nan,1793,False,,nan,nan,True,16,undercount,0,THE DOG WAS VERY VERY VERY VERY VERY VERY VERY VERY VERY VERY VERY VERY VERY VERY VERY VERY DAM BED BED BED BED BED BED BED BED BED BURY BED
llasa8b,wr_very_t1_k048,2,word_rep,t1,48,48,58,very,31,19.62,21,nan,nan,nan,nan,981,False,,nan,nan,True,21,undercount,0,THE DOG WAS VERY VERY VERY VERY VERY VERY VERY VERY VERY VERY VERY VERY VERY VERY VERY VERY VERY VERY VERY VERY VERY BIG AND IT RAN ACROSS THE FIELD
llasa8b,wr_very_t1_k064,1,word_rep,t1,64,64,74,very,7,163.84,3,nan,nan,nan,nan,8192,True,,nan,nan,True,3,loop,0,THE DOG WAS VERY VERY VER VERY
llasa8b,wr_very_t1_k064,2,word_rep,t1,64,64,74,very,35,14.9,25,nan,nan,nan,nan,745,False,,nan,nan,True,25,undercount,0,THE DOG WAS VERY VERY VERY VERY VERY VERY VERY VERY VERY VERY VERY VERY VERY VERY VERY VERY VERY VERY VERY VERY VERY VERY VERY VERY VERY BIG AND IT RAN ACROSS THE FIELD
llasa8b,wr_very_t1_k096,1,word_rep,t1,96,96,106,very,32,45.78,29,nan,nan,nan,nan,2289,False,,nan,nan,True,29,undercount,0,THE DOG WAS VERY VERY VERY VERY VERY VERY VERY VERY VERY VERY VERY VERY VERY VERY VERY VERY VERY VERY VERY VERY VERY VERY VERY VERY VERY VERY VERY VERY VERY
llasa8b,wr_very_t1_k096,2,word_rep,t1,96,96,106,very,35,29.72,32,nan,nan,nan,nan,1486,False,,nan,nan,True,32,undercount,0,THE DOG WAS VERY VERY VERY VERY VERY VERY VERY VERY VERY VERY VERY VERY VERY VERY VERY VERY VERY VERY VERY VERY VERY VERY VERY VERY VERY VERY VERY VERY VERY VERY VERY VERY
llasa8b,wr_very_t1_k128,1,word_rep,t1,128,128,138,very,98,75.8,94,nan,nan,nan,nan,3790,False,,nan,nan,True,94,undercount,0,THE DOG WAS VERY VERY VERY VERY VERY VERY VERY VERY VERY VERY VERY VERY VERY VERY VERY VERY VERY VERY VERY VERY VERY VERY VERY VERY VERY VERY VERY VERY VERY VERY VERY VERY VERY VERY VERY VERY VERY VERY VERY VERY VERY VERY VERY VERY VERY VERY VERY VERY VERY VERY VERY VER VERY VERY VERY VERY VERY VERY VERY VERY VERY VERY VERY VERY VERY VERY VERY VERY VERY VERY VERY VERY VERY VERY VERY VERY VERY VERY VERY VERY VERY VERY VERY VERY VERY VERY VERY VERY VERY VERY VERY VERY VERY VERY VERY
llasa8b,wr_very_t1_k128,2,word_rep,t1,128,128,138,very,14,9.76,11,nan,nan,nan,nan,488,False,,nan,nan,True,11,undercount,0,THE DOG WAS VERY VERY VERY VERY VERY VERY VERY VERY VERY VERY VERY
qwen06b,ct_blue_t4_k048,0,control_word,t4,48,48,55,blue,55,24.8,48,nan,nan,nan,nan,310,False,,nan,nan,True,48,miscount,0,THE LIGHT WAS QUITE REALLY TRULY FAIRLY RATHER SOMEWHAT EXTREMELY NOTABLY DEEPLY CLEARLY PLAINLY SURELY BARELY HARDLY MOSTLY NEARLY PARTLY SIMPLY WIDELY WHOLLY BADLY BOLDLY BRISKLY CALMLY COLDLY COOLLY CRUDELY DARKLY DEARLY DENSELY DIMLY DRYLY DULLY EAGERLY EARLY EASILY EVENLY EXACTLY FAINTLY FALSELY FAMOUSLY FIERCELY FINELY FIRMLY FLATLY FONDLY FORMALLY FRANKLY BEFORE THE STORM ARRIVED
qwen06b,ct_blue_t4_k064,0,control_word,t4,64,64,71,blue,72,33.84,64,nan,nan,nan,nan,423,False,,nan,nan,True,64,miscount,0,THE LIGHT WAS QUITE REALLY TRULY FAIRLY RATHER SOMEWHAT EXTREMELY NOTABLY DEEPLY CLEARLY PLAINLY SURELY BARELY HARDLY MOSTLY NEARLY PARTLY SIMPLY WIDELY WHOLLY BADLY BOLDLY BRISKLY CALMLY COLDLY COOLLY CRUDELY DARKLY DEARLY DENSELY DIMLY DRYLY DULLY EAGERLY EARLY EASILY EVENLY EXACTLY FAINTLY FALSELY FAMOUSLY FIERCELY FINELY FIRMLY FLATLY FONDLY FORMALLY FRANK FRANKLY FREELY FRESHLY GENTLY GLADLY GRAVELY GRIMLY HARSHLY HEAVILY HIGHLY HOTLY HUGELY HUMBLY KEENLY KINDLY LARGELY LATELY BEFORE THE STORM ARRIVED
qwen06b,ct_blue_t4_k096,0,control_word,t4,96,96,103,blue,101,49.76,92,nan,nan,nan,nan,622,False,,nan,nan,True,92,undercount,0,THE LIGHT WAS QUITE REALLY TRULY FAIRLY RATHER SOMEWHAT EXTREMELY NOTABLY DEEPLY CLEARLY PLAINLY SURELY BARELY HARDLY MOSTLY NEARLY PARTLY SIMPLY WIDELY WHOLLY BADLY BOLDLY BRISKLY CALMLY COLDLY COOLLY CRUDELY DARKLY DEARLY DENSELY DIMLY DRYLY DULLY EAGERLY EARLY EASILY EVENLY EXACTLY FAINTLY FALSELY FAMOUSLY FIERCELY FINELY FIRMLY FLAT FLATLY FONDLY FORMALLY FRANKLY FREELY FRESHLY GENTLY GLADLY GRIMLY HARSHLY HEAVILY HIGHLY HUGELY HUMBLY KEENLY KINDLY LARGELY LATELY LIKELY LIVELY LOOSELY LOUDLY LOWLY MADLY MAINLY MEEKLY MERELY MELY NEATLY NEWLY NICELY ODDLY OPENLY POORLY PRIMLY PROMPTLY PROUDLY PURELY QUICKLY QUIETLY RAPIDLY RARELY READILY RICHLY RIGHTLY ROUGHLY ROUNDLY RUDELY SADLY BEFORE THE STORM ARRIVED
qwen06b,ct_blue_t4_k128,0,control_word,t4,128,128,135,blue,147,64.08,75,nan,nan,nan,nan,801,False,,nan,nan,True,75,undercount,0,THE LIGHT WAS QUITE REALLY TRULY FAIRLY RATHER SOMEWHAT EXTREMELY NOTABLY DEEPLY CLEARLY PLAINLY SURELY BARELY HARDLY MOSTLY NEARLY PARTLY SIMPLY WIDELY WHOLLY BADLY BOLDLY BRISKLY CALMLY COLDLY COOLLY CRUDELY DARKLY DEARLY DENSELY DIMLY DRYLY DULLY EAGERLY EARLY EASILY EVENLY EXACTLY FAINTLY FALSELY FAMOUSLY FIERCELY FINELY FIRMLY FLATLY FONDLY FORMA FORMERLY FRANKLY FREELY FRESHLY GENTLY GLADLY GRAVELY GRIMLY HARSHLY HEAVILY HIGHLY LEASTLY LOUDLY LILY LI LI LI LI LI LY LI LY LI LI LI L LI LI LI LI LI LY LI LI LY LI L MEEKLY MERELY MILDLY NEATLY NEWLY NICELY ODDLY OPENLY POORLY PRIMLY PROMPTLY PROUDLY PURELY QUICKLY QUIETLY RAPIDLY RARELY READILY RICHLY RIKELY ROUGHLY ROUDLY ROUDLLY SADLY SAFELY SHARPLY SHORTLY SHYLY SLIGHTY LIGHTLY SLOWLY SOLY SOFTLY SOLLY SOLIDLY SORELY SOUNDLY SOURLY SPARSELY SPEEDILY STARKLY STEADILY STERNLY STIFFLY STEETLY STEP STEETLY SLEETLY SWEETLY STRONGLY STURDILY THICKLY SWEETLY THINLY TIGHTLY TENSELY THICKLY THINLY  PORTY THINLY
qwen06b,ct_far_t3_k048,0,control_word,t3,48,48,56,far,56,26.16,48,nan,nan,nan,nan,327,False,,nan,nan,True,48,miscount,0,HE WALKED QUITE REALLY TRULY FAIRLY RATHER SOMEWHAT EXTREMELY NOTABLY DEEPLY CLEARLY PLAINLY SURELY BARELY HARDLY MOSTLY NEARLY PARTLY SIMPLY WIDELY WHOLLY BADLY BOLDLY BRISKLY CALMLY COLDLY COOLLY CRUDELY DARKLY DEARLY DENSELY DIMLY DRYLY DULLY EAGERLY EARLY EASILY EVENLY EXACTLY FAINTLY FALSELY FAMOUSLY FIERCELY FINELY FIRMLY FLATLY FONDLY FORMALLY FRANKLY INTO THE FOREST BEFORE TURNING BACK
qwen06b,ct_far_t3_k064,0,control_word,t3,64,64,72,far,70,34.64,61,nan,nan,nan,nan,433,False,,nan,nan,True,61,undercount,0,HE WALKED QUITE REALLY TRULY FAIRLY RATHER SOMEWHAT EXTREMELY NOTABLY DEEPLY CLEARLY PLAINLY SURELY BARELY HARDLY MOSTLY NEARLY PARTLY SIMPLY WIDELY WHOLLY BADLY BOLDLY BRISKLY CALMLY COLDLY COOLLY CRUDELY DARKLY DEARLY DENSELY DIMLY DRYLY DULLY EAGERLY EARLY EASILY EVENLY EXACTLY FAINTLY FALSELY FAMOUSLY FIERCELY FINELY FIRMLY FLATLY FAWNLY FORMALLY FRANKLY FREELY FRESHLY GENTLY GLADLY GRIMLY HARSHLY HEAVILY HIGHLY HUGELY HUMBLY KEENLY KINDLY LARGELY LATELY INTO THE FOREST BEFORE TURNING BACK
qwen06b,ct_far_t3_k096,0,control_word,t3,96,96,104,far,102,52.0,91,nan,nan,nan,nan,650,False,,nan,nan,True,91,undercount,0,HE WALKED QUITE REALLY TRULY FAIRLY RATHER SOMEWHAT EXTREMELY NOTABLY DEEPLY CLEARLY PLAINLY SURELY BARELY HARDLY MOSTLY NEARLY PARTLY SIMPLY WIDELY WHOLLY BADLY BOLDLY BRISKLY CALMLY COLDLY COOLLY CRUDELY DARKLY DEARLY DENSELY DIMLY DRYLY DULLY EAGERLY EARLY EASILY EVENLY EXACTLY FAINTLY FALSELY FAMOUSLY FIERCELY FINELY FIRMLY FLATLY FONDLY FORMALLYFRAN FRANKLY FREELY FRESHLY GENTLY GLADLY GREVELY GRIMLY HARSHLY HEAVILY HIGHLY HUGELY HUMBLY KEENLY KINDLY LARGELY LAHTLY LIGHTLY LIVELY LOOSELY LOUDLY LOWLY MADLY MAINLY MEEKLY MERELY MILDLY NEATLY NEWLY NICELY ODDLY OPENLY POORLY PRIMLY PROMPTLY PROUDLY PURELY QUICKLY QUIETLY RAPIDLY RARELY READILY RICHLY RIGHTLY ROUGHLY ROUNDLY RUDELY SADLY INTO THE FOREST BEFORE TURNING BACK
qwen06b,ct_far_t3_k128,0,control_word,t3,128,128,136,far,135,66.4,114,nan,nan,nan,nan,830,False,,nan,nan,True,114,undercount,0,HE WALKED QUITE REALLY TRULY FAIRLY RATHER SOMEWHAT EXTREMELY NOTABLY DEEPLY CLEARLY PLAINLY SURELY BARELY HARDLY MOSTLY NEARLY PARTLY SIMPLY WIDELY WHOLLY BADLY BOLDLY BRISKLY CALMLY COLDLY COOLLY CRUDELY DARKLY DEARLY DENSELY DIMLY DRYLY DULLY EAGERLY EARLY EASILY EVENLY EXACTLY FAINTLY FALSELY FAMOUSLY FIERCELY FINELY FIRMLY FLATLY FONDLY FORMALLY ALLY FRANKLY FREELY FRESHLY GENTLY GLADLY GRAVELY GRIMLY HARSHLY HEAVILY HIGHLY HUGELY HUMBLY KEENLY KINDLY LARGELY LATELY LIKELY LIVELY LOOSELY LOUDLY LOWLY MADLY MAINLY MEEKLY MERELY MILDLY NEATLY NEWLY NICELY ODDLY OPENLY POORLY PRIMLY PROMPTLY PROUDLY PURELY QUICKLY QUIETLY RAPIDLY RARELY READILY RICHLY RIGHTLY ROUGHLY ROUNDLY RUDELY SADLY SAFELY SHARPLY SHORTLY LY SHYLY SLIGHTLY SLOWLY SOWLY SOLDLY SOLLY SALDLY SOLSLY SLOWLY SPARELY STIRLY STERILY STERLY STIFFLY STOUTLY STRICTLY STRONGLY STURDILY SUBTLY SWEEP SWEETLY SWIFTLY TAMELY TAUTLY TENSELY THICKLY THINLY TIGHTLY INTO THE FOREST BEFORE TURNING BACK
qwen06b,ct_very_t1_k048,0,control_word,t1,48,48,58,very,59,32.0,48,nan,nan,nan,nan,400,False,,nan,nan,True,48,miscount,0,THE DOG WAS QUITE REALLY TRULY FAIRLY RATHER SOMEWHAT EXTREMELY NOTABLY DEEPLY CLEARLY PLAINLY SURELY BARELY HARDLY MOSTLY NEARLY PARTLY SIMPLY WIDELY WHOLLY BADLY BOLDLY BRISKLY CALMLY COLDLY COOLLY CRUDELY DARKLY DEARLY DENSELY DIMLY DRYLY DULLY EAGERLY EARLY EASILY EVENLY EXACTLY FAINTLY FALSELY FAMOUSLY LY FIERCELY FINELY FIRMLY FLATLY FONDLY FORMALLY FRANKLY BIG AND IT RAN ACROSS THE FIELD
qwen06b,ct_very_t1_k064,0,control_word,t1,64,64,74,very,74,35.04,63,nan,nan,nan,nan,438,False,,nan,nan,True,63,undercount,0,THE DOG WAS QUITE REALLY TRULY FAIRLY RATHER SOMEWHAT EXTREMELY NOTABLY DEEPLY CLEARLY PLAINLY SURELY BARELY HARDLY MOSTLY NEARLY PARTLY SIMPLY WIDELY WHOLLY BADLY BOLDLY BRISKLY CALMLY COLDLY COOLY CRUDELY DARKLY DEARLY DENSELY DIMLY DRYLY DULLY EAGERLY EARLY EASILY EVENLY EXACTLY FAINTLY FALSELY FAMOUSLY FIERCELY FINELY FIRMLY FLATLY FONDLY FORMALLY FRANKLY FREELY FRESHLY GENTLY GLADLY GRAVELY GRIMLY HARSHLY HEAVILY HIGHLY HOTLY HUGELY HUMBLY KEENLY KINDLY LARGELY LATELY BIG AND IT RAN ACROSS THE FIELD
qwen06b,ct_very_t1_k096,0,control_word,t1,96,96,106,very,106,52.0,93,nan,nan,nan,nan,650,False,,nan,nan,True,93,undercount,0,THE DOG WAS QUITE REALLY TRULY FAIRLY RATHER SOMEWHAT EXTREMELY NOTABLY DEEPLY CLEARLY PLAINLY SURELY BARELY HARDLY MOSTLY NEARLY PARTLY SIMPLY WIDELY WHOLLY BADLY BOLDLY BRISKLY CALMLY COLDLY COOLLY CRUDELY DARKLY DEARLY DENSELY DIMLY DRYLY DULLY EAGERLY EARLY EASILY EVENLY EXACTLY FAINTLY FALSELY FAMOUSLY FIERCELY FINELY FIRMLY FLATLY FONDLY FORMALLY MALLY FRANKLY FREELY FRESHLY GENTLY GLADLY GRIMLY HARSHLY HEAVILY HIGHLY  HIGHTLY HUGELY HUMBLY KEENLY KINDLY LARGELY LATELY LIKELY LIVELY LOOSELY LOUDLY LOWLY MADLY MAINLY MEEKLY MERELY MILDLY NEATLY NEWLY NICELY ODDLY OPENLY POORLY PRIMLY PROMPTLY PROUDLY PURELY QUICKLY QUIETLY RAPIDLY RARELY READILY RICHLY RIGHTLY ROUGHLY ROUNDLY RUDELY SAD SADLY BIG AND IT RAN ACROSS THE FIELD
qwen06b,ct_very_t1_k128,0,control_word,t1,128,128,138,very,136,68.64,116,nan,nan,nan,nan,858,False,,nan,nan,True,116,undercount,0,THE DOG WAS QUITE REALLY TRULY FAIRLY RATHER SOMEWHAT EXTREMELY NOTABLY DEEPLY CLEARLY PLAINLY SURELY BARELY HARDLY MOSTLY NEARLY PARTLY SIMPLY WIDELY WHOLLY BADLY BOLDLY BRISKLY CALMLY COLDLY COOLLY CRUDELY DARKLY DEARLY DENSELY DIMLY DRYLY DULLY EAGERLY EARLY EASILY EVENLY EXACTLY FAINTLY FALSELY FAMOUSLY FIERCELY FINELY FIRMLY FLATLY FONDLY FORMALLY FRANKLY FREELY FRESHLY GENTLY GLADLY GREENLY HARSHLY HEAVILY HIGHLY HOTLY HUGELY HUMBLY KEENLY KINDLY LARGELY LITELY LIKELY LIVELY LOOSELY LOUDLY LOWLY MADLY MAINLY MEEKLY MERELY MELLY NEATLY NEWLY NICELY ODDLY OPENLY POORLY PRIMLY PROMPTLY PROUDLY PURELY QUICKLY QUIETLY RAPIDLY RARELY READILY RICHLY RIGHTLY ROUGHLY ROUNDLY RUDELY SADLY SAFELY LY SHARPLY SHORTLY SHYLY SLIGHTLY SLOWLY SOLELY SOLELY SOLELY SLELY SLELY SOLY SPARSELY SPEEDILY STARKLY STEADILY STERNLY STIFFLY STOUTLY STRICTLY STRONGLY STURDILY SUBTLY SWEETLY SWIFTLY TAMLY TAUTLY TENSELY THICKLY THINLY TIGHTLY BIG AND IT RAN ACROSS THE FIELD
qwen06b,wr_blue_t4_k048,0,word_rep,t4,48,48,55,blue,54,14.16,47,nan,nan,nan,nan,177,False,,nan,nan,True,47,undercount,0,THE LIGHT WAS BLUE BLUE BLUE BLUE BLUE BLUE BLUE BLUE BLUE BLUE BLUE BLUE BLUE BLUE BLUE BLUE BLUE BLUE BLUE BLUE BLUE BLUE BLUE BLUE BLUE BLUE BLUE BLUE BLUE BLUE BLUE BLUE BLUE BLUE BLUE BLUE BLUE BLUE BLUE BLUE BLUE BLUE BLUE BLUE BLUE BLUE BLUE BEFORE THE STORM ARRIVED
qwen06b,wr_blue_t4_k064,0,word_rep,t4,64,64,71,blue,106,20.48,27,nan,nan,nan,nan,256,False,,nan,nan,True,27,undercount,0,THE LIGHT WAS BLUE BLUE BLUE BLUE BLUE BLUE BLUE BLUE BLUE BLUE BLUE BLU BLU BLUE BLU BLU BLU BLU BLU BLU BLU BLU BLUE BLU BLU BLUE BLU BLU BLUE BLU BLUE BLUE BLU BLU BL BLU BLUE BLUE BLU BLU BLUE BLU BLUE BLU BLUE BLU BLU BLU BLU BLU BLU BLU BLU BLU BLU BLU BLU BLU BLU BLU BLU BLU BLU BLU BLU BLU BLU BLU BLU BLU BLU BLU BLU BLU BLU BLU BLU BLU BLU BLU BLU BLU BLU BLU BLU BLU BLU BLU BLU BLU BLU BLU BLU BLU BLUE BLUE BLUE BLUE BLUE BEFORE THE STORM ARRIVED
qwen06b,wr_blue_t4_k096,0,word_rep,t4,96,96,103,blue,329,655.28,32,nan,nan,nan,nan,8191,False,,nan,nan,True,32,undercount,0,THE LIGHT WAS BLUE BLUE BLUE BLUE BLUE BLUE BLUE BLUE BLUE BLUE BLUE BLUE BLUE BLUE BLUE BLUE BLUE BLUE BLUE BLUE BLUE BLUE BLU BLU BLU BLU BLU BLUK BL LU BLUK BLUK BLUK BLUK LK BLK LOK LOK LO LOK LOK LOK LOK LO LOK LOK LOK LOK LOK LO LOK LOK LO LO LOK LOK LOK LOK LOK LOK LOK LOK LOK LOK LOK LO LOK LOK LOK LOK LOK LOK LO LOK OK LOK LOK LOK LO LOK LOK LO LO LOK LO LOK LO LOK LO LOK LOK LO LO OLO LOK LO LOK LO LOK LOK LO LO LO LOK LOK LO LOK LO LOK LO LO LO LO LO LO LO LO LO LO LOLO LO LO LO LO LOK LOK LO LO LO LO LO LO LO LO LOK LO LO LO LO LO LOK LO LO LOK LO LO LOK LO LOK LOK LO LOK LOK LOKLOK LOK LOK LOK LOK LOK LOK LOK LOK LOK LOK LOKLOK LOK LOK LOK LO LOK LOK LOK LO LOK LOOLO LOK LO NOO O NOOO BLUE BLUE BLUE BLUE BLUE BLUE BLUE BLUE BLUE BLUE BLOUE BLOE BLOW BLOW BLOW BLOW BLOW BLOW BLOW BLOW BLOW BLOW BLOW BLOW BLOW BLOW BLOW BLOW BLOW BLOW BLOW BLOW BLOW BLOW BLOW BLOW BLOW BLOW BLOW BLOW BLOW BLOW BLOW BLOW BLOW BLOW BLOW BLOW BLOW BLOW BLOW BLOW BLOW BLOW BLOW BLOW BLO BLO BLOBLO LO L NOMOLI OD EIPISERSCEEEOEETAEEE ANTEEEEON E E OO BTIO AOINA A AA NOEAE A AA EAEAE A  I OAAAAEE AEI EAE ON OEEANAAMAAA EAIAO EAOANO WE E PN ANG MO E O PEAE OOO OE  ROOAN  INAOS OIO OV I EEEEPTNOO IA I GO FRAAA OI TO EENAOONDERAO EIOA  GAN ATN ETWE EAN EEIN OEO EAEOINFIEEAAA AOTERAI BEINEEANIS ANM LITTBON O TO THE DO TE TE   ANGOONO AEV THE COOANAEEOEE A OPLATIN THEGAN AGN MOEEAAIOEN EPIPE EOF PE  AEI E QUENEEMORI ACAAI GADEN INO AV LARAOE
qwen06b,wr_blue_t4_k128,0,word_rep,t4,128,128,135,blue,155,655.28,25,nan,nan,nan,nan,8191,False,,nan,nan,True,25,undercount,0,THE LIGHT WAS BLUE BLUE BLUE BLUE BLUE BLUE BLUE BLUE BLUE BLUE BLUE BLUE BLUE BLUE BLUE BLUE BLUE BLUE BLUE BLUE BLUE BLUE BLUE BLUE BLUE BLU BLU BLU BLU BLU BLU BLU BLUBU BLU BLU BL BL L BU BU BU U BLU BLU BLU U BLU BLU BLU BLBU  BLU B LUUL N IENO M ECO O NE O NOENOO I OOOOO TAEAAAANDO NS EPESE AAEEPLATIA AAA EAOI SAO EELAONO EW OIOOOOOOOEO OOIFICULOAAOO OOANOOOONA GALEPOOOOOEO OO ONOOOO O THIS MONEIO A LIAEEAEOOOIN ANOLIO OOOO OOOMET NOO O BT EEOEOO WO KILL OA OO THE ONAEEON  EE EEPETOLLAAEEA THE DO EP NO O OO GAAE PASS OO GREDON BUTTII OIPAE CASE THE WINTER ONOAA EAN O O SOOA TEAVEITRE BLOA I AAEIININOB E RIT CUTER  TOE  MI  WE WAAOEEOPOT SES A ANMA OE QUINNEN OAEI TEHEV E A THE  GODAN FE O OMBTOS EMAS E NO TE A T ANA ANANI AA
qwen06b,wr_far_t3_k048,0,word_rep,t3,48,48,56,far,108,30.56,16,nan,nan,nan,nan,382,False,,nan,nan,True,16,undercount,0,HE WALKED FAR FAR FAR FAR FAR FAR FAR FAR FAR FAR FAR FAR FAR FAR FAR FAR FARE FARE FIRE FIVE FIV FIVE FIVE FIE FIVE FIE FIVE FIVE FIVE FIVE FIVE FIVE FIVE FIVE FIE FIVE FIE FIVE FIE FIE FIVE FIVE FIVE FIE FIVE FIE FIVE FIVE FIVE FIE FIVE FIVE FIVE FE FIE FIVE FIE FIVE FIVE FIVE FIVE FIVE FIVE FIV FE FIE FIE SIXE SIE SIXE SIE SIE SIX SIXE SIXE SIXE SIX SIX SIX SIX SIX SIX SI SIX SIX SI SX SIX SE SIX SIX SIX SIXSIX SIX SIX SX IXX EOUEOUU U U  UU UE UU EUUU U  EEEEE
qwen06b,wr_far_t3_k064,0,word_rep,t3,64,64,72,far,221,655.28,44,nan,nan,nan,nan,8191,False,,nan,nan,True,44,undercount,0,HE WALKED FAR FAR FAR FAR FAR FAR FAR FAR FAR FAR FAR FAR FAR FAR FAR FAR FAR FAR FAR FAR FAR FAR FAR FAR FAR FAR FAR FAR FAR FAR FAR FAR FAR FAR FAR FAR FAR FAR FAR FAR FAR FA FAR FAR FR FAR A AR P A F A PA PA PA P PA PA PA PAPAP T PA APA PA PA PATA TA PA  TABA TAA BA BA BABA BAB  BAA BABABA AB BBAB B BAB BBABABAABA BAAA B BABABAAT BAA  BAATBBBA TAAAA I AAATATTAAATATATATATTTTATATTTATATTATATAAATTAAATAAAAAAAAATAAAAAAPAAPAAATATPAPATAPPPAPAAAAPAPAAAPAPAPAPAPAPAPAPAPPAAPATAAAAAAAAPAPAAPAAAPATAAAAATAPAPAAAPAAPAATAAAAAAAATAATAAAAAAAAAAATAAAAAAATAAAAAAAA FOR FOUR FOUR FOUR FOUR FOUR FOUR FOUR FOUR FOUR FOUR FOUR FOUR FOUR FOUR FOUR FOUR FOUR FOUR FOUR FOUR FOUR FOUR FOUR FOUR FOUR FOUR FOUR FOUR FOUR FOUR FOUR OUR ORU FOR E POS FOR POSS POSITION OF THE POSITION OF THE PAGE ON THE PAPER SHOULD BE CONSIDERED IF THE BOOK IS TO HAVE A SATI FARY UTI FATTY HIS AD HI DERISIVEOORIVEUMAN THI  T IS E O LOOOOEOEOE O EA OO E ON OO ANOOA I O E IAEAOMP HEAH OO  EXAIN IO MA AOOEN OO OANAA I EOMNERNO EUSULY FE LETLIONANOI A IAON THE PA ENEINA BUT ECO NOANA IT EANEAE OOS RE ON O  O EER LA SAIDSAI YOUOEE OS HOW IEER EVER OUS EANINELON O THELADIEOONTEOON  E AN REFECTOF ELFAATA CONIDAT ATITHEOTIC
qwen06b,wr_far_t3_k096,0,word_rep,t3,96,96,104,far,161,655.28,30,nan,nan,nan,nan,8191,False,,nan,nan,True,30,undercount,0,HE WALKED FAR FAR FAR FAR FAR FAR FAR FAR FAR FAR FAR FAR FAR FAR FAR FAR FAR FAR FAR FAR FAR FAR FAR FAR FAR FAR FAR FAR FAR FAR FIRE FIRE FIRE FIRE IRE FE R R R R  R  RRRREIVE FIVE FIVE FIVE FIVE FIVE FIVE FIVE FIVE FE IE FFF FF F F F F   F F F F F F F F F F F  F F F F F F  F F F F F F EF EF EF EF F F EE PEPEEPEEPEPEPEPEPEPEEPEPEPEPEEPPPEPEEPEEPEPEPPPPEPEPPEPEPEPEEPPEPEEEEPPEPPEPEPEPEEEPEEPEEPPEEPEPEPEEEPEPEPPPEPEPPEPEPPEPEPEPPEPPEEPPPPEP PE PPEPE PEPPEPEPEEEPEPPEPEEPEPEPEEPPEPEPEEPEEPEPEEPEPEPEPPPPEEPEPEPPEPEEPEEPEPEPPP TTETTTTTTTTPTTTTPTTPPETTTTTPTTPTTPTTTTTTTTTTTPTTTTTTTTTTTATTTTPTTTTTETTTTTETPPTPPPPEPPPPPTPTPPPEPTTTTPTTTTTTPPPETEPTTPTETTTEETTTTTTT TETETETETE TE TE TETE TETETETETE TETETEETETE TEE TETE TE TE TETETETE TE TEETEE T TETETETETEE TEE TETE TE TE TETE TETE TE TETETETE TE TETETE TE TE TETE TETE TE TE TETETE TETETE TETE TE TETETE TE TETEETE TEEETETETE TEETETE TETE TE TETETE TE TTETE TETETETETE TETEEETETETETETETETETETETETETE TETETTETETE TETETE TETETETETETETET O O OMIONEETYO FOEO A ANIRAP EAS O TEETOEOOEERETTTE QUITE I NEE OLI OANTT OTI LON
qwen06b,wr_far_t3_k128,0,word_rep,t3,128,128,136,far,297,106.16,33,nan,nan,nan,nan,1327,False,,nan,nan,True,33,undercount,0,HE WALKED FAR FAR FAR FAR FAR FAR FAR FAR FAR FAR FAR FAR FAR FAR FAR FAR FAR FAR FAR FAR FAR FAR FAR FAR FAR FAR FOUR FR FOUR FOUR FOUR FOUR FOUR FOUR FOUR FOUR FOUR FOUR FOUR FOUR FOUR FOUR FOUR FOUR FOUR FOUR FOUR FOUR FOUR FOUR FOUR FOUR FOUR F F                         FR OR R  F  E E E E E IE E IE FIE IE FI FIE FE AO FA FA FAFA FO FO  F FO FO FO FO FO FO FO FOR FO FO FO FO FOR FOR FOR FOR FOR FOR FOROR FOR FOR FO OR OR OROR FOOR FOOR FOOROR OR OO FOR FOR FOROR FOR OR FOR OR FO OOROR OR R FR FO OR OR I I O FOR OR O OR FO FOR OR O FOR O FOR O O OR FOR O O OR I FOR I I O I IIR I  I IR IOEI II I I I I IEIIE IEII I I I I I I IE IVE IE FIVE IE I  LIG LICIT LICKIT LICKIT LICK IT LICK IT LICK IT LICKIT FAR FAR FRY OF YOU FRY FAR FAR FAR FAR FAR FIR FIR FIR FIR FIR FIR F FI FIE FE FI FE F FI FI FI FII FI I E I IE IE E IEI I E IEIE  IE IE I IE I  I I I I I I I IE I I I  I IE   I  I III IEI  I  II   IE IEI E I TIE FIVE FIVE FIVE FIRE FOR FOUR FOUR FOUR FOUR FOUR FOUR FOUR FOUR FOUR FOUR FOUR FOUR FOUR FOUR FOR FOU FOU FOU FOUR FOUR FOR FOUR FOUR FOR FOUR FOUR FOUR FOU FOUR FOUR FOUR FOUR FOUR FOUR FOR A
qwen06b,wr_very_t1_k048,0,word_rep,t1,48,48,58,very,62,22.64,52,nan,nan,nan,nan,283,False,,nan,nan,True,52,overcount,0,THE DOG WAS VERY VERY VERY VERY VERY VERY VERY VERY VERY VERY VERY VERY VERY VERY VERY VERY VERY VERY VERY VERY VERY VERY VERY VERY VERY VERY VERY VERY VERY VERY VERY VERY VERY VERY VERY VERY VERY VERY VERY VERY VERY VERY VERY VERY VERY VERY VERY VERY VERY VERY VERY VERY BIG AND IT RAN ACROSS THE FIELD
qwen06b,wr_very_t1_k064,0,word_rep,t1,64,64,74,very,80,29.84,70,nan,nan,nan,nan,373,False,,nan,nan,True,70,overcount,0,THE DOG WAS VERY VERY VERY VERY VERY VERY VERY VERY VERY VERY VERY VERY VERY VERY VERY VERY VERY VERY VERY VERY VERY VERY VERY VERY VERY VERY VERY VERY VERY VERY VERY VERY VERY VERY VERY VERY VERY VERY VERY VERY VERY VERY VERY VERY VERY VERY VERY VERY VERY VERY VERY VERY VERY VERY VERY VERY VERY VERY VERY VERY VERY VERY VERY VERY VERY VERY VERY VERY VERY VERY BIG AND IT RAN ACROSS THE FIELD
qwen06b,wr_very_t1_k096,0,word_rep,t1,96,96,106,very,245,655.28,122,nan,nan,nan,nan,8191,False,,nan,nan,True,122,overcount,0,THE DOG WAS VERY VERY VERY VERY VERY VERY VERY VERY VERY VERY VERY VERY VERY VERY VERY VERY VERY VERY VERY VERY VERY VERY VERY VERY VERY VERY VERY VERY VERY VERY VERY VERY VERY VERY VERY VERY VERY VERY VERY VERY VERY VERY VERY VERY VERY VERY VERY VERY VERY VERY VERY VERY VERY VERY VERY VERY VERY VERY VERY VERY VERY VERY VERY VERY VERY VERY VERY VERY VERY VERY VERY VERY VERY VERY VERY VERY VERY VERY VERY VERY VERY VERY VERY VERY VERY VERY VERY VERY VERYERY VERY VERY VERY VERY VERY DERY DERRY DERRY DERY DERRY DERRY DERRY DERY DERRY DERRY DERR DERRY DRRY DERRY DERY DERRY DERRY DERRY DRRY DERRY DERRY DERRY DERRY DERRY DERRY DERRY DERRY DERRY DERRY DERY DEY DERY DERY DERRY DERY DERY ERRY DRY DERY DERY DERY DER DERRY DERRY DERY DERY DERY DERY DERY DERY DERY DERY DERY DEY EY DEY VERY VERY VERY VERY VERY VERY VERY VERY VERY VERY VERY VERY VERY VERY VERY VERY VERY VERY VERY VERY VERY VERY VERY VERY VERY VERY VERY VERY VERY REDOREDOREDOREDORYDORYDORY DOREDEREDORYDORY DORE DRY DORDRYDORI DOREDORE DORY DEREDORYE DOREDORE DORDORE DORE DORDORYDOREDOREDOREDORE DORYDORYDOR DORYDORE DORYDORYDORY DORYDORY DORY DORYDORYORYDORR ISAAA ODEIAOOEAVO ORY A   B R O OLICOT O B TEEOO AALAAEN E GREO TIN IFEODAEN AM CAY ON THAND ER N NOO OLY TA  ANME DO LO TE GRE  A S I  MAESWABLA WEAMURDED AIEN ASO THEPOT HUM SA O ANY O OTILITY AT
qwen06b,wr_very_t1_k128,0,word_rep,t1,128,128,138,very,592,655.28,221,nan,nan,nan,nan,8191,False,,nan,nan,True,221,overcount,0,THE DOG WAS VERY VERY VERY VERY VERY VERY VERY VERY VERY VERY VERY VERY VERY VERY VERY VERY VERY VERY VERY VERY VERY VERY VERY VERY VERY VERY VERY ERY VERY VERY VERY VERY VERY VERY VERY VERY VERY VERY VERY VERY VERY VERY VERY VERY VERY VERY VERY VERY VERY VERY VERY VERY VERY VERY VERY VERY VERY VERY VERY VERY VERY VERY VERY VERY VERY VERY VERY VERY VERY VERY VERY VERY VERY VERY VERY VERY VERY VERY VERY VERY VERY VERY VERY VERY VERY VERY VERY VERY VERY VERY VERY VERY VERY VERY VERY VERY VERY VERY VERY VEY VERY VERY VERY VERY VERY VERY VERY VERY VERY VERY VERY VERYVERY VERY VERY VERY VERY VERY VERY VERY VERY VERY VERY VERY VERY VERY ERY DERY DERYDERY DERY DERY DERI VERY VERY BR VERY VERY VERY VERY VERY VERY VERY VERY VERY VERY VERY VERY VERY VERY VERY VERY VERY VERY VERY VERY VERY VERY VER VERY VERY VERY VERY VERY VERY VERY ERY DI VERY VERY VERY VERY VERY VERY VERY VERY DRY DER DERY DERY DERY DERY DER DERY DERY DERY DERY DERY DER DERY DERY DERY DIRY DRY DERY DAY DER DRY DAY DAY DAY DRY DARY DARY DER DEY DAY DAY DYDY DAY DAY DAY DY DAY DAYDA DERY DARY DY DRY DRY DRY HREE THREE HRE THREE HREE HRE THREE THRE THREE THRETHRE THRE THRE THREE THRE THRE THIRE THREETHRE THRE THRE THRE THRE THRE THRE THRE THRE THREE HRE HRWEE THWEE THREE T EE O WE A WE A WEE  WEE A WE  WE  W A WEK A W A WE A WE  WE  WE  WE A WE A WE A WEE ER RY VERY VERY VERY VERY VERY VERY VERY VERY VERY VERY VEY VERY VERY VERY VERY VERY VERY VERY VERY VERY VERY VERY VERY VERY VERY VERY VERY VERY VERY VERY VERY VEY VERY VERY ERY VERY VERY VERY VERY VRY VERY D D D DERY D DO DO  E W AW  WE A W A WE A WE A E  WE  W  E A WE WE A WE A W A WE  WE AWE  W  WE A W ERY VERY VERY VERY VERY VERY VERY VERY VERY VERY VERY VERY VERY VERY VERY VERY VERY VERY VERY VERY VERY VERY VERY VERY VER I I D DI DI D DI D DI Y BY BY BY BY B B BY BY BY B BY B BY BY Y BY BY B BY BBY BBYBY BBY BYBY B BY BYBY BY Y BY BY BY BY Y BY BY BY DY DY DI DY DI DY DY Y DI DI BY DY Y D DY DIY BYYY BY Y Y BY LY B BY BYY  L BY BY BY BY BY BYY BY B BY BB BY BY BYBY BY BY BY BY BY BY BY BY BY BYB BY BY BYY Y BYLY LY B Y YY LY LL LY Y BY  BY BY LYBYB MY BY BYL BY BY BY LB  L L LL RED WHAT LI THE THE RED RED RED RED RED RED RED RED RED RED RED RD RED RED RED RED RED RED RED RED RED RED RED RED RED RED RD ED OS AN STNGEASFO N I HE P I COUD NOT IENO O  ITATENANS AS IE ISFOE IAEE MA WICOM CO  TEGO MIT E N A  I MEAN AOO ATE AEAPINME MAO OEO A O EYEE TIAIAANETENAEEM TEE PAPESSO TETEAONAATES BUTATRENTA MIA S BERIEATHENA NIT  MOR ONPETOAA EIEA FIEN THE GAENI
qwen17b,ct_blue_t4_k048,0,control_word,t4,48,48,55,blue,56,30.32,48,nan,nan,nan,nan,379,False,,nan,nan,True,48,miscount,0,THE LIGHT WAS QUITE REALLY TRULY FAIRLY RATHER SOMEWHAT EXTREMELY NOTABLY DEEPLY CLEARLY PLAINLY SURELY BARELY HARDLY MOSTLY NEARLY PARTLY SIMPLY WIDELY WHOLLY BADLY BOLDLY BRISKLY CALMLY COLDLY COOLLY CRUDELY DARKLY DEARLY DENSELY DIMLY DRYLY DULLY EAGERLY EARLY EASILY EVENLY EXACTLY FAINTLY FALSELY FAMOUSLY LY FIERCELY FINELY FIRMLY FLATLY FONDLY FORMALLY FRANKLY BEFORE THE STORM ARRIVED
qwen17b,ct_blue_t4_k064,0,control_word,t4,64,64,71,blue,71,38.32,63,nan,nan,nan,nan,479,False,,nan,nan,True,63,undercount,0,THE LIGHT WAS QUITE REALLY TRULY FAIRLY RATHER SOMEWHAT EXTREMELY NOTABLY DEEPLY CLEARLY PLAINLY SURELY BARELY HARDLY MOSTLY NEARLY PARTLY SIMPLY WIDELY WHOLLY BADLY BOLDLY BRISKLY CALMLY COLDLY COOLLY CRUDELY DARKLY DEARLY DENSELY DIMLY DRYLY DULLY EAGERLY EARLY EASILY EVENLY EXACTLY FAINTLY FALSELY FAMOUSLY FIERCELY FINELY FIRMLY FLATLY FONDLY FORMALLY FRANKLY FREELY FRESHLY GENTLY GLADLY GREBLY GRIMLY HARSHLY HEAVILY HIGHLY HOTLY HUGELY HUMBLY KEENLY KINDLY LARGELY LATELY BEFORE THE STORM ARRIVED
qwen17b,ct_blue_t4_k096,0,control_word,t4,96,96,103,blue,104,55.92,89,nan,nan,nan,nan,699,False,,nan,nan,True,89,undercount,0,THE LIGHT WAS QUITE REALLY TRULY FAIRLY RATHER SOMEWHAT EXTREMELY NOTABLY DEEPLY CLEARLY PLAINLY SURELY BARELY HARDLY MOSTLY NEARLY PARTLY SIMPLY WIDELY WHOLLY BADLY BOLDLY BRISKLY CALMLY COLDLY COOLLY CRUDELY DARKLY DEARLY DENSELY DIMLY DRYLY DULLY EAGERLY EARLY EASILY EVENLY EXACTLY FAINTLY FALSELY FAMOUSLY FIERCELY FINE FINLY FIRMLY FLATLY FONDLY FORMALLY FRANKLY FREELY FRESHLY GENTLY GLADLY GRAMLY HARSHLY HEAVILY HIGHLY HOTLY HUGELY HUMBLY KEENLY KINDLY LARGELY LATELY LIGHTLY LIKHELY LIHELY LOSELY LOUDLY LOWLY MADLY MAINLY MEEKLY MERELY MILDLY NEATLY NEWLY NICELY ODDLY OPENLY POORLY PRIMLY PROMPTLY PROUDLY PURELY QUICKLY QUIETLY RAPID IDLY RARELY READILY RICHLY RIGHTLY ROUGHLY ROUNDLY RUDELY SADLY BEFORE THE STORM ARRIVED
qwen17b,ct_blue_t4_k128,0,control_word,t4,128,128,135,blue,134,63.76,121,nan,nan,nan,nan,797,False,,nan,nan,True,121,undercount,0,THE LIGHT WAS QUITE REALLY TRULY FAIRLY RATHER SOMEWHAT EXTREMELY NOTABLY DEEPLY CLEARLY PLAINLY SURELY BARELY HARDLY MOSTLY NEARLY PARTLY SIMPLY WIDELY WHOLLY BADLY BOLDLY BRISKLY CALMLY COLDLY COOLLY CRUDELY DARKLY DEARLY DENSELY DIMLY DRYLY DULLY EAGERLY EARLY EASILY EVENLY EXACTLY FAINTLY FALSELY FAMOUSLY FIERCELY FINELY FIRMLY FLATLY FONDLY FORMALLY FRANKLY FREELY FRESHLY GENTLY GLADLY GREAMLY HARSHLY HEAVILY HIGHLY HOTLY HUGELY HUMBLY KEENLY KINDLY LARGELY LATLY LIGHTLY LIVELY LOOSELY LOUDLY LOWLY MADLY MAINLY MEEKLY MERELY MILDLY NEATLY NEWLY NICELY ODDLY OPENLY POORLY PRIMLY PROMPTLY PROUDLY PURELY QUICKLY QUIETLY RAPIDLY RARELY READILY RICHLY RIGHTLY ROUGHLY ROUNDLY RUDELY SADLY SAFELY SHARPLY SHORTLY SHYLY SLIGHTLY SLOWLY SMOOTHLY SOFTLY SO SOLED SOLELY SOURLY SOUNDLY SOURLY SPARSELY SPEEDLY STARKLY STEADILY STERNLY STIFFLY STOUTLY STRICTLY STRONGLY STURDILY SUBTLY SWEETLY SWIFTLY TAMELY TAUTLY TENSELY THICKLY THINLY TIGHTLY BEFORE THE STORM ARRIVED
qwen17b,ct_far_t3_k048,0,control_word,t3,48,48,56,far,57,32.0,48,nan,nan,nan,nan,400,False,,nan,nan,True,48,miscount,0,HE WALKED QUITE REALLY TRULY FAIRLY RATHER SOMEWHAT EXTREMELY NOTABLY DEEPLY CLEARLY PLAINLY SURELY BARELY HARDLY MOSTLY NEARLY PARTLY SIMPLY WIDELY WHOLLY BADLY BOLDLY BRISKLY CALMLY COLDLY COOLLY CRUDELY DARKLY DEARLY DENSELY DIMLY DRYLY DULLY EAGERLY EARLY EASILY EVENLY EXACTLY FAINTLY FALSELY FAMO FAMOUSLY FIERCELY FINELY FIRMLY FLATLY FONDLY FORMALLY FRANKLY INTO THE FOREST BEFORE TURNING BACK
qwen17b,ct_far_t3_k064,0,control_word,t3,64,64,72,far,72,39.2,64,nan,nan,nan,nan,490,False,,nan,nan,True,64,miscount,0,HE WALKED QUITE REALLY TRULY FAIRLY RATHER SOMEWHAT EXTREMELY NOTABLY DEEPLY CLEARLY PLAINLY SURELY BARELY HARDLY MOSTLY NEARLY PARTLY SIMPLY WIDELY WHOLLY BADLY BOLDLY BRISKLY CALMLY COLDLY COOLLY CRUDELY DARKLY DEARLY DENSELY DIMLY DRYLY DULLY EAGERLY EARLY EASILY EVENLY EXACTLY FAINTLY FALSELY FAMOUSLY FIERCELY FINELY FIRMLY FLATLY FONDLY FORMALLY FRANKLY FREELY FRESHLY GENTLY GLADLY GRAVELY GRIMLY HARSHLY HEAVILY HIGHLY HOTLY HUGELY HUMBLY KEENLY KINDLY LARGELY LATELY INTO THE FOREST BEFORE TURNING BACK
qwen17b,ct_far_t3_k096,0,control_word,t3,96,96,104,far,106,58.0,91,nan,nan,nan,nan,725,False,,nan,nan,True,91,undercount,0,HE WALKED QUITE REALLY TRULY FAIRLY RATHER SOMEWHAT EXTREMELY NOTABLY DEEPLY CLEARLY PLAINLY SURELY BARELY HARDLY MOSTLY NEARLY PARTLY SIMPLY WIDELY WHOLLY BADLY BOLDLY BRISKLY CALMLY COLDLY COOLLY CRUDELY DARKLY DEARLY DENSELY DIMLY DRYLY DULLY EAGERLY EARLY EASILY EVENLY EXACTLY FAINTLY FALSELY FAMOUSLY FIERCELY FINELY FIRMLY FLATLY FONLY FORMALLY FRANKLY FREELY FRESHLY GENTLY GLADLY GRAVELY GRIMLY HARSHLY HEAVILY HIGHLY HOTLY HUGELY HUMBLY KEENLY KINDLY LARGELY LATLY LIGHTLY LIKELY LOT LIFELY LOOSELY LOUDLY LOWEDLY MADLY MAINLY MEEKLY MERELY MILDLY NEATLY NEWLY NICELY ADDLY OPENLY POORLY PRIMLY PROMPTLY PROUDLY LY PURELY QUICKLY QUIETLY RAPIDLY RARELY READILY RICHLY RIGHTLY ROUGHLY ROUNDLY RUDELY SADLY INTO THE FOREST BEFORE TURNING BACK
qwen17b,ct_far_t3_k128,0,control_word,t3,128,128,136,far,137,79.76,123,nan,nan,nan,nan,997,False,,nan,nan,True,123,undercount,0,HE WALKED QUITE REALLY TRULY FAIRLY RATHER SOMEWHAT EXTREMELY NOTABLY DEEPLY CLEARLY PLAINLY SURELY BARELY HARDLY MOSTLY NEARLY PARTLY SIMPLY WIDELY WHOLLY BADLY BOLDLY BRISKLY CALMLY COLDLY COOLLY CRUDELY DARKLY DEARLY DENSELY DIMLY DRYLY DULLY EAGERLY EARLY EASILY EVENLY EXACTLY FAINT LY FALSELY FAMOUSLY FIERCELY FINELY FIRMLY FLATLY FONDLY FORMALLY FRANKLY FREELY FRESHLY GENTLY GLADLY GRIMLY HARSHLY HEAVILY HIGHLY HOTLY HUGELY HUMBLY KEENLY KINDLY LARGELY LATELY LIGHTLY LIKELY LIVELY LOOSELY LOUDLY LOWLY MADLY MAINLY MEEKLY MERELY MILDLY NEATLY NEWLY NICELY ODDLY OPENLY POORLY PRIMLY PROMPTLY PROUDLY PURELY QUICKLY QUIETLY RAPIDLY RARELY READILY RICHLY RIGHTLY ROUGHLY ROUNDLY RUDELY SADLY SAFELY SHARPLY SHORTLY SLIGHTLY SLOWLY SMOOTHLY SOFTLY SOLY SLAY SOLELY SALIDLY SORELY SOUNDLY SOURLY SPARSELY SPEEDILY STARKLY STEADILY STERNLY STIFFLY STOUTLY STRICTLY STRONGLY STURDILY SUBTLY SWIFTLY Y TAMELY TAUTLY TENSELY THICKLY THINLY TIGHTLY INTO THE FOREST BEFORE TURNING BACK
qwen17b,ct_very_t1_k048,0,control_word,t1,48,48,58,very,59,30.64,47,nan,nan,nan,nan,383,False,,nan,nan,True,47,undercount,0,THE DOG WAS QUITE REALLY TRULY FAIRLY RATHER SOMEWHAT EXTREMELY NOTABLY DEEPLY CLEARLY PLAINLY SURELY BARELY HARDLY MOSTLY NEARLY PARTLY SIMPLY WIDELY WHOLLY BADLY BOLDLY BRISKLY CALMLY COLDLY COOLLY CRUDELY DARKLY DEARLY DENSELY DIMLY DRYLY DULLY EAGERLY EARLY EASILY EVENLY EXACTLY FAINTLY FALSELY FAMOUSLY FIERCELY LY FINELY FIRMLY FLOTLY FONDLY FORMALLY FRANKLY BIG AND IT RAN ACROSS THE FIELD
qwen17b,ct_very_t1_k064,0,control_word,t1,64,64,74,very,74,41.28,63,nan,nan,nan,nan,516,False,,nan,nan,True,63,undercount,0,THE DOG WAS QUITE REALLY TRULY FAIRLY RATHER SOMEWHAT EXTREMELY NOTABLY DEEPLY CLEARLY PLAINLY SURELY BARELY HARDLY MOSTLY NEARLY PARTLY SIMPLY WIDELY WHOLLY BADLY BOLDLY BRISKLY CALMLY COLDLY COOLLY CRUDELY DARKLY DEARLY DENSELY DIMLY DRYLY DULLY EAGERLY EARLY EASILY EVENLY EXACTLY FAINTLY FALSELY LY FAMOUSLY FIERCELY FINELY FIRMLY FLATLY FONDLY FORMALLY FRANKLY FREELY FRESHLY GENTLY GLADLY GRIMLY HARSHLY HEAVILY HIGHLY HOTLY HUGELY HUMBLY KEENLY KINDLY LARGELY LATELY BIG AND IT RAN ACROSS THE FIELD
qwen17b,ct_very_t1_k096,0,control_word,t1,96,96,106,very,241,655.28,65,nan,nan,nan,nan,8191,False,,nan,nan,True,65,undercount,0,THE DOG WAS QUITE REALLY TRULY FAIRLY RATHER SOMEWHAT EXTREMELY NOTABLY DEEPLY CLEARLY PLAINLY SURELY BARELY HARDLY MOSTLY NEARLY PARTLY SIMPLY WIDELY WHOLLY BADLY BOLDLY BRISKLY CALMLY COLDLY COOLLY CRUDELY DARKLY DEARLY DENSELY DIMLY DRYLY DULLY EAGERLY EARLY EASILY EVENLY EXACTLY FAINTLY FALSELY FAMOUSLY FIERCELY FINELY FIRMLY FLATLY FONDLY FORMALLY FRANKLY FREELY FRESHLY GENTLY GLADLY GRIMLY HARSHLY HEAVILY HIGHLY HOTLY HUGELY HUMBLY KEENLY KINDLY LARGELY LATELY LIKELY LIKELY LOVELY LOWLY LO LOWLY LOW LAY LO LO LAD LAY LAY LAT LAY LAY LAY LA LAY LAY LA LALALLE LALALELYLALE LALY LLL L L LEL LELE LE LE L L L LL LL L L LL LL L LA LL LLELLLE LL LL L LLLLE LE LLLE LLLLLELELE LLL L LEL L LLL LE LLLE LELLL LLLL LELELE LE LELE LE LE LELE LE LEGLEG LE LE LE LELELE LELE LE LE LE LE LE LE LELELE LE LE L LE LELE LE LELELE LE LELE LELE LE L LEE LE LE LELE LE E LE LE LEG LEGLE LG LEG LELEG LEG LE LE LE LLELE LE E LI E II I IT ITE WITE WATLITE WHITE WITE ITE WITE LITE IT WHITE WHAT WHIT WAT LITE WITEWIELILC THIS MAN  TOTN IA EAEF INDULGENT LATE WAT TOEOE TE EOOEEEAECEEEFOREAA LOK WEPO  S DIOEELE EOA O I AEEEREE TOTELE ALAKEETE TENEEEAOITEOEREE EE EAE  E OE E TO A R A O PSION I QR E PREVAL O TE EE  ESINO O HETA
qwen17b,ct_very_t1_k128,0,control_word,t1,128,128,138,very,137,70.48,122,nan,nan,nan,nan,881,False,,nan,nan,True,122,undercount,0,THE DOG WAS QUITE REALLY TRULY FAIRLY RATHER SOMEWHAT EXTREMELY NOTABLY DEEPLY CLEARLY PLAINLY SURELY BARELY HARDLY MOSTLY NEARLY PARTLY SIMPLY WIDELY WHOLLY BADLY BOLDLY BRISKLY CALMLY COLDLY COOLLY CRUDELY DARKLY DEARLY DENSELY DIMLY DRYLY DULLY EAGERLY EARLY EASILY EVENLY EXACTLY FAINTLY FALSELY FAMOUSLY FIERCELY FINELY FIRMLY LY FLATLY FONDLY FORMALLY FRANKLY FREELY FRESHLY GENTLY GLADLY GRAVELY GRIMLY HARSHLY HEAVILY HIGHLY HOTLY HUGELY HUMBLY KEENLY KINDLY LARGELY LATLY LIGHTLY LIKELY LOVELY LOUDLY LOWLY MADLY MAINLY MEEKLY MERELY MILDLY NEATLY NEWLY NICELY ODDLY OPENLY POORLY PRIMLY PROMPTLY PROUDLY PURELY QUICKLY QUIETLY RAPIDLY RARELY READILY RICHLY RIGHTLYOUH ROUGHLY ROUNDLY RUDELY SADLY SAFELY SHARPLY SHORTLY SHYLY SLIGHTLY SLOWLY SMOOTHLY SOFTLY SOLELY SOLIDLY SORELY SOUNDLY SOURLY SPARSELY SPEEDILY STARKLY STEADILY STERNLY STIFFLY STOUTLY STRICTLY STRONGLY STURDILY SUBTLY SWIETLY TAMELY TAUTLY TENSELY THICKLY THINLY TIGHTLY BIG AND IT RAN ACROSS THE FIELD
qwen17b,wr_blue_t4_k048,0,word_rep,t4,48,48,55,blue,103,25.12,97,nan,nan,nan,nan,314,False,,nan,nan,True,97,overcount,0,THE LIGHT WAS BLUE BLUE BLUE BLUE BLUE BLUE BLUE BLUE BLUE BLUE BLUE BLUE BLUE BLUE BLUE BLUE BLUE BLUE BLUE BLUE BLUE BLUE BLUE BLUE BLUE BLUE BLUE BLUE BLUE BLUE BLUE BLUE BLUE BLUE BLUE BLUE BLUE BLUE BLUE BLUE BLUE BLUE BLUE BLUE BLUE BLUE BLUE BLUE BLUE BLUE BLUE BLUE BLUE BLUE BLUE BLUE BLUE BLUE BLUE BLUE BLUE BLUE BLE BLUE BLUE BLUE BLUE BLUE BLUE BLUE BLUE BLUE BLUE BLUE BLUE BLUE BLUE BLUE BLUE BLUE BLUE BLUE BLUE BLUE BLUE LUE BLUE BLUE BLUE BLUE BLUE BLUE BLUE BLUE BLUE BLUE BLUE BLUE BLUE B
qwen17b,wr_blue_t4_k064,0,word_rep,t4,64,64,71,blue,77,21.44,70,nan,nan,nan,nan,268,False,,nan,nan,True,70,overcount,0,THE LIGHT WAS BLUE BLUE BLUE BLUE BLUE BLUE BLUE BLUE BLUE BLUE BLUE BLUE BLUE BLUE BLUE BLUE BLUE BLUE BLUE BLUE BLUE BLUE BLUE BLUE BLUE BLUE BLUE BLUE BLUE BLUE BLUE BLUE BLUE BLUE BLUE BLUE BLUE BLUE BLUE BLUE BLUE BLUE BLUE BLUE BLUE BLUE BLUE BLUE BLUE BLUE BLUE BLUE BLUE BLUE BLUE BLUE BLUE BLUE BLUE BLUE BLUE BLUE BLUE BLUE BLUE BLUE BLUE BLUE BLUE BLUE BEFORE THE STORM ARRIVED
qwen17b,wr_blue_t4_k096,0,word_rep,t4,96,96,103,blue,164,35.6,152,nan,nan,nan,nan,445,False,,nan,nan,True,152,overcount,0,THE LIGHT WAS BLUE BLUE BLUE BLUE BLUE BLUE BLUE BLUE BLUE BLUE BLUE BLUE BLUE BLUE BLUE BLUE BLUE BLUE BLUE BLUE BLUE BLUE BLUE BLUE BLUE BLUE BLUE BLUE BLU BLUE BLUE BLUE BLUE BLUE BLUE BLUE BLUE BLUE BLUE BLUE BLUE BLUE BLUE BLUE BLUE BLUE BLUE BLUE BLUE BLUE BLUE BLUE BLUE BLUE BLUE BLUE BLE BLUE BLUE BLUE BLUE BLUE BLUE BLUE BLUE BLUE BLUE BLUE BLUE BLUE BLUE BLUE BLUE BLUE BLU BLUE BLUE BLUE BLUE BLUE BLUE BLUE BLUE BLUE BLUE BLUE BLUE BLUE LUE BLUE BLUE BLUE BLUE BLUE BLUE BLUE BLUE BLUE BLUE BLUE BLUE BLUE BLUE BLUE BLUE BLUE BLUE BLUE BLUE BLUE BLUE BLUE BLUE BLUE BLUE BL BLUE BLUE BLUE BLUE BLUE BLUE BLUE BLUE BLUE BLUE BLUE BLUE BLUE BLUE BLUE BLUE BLUE BLUE BLUE BLUE BLUE BLUE BLUE BLUE BLUE BLUE BLUE BLUE BLUE BLUE BLUE BLUE BLUE BLUE BLUE BLUE BLUE BLUE BLUE BLUE BLUE BEFORE THE STORM ARRIVED
qwen17b,wr_blue_t4_k128,0,word_rep,t4,128,128,135,blue,1028,655.28,558,nan,nan,nan,nan,8191,False,,nan,nan,True,558,overcount,0,THE LIGHT WAS BLUE BLUE BLUE BLUE BLUE BLUE BLUE BLUE BLUE BLUE BLUE BLUE BLUE BLUE BLUE BLUE BLUE BLUE BLUE BLUE BLUE BLUE BLUE BLUE BLUE BLUE BLUE BLUE BLUE BLUE BLUE BLUE BLUE BLUE BLUE BLUE BLUE BLUE BLUE BLUE BLUE BLUE BLUE BLE BLUE BLUE BLUE BLUE BLUE BLUE BLUE BLUE BLE BLUE BLUE BLUE BLUE BLU BLUE BLUE BLUE BLUE BLUE BLUE BLUE BLUE BLUE BLUE BLUE BLUE BLUE BLUE BLUE BLUE BLUE BLUE BLUE BLUE BLUE BLUE BLUE BLE BLUE LUE BLUE BLUE BLUE BLUE BLUE BLUE BLUE BLUE BLUE BLUE BLUE BLUE BLUE BLUE BLUE BLUE BLUE BLUE BLUE BLUE BLUE BLUE BLUE BLUE BLUE BLUE BLUE BLUE BLUE BLUE BLUE BLUE BLUE BLUE BLUE BLUE BLUE BLUE BLUE BLUE BLUE BLUE BLUE BLUE BLUE BLUE BLUE BLUE BLUE BLUE BLUE BLUE BLUE BLUE BLUE BLUE BLUE BLUE BLUE BLUE BLUE BLUE BLUE BLUE BLUE BLUE BLUE BLUE BLUE BLUE BLUE BLUE BLE BLUE BLUE BLUE BLUE BLUE BLUE BLUE BLUE BLUE BLUE BLUE BLUE BLUE BLUE BLUE BLUE BLUE BLUE BLUE BLUE BLUE BLUE BLUE BLUE BLUE BLUE BLUE BLUE BLUE BLUE BLUE BLUE BLUE BLUE BLUE BLUE BLUE BLUE BLUE BLUE BLUE BLUE BLUE BLUE BLUE BLUE BLUE BLUE BLUE BLUE BLUE BLUE BLUE BLUE BLUE BLUE BLUE BLUE BLUE LUE LUE BLUE BLUE BLUE BLUE BLUE BLUE BLUE BLUE BLUE BLUE BLUE BLUE BLUE BLUE BLUE BLUE BLUE BLUE BLUE BLUE BLUE BLUE BLUE BLU BLUE BLUE BLUE BLUE BLE BLUE BLUE BLUE BLUE BLUE BLUE BLUE BLUE BLUE BLUE BLUE BLUE BLUE BLUE BLUE BLUE BLUE BLUE BLUE BLUE BLUE BLUE BLUE BLUE BLUE BLUE BLUE BLUE BLUE BLUE BLUE BLUE BLUE BLUE BLUE BLUE BLUE BLUE BLUE BLUE BLUE BLUE BLUE BLUE BLUE BLUE BLUE BLUE BLUE BLUE BLUE BLUE BLUE BLUE BLUE BLUE BLUE BLUE BLUE BLUE BLUE BLUE BLUE BLUE BLUE BLUE BLUE BLUE BLUE BLUE BLUE BLUE BLUE BLUE BLUE BLUE BLUE BLUE BLUE BLUE BLUE BLUE BLUE BLUE BLUE BLUE BLUE BLUE BLUE BLUE BLUE BLUE BLUE BLUE BLUE BLUE BLUE BLUE BLUE BLUE BLUE BLUE BLUE BLUE BLUE BLUE BLUE BLUE BLUE BLUE BLUE BLUE BLUE BLUE BLUE BLUE BLUE BLUE BLUE BLUE BLUE BLU BLUE BLUE BLUE BLUE BLUE BLUE BLE BLUE BLUE BLUE BLUE BLE LU BLUE BLUE BLUE BLE BLUE BLUE BLE BLUE BLUE BLUE BLUE BLUE BLUE BLE BLUE BLUE BLUE BLE BLUE BLUE BLUE BLE BLE BLU BLE BLUE BLUE BLUE BLUE BLUE BLUE BLE BLUE BLUE BLUE BLUE BLUE BLUE BLE BLUE BLUE BLUE BLUE BLUE BLUE BLUOE BLUE BLUE BLUE BLUE BLUE BLE BLUE BLUE BLUE BLUO BLUE BLUE BL BLUO BLUE BLUE BLUE BLUE BLUE BLU BLUE BLUE BLUE BLUOE BLUE BLUE BLUE BLUE BLUE BLUE BLUOE BLUE BLUO BLUE BLUE BLUE BLUE BLUE BLE BLUE BLE BL BLU BLUE BLUE BLUE BLUE BLUE BLUE BLU BL BLAME BLM BLU BLUE BLUE BLUM BLU BLUE BLUE BLUM BLOM BLM BLUM BLOME BLUME BLU BL BLUE BLUE BLUE BLUE BLUE BLE BLUM BLUM BLM BLU BLUE BLAME BLOME BLE BLUM BLAM BLAME BLM BLUME BLUME LU BLUME BL BLU BLU BLU BLU BLU BLU BLM BLUME BLM BLUM BLUME BLME BLAM BLUE BLAME BLAME BLAME BLME BLAME BLUM BLUM BLUME BLOM BLM BL BLE BLME BLM BLAE BLAM BLME BLAME BLAM BLAMEBLAME BLAME BLUM BLU BLME BLAME BLAME BLA BLAME BLAME BLM BLAME BLAME BLE BLME BLAME BLM BLUME BLUME BLUM BLME BL BLAM BLAME BLU BLAM BLUME BLAME BLAME BLM BLA BLM BLME BLUME BLUBL LIBLBLIBL BLMBLIMBLILBLILILILN BLBLBLMBLBLBLIBL BL BLM BL LBLILBLLBLBLBLLBLBLBLIBLIBL BLBLBLI BLIBLIMLLLLBBLBLLILMLIBLLIBL LBLI BLIBLNBL BLBLIBLILIL BLI LBL BLI BLLLBLI IBLLLIBLLIMBL LBLI LBLBL BLILI BLIBL LBLI BL BLBLIB LIL BLMLIBLLILBLIL BLIBL L LIL LLLI LLI BLILI LI BLINLIBLILIL BLUE BLUE BLUE BLE BLUE BLE BLUE BLUE BLUE BLE BLUE BLUE BLE BLUE BLUE BLUE BUE BLU BLUE BLE BLE BLUM BL BLU BLUE BLE BLUE BLUE BLUE BLUE BLUE BLUE BLUE BLE BLUE BLUE BL BLE BL BLE BLUE BL BLU BLU BLU BL BLU BL BLM BLUM BLM BLUM BL BL BLUE BLE BLE BLE BLUE BLUM LOM LM BLU L BLM M LUM BLO BLO LM LM LLUM LM LIM LOM L LM LU LU LU BLUM BLBL LUM BLUM BLU BL BLE BLU BLM BLUM BLUE BLU LE BL BLU BLM BLUM BLU LUM LM L LU LM LI LUM LUM L LI LO L L LO M LUM LUM LUM LM LOM IM L L I IM LO LO O ONE  LU BL BUL  ON O  AO  O  O AN N IIM EBLUBLUE BLUE BLUE BLUE BLUE BLUE BLUE BLUE BLUE BLUE BLUE BLUE BLUE BLUE BLUE BLUE BLUE BLUE BLUE BLUE BLUE BLUE BLUE BLUE BLUE BLUE BLUE BUE BLUE BLUE BLUE BLUE BLUE BLUE BLUE BLUE BLUE BLUE BLUE BLUE BLUE BLUE BLUE BUE BLUE BLUE BLUE BLUE BLUE BLUE BLUE BLUE BLUE BLUE BLUE BLUE BLUE BLUE BLUE BLUE BLUE BLUE BLUE BLUE BLUE BLUE BLUE BLUE BLUE BLUE LUE BLUE BLUE BLUE BLUE BLUE BLUE BBLE BLUE BLUE BLUE BLUE LUE BLUE BLUE BLUE TO WE E   E WOM O OO O OREIEEIIIAEEOEEEEOEEEIEE IE THEYE I BEE IN O WOR OARIN R ESE    ELAS RINAN BOB    IEO TEEEITN  ET   E STANDIN TA E E D WE E OEA O TEN TON DTHEOL N    AONACO OUT EAONII TETITNDITETIIEEETEIIINTINILDEN WITH THEPANTEEEEEAAII EIA WHAT I AAITEEEAITEARTENEBANINEDE AATOATIN EI  BE OIE  ISAOTE ONE A POTRAA ANTERO AOU IEE ERY LONI ANGER N P OA T   E HHER     BLET TO  D T TI T T BN ITT BLBL TE   B BBLE  BLUBLBL B B BL BLBL LU BL B BL B  BU B BL BBL LBL BLL   E W LU BL BL  BIER ME BEB ABLE BL BLB BII TI  AD TTTT DT TTTT T BL BL BLU BL MDN  BU B  BU BU BLU BLU BLU B E DE O THE CA T N H PORTO RR OF  IM  PROM  SPET TEN N  ATTRACTV     B B BL BL  BLU BLBD DDD D D D DD D D     D THEIR PANT     RT THE WOLDING TINS WIND O TO BO BO DO BLE B O ELEVENEN OCLOCK OR IT RIE
qwen17b,wr_far_t3_k048,0,word_rep,t3,48,48,56,far,63,22.24,55,nan,nan,nan,nan,278,False,,nan,nan,True,55,overcount,0,HE WALKED FAR FAR FAR FAR FAR FAR FAR FAR FAR FAR FAR FAR FAR FAR FAR FAR FAR FAR FAR FAR FAR FAR FAR FAR FAR FAR FAR FAR FAR FAR FAR FAR FAR FAR FAR FAR FAR FAR FAR FAR FAR FAR FAR FAR FAR FAR FAR FAR FAR FAR FAR FAR FAR FAR FAR INTO THE FOREST BEFORE TURNING BACK
qwen17b,wr_far_t3_k064,0,word_rep,t3,64,64,72,far,84,27.76,76,nan,nan,nan,nan,347,False,,nan,nan,True,76,overcount,0,HE WALKED FAR FAR FAR FAR FAR FAR FAR FAR FAR FAR FAR FAR FAR FAR FAR FAR FAR FAR FAR FAR FAR FAR FAR FAR FAR FAR FAR FAR FAR FAR FAR FAR FAR FAR FAR FAR FAR FAR FAR FAR FAR FAR FAR FAR FAR FAR FAR FAR FAR FAR FAR FAR FAR FAR FAR FAR FAR FAR FAR FAR FAR FAR FAR FAR FAR FAR FAR FAR FAR FAR FAR FAR FAR FAR FAR FAR INTO THE FOREST BEFORE TURNING BACK
qwen17b,wr_far_t3_k096,0,word_rep,t3,96,96,104,far,145,49.84,137,nan,nan,nan,nan,623,False,,nan,nan,True,137,overcount,0,HE WALKED FAR FAR FAR FAR FAR FAR FAR FAR FAR FAR FAR FAR FAR FAR FAR FAR FAR FAR FAR FAR FAR FAR FAR FAR FAR FAR FAR FAR FAR FAR FAR FAR FAR FAR FAR FAR FAR FAR FAR FAR FAR FAR FAR FAR FAR FAR FAR FAR FAR FAR FAR FAR FAR FAR FAR FAR FAR FAR FAR FAR FAR FAR FAR FAR FAR FAR FAR FAR FAR FAR FAR FAR FAR FAR FAR FAR FAR FAR FAR FAR FAR FAR FAR FAR FAR FAR FAR FAR FAR FAR FAR FAR FAR FAR FAR FAR FAR FAR FAR FAR FAR FAR FAR FAR FAR FAR FAR FAR FAR FAR FAR FAR FAR FAR FAR FAR FAR FAR FAR FAR FAR FAR FAR FAR FAR FAR FAR FAR FAR FAR FAR FAR FAR FAR FAR FAR FAR INTO THE FOREST BEFORE TURNING BACK
qwen17b,wr_far_t3_k128,0,word_rep,t3,128,128,136,far,151,48.32,143,nan,nan,nan,nan,604,False,,nan,nan,True,143,overcount,0,HE WALKED FAR FAR FAR FAR FAR FAR FAR FAR FAR FAR FAR FAR FAR FAR FAR FAR FAR FAR FAR FAR FAR FAR FAR FAR FAR FAR FAR FAR FAR FAR FAR FAR FAR FAR FAR FAR FAR FAR FAR FAR FAR FAR FAR FAR FAR FAR FAR FAR FAR FAR FAR FAR FAR FAR FAR FAR FAR FAR FAR FAR FAR FAR FAR FAR FAR FAR FAR FAR FAR FAR FAR FAR FAR FAR FAR FAR FAR FAR FAR FAR FAR FAR FAR FAR FAR FAR FAR FAR FAR FAR FAR FAR FAR FAR FAR FAR FAR FAR FAR FAR FAR FAR FAR FAR FAR FAR FAR FAR FAR FAR FAR FAR FAR FAR FAR FAR FAR FAR FAR FAR FAR FAR FAR FAR FAR FAR FAR FAR FAR FAR FAR FAR FAR FAR FAR FAR FAR FAR FAR FAR FAR FAR FAR INTO THE FOREST BEFORE TURNING BACK
qwen17b,wr_very_t1_k048,0,word_rep,t1,48,48,58,very,77,38.4,63,nan,nan,nan,nan,480,False,,nan,nan,True,63,overcount,0,THE DOG WAS VERY VERY VERY VERY VERY VERY VERY VERY VERY VERY VERY VERY VERY VERY VERY VERY VERY VERY VERY VERY VERY VERY ERY VERY VERY VERY VERY VERY VERY VERY VERY VERY VERY VERY VERY VERY VERY VERY VERY VERY VERY ERY VERY VERY VERY VERY VER VERY VERY VERY VERY VERY VERY VERY VERY VERY VERY VERY VERY VERY VERY VERY ERY VERY VERY VERY VERY BIG AND IT RAN ACROSS THE FIELD
qwen17b,wr_very_t1_k064,0,word_rep,t1,64,64,74,very,114,31.92,35,nan,nan,nan,nan,399,False,,nan,nan,True,35,undercount,0,THE DOG WAS VERY VERY VERY VERY VERY VERY VERY VERY VERY VERY VERY VERY VERY VERY VERY VERY VERY VERY VERY VERY VERY VERY VERY VERY VERY VERY VERY VERY VERY VERY VERY VERY VERY VERY VTEREYND THEREAND THERE AND THERE AND VHERE AND THERE AND THERE AND THERE AND THERE AND THERE AND THERE AND THERE AD THERE AND THERE AD THERE AND THERE AND THERE AND THERE AND THERE AND THERE AND THERE AND THERE AND THERE AND THERE AND THERE AND THERE AND THERE AND THERE AND THERE AND THERE AND THERE AND THERE AND THERE AND THERE AND THERE AND THERY VERY BIG AND IT RAN ACROSS THE FIELD
qwen17b,wr_very_t1_k096,0,word_rep,t1,96,96,106,very,626,655.28,170,nan,nan,nan,nan,8191,False,,nan,nan,True,170,overcount,0,THE DOG WAS VERY VERY VERY VERY VERY VERY VERY VERY VERY VERY VERY VERY VERY VERY VERY VERY VERY VERY VERY VERY VERY VERY VERY VERY VERY VERY VERY VERY VERY VERY VERY VERY VERY VERY VERY VERY VERY VERY Y VERY VERY VERY VERY VERY VERY VERY VERY VERY VERY VERY VERY VERY VERY VERY VERY VERY VERY VERY VERY VERY VERY VERY VERY VERY VERY VERY VERY VERY VERY VERY VERY VERY Y VERY VERY VERY VERY VERY VERY VERY VERY VERY VERY VERY VERY VERY VERY VERY VERY VERY VERY VERY VERY VERY VERY VERY VERY VERY VERY VERY VERY VERY VERY VERY VERY VERY VERY VERY VERY VERY ERY VERY VERY VERY VERY VERY VERY VERY VERY ERY VERY VERY VERY VERY ERY VERY VERY VERY VERY VERY VERY VERY VERY VERY VERY VERY VERY VERY VERY VERY VERY VERY VERY VERY ERY ERY VERY VERY VERY VERY VERY ERY VERY VERY ERY VERY VERY VERY VERY VERY VERY ERY VERY VERY VERY VERY VERY VERRY MARRIED MARRIED MARRIED MARRIE MARRIED MARRIED MARRIED MARRIED MARRIED MARRIED MARRI MARRIED MARRIED MARRIED MARRIED MARRID MARRIED MARRIED MARRIE MARRIED MARRED MARRIED MARRIED MARRIED MARRIE MARRIED MARRIED MARRED MARRIED MARRIED MARRIED MARRID MARRIED MARRIES MARRIES MARRIES MARRIES MARRIES MARRIES MRRIES MARRIES MARRIES MARRIE MARRIES MARRIES MARRIES MARRIES MARRIES MARRIES MARRIES MRRIES MARRIES MARRIES MARRIES MARRIE MARRIES MARRIES MARRIES MARRIES MARRIES MARRES MARRIES MARRIES ARIR VARI VERI ARI ER VERI ERY VAR ARI RI VR VERI RI VARY VRI VERI VERYRI VR VER R VERI VRI VERARRYRY ERARI CARRID N CARRI IN  ARRIG N CRRI IN CARRIG IN CARRI AN CRRIG N CRRIG IN ARIG AN CARRI IN CARRI N CRRI AN CARRI A ARRI N CARRIG AN CARRI N CARR N CRRIG AN ARR N CARIG IN CRRIG AN ARRIG N ARR AN CARRIG N CARRIG N ARRIG N ARRIG AN CRRIG AN CRRG N CARRIG IN CARRIG IN CARRI CARRIAGE IN E ARRIAGE I TH CARRIAGE IN HE CARRIAGE IN THE CARRIEGE IN THE CARRIAGE IN TH CARRIAGE IN THE CARRIAGE IN THE CARRIAGE N TH CARRIAG IN THE CARRIAGE IN E CARRIAGE I THE CARRIAGE IN H CARRIAGE N TH CARRIAGE IN E CARRIAGE IN HE CARRIAGE IN TH CARRIAGE IN TE CRRIAGE I THE CARRIAGE IN TE CARRIAGE IN HE CARRIAGE IN THE CARRIAG N TH CARRIAG N E CARRIAGE IN TE CARRIAGE IN T CARRIAG IN H CARRIG ININ T CARRIEGE N THE CARRIAG IN E CARRIED IN II NOT TII  DI TI OT NG OT TDO NT II NO DIO DOIN O TOG NOT IDIN  TIDING N IIDO NO ADI OTTI NOT ADO NT TD OT IDNG TAIN TTINN TIDI O IN A IDIN OTIDOG AT TIDON TII TIG O IDOI OT ID O I DI OT TIIN I OI TIID IID D TIDI T TI IIDIID I IDT  TI ID TITID TID D TTI I II TI ANADNAN A  AD AI  INAAAIA ADA N ADI VE EDA IMA ARNCANT  AN  N  CNCANCANAN CAN CNCN ND CANCAN  CNCAN CAN  CARN CANPARNT  AN ARNHNCN N PANCAN CARN  H CRNT TEARTE CAR TE CAR E AR  CARTCA ECAT  TE CTECA TCICITHECA THE CATHECAT CAR THEARTE CA TECA E TE CATCTECATE A OM TIMI OM ARARARAYARARAVERY VERY VERY VERY VERY VERY VERY VERY VERY ERY VRY VERY VERY VERY VERY VERY VERRY R TIY TEI IY TRRY TEY ER ERYRYRYERY ERYRY NEREY ERY ERYVER VREYERYVRY RY ERYE ARYAREEE  ARY EI AIAAIIIIIIIIIA IA TI IE T T I TIE TI TIE TI TIETETI I EIEIEI TIE IEIE TI TE TE TIE TIME TIME TIE TIE T HARTNARNARARI ARDE RN ARVERITHRNTFOR ARCARN THE FORE RN ASINFORE ONERPER ITBEE GS WS AR S RO T N ARICA OR OF A  PNG OEN WER WIT EE WODEN
qwen17b,wr_very_t1_k128,0,word_rep,t1,128,128,138,very,1406,655.28,120,nan,nan,nan,nan,8191,False,,nan,nan,True,120,undercount,0,THE DOG WAS VERY VERY VERY VERY VERY VERY VERY VERY VERY VERRY VERY VERY VERY VERY MERY MERRY MERRY MERRY MERRY MERRY MERRY MERRY MERRY MERRY MERRY MERRY MERRY MERRY MERRY MERRY MERRY MERRY MERRY MERRY MERRY MERRY MERRY MERRY MERRY MERRY MERRY MERRY MERRY MERRY MERRY MERRY MARRY MARRY MARRY MARRY MARRY MARRY MARRY MARRY MARRY MARRY MARRY MARRY MARRY MARRY MARRY MARRY MARRY MARRY MARRY MARRY MARRY MARRY MARRY MARRY MARRY MARRY MARRY MARRY MARRY MARY MARRY MARRY MARR MARRY MARRY MARRY MARRY MARRY MARRY MARRY MERY MERY MERY MERY MERY MERRY MERY MERRY MERY MERY MERRY MERY MERY MERY MERRY MERY MERRY MERRY MERRY MERRY MERRY MERY MERY MERY MERY MERY MERY MERY MERRY MERRY MERRY MERRY MERRY MERRY MERRY MERRY MERY MERY MERY VERY VERY ERY VERY VERY  VERY VERY  ERY VERY VERY VERY VERY VERY VERYVERY VERY VRY VERY VERY VERY VERY VERY VERY VERY VERY VERY VERY VERY VERY VERY VERYVVERY VERY VERY VERY VERY VERY VERY VERY BEARING BEARING BEARIN BEARING BEARING BEARING BEARING BEARING VEARING VERY VEARING BEARING BEARING BARING VERYG VERYNG VEARYG VARING EARING VEARING EARING BEARING BEARING VERING VERY BERY VERY VERY VERY VERY VERY VERY VERY VERY ERY VERY VERY VERY VERY VERY VERY VERY VERY VERY VERY VERY VERY VERY VERY VERY VERY VERY VERY VERY VERY VERY VERY VERY VERY ERY VERY VERY VERY VERY VERY VERY VERY VRY VERY VERY VRY VRY VRY VERY VERY ERY VERY VRY VRY VERY VERY VERY VERY VERY VERY VERY VERY VERY VERYVR GORY GLORY GLORY GLORY GLORY GLORY GLORY GLORY GLORY GLORY GLORY GLORY GLORY GLORY GLORY GLORY GLORY GLORY GLORY GLORY GLORY GLORY GLORY GLORY GLORY GLORY GLORY GLORY GLORY GLOR GLORY GLORY GLORY GLORY GLORY GLORY GLORY GLORY GLORY GLORY GLORY GLORY GLORY GLORY GLORY GLORY GLORY GLORY GLORY GLOR GLORY GLORY GLORY GLOR GLORY GLORY GLORY GLORY GLORY GLORY GLORY GLORY GLORY GLOR GLORY GLORY GLORY GLORY GLORY GLORY GLORY GLORY GLORY GLORY GLORY GLORY GLORY GLORY GLOR GLORY GLORY GLORY GLORY GLORY GLORY GLORY GLORY GLORY GLORY GLORY GLORY GLORY GLORY GLOR GLORY GLORYOR BRAINS THE BRAINS HE BRAINS BRAINS BRAINS BRAINS BRAIN BRAINS BRINS BRAINS BRAINS BRAINS BRAINS BRAINS BRAINS BRAIN HE BRAINS BRAINS BRAINS HE BRAINS BRAIN BRAINS BRANS H BRAINS BRAINS THE BRAINS HE BRAINS TE BRAINS BRAINS BRAINS BRAINS BRAIN BRAINS BRAINS BRAINS BRAINS BRAIN BRAINS BRAINS BRAINS BRAINS BRAINS BRAINS BRAINS BRAINS BRAINS BRAINS H BRAINS BRAINS BRAIN LIBRIN LIBRIN LIBRIN LIBRIN LIRIN LIBERIN LIBRIN LIRIN LIRIN LIBRIN LIBERIN LIBERIN LIERIN LIGRIN LIBRIN LIERIN LIERIN LIRIN LIBERIN IBRIN LIERIN LIBRIN LIBRIN LIERIN LIRIN LIBERIN LIBRIN LIBRIN LIBRIN LIBERN LIBRIN LIBRIN LIBRIN LIBRN LIBERIN LIERIN IBRIN LIERIN LIBERIN LIERIN LIBRIN LIERIN LIERIN LIBERIN LIERIN LIBERIN LIRIN LIBERIN LIR REN GREEN GREEN  GREEN  REEN  GREEN  GREN  GREEN GRN GREN REEN REN GREEN GREEN GREN GREEN  GREN GREEN GREN RN GREEN REEN RENREEN GREN REE REN H RN GREEN REEN  GREEN GREN GREN REENGRE GREEN REEN GREN BREN REN RN GREEN GREE GREN GREN GREEN GREENGREENRN LRY VOR LRY LORY LRY RY LRY LOR RY LORY LOR LR LRY LRY LRY LR LORY LRLRY LR R LORY LRY LRY LRY LR LORY LRY LR LRY LRY LR LRY LORY IR RY LRY LR LR LR LIRY LORY LR OR LRLRY LRY R RN LIERY AND LIR AND LIKERY AND LIRY AND LIKERY AND LIERY ND LIKR AND LIKERY AND LIERY ND LIKERY AND LIKERY AND LIRY AND LIERY AND LIKERY AND LIERY AND LIKRY AND LERY AND LIRY AND LIRY AND LIERY AND LIKERY AND LIKERY AND LIKERY AND LIKR AND LIKRY ND LIERY AND LIKRY AND LIKERY AND LIKERY AND LIKERY AND LIERY AND LIRY AND LIKERY AND LIKERY AND LIKERYAND LIKORY AND LIRY AND LIKERY AND LIRY AND LIKERY AND LIERY AND LKER AND LIERY AND LIRY AND LIERY AND LIKERY AND LIKERY AND LIKERY AND LIKERY AND LIKER AND LIKERY AND LIKRY AND LIKORY AND LIKRY AND LIKRY ND LIKRY AND LIKER AND LICKRY AND LIKURY AND LIKR AND LIKORY AND LIRY AND LIORY AND LIKERY AND LIORY AND LIKERY AND LIKRY AND LIKRY AND LICKERY AND LICKORY ND LIRY AND LIKOR AND LIOR AND LICKORY AND LIKOR AND LIKORY AND LICKRY AND LIRY AND LICKRY AND LIKORY AND LIKORY AND LIORY AND LIKERY AND LIRY AND LIKOR AND LICKER AND LIKORY AND LIORY AND LIKORY AND LICKRAND LIKERY AND LIKERY AND LIOR AND LIKERY AND LIKRY AND LIKORY AND LITERY AND LIERY AND LIR AND LIKERY D LIKERY AND LIKERY AND LIKERY AND LIKERY AND LIKRY AND LIKERY AND LIKERY AND LIERY AND LIKERY AND LIKERY AND LIKERY AND LIKERY AND LIKERY AND LIKRY ND LIKRY AND LIKER AND LIKRY AND LIKERY AND LIKERY AND LIKRY AND LIKERY AND LIKERY AND LIKRY AND LIKERY AND LIKRY AND LIKERY AND LIERY AND LIKERY ANN LIRY AND LIKERY AND IRY AND LIKERY AND LIRY AND LIKRY AND LIKERY AND IKERY AND LIKRY AND LIKERY AND LIRY AND LIERY AND LIORY AND LIKERY AND LIKERY AND LIKERY AND AN LITRY AND WATERY AND LITERY AND ITR AND LIKERY AN LITERY AND LIKERY AND LIKERY AND LARY AND LTERY AND LTRY AND LITER AND LITERY AND IKERY AND LIKRY AND IKRY AND LIKERY AND LIKRY AND IKRY AND LITRY AND LIKERY AND LIKERY AND LIKERY AND LIKRY AND LIKRY AND LIKER ALITRYD LIKRYAND LIKERY AND LIKRY ND LIKRY AND LIKERYAND LKERY AND LIKERY AND LITERY AN LI D LRY AND LITERY ND LIERY AND LITRY AND LIKERY AND LIKERY AND LIKERY AND LIERY AND LKERY AND LIKRY AND LIKERY AN AN LIKORY AND LIR AND LIKOR AND LIKR AND LIKOR AND LICRY AND LIOR AND LICORY AND LIKR AND LICRY AND LIKORY AND LIKRY AN LICOR ND LIR AN LIKORY AND LIKRY ND LIKOR ND LIKORY AND LICRY AND LIIRY AND LIKOR AN LIORY AN LICR AN LICORY AND LIRY AND LIRY AND LICORY AND LIKORY ANDD LIKRY AND LIR AND LIRY AND LIORY AND LIKRY AND LIRY ND LICRY AND LIKORY AND LIRY AN LICORY AND LICR AND LIUR AND LIORY AN LIKN IOR AND LIRY AND LIKR AND LICORY AND LICREN LICREN REN GREENREN GREENGREN GRNRN RN REENGREERENGRENRN RNRN REENRENRN RN GRENREEN GENREEN GREN REENREEN REREEN  GREN GREN REN REN RNRN REN HRN RNRENREENRNRNGREN RNGREN RNGRENGRENR AN WATRY AND LATER AND LATRY AND LATRY AND LATERY AN WATERY AD LATRY AND LATARY AN LATR AND LTRY AND LAERY AND LATER AND LWATRY AND LATERY AND LATRY AND WATERY AND LATERY AND LATERY AND WLAER AND LATERY AND LTERY AND LATERY AND LATRY AND LTRY AND WTY AND LTERY AND LATERY AND LTERY AND ATER AND LAERY AND LARY ND LATRY AND WATERY AND LTERY AND LATRY AND LATERY AND ATERY AND WLATR AND LTERY AND LATRY AND LATERYR AND ARY AND LATRY AND LARY AND LATERY AND LRAN GEEN GREENS  GREEN REEN REENREEN GREEN GREENGRENGREEN GREN GREENREN GREN GREEN RE REENRENGREEN GREENGREEN RENTRENTREEN RENRN REEN GREEN RENGEN GREEN GREEN RENREEN RE REEN GREEN GREENGREEN REN REEN GREEN GREEN GREENGREEN GREEN N RN RN RN N RN WN RNR N RN RN RN RN RN RNRN RNRN RN RN RN N N RN N RN RNRN RN N TRN RNRWTR RN RN RN RNRNRN RN RN RN RN WRN WR AN WRY AND WATRY AND WATRY AND WATRY AND WATRY ND WATRY AND WARY AND WATRY AND WARY AND WATERY AND WATRY AND WARY AND WATERY AND WAERY AND WAERY AND WATRY AND WAERY AND WTERY AND WTRY AND WATERY AND WATRY AND WATERY AND WATERY AND WAR AND ATR AND WARY AND WATRY AND WAR AND WRY AND WATRYAND WTRY AND ATRY AND WATRY AND WATERY AND WATERY AND WATERY AND WARY AND WATR ND WARY AND WATERY AND WAR AND WTRYAND WATERY AND WATER AND WATRY AND WATRY AND WAR AND VERYAN VRY AND VERY AND VER A VERY AND VERY AD ERY NDVERY AND VR AD VERY AND VRY AND VERY AND VERY ND VERY AND VERY AND VERY AND VERY AND ER AND VERY AND VRY AND VERY AND ERY AND VERY AND VER AND VRY AND VERY AND VERYAN VER AND VERY AND VRY AND VR AND VERY AND VR AND VERY AND VERY AND VERY ND VRY AND VERY AND VEVER R NVNVRN V INVE NV IN  N VNV N V IN VN VE VEIN VEIN VN VE VER VEY VITNN JOY  O O R A LUKY WAT I GOGOONO ONES
