model,item_id,seed,family,template,k,expected_count,expected_words,target_unit,n_words,duration_s,count_a,rms,spectral_flatness,trailing_silence_s,loop_ac_peak,n_speech_tokens,hit_cap,count_b,expected_duration_s,duration_ratio,agree,count_final,outcome,correct,transcript
llasa1b,ct_no_t2_k02,0,control_word,t2,2,2,12,no,4,30.02,0,2.2771615476813167e-05,0.14840535819530487,6.25e-05,2.5379657131452404e-07,1501,False,43,4.747999999999999,6.322662173546758,False,43,empty,0, Thank you. Thank you.
llasa1b,ct_no_t2_k03,0,control_word,t2,3,3,13,no,1,19.36,0,0.007005299907177687,0.10305429995059967,4.8696875,0.5031045079231262,968,False,26,5.359999999999998,3.6119402985074642,False,26,loop,0, um
llasa1b,ct_no_t2_k04,0,control_word,t2,4,4,14,no,1,17.52,0,2.2480364350485615e-05,0.1638914793729782,6.25e-05,9.409760792777888e-08,876,False,23,5.971999999999996,2.9336905559276643,False,23,empty,0, you
llasa1b,ct_no_t2_k06,0,control_word,t2,6,6,16,no,1,17.46,0,2.288927680638153e-05,0.16327868402004242,6.25e-05,6.119089590583826e-08,873,False,23,7.1959999999999935,2.4263479710950553,False,23,empty,0, you
llasa1b,ct_no_t2_k08,0,control_word,t2,8,8,18,no,12,40.96,0,0.14360280334949493,0.02153446339070797,11.72775,0.8180242776870728,2048,True,61,8.419999999999991,4.864608076009507,False,61,loop,0," She said, yeah, maybe she'll find a good way. Thank you."
llasa1b,ct_no_t2_k12,0,control_word,t2,12,12,22,no,6,40.96,1,0.005885343067348003,0.0086783142760396,0.96475,0.2739226222038269,2048,True,61,10.867999999999984,3.7688627162311428,False,61,loop,0," He said, uh, yes. Thank you."
llasa1b,ct_no_t2_k16,0,control_word,t2,16,16,26,no,15,18.24,13,0.10997333377599716,0.02512916550040245,0.226125,0.28531843423843384,912,False,24,13.315999999999981,1.3697807149294101,False,24,undercount,0," She said, yes, maybe sure, fine, okay. Well, right. Hmm. Yes, maybe sure, fine, okay."
llasa1b,ct_very_t1_k02,0,control_word,t1,2,2,12,very,4,4.96,1,0.006739546079188585,0.04865487292408943,0.26425,0.251257985830307,248,False,2,5.890000000000001,0.8421052631578947,True,1,undercount,0, The dog was quite
llasa1b,ct_very_t1_k03,0,control_word,t1,3,3,13,very,2,16.84,0,0.00012955420243088156,0.18107227981090546,14.8915625,0.07357238978147507,842,False,6,8.835,1.9060554612337293,False,6,empty,0, Thank you.
llasa1b,ct_very_t1_k04,0,control_word,t1,4,4,14,very,12,10.78,1,0.026185723021626472,0.019035905599594116,3.6725625,0.18629002571105957,539,False,4,11.780000000000001,0.9151103565365024,False,4,undercount,0, The dog was quite nearly nearly found dead in an Anaclesta field.
llasa1b,ct_very_t1_k06,0,control_word,t1,6,6,16,very,16,6.62,6,0.05023525282740593,0.060199033468961716,0.49725,0.15784309804439545,331,False,2,17.67,0.3746462931522354,False,6,truncation,0, the dog was quite really truly fairly rather somewhat big and it ran across the field
llasa1b,ct_very_t1_k08,0,control_word,t1,8,8,18,very,18,7.7,8,0.04682062566280365,0.03953077271580696,0.28775,0.18241840600967407,385,False,3,23.560000000000002,0.32682512733446517,False,8,truncation,0, the dog was quite really truly fairly rather somewhat extremely notably big and it ran across the field
llasa1b,ct_very_t1_k12,0,control_word,t1,12,12,22,very,22,9.38,12,0.03165475279092789,0.07407084852457047,6.25e-05,0.18418188393115997,469,False,3,35.34,0.2654216185625354,False,12,truncation,0, the dog was quite really truly fairly rather somewhat extremely notably quite really truly fairly big and it ran across the field
llasa1b,ct_very_t1_k16,0,control_word,t1,16,16,26,very,26,12.6,16,0.04701169207692146,0.07879248261451721,1.139,0.16157184541225433,630,False,4,47.120000000000005,0.26740237691001695,False,16,truncation,0, the dog was quite really truly fairly rather somewhat extremely notably quite really truly fairly rather somewhat extremely notably big and it ran across the field
llasa1b,ct_very_t1_k24,0,control_word,t1,24,24,34,very,34,19.94,24,0.07141851633787155,0.06532943248748779,1.542625,0.22759759426116943,997,False,7,70.68,0.2821165817770232,False,24,truncation,0, the daub was quite really truly fairly rather somewhat extremely notably quite really truly fairly rather somewhat extremely notably quite really truly fairly rather somewhat extremely notably big and it ran across the field
llasa1b,ct_very_t1_k32,0,control_word,t1,32,32,42,very,18,19.82,8,0.032096028327941895,0.06583299487829208,0.3848125,0.23042795062065125,991,False,7,94.24000000000001,0.2103140916808149,True,8,truncation,0, the dog was quite really truly fairly rather somewhat extremely notably big and it ran across the field
llasa1b,wr_no_t2_k01,0,word_rep,t2,1,1,11,no,11,12.72,0,0.003357718698680401,0.006423789542168379,0.022,0.3572760820388794,636,False,4,6.498611111111117,1.9573413122462047,False,4,loop,0, He sent mail to the elephant and then left the room.
llasa1b,wr_no_t2_k02,0,word_rep,t2,2,2,12,no,6,37.1,2,0.012858312577009201,0.02026819810271263,25.5700625,0.5027947425842285,1855,False,16,8.484583333333335,4.372636644895152,False,16,loop,0," She said no, no. Thank you."
llasa1b,wr_no_t2_k03,0,word_rep,t2,3,3,13,no,4,40.96,0,0.0021071757655590773,0.030295521020889282,6.25e-05,0.7521876692771912,2048,True,18,10.470555555555553,3.9119223218549384,False,18,loop,0, She said. Thank you.
llasa1b,wr_no_t2_k04,0,word_rep,t2,4,4,14,no,8,8.76,4,0.004372363910079002,0.02938726171851158,6.25e-05,0.24287790060043335,438,False,2,12.456527777777769,0.7032457323803901,False,4,correct,1," She said no, no, no, no to God."
llasa1b,wr_no_t2_k06,0,word_rep,t2,6,6,16,no,15,7.7,5,0.006041031330823898,0.006163432262837887,0.0035,0.20482094585895538,385,False,2,16.428472222222204,0.46869848247875945,False,5,truncation,0," She said, no, no, no, no, no. And then I thought, and then I thought."
llasa1b,wr_no_t2_k08,0,word_rep,t2,8,8,18,no,17,7.2,7,0.05360357090830803,0.0865151658654213,1.3740625,0.21752314269542694,360,False,1,20.40041666666664,0.3529339678519643,False,7,truncation,0," She said no, no, no, no, no, no, no, to the offer, and then left the room."
llasa1b,wr_no_t2_k12,0,word_rep,t2,12,12,22,no,20,7.7,10,0.05211963504552841,0.0797492191195488,1.3015,0.5009167790412903,385,False,2,28.344305555555508,0.27165950440760733,False,10,truncation,0," She said no, no, no, no, no, no, no, no, no, no to the offer, and then left the room."
llasa1b,wr_no_t2_k16,0,word_rep,t2,16,16,26,no,24,11.22,14,0.06664503365755081,0.04840236157178879,0.740375,0.4019428491592407,561,False,3,36.28819444444438,0.30919146493158606,False,14,truncation,0, she said no no no no no no no no no no no no no no to the offer and then left the room
llasa1b,wr_very_t1_k01,0,word_rep,t1,1,1,11,very,10,5.3,0,0.07504286617040634,0.00048248792882077396,0.005875,0.38031724095344543,265,False,0,7.473333333333334,0.7091882247992863,True,0,undercount,0, The dog was there then and ran across the field.
llasa1b,wr_very_t1_k02,0,word_rep,t1,2,2,12,very,5,5.42,0,0.0060246288776397705,0.005156408529728651,6.25e-05,0.31596383452415466,271,False,0,8.273333333333333,0.6551168412570507,True,0,truncation,0," The doubt was there, okay?"
llasa1b,wr_very_t1_k03,0,word_rep,t1,3,3,13,very,13,6.2,3,0.05315415933728218,0.00023819894704502076,0.0015,0.31051191687583923,310,False,0,9.073333333333332,0.6833210874357092,False,3,truncation,0," The dog was very, very, very big. And it ate across the field."
llasa1b,wr_very_t1_k04,0,word_rep,t1,4,4,14,very,14,8.64,4,0.06226808950304985,0.0008299276232719421,6.25e-05,0.25128158926963806,432,False,2,9.873333333333333,0.8750844024307901,False,4,correct,1," The dog was very, very, very, very big and it ran across the field."
llasa1b,wr_very_t1_k06,0,word_rep,t1,6,6,16,very,8,10.08,0,0.09748361259698868,0.03910345584154129,0.9565625,0.44632285833358765,504,False,4,11.473333333333333,0.8785589773387565,False,4,undercount,0," The dog was there. There, across the hill."
llasa1b,wr_very_t1_k08,0,word_rep,t1,8,8,18,very,8,40.96,3,0.02154795452952385,0.001910163089632988,26.9764375,0.7249456644058228,2048,True,43,13.07333333333333,3.1330953595104547,False,43,loop,0," The dog was very, very, very... Thank you."
llasa1b,wr_very_t1_k12,0,word_rep,t1,12,12,22,very,8,25.06,5,0.15372991561889648,0.024139799177646637,3.3044375,0.7939096689224243,1253,False,23,16.27333333333333,1.5399426464563706,False,23,undercount,0," The dog was very, very, very, very, very."
llasa1b,wr_very_t1_k16,0,word_rep,t1,16,16,26,very,5,24.62,2,0.07338879257440567,0.01133161410689354,2.501125,0.542702317237854,1231,False,22,19.47333333333333,1.2642930503252314,False,22,undercount,0, The dog was very... very...
llasa1b,wr_very_t1_k24,0,word_rep,t1,24,24,34,very,24,23.56,21,0.13242878019809723,0.026341520249843597,0.8458125,0.6073760390281677,1178,False,21,25.873333333333328,0.9105900541097657,True,21,undercount,0," The dog was very, very, very, very, very, very... Very, very, very, very, very, very, very, very, very, very, very, very, very, very, very..."
llasa1b,wr_very_t1_k32,0,word_rep,t1,32,32,42,very,224,21.56,221,0.14329351484775543,0.02276107668876648,0.243,0.599403440952301,1078,False,19,32.273333333333326,0.6680437926048338,False,221,overcount,0," The dog was very, very, very, very, very, very, very, very, very, very, very, very, very, very, very, very, very, very, very, very, very, very, very, very, very, very, very, very, very, very, very, very, very, very, very, very, very, very, very, very, very, very, very, very, very, very, very, very, very, very, very, very, very, very, very, very, very, very, very, very, very, very, very, very, very, very, very, very, very, very, very, very, very, very, very, very, very, very, very, very, very, very, very, very, very, very, very, very, very, very, very, very, very, very, very, very, very, very, very, very, very, very, very, very, very, very, very, very, very, very, very, very, very, very, very, very, very, very, very, very, very, very, very, very, very, very, very, very, very, very, very, very, very, very, very, very, very, very, very, very, very, very, very, very, very, very, very, very, very, very, very, very, very, very, very, very, very, very, very, very, very, very, very, very, very, very, very, very, very, very, very, very, very, very, very, very, very, very, very, very, very, very, very, very, very, very, very, very, very, very, very, very, very, very, very, very, very, very, very, very, very, very, very, very, very, very, very, very, very, very, very, very, very, very, very, very, very, very, very, very, very"
llasa1b,ct_blue_t4_k02,0,control_word,t4,2,2,9,blue,2,40.96,0,0.0024081815499812365,0.0027983004692941904,6.25e-05,0.8593202233314514,2048,True,61,4.747999999999999,8.626790227464197,False,61,loop,0,. Thank you.
llasa1b,ct_blue_t4_k02,1,control_word,t4,2,2,9,blue,4,40.96,0,0.0005984040908515453,0.013247234746813774,21.0188125,0.10119394212961197,2048,True,61,4.747999999999999,8.626790227464197,False,61,empty,0, Thank you. Thank you.
llasa1b,ct_blue_t4_k02,2,control_word,t4,2,2,9,blue,10,5.54,1,0.01791730336844921,0.006819622125476599,6.25e-05,0.17599323391914368,277,False,3,4.747999999999999,1.1668070766638587,False,3,undercount,0," The night was green, dark because it was raining hard."
llasa1b,ct_blue_t4_k03,0,control_word,t4,3,3,10,blue,6,3.8,2,0.002820545807480812,0.0430944561958313,0.0320625,0.2188771516084671,190,False,0,5.359999999999998,0.7089552238805973,False,2,undercount,0," The light was green, bright pink."
llasa1b,ct_blue_t4_k03,1,control_word,t4,3,3,10,blue,4,40.96,0,0.0005107066826894879,0.024517538025975227,5.749625,0.3149370849132538,2048,True,61,5.359999999999998,7.641791044776123,False,61,empty,0, Thank you. Thank you.
llasa1b,ct_blue_t4_k03,2,control_word,t4,3,3,10,blue,11,4.84,1,0.0740610733628273,0.025918232277035713,0.7188125,0.11811177432537079,242,False,2,5.359999999999998,0.9029850746268661,True,1,undercount,0, The light was green by a pall before the stall hived.
llasa1b,ct_blue_t4_k04,0,control_word,t4,4,4,11,blue,5,5.3,2,0.0016832826659083366,0.06287623196840286,0.007125,0.17907504737377167,265,False,3,5.971999999999996,0.8874748827863368,True,2,undercount,0, The light was green bright.
llasa1b,ct_blue_t4_k04,1,control_word,t4,4,4,11,blue,11,22.92,0,0.005032846704125404,0.03548969328403473,6.25e-05,0.46911051869392395,1146,False,32,5.971999999999996,3.8379102478231775,False,32,loop,0, The light was going right out the door before the storm.
llasa1b,ct_blue_t4_k04,2,control_word,t4,4,4,11,blue,7,4.46,2,0.03395884111523628,0.024117087945342064,0.6490625,0.37959104776382446,223,False,2,5.971999999999996,0.7468184862692571,True,2,undercount,0," The light was green, bright, and then..."
llasa1b,ct_blue_t4_k06,0,control_word,t4,6,6,13,blue,5,40.96,0,0.03180163726210594,0.011630156077444553,35.62175,0.3918144404888153,2048,True,61,7.1959999999999935,5.692051139521962,False,61,loop,0, The word one. Thank you.
llasa1b,ct_blue_t4_k06,1,control_word,t4,6,6,13,blue,1,16.26,0,0.00215138983912766,0.02175583317875862,2.228875,0.4204723536968231,813,False,21,7.1959999999999935,2.2595886603668727,False,21,loop,0, Okay.
llasa1b,ct_blue_t4_k06,2,control_word,t4,6,6,13,blue,13,6.98,6,0.023630309849977493,0.07220326364040375,0.664375,0.3281889259815216,349,False,6,7.1959999999999935,0.9699833240689281,True,6,correct,1, the light was green bright pale dim warm cold before the storm arrived
llasa1b,ct_blue_t4_k08,0,control_word,t4,8,8,15,blue,15,9.42,8,0.03410572558641434,0.09696845710277557,0.67775,0.2508683502674103,471,False,10,8.419999999999991,1.118764845605702,False,10,correct,1, the light was green bright pale dim warm cold sharp soft before the storm arrived
llasa1b,ct_blue_t4_k08,1,control_word,t4,8,8,15,blue,4,37.04,0,0.000335395714500919,0.028196275234222412,0.0759375,0.16493043303489685,1852,False,55,8.419999999999991,4.399049881235159,False,55,empty,0, Thank you. Thank you.
llasa1b,ct_blue_t4_k08,2,control_word,t4,8,8,15,blue,15,9.92,8,0.02331206016242504,0.07682237029075623,0.7880625,0.24396216869354248,496,False,10,8.419999999999991,1.1781472684085523,False,10,correct,1, the light was green bright pale dim warm cold sharp soft before the storm arrived
llasa1b,ct_blue_t4_k12,0,control_word,t4,12,12,19,blue,19,13.68,12,0.03775374963879585,0.08464236557483673,6.25e-05,0.23783408105373383,684,False,17,10.867999999999984,1.2587412587412605,False,17,correct,1, the light was green bright pale dim warm cold sharp soft green bright pale dim before the storm arrived
llasa1b,ct_blue_t4_k12,1,control_word,t4,12,12,19,blue,19,11.22,12,0.021140070632100105,0.03812801465392113,0.878875,0.25768589973449707,561,False,13,10.867999999999984,1.032388663967613,True,12,correct,1, the light was green bright pale dim warm cold sharp soft green bright pale dim before the storm arrived
llasa1b,ct_blue_t4_k12,2,control_word,t4,12,12,19,blue,19,12.56,12,0.014929089695215225,0.10903234034776688,0.4626875,0.16999365389347076,628,False,15,10.867999999999984,1.1556864188443152,False,15,correct,1, the light was green bright pale dim warm cold sharp soft green bright pale dim before the storm arrived
llasa1b,ct_blue_t4_k16,0,control_word,t4,16,16,23,blue,23,13.1,16,0.035775672644376755,0.09956060349941254,0.9243125,0.17104509472846985,655,False,16,13.315999999999981,0.9837789125863636,True,16,correct,1, the light was green bright pale dim warm cold sharp soft green bright pale dim warm cold sharp soft before the storm arrived
llasa1b,ct_blue_t4_k16,1,control_word,t4,16,16,23,blue,14,40.96,9,0.015274333767592907,0.012256749905645847,6.25e-05,0.40681639313697815,2048,True,61,13.315999999999981,3.0759987984379737,False,61,loop,0," The light was green, bright, pale, dim, warm, cold, sharp, soft, green. Thank you."
llasa1b,ct_blue_t4_k16,2,control_word,t4,16,16,23,blue,23,15.14,16,0.030081558972597122,0.04473118484020233,0.5815625,0.22529591619968414,757,False,19,13.315999999999981,1.1369780714929425,False,19,correct,1, the light was green bright pale dim warm cold sharp soft green bright pale dim warm cold sharp soft before the storm arrived
llasa1b,ct_blue_t4_k24,0,control_word,t4,24,24,31,blue,31,21.0,24,0.053782738745212555,0.10470790416002274,0.9939375,0.18207591772079468,1050,False,29,18.211999999999968,1.1530858774434458,False,29,correct,1, the light was green bright pale dim warm cold sharp soft green bright pale dim warm cold sharp soft green bright pale dim warm cold sharp soft before the storm arrived
llasa1b,ct_blue_t4_k24,1,control_word,t4,24,24,31,blue,33,40.96,24,0.015935828909277916,0.03731627017259598,10.82725,0.36861452460289,2048,True,61,18.211999999999968,2.2490665495277877,False,61,loop,0," The light was green, bright, pale, dim, warm, cold, sharp, soft, green, bright, pale, dim, warm, cold, sharp, soft, green, bright, pale, dim, warm, cold, sharp, soft, before the storm arrived. Thank you."
llasa1b,ct_blue_t4_k24,2,control_word,t4,24,24,31,blue,31,19.28,24,0.027978258207440376,0.03645677864551544,0.610125,0.1749948114156723,964,False,26,18.211999999999968,1.0586426531956972,True,24,correct,1, the light was green bright pale dim warm cold sharp soft green bright pale dim warm cold sharp soft green bright pale dim warm cold sharp soft before the storm arrived
llasa1b,ct_blue_t4_k32,0,control_word,t4,32,32,39,blue,15,33.62,7,0.023307038471102715,0.040372852236032486,6.25e-05,0.33424776792526245,1681,False,49,23.107999999999958,1.4549073913796113,False,49,undercount,0," The light was green, bright pale, dim, warm cold, sharp, sssssssssssssssssssssssssssssssssssssssssssssssssssssssssssssssssssssssssssssssssssssssssssssssssssssssssssssssssssssssssssssssssssssssssssssssssssssssssssssssssssssssssssssssssssssssssssssssssssssssssssssssssssssssssssssssssssssssssssssssssssssssssssssssssssssssssssssssssssssssssssssssssssssssssssssssssssssssssssssssssssssssssssssssssssssssssssssssssssssssssssssssssssssssssssssssssssssssssssssssssssssssssssssssssssssssssssssssssssssssssssssssssssssssssssssssssssssssssssssssssssssssssssssssssssssssssssssssssssssssssssssssssssssssssssssssssssssssssssssssssssssssssssssssssssssssssssssssssssssssssssssssssssssssssssssssssssssssssssssssssssssssssssssssssssssssssssssssssssssssssssssssssssssssssssssssssssssssssssssssssssssssssssssssssssssssssssssssssssssssssssssssssssssssssssssssssssssssssssssssssssssssssssssssssssssssssssssssssssssssssssssssssssssssss before the storm arrived"
llasa1b,ct_blue_t4_k32,1,control_word,t4,32,32,39,blue,10,40.96,5,0.016535788774490356,0.017075026407837868,6.25e-05,0.3715493381023407,2048,True,61,23.107999999999958,1.7725463043101988,False,61,loop,0," The light was green, bright, pale, dim, warm. Thank you."
llasa1b,ct_blue_t4_k32,2,control_word,t4,32,32,39,blue,39,25.44,32,0.03395882248878479,0.02725105918943882,1.2219375,0.33906394243240356,1272,False,36,23.107999999999958,1.1009174311926626,True,32,correct,1, the light was green bright pale dim warm cold sharp soft green bright pale dim warm cold sharp soft green bright pale dim warm cold sharp soft green bright pale dim warm cold sharp soft before the storm arrived
llasa1b,ct_far_t3_k02,0,control_word,t3,2,2,10,far,11,4.26,2,0.045828867703676224,0.07127169519662857,0.614125,0.3644941449165344,213,False,2,4.26,1.0,True,2,correct,1, he walked deep fast into the forest of fa can ap
llasa1b,ct_far_t3_k02,1,control_word,t3,2,2,10,far,4,40.96,0,0.0002946138265542686,0.12804673612117767,5.1708125,0.4257459342479706,2048,True,19,4.26,9.615023474178404,False,19,empty,0, Thank you. Thank you.
llasa1b,ct_far_t3_k02,2,control_word,t3,2,2,10,far,10,5.54,0,0.015661749988794327,0.003054681932553649,6.25e-05,0.21952110528945923,277,False,3,4.26,1.3004694835680752,False,3,undercount,0, You walked down into the fence and then came back.
llasa1b,ct_far_t3_k03,0,control_word,t3,3,3,11,far,4,40.96,0,0.0013006225926801562,0.012221060693264008,6.25e-05,0.844550371170044,2048,True,19,6.39,6.410015649452269,False,19,loop,0, Thank you. Thank you.
llasa1b,ct_far_t3_k03,1,control_word,t3,3,3,11,far,4,40.96,0,0.0025220506358891726,0.030195916071534157,6.25e-05,0.5622575879096985,2048,True,19,6.39,6.410015649452269,False,19,loop,0, Thank you. Thank you.
llasa1b,ct_far_t3_k03,2,control_word,t3,3,3,11,far,4,40.96,0,0.004604685120284557,0.0016596351051703095,6.25e-05,0.40806448459625244,2048,True,19,6.39,6.410015649452269,False,19,loop,0, Thank you. Thank you.
llasa1b,ct_far_t3_k04,0,control_word,t3,4,4,12,far,12,6.12,4,0.03699275851249695,0.03962550684809685,1.070625,0.26649996638298035,306,False,3,8.52,0.7183098591549296,True,4,correct,1, he walked deep fast long wide into the forest before turning back
llasa1b,ct_far_t3_k04,1,control_word,t3,4,4,12,far,4,40.96,0,0.0023584060836583376,0.03223033621907234,20.0394375,0.6598925590515137,2048,True,19,8.52,4.807511737089202,False,19,loop,0, Thank you. Thank you.
llasa1b,ct_far_t3_k04,2,control_word,t3,4,4,12,far,12,6.98,4,0.024630175903439522,0.09371361881494522,0.4606875,0.12552957236766815,349,False,3,8.52,0.8192488262910799,True,4,correct,1, he walked deep fast long wide into the forest before turning back
llasa1b,ct_far_t3_k06,0,control_word,t3,6,6,14,far,14,8.7,6,0.03580030798912048,0.08294492959976196,1.342125,0.17159885168075562,435,False,4,12.78,0.6807511737089201,False,6,truncation,0, he walked deep fast long wide high low into the forest before turning back
llasa1b,ct_far_t3_k06,1,control_word,t3,6,6,14,far,14,8.2,6,0.05275718867778778,0.0457635298371315,1.0535,0.3736785650253296,410,False,4,12.78,0.6416275430359937,False,6,truncation,0, he walked deep fast long wide high low into the forest before turning back
llasa1b,ct_far_t3_k06,2,control_word,t3,6,6,14,far,14,6.62,6,0.02358097769320011,0.08245298266410828,0.7699375,0.29486045241355896,331,False,3,12.78,0.5179968701095462,False,6,truncation,0," He walked deep, fast, long, wide, high, low into the forest before turning back."
llasa1b,ct_far_t3_k08,0,control_word,t3,8,8,16,far,16,7.7,8,0.04733394831418991,0.050096094608306885,1.40175,0.3442222774028778,385,False,4,17.04,0.4518779342723005,False,8,truncation,0, he walked deep fast long wide high low near past into the forest before turning back
llasa1b,ct_far_t3_k08,1,control_word,t3,8,8,16,far,16,7.84,8,0.052893996238708496,0.025098377838730812,0.9405,0.3815325200557709,392,False,4,17.04,0.46009389671361506,False,8,truncation,0, he walked deep fast long wide high low near past into the forest before turning back
llasa1b,ct_far_t3_k08,2,control_word,t3,8,8,16,far,16,6.98,8,0.028721632435917854,0.06821142137050629,0.483,0.21695512533187866,349,False,3,17.04,0.40962441314553993,False,8,truncation,0, he walked deep fast long wide high low near past into the forest before turning back
llasa1b,ct_far_t3_k12,0,control_word,t3,12,12,20,far,20,13.68,12,0.03377077728509903,0.10896188765764236,1.77125,0.3039613962173462,684,False,6,25.56,0.5352112676056339,False,12,truncation,0, he walked deep fast long wide high low near past deep fast long wide into the forest before turning back
llasa1b,ct_far_t3_k12,1,control_word,t3,12,12,20,far,20,10.14,7,0.02788153663277626,0.05861051380634308,1.21025,0.23167873919010162,507,False,5,25.56,0.39671361502347424,False,7,truncation,0, he walked deep fast long wide high low near pass deep fast long wide into the forest before turning back
llasa1b,ct_far_t3_k12,2,control_word,t3,12,12,20,far,20,12.74,12,0.020243100821971893,0.10356146097183228,1.2506875,0.158379927277565,637,False,6,25.56,0.498435054773083,False,12,truncation,0, he walked deep fast long wide high low near past deep fast long wide into the forest before turning back
llasa1b,ct_far_t3_k16,0,control_word,t3,16,16,24,far,24,12.74,16,0.035661228001117706,0.0375986248254776,0.4843125,0.2187783420085907,637,False,6,34.08,0.37382629107981225,False,16,truncation,0, he walked deep fast long wide high low near past deep fast long wide high low near past into the forest before turning back
llasa1b,ct_far_t3_k16,1,control_word,t3,16,16,24,far,24,11.94,16,0.02395956590771675,0.08143399655818939,6.25e-05,0.3487546443939209,597,False,6,34.08,0.3503521126760563,False,16,truncation,0, he walked deep fast long wide high low near past deep fast long wide high low near past into the forest before turning back
llasa1b,ct_far_t3_k16,2,control_word,t3,16,16,24,far,24,14.9,1,0.01475856639444828,0.06178367882966995,0.8655625,0.15703128278255463,745,False,7,34.08,0.43720657276995306,False,7,truncation,0, he walked deep vast long wide high low near past deep vast long wide high low near past into the forest before turning back
llasa1b,ct_far_t3_k24,0,control_word,t3,24,24,32,far,32,21.0,24,0.031852029263973236,0.05487333610653877,0.5645625,0.251688688993454,1050,False,10,51.12,0.41079812206572774,False,24,truncation,0, he walked deep fast long wide high low near past deep fast long wide high low near past deep fast long wide high low near past into the forest before turning back
llasa1b,ct_far_t3_k24,1,control_word,t3,24,24,32,far,32,17.62,24,0.027421459555625916,0.07774757593870163,1.899625,0.33280545473098755,881,False,8,51.12,0.34467918622848204,False,24,truncation,0, he walked deep fast long wide high low near past deep fast long wide high low near past deep fast long wide high low near past into the forest before turning back
llasa1b,ct_far_t3_k24,2,control_word,t3,24,24,32,far,32,18.36,24,0.038393449038267136,0.06341100484132767,0.5851875,0.30968165397644043,918,False,9,51.12,0.3591549295774648,False,24,truncation,0, he walked deep fast long wide high low near past deep fast long wide high low near past deep fast long wide high low near past into the forest before turning back
llasa1b,ct_far_t3_k32,0,control_word,t3,32,32,40,far,40,18.3,32,0.046733614057302475,0.02389204502105713,6.25e-05,0.2202763557434082,915,False,9,68.16,0.26848591549295775,False,32,truncation,0, he walked deep fast long wide high low near past deep fast long wide high low near past deep fast long wide high low near past deep fast long wide high low near past into the forest before turning back
llasa1b,ct_far_t3_k32,1,control_word,t3,32,32,40,far,40,25.92,32,0.01782519556581974,0.03330099955201149,1.2090625,0.177754744887352,1296,False,12,68.16,0.3802816901408451,False,32,truncation,0, He walked deep fast long wide high low near past deep fast long wide High low near past deep fast long wide High low near past deep fast long wide high low near past Into the forest before turning back
llasa1b,ct_far_t3_k32,2,control_word,t3,32,32,40,far,40,24.3,32,0.03856272250413895,0.045056555420160294,0.675125,0.168337881565094,1215,False,11,68.16,0.3565140845070423,False,32,truncation,0, he walked deep fast long wide high low near past deep fast long wide high low near past deep fast long wide high low near past deep fast long wide high low near past into the forest before turning back
llasa1b,ct_no_t2_k02,1,control_word,t2,2,2,12,no,7,12.64,1,0.010131859220564365,0.03866461664438248,8.2721875,0.5270137786865234,632,False,15,4.747999999999999,2.6621735467565295,False,15,loop,0," She said yes, later to the alpha."
llasa1b,ct_no_t2_k02,2,control_word,t2,2,2,12,no,5,40.96,0,0.00249291630461812,0.013454613275825977,6.25e-05,0.6142166256904602,2048,True,61,4.747999999999999,8.626790227464197,False,61,loop,0, Satsang with Mooji Thank you.
llasa1b,ct_no_t2_k03,1,control_word,t2,3,3,13,no,4,40.96,0,0.005843024235218763,0.002503269352018833,6.25e-05,0.7734179496765137,2048,True,61,5.359999999999998,7.641791044776123,False,61,loop,0, Thank you. Thank you.
llasa1b,ct_no_t2_k03,2,control_word,t2,3,3,13,no,4,40.96,0,0.0016794396797195077,0.0018745745765045285,6.25e-05,0.3811940550804138,2048,True,61,5.359999999999998,7.641791044776123,False,61,loop,0, Thank you. Thank you.
llasa1b,ct_no_t2_k04,1,control_word,t2,4,4,14,no,9,13.26,1,0.08905607461929321,0.03593925014138222,3.9685,0.2845510244369507,663,False,16,5.971999999999996,2.2203616878767596,False,16,loop,0," She say... Yes, it is so fine. So, uh..."
llasa1b,ct_no_t2_k04,2,control_word,t2,4,4,14,no,15,5.92,1,0.10177917778491974,0.010004677809774876,6.25e-05,0.1958080530166626,296,False,4,5.971999999999996,0.991292699263229,False,4,undercount,0," She said yes, let the chef find her an offer, and then left her home."
llasa1b,ct_no_t2_k06,1,control_word,t2,6,6,16,no,18,13.7,1,0.008348433300852776,0.0766124501824379,5.0911875,0.26231062412261963,685,False,17,7.1959999999999935,1.9038354641467499,False,17,loop,0," She said, yes, Ned, it's sure fine. Okay. Roll to the offer, and then lift the roll."
llasa1b,ct_no_t2_k06,2,control_word,t2,6,6,16,no,2,40.96,0,0.009625577367842197,0.0006680488004349172,6.25e-05,0.6187816262245178,2048,True,61,7.1959999999999935,5.692051139521962,False,61,loop,0,. Thank you.
llasa1b,ct_no_t2_k08,1,control_word,t2,8,8,18,no,20,9.02,1,0.013082856312394142,0.04186015948653221,0.3560625,0.27132371068000793,451,False,9,8.419999999999991,1.0712589073634216,False,9,undercount,0," She said yes, made me sure it fired okay. Well, right? Hmm. Took her offer. And then left the room."
llasa1b,ct_no_t2_k08,2,control_word,t2,8,8,18,no,2,40.96,0,0.0028016555588692427,0.0003276952775195241,6.25e-05,0.6046837568283081,2048,True,61,8.419999999999991,4.864608076009507,False,61,loop,0,. Thank you.
llasa1b,ct_no_t2_k12,1,control_word,t2,12,12,22,no,21,9.76,7,0.13220995664596558,0.04286517947912216,0.3293125,0.2794221043586731,488,False,10,10.867999999999984,0.898049319101952,False,10,undercount,0," She said, yes, maybe, sure, fine. Okay, well, right. Yes, maybe, sure, fine, to the offer, and then left the room."
llasa1b,ct_no_t2_k12,2,control_word,t2,12,12,22,no,22,13.3,12,0.10812713205814362,0.0229409821331501,0.440375,0.17978613078594208,665,False,16,10.867999999999984,1.2237762237762255,False,16,correct,1," She said yes, maybe sure fine. Okay. Well, right. Hmm. Yes, maybe sure fine to the offer and then left the room."
llasa1b,ct_no_t2_k16,1,control_word,t2,16,16,26,no,26,13.36,16,0.1012854054570198,0.08090944588184357,0.2761875,0.38916125893592834,668,False,16,13.315999999999981,1.0033042955842608,True,16,correct,1," She said, yes, maybe, sure, fine, okay, well, right, hmm. Yes, maybe, sure, fine, okay, well, right, hmm. To the offer, and then left the room."
llasa1b,ct_no_t2_k16,2,control_word,t2,16,16,26,no,17,16.82,15,0.11332090198993683,0.018147455528378487,0.051,0.17121365666389465,841,False,22,13.315999999999981,1.263142084710125,False,22,undercount,0," She said yes, maybe sure fine. Okay. Well, right. Hmm Yes, maybe sure fine. Okay. Well Right"
llasa1b,ct_no_t2_k24,0,control_word,t2,24,24,34,no,10,40.96,5,0.022557886317372322,0.02348579838871956,27.9858125,0.4180047810077667,2048,True,61,18.211999999999968,2.2490665495277877,False,61,loop,0," She said yes, maybe, sure, fine. Okay. Yes. Thank you."
llasa1b,ct_no_t2_k24,1,control_word,t2,24,24,34,no,34,17.52,7,0.13620060682296753,0.04762135073542595,0.2305625,0.21048715710639954,876,False,23,18.211999999999968,0.9620030748956748,False,23,undercount,0," She said, yes, maybe, sure, fine, okay, well, right. Hum, yes, maybe, sure, fine, okay, well, right. Hum, yes, maybe, sure, fine, okay, well, right. Hum, to the offer, and then left the room."
llasa1b,ct_no_t2_k24,2,control_word,t2,24,24,34,no,24,24.36,22,0.14822763204574585,0.01810419000685215,0.1974375,0.4333830773830414,1218,False,34,18.211999999999968,1.3375796178343973,False,34,undercount,0," She said, yes, maybe, sure, fine, okay, well, right. Hmm. Yes, maybe, sure, fine, okay, well... Right. Hmm. Yes, maybe, sure, fine, okay, well..."
llasa1b,ct_no_t2_k32,0,control_word,t2,32,32,42,no,42,22.16,32,0.11810669302940369,0.03685285523533821,0.685125,0.25375670194625854,1108,False,30,23.107999999999958,0.9589752466678224,True,32,correct,1," She said, yes, maybe, sure, fine, okay, well, right. Hmm. Yes, maybe, sure, fine, okay, well, right. Hmm. Yes, maybe, sure, fine, okay, well, right. Hmm. Yes, maybe, sure, fine, okay, well, right. Hmm. To the offer, and then left the room."
llasa1b,ct_no_t2_k32,1,control_word,t2,32,32,42,no,38,17.84,7,0.15897433459758759,0.02316543273627758,0.2524375,0.14325493574142456,892,False,23,23.107999999999958,0.7720270036351061,False,23,undercount,0," She said, yes, maybe, sure, fine, okay, well, right. Yes, maybe, sure, fine, okay, well, right. Yes, maybe, sure, fine, okay, well, right. Yes, maybe, sure, fine, okay, well, right. To the offer and then left the room."
llasa1b,ct_no_t2_k32,2,control_word,t2,32,32,42,no,42,22.68,32,0.1963937133550644,0.03464886546134949,0.2420625,0.22455348074436188,1134,False,31,23.107999999999958,0.9814782759217605,True,32,correct,1," She said yes, maybe sure, fine, okay, well, right, hmm, yes, maybe sure, fine, okay, well, right, hmm, yes, maybe sure, fine, okay, well, right, hmm, yes, maybe sure, fine, okay, well, right, hmm, to the offer and then left the room."
llasa1b,ct_quick_t5_k02,0,control_word,t5,2,2,9,quick,9,4.92,1,0.04728447645902634,0.03680213540792465,0.7731875,0.14565414190292358,246,False,2,4.747999999999999,1.0362257792754845,True,1,undercount,0, The runner moved swift south of the narrow path.
llasa1b,ct_quick_t5_k02,1,control_word,t5,2,2,9,quick,4,40.96,0,0.0018021701835095882,0.021647488698363304,5.168875,0.086997851729393,2048,True,61,4.747999999999999,8.626790227464197,False,61,loop,0, Thank you. Thank you.
llasa1b,ct_quick_t5_k02,2,control_word,t5,2,2,9,quick,1,9.0,0,0.015350599773228168,0.009073657914996147,0.017875,0.28590118885040283,450,False,9,4.747999999999999,1.895534962089301,False,9,loop,0, um
llasa1b,ct_quick_t5_k03,0,control_word,t5,3,3,10,quick,223,17.26,0,0.01338210143148899,0.0042559122666716576,6.25e-05,0.27037617564201355,863,False,22,5.359999999999998,3.220149253731345,False,22,loop,0," Very small, small, small, small, small, small, small, small, small, small, small, small, small, small, small, small, small, small, small, small, small, small, small, small, small, small, small, small, small, small, small, small, small, small, small, small, small, small, small, small, small, small, small, small, small, small, small, small, small, small, small, small, small, small, small, small, small, small, small, small, small, small, small, small, small, small, small, small, small, small, small, small, small, small, small, small, small, small, small, small, small, small, small, small, small, small, small, small, small, small, small, small, small, small, small, small, small, small, small, small, small, small, small, small, small, small, small, small, small, small, small, small, small, small, small, small, small, small, small, small, small, small, small, small, small, small, small, small, small, small, small, small, small, small, small, small, small, small, small, small, small, small, small, small, small, small, small, small, small, small, small, small, small, small, small, small, small, small, small, small, small, small, small, small, small, small, small, small, small, small, small, small, small, small, small, small, small, small, small, small, small, small, small, small, small, small, small, small, small, small, small, small, small, small, small, small, small, small, small, small, small, small, small, small, small, small, small, small, small, small, small, small, small, small, small, small, small, small, small, small, small, small"
llasa1b,ct_quick_t5_k03,1,control_word,t5,3,3,10,quick,3,33.52,0,0.04003661125898361,0.01990685984492302,6.25e-05,0.42435789108276367,1676,False,49,5.359999999999998,6.253731343283586,False,49,loop,0, Thank you. Oh
llasa1b,ct_quick_t5_k03,2,control_word,t5,3,3,10,quick,10,5.62,0,0.06900007277727127,0.04309314861893654,0.7338125,0.16782937943935394,281,False,3,5.359999999999998,1.0485074626865676,False,3,undercount,0," The runner moved stiff, stiff, steady, and and and and."
llasa1b,ct_quick_t5_k04,0,control_word,t5,4,4,11,quick,13,7.02,0,0.0444820299744606,0.058087367564439774,0.0014375,0.21990370750427246,351,False,6,5.971999999999996,1.1754855994641669,False,6,undercount,0, The runner moved straight through the spinning net and then the runner passed.
llasa1b,ct_quick_t5_k04,1,control_word,t5,4,4,11,quick,4,40.96,0,0.00584666570648551,0.041291557252407074,21.7910625,0.09995968639850616,2048,True,61,5.971999999999996,6.858673811118558,False,61,loop,0, Thank you. Thank you.
llasa1b,ct_quick_t5_k04,2,control_word,t5,4,4,11,quick,11,6.12,4,0.025374487042427063,0.06366398930549622,6.25e-05,0.1482096165418625,306,False,4,5.971999999999996,1.0247823174815813,True,4,correct,1," The runner moved swift, smooth, steady, light, along the narrow path."
llasa1b,ct_quick_t5_k06,0,control_word,t5,6,6,13,quick,13,6.76,6,0.03541535884141922,0.11482305079698563,0.892625,0.20004189014434814,338,False,5,7.1959999999999935,0.9394107837687612,True,6,correct,1, the runner moved swift smooth steady light sharp loose along the narrow path
llasa1b,ct_quick_t5_k06,1,control_word,t5,6,6,13,quick,4,33.02,0,0.0015201960923150182,0.02990046888589859,0.069125,0.19058290123939514,1651,False,48,7.1959999999999935,4.588660366870489,False,48,loop,0, Thank you. Thank you.
llasa1b,ct_quick_t5_k06,2,control_word,t5,6,6,13,quick,13,6.98,6,0.06238916143774986,0.028271352872252464,1.17075,0.16208475828170776,349,False,6,7.1959999999999935,0.9699833240689281,True,6,correct,1," The runner moved swift, smooth, steady light, sharp, loose along the narrow path."
llasa1b,ct_quick_t5_k08,0,control_word,t5,8,8,15,quick,15,9.42,8,0.015589806251227856,0.11075697839260101,0.8895,0.3113258183002472,471,False,10,8.419999999999991,1.118764845605702,False,10,correct,1, the runner moved swift smooth steady light sharp loose tight clean along the narrow path
llasa1b,ct_quick_t5_k08,1,control_word,t5,8,8,15,quick,15,6.98,8,0.039144739508628845,0.06138873100280762,0.4420625,0.14837178587913513,349,False,6,8.419999999999991,0.828978622327792,False,8,correct,1, the runner moved swift smooth steady light sharp loose tight clean along the narrow path
llasa1b,ct_quick_t5_k08,2,control_word,t5,8,8,15,quick,15,8.44,8,0.0261604655534029,0.06429092586040497,0.8694375,0.24820436537265778,422,False,8,8.419999999999991,1.002375296912115,True,8,correct,1, the runner moved swift smooth steady light sharp loose tight clean along the narrow path
llasa1b,ct_quick_t5_k12,0,control_word,t5,12,12,19,quick,19,10.96,12,0.028994686901569366,0.055666759610176086,6.25e-05,0.22677189111709595,548,False,12,10.867999999999984,1.0084652189915364,True,12,correct,1, the runner moved swift smooth steady light sharp loose tight clean swift smooth steady light along the narrow path
llasa1b,ct_quick_t5_k12,1,control_word,t5,12,12,19,quick,19,11.16,12,0.04207874462008476,0.08469375222921371,0.5703125,0.15948791801929474,558,False,12,10.867999999999984,1.0268678689731336,True,12,correct,1, the runner moved swift smooth steady light sharp loose tight clean swift smooth steady light along the narrow path
llasa1b,ct_quick_t5_k12,2,control_word,t5,12,12,19,quick,19,9.14,12,0.0770430862903595,0.008466514758765697,1.0446875,0.2935880720615387,457,False,9,10.867999999999984,0.8410011041590002,False,12,correct,1, the runner moved swift smooth steady light sharp loose tight clean swift smooth steady light along the narrow path
llasa1b,ct_quick_t5_k16,0,control_word,t5,16,16,23,quick,23,18.72,16,0.03962720185518265,0.00968853011727333,6.25e-05,0.36267393827438354,936,False,25,13.315999999999981,1.4058275758486052,False,25,correct,1, the runner moved swift smooth steady light sharp loose tight clean swift smooth steady light sharp loose tight clean along the narrow path
llasa1b,ct_quick_t5_k16,1,control_word,t5,16,16,23,quick,23,13.6,16,0.051074136048555374,0.07479725033044815,1.1211875,0.12864181399345398,680,False,16,13.315999999999981,1.0213277260438585,True,16,correct,1, the runner moved swift smooth steady light sharp loose tight clean swift smooth steady light sharp loose tight clean along the narrow path
llasa1b,ct_quick_t5_k16,2,control_word,t5,16,16,23,quick,23,10.22,16,0.04269485920667648,0.08952509611845016,0.4853125,0.20803610980510712,511,False,11,13.315999999999981,0.7674977470711937,False,16,correct,1, the runner moved swift smooth steady light sharp loose tight clean swift smooth steady light sharp loose tight clean along the narrow path
llasa1b,ct_quick_t5_k24,0,control_word,t5,24,24,31,quick,31,20.88,24,0.028745271265506744,0.054767899215221405,6.25e-05,0.12984773516654968,1044,False,28,18.211999999999968,1.1464968152866262,False,28,correct,1, the runner moved swift smooth steady light sharp loose tight clean swift smooth steady light sharp loose tight clean swift smooth steady light sharp loose tight clean along the narrow path
llasa1b,ct_quick_t5_k24,1,control_word,t5,24,24,31,quick,31,16.62,24,0.036156121641397476,0.10447496175765991,1.7918125,0.18066689372062683,831,False,21,18.211999999999968,0.9125851087195272,True,24,correct,1, the runner moved swift smooth steady light sharp loose tight clean swift smooth steady light sharp loose tight clean swift smooth steady light sharp loose tight clean along the narrow path
llasa1b,ct_quick_t5_k24,2,control_word,t5,24,24,31,quick,31,15.84,24,0.03049899823963642,0.1093325987458229,6.25e-05,0.20886138081550598,792,False,20,18.211999999999968,0.8697562047001992,False,24,correct,1, the runner moves swift smooth steady light sharp loose tight clean swift smooth steady light sharp loose tight clean swift smooth steady light sharp loose tight clean along the narrow path
llasa1b,ct_quick_t5_k32,0,control_word,t5,32,32,39,quick,39,24.18,32,0.028353216126561165,0.0544939786195755,0.7266875,0.17196322977542877,1209,False,34,23.107999999999958,1.0463908603081202,True,32,correct,1, the runner moved swift smooth steady light sharp loose tight clean swift smooth steady light sharp loose tight clean swift smooth steady light sharp loose tight clean swift smooth steady light sharp loose tight clean along the narrow path
llasa1b,ct_quick_t5_k32,1,control_word,t5,32,32,39,quick,39,20.3,32,0.0367940329015255,0.09354205429553986,3.1746875,0.16250178217887878,1015,False,27,23.107999999999958,0.8784836420287363,False,32,correct,1, the runner moved swift smooth steady light sharp loose tight clean swift smooth steady light sharp loose tight clean swift smooth steady light sharp loose tight clean swift smooth steady light sharp loose tight clean along the narrow path
llasa1b,ct_quick_t5_k32,2,control_word,t5,32,32,39,quick,18,40.96,6,0.025592487305402756,0.005106447264552116,6.25e-05,0.20276248455047607,2048,True,61,23.107999999999958,1.7725463043101988,False,61,loop,0, the runner moved swift smooth steady light sharp loose swift smooth steady light steady light sharp Thank you.
llasa1b,ct_really_t6_k02,0,control_word,t6,2,2,9,really,9,4.02,2,0.008833269588649273,0.03722868487238884,0.8215,0.2697750926017761,201,False,2,3.849999999999999,1.0441558441558443,True,2,correct,1, They were truly quite tired after a long journey.
llasa1b,ct_really_t6_k02,1,control_word,t6,2,2,9,really,10,11.48,0,0.014883297495543957,0.032693348824977875,4.1349375,0.6228963732719421,574,False,7,3.849999999999999,2.9818181818181824,False,7,loop,0, Now I turn the quick turn after the long turn.
llasa1b,ct_really_t6_k02,2,control_word,t6,2,2,9,really,11,3.68,2,0.07082713395357132,0.070207379758358,0.4004375,0.24400795996189117,184,False,2,3.849999999999999,0.955844155844156,True,2,correct,1," They were truly quite tired. You're not gonna learn, Jamie."
llasa1b,ct_really_t6_k03,0,control_word,t6,3,3,10,really,10,5.36,3,0.025291992351412773,0.061295703053474426,0.7479375,0.37577712535858154,268,False,3,5.359999999999999,1.0000000000000002,True,3,correct,1, they were truly quite very tired after the long gin
llasa1b,ct_really_t6_k03,1,control_word,t6,3,3,10,really,4,40.96,0,0.0006375093362294137,0.021824242547154427,6.25e-05,0.3453633487224579,2048,True,27,5.359999999999999,7.64179104477612,False,27,empty,0, Thank you. Thank you.
llasa1b,ct_really_t6_k03,2,control_word,t6,3,3,10,really,9,5.18,1,0.03114844672381878,0.009791516698896885,6.25e-05,0.39681604504585266,259,False,3,5.359999999999999,0.9664179104477613,False,3,undercount,0, They were truly quiet the time after the encounter.
llasa1b,ct_really_t6_k04,0,control_word,t6,4,4,11,really,11,4.88,3,0.12440379709005356,0.029227765277028084,0.7465625,0.33581551909446716,244,False,3,6.87,0.710334788937409,True,3,undercount,0, They were truly quite very very tiny after a long time.
llasa1b,ct_really_t6_k04,1,control_word,t6,4,4,11,really,10,8.6,0,0.05955752357840538,0.012270482257008553,0.7469375,0.5635490417480469,430,False,5,6.87,1.2518195050946141,False,5,undercount,0, Table 3 was very well inspired after the main journey.
llasa1b,ct_really_t6_k04,2,control_word,t6,4,4,11,really,11,5.54,4,0.028474589809775352,0.10063827037811279,0.83475,0.17391149699687958,277,False,3,6.87,0.8064046579330422,True,4,correct,1, They were truly quite very rather tired after the long journey.
llasa1b,ct_really_t6_k06,0,control_word,t6,6,6,13,really,13,8.92,6,0.039666786789894104,0.09067082405090332,0.6101875,0.23871007561683655,446,False,5,9.890000000000002,0.9019211324570271,True,6,correct,1, they were truly quite very rather deeply clearly tired after the long journey
llasa1b,ct_really_t6_k06,1,control_word,t6,6,6,13,really,12,10.36,0,0.05459027364850044,0.01587069034576416,0.93475,0.3917551040649414,518,False,6,9.890000000000002,1.0475227502527802,False,6,undercount,0, A tree quite very rarely did get clearly tired after the injury.
llasa1b,ct_really_t6_k06,2,control_word,t6,6,6,13,really,13,5.76,6,0.03555061295628548,0.06756417453289032,0.7410625,0.2880231440067291,288,False,3,9.890000000000002,0.582406471183013,False,6,truncation,0, they were truly quite very rather deeply clearly tired after the long journey
llasa1b,ct_really_t6_k08,0,control_word,t6,8,8,15,really,15,7.14,8,0.03353414312005043,0.07987604290246964,0.790625,0.20500503480434418,357,False,4,12.910000000000004,0.5530596436870641,False,8,truncation,0, they were truly quite very rather deeply clearly plainly surely tired after the long journey
llasa1b,ct_really_t6_k08,1,control_word,t6,8,8,15,really,15,8.64,8,0.0397171787917614,0.02450668439269066,0.70925,0.2035529911518097,432,False,5,12.910000000000004,0.6692486444616574,False,8,truncation,0, they were truly quite very rather deeply clearly plainly surely tired after the long journey
llasa1b,ct_really_t6_k08,2,control_word,t6,8,8,15,really,15,8.64,8,0.025480831041932106,0.05901756137609482,0.67275,0.26219967007637024,432,False,5,12.910000000000004,0.6692486444616574,False,8,truncation,0, they were truly quite very rather deeply clearly plainly surely tired after the long journey
llasa1b,ct_really_t6_k12,0,control_word,t6,12,12,19,really,19,9.2,12,0.03516225889325142,0.038632165640592575,0.743625,0.1658341884613037,460,False,6,18.950000000000006,0.4854881266490763,False,12,truncation,0, they were truly quite very rather deeply clearly plainly surely truly quite very rather tired after the long journey
llasa1b,ct_really_t6_k12,1,control_word,t6,12,12,19,really,19,11.94,12,0.032964546233415604,0.04910838231444359,0.66325,0.2709783613681793,597,False,7,18.950000000000006,0.630079155672823,False,12,truncation,0, they were truly quite very rather deeply clearly plainly surely truly quite very rather tired after the long journey
llasa1b,ct_really_t6_k12,2,control_word,t6,12,12,19,really,19,12.3,12,0.02348429709672928,0.09864818304777145,0.589375,0.16274181008338928,615,False,8,18.950000000000006,0.6490765171503956,False,12,truncation,0, they were truly quite very rather deeply clearly plainly surely truly quite very rather tired after the long journey
llasa1b,ct_really_t6_k16,0,control_word,t6,16,16,23,really,23,12.94,16,0.058385372161865234,0.016442229971289635,6.25e-05,0.22074639797210693,647,False,8,24.99000000000001,0.5178071228491394,False,16,truncation,0, they were truly quite very rather deeply clearly plainly surely truly quite very rather deeply clearly plainly surely tired after the long journey
llasa1b,ct_really_t6_k16,1,control_word,t6,16,16,23,really,23,15.68,16,0.04280314967036247,0.008944466710090637,0.93925,0.1619744747877121,784,False,10,24.99000000000001,0.6274509803921566,False,16,truncation,0, they were truly quite very rather deeply clearly plainly surely truly quite very rather deeply clearly plainly surely tired after the long journey
llasa1b,ct_really_t6_k16,2,control_word,t6,16,16,23,really,11,27.96,4,0.10768334567546844,0.03812217712402344,2.7975625,0.4657386243343353,1398,False,18,24.99000000000001,1.1188475390156059,False,18,undercount,0, They were truly quite very rather dear Quite very rather dear
llasa1b,ct_really_t6_k24,0,control_word,t6,24,24,31,really,31,17.24,24,0.08341620862483978,0.03501799330115318,0.615125,0.26238662004470825,862,False,11,37.070000000000014,0.4650660911788506,False,24,truncation,0, they were truly quite very rather deeply clearly plainly surely truly quite very rather deeply clearly plainly surely truly quite very rather deeply clearly plainly surely tired after the long journey
llasa1b,ct_really_t6_k24,1,control_word,t6,24,24,31,really,31,23.88,24,0.08627314120531082,0.0071922591887414455,2.240625,0.34927019476890564,1194,False,15,37.070000000000014,0.6441866738602641,False,24,truncation,0," They were truly, quite, very, rather, deeply, clearly, plainly, surely, truly, quite, very, rather, deeply, clearly, plainly, surely, truly, quite, very, rather, deeply, clearly, plainly, surely, tired after the long journey."
llasa1b,ct_really_t6_k24,2,control_word,t6,24,24,31,really,11,40.26,0,0.02902066335082054,0.0415307953953743,32.2581875,0.6064186096191406,2013,False,26,37.070000000000014,1.0860534124629075,False,26,undercount,0, They were true. They were true. They were true. Thank you.
llasa1b,ct_really_t6_k32,0,control_word,t6,32,32,39,really,38,36.08,24,0.08523543924093246,0.021536706015467644,0.65125,0.16686652600765228,1804,False,23,49.15000000000002,0.734079348931841,True,24,undercount,0," They were truly, quite, very, rather, deeply, clearly, plainly, surely, truly, quite, very, rather, deeply, clearly, plainly, surely, quite, very, rather, deeply, clearly, plainly, surely, truly, quite very, rather deeply, clearly, plainly, surely, tired after the long journey."
llasa1b,ct_really_t6_k32,1,control_word,t6,32,32,39,really,38,26.12,24,0.07640589028596878,0.017282985150814056,3.308625,0.203290194272995,1306,False,17,49.15000000000002,0.531434384537131,False,24,truncation,0," They were truly, quite very rather, deeply clearly, plainly surely, truly, quite very rather, deeply clearly, plainly surely, truly, quite very rather, deeply clearly, plainly surely, quite, very rather deeply clearly, plainly surely, tired, after the long journey."
llasa1b,ct_really_t6_k32,2,control_word,t6,32,32,39,really,31,40.96,15,0.18568766117095947,0.031255509704351425,6.25e-05,0.3078785240650177,2048,True,27,49.15000000000002,0.8333672431332652,False,27,loop,0," They were truly quite very rather deeply, clearly, plainly, surely. Quite very rather deeply, clearly, plainly, surely, truly. Quite very rather deeply, clearly, plainly. Tired after the Rather, rather deeply Clearly"
llasa1b,ct_very_t1_k02,1,control_word,t1,2,2,12,very,12,7.34,2,0.057110872119665146,0.022236095741391182,1.1205625,0.5881018042564392,367,False,2,5.890000000000001,1.2461799660441424,True,2,correct,1, The dog was quite really bad when I ride past the field.
llasa1b,ct_very_t1_k02,2,control_word,t1,2,2,12,very,11,4.44,2,0.1018594354391098,0.0350031852722168,0.814875,0.29420313239097595,222,False,2,5.890000000000001,0.7538200339558574,True,2,correct,1, The dog was quite really mad when he passed the field.
llasa1b,ct_very_t1_k03,1,control_word,t1,3,3,13,very,14,16.76,0,0.04009297490119934,0.02435203082859516,8.2058125,0.5371268391609192,838,False,6,8.835,1.8970005659309563,False,6,loop,0, The dog was crying and trying to get the animal out of the custody.
llasa1b,ct_very_t1_k03,2,control_word,t1,3,3,13,very,14,5.54,2,0.04699353128671646,0.04151572659611702,0.8131875,0.18215468525886536,277,False,2,8.835,0.6270514997170344,True,2,truncation,0, The dog was quite really chill on the deck and ran across the field.
llasa1b,ct_very_t1_k04,1,control_word,t1,4,4,14,very,4,40.96,0,0.0005200456944294274,0.022159725427627563,6.25e-05,0.10639695078134537,2048,True,14,11.780000000000001,3.4770797962648556,False,14,empty,0, Thank you. Thank you.
llasa1b,ct_very_t1_k04,2,control_word,t1,4,4,14,very,3,6.78,0,0.05998607724905014,0.0008426783024333417,6.25e-05,0.3325842320919037,339,False,2,11.780000000000001,0.5755517826825127,False,2,truncation,0, The dope was...
llasa1b,ct_very_t1_k06,1,control_word,t1,6,6,16,very,16,7.26,6,0.05269499123096466,0.04318181052803993,0.476375,0.28283149003982544,363,False,2,17.67,0.4108658743633276,False,6,truncation,0, the dog was quite really truly fairly rather somewhat big and it ran across the field
llasa1b,ct_very_t1_k06,2,control_word,t1,6,6,16,very,16,6.42,6,0.054062794893980026,0.1285039186477661,0.5233125,0.22099940478801727,321,False,2,17.67,0.3633276740237691,False,6,truncation,0, the dog was quite really truly fairly rather somewhat big and it ran across the field
llasa1b,ct_very_t1_k08,1,control_word,t1,8,8,18,very,18,7.7,8,0.04064232110977173,0.03580154478549957,0.70325,0.179645374417305,385,False,3,23.560000000000002,0.32682512733446517,False,8,truncation,0, the dog was quite really truly fairly rather somewhat extremely notably big and it ran across the field
llasa1b,ct_very_t1_k08,2,control_word,t1,8,8,18,very,18,9.0,8,0.03586460277438164,0.0948186069726944,0.94975,0.20349068939685822,450,False,3,23.560000000000002,0.3820033955857385,False,8,truncation,0, the dog was quite really truly fairly rather somewhat extremely notably big and it ran across the field
llasa1b,ct_very_t1_k12,1,control_word,t1,12,12,22,very,22,9.42,12,0.04367043823003769,0.032460059970617294,0.599625,0.15386348962783813,471,False,3,35.34,0.26655348047538197,False,12,truncation,0, the dog was quite really truly fairly rather somewhat extremely notably quite really truly fairly big and it ran across the field
llasa1b,ct_very_t1_k12,2,control_word,t1,12,12,22,very,22,10.34,12,0.029229993000626564,0.04263948276638985,0.688625,0.23715688288211823,517,False,4,35.34,0.29258630447085454,False,12,truncation,0, the dog was quite really truly fairly rather somewhat extremely notably quite really truly fairly big and it ran across the field
llasa1b,ct_very_t1_k16,1,control_word,t1,16,16,26,very,26,11.94,16,0.03417453542351723,0.049285899847745895,0.71425,0.15985091030597687,597,False,4,47.120000000000005,0.2533955857385399,False,16,truncation,0, the dog was quite really truly fairly rather somewhat extremely notably quite really truly fairly rather somewhat extremely notably big and it ran across the field
llasa1b,ct_very_t1_k16,2,control_word,t1,16,16,26,very,26,12.3,16,0.032983455806970596,0.03704037517309189,0.9273125,0.17996525764465332,615,False,4,47.120000000000005,0.26103565365025466,False,16,truncation,0, the dog was quite really truly fairly rather somewhat extremely notably quite really truly fairly rather somewhat extremely notably big and it ran across the field
llasa1b,ct_very_t1_k24,1,control_word,t1,24,24,34,very,4,40.96,0,5.416558269644156e-05,0.07499639689922333,6.25e-05,0.47218257188796997,2048,True,14,70.68,0.5795132993774759,False,14,empty,0, Thank you. Thank you.
llasa1b,ct_very_t1_k24,2,control_word,t1,24,24,34,very,34,23.16,24,0.017313359305262566,0.06857901811599731,0.645,0.20769791305065155,1158,False,8,70.68,0.32767402376910015,False,24,truncation,0, the dog was quite really truly fairly rather somewhat extremely notably quite really truly fairly rather somewhat extremely notably quite really truly fairly rather somewhat extremely notably big and it ran across the field
llasa1b,ct_very_t1_k32,1,control_word,t1,32,32,42,very,42,21.38,32,0.034994132816791534,0.011433491483330727,0.59375,0.1385839283466339,1069,False,7,94.24000000000001,0.2268675721561969,False,32,truncation,0, the dog was quite really truly fairly rather somewhat extremely notably quite really truly fairly rather somewhat extremely notably quite really truly fairly rather somewhat extremely notably quite really truly fairly rather somewhat extremely notably big and it ran across the field
llasa1b,ct_very_t1_k32,2,control_word,t1,32,32,42,very,42,20.3,32,0.02117987535893917,0.054318349808454514,0.941375,0.2514546811580658,1015,False,7,94.24000000000001,0.21540747028862478,False,32,truncation,0, the dog was quite really truly fairly rather somewhat extremely notably quite really truly fairly rather somewhat extremely notably quite really truly fairly rather somewhat extremely notably quite really truly fairly rather somewhat extremely notably big and it ran across the field
llasa1b,nm_n01,0,numbers,n01,6,6,9,six,9,4.88,4,0.035028088837862015,0.08580335974693298,0.328375,0.18055786192417145,244,False,0,12.348433121019141,0.39519183949689995,False,4,truncation,0," 666,666"
llasa1b,nm_n01,1,numbers,n01,6,6,9,six,9,5.54,4,0.0939088836312294,0.05011960119009018,0.8483125,0.2944009304046631,277,False,0,12.348433121019141,0.44863991615016924,False,4,truncation,0," 666,666"
llasa1b,nm_n01,2,numbers,n01,6,6,9,six,9,4.32,4,0.04852520301938057,0.0645013153553009,0.274625,0.16186366975307465,216,False,0,12.348433121019141,0.3498419562759443,False,4,truncation,0," 666,666"
llasa1b,nm_n02,0,numbers,n02,6,6,9,seven,9,6.28,4,0.05539495125412941,0.027232248336076736,0.2554375,0.20201203227043152,314,False,1,12.348433121019141,0.5085665475492893,False,4,truncation,0, seven hundred seventy seven thousand seven hundred seventy-seven
llasa1b,nm_n02,1,numbers,n02,6,6,9,seven,9,5.46,4,0.022388136014342308,0.04382508620619774,0.8340625,0.29938915371894836,273,False,0,12.348433121019141,0.4421613614043184,False,4,truncation,0," 777,777"
llasa1b,nm_n02,2,numbers,n02,6,6,9,seven,9,5.32,4,0.04364217072725296,0.02787403203547001,0.2563125,0.21905142068862915,266,False,0,12.348433121019141,0.4308238905990795,False,4,truncation,0, seven hundred seventy seven thousand seven hundred seventy seven
llasa1b,nm_n03,0,numbers,n03,6,6,9,nine,9,5.9,4,0.040219441056251526,0.0206333976238966,0.3085,0.15131928026676178,295,False,0,12.348433121019141,0.4777934125064979,False,4,truncation,0," 999,999"
llasa1b,nm_n03,1,numbers,n03,6,6,9,nine,9,6.06,4,0.016248764470219612,0.02624468505382538,0.041625,0.25353702902793884,303,False,1,12.348433121019141,0.4907505219981995,False,4,truncation,0," 999,999"
llasa1b,nm_n03,2,numbers,n03,6,6,9,nine,9,4.5,4,0.03744577616453171,0.008178944699466228,0.255125,0.22513233125209808,225,False,0,12.348433121019141,0.36441870445410857,False,4,truncation,0," 999,999"
llasa1b,nm_n04,0,numbers,n04,6,6,9,three,9,4.02,4,0.09812551736831665,0.03586629033088684,0.231,0.30594781041145325,201,False,0,12.348433121019141,0.32554737597900363,False,4,truncation,0," 333,333"
llasa1b,nm_n04,1,numbers,n04,6,6,9,three,4,5.06,1,0.004939892794936895,0.07385342568159103,0.164,0.1202976256608963,253,False,0,12.348433121019141,0.4097685876750643,True,1,truncation,0," 370,000"
llasa1b,nm_n04,2,numbers,n04,6,6,9,three,9,9.76,1,0.029796449467539787,0.021885616704821587,0.2539375,0.45266836881637573,488,False,4,12.348433121019141,0.7903836789937999,False,4,undercount,0," 300,000, 1,000, 1,000, 1,000."
llasa1b,nm_n05,0,numbers,n05,9,9,14,six,14,7.76,6,0.22334086894989014,0.07247599959373474,0.2541875,0.24267062544822693,388,False,2,15.86236942675165,0.48920812466470964,False,6,truncation,0," 666,666,666"
llasa1b,nm_n05,1,numbers,n05,9,9,14,six,14,11.4,6,0.02588527463376522,0.0480344332754612,1.73025,0.3283466100692749,570,False,5,15.86236942675165,0.718682038811558,True,6,undercount,0," 666,666,666"
llasa1b,nm_n05,2,numbers,n05,9,9,14,six,14,7.28,6,0.22838856279850006,0.06893208622932434,0.2391875,0.2265893816947937,364,False,2,15.86236942675165,0.4589478282936967,False,6,truncation,0," 666,666,666"
llasa1b,nm_n06,0,numbers,n06,6,6,9,eight,9,4.68,4,0.07056262344121933,0.044023703783750534,0.3450625,0.1470324993133545,234,False,0,12.348433121019141,0.3789954526322729,False,4,truncation,0," 888,888"
llasa1b,nm_n06,1,numbers,n06,6,6,9,eight,9,3.86,4,0.10376234352588654,0.0336218997836113,0.2591875,0.18613147735595703,193,False,0,12.348433121019141,0.31259026648730204,False,4,truncation,0," 888,888"
llasa1b,nm_n06,2,numbers,n06,6,6,9,eight,9,3.32,4,0.0526198148727417,0.023569656535983086,0.2643125,0.11830377578735352,166,False,0,12.348433121019141,0.268860021952809,False,4,truncation,0," 888,888"
llasa1b,nm_n07,0,numbers,n07,3,3,4,five,4,1.96,2,0.11124449223279953,0.06939082592725754,0.2749375,0.3210636377334595,98,False,0,8.834496815286633,0.22185757049666313,False,2,truncation,0, 555
llasa1b,nm_n07,1,numbers,n07,3,3,4,five,4,1.94,2,0.16975083947181702,0.09207169711589813,0.20275,0.23526279628276825,97,False,0,8.834496815286633,0.21959371773649308,False,2,truncation,0, 555.
llasa1b,nm_n07,2,numbers,n07,3,3,4,five,4,1.86,2,0.0797848254442215,0.0705830305814743,0.17675,0.2608836591243744,93,False,0,8.834496815286633,0.21053830669581297,False,2,truncation,0, 555
llasa1b,nm_n08,0,numbers,n08,3,3,4,four,4,2.14,2,0.14878392219543457,0.04440094158053398,0.11925,0.14405545592308044,107,False,0,8.834496815286633,0.24223224533819343,False,2,truncation,0, 444
llasa1b,nm_n08,1,numbers,n08,3,3,4,four,2,5.64,1,0.11637694388628006,0.051692843437194824,0.6081875,0.3315280079841614,282,False,0,8.834496815286633,0.638406478367949,True,1,truncation,0, Four hundred.
llasa1b,nm_n08,2,numbers,n08,3,3,4,four,3,2.44,0,0.13654476404190063,0.012298407964408398,6.25e-05,0.14734885096549988,122,False,0,8.834496815286633,0.2761900367407439,True,0,truncation,0," Forehand, same thing."
llasa1b,nm_n09,0,numbers,n09,9,9,14,two,14,5.14,6,0.03518899157643318,0.04598976671695709,0.267875,0.18570290505886078,257,False,0,15.86236942675165,0.32403734030626385,False,6,truncation,0," 222,222,222"
llasa1b,nm_n09,1,numbers,n09,9,9,14,two,14,8.12,6,0.07897110283374786,0.04998970776796341,1.4780625,0.22282741963863373,406,False,2,15.86236942675165,0.5119033469429694,False,6,truncation,0," 222,222,222"
llasa1b,nm_n09,2,numbers,n09,9,9,14,two,14,5.76,6,0.03243090584874153,0.03726886957883835,0.24975,0.16957604885101318,288,False,0,15.86236942675165,0.3631235564521556,False,6,truncation,0," 222,222,222"
llasa1b,nm_n10,0,numbers,n10,5,5,7,one,7,3.64,2,0.18711446225643158,0.029951153323054314,0.3689375,0.17613644897937775,182,False,0,11.177121019108306,0.3256652579655431,False,2,truncation,0, 111111
llasa1b,nm_n10,1,numbers,n10,5,5,7,one,2,14.16,0,0.0015217183390632272,0.0185646153986454,0.055125,0.7355802655220032,708,False,8,11.177121019108306,1.2668736408769479,False,8,undercount,0, Thank you.
llasa1b,nm_n10,2,numbers,n10,5,5,7,one,10,40.96,2,0.017425905913114548,0.001689128577709198,32.9111875,0.324764609336853,2048,True,30,11.177121019108306,3.6646288368869904,False,30,loop,0," 111,000. 111,000. Thank you."
llasa1b,sr_s1_k01,0,sentence_rep,s1,1,1,4,bell,4,3.8,1,0.026781007647514343,0.0359070859849453,6.25e-05,0.1295829564332962,190,False,1,3.415384615384619,1.1126126126126115,True,1,correct,1, The bell rings fine.
llasa1b,sr_s1_k01,1,sentence_rep,s1,1,1,4,bell,4,40.96,0,0.0010952450102195144,0.015759827569127083,5.70275,0.9213685989379883,2048,True,19,3.415384615384619,11.99279279279278,False,19,loop,0, Thank you. Thank you.
llasa1b,sr_s1_k01,2,sentence_rep,s1,1,1,4,bell,4,2.1,1,0.090134397149086,0.04631494730710983,0.3730625,0.11882492899894714,105,False,0,3.415384615384619,0.6148648648648642,True,1,truncation,0, The bell rang twice.
llasa1b,sr_s1_k02,0,sentence_rep,s1,2,2,8,bell,8,4.24,2,0.037670645862817764,0.04390866309404373,0.0035,0.2597493529319763,212,False,1,5.472820512820515,0.7747376311844074,True,2,correct,1, The bell rang twice. The bell rang twice.
llasa1b,sr_s1_k02,1,sentence_rep,s1,2,2,8,bell,10,9.58,2,0.05353378504514694,0.05978284031152725,4.50075,0.3886479139328003,479,False,4,5.472820512820515,1.750468515742128,False,4,loop,0, The bell rang to us. The bell rang to us.
llasa1b,sr_s1_k02,2,sentence_rep,s1,2,2,8,bell,8,4.46,2,0.02599455788731575,0.1115555390715599,0.3483125,0.44997134804725647,223,False,2,5.472820512820515,0.8149362818590701,True,2,correct,1, The bell rang twice. The bell rang twice.
llasa1b,sr_s1_k03,0,sentence_rep,s1,3,3,12,bell,12,9.06,3,0.027260243892669678,0.045639991760253906,1.5423125,0.2883818447589874,453,False,4,7.530256410256413,1.2031462816671203,True,3,correct,1, the bell rang twice the bell rang twice the bell rang twice
llasa1b,sr_s1_k03,1,sentence_rep,s1,3,3,12,bell,12,6.34,3,0.17588689923286438,0.10062190145254135,0.181375,0.5759676098823547,317,False,2,7.530256410256413,0.841936801961318,True,3,correct,1, The bell rang twice. The bell rang twice. The bell rang twice.
llasa1b,sr_s1_k03,2,sentence_rep,s1,3,3,12,bell,12,6.26,3,0.03628769889473915,0.11515440046787262,0.57175,0.6128454804420471,313,False,2,7.530256410256413,0.8313129937346768,True,3,correct,1, The bell rang twice. The bell rang twice. The bell rang twice.
llasa1b,sr_s1_k04,0,sentence_rep,s1,4,4,16,bell,5,40.96,1,0.0035202931612730026,0.00023283905466087162,0.031,0.4900267422199249,2048,True,19,9.58769230769231,4.272143774069319,False,19,loop,0, The bell rang. Thank you.
llasa1b,sr_s1_k04,1,sentence_rep,s1,4,4,16,bell,4,8.46,1,0.11800544708967209,0.07021541893482208,0.4048125,0.6688975691795349,423,False,3,9.58769230769231,0.8823812580231065,False,3,undercount,0, The bell rang twice.
llasa1b,sr_s1_k04,2,sentence_rep,s1,4,4,16,bell,16,9.72,4,0.025942621752619743,0.12540335953235626,1.5160625,0.2954269349575043,486,False,4,9.58769230769231,1.0137997432605903,True,4,correct,1, The bell rang twice. The bell rang twice. The bell rang twice. The bell rang twice.
llasa1b,sr_s1_k06,0,sentence_rep,s1,6,6,24,bell,24,13.28,6,0.088746078312397,0.03732537850737572,0.4051875,0.6310541033744812,664,False,6,13.702564102564104,0.9691616766467065,True,6,correct,1, The bell rang twice. The bell rang twice. The bell rang twice. The bell rang twice. The bell rang twice. The bell rang twice.
llasa1b,sr_s1_k06,1,sentence_rep,s1,6,6,24,bell,24,9.18,6,0.16571563482284546,0.06988441944122314,0.2995625,0.33218225836753845,459,False,4,13.702564102564104,0.669947604790419,False,6,truncation,0, The bell rang twice. The bell rang twice. The bell rang twice. The bell rang twice. The bell rang twice. The bell rang twice.
llasa1b,sr_s1_k06,2,sentence_rep,s1,6,6,24,bell,6,40.96,1,0.04734765738248825,0.11172962188720703,22.88925,0.358329713344574,2048,True,19,13.702564102564104,2.9892215568862275,False,19,loop,0, The bell rang twice Thank you.
llasa1b,sr_s1_k08,0,sentence_rep,s1,8,8,32,bell,4,16.06,1,0.1584433764219284,0.0676494762301445,0.4404375,0.605156421661377,803,False,7,17.8174358974359,0.9013642643334099,False,7,undercount,0, The bell rang twice.
llasa1b,sr_s1_k08,1,sentence_rep,s1,8,8,32,bell,4,17.22,1,0.15186958014965057,0.047799646854400635,0.2774375,0.6224656105041504,861,False,8,17.8174358974359,0.9664690306239925,False,8,undercount,0, The bell rang twice.
llasa1b,sr_s1_k08,2,sentence_rep,s1,8,8,32,bell,4,20.1,1,0.03248170018196106,0.070654958486557,0.500625,0.5317476987838745,1005,False,9,17.8174358974359,1.1281084503799217,False,9,undercount,0, The bell rang twice.
llasa1b,sr_s1_k12,0,sentence_rep,s1,12,12,48,bell,356,29.62,89,0.13994909822940826,0.06324868649244308,0.508375,0.35673779249191284,1481,False,14,26.047179487179488,1.1371672704362892,False,89,overcount,0, The bell rang twice. The bell rang twice. The bell rang twice. The bell rang twice. The bell rang twice. The bell rang twice. The bell rang twice. The bell rang twice. The bell rang twice. The bell rang twice. The bell rang twice. The bell rang twice. The bell rang twice. The bell rang twice. The bell rang twice. The bell rang twice. The bell rang twice. The bell rang twice. The bell rang twice. The bell rang twice. The bell rang twice. The bell rang twice. The bell rang twice. The bell rang twice. The bell rang twice. The bell rang twice. The bell rang twice. The bell rang twice. The bell rang twice. The bell rang twice. The bell rang twice. The bell rang twice. The bell rang twice. The bell rang twice. The bell rang twice. The bell rang twice. The bell rang twice. The bell rang twice. The bell rang twice. The bell rang twice. The bell rang twice. The bell rang twice. The bell rang twice. The bell rang twice. The bell rang twice. The bell rang twice. The bell rang twice. The bell rang twice. The bell rang twice. The bell rang twice. The bell rang twice. The bell rang twice. The bell rang twice. The bell rang twice. The bell rang twice. The bell rang twice. The bell rang twice. The bell rang twice. The bell rang twice. The bell rang twice. The bell rang twice. The bell rang twice. The bell rang twice. The bell rang twice. The bell rang twice. The bell rang twice. The bell rang twice. The bell rang twice. The bell rang twice. The bell rang twice. The bell rang twice. The bell rang twice. The bell rang twice. The bell rang twice. The bell rang twice. The bell rang twice. The bell rang twice. The bell rang twice. The bell rang twice. The bell rang twice. The bell rang twice. The bell rang twice. The bell rang twice. The bell rang twice. The bell rang twice. The bell rang twice. The bell rang twice. The bell rang twice. The bell rang twice
llasa1b,sr_s1_k12,1,sentence_rep,s1,12,12,48,bell,4,17.4,1,0.1729271560907364,0.04685435816645622,0.345125,0.6798014640808105,870,False,8,26.047179487179488,0.668018585604032,False,8,truncation,0, The bell rang twice.
llasa1b,sr_s1_k12,2,sentence_rep,s1,12,12,48,bell,6,40.96,2,0.044725969433784485,0.024344338104128838,29.7306875,0.7098560333251953,2048,True,19,26.047179487179488,1.572531107260986,False,19,loop,0, The bell. The bell. Thank you.
llasa1b,sr_s1_k16,0,sentence_rep,s1,16,16,64,bell,12,31.64,3,0.09003259986639023,0.06205949932336807,0.179875,0.32534298300743103,1582,False,15,34.276923076923076,0.9230700179533214,False,15,undercount,0, The bell rang twice. The bell rang twice. The bell rang twice.
llasa1b,sr_s1_k16,1,sentence_rep,s1,16,16,64,bell,4,27.02,1,0.14200663566589355,0.05546700209379196,0.3686875,0.6286060810089111,1351,False,12,34.276923076923076,0.7882854578096948,False,12,undercount,0, The bell rang twice.
llasa1b,sr_s1_k16,2,sentence_rep,s1,16,16,64,bell,8,34.04,2,0.06851083040237427,0.0847434252500534,0.3835,0.434200257062912,1702,False,16,34.276923076923076,0.9930879712746858,False,16,undercount,0, The bell rang twice. The bell rang twice.
llasa1b,sr_s2_k01,0,sentence_rep,s2,1,1,4,stones,4,2.56,1,0.07230823487043381,0.0136841656640172,6.25e-05,0.25965362787246704,128,False,1,2.724444444444446,0.9396411092985314,True,1,correct,1, He counted the stones.
llasa1b,sr_s2_k01,1,sentence_rep,s2,1,1,4,stones,4,4.88,1,0.0054595451802015305,0.05558853596448898,0.853125,0.00910012237727642,244,False,2,2.724444444444446,1.7911908646003254,True,1,loop,0, He counted the stones.
llasa1b,sr_s2_k01,2,sentence_rep,s2,1,1,4,stones,4,2.06,1,0.021957704797387123,0.05366424843668938,0.0044375,0.12828859686851501,103,False,1,2.724444444444446,0.756117455138662,True,1,correct,1, He counted the stones.
llasa1b,sr_s2_k02,0,sentence_rep,s2,2,2,8,stones,8,4.34,2,0.013586010783910751,0.03154250234365463,0.018125,0.3442697525024414,217,False,2,4.857777777777779,0.8934126258005488,True,2,correct,1, He counted the stones. He counted the stones.
llasa1b,sr_s2_k02,1,sentence_rep,s2,2,2,8,stones,8,3.62,2,0.13564720749855042,0.1107310801744461,0.2359375,0.45696160197257996,181,False,1,4.857777777777779,0.7451967063129001,True,2,correct,1, He counted the stones. He counted the stones.
llasa1b,sr_s2_k02,2,sentence_rep,s2,2,2,8,stones,8,3.96,2,0.03763224557042122,0.04028133675456047,0.562125,0.40500572323799133,198,False,2,4.857777777777779,0.8151875571820676,True,2,correct,1," He counted the stones, he counted the stones."
llasa1b,sr_s2_k03,0,sentence_rep,s2,3,3,12,stones,12,5.54,3,0.020886853337287903,0.05136333033442497,6.25e-05,0.33580443263053894,277,False,2,6.99111111111111,0.7924348378893835,True,3,correct,1, He counted the stones. He counted the stones. He counted the stones.
llasa1b,sr_s2_k03,1,sentence_rep,s2,3,3,12,stones,12,9.72,3,0.021638603881001472,0.16187824308872223,2.2351875,0.32228150963783264,486,False,4,6.99111111111111,1.3903369357914817,True,3,correct,1, he counted the stones he counted the stones he counted the stones
llasa1b,sr_s2_k03,2,sentence_rep,s2,3,3,12,stones,12,7.04,3,0.02475828304886818,0.11830475926399231,0.510125,0.39136555790901184,352,False,3,6.99111111111111,1.006993006993007,True,3,correct,1, he counted the stones he counted the stones he counted the stones
llasa1b,sr_s2_k04,0,sentence_rep,s2,4,4,16,stones,16,13.06,4,0.0032948553562164307,0.13078632950782776,6.25e-05,0.2399326115846634,653,False,6,9.124444444444443,1.4313200194836828,False,6,correct,1, He counted the stones. He counted the stones. He counted the stones. He counted the stones.
llasa1b,sr_s2_k04,1,sentence_rep,s2,4,4,16,stones,4,8.5,1,0.12551744282245636,0.061938270926475525,0.2025,0.2098870426416397,425,False,4,9.124444444444443,0.9315635655138823,False,4,undercount,0, He counted the stones.
llasa1b,sr_s2_k04,2,sentence_rep,s2,4,4,16,stones,16,11.24,4,0.023225801065564156,0.1424361765384674,2.3505,0.445395290851593,562,False,5,9.124444444444443,1.231855820750122,True,4,correct,1, he counted the stones he counted the stones he counted the stones he counted the stones
llasa1b,sr_s2_k06,0,sentence_rep,s2,6,6,24,stones,4,40.96,0,0.12151848524808884,0.04323134198784828,5.6265,0.8630825877189636,2048,True,19,13.391111111111107,3.0587454364420856,False,19,loop,0, he he Thank you.
llasa1b,sr_s2_k06,1,sentence_rep,s2,6,6,24,stones,24,20.68,6,0.06874004006385803,0.03390692174434662,1.6189375,0.396100252866745,1034,False,9,13.391111111111107,1.54430799867242,False,9,miscount,0, He counted the stones. He counted the stones. He counted the stones. He counted the stones. He counted the stones. He counted the stones.
llasa1b,sr_s2_k06,2,sentence_rep,s2,6,6,24,stones,4,18.46,1,0.03293121978640556,0.06852039694786072,0.839,0.20298920571804047,923,False,8,13.391111111111107,1.3785263856621313,False,8,undercount,0, he counted the stones
llasa1b,sr_s2_k08,0,sentence_rep,s2,8,8,32,stones,40,13.28,10,0.0629052072763443,0.029393525794148445,0.39075,0.4384653568267822,664,False,6,17.657777777777774,0.7520765164862825,False,10,overcount,0, he counted the stones he counted the stones he counted the stones he counted the stones he counted the stones he counted the stones he counted the stones he counted the stones he counted the stones he counted the stones
llasa1b,sr_s2_k08,1,sentence_rep,s2,8,8,32,stones,356,23.9,89,0.14014875888824463,0.03828153759241104,0.382125,0.45183345675468445,1195,False,11,17.657777777777774,1.3535112006040777,False,89,overcount,0, He counted the stones. He counted the stones. He counted the stones. He counted the stones. He counted the stones. He counted the stones. He counted the stones. He counted the stones. He counted the stones. He counted the stones. He counted the stones. He counted the stones. He counted the stones. He counted the stones. He counted the stones. He counted the stones. He counted the stones. He counted the stones. He counted the stones. He counted the stones. He counted the stones. He counted the stones. He counted the stones. He counted the stones. He counted the stones. He counted the stones. He counted the stones. He counted the stones. He counted the stones. He counted the stones. He counted the stones. He counted the stones. He counted the stones. He counted the stones. He counted the stones. He counted the stones. He counted the stones. He counted the stones. He counted the stones. He counted the stones. He counted the stones. He counted the stones. He counted the stones. He counted the stones. He counted the stones. He counted the stones. He counted the stones. He counted the stones. He counted the stones. He counted the stones. He counted the stones. He counted the stones. He counted the stones. He counted the stones. He counted the stones. He counted the stones. He counted the stones. He counted the stones. He counted the stones. He counted the stones. He counted the stones. He counted the stones. He counted the stones. He counted the stones. He counted the stones. He counted the stones. He counted the stones. He counted the stones. He counted the stones. He counted the stones. He counted the stones. He counted the stones. He counted the stones. He counted the stones. He counted the stones. He counted the stones. He counted the stones. He counted the stones. He counted the stones. He counted the stones. He counted the stones. He counted the stones. He counted the stones. He counted the stones. He counted the stones. He counted the stones. He counted the stones. He counted the stones. He counted the stones
llasa1b,sr_s2_k08,2,sentence_rep,s2,8,8,32,stones,36,19.26,9,0.07060929387807846,0.06790440529584885,1.182875,0.29067736864089966,963,False,9,17.657777777777774,1.0907374779763406,True,9,overcount,0, He counted the stones. He counted the stones. He counted the stones. He counted the stones. He counted the stones. He counted the stones. He counted the stones. He counted the stones. He counted the stones.
llasa1b,sr_s2_k12,0,sentence_rep,s2,12,12,48,stones,10,40.96,2,0.04850276932120323,0.04846924915909767,24.0524375,0.38095948100090027,2048,True,19,26.191111111111102,1.5638893602579338,False,19,loop,0, He counted the stones. He counted the stones. Thank you.
llasa1b,sr_s2_k12,1,sentence_rep,s2,12,12,48,stones,6,40.96,1,0.007109121419489384,0.06673043966293335,25.4615625,0.36577552556991577,2048,True,19,26.191111111111102,1.5638893602579338,False,19,loop,0, He counted the stones. Thank you.
llasa1b,sr_s2_k12,2,sentence_rep,s2,12,12,48,stones,4,19.36,1,0.04939982667565346,0.030329028144478798,0.1123125,0.6267884969711304,968,False,9,26.191111111111102,0.7391820804344139,False,9,undercount,0, He counted the stones.
llasa1b,sr_s2_k16,0,sentence_rep,s2,16,16,64,stones,4,40.96,0,0.24920347332954407,0.007363531738519669,6.25e-05,0.8007825016975403,2048,True,19,34.72444444444443,1.1795725073595296,False,19,loop,0, He can dance HE
llasa1b,sr_s2_k16,1,sentence_rep,s2,16,16,64,stones,6,40.96,1,0.004169019404798746,0.024436360225081444,38.66325,0.45738109946250916,2048,True,19,34.72444444444443,1.1795725073595296,False,19,loop,0, He counted the stones. Thank you.
llasa1b,sr_s2_k16,2,sentence_rep,s2,16,16,64,stones,24,30.9,6,0.024606354534626007,0.03395165875554085,0.02325,0.4267915189266205,1545,False,14,34.72444444444443,0.8898630487648794,False,14,undercount,0," He counted the stones. He counted the stones, he counted the stones, he counted the stones, he counted the stones, he counted the stones."
llasa1b,sr_s3_k01,0,sentence_rep,s3,1,1,5,rain,3,2.44,0,0.009490486234426498,0.07460770756006241,6.25e-05,0.36073821783065796,122,False,1,-0.4542857142857102,nan,True,0,undercount,0, Riff and off.
llasa1b,sr_s3_k01,1,sentence_rep,s3,1,1,5,rain,1,9.4,0,0.005996630061417818,0.027362052351236343,6.25e-05,0.4567749798297882,470,False,2,-0.4542857142857102,nan,False,2,undercount,0, you
llasa1b,sr_s3_k01,2,sentence_rep,s3,1,1,5,rain,5,2.32,1,0.10876571387052536,0.026047678664326668,0.6725,0.2732533812522888,116,False,1,-0.4542857142857102,nan,True,1,miscount,0, Rain fell on the roof.
llasa1b,sr_s3_k02,0,sentence_rep,s3,2,2,10,rain,10,5.22,2,0.13398019969463348,0.05998830497264862,0.3058125,0.4686225652694702,261,False,2,7.57428571428572,0.6891738966427757,True,2,truncation,0, Rain fell on the roof. Rain fell on the roof.
llasa1b,sr_s3_k02,1,sentence_rep,s3,2,2,10,rain,5,25.22,1,0.0436396598815918,0.02695387788116932,6.25e-05,0.25236690044403076,1261,False,4,7.57428571428572,3.329686910599771,False,4,loop,0, Rain fell on the roof.
llasa1b,sr_s3_k02,2,sentence_rep,s3,2,2,10,rain,10,4.38,2,0.045072849839925766,0.0766233429312706,0.307625,0.31561389565467834,219,False,2,7.57428571428572,0.578272350056582,True,2,truncation,0, Rain fell on the roof. Rain fell on the roof.
llasa1b,sr_s3_k03,0,sentence_rep,s3,3,3,15,rain,15,13.78,3,0.05589505657553673,0.026173628866672516,6.25e-05,0.3881241977214813,689,False,3,15.602857142857149,0.8831715802966486,True,3,correct,1, rain fell on the roof rain fell on the roof rain fell on the roof
llasa1b,sr_s3_k03,1,sentence_rep,s3,3,3,15,rain,12,20.2,3,0.03359914571046829,0.05224165692925453,6.7415625,0.33094826340675354,1010,False,4,15.602857142857149,1.2946346822926198,True,3,correct,1, Rain fell on the roof. Rain fell on the roof. Rain fell.
llasa1b,sr_s3_k03,2,sentence_rep,s3,3,3,15,rain,5,6.44,1,0.07698775082826614,0.06509553641080856,0.010125,0.40122196078300476,322,False,2,15.602857142857149,0.4127449185130927,True,1,truncation,0, Rain fell on the roof.
llasa1b,sr_s3_k04,0,sentence_rep,s3,4,4,20,rain,5,12.88,1,0.05175803601741791,0.04163976013660431,0.1055,0.4275895357131958,644,False,3,23.63142857142858,0.5450368758312174,False,3,truncation,0, Rain fell on the roof.
llasa1b,sr_s3_k04,1,sentence_rep,s3,4,4,20,rain,5,15.1,1,0.04945354163646698,0.06958393007516861,2.85575,0.33062976598739624,755,False,3,23.63142857142858,0.6389795671623744,False,3,truncation,0, Rain fell on the roof.
llasa1b,sr_s3_k04,2,sentence_rep,s3,4,4,20,rain,15,9.78,3,0.061942871659994125,0.03552856296300888,0.0265,0.3552468419075012,489,False,2,23.63142857142858,0.41385564018861065,True,3,truncation,0, rain fell on the roof rain fell on the roof rain fell on the roof
llasa1b,sr_s3_k06,0,sentence_rep,s3,6,6,30,rain,3,40.96,1,0.0070263477973639965,0.004406016319990158,38.425375,0.5110511183738708,2048,True,6,39.688571428571436,1.0320351306601394,False,6,loop,0, rain Thank you.
llasa1b,sr_s3_k06,1,sentence_rep,s3,6,6,30,rain,22,40.96,4,0.0672721266746521,0.05032295733690262,32.3725,0.5062471032142639,2048,True,6,39.688571428571436,1.0320351306601394,False,6,loop,0, Rain fell on the roof. Rain fell on the roof. Rain fell on the roof. Rain fell on the roof. Thank you.
llasa1b,sr_s3_k06,2,sentence_rep,s3,6,6,30,rain,11,40.96,3,0.08010920137166977,0.02430119924247265,4.597,0.5576902627944946,2048,True,6,39.688571428571436,1.0320351306601394,False,6,loop,0, rain fell on rain fell on rains rains rains Rain. One.
llasa1b,sr_s3_k08,0,sentence_rep,s3,8,8,40,rain,3,40.96,1,0.01763453148305416,0.04849524423480034,39.9114375,0.4134522080421448,2048,True,6,55.7457142857143,0.7347650043565167,False,6,loop,0, Rain. Thank you.
llasa1b,sr_s3_k08,1,sentence_rep,s3,8,8,40,rain,10,40.96,4,0.04394269734621048,0.010505028069019318,18.9995,0.19185765087604523,2048,True,6,55.7457142857143,0.7347650043565167,False,6,loop,0," rain, rain fell on rain, fell on rain Thank you."
llasa1b,sr_s3_k08,2,sentence_rep,s3,8,8,40,rain,22,40.96,5,0.03874308615922928,0.06554075330495834,6.25e-05,0.2553994357585907,2048,True,6,55.7457142857143,0.7347650043565167,True,5,loop,0, Rain fell on the roof. Rain fell on the roof. Rain fell on the roof. Rain fell on the roof. Rain fell.
llasa1b,sr_s3_k12,0,sentence_rep,s3,12,12,60,rain,4,40.96,0,0.003526618704199791,3.1261934054782614e-05,6.25e-05,0.10909359157085419,2048,True,6,87.86000000000001,0.4661962212610971,False,6,loop,0, Thank you. Thank you.
llasa1b,sr_s3_k12,1,sentence_rep,s3,12,12,60,rain,17,40.96,5,0.07798626273870468,0.050809480249881744,6.25e-05,0.2022385448217392,2048,True,6,87.86000000000001,0.4661962212610971,True,5,loop,0, rain fell on rain fell on rain fell on Rain fell on the roof. rain fell on
llasa1b,sr_s3_k12,2,sentence_rep,s3,12,12,60,rain,16,40.96,6,0.05136944353580475,0.02093544788658619,1.579875,0.2384178340435028,2048,True,6,87.86000000000001,0.4661962212610971,True,6,loop,0, rain fell rain rain fell rain fell the roof rain fell on the rove rain fell
llasa1b,sr_s3_k16,0,sentence_rep,s3,16,16,80,rain,3,40.96,1,0.01327151246368885,0.03267758712172508,0.006875,0.49550551176071167,2048,True,6,119.97428571428574,0.3414064918673048,False,6,loop,0, rain. Thank you.
llasa1b,sr_s3_k16,1,sentence_rep,s3,16,16,80,rain,7,40.96,1,0.06707445532083511,0.06727612018585205,14.4586875,0.4412873685359955,2048,True,6,119.97428571428574,0.3414064918673048,False,6,loop,0, Rain fell on the roof Thank you.
llasa1b,sr_s3_k16,2,sentence_rep,s3,16,16,80,rain,3,40.96,1,0.014548069797456264,0.03017955645918846,39.3670625,0.3687589466571808,2048,True,6,119.97428571428574,0.3414064918673048,False,6,loop,0, Rain. Thank you.
llasa1b,sr_s4_k01,0,sentence_rep,s4,1,1,4,door,4,3.56,1,0.0435292087495327,0.07686629146337509,0.522625,0.07912524789571762,178,False,1,3.5172413793103443,1.0121568627450983,True,1,correct,1, The door stared up.
llasa1b,sr_s4_k01,1,sentence_rep,s4,1,1,4,door,4,3.36,1,0.041395701467990875,0.04278368502855301,0.47675,0.10508657991886139,168,False,1,3.5172413793103443,0.955294117647059,True,1,correct,1, The door stared open.
llasa1b,sr_s4_k01,2,sentence_rep,s4,1,1,4,door,5,2.86,0,0.13162861764431,0.005728935357183218,0.625625,0.20689615607261658,143,False,1,3.5172413793103443,0.8131372549019609,True,0,undercount,0, The doors aren't opening.
llasa1b,sr_s4_k02,0,sentence_rep,s4,2,2,8,door,4,3.5,1,0.1950559765100479,0.02061181329190731,0.13075,0.46358153223991394,175,False,1,5.99103448275862,0.5842062852538277,True,1,truncation,0, The door stayed open.
llasa1b,sr_s4_k02,1,sentence_rep,s4,2,2,8,door,8,6.22,2,0.1631326973438263,0.056216657161712646,0.2888125,0.1753537505865097,311,False,2,5.99103448275862,1.0382180269368022,True,2,correct,1, The door stayed open. The door stayed open.
llasa1b,sr_s4_k02,2,sentence_rep,s4,2,2,8,door,4,3.88,1,0.01930098794400692,0.12554191052913666,0.726125,0.4768098294734955,194,False,1,5.99103448275862,0.6476343962242432,True,1,truncation,0, The door stayed open.
llasa1b,sr_s4_k03,0,sentence_rep,s4,3,3,12,door,12,6.98,3,0.04461757466197014,0.08017419278621674,0.48375,0.5293530225753784,349,False,2,8.464827586206896,0.8245885611862475,True,3,correct,1, the door stayed open the door stayed open the door stayed open
llasa1b,sr_s4_k03,1,sentence_rep,s4,3,3,12,door,12,12.26,3,0.08710487931966782,0.04006556421518326,1.9150625,0.27158844470977783,613,False,5,8.464827586206896,1.4483460974417468,False,5,correct,1, The door stayed open. The door stayed open. The door stayed open.
llasa1b,sr_s4_k03,2,sentence_rep,s4,3,3,12,door,12,6.04,3,0.02078453078866005,0.09523500502109528,0.553375,0.36087918281555176,302,False,2,8.464827586206896,0.7135408179892456,True,3,correct,1, The door stayed open. The door stayed open. The door stayed open.
llasa1b,sr_s4_k04,0,sentence_rep,s4,4,4,16,door,4,12.28,1,0.11861501634120941,0.05065323784947395,0.4409375,0.36270588636398315,614,False,5,10.938620689655172,1.1226278292667549,False,5,undercount,0, The door stayed open.
llasa1b,sr_s4_k04,1,sentence_rep,s4,4,4,16,door,4,40.96,0,0.00016237638192251325,0.03243344649672508,6.25e-05,0.2191602885723114,2048,True,16,10.938620689655172,3.7445306096715214,False,16,empty,0, Thank you. Thank you.
llasa1b,sr_s4_k04,2,sentence_rep,s4,4,4,16,door,4,10.44,1,0.009642113000154495,0.12483369559049606,0.5858125,0.25629544258117676,522,False,4,10.938620689655172,0.954416493285417,False,4,undercount,0, The door stayed open.
llasa1b,sr_s4_k06,0,sentence_rep,s4,6,6,24,door,4,17.52,1,0.06537673622369766,0.0827985480427742,1.501,0.3167863190174103,876,False,7,15.886206896551723,1.1028434990232256,False,7,undercount,0, The door stayed open.
llasa1b,sr_s4_k06,1,sentence_rep,s4,6,6,24,door,4,11.4,1,0.1633562594652176,0.048239484429359436,0.20575,0.5572681427001953,570,False,4,15.886206896551723,0.7176036466247017,False,4,undercount,0, The door stayed open.
llasa1b,sr_s4_k06,2,sentence_rep,s4,6,6,24,door,4,25.24,1,0.028113342821598053,0.0062032295390963554,1.5028125,0.28032419085502625,1262,False,10,15.886206896551723,1.5887996527024093,False,10,undercount,0, The door stayed open.
llasa1b,sr_s4_k08,0,sentence_rep,s4,8,8,32,door,7,19.82,2,0.03121240995824337,0.021956324577331543,6.25e-05,0.35966774821281433,991,False,8,20.833793103448276,0.9513390049323049,False,8,undercount,0, Door stayed open. The door stayed open.
llasa1b,sr_s4_k08,1,sentence_rep,s4,8,8,32,door,4,24.2,1,0.08402688056230545,0.04286026582121849,0.3116875,0.3689037561416626,1210,False,9,20.833793103448276,1.1615743652553874,False,9,undercount,0, The door stayed open.
llasa1b,sr_s4_k08,2,sentence_rep,s4,8,8,32,door,5,40.96,0,0.30205273628234863,0.0074849361553788185,6.25e-05,0.7242786288261414,2048,True,16,20.833793103448276,1.966036611605813,False,16,loop,0, Do Stay Do Do OM
llasa1b,sr_s4_k12,0,sentence_rep,s4,12,12,48,door,23,24.04,6,0.07855702936649323,0.01864486373960972,0.02225,0.29550912976264954,1202,False,9,30.728965517241377,0.782323765064973,False,9,undercount,0, Door stayed open. The door stayed open. The door stayed open. The door stayed open. The door stayed open. The door stayed open.
llasa1b,sr_s4_k12,1,sentence_rep,s4,12,12,48,door,2,40.96,0,0.0257490873336792,0.007151686120778322,0.0124375,0.3622710406780243,2048,True,16,30.728965517241377,1.332944318513365,False,16,loop,0, 度 知 度 知 Thank you.
llasa1b,sr_s4_k12,2,sentence_rep,s4,12,12,48,door,23,31.92,6,0.08157978951931,0.04274575784802437,0.0613125,0.4025803208351135,1596,False,12,30.728965517241377,1.03875934196647,False,12,undercount,0, The door stayed. The door stayed. The door stayed open. The door stayed open. The door stayed open. The door stayed open. Open
llasa1b,sr_s4_k16,0,sentence_rep,s4,16,16,64,door,10,40.96,0,0.01974811777472496,0.001257508061826229,22.4293125,0.7447992563247681,2048,True,16,40.62413793103448,1.00826754944402,False,16,loop,0, Do-Z. Do-Z. Do-Z. Do-Z. Thank you.
llasa1b,sr_s4_k16,1,sentence_rep,s4,16,16,64,door,12,40.96,3,0.08739540725946426,0.027167392894625664,13.8185,0.5311049222946167,2048,True,16,40.62413793103448,1.00826754944402,False,16,loop,0, The door stayed open. The door stayed open. The door stayed open.
llasa1b,sr_s4_k16,2,sentence_rep,s4,16,16,64,door,4,40.96,0,0.06097167357802391,0.01862170733511448,35.175875,0.8543198108673096,2048,True,16,40.62413793103448,1.00826754944402,False,16,loop,0, The doors. Thank you.
llasa1b,tw_w1_k1,0,twisters,w1,1,2,8,sea,6,2.9,0,0.050687965005636215,0.05248143523931503,0.3144375,0.17257970571517944,145,False,0,6.49187261146496,0.4467124008068889,True,0,truncation,0, She sells seashells at the Cinchon.
llasa1b,tw_w1_k1,1,twisters,w1,1,2,8,sea,10,7.84,0,0.0012993491254746914,0.06613731384277344,4.0099375,0.3169226050376892,392,False,2,6.49187261146496,1.2076638697675894,False,2,undercount,0, She's house and house back in the city hall.
llasa1b,tw_w1_k1,2,twisters,w1,1,2,8,sea,6,3.04,0,0.07088833302259445,0.03272705897688866,6.25e-05,0.1679922491312027,152,False,0,6.49187261146496,0.46827782705273874,True,0,truncation,0, She sells seashells at a seafloor.
llasa1b,tw_w1_k2,0,twisters,w1,2,4,16,sea,6,7.42,0,0.19629885256290436,0.06534717977046967,0.2350625,0.3950892388820648,371,False,2,7.663184713375797,0.9682658421437594,False,2,undercount,0, She sells seashells by the seashore.
llasa1b,tw_w1_k2,1,twisters,w1,2,4,16,sea,12,9.0,0,0.1509629786014557,0.04513576999306679,0.421875,0.39050495624542236,450,False,3,7.663184713375797,1.1744464392579292,False,3,undercount,0, She sells seashells by the seashore. She sells seashells by the seashore.
llasa1b,tw_w1_k2,2,twisters,w1,2,4,16,sea,6,7.1,0,0.12713278830051422,0.044127728790044785,0.2354375,0.2318054884672165,355,False,2,7.663184713375797,0.9265077465256997,False,2,undercount,0, She sells seashells by the seashore.
llasa1b,tw_w1_k4,0,twisters,w1,4,8,32,sea,6,22.54,0,0.22580860555171967,0.06332789361476898,1.0508125,0.3053651750087738,1127,False,15,10.00580891719747,2.2526914302010512,False,15,loop,0, She sells seashells by the seashore.
llasa1b,tw_w1_k4,1,twisters,w1,4,8,32,sea,6,14.76,0,0.13589408993721008,0.07341329008340836,0.2558125,0.3506580591201782,738,False,8,10.00580891719747,1.4751431015868464,False,8,undercount,0, She sells seashells by the seashore.
llasa1b,tw_w1_k4,2,twisters,w1,4,8,32,sea,6,18.86,0,0.07704931497573853,0.0801590159535408,0.0329375,0.41309139132499695,943,False,12,10.00580891719747,1.8849050742498592,False,12,loop,0, She sells seashells by the seashore.
llasa1b,tw_w2_k1,0,twisters,w2,1,1,8,peck,13,8.2,0,0.04359496384859085,0.0055391788482666016,6.25e-05,0.22343574464321136,410,False,2,4.42,1.855203619909502,False,2,loop,0, T-G-I-P-P-I-P-I-P-I-P-I-P
llasa1b,tw_w2_k1,1,twisters,w2,1,1,8,peck,2,12.14,0,0.0007385836797766387,0.03608674928545952,5.9445,0.36054378747940063,607,False,3,4.42,2.746606334841629,False,3,empty,0, Peter Piper.
llasa1b,tw_w2_k1,2,twisters,w2,1,1,8,peck,7,6.84,0,0.016568543389439583,0.011093632318079472,0.0273125,0.18364761769771576,342,False,2,4.42,1.5475113122171946,False,2,undercount,0, Pizza for the people of the world.
llasa1b,tw_w2_k2,0,twisters,w2,2,2,16,peck,8,7.62,1,0.03312268853187561,0.0398482009768486,0.5528125,0.2238708734512329,381,False,2,8.84,0.8619909502262444,True,1,undercount,0, Peter Piper picked a peck of pickled peppers.
llasa1b,tw_w2_k2,1,twisters,w2,2,2,16,peck,16,10.28,2,0.14974212646484375,0.09271126985549927,0.2658125,0.21917776763439178,514,False,2,8.84,1.1628959276018098,True,2,correct,1, Peter Piper picked a peck of pickled peppers. Peter Piper picked a peck of pickled peppers.
llasa1b,tw_w2_k2,2,twisters,w2,2,2,16,peck,16,7.4,2,0.027647648006677628,0.025314290076494217,0.1880625,0.2746681571006775,370,False,2,8.84,0.8371040723981901,True,2,correct,1, Peter Piper picked a peck of pickled peppers. Peter Piper picked a peck of pickled peppers.
llasa1b,tw_w2_k4,0,twisters,w2,4,4,32,peck,32,20.98,0,0.08838774263858795,0.035279519855976105,0.2691875,0.30657753348350525,1049,False,5,17.68,1.1866515837104072,False,5,undercount,0, Peter Piper picked a pack of pickled peppers. Peter Piper picked a pack of pickled peppers. Peter Piper picked a pack of pickled peppers. Peter Piper picked a pack of pickled peppers.
llasa1b,tw_w2_k4,1,twisters,w2,4,4,32,peck,32,12.9,4,0.10456538200378418,0.07182805985212326,0.293875,0.5213608741760254,645,False,3,17.68,0.7296380090497738,True,4,correct,1, Peter Piper picked a peck of pickled peppers. Peter Piper picked a peck of pickled peppers. Peter Piper picked a peck of pickled peppers. Peter Piper picked a peck of pickled peppers.
llasa1b,tw_w2_k4,2,twisters,w2,4,4,32,peck,8,23.32,1,0.09300445765256882,0.05721769481897354,0.7988125,0.40819278359413147,1166,False,5,17.68,1.3190045248868778,False,5,undercount,0, Peter Piper picked a peck of pickled peppers.
llasa1b,tw_w3_k1,0,twisters,w3,1,1,7,chuck,8,3.02,0,0.04204921796917915,0.14370132982730865,0.53475,0.31036168336868286,151,False,1,2.58,1.1705426356589148,True,0,undercount,0, How much wood would a wet trap trap?
llasa1b,tw_w3_k1,1,twisters,w3,1,1,7,chuck,8,10.08,0,0.004491205792874098,0.03407496586441994,6.0624375,0.17917823791503906,504,False,4,2.58,3.9069767441860463,False,4,loop,0, How much wood would I want to chop?
llasa1b,tw_w3_k1,2,twisters,w3,1,1,7,chuck,7,2.8,0,0.06719958037137985,0.02618212066590786,6.25e-05,0.13516169786453247,140,False,1,2.58,1.0852713178294573,True,0,undercount,0, How much wood would a hedgehog chop?
llasa1b,tw_w3_k2,0,twisters,w3,2,2,14,chuck,7,5.86,1,0.05222292244434357,0.04536030441522598,0.3988125,0.21478785574436188,293,False,2,5.16,1.1356589147286822,True,1,undercount,0, How much wood would a woodchuck chuck?
llasa1b,tw_w3_k2,1,twisters,w3,2,2,14,chuck,14,4.56,2,0.09260545670986176,0.0655151903629303,0.152875,0.2880091071128845,228,False,2,5.16,0.883720930232558,True,2,correct,1, How much wood would a woodchuck chuck? How much wood would a woodchuck chuck?
llasa1b,tw_w3_k2,2,twisters,w3,2,2,14,chuck,14,5.76,2,0.03647220879793167,0.0858943983912468,0.8498125,0.26169297099113464,288,False,2,5.16,1.1162790697674418,True,2,correct,1, how much wood would a woodchuck chuck how much wood would a woodchuck chuck
llasa1b,tw_w3_k4,0,twisters,w3,4,4,28,chuck,7,19.48,1,0.03295359015464783,0.04724881425499916,0.3933125,0.2197544425725937,974,False,8,10.32,1.8875968992248062,False,8,loop,0, How much wood would a woodchuck chuck?
llasa1b,tw_w3_k4,1,twisters,w3,4,4,28,chuck,7,9.02,1,0.15239420533180237,0.04200943559408188,0.2638125,0.6077975630760193,451,False,3,10.32,0.8740310077519379,False,3,undercount,0, How much wood would a woodchuck chuck?
llasa1b,tw_w3_k4,2,twisters,w3,4,4,28,chuck,7,19.62,1,0.07872579246759415,0.036083295941352844,0.7706875,0.3897441327571869,981,False,8,10.32,1.9011627906976745,False,8,loop,0, How much wood would a woodchuck chuck?
llasa1b,tw_w4_k1,0,twisters,w4,1,4,8,lorry,4,40.96,0,0.0015301047824323177,0.01392088271677494,6.25e-05,0.42111682891845703,2048,True,30,6.49187261146496,6.309427564500059,False,30,loop,0, Thank you. Thank you.
llasa1b,tw_w4_k1,1,twisters,w4,1,4,8,lorry,2,6.04,1,0.05635790899395943,0.02619815059006214,0.6958125,0.16552186012268066,302,False,1,6.49187261146496,0.9303941037495204,True,1,undercount,0, Red lorry.
llasa1b,tw_w4_k1,2,twisters,w4,1,4,8,lorry,2,40.96,0,0.018903791904449463,0.015723368152976036,19.809875,0.9095974564552307,2048,True,30,6.49187261146496,6.309427564500059,False,30,loop,0,. Thank you.
llasa1b,tw_w4_k2,0,twisters,w4,2,8,16,lorry,8,37.02,2,0.06033552438020706,0.028950346633791924,0.004625,0.354445219039917,1851,False,27,7.663184713375797,4.830889686814283,False,27,loop,0," red lorry, yellow lorry Yellow. Lori. Red Lori."
llasa1b,tw_w4_k2,1,twisters,w4,2,8,16,lorry,16,22.54,0,0.14835797250270844,0.022097323089838028,2.460625,0.3728764057159424,1127,False,15,7.663184713375797,2.9413358600970807,False,15,loop,0," Red, Lori, Yellow, Lori Red, Lori, Yellow, Lori Red, Lori, Yellow, Lori Red, Lori, Yellow, Lori"
llasa1b,tw_w4_k2,2,twisters,w4,2,8,16,lorry,3,40.96,0,0.0364094041287899,0.007040803786367178,19.396,0.5458928942680359,2048,True,30,7.663184713375797,5.345036239111643,False,30,loop,0, Red Thank you.
llasa1b,tw_w4_k4,0,twisters,w4,4,16,32,lorry,28,32.68,12,0.12253419309854507,0.016808586195111275,0.00175,0.2553252577781677,1634,False,23,10.00580891719747,3.266102747957868,False,23,loop,0," Red lorry, yellow lorry. Red lorry, yellow lorry. Red lorry, yellow lorry. Red lorry, red lorry. Red lorry, red lorry. Yellow lorry, red lorry. Yellow, Lori. Red, Lori."
llasa1b,tw_w4_k4,1,twisters,w4,4,16,32,lorry,4,40.96,0,0.006453812588006258,0.010481376200914383,0.005375,0.7352572679519653,2048,True,30,10.00580891719747,4.093622048848051,False,30,loop,0, Thank you. Thank you.
llasa1b,tw_w4_k4,2,twisters,w4,4,16,32,lorry,3,35.92,0,0.11159685254096985,0.006415320560336113,3.33975,0.9348542094230652,1796,False,26,10.00580891719747,3.5899146483062006,False,26,loop,0, Rad... Laaarrrrrrrrrrrrrrrrrrrrrrrrrrrrrrrrrrrrrrrrrrrrrrrrrrrrrrrrrrrrrrrrrrrrrrrrrrrrrrrrrrrrrrrrrrrrrrrrrrrrrrrrrrrrrrrrrrrrrrrrrrrrrrrrrrrrrrrrrrrrrrrrrrrrrrrrrrrrrrrrrrrrrrrrrrrrrrrrrrrrrrrrrrrrrrrrrrrrrrrrrrrrrrrrrrrrrrrrrrrrrrrrrrrrrrrrrrrrrrrrrrrrrrrrrrrrrrrrrrrrrrrrrrrrrrrrrrrrrrrrrrrrrrrrrrrrrrrrrrrrrrrrrrrrrrrrrrrrrrrrrrrrrrrrrrrrrrrrrrrrrrrrrrrrrrrrrrrrrrrrrrrrrrrrrrrrrrrrrrrrrrrrrrrrrrrrrrrrrrrrrrrrrrrrrrrrrrrrrrrrrrrrrrrrrrrrrrrrrrrrrrrrrrrrrrrrrrrrrrrrrrrrrrrrrrrrrrrrrrrrrrrrrrrrrrrrrrrrrrrrrrrrrrrrrrrrrrrrrrrrrrrrrrrrrrrrrrrrrrrrrrrrrrrrrrrrrrrrrrrrrrrrrrrrrrrrrrrrrrrrrrrrrrrrrrrrrrrrrrrrrrrrrrrrrrrrrrrrrrrrrrrrrrrrrrrrrrrrrrrrrrrrrrrrrrrrrrrrrrrrrrrrrrrrrrrrrrrrrrrrrrrrrrrrrrrrrrrrrrrrrrrrrrrrrrrrrrrrrrrrrrrrrrrrrrrrrrrrrrrrrrrrrrrrrrrrrrrrrrrrrrrrrrrrrrrrrrrrrrrrrrrrrrrrrrrrrrrrrrrrrrrrrrrrrrrrrrrrrrrrrrrrrrrrrrrrrrrrrrrrrrrrrrrrrrrrrrrrrrrrrrrrr you
llasa1b,tw_w5_k1,0,twisters,w5,1,2,8,sixth,5,40.96,1,0.009222326800227165,0.017814578488469124,37.406875,0.3072505593299866,2048,True,30,6.49187261146496,6.309427564500059,False,30,loop,0, The sixth sec. Thank you.
llasa1b,tw_w5_k1,1,twisters,w5,1,2,8,sixth,4,40.96,0,0.0004812605620827526,0.019395897164940834,6.25e-05,0.6011534333229065,2048,True,30,6.49187261146496,6.309427564500059,False,30,empty,0, Thank you. Thank you.
llasa1b,tw_w5_k1,2,twisters,w5,1,2,8,sixth,3,40.96,0,0.005537702236324549,0.017799800261855125,0.012875,0.07924164831638336,2048,True,30,6.49187261146496,6.309427564500059,False,30,loop,0, This. Thank you.
llasa1b,tw_w5_k2,0,twisters,w5,2,4,16,sixth,19,15.36,0,0.022320348769426346,0.032262224704027176,0.017375,0.15089841187000275,768,False,9,7.663184713375797,2.004388589666866,False,9,loop,0, the six six shakes six six sheet is six the six six shakes six sheet is six is six
llasa1b,tw_w5_k2,1,twisters,w5,2,4,16,sixth,11,8.36,0,0.04436177387833595,0.04300900548696518,0.9869375,0.2423797994852066,418,False,3,7.663184713375797,1.0909302480218097,False,3,undercount,0," The sick, sick shakes. Sick, sick shakes. The sick, sick shakes."
llasa1b,tw_w5_k2,2,twisters,w5,2,4,16,sixth,21,40.96,2,0.03141715005040169,0.017263034358620644,31.7628125,0.503097653388977,2048,True,30,7.663184713375797,5.345036239111643,False,30,loop,0, the sixth six shakes six sheep is sick the sixth six shakes shakes six sheep is sick Thank you. Thank you.
llasa1b,tw_w5_k4,0,twisters,w5,4,8,32,sixth,727,40.96,1,0.05812454596161842,0.058272477239370346,20.993125,0.721625804901123,2048,True,30,10.00580891719747,4.093622048848051,False,30,loop,0, The sixth sick sick sick sick sick is sick. The 6666666666666666666666666666666666666666666666666666666666666666666666666666666666666666666666666666666666666666666666666666666666666666666666666666666666666666666666666666666666666666666666666666666666666666666666666666666666666666666666666666666666666666666666666666666666666666666666666666666666666666666666666666666666666666666666666666666666666666666666666666666666666666666666666666666666666666666666666666666666666666666666666666666666666666666666666666666666666666666666666666666666666666666666666666666666666666666666666666666666666666666666666666666666666666666666666666666666666666666666666666666666666666666666666666666666666666666666666666666666666666666666666666666666666666666666666666666666666666666 Thank you.
llasa1b,tw_w5_k4,1,twisters,w5,4,8,32,sixth,19,30.42,0,0.031085684895515442,0.042645908892154694,11.205625,0.20566636323928833,1521,False,21,10.00580891719747,3.0402339532704517,False,21,loop,0, The six sick sheiks' six sheep is sick. The six sick sheiks' six sheep is sick. Sick. Thank you.
llasa1b,tw_w5_k4,2,twisters,w5,4,8,32,sixth,9,13.72,0,0.14025908708572388,0.06629490107297897,0.3466875,0.27809208631515503,686,False,7,10.00580891719747,1.3712034792528138,False,7,undercount,0, The sick sick shake sick's sheep is sick.
llasa1b,tw_w6_k1,0,twisters,w6,1,0,5,s,5,3.76,0,0.012507464736700058,0.0651758462190628,0.8078125,0.4445587694644928,188,False,0,6.49187261146496,0.5791857334599663,True,0,truncation,0, six licks slim sycalose athens
llasa1b,tw_w6_k1,1,twisters,w6,1,0,5,s,1,12.76,0,0.00048199298908002675,0.017306137830018997,6.25e-05,0.5260279774665833,638,False,6,6.49187261146496,1.9655345635503112,False,6,empty,0, you
llasa1b,tw_w6_k1,2,twisters,w6,1,0,5,s,224,40.96,0,0.01631896384060383,0.017050817608833313,34.1675625,0.5221253037452698,2048,True,30,6.49187261146496,6.309427564500059,False,30,loop,0," 6, 6, 6, 6, 6, 6, 6, 6, 6, 6, 6, 6, 6, 6, 6, 6, 6, 6, 6, 6, 6, 6, 6, 6, 6, 6, 6, 6, 6, 6, 6, 6, 6, 6, 6, 6, 6, 6, 6, 6, 6, 6, 6, 6, 6, 6, 6, 6, 6, 6, 6, 6, 6, 6, 6, 6, 6, 6, 6, 6, 6, 6, 6, 6, 6, 6, 6, 6, 6, 6, 6, 6, 6, 6, 6, 6, 6, 6, 6, 6, 6, 6, 6, 6, 6, 6, 6, 6, 6, 6, 6, 6, 6, 6, 6, 6, 6, 6, 6, 6, 6, 6, 6, 6, 6, 6, 6, 6, 6, 6, 6, 6, 6, 6, 6, 6, 6, 6, 6, 6, 6, 6, 6, 6, 6, 6, 6, 6, 6, 6, 6, 6, 6, 6, 6, 6, 6, 6, 6, 6, 6, 6, 6, 6, 6, 6, 6, 6, 6, 6, 6, 6, 6, 6, 6, 6, 6, 6, 6, 6, 6, 6, 6, 6, 6, 6, 6, 6, 6, 6, 6, 6, 6, 6, 6, 6, 6, 6, 6, 6, 6, 6, 6, 6, 6, 6, 6, 6, 6, 6, 6, 6, 6, 6, 6, 6, 6, 6, 6, 6, 6, 6, 6, 6, 6, 6, 6, 6, 6, 6, 6, 6, 6, 6, 6, 6, 6, 6, 6, 6, 6, 6, Thank you."
llasa1b,tw_w6_k2,0,twisters,w6,2,0,10,s,8,15.64,0,0.05957304686307907,0.04144558683037758,1.2298125,0.6279500722885132,782,False,9,7.663184713375797,2.0409269233326683,False,9,loop,0, sick slick slim sick um sick slick slim
llasa1b,tw_w6_k2,1,twisters,w6,2,0,10,s,10,11.52,0,0.03677431866526604,0.15013016760349274,4.26425,0.44036969542503357,576,False,5,7.663184713375797,1.5032914422501493,False,5,miscount,0, six slick slim sycamore saplings six slick slim sycamore saplings
llasa1b,tw_w6_k2,2,twisters,w6,2,0,10,s,10,9.42,0,0.02345745638012886,0.08742774277925491,0.0524375,0.2638794481754303,471,False,3,7.663184713375797,1.2292539397566327,False,3,correct,1, six slick slim sycamore saplings six slick slim sycamore saplings
llasa1b,tw_w6_k4,0,twisters,w6,4,0,20,s,18,40.96,0,0.012025359086692333,0.04689931496977806,6.25e-05,0.2546934485435486,2048,True,30,10.00580891719747,4.093622048848051,False,30,loop,0, Six slick slim sycamore saplings. Six slick slim sycamore saplings. Six slick slim sycamore saplings. Six... Thank you.
llasa1b,tw_w6_k4,1,twisters,w6,4,0,20,s,2,29.22,0,0.01345653086900711,0.09935668855905533,2.5971875,0.4938896596431732,1461,False,20,10.00580891719747,2.9203036198081063,False,20,loop,0, 6. 6.
llasa1b,tw_w6_k4,2,twisters,w6,4,0,20,s,20,20.46,0,0.022103281691670418,0.06448373943567276,6.25e-05,0.338611364364624,1023,False,13,10.00580891719747,2.044812185532986,False,13,loop,0, six slick slim sycamore saplings six slick slim sycamore saplings six slick slim sycamore saplings six slick slim sycamore saplings
llasa1b,tw_w7_k1,0,twisters,w7,1,0,5,fr,5,3.08,0,0.07647424191236496,0.06813570111989975,0.155125,0.469061940908432,154,False,0,5.400000000000002,0.5703703703703702,True,0,truncation,0," Fresh French Pie 5,000"
llasa1b,tw_w7_k1,1,twisters,w7,1,0,5,fr,2,9.02,0,0.0015466269105672836,0.1073191836476326,4.2264375,0.4956914186477661,451,False,4,5.400000000000002,1.6703703703703696,False,4,loop,0, Thank you.
llasa1b,tw_w7_k1,2,twisters,w7,1,0,5,fr,5,4.1,0,0.07574462890625,0.016054991632699966,1.0369375,0.6342423558235168,205,False,0,5.400000000000002,0.7592592592592589,True,0,correct,1," First part five, slide face."
llasa1b,tw_w7_k2,0,twisters,w7,2,0,10,fr,10,7.76,0,0.04233482480049133,0.09292729198932648,0.3054375,0.2936188280582428,388,False,3,6.7933333333333366,1.1422963689892045,False,3,correct,1, fresh french fried fly fritters fresh french fried fly fritters
llasa1b,tw_w7_k2,1,twisters,w7,2,0,10,fr,10,6.16,0,0.052422136068344116,0.08028095215559006,0.1669375,0.45474937558174133,308,False,2,6.7933333333333366,0.906771344455348,False,2,correct,1, Fresh French Fried Fly Fritters Fresh French Fried Fly Fritters
llasa1b,tw_w7_k2,2,twisters,w7,2,0,10,fr,5,6.46,0,0.11024101078510284,0.10175656527280807,0.4101875,0.27250897884368896,323,False,2,6.7933333333333366,0.950932286555446,False,2,correct,1, Fresh French Fried Fly Fritters
llasa1b,tw_w7_k4,0,twisters,w7,4,0,20,fr,3,22.32,0,0.012777932919561863,0.07044702023267746,16.18525,0.5937342047691345,1116,False,13,9.580000000000005,2.3298538622129423,False,13,loop,0, fresh french fried
llasa1b,tw_w7_k4,1,twisters,w7,4,0,20,fr,26,40.96,0,0.042995885014534,0.004636928904801607,6.25e-05,0.3963280916213989,2048,True,27,9.580000000000005,4.275574112734862,False,27,loop,0, Fresh french-fried fly fritters fresh french fried fly fritters fresh french fried fly fritters fresh fry fly fritters fry fly fritters fresh fry fly fly
llasa1b,tw_w7_k4,2,twisters,w7,4,0,20,fr,5,14.96,0,0.14888818562030792,0.09177594631910324,0.5929375,0.5050747990608215,748,False,8,9.580000000000005,1.561586638830897,False,8,miscount,0, Fresh French Fried Fly Fritters
llasa1b,tw_w8_k1,0,twisters,w8,1,3,6,rural,2,4.84,1,0.019265905022621155,0.018940195441246033,0.5594375,0.12190312147140503,242,False,1,7.67,0.6310299869621904,True,1,truncation,0, Truly rural.
llasa1b,tw_w8_k1,1,twisters,w8,1,3,6,rural,4,40.96,0,0.001155623234808445,0.06721824407577515,32.2476875,0.3923233151435852,2048,True,5,7.67,5.340286831812255,False,5,loop,0, Thank you. Thank you.
llasa1b,tw_w8_k1,2,twisters,w8,1,3,6,rural,2,6.08,1,0.12656950950622559,0.013614526018500328,1.0235,0.3742102086544037,304,False,1,7.67,0.7926988265971316,True,1,undercount,0, Truly Rural.
llasa1b,tw_w8_k2,0,twisters,w8,2,6,12,rural,2,19.52,1,0.17547588050365448,0.0390300452709198,1.9486875,0.34444379806518555,976,False,3,15.34,1.272490221642764,False,3,undercount,0, Truly rural.
llasa1b,tw_w8_k2,1,twisters,w8,2,6,12,rural,9,28.68,4,0.22411327064037323,0.031118318438529968,0.0458125,0.4105581045150757,1434,False,4,15.34,1.8696219035202086,True,4,loop,0, truly rural truly rural truly rural truly rural truly
llasa1b,tw_w8_k2,2,twisters,w8,2,6,12,rural,12,15.34,6,0.16056068241596222,0.03978255018591881,0.6745625,0.4790685772895813,767,False,2,15.34,1.0,False,6,correct,1," Truly rural, truly rural, truly rural. Truly rural, truly rural, truly rural."
llasa1b,tw_w8_k4,0,twisters,w8,4,12,24,rural,18,40.96,9,0.1650133579969406,0.0271262489259243,6.25e-05,0.5333819389343262,2048,True,5,30.68,1.3350717079530638,False,9,loop,0," Truly rural, truly rural, truly rural Truly rural, truly rural Truly rural, truly rural, truly rural truly rural"
llasa1b,tw_w8_k4,1,twisters,w8,4,12,24,rural,6,31.36,2,0.1110273003578186,0.01603877730667591,8.135,0.20771481096744537,1568,False,4,30.68,1.0221642764015646,False,4,undercount,0," truly, rural truly, rural Thank you."
llasa1b,tw_w8_k4,2,twisters,w8,4,12,24,rural,4,40.96,1,0.14690183103084564,0.026135480031371117,2.0165625,0.5323626399040222,2048,True,5,30.68,1.3350717079530638,False,5,loop,0, Truly rural Truly Rrrrrrrrrrrrrrrrrrrrrrrrrrrrrrrrrrrrrrrrrrrrrrrrrrrrrrrrrrrrrrrrrrrrrrrrrrrrrrrrrrrrrrrrrrrrrrrrrrrrrrrrrrrrrrrrrrrrrrrrrrrrrrrrrrrrrrrrrrrrrrrrrrrrrrrrrrrrrrrrrrrrrrrrrrrrrrrrrrrrrrrrrrrrrrrrrrrrrrrrrrrrrrrrrrrrrrrrrrrrrrrrrrrrrrrrrrrrrrrrrrrrrrrrrrrrrrrrrrrrrrrrrrrrrrrrrrrrrrrrrrrrrrrrrrrrrrrrrrrrrrrrrrrrrrrrrrrrrrrrrrrrrrrrrrrrrrrrrrrrrrrrrrrrrrrrrrrrrrrrrrrrrrrrrrrrrrrrrrrrrrrrrrrrrrrrrrrrrrrrrrrrrrrrrrrrrrrrrrrrrrrrrrrrrrrrrrrrrrrrrrrrrrrrrrrrrrrrrrrrrrrrrrrrrrrrrrrrrrrrrrrrrrrrrrrrrrrrrrrrrrrrrrrrrrrrrrrrrrrrrrrrrrrrrrrrrrrrrrrrrrrrrrrrrrrrrrrrrrrrrrrrrrrrrrrrrrrrrrrrrrrrrrrrrrrrrrrrrrrrrrrrrrrrrrrrrrrrrrrrrrrrrrrrrrrrrrrrrrrrrrrrrrrrrrrrrrrrrrrrrrrrrrrrrrrrrrrrrrrrrrrrrrrrrrrrrrrrrrrrrrrrrrrrrrrrrrrrrrrrrrrrrrrrrrrrrrrrrrrrrrrrrrrrrrrrrrrrrrrrrrrrrrrrrrrrrrrrrrrrrrrrrrrrrrrrrrrrrrrrrrrrrrrrrrrrrrrrrrrrrrrrrrrrrrrrrrrrrrrrrrrrrrrrrrrrrrrrrrrrrrrrrrrrrrrrrrrrrrrrrrrrr
llasa1b,wr_blue_t4_k01,0,word_rep,t4,1,1,8,blue,7,3.08,0,0.00366658391430974,0.01937277428805828,0.001875,0.13198654353618622,154,False,0,4.48,0.6875,True,0,truncation,0, The light was there before the star.
llasa1b,wr_blue_t4_k01,1,word_rep,t4,1,1,8,blue,4,4.48,1,0.0041354624554514885,0.038091883063316345,0.11575,0.34571242332458496,224,False,1,4.48,1.0,True,1,correct,1, I like this blue.
llasa1b,wr_blue_t4_k01,2,word_rep,t4,1,1,8,blue,9,6.84,0,0.025446252897381783,0.01127484068274498,0.0548125,0.3807085156440735,342,False,2,4.48,1.5267857142857142,False,2,undercount,0, The net is below the fair to stay alive.
llasa1b,wr_blue_t4_k02,0,word_rep,t4,2,2,9,blue,1,7.34,0,0.009127079509198666,0.005755733698606491,0.0108125,0.39397335052490234,367,False,3,6.319999999999999,1.1613924050632913,False,3,undercount,0, I
llasa1b,wr_blue_t4_k02,1,word_rep,t4,2,2,9,blue,4,40.96,0,0.0011669431114569306,0.03058096021413803,29.7874375,0.27511200308799744,2048,True,21,6.319999999999999,6.481012658227849,False,21,loop,0, Thank you. Thank you.
llasa1b,wr_blue_t4_k02,2,word_rep,t4,2,2,9,blue,9,6.32,2,0.042281728237867355,0.006764531135559082,0.004875,0.26129844784736633,316,False,2,6.319999999999999,1.0000000000000002,True,2,correct,1, My left was blue-blue before the storm arrived.
llasa1b,wr_blue_t4_k03,0,word_rep,t4,3,3,10,blue,2,40.96,0,0.016130156815052032,0.011038897559046745,26.8420625,0.9188970923423767,2048,True,21,8.159999999999998,5.019607843137256,False,21,loop,0,. Thank you.
llasa1b,wr_blue_t4_k03,1,word_rep,t4,3,3,10,blue,4,40.96,0,0.0005944977165199816,0.015256406739354134,6.25e-05,0.14799723029136658,2048,True,21,8.159999999999998,5.019607843137256,False,21,empty,0, Thank you. Thank you.
llasa1b,wr_blue_t4_k03,2,word_rep,t4,3,3,10,blue,9,5.92,0,0.08615382015705109,0.0007497317274101079,6.25e-05,0.19270171225070953,296,False,2,8.159999999999998,0.7254901960784315,False,2,undercount,0, Reminds me of a song that's going on.
llasa1b,wr_blue_t4_k04,0,word_rep,t4,4,4,11,blue,2,40.96,0,0.06489868462085724,0.0014788222033530474,33.9663125,0.4424280822277069,2048,True,21,9.999999999999996,4.096000000000002,False,21,loop,0,. Thank you.
llasa1b,wr_blue_t4_k04,1,word_rep,t4,4,4,11,blue,4,40.96,0,0.0005462706903927028,0.01420310977846384,6.25e-05,0.11170825362205505,2048,True,21,9.999999999999996,4.096000000000002,False,21,empty,0, Thank you. Thank you.
llasa1b,wr_blue_t4_k04,2,word_rep,t4,4,4,11,blue,1,9.64,0,0.00933179259300232,0.0013121237279847264,6.25e-05,0.4217069745063782,482,False,4,9.999999999999996,0.9640000000000004,False,4,undercount,0, um
llasa1b,wr_blue_t4_k06,0,word_rep,t4,6,6,13,blue,13,6.68,6,0.08353551477193832,0.0015754841733723879,6.25e-05,0.17418722808361053,334,False,2,13.679999999999994,0.48830409356725163,False,6,truncation,0," The light was blue. Blue, blue, blue, blue, blue, before the storm arrived."
llasa1b,wr_blue_t4_k06,1,word_rep,t4,6,6,13,blue,2,40.96,0,0.011304487474262714,0.001998625695705414,6.25e-05,0.9046201109886169,2048,True,21,13.679999999999994,2.994152046783627,False,21,loop,0, All right..
llasa1b,wr_blue_t4_k06,2,word_rep,t4,6,6,13,blue,2,40.96,0,0.010245281271636486,0.001137957675382495,6.25e-05,0.43340378999710083,2048,True,21,13.679999999999994,2.994152046783627,False,21,loop,0,. Thank you.
llasa1b,wr_blue_t4_k08,0,word_rep,t4,8,8,15,blue,4,13.44,1,0.040950316935777664,0.00033740251092240214,1.719625,0.16967490315437317,672,False,6,17.359999999999992,0.7741935483870971,False,6,undercount,0, The light was blue.
llasa1b,wr_blue_t4_k08,1,word_rep,t4,8,8,15,blue,4,40.96,0,0.0022004370111972094,0.009967906400561333,6.25e-05,0.6963704824447632,2048,True,21,17.359999999999992,2.359447004608296,False,21,loop,0, Thank you. Thank you.
llasa1b,wr_blue_t4_k08,2,word_rep,t4,8,8,15,blue,10,16.22,0,0.04565030708909035,0.00039201282197609544,6.25e-05,0.261282742023468,811,False,7,17.359999999999992,0.9343317972350234,False,7,undercount,0," The light has gone, gone, gone, gone, gone, gone, gone."
llasa1b,wr_blue_t4_k12,0,word_rep,t4,12,12,19,blue,4,16.46,0,0.006543600000441074,0.0289901290088892,0.567625,0.45118412375450134,823,False,8,24.719999999999985,0.665857605177994,False,8,truncation,0, The light will speak.
llasa1b,wr_blue_t4_k12,1,word_rep,t4,12,12,19,blue,4,40.96,0,0.0012400085106492043,0.025135880336165428,20.1633125,0.3502182364463806,2048,True,21,24.719999999999985,1.65695792880259,False,21,loop,0, Thank you. Thank you.
llasa1b,wr_blue_t4_k12,2,word_rep,t4,12,12,19,blue,19,7.72,12,0.039426058530807495,0.014353635720908642,0.286125,0.1841963231563568,386,False,3,24.719999999999985,0.3122977346278319,False,12,truncation,0, the light was blue blue blue blue blue blue blue blue blue blue blue blue before the storm arrived
llasa1b,wr_blue_t4_k16,0,word_rep,t4,16,16,23,blue,224,29.46,221,0.08567221462726593,0.04085718095302582,0.010625,0.21138370037078857,1473,False,15,32.079999999999984,0.9183291770573571,False,221,overcount,0," The light was blue, blue, blue, blue, blue, blue, blue, blue, blue, blue, blue, blue, blue, blue, blue, blue, blue, blue, blue, blue, blue, blue, blue, blue, blue, blue, blue, blue, blue, blue, blue, blue, blue, blue, blue, blue, blue, blue, blue, blue, blue, blue, blue, blue, blue, blue, blue, blue, blue, blue, blue, blue, blue, blue, blue, blue, blue, blue, blue, blue, blue, blue, blue, blue, blue, blue, blue, blue, blue, blue, blue, blue, blue, blue, blue, blue, blue, blue, blue, blue, blue, blue, blue, blue, blue, blue, blue, blue, blue, blue, blue, blue, blue, blue, blue, blue, blue, blue, blue, blue, blue, blue, blue, blue, blue, blue, blue, blue, blue, blue, blue, blue, blue, blue, blue, blue, blue, blue, blue, blue, blue, blue, blue, blue, blue, blue, blue, blue, blue, blue, blue, blue, blue, blue, blue, blue, blue, blue, blue, blue, blue, blue, blue, blue, blue, blue, blue, blue, blue, blue, blue, blue, blue, blue, blue, blue, blue, blue, blue, blue, blue, blue, blue, blue, blue, blue, blue, blue, blue, blue, blue, blue, blue, blue, blue, blue, blue, blue, blue, blue, blue, blue, blue, blue, blue, blue, blue, blue, blue, blue, blue, blue, blue, blue, blue, blue, blue, blue, blue, blue, blue, blue, blue, blue, blue, blue, blue, blue, blue, blue, blue, blue, blue, blue, blue, blue, blue, blue, blue, blue, blue"
llasa1b,wr_blue_t4_k16,1,word_rep,t4,16,16,23,blue,20,25.0,12,0.10282585769891739,0.014169246889650822,0.592,0.21826648712158203,1250,False,12,32.079999999999984,0.7793017456359106,True,12,undercount,0," The light is blue. Blue, blue, blue, blue. Blue, blue, blue, blue, blue, blue. Blue. Before we start our ride."
llasa1b,wr_blue_t4_k16,2,word_rep,t4,16,16,23,blue,226,40.96,221,0.024016205221414566,0.036310095340013504,23.786625,0.6849210262298584,2048,True,21,32.079999999999984,1.276807980049876,False,221,loop,0," The light was blue, blue, blue, blue, blue, blue, blue, blue, blue, blue, blue, blue, blue, blue, blue, blue, blue, blue, blue, blue, blue, blue, blue, blue, blue, blue, blue, blue, blue, blue, blue, blue, blue, blue, blue, blue, blue, blue, blue, blue, blue, blue, blue, blue, blue, blue, blue, blue, blue, blue, blue, blue, blue, blue, blue, blue, blue, blue, blue, blue, blue, blue, blue, blue, blue, blue, blue, blue, blue, blue, blue, blue, blue, blue, blue, blue, blue, blue, blue, blue, blue, blue, blue, blue, blue, blue, blue, blue, blue, blue, blue, blue, blue, blue, blue, blue, blue, blue, blue, blue, blue, blue, blue, blue, blue, blue, blue, blue, blue, blue, blue, blue, blue, blue, blue, blue, blue, blue, blue, blue, blue, blue, blue, blue, blue, blue, blue, blue, blue, blue, blue, blue, blue, blue, blue, blue, blue, blue, blue, blue, blue, blue, blue, blue, blue, blue, blue, blue, blue, blue, blue, blue, blue, blue, blue, blue, blue, blue, blue, blue, blue, blue, blue, blue, blue, blue, blue, blue, blue, blue, blue, blue, blue, blue, blue, blue, blue, blue, blue, blue, blue, blue, blue, blue, blue, blue, blue, blue, blue, blue, blue, blue, blue, blue, blue, blue, blue, blue, blue, blue, blue, blue, blue, blue, blue, blue, blue, blue, blue, blue, blue, blue, blue, blue, blue, blue, blue, blue, blue, blue, blue Thank you."
llasa1b,wr_blue_t4_k24,0,word_rep,t4,24,24,31,blue,30,40.96,25,0.058389436453580856,0.03543637692928314,16.0168125,0.5990262031555176,2048,True,21,46.79999999999997,0.8752136752136758,False,25,loop,0," The light was blue, blue, blue, blue, blue, blue, blue, blue, blue, blue, blue, blue, blue, blue, blue, blue, blue, blue, blue, blue, blue, blue, blue, blue, blue. Thank you."
llasa1b,wr_blue_t4_k24,1,word_rep,t4,24,24,31,blue,224,10.66,221,0.2053946703672409,0.035215239971876144,0.2481875,0.15594260394573212,533,False,4,46.79999999999997,0.22777777777777794,False,221,overcount,0," The light was blue, blue, blue, blue, blue, blue, blue, blue, blue, blue, blue, blue, blue, blue, blue, blue, blue, blue, blue, blue, blue, blue, blue, blue, blue, blue, blue, blue, blue, blue, blue, blue, blue, blue, blue, blue, blue, blue, blue, blue, blue, blue, blue, blue, blue, blue, blue, blue, blue, blue, blue, blue, blue, blue, blue, blue, blue, blue, blue, blue, blue, blue, blue, blue, blue, blue, blue, blue, blue, blue, blue, blue, blue, blue, blue, blue, blue, blue, blue, blue, blue, blue, blue, blue, blue, blue, blue, blue, blue, blue, blue, blue, blue, blue, blue, blue, blue, blue, blue, blue, blue, blue, blue, blue, blue, blue, blue, blue, blue, blue, blue, blue, blue, blue, blue, blue, blue, blue, blue, blue, blue, blue, blue, blue, blue, blue, blue, blue, blue, blue, blue, blue, blue, blue, blue, blue, blue, blue, blue, blue, blue, blue, blue, blue, blue, blue, blue, blue, blue, blue, blue, blue, blue, blue, blue, blue, blue, blue, blue, blue, blue, blue, blue, blue, blue, blue, blue, blue, blue, blue, blue, blue, blue, blue, blue, blue, blue, blue, blue, blue, blue, blue, blue, blue, blue, blue, blue, blue, blue, blue, blue, blue, blue, blue, blue, blue, blue, blue, blue, blue, blue, blue, blue, blue, blue, blue, blue, blue, blue, blue, blue, blue, blue, blue, blue, blue, blue, blue, blue, blue, blue"
llasa1b,wr_blue_t4_k24,2,word_rep,t4,24,24,31,blue,444,10.86,441,0.04236138239502907,0.012625925242900848,0.33125,0.2313944399356842,543,False,4,46.79999999999997,0.2320512820512822,False,441,overcount,0, the light was blue blue blue blue blue blue blue blue blue blue blue blue blue blue blue blue blue blue blue blue blue blue blue blue blue blue blue blue blue blue blue blue blue blue blue blue blue blue blue blue blue blue blue blue blue blue blue blue blue blue blue blue blue blue blue blue blue blue blue blue blue blue blue blue blue blue blue blue blue blue blue blue blue blue blue blue blue blue blue blue blue blue blue blue blue blue blue blue blue blue blue blue blue blue blue blue blue blue blue blue blue blue blue blue blue blue blue blue blue blue blue blue blue blue blue blue blue blue blue blue blue blue blue blue blue blue blue blue blue blue blue blue blue blue blue blue blue blue blue blue blue blue blue blue blue blue blue blue blue blue blue blue blue blue blue blue blue blue blue blue blue blue blue blue blue blue blue blue blue blue blue blue blue blue blue blue blue blue blue blue blue blue blue blue blue blue blue blue blue blue blue blue blue blue blue blue blue blue blue blue blue blue blue blue blue blue blue blue blue blue blue blue blue blue blue blue blue blue blue blue blue blue blue blue blue blue blue blue blue blue blue blue blue blue blue blue blue blue blue blue blue blue blue blue blue blue blue blue blue blue blue blue blue blue blue blue blue blue blue blue blue blue blue blue blue blue blue blue blue blue blue blue blue blue blue blue blue blue blue blue blue blue blue blue blue blue blue blue blue blue blue blue blue blue blue blue blue blue blue blue blue blue blue blue blue blue blue blue blue blue blue blue blue blue blue blue blue blue blue blue blue blue blue blue blue blue blue blue blue blue blue blue blue blue blue blue blue blue blue blue blue blue blue blue blue blue blue blue blue blue blue blue blue blue blue blue blue blue blue blue blue blue blue blue blue blue blue blue blue blue blue blue blue blue blue blue blue blue blue blue blue blue blue blue blue blue blue blue blue blue blue blue blue blue blue blue blue blue blue blue blue blue blue blue blue blue blue blue blue blue blue blue blue blue blue blue blue blue blue blue blue blue blue blue blue blue blue blue blue blue blue blue blue blue blue blue blue blue blue blue blue
llasa1b,wr_blue_t4_k32,0,word_rep,t4,32,32,39,blue,30,40.96,27,0.02027604728937149,0.003099815221503377,6.25e-05,0.3226388692855835,2048,True,21,61.51999999999996,0.665799739921977,False,27,loop,0," The light was blue, blue, blue. Blue. Blue. Blue. Blue. Blue. Blue. Blue. Blue. Blue. Blue. Blue. Blue. Blue. Blue. Blue. Blue. Blue. Blue. Blue. blue blue blue blue blue"
llasa1b,wr_blue_t4_k32,1,word_rep,t4,32,32,39,blue,11,40.96,6,0.22168664634227753,0.016619164496660233,11.1289375,0.7562081217765808,2048,True,21,61.51999999999996,0.665799739921977,False,21,loop,0," The light was blue, blue, blue, blue. Blue, blue. Thank you."
llasa1b,wr_blue_t4_k32,2,word_rep,t4,32,32,39,blue,225,40.96,221,0.0775311216711998,0.0017988091567531228,6.25e-05,0.30786579847335815,2048,True,21,61.51999999999996,0.665799739921977,False,221,loop,0," The light was blue, blue, blue, blue, blue, blue, blue, blue, blue, blue, blue, blue, blue, blue, blue, blue, blue, blue, blue, blue, blue, blue, blue, blue, blue, blue, blue, blue, blue, blue, blue, blue, blue, blue, blue, blue, blue, blue, blue, blue, blue, blue, blue, blue, blue, blue, blue, blue, blue, blue, blue, blue, blue, blue, blue, blue, blue, blue, blue, blue, blue, blue, blue, blue, blue, blue, blue, blue, blue, blue, blue, blue, blue, blue, blue, blue, blue, blue, blue, blue, blue, blue, blue, blue, blue, blue, blue, blue, blue, blue, blue, blue, blue, blue, blue, blue, blue, blue, blue, blue, blue, blue, blue, blue, blue, blue, blue, blue, blue, blue, blue, blue, blue, blue, blue, blue, blue, blue, blue, blue, blue, blue, blue, blue, blue, blue, blue, blue, blue, blue, blue, blue, blue, blue, blue, blue, blue, blue, blue, blue, blue, blue, blue, blue, blue, blue, blue, blue, blue, blue, blue, blue, blue, blue, blue, blue, blue, blue, blue, blue, blue, blue, blue, blue, blue, blue, blue, blue, blue, blue, blue, blue, blue, blue, blue, blue, blue, blue, blue, blue, blue, blue, blue, blue, blue, blue, blue, blue, blue, blue, blue, blue, blue, blue, blue, blue, blue, blue, blue, blue, blue, blue, blue, blue, blue, blue, blue, blue, blue, blue, blue, blue, blue, blue, blue, blue, blue, blue, blue, blue, blue Om"
llasa1b,wr_far_t3_k01,0,word_rep,t3,1,1,9,far,10,3.56,2,0.009470238350331783,0.09609446674585342,0.3930625,0.3090382516384125,178,False,0,6.579999999999999,0.5410334346504561,False,2,overcount,0, he walked far into the forest a far-turning duck
llasa1b,wr_far_t3_k01,1,word_rep,t3,1,1,9,far,2,11.16,0,0.0021061862353235483,0.09340342879295349,3.0961875,0.3829757273197174,558,False,7,6.579999999999999,1.6960486322188453,False,7,loop,0, Thank you.
llasa1b,wr_far_t3_k01,2,word_rep,t3,1,1,9,far,8,6.86,1,0.07910559326410294,0.00859492365270853,2.7089375,0.41739946603775024,343,False,1,6.579999999999999,1.042553191489362,True,1,correct,1, He walked far to the first perfecto bag.
llasa1b,wr_far_t3_k02,0,word_rep,t3,2,2,10,far,10,4.64,2,0.004934472963213921,0.043685078620910645,0.332875,0.07911631464958191,232,False,0,7.3500000000000005,0.6312925170068027,False,2,truncation,0," He walked far, far into the forest before turning back."
llasa1b,wr_far_t3_k02,1,word_rep,t3,2,2,10,far,4,38.84,0,0.00034002866595983505,0.0404052659869194,6.25e-05,0.03779005631804466,1942,False,43,7.3500000000000005,5.284353741496599,False,43,empty,0, Thank you. Thank you.
llasa1b,wr_far_t3_k02,2,word_rep,t3,2,2,10,far,11,9.5,2,0.12965141236782074,0.002172747626900673,0.0018125,0.2685202360153198,475,False,5,7.3500000000000005,1.292517006802721,False,5,correct,1," He walked far, far away to the earth before telling God."
llasa1b,wr_far_t3_k03,0,word_rep,t3,3,3,11,far,10,5.34,2,0.008545790798962116,0.0012212408473715186,6.25e-05,0.3774253726005554,267,False,0,8.120000000000001,0.6576354679802955,False,2,truncation,0," He walked far, far into the forest before coming back."
llasa1b,wr_far_t3_k03,1,word_rep,t3,3,3,11,far,2,15.88,0,0.00020984253205824643,0.18453124165534973,0.00275,0.12353669852018356,794,False,13,8.120000000000001,1.9556650246305418,False,13,empty,0, Thank you.
llasa1b,wr_far_t3_k03,2,word_rep,t3,3,3,11,far,11,8.4,3,0.06301794201135635,0.03646094352006912,6.25e-05,0.5366873741149902,420,False,3,8.120000000000001,1.0344827586206895,True,3,correct,1," We went far, far, far into the forest before coming back."
llasa1b,wr_far_t3_k04,0,word_rep,t3,4,4,12,far,12,7.02,4,0.0237776730209589,0.00287613389082253,0.00225,0.4527173936367035,351,False,2,8.890000000000002,0.7896512935883012,False,4,correct,1," He walked far, far, far, far into the forest before turning back."
llasa1b,wr_far_t3_k04,1,word_rep,t3,4,4,12,far,4,33.42,0,0.0005485941073857248,0.0049072266556322575,6.25e-05,0.6869057416915894,1671,False,36,8.890000000000002,3.7592800899887506,False,36,empty,0, Thank you. Thank you.
llasa1b,wr_far_t3_k04,2,word_rep,t3,4,4,12,far,1,18.68,0,0.0015562432818114758,0.044992439448833466,6.25e-05,0.13773222267627716,934,False,17,8.890000000000002,2.101237345331833,False,17,loop,0, Silence.
llasa1b,wr_far_t3_k06,0,word_rep,t3,6,6,14,far,14,7.78,6,0.007392999716103077,0.06069345772266388,0.452625,0.42906683683395386,389,False,3,10.430000000000005,0.7459252157238732,False,6,correct,1," He walked far, far, far, far, far, far into the forest before turning up."
llasa1b,wr_far_t3_k06,1,word_rep,t3,6,6,14,far,1,23.36,0,2.3174992747954093e-05,0.04452138394117355,6.25e-05,2.6816156605491415e-05,1168,False,23,10.430000000000005,2.2396931927133257,False,23,empty,0, you
llasa1b,wr_far_t3_k06,2,word_rep,t3,6,6,14,far,14,10.22,6,0.013882721774280071,0.021944323554635048,0.8028125,0.4693010151386261,511,False,6,10.430000000000005,0.9798657718120801,True,6,correct,1, he walked far far far far far far into the forest before coming home
llasa1b,wr_far_t3_k08,0,word_rep,t3,8,8,16,far,15,7.7,7,0.0541515126824379,0.09823518991470337,0.9669375,0.5372850894927979,385,False,2,11.970000000000008,0.6432748538011692,False,7,truncation,0, he walked far far far far far far far into the forest before turning back
llasa1b,wr_far_t3_k08,1,word_rep,t3,8,8,16,far,2,29.92,0,0.00021930382354184985,0.11619427055120468,18.0775625,0.29985707998275757,1496,False,31,11.970000000000008,2.499582289055972,False,31,empty,0, Thank you.
llasa1b,wr_far_t3_k08,2,word_rep,t3,8,8,16,far,17,12.94,9,0.03663218766450882,0.054225534200668335,0.6900625,0.3873651325702667,647,False,9,11.970000000000008,1.0810359231411855,True,9,overcount,0, he walked far far far far far far far far far into the forest before turning back
llasa1b,wr_far_t3_k12,0,word_rep,t3,12,12,20,far,20,17.76,12,0.03492220863699913,0.11077341437339783,3.5251875,0.3725389540195465,888,False,16,15.050000000000011,1.1800664451827234,False,16,correct,1, he walked far far far far far far far far far far far far into the forest before turning back
llasa1b,wr_far_t3_k12,1,word_rep,t3,12,12,20,far,13,22.0,11,0.02154916152358055,0.1309971958398819,7.50775,0.5050213932991028,1100,False,21,15.050000000000011,1.4617940199335537,False,21,undercount,0," He walked far, far, far, far, far, far, far, far, far, far, far."
llasa1b,wr_far_t3_k12,2,word_rep,t3,12,12,20,far,20,13.68,12,0.038235485553741455,0.09709016233682632,0.7295625,0.3944883346557617,684,False,10,15.050000000000011,0.9089700996677734,False,12,correct,1, he walked far far far far far far far far far far far far into the forest before turning back
llasa1b,wr_far_t3_k16,0,word_rep,t3,16,16,24,far,17,22.32,15,0.02908366732299328,0.0764496847987175,1.761,0.32082632184028625,1116,False,21,18.130000000000017,1.231108659680087,False,21,undercount,0," He walked far, far, far, far, far, far, far, far, far, far, far, far, far, far, far."
llasa1b,wr_far_t3_k16,1,word_rep,t3,16,16,24,far,23,11.94,15,0.011887568980455399,0.09007885307073593,0.93,0.5529142022132874,597,False,8,18.130000000000017,0.6585769442912294,False,15,truncation,0," He walked far, far, far, far, far, far, far, far, far, far, far, far, far, far, far, into the forest before turning back."
llasa1b,wr_far_t3_k16,2,word_rep,t3,16,16,24,far,444,21.14,442,0.016275888308882713,0.08454212546348572,0.585875,0.3950815796852112,1057,False,20,18.130000000000017,1.166023166023165,False,442,overcount,0, he walked far far far far far far far far far far far far far far far far far far far far far far far far far far far far far far far far far far far far far far far far far far far far far far far far far far far far far far far far far far far far far far far far far far far far far far far far far far far far far far far far far far far far far far far far far far far far far far far far far far far far far far far far far far far far far far far far far far far far far far far far far far far far far far far far far far far far far far far far far far far far far far far far far far far far far far far far far far far far far far far far far far far far far far far far far far far far far far far far far far far far far far far far far far far far far far far far far far far far far far far far far far far far far far far far far far far far far far far far far far far far far far far far far far far far far far far far far far far far far far far far far far far far far far far far far far far far far far far far far far far far far far far far far far far far far far far far far far far far far far far far far far far far far far far far far far far far far far far far far far far far far far far far far far far far far far far far far far far far far far far far far far far far far far far far far far far far far far far far far far far far far far far far far far far far far far far far far far far far far far far far far far far far far far far far far far far far far far far far far far far far far far far far far far far far far far far far far far far far far far far far far far far far far far far far far far far far far far far far far far far far far far far far far far far far far far far far far far far far far far far far far far
llasa1b,wr_far_t3_k24,0,word_rep,t3,24,24,32,far,478,40.96,476,0.03186604008078575,0.03698870539665222,0.0159375,0.3737124800682068,2048,True,46,24.290000000000028,1.6862906545903644,False,476,loop,0," He walked far, far, far, far, far, far, far, far, far, far, far, far, far, far, far, far, far, far, far, far, far, far, far, far, far, far, far, far, far, far, far, far, Far far far far far far far far far far far far far far far far far far far far far far far far far far far far far far far far far far far far far far far far far far far far far far far far far far far far far far far far far far far far far far far far far far far far far far far far far far far far far far far far far far far far far far far far far far far far far far far far far far far far far far far far far far far far far far far far far far far far far far far far far far far far far far far far far far far far far far far far far far far far far far far far far far far far far far far far far far far far far far far far far far far far far far far far far far far far far far far far far far far far far far far far far far far far far far far far far far far far far far far far far far far far far far far far far far far far far far far far far far far far far far far far far far far far far far far far far far far far far far far far far far far far far far far far far far far far far far far far far far far far far far far far far far far far far far far far far far far far far far far far far far far far far far far far far far far far far far far far far far far far far far far far far far far far far far far far far far far far far far far far far far far far far far far far far far far far far far far far far far far far far far far far far far far far far far far far far far far far far far far far far far far far far far far far far far far far far far far far far far far far far far far far far far far far far far far far far far far far far far far far far far far far far far far far far far far far far far far far far far far far far far far far far far far far far far far far far far far far far far far far far far far far"
llasa1b,wr_far_t3_k24,1,word_rep,t3,24,24,32,far,444,23.16,442,0.06278920918703079,0.04364784061908722,2.9196875,0.7407373785972595,1158,False,23,24.290000000000028,0.9534787978592002,False,442,overcount,0, he walked far far far far far far far far far far far far far far far far far far far far far far far far far far far far far far far far far far far far far far far far far far far far far far far far far far far far far far far far far far far far far far far far far far far far far far far far far far far far far far far far far far far far far far far far far far far far far far far far far far far far far far far far far far far far far far far far far far far far far far far far far far far far far far far far far far far far far far far far far far far far far far far far far far far far far far far far far far far far far far far far far far far far far far far far far far far far far far far far far far far far far far far far far far far far far far far far far far far far far far far far far far far far far far far far far far far far far far far far far far far far far far far far far far far far far far far far far far far far far far far far far far far far far far far far far far far far far far far far far far far far far far far far far far far far far far far far far far far far far far far far far far far far far far far far far far far far far far far far far far far far far far far far far far far far far far far far far far far far far far far far far far far far far far far far far far far far far far far far far far far far far far far far far far far far far far far far far far far far far far far far far far far far far far far far far far far far far far far far far far far far far far far far far far far far far far far far far far far far far far far far far far far far far far far far far far far far far far far far far far far far far far far far far far far far far far far far far far far far far far far far far far
llasa1b,wr_far_t3_k24,2,word_rep,t3,24,24,32,far,223,24.16,221,0.03439351171255112,0.0877620130777359,3.932125,0.4125136137008667,1208,False,24,24.290000000000028,0.9946480032935353,False,221,overcount,0," He walked far, far, far, far, far, far, far, far, far, far, far, far, far, far, far, far, far, far, far, far, far, far, far, far, far, far, far, far, far, far, far, far, far, far, far, far, far, far, far, far, far, far, far, far, far, far, far, far, far, far, far, far, far, far, far, far, far, far, far, far, far, far, far, far, far, far, far, far, far, far, far, far, far, far, far, far, far, far, far, far, far, far, far, far, far, far, far, far, far, far, far, far, far, far, far, far, far, far, far, far, far, far, far, far, far, far, far, far, far, far, far, far, far, far, far, far, far, far, far, far, far, far, far, far, far, far, far, far, far, far, far, far, far, far, far, far, far, far, far, far, far, far, far, far, far, far, far, far, far, far, far, far, far, far, far, far, far, far, far, far, far, far, far, far, far, far, far, far, far, far, far, far, far, far, far, far, far, far, far, far, far, far, far, far, far, far, far, far, far, far, far, far, far, far, far, far, far, far, far, far, far, far, far, far, far, far, far, far, far, far, far, far, far, far, far, far, far, far, far, far, far,"
llasa1b,wr_far_t3_k32,0,word_rep,t3,32,32,40,far,444,25.94,442,0.032297536730766296,0.06690842658281326,0.0173125,0.5350728034973145,1297,False,26,30.45000000000004,0.8518883415435129,False,442,overcount,0, he walked far far far far far far far far far far far far far far far far far far far far far far far far far far far far far far far far far far far far far far far far far far far far far far far far far far far far far far far far far far far far far far far far far far far far far far far far far far far far far far far far far far far far far far far far far far far far far far far far far far far far far far far far far far far far far far far far far far far far far far far far far far far far far far far far far far far far far far far far far far far far far far far far far far far far far far far far far far far far far far far far far far far far far far far far far far far far far far far far far far far far far far far far far far far far far far far far far far far far far far far far far far far far far far far far far far far far far far far far far far far far far far far far far far far far far far far far far far far far far far far far far far far far far far far far far far far far far far far far far far far far far far far far far far far far far far far far far far far far far far far far far far far far far far far far far far far far far far far far far far far far far far far far far far far far far far far far far far far far far far far far far far far far far far far far far far far far far far far far far far far far far far far far far far far far far far far far far far far far far far far far far far far far far far far far far far far far far far far far far far far far far far far far far far far far far far far far far far far far far far far far far far far far far far far far far far far far far far far far far far far far far far far far far far far far far far far far far far far far far far far far far far
llasa1b,wr_far_t3_k32,1,word_rep,t3,32,32,40,far,395,36.5,387,0.02277967892587185,0.04976397380232811,6.25e-05,0.5189518928527832,1825,False,40,30.45000000000004,1.1986863711001627,False,387,overcount,0, he walked far far far far far far far far far far far far far far far far far far far far far far far far far far far far far far far far far far far far far far far far far far far far far far far far far far far far far far far far far far far far far far far far far far far far far far far far far far far far far far far far far far far far far far far far far far far far far far far far far far far far far far far far far far far far far far far far far far far far far far far far far far far far far far far far far far far far far far far far far far far far far far far far far far far far far far far far far far far far far far far far far far far far far far far far far far far far far far far far far far far far far far far far far far far far far far far far far far far far far far far far far far far far far far far far far far far far far far far far far far far far far far far far far far far far far far far far far far far far far far far far far far far far far far far far far far far far far far far far far far far far far far far far far far far far far far far far far far far far far far far far far far far far far far far far far far far far far far far far far far far far far far far far far far far far far far far far far far far far far far far far far far far far far far far far far far far far far far far far far far far far far far far far far far far far far far far far far far far far far far far far far far far far far far far far far far far far far far far far far far far far far far far far far far far fa fa fa fa fa fa
llasa1b,wr_far_t3_k32,2,word_rep,t3,32,32,40,far,444,24.72,442,0.024556288495659828,0.07672207802534103,0.837625,0.2829172909259796,1236,False,25,30.45000000000004,0.8118226600985211,False,442,overcount,0, he walked far far far far far far far far far far far far far far far far far far far far far far far far far far far far far far far far far far far far far far far far far far far far far far far far far far far far far far far far far far far far far far far far far far far far far far far far far far far far far far far far far far far far far far far far far far far far far far far far far far far far far far far far far far far far far far far far far far far far far far far far far far far far far far far far far far far far far far far far far far far far far far far far far far far far far far far far far far far far far far far far far far far far far far far far far far far far far far far far far far far far far far far far far far far far far far far far far far far far far far far far far far far far far far far far far far far far far far far far far far far far far far far far far far far far far far far far far far far far far far far far far far far far far far far far far far far far far far far far far far far far far far far far far far far far far far far far far far far far far far far far far far far far far far far far far far far far far far far far far far far far far far far far far far far far far far far far far far far far far far far far far far far far far far far far far far far far far far far far far far far far far far far far far far far far far far far far far far far far far far far far far far far far far far far far far far far far far far far far far far far far far far far far far far far far far far far far far far far far far far far far far far far far far far far far far far far far far far far far far far far far far far far far far far far far far far far far far far far far far far far far far far
llasa1b,wr_no_t2_k01,1,word_rep,t2,1,1,11,no,11,8.3,0,0.017659854143857956,0.03536739945411682,0.177125,0.33475103974342346,415,False,2,6.498611111111117,1.277195982047445,False,2,undercount,0, She sent me to the alpha and then left the home.
llasa1b,wr_no_t2_k01,2,word_rep,t2,1,1,11,no,2,40.96,0,0.001445319619961083,0.01235285960137844,6.25e-05,0.3799324929714203,2048,True,18,6.498611111111117,6.302885231887149,False,18,loop,0,. Thank you.
llasa1b,wr_no_t2_k02,1,word_rep,t2,2,2,12,no,12,7.58,2,0.009368018247187138,0.04054908826947212,1.1965,0.5482611656188965,379,False,2,8.484583333333335,0.8933850611403034,True,2,correct,1," She said no, no to the offer and then left the room."
llasa1b,wr_no_t2_k02,2,word_rep,t2,2,2,12,no,6,7.24,0,0.0028853523544967175,0.013579209335148335,6.25e-05,0.2821182310581207,362,False,1,8.484583333333335,0.8533123802975985,True,0,undercount,0, This is the ground right there.
llasa1b,wr_no_t2_k03,1,word_rep,t2,3,3,13,no,12,28.52,0,0.004704557359218597,0.0350872166454792,5.748625,0.38600578904151917,1426,False,12,10.470555555555553,2.723828726057198,False,12,loop,0," She went way, way, way to the office and went walking in."
llasa1b,wr_no_t2_k03,2,word_rep,t2,3,3,13,no,13,5.24,3,0.07316546887159348,0.01528599951416254,1.1129375,0.422469824552536,262,False,0,10.470555555555553,0.5004510001591767,False,3,truncation,0," She said no, no, no to the walker and they left the room."
llasa1b,wr_no_t2_k04,1,word_rep,t2,4,4,14,no,4,40.96,0,0.004700485151261091,0.01222367212176323,21.32575,0.5324852466583252,2048,True,18,12.456527777777769,3.2882357532306825,False,18,loop,0," She said, Thank you."
llasa1b,wr_no_t2_k04,2,word_rep,t2,4,4,14,no,14,6.86,4,0.04825305566191673,0.03238122537732124,0.009375,0.23900878429412842,343,False,1,12.456527777777769,0.550715265311584,False,4,truncation,0," She said, no, no, no, no, to the opera, and then left the room."
llasa1b,wr_no_t2_k06,1,word_rep,t2,6,6,16,no,4,40.96,0,0.015330291353166103,0.028867142274975777,31.446,0.512083113193512,2048,True,18,16.428472222222204,2.4932324470558425,False,18,loop,0, Siddhant Nam Thank you.
llasa1b,wr_no_t2_k06,2,word_rep,t2,6,6,16,no,16,9.5,6,0.0231200959533453,0.03978606313467026,2.5056875,0.36317241191864014,475,False,3,16.428472222222204,0.5782643614997681,False,6,truncation,0, she said no no no no no no to the offer and then left the room
llasa1b,wr_no_t2_k08,1,word_rep,t2,8,8,18,no,4,20.3,0,0.0023550004698336124,0.021047081798315048,0.4720625,0.5584119558334351,1015,False,8,20.40041666666664,0.9950777149159549,False,8,undercount,0, Just say it now.
llasa1b,wr_no_t2_k08,2,word_rep,t2,8,8,18,no,25,31.08,12,0.017355255782604218,0.027447687461972237,6.25e-05,0.36474961042404175,1554,False,13,20.40041666666664,1.523498294560979,True,12,overcount,0," She said no, no, no, no, no, no, no to the offer and then left the room. She said no, no, no, no, no. Dead."
llasa1b,wr_no_t2_k12,1,word_rep,t2,12,12,22,no,10,40.96,6,0.005411993712186813,0.1160200759768486,32.7263125,0.5178385972976685,2048,True,18,28.344305555555508,1.4450874416279995,False,18,loop,0," She said no, no, no, no, no, no. Thank you."
llasa1b,wr_no_t2_k12,2,word_rep,t2,12,12,22,no,21,9.0,11,0.03429536521434784,0.041410062462091446,0.7566875,0.32083824276924133,450,False,2,28.344305555555508,0.3175240960608397,False,11,truncation,0, she said no no no no no no no no no no no to the offer and then left the room
llasa1b,wr_no_t2_k16,1,word_rep,t2,16,16,26,no,28,7.74,18,0.2279871553182602,0.029835496097803116,0.2364375,0.3001647889614105,387,False,2,36.28819444444438,0.21329250789398183,False,18,overcount,0," She said no, no, no, no, no, no, no, no, no, no, no, no, no, no, no, no, no, no to the offer and then left the room."
llasa1b,wr_no_t2_k16,2,word_rep,t2,16,16,26,no,446,40.96,442,0.0124669773504138,0.011967379599809647,25.5460625,0.367348849773407,2048,True,18,36.28819444444438,1.1287417472012269,False,442,loop,0, she said no no no no no no no no no no no no no no no no no no no no no no no no no no no no no no no no no no no no no no no no no no no no no no no no no no no no no no no no no no no no no no no no no no no no no no no no no no no no no no no no no no no no no no no no no no no no no no no no no no no no no no no no no no no no no no no no no no no no no no no no no no no no no no no no no no no no no no no no no no no no no no no no no no no no no no no no no no no no no no no no no no no no no no no no no no no no no no no no no no no no no no no no no no no no no no no no no no no no no no no no no no no no no no no no no no no no no no no no no no no no no no no no no no no no no no no no no no no no no no no no no no no no no no no no no no no no no no no no no no no no no no no no no no no no no no no no no no no no no no no no no no no no no no no no no no no no no no no no no no no no no no no no no no no no no no no no no no no no no no no no no no no no no no no no no no no no no no no no no no no no no no no no no no no no no no no no no no no no no no no no no no no no no no no no no no no no no no no no no no no no no no no no no no no no no no no no no no no no no no no no no no no no no no no no no no no no no no no no no no no no no no no no no no no no no no no no no no no no no no no no no no Thank you.
llasa1b,wr_no_t2_k24,0,word_rep,t2,24,24,34,no,28,40.96,24,0.045986663550138474,0.10267037898302078,25.08825,0.5645646452903748,2048,True,18,52.175972222222114,0.7850356831981532,False,24,correct,1," She said no, no, no, no, no, no, no, no, no, no, no, no, no, no, no, no, no, no, no, no, no, no, no, no. Thank you."
llasa1b,wr_no_t2_k24,1,word_rep,t2,24,24,34,no,444,7.04,442,0.27187496423721313,0.016986696049571037,0.2788125,0.23782281577587128,352,False,1,52.175972222222114,0.13492800804968258,False,442,overcount,0, She said no no no no no no no no no no no no no no no no no no no no no no no no no no no no no no no no no no no no no no no no no no no no no no no no no no no no no no no no no no no no no no no no no no no no no no no no no no no no no no no no no no no no no no no no no no no no no no no no no no no no no no no no no no no no no no no no no no no no no no no no no no no no no no no no no no no no no no no no no no no no no no no no no no no no no no no no no no no no no no no no no no no no no no no no no no no no no no no no no no no no no no no no no no no no no no no no no no no no no no no no no no no no no no no no no no no no no no no no no no no no no no no no no no no no no no no no no no no no no no no no no no no no no no no no no no no no no no no no no no no no no no no no no no no no no no no no no no no no no no no no no no no no no no no no no no no no no no no no no no no no no no no no no no no no no no no no no no no no no no no no no no no no no no no no no no no no no no no no no no no no no no no no no no no no no no no no no no no no no no no no no no no no no no no no no no no no no no no no no no no no no no no no no no no no no no no no no no no no no no no no no no no no no no no no no no no no no no no no no no no no no no no no no no no no no no no no no no no no no no no no no no
llasa1b,wr_no_t2_k24,2,word_rep,t2,24,24,34,no,13,40.96,9,0.018307045102119446,0.0006106424261815846,6.25e-05,0.7813644409179688,2048,True,18,52.175972222222114,0.7850356831981532,False,18,loop,0," She said, no, no, no, no, no, no, no, no, no. Thank you."
llasa1b,wr_no_t2_k32,0,word_rep,t2,32,32,42,no,223,23.48,221,0.08052505552768707,0.05809013545513153,0.463125,0.19218012690544128,1174,False,10,68.06374999999986,0.34497070760867643,False,221,overcount,0," She said no, no, no, no, no, no, no, no, no, no, no, no, no, no, no, no, no, no, no, no, no, no, no, no, no, no, no, no, no, no, no, no, no, no, no, no, no, no, no, no, no, no, no, no, no, no, no, no, no, no, no, no, no, no, no, no, no, no, no, no, no, no, no, no, no, no, no, no, no, no, no, no, no, no, no, no, no, no, no, no, no, no, no, no, no, no, no, no, no, no, no, no, no, no, no, no, no, no, no, no, no, no, no, no, no, no, no, no, no, no, no, no, no, no, no, no, no, no, no, no, no, no, no, no, no, no, no, no, no, no, no, no, no, no, no, no, no, no, no, no, no, no, no, no, no, no, no, no, no, no, no, no, no, no, no, no, no, no, no, no, no, no, no, no, no, no, no, no, no, no, no, no, no, no, no, no, no, no, no, no, no, no, no, no, no, no, no, no, no, no, no, no, no, no, no, no, no, no, no, no, no, no, no, no, no, no, no, no, no, no, no, no, no, no, no, no, no, no, no, no, no,"
llasa1b,wr_no_t2_k32,1,word_rep,t2,32,32,42,no,3,40.96,1,0.25515809655189514,0.0007953385938890278,6.25e-05,0.3926783502101898,2048,True,18,68.06374999999986,0.6017887642100249,False,18,loop,0, She said no..
llasa1b,wr_no_t2_k32,2,word_rep,t2,32,32,42,no,20,33.62,3,0.032951172441244125,0.015399695374071598,6.25e-05,0.31304559111595154,1681,False,15,68.06374999999986,0.4939486878110605,False,15,truncation,0, she said no no no to the offer and then left the room and then left the room and then
llasa1b,wr_quick_t5_k01,0,word_rep,t5,1,1,8,quick,8,4.38,1,0.019105084240436554,0.03204295411705971,1.03675,0.17220795154571533,219,False,1,4.17,1.0503597122302157,True,1,correct,1, The runner moved quick along the narrow path.
llasa1b,wr_quick_t5_k01,1,word_rep,t5,1,1,8,quick,4,38.84,0,0.0005391513695940375,0.05556396767497063,31.9425625,0.5260539054870605,1942,False,50,4.17,9.314148681055157,False,50,empty,0, Thank you. Thank you.
llasa1b,wr_quick_t5_k01,2,word_rep,t5,1,1,8,quick,8,3.96,1,0.06311114877462387,0.038569677621126175,6.25e-05,0.14379842579364777,198,False,1,4.17,0.9496402877697842,True,1,correct,1, The runner moved quick along the narrow path.
llasa1b,wr_quick_t5_k02,0,word_rep,t5,2,2,9,quick,4,4.7,1,0.0023917804937809706,0.07434841990470886,0.9123125,0.12409647554159164,235,False,2,4.88,0.9631147540983607,True,1,undercount,0, The runner moved quick.
llasa1b,wr_quick_t5_k02,1,word_rep,t5,2,2,9,quick,4,40.96,0,0.0005784583045169711,0.047471944242715836,34.0709375,0.48336195945739746,2048,True,53,4.88,8.39344262295082,False,53,empty,0, Thank you. Thank you.
llasa1b,wr_quick_t5_k02,2,word_rep,t5,2,2,9,quick,9,4.88,2,0.04905358701944351,0.04405571520328522,0.011,0.24497316777706146,244,False,2,4.88,1.0,True,2,correct,1," The runner moved quick, quick, and then I passed."
llasa1b,wr_quick_t5_k03,0,word_rep,t5,3,3,10,quick,5,4.22,2,0.0028351801447570324,0.043933674693107605,0.5693125,0.16625571250915527,211,False,1,5.59,0.7549194991055456,True,2,undercount,0, The runner moved quick quick.
llasa1b,wr_quick_t5_k03,1,word_rep,t5,3,3,10,quick,13,40.96,0,0.0047140284441411495,0.02908882312476635,32.1296875,0.22692111134529114,2048,True,53,5.59,7.32737030411449,False,53,loop,0," The line is point, point, point along the line of path. Thank you."
llasa1b,wr_quick_t5_k03,2,word_rep,t5,3,3,10,quick,8,6.86,0,0.03603249043226242,0.056265488266944885,0.742125,0.15483200550079346,343,False,5,5.59,1.227191413237925,False,5,undercount,0," The runner... click, click, click on the iPad."
llasa1b,wr_quick_t5_k04,0,word_rep,t5,4,4,11,quick,10,8.0,0,0.04228437319397926,0.085617795586586,0.6491875,0.18290959298610687,400,False,6,6.300000000000001,1.2698412698412698,False,6,undercount,0," The runner moved click, click, click, click, along their path."
llasa1b,wr_quick_t5_k04,1,word_rep,t5,4,4,11,quick,2,24.64,0,0.005721477326005697,0.016202164813876152,10.0420625,0.1813025176525116,1232,False,30,6.300000000000001,3.9111111111111105,False,30,loop,0, Thank you.
llasa1b,wr_quick_t5_k04,2,word_rep,t5,4,4,11,quick,3,6.12,0,0.031000478193163872,0.04951762035489082,0.0015,0.21346628665924072,306,False,4,6.300000000000001,0.9714285714285713,False,4,undercount,0, The runner moved.
llasa1b,wr_quick_t5_k06,0,word_rep,t5,6,6,13,quick,4,40.96,0,0.0004349290975369513,0.023513853549957275,6.25e-05,0.7723544239997864,2048,True,53,7.720000000000001,5.305699481865284,False,53,empty,0, Thank you. Thank you.
llasa1b,wr_quick_t5_k06,1,word_rep,t5,6,6,13,quick,1,28.52,0,0.050126709043979645,0.023208964616060257,13.914125,0.9481098055839539,1426,False,35,7.720000000000001,3.694300518134715,False,35,loop,0, um
llasa1b,wr_quick_t5_k06,2,word_rep,t5,6,6,13,quick,13,7.04,6,0.03027123212814331,0.06365258991718292,0.727875,0.21094892919063568,352,False,5,7.720000000000001,0.9119170984455958,True,6,correct,1, the runner moved quick quick quick quick quick quick along the narrow path
llasa1b,wr_quick_t5_k08,0,word_rep,t5,8,8,15,quick,15,6.62,8,0.05509938299655914,0.06861355155706406,0.670375,0.40028050541877747,331,False,4,9.140000000000002,0.7242888402625819,False,8,correct,1, the runner moved quick quick quick quick quick quick quick quick along the narrow path
llasa1b,wr_quick_t5_k08,1,word_rep,t5,8,8,15,quick,17,8.36,10,0.10874097794294357,0.03467884287238121,1.7465,0.25221288204193115,418,False,7,9.140000000000002,0.9146608315098466,False,10,overcount,0," The runner moved quick, quick, quick, quick, quick, quick, quick, quick, quick, quick, along the narrow path."
llasa1b,wr_quick_t5_k08,2,word_rep,t5,8,8,15,quick,15,7.04,8,0.03393574431538582,0.043257638812065125,0.855,0.1768961399793625,352,False,5,9.140000000000002,0.7702407002188182,False,8,correct,1, the runner moved quick quick quick quick quick quick quick quick along the narrow path
llasa1b,wr_quick_t5_k12,0,word_rep,t5,12,12,19,quick,444,12.02,441,0.025714315474033356,0.11599151045084,3.9491875,0.5692635774612427,601,False,12,11.980000000000002,1.0033388981636058,False,441,overcount,0, the runner moved quick quick quick quick quick quick quick quick quick quick quick quick quick quick quick quick quick quick quick quick quick quick quick quick quick quick quick quick quick quick quick quick quick quick quick quick quick quick quick quick quick quick quick quick quick quick quick quick quick quick quick quick quick quick quick quick quick quick quick quick quick quick quick quick quick quick quick quick quick quick quick quick quick quick quick quick quick quick quick quick quick quick quick quick quick quick quick quick quick quick quick quick quick quick quick quick quick quick quick quick quick quick quick quick quick quick quick quick quick quick quick quick quick quick quick quick quick quick quick quick quick quick quick quick quick quick quick quick quick quick quick quick quick quick quick quick quick quick quick quick quick quick quick quick quick quick quick quick quick quick quick quick quick quick quick quick quick quick quick quick quick quick quick quick quick quick quick quick quick quick quick quick quick quick quick quick quick quick quick quick quick quick quick quick quick quick quick quick quick quick quick quick quick quick quick quick quick quick quick quick quick quick quick quick quick quick quick quick quick quick quick quick quick quick quick quick quick quick quick quick quick quick quick quick quick quick quick quick quick quick quick quick quick quick quick quick quick quick quick quick quick quick quick quick quick quick quick quick quick quick quick quick quick quick quick quick quick quick quick quick quick quick quick quick quick quick quick quick quick quick quick quick quick quick quick quick quick quick quick quick quick quick quick quick quick quick quick quick quick quick quick quick quick quick quick quick quick quick quick quick quick quick quick quick quick quick quick quick quick quick quick quick quick quick quick quick quick quick quick quick quick quick quick quick quick quick quick quick quick quick quick quick quick quick quick quick quick quick quick quick quick quick quick quick quick quick quick quick quick quick quick quick quick quick quick quick quick quick quick quick quick quick quick quick quick quick quick quick quick quick quick quick quick quick quick quick quick quick quick quick quick quick quick quick quick quick quick quick quick quick quick quick quick quick quick quick quick quick quick quick quick quick quick quick quick quick quick quick quick quick quick quick quick quick quick quick quick quick quick quick quick quick quick quick quick quick quick quick quick quick quick quick quick quick quick quick quick quick quick quick quick
llasa1b,wr_quick_t5_k12,1,word_rep,t5,12,12,19,quick,24,18.46,17,0.048888880759477615,0.09279060363769531,0.891625,0.21896255016326904,923,False,21,11.980000000000002,1.5409015025041735,False,21,overcount,0, the runner moved quick quick quick quick quick quick quick quick quick quick quick quick quick quick quick quick quick along the narrow path
llasa1b,wr_quick_t5_k12,2,word_rep,t5,12,12,19,quick,19,8.64,16,0.015546312555670738,0.05027893930673599,2.0289375,0.2633272111415863,432,False,7,11.980000000000002,0.7212020033388981,False,16,overcount,0," The runner moved quick, quick, quick, quick, quick, quick, quick, quick, quick, quick, quick, quick, quick, quick, quick, quick."
llasa1b,wr_quick_t5_k16,0,word_rep,t5,16,16,23,quick,153,40.96,147,0.021013716235756874,0.024273309856653214,26.8726875,0.5576111078262329,2048,True,53,14.820000000000004,2.7638326585695,False,147,loop,0, The runner moved quick-quick-quick-quick-quick-quick-quick-quick-quick-quick-quick-quick-quick-quick-quick-quick-quick-quick-quick-quick-quick-quick-quick-quick-quick-quick-quick-quick-quick-quick-quick-quick-quick-quick-quick-quick-quick-quick-quick-quick-quick-quick-quick-quick-quick-quick-quick-quick-quick-quick-quick-quick-quick-quick-quick-quick-quick-quick-quick-quick-quick-quick-quick-quick-quick-quick-quick-quick-quick-quick-quick-quick-quick-quick-quick-quick-quick-quick-quick-quick-quick-quick-quick-quick-quick-quick-quick-quick-quick-quick-quick-quick-quick-quick-quick-quick-quick-quick-quick-quick-quick-quick-quick-quick-quick-quick-quick-quick-quick-quick-quick-quick-quick-quick-quick-quick-quick-quick-quick-quick-quick-quick-quick-quick-quick-quick-quick-quick-quick-quick-quick-quick-quick-quick-quick-quick-quick-quick-quick-quick-quick-quick-quick-quick-quick-quick-quick-qu Thank you.
llasa1b,wr_quick_t5_k16,1,word_rep,t5,16,16,23,quick,224,11.52,221,0.07249988615512848,0.043822139501571655,1.3990625,0.21438266336917877,576,False,11,14.820000000000004,0.7773279352226719,False,221,overcount,0," The runner moved quick, quick, quick, quick, quick, quick, quick, quick, quick, quick, quick, quick, quick, quick, quick, quick, quick, quick, quick, quick, quick, quick, quick, quick, quick, quick, quick, quick, quick, quick, quick, quick, quick, quick, quick, quick, quick, quick, quick, quick, quick, quick, quick, quick, quick, quick, quick, quick, quick, quick, quick, quick, quick, quick, quick, quick, quick, quick, quick, quick, quick, quick, quick, quick, quick, quick, quick, quick, quick, quick, quick, quick, quick, quick, quick, quick, quick, quick, quick, quick, quick, quick, quick, quick, quick, quick, quick, quick, quick, quick, quick, quick, quick, quick, quick, quick, quick, quick, quick, quick, quick, quick, quick, quick, quick, quick, quick, quick, quick, quick, quick, quick, quick, quick, quick, quick, quick, quick, quick, quick, quick, quick, quick, quick, quick, quick, quick, quick, quick, quick, quick, quick, quick, quick, quick, quick, quick, quick, quick, quick, quick, quick, quick, quick, quick, quick, quick, quick, quick, quick, quick, quick, quick, quick, quick, quick, quick, quick, quick, quick, quick, quick, quick, quick, quick, quick, quick, quick, quick, quick, quick, quick, quick, quick, quick, quick, quick, quick, quick, quick, quick, quick, quick, quick, quick, quick, quick, quick, quick, quick, quick, quick, quick, quick, quick, quick, quick, quick, quick, quick, quick, quick, quick, quick, quick, quick, quick, quick, quick, quick, quick, quick, quick, quick, quick, quick, quick, quick, quick, quick, quick"
llasa1b,wr_quick_t5_k16,2,word_rep,t5,16,16,23,quick,28,12.96,25,0.022938374429941177,0.07029770314693451,0.007875,0.350368469953537,648,False,13,14.820000000000004,0.8744939271255059,False,25,overcount,0, the runner moved quick quick quick quick quick quick quick quick quick quick quick quick quick quick quick quick quick quick quick quick quick quick quick quick quick
llasa1b,wr_quick_t5_k24,0,word_rep,t5,24,24,31,quick,444,10.88,441,0.031169695779681206,0.11458970606327057,6.25e-05,0.38091543316841125,544,False,10,20.500000000000007,0.530731707317073,False,441,overcount,0, the runner moved quick quick quick quick quick quick quick quick quick quick quick quick quick quick quick quick quick quick quick quick quick quick quick quick quick quick quick quick quick quick quick quick quick quick quick quick quick quick quick quick quick quick quick quick quick quick quick quick quick quick quick quick quick quick quick quick quick quick quick quick quick quick quick quick quick quick quick quick quick quick quick quick quick quick quick quick quick quick quick quick quick quick quick quick quick quick quick quick quick quick quick quick quick quick quick quick quick quick quick quick quick quick quick quick quick quick quick quick quick quick quick quick quick quick quick quick quick quick quick quick quick quick quick quick quick quick quick quick quick quick quick quick quick quick quick quick quick quick quick quick quick quick quick quick quick quick quick quick quick quick quick quick quick quick quick quick quick quick quick quick quick quick quick quick quick quick quick quick quick quick quick quick quick quick quick quick quick quick quick quick quick quick quick quick quick quick quick quick quick quick quick quick quick quick quick quick quick quick quick quick quick quick quick quick quick quick quick quick quick quick quick quick quick quick quick quick quick quick quick quick quick quick quick quick quick quick quick quick quick quick quick quick quick quick quick quick quick quick quick quick quick quick quick quick quick quick quick quick quick quick quick quick quick quick quick quick quick quick quick quick quick quick quick quick quick quick quick quick quick quick quick quick quick quick quick quick quick quick quick quick quick quick quick quick quick quick quick quick quick quick quick quick quick quick quick quick quick quick quick quick quick quick quick quick quick quick quick quick quick quick quick quick quick quick quick quick quick quick quick quick quick quick quick quick quick quick quick quick quick quick quick quick quick quick quick quick quick quick quick quick quick quick quick quick quick quick quick quick quick quick quick quick quick quick quick quick quick quick quick quick quick quick quick quick quick quick quick quick quick quick quick quick quick quick quick quick quick quick quick quick quick quick quick quick quick quick quick quick quick quick quick quick quick quick quick quick quick quick quick quick quick quick quick quick quick quick quick quick quick quick quick quick quick quick quick quick quick quick quick quick quick quick quick quick quick quick quick quick quick quick quick quick quick quick quick quick quick quick quick quick quick
llasa1b,wr_quick_t5_k24,1,word_rep,t5,24,24,31,quick,444,12.02,441,0.04895801097154617,0.01655776984989643,1.2209375,0.16047881543636322,601,False,12,20.500000000000007,0.5863414634146339,False,441,overcount,0, the runner moved quick quick quick quick quick quick quick quick quick quick quick quick quick quick quick quick quick quick quick quick quick quick quick quick quick quick quick quick quick quick quick quick quick quick quick quick quick quick quick quick quick quick quick quick quick quick quick quick quick quick quick quick quick quick quick quick quick quick quick quick quick quick quick quick quick quick quick quick quick quick quick quick quick quick quick quick quick quick quick quick quick quick quick quick quick quick quick quick quick quick quick quick quick quick quick quick quick quick quick quick quick quick quick quick quick quick quick quick quick quick quick quick quick quick quick quick quick quick quick quick quick quick quick quick quick quick quick quick quick quick quick quick quick quick quick quick quick quick quick quick quick quick quick quick quick quick quick quick quick quick quick quick quick quick quick quick quick quick quick quick quick quick quick quick quick quick quick quick quick quick quick quick quick quick quick quick quick quick quick quick quick quick quick quick quick quick quick quick quick quick quick quick quick quick quick quick quick quick quick quick quick quick quick quick quick quick quick quick quick quick quick quick quick quick quick quick quick quick quick quick quick quick quick quick quick quick quick quick quick quick quick quick quick quick quick quick quick quick quick quick quick quick quick quick quick quick quick quick quick quick quick quick quick quick quick quick quick quick quick quick quick quick quick quick quick quick quick quick quick quick quick quick quick quick quick quick quick quick quick quick quick quick quick quick quick quick quick quick quick quick quick quick quick quick quick quick quick quick quick quick quick quick quick quick quick quick quick quick quick quick quick quick quick quick quick quick quick quick quick quick quick quick quick quick quick quick quick quick quick quick quick quick quick quick quick quick quick quick quick quick quick quick quick quick quick quick quick quick quick quick quick quick quick quick quick quick quick quick quick quick quick quick quick quick quick quick quick quick quick quick quick quick quick quick quick quick quick quick quick quick quick quick quick quick quick quick quick quick quick quick quick quick quick quick quick quick quick quick quick quick quick quick quick quick quick quick quick quick quick quick quick quick quick quick quick quick quick quick quick quick quick quick quick quick quick quick quick quick quick quick quick quick quick quick quick quick quick quick quick quick quick
llasa1b,wr_quick_t5_k24,2,word_rep,t5,24,24,31,quick,224,10.54,221,0.02111763134598732,0.049509499222040176,0.161125,0.17028121650218964,527,False,10,20.500000000000007,0.5141463414634144,False,221,overcount,0," The runner moved quick, quick, quick, quick, quick, quick, quick, quick, quick, quick, quick, quick, quick, quick, quick, quick, quick, quick, quick, quick, quick, quick, quick, quick, quick, quick, quick, quick, quick, quick, quick, quick, quick, quick, quick, quick, quick, quick, quick, quick, quick, quick, quick, quick, quick, quick, quick, quick, quick, quick, quick, quick, quick, quick, quick, quick, quick, quick, quick, quick, quick, quick, quick, quick, quick, quick, quick, quick, quick, quick, quick, quick, quick, quick, quick, quick, quick, quick, quick, quick, quick, quick, quick, quick, quick, quick, quick, quick, quick, quick, quick, quick, quick, quick, quick, quick, quick, quick, quick, quick, quick, quick, quick, quick, quick, quick, quick, quick, quick, quick, quick, quick, quick, quick, quick, quick, quick, quick, quick, quick, quick, quick, quick, quick, quick, quick, quick, quick, quick, quick, quick, quick, quick, quick, quick, quick, quick, quick, quick, quick, quick, quick, quick, quick, quick, quick, quick, quick, quick, quick, quick, quick, quick, quick, quick, quick, quick, quick, quick, quick, quick, quick, quick, quick, quick, quick, quick, quick, quick, quick, quick, quick, quick, quick, quick, quick, quick, quick, quick, quick, quick, quick, quick, quick, quick, quick, quick, quick, quick, quick, quick, quick, quick, quick, quick, quick, quick, quick, quick, quick, quick, quick, quick, quick, quick, quick, quick, quick, quick, quick, quick, quick, quick, quick, quick, quick, quick, quick, quick, quick, quick"
llasa1b,wr_quick_t5_k32,0,word_rep,t5,32,32,39,quick,225,38.38,221,0.08537452667951584,0.01139872521162033,6.25e-05,0.4842315912246704,1919,False,49,26.18000000000001,1.466004583651642,False,221,overcount,0," The runner moved quick, quick, quick, quick, quick, quick, quick, quick, quick, quick, quick, quick, quick, quick, quick, quick, quick, quick, quick, quick, quick, quick, quick, quick, quick, quick, quick, quick, quick, quick, quick, quick, quick, quick, quick, quick, quick, quick, quick, quick, quick, quick, quick, quick, quick, quick, quick, quick, quick, quick, quick, quick, quick, quick, quick, quick, quick, quick, quick, quick, quick, quick, quick, quick, quick, quick, quick, quick, quick, quick, quick, quick, quick, quick, quick, quick, quick, quick, quick, quick, quick, quick, quick, quick, quick, quick, quick, quick, quick, quick, quick, quick, quick, quick, quick, quick, quick, quick, quick, quick, quick, quick, quick, quick, quick, quick, quick, quick, quick, quick, quick, quick, quick, quick, quick, quick, quick, quick, quick, quick, quick, quick, quick, quick, quick, quick, quick, quick, quick, quick, quick, quick, quick, quick, quick, quick, quick, quick, quick, quick, quick, quick, quick, quick, quick, quick, quick, quick, quick, quick, quick, quick, quick, quick, quick, quick, quick, quick, quick, quick, quick, quick, quick, quick, quick, quick, quick, quick, quick, quick, quick, quick, quick, quick, quick, quick, quick, quick, quick, quick, quick, quick, quick, quick, quick, quick, quick, quick, quick, quick, quick, quick, quick, quick, quick, quick, quick, quick, quick, quick, quick, quick, quick, quick, quick, quick, quick, quick, quick, quick, quick, quick, quick, quick, quick, quick, quick, quick, quick, quick, quick OM"
llasa1b,wr_quick_t5_k32,1,word_rep,t5,32,32,39,quick,224,21.9,221,0.01999196596443653,0.026804212480783463,6.25e-05,0.3443553149700165,1095,False,26,26.18000000000001,0.8365164247517185,False,221,overcount,0," The runner moved quick, quick, quick, quick, quick, quick, quick, quick, quick, quick, quick, quick, quick, quick, quick, quick, quick, quick, quick, quick, quick, quick, quick, quick, quick, quick, quick, quick, quick, quick, quick, quick, quick, quick, quick, quick, quick, quick, quick, quick, quick, quick, quick, quick, quick, quick, quick, quick, quick, quick, quick, quick, quick, quick, quick, quick, quick, quick, quick, quick, quick, quick, quick, quick, quick, quick, quick, quick, quick, quick, quick, quick, quick, quick, quick, quick, quick, quick, quick, quick, quick, quick, quick, quick, quick, quick, quick, quick, quick, quick, quick, quick, quick, quick, quick, quick, quick, quick, quick, quick, quick, quick, quick, quick, quick, quick, quick, quick, quick, quick, quick, quick, quick, quick, quick, quick, quick, quick, quick, quick, quick, quick, quick, quick, quick, quick, quick, quick, quick, quick, quick, quick, quick, quick, quick, quick, quick, quick, quick, quick, quick, quick, quick, quick, quick, quick, quick, quick, quick, quick, quick, quick, quick, quick, quick, quick, quick, quick, quick, quick, quick, quick, quick, quick, quick, quick, quick, quick, quick, quick, quick, quick, quick, quick, quick, quick, quick, quick, quick, quick, quick, quick, quick, quick, quick, quick, quick, quick, quick, quick, quick, quick, quick, quick, quick, quick, quick, quick, quick, quick, quick, quick, quick, quick, quick, quick, quick, quick, quick, quick, quick, quick, quick, quick, quick, quick, quick, quick, quick, quick, quick"
llasa1b,wr_quick_t5_k32,2,word_rep,t5,32,32,39,quick,444,12.04,441,0.01648079976439476,0.09106463193893433,0.352,0.3796086609363556,602,False,12,26.18000000000001,0.45989304812834203,False,441,overcount,0, the runner moved quick quick quick quick quick quick quick quick quick quick quick quick quick quick quick quick quick quick quick quick quick quick quick quick quick quick quick quick quick quick quick quick quick quick quick quick quick quick quick quick quick quick quick quick quick quick quick quick quick quick quick quick quick quick quick quick quick quick quick quick quick quick quick quick quick quick quick quick quick quick quick quick quick quick quick quick quick quick quick quick quick quick quick quick quick quick quick quick quick quick quick quick quick quick quick quick quick quick quick quick quick quick quick quick quick quick quick quick quick quick quick quick quick quick quick quick quick quick quick quick quick quick quick quick quick quick quick quick quick quick quick quick quick quick quick quick quick quick quick quick quick quick quick quick quick quick quick quick quick quick quick quick quick quick quick quick quick quick quick quick quick quick quick quick quick quick quick quick quick quick quick quick quick quick quick quick quick quick quick quick quick quick quick quick quick quick quick quick quick quick quick quick quick quick quick quick quick quick quick quick quick quick quick quick quick quick quick quick quick quick quick quick quick quick quick quick quick quick quick quick quick quick quick quick quick quick quick quick quick quick quick quick quick quick quick quick quick quick quick quick quick quick quick quick quick quick quick quick quick quick quick quick quick quick quick quick quick quick quick quick quick quick quick quick quick quick quick quick quick quick quick quick quick quick quick quick quick quick quick quick quick quick quick quick quick quick quick quick quick quick quick quick quick quick quick quick quick quick quick quick quick quick quick quick quick quick quick quick quick quick quick quick quick quick quick quick quick quick quick quick quick quick quick quick quick quick quick quick quick quick quick quick quick quick quick quick quick quick quick quick quick quick quick quick quick quick quick quick quick quick quick quick quick quick quick quick quick quick quick quick quick quick quick quick quick quick quick quick quick quick quick quick quick quick quick quick quick quick quick quick quick quick quick quick quick quick quick quick quick quick quick quick quick quick quick quick quick quick quick quick quick quick quick quick quick quick quick quick quick quick quick quick quick quick quick quick quick quick quick quick quick quick quick quick quick quick quick quick quick quick quick quick quick quick quick quick quick quick quick quick quick
llasa1b,wr_really_t6_k01,0,word_rep,t6,1,1,8,really,6,7.2,0,0.09456487745046616,0.0013223420828580856,6.25e-05,0.5096887946128845,360,False,2,3.1399999999999992,2.2929936305732492,False,2,loop,0, Are you tired after the interview?
llasa1b,wr_really_t6_k01,1,word_rep,t6,1,1,8,really,5,6.24,0,0.02503315731883049,0.021999698132276535,1.336625,0.43558675050735474,312,False,2,3.1399999999999992,1.9872611464968157,False,2,loop,0, I'm ready to dance.
llasa1b,wr_really_t6_k01,2,word_rep,t6,1,1,8,really,8,3.14,1,0.08072422444820404,0.03402286022901535,0.1633125,0.1306307017803192,157,False,1,3.1399999999999992,1.0000000000000002,True,1,correct,1, They were really tired after the long journey.
llasa1b,wr_really_t6_k02,0,word_rep,t6,2,2,9,really,10,5.34,0,0.022998403757810593,0.0002203452750109136,6.25e-05,0.49656006693840027,267,False,2,6.979999999999998,0.7650429799426937,False,2,undercount,0, They were running out of time after the main thing.
llasa1b,wr_really_t6_k02,1,word_rep,t6,2,2,9,really,1,8.38,0,0.06287028640508652,0.01621929556131363,3.57375,0.44467705488204956,419,False,2,6.979999999999998,1.2005730659025793,False,2,undercount,0, Oh
llasa1b,wr_really_t6_k02,2,word_rep,t6,2,2,9,really,9,6.98,2,0.014372025616466999,0.019256653264164925,0.0084375,0.3901485502719879,349,False,2,6.979999999999998,1.0000000000000004,True,2,correct,1," They were really, really tired after the long journey."
llasa1b,wr_really_t6_k03,0,word_rep,t6,3,3,10,really,9,4.46,2,0.00916645210236311,0.04507869482040405,0.4753125,0.3748113214969635,223,False,1,10.819999999999997,0.412199630314233,True,2,truncation,0," They were really, really tired after a long time."
llasa1b,wr_really_t6_k03,1,word_rep,t6,3,3,10,really,4,40.96,0,0.0003627284604590386,0.03872648626565933,6.25e-05,0.08314866572618484,2048,True,11,10.819999999999997,3.7855822550831806,False,11,empty,0, Thank you. Thank you.
llasa1b,wr_really_t6_k03,2,word_rep,t6,3,3,10,really,10,7.7,4,0.006124110892415047,0.03197826072573662,6.25e-05,0.6458179354667664,385,False,2,10.819999999999997,0.7116451016635862,False,4,overcount,0," I'm really, really, really, really crying after the interview."
llasa1b,wr_really_t6_k04,0,word_rep,t6,4,4,11,really,10,7.02,3,0.028493093326687813,0.0019848572555929422,0.005125,0.4278632700443268,351,False,2,14.659999999999995,0.4788540245566168,True,3,truncation,0," They were really, really, really tired after the long journey."
llasa1b,wr_really_t6_k04,1,word_rep,t6,4,4,11,really,4,40.96,0,0.00035521830432116985,0.038315508514642715,6.25e-05,0.340289443731308,2048,True,11,14.659999999999995,2.7939972714870405,False,11,empty,0, Thank you. Thank you.
llasa1b,wr_really_t6_k04,2,word_rep,t6,4,4,11,really,5,40.96,1,0.03069227933883667,0.017296791076660156,37.144625,0.6899380087852478,2048,True,11,14.659999999999995,2.7939972714870405,False,11,loop,0, They were really... Thank you.
llasa1b,wr_really_t6_k06,0,word_rep,t6,6,6,13,really,2,40.96,0,0.00038052344461902976,0.031258076429367065,6.25e-05,0.7040523886680603,2048,True,11,22.339999999999993,1.8334825425246202,False,11,empty,0,. Thank you.
llasa1b,wr_really_t6_k06,1,word_rep,t6,6,6,13,really,1,22.9,0,0.0035678131971508265,0.05868017300963402,6.25e-05,0.514641523361206,1145,False,6,22.339999999999993,1.025067144136079,False,6,undercount,0, um
llasa1b,wr_really_t6_k06,2,word_rep,t6,6,6,13,really,88,40.96,0,0.1040709838271141,0.02202865667641163,19.011375,0.9588354825973511,2048,True,11,22.339999999999993,1.8334825425246202,False,11,loop,0, The The The The The The The The The The The The The The The The The The The The The The The The The The The The The The The The The The The The The The The The The The The The The The The The The The The The The The The The The The The The The The The The The The The The The The The The The The The The The The The The The The The The The The Thank you.
llasa1b,wr_really_t6_k08,0,word_rep,t6,8,8,15,really,4,40.96,0,0.0005321904318407178,0.021191926673054695,6.25e-05,0.5886801481246948,2048,True,11,30.01999999999999,1.3644237175216527,False,11,empty,0, Thank you. Thank you.
llasa1b,wr_really_t6_k08,1,word_rep,t6,8,8,15,really,1,36.46,0,0.007848648354411125,0.006553711835294962,6.25e-05,0.7280421257019043,1823,False,10,30.01999999999999,1.2145236508994008,False,10,undercount,0,. you
llasa1b,wr_really_t6_k08,2,word_rep,t6,8,8,15,really,1,14.96,0,0.012977538630366325,0.00013893269351683557,6.25e-05,0.7728884816169739,748,False,4,30.01999999999999,0.49833444370419744,False,4,truncation,0, you
llasa1b,wr_really_t6_k12,0,word_rep,t6,12,12,19,really,4,40.96,0,0.00169666507281363,0.012204699218273163,23.9373125,0.7834645509719849,2048,True,11,45.37999999999998,0.9026002644336716,False,11,loop,0, Thank you. Thank you.
llasa1b,wr_really_t6_k12,1,word_rep,t6,12,12,19,really,4,40.96,0,0.000377060379832983,0.021502124145627022,6.25e-05,0.14782167971134186,2048,True,11,45.37999999999998,0.9026002644336716,False,11,empty,0, Thank you. Thank you.
llasa1b,wr_really_t6_k12,2,word_rep,t6,12,12,19,really,1,11.24,0,0.013573511503636837,9.827006579143927e-05,6.25e-05,0.4080727696418762,562,False,3,45.37999999999998,0.2476862053768181,False,3,truncation,0, BELLA
llasa1b,wr_really_t6_k16,0,word_rep,t6,16,16,23,really,16,26.42,11,0.024993084371089935,0.004328479524701834,1.613875,0.5000692009925842,1321,False,7,60.73999999999998,0.43496871913072127,False,11,truncation,0," They were really, really, really, really, really, really, really, really, really, really, really. They were tired."
llasa1b,wr_really_t6_k16,1,word_rep,t6,16,16,23,really,2,40.96,0,0.0030367744620889425,0.017586426809430122,31.6669375,0.8908786773681641,2048,True,11,60.73999999999998,0.6743496871913074,False,11,loop,0,. Thank you.
llasa1b,wr_really_t6_k16,2,word_rep,t6,16,16,23,really,21,9.04,14,0.04480830207467079,0.013999179936945438,2.1711875,0.5624392032623291,452,False,3,60.73999999999998,0.148831083305894,False,14,truncation,0, They were really really really really really really really really really really really really really really tired after the long journey.
llasa1b,wr_really_t6_k24,0,word_rep,t6,24,24,31,really,7,40.96,3,0.17844074964523315,0.012187514454126358,6.25e-05,0.6768169403076172,2048,True,11,91.45999999999997,0.4478460529193092,False,11,loop,0," They were really, really, really... Hey Hey"
llasa1b,wr_really_t6_k24,1,word_rep,t6,24,24,31,really,4,30.08,0,7.315477705560625e-05,0.06713365018367767,0.0075,0.31759241223335266,1504,False,8,91.45999999999997,0.3288869451126176,False,8,empty,0, Thank you. Thank you.
llasa1b,wr_really_t6_k24,2,word_rep,t6,24,24,31,really,226,33.96,221,0.04168218374252319,0.014468716457486153,6.25e-05,0.6173862814903259,1698,False,9,91.45999999999997,0.3713098622348569,False,221,overcount,0," They were really, really, really, really, really, really, really, really, really, really, really, really, really, really, really, really, really, really, really, really, really, really, really, really, really, really, really, really, really, really, really, really, really, really, really, really, really, really, really, really, really, really, really, really, really, really, really, really, really, really, really, really, really, really, really, really, really, really, really, really, really, really, really, really, really, really, really, really, really, really, really, really, really, really, really, really, really, really, really, really, really, really, really, really, really, really, really, really, really, really, really, really, really, really, really, really, really, really, really, really, really, really, really, really, really, really, really, really, really, really, really, really, really, really, really, really, really, really, really, really, really, really, really, really, really, really, really, really, really, really, really, really, really, really, really, really, really, really, really, really, really, really, really, really, really, really, really, really, really, really, really, really, really, really, really, really, really, really, really, really, really, really, really, really, really, really, really, really, really, really, really, really, really, really, really, really, really, really, really, really, really, really, really, really, really, really, really, really, really, really, really, really, really, really, really, really, really, really, really, really, really, really, really, really, really, really, really, really, really, really, really, really, really, really, really, really, really, really, really, really, really, Thanks for watching!"
llasa1b,wr_really_t6_k32,0,word_rep,t6,32,32,39,really,7,40.96,3,0.03181382268667221,0.04956415295600891,17.8574375,0.542823851108551,2048,True,11,122.17999999999995,0.33524308397446406,False,11,loop,0," They were really, really, really. Thank you."
llasa1b,wr_really_t6_k32,1,word_rep,t6,32,32,39,really,8,27.12,6,0.016115600243210793,0.012429019436240196,9.207875,0.45741111040115356,1356,False,7,122.17999999999995,0.22196758880340492,True,6,truncation,0," They were really, really, really, really, really, really."
llasa1b,wr_really_t6_k32,2,word_rep,t6,32,32,39,really,4,40.96,0,2.5283809009124525e-05,0.07838613539934158,6.25e-05,0.005494952201843262,2048,True,11,122.17999999999995,0.33524308397446406,False,11,empty,0, Thank you. Thank you.
llasa1b,wr_very_t1_k01,1,word_rep,t1,1,1,11,very,4,33.28,0,0.0011873109033331275,0.006739848293364048,6.25e-05,0.12623678147792816,1664,False,33,7.473333333333334,4.453166815343443,False,33,loop,0, Thank you. Thank you.
llasa1b,wr_very_t1_k01,2,word_rep,t1,1,1,11,very,11,4.6,1,0.023798363283276558,0.009283707477152348,6.25e-05,0.16292166709899902,230,False,0,7.473333333333334,0.615521855486173,True,1,truncation,0, The dog was very big and it ran across the field.
llasa1b,wr_very_t1_k02,1,word_rep,t1,2,2,12,very,11,14.02,2,0.02803163416683674,0.024272935464978218,6.65975,0.4349105954170227,701,False,9,8.273333333333333,1.6946011281224818,False,9,loop,0," The dog was very, very big and ran across the field."
llasa1b,wr_very_t1_k02,2,word_rep,t1,2,2,12,very,10,4.7,1,0.06545896083116531,0.00883148517459631,6.25e-05,0.10586491972208023,235,False,0,8.273333333333333,0.5680902497985496,True,1,truncation,0," The dog was very vague back in Atlanta, Costa Rica."
llasa1b,wr_very_t1_k03,1,word_rep,t1,3,3,13,very,5,40.96,0,0.03221619874238968,0.03460799902677536,32.2696875,0.23498141765594482,2048,True,43,9.073333333333332,4.514327700220427,False,43,loop,0, I thought was. Thank you.
llasa1b,wr_very_t1_k03,2,word_rep,t1,3,3,13,very,4,6.0,1,0.039532192051410675,0.00817461870610714,6.25e-05,0.1586587280035019,300,False,0,9.073333333333332,0.6612784717119765,True,1,truncation,0, The dog was very...
llasa1b,wr_very_t1_k04,1,word_rep,t1,4,4,14,very,4,40.96,0,0.01025837566703558,0.027794551104307175,25.19525,0.4023415148258209,2048,True,43,9.873333333333333,4.148548278190412,False,43,loop,0, Thank you. Thank you.
llasa1b,wr_very_t1_k04,2,word_rep,t1,4,4,14,very,14,6.86,1,0.058160122483968735,0.005263013765215874,0.0565625,0.18520350754261017,343,False,0,9.873333333333333,0.6948008102633356,True,1,truncation,0," The dog was very van, van, van bad, and it ran across the bed."
llasa1b,wr_very_t1_k06,1,word_rep,t1,6,6,16,very,4,40.96,0,0.03349648416042328,0.01487948838621378,30.4231875,0.4228091835975647,2048,True,43,11.473333333333333,3.570017431725741,False,43,loop,0, Thank you. Thank you.
llasa1b,wr_very_t1_k06,2,word_rep,t1,6,6,16,very,16,7.44,6,0.051278289407491684,0.010992609895765781,0.2985625,0.4365648031234741,372,False,1,11.473333333333333,0.6484601975595584,False,6,truncation,0, the dog was very very very very very very big and it ran across the field
llasa1b,wr_very_t1_k08,1,word_rep,t1,8,8,18,very,10,9.02,1,0.03789415583014488,0.011081543751060963,0.1559375,0.17587406933307648,451,False,3,13.07333333333333,0.6899541050484448,False,3,truncation,0, The dog was very big and it wants to feed.
llasa1b,wr_very_t1_k08,2,word_rep,t1,8,8,18,very,17,10.58,7,0.049740616232156754,0.02583468332886696,0.29,0.19656941294670105,529,False,5,13.07333333333333,0.8092809790923,False,7,undercount,0, the dog was very very very very very very very big and it ran across the field
llasa1b,wr_very_t1_k12,1,word_rep,t1,12,12,22,very,21,16.52,11,0.024934181943535805,0.013393905945122242,1.0416875,0.5621480941772461,826,False,12,16.27333333333333,1.0151577222449817,True,11,undercount,0," The dog was very, very, very, very, very, very, very, very, very, very, very big. And it ran across the field."
llasa1b,wr_very_t1_k12,2,word_rep,t1,12,12,22,very,18,17.02,15,0.028137462213635445,0.01782810501754284,4.7073125,0.6765247583389282,851,False,13,16.27333333333333,1.0458828349037281,False,15,overcount,0, the dog was very very very very very very very very very very very very very very very
llasa1b,wr_very_t1_k16,1,word_rep,t1,16,16,26,very,444,23.88,441,0.05950046330690384,0.00576154887676239,3.195625,0.37707674503326416,1194,False,22,19.47333333333333,1.2262923656282096,False,441,overcount,0, the dog was very very very very very very very very very very very very very very very very very very very very very very very very very very very very very very very very very very very very very very very very very very very very very very very very very very very very very very very very very very very very very very very very very very very very very very very very very very very very very very very very very very very very very very very very very very very very very very very very very very very very very very very very very very very very very very very very very very very very very very very very very very very very very very very very very very very very very very very very very very very very very very very very very very very very very very very very very very very very very very very very very very very very very very very very very very very very very very very very very very very very very very very very very very very very very very very very very very very very very very very very very very very very very very very very very very very very very very very very very very very very very very very very very very very very very very very very very very very very very very very very very very very very very very very very very very very very very very very very very very very very very very very very very very very very very very very very very very very very very very very very very very very very very very very very very very very very very very very very very very very very very very very very very very very very very very very very very very very very very very very very very very very very very very very very very very very very very very very very very very very very very very very very very very very very very very very very very very very very very very very very very very very very very very very very very very very very very very very very very very very very very very very very very very very very very very very very very very very very very very very very very very very very very very very very very very very very very very very very very very very very very very very very very very very very very very very very very very very very very very very very very
llasa1b,wr_very_t1_k16,2,word_rep,t1,16,16,26,very,444,26.64,441,0.025189092382788658,0.032047372311353683,5.5573125,0.5594159364700317,1332,False,25,19.47333333333333,1.3680246490927768,False,441,overcount,0, the dog was very very very very very very very very very very very very very very very very very very very very very very very very very very very very very very very very very very very very very very very very very very very very very very very very very very very very very very very very very very very very very very very very very very very very very very very very very very very very very very very very very very very very very very very very very very very very very very very very very very very very very very very very very very very very very very very very very very very very very very very very very very very very very very very very very very very very very very very very very very very very very very very very very very very very very very very very very very very very very very very very very very very very very very very very very very very very very very very very very very very very very very very very very very very very very very very very very very very very very very very very very very very very very very very very very very very very very very very very very very very very very very very very very very very very very very very very very very very very very very very very very very very very very very very very very very very very very very very very very very very very very very very very very very very very very very very very very very very very very very very very very very very very very very very very very very very very very very very very very very very very very very very very very very very very very very very very very very very very very very very very very very very very very very very very very very very very very very very very very very very very very very very very very very very very very very very very very very very very very very very very very very very very very very very very very very very very very very very very very very very very very very very very very very very very very very very very very very very very very very very very very very very very very very very very very very very very very very very very very very very very very very very very very very very very very very very very very very very very very very very very very
llasa1b,wr_very_t1_k24,1,word_rep,t1,24,24,34,very,35,40.96,23,0.023603292182087898,0.01705513894557953,25.181625,0.663445234298706,2048,True,43,25.873333333333328,1.583097139912394,False,43,loop,0," The dog was very, very, very, very, very, very, very, very, very, very, very, very, very, very, very, very, very, very, very, very, very, very, very big and it ran across the field. Thank you."
llasa1b,wr_very_t1_k24,2,word_rep,t1,24,24,34,very,226,40.96,221,0.024901345372200012,0.006747175008058548,0.0045625,0.6062373518943787,2048,True,43,25.873333333333328,1.583097139912394,False,221,loop,0," The dog was very, very, very, very, very, very, very, very, very, very, very, very, very, very, very, very, very, very, very, very, very, very, very, very, very, very, very, very, very, very, very, very, very, very, very, very, very, very, very, very, very, very, very, very, very, very, very, very, very, very, very, very, very, very, very, very, very, very, very, very, very, very, very, very, very, very, very, very, very, very, very, very, very, very, very, very, very, very, very, very, very, very, very, very, very, very, very, very, very, very, very, very, very, very, very, very, very, very, very, very, very, very, very, very, very, very, very, very, very, very, very, very, very, very, very, very, very, very, very, very, very, very, very, very, very, very, very, very, very, very, very, very, very, very, very, very, very, very, very, very, very, very, very, very, very, very, very, very, very, very, very, very, very, very, very, very, very, very, very, very, very, very, very, very, very, very, very, very, very, very, very, very, very, very, very, very, very, very, very, very, very, very, very, very, very, very, very, very, very, very, very, very, very, very, very, very, very, very, very, very, very, very, very, very, very, very, very, very, very, very, very, very, very, very, very, very, very, very, very, very, very Thank you."
llasa1b,wr_very_t1_k32,1,word_rep,t1,32,32,42,very,224,26.58,221,0.07656200230121613,0.021953634917736053,2.8595,0.25712108612060547,1329,False,25,32.273333333333326,0.8235901673208016,False,221,overcount,0," The dog was very, very, very, very, very, very, very, very, very, very, very, very, very, very, very, very, very, very, very, very, very, very, very, very, very, very, very, very, very, very, very, very, very, very, very, very, very, very, very, very, very, very, very, very, very, very, very, very, very, very, very, very, very, very, very, very, very, very, very, very, very, very, very, very, very, very, very, very, very, very, very, very, very, very, very, very, very, very, very, very, very, very, very, very, very, very, very, very, very, very, very, very, very, very, very, very, very, very, very, very, very, very, very, very, very, very, very, very, very, very, very, very, very, very, very, very, very, very, very, very, very, very, very, very, very, very, very, very, very, very, very, very, very, very, very, very, very, very, very, very, very, very, very, very, very, very, very, very, very, very, very, very, very, very, very, very, very, very, very, very, very, very, very, very, very, very, very, very, very, very, very, very, very, very, very, very, very, very, very, very, very, very, very, very, very, very, very, very, very, very, very, very, very, very, very, very, very, very, very, very, very, very, very, very, very, very, very, very, very, very, very, very, very, very, very, very, very, very, very, very, very"
llasa1b,wr_very_t1_k32,2,word_rep,t1,32,32,42,very,8,29.24,5,0.028616778552532196,0.005918597802519798,4.0100625,0.44584032893180847,1462,False,28,32.273333333333326,0.9060111547200993,False,28,undercount,0," The dog was very, very, very, very, very."
xtts2,ct_blue_t4_k02,0,control_word,t4,2,2,9,blue,9,2.784,2,0.14574286341667175,0.04615333676338196,0.17116666666666666,0.17066822946071625,59,False,2,2.581333333333334,1.0785123966942145,True,2,correct,1," The light was green, bright before the storm arrived."
xtts2,ct_blue_t4_k02,1,control_word,t4,2,2,9,blue,9,2.592,2,0.14147047698497772,0.03999895229935646,0.11808333333333333,0.39162522554397583,55,False,2,2.581333333333334,1.0041322314049583,True,2,correct,1, The light was green bright before the storm arrived.
xtts2,ct_blue_t4_k02,2,control_word,t4,2,2,9,blue,9,2.368,2,0.14723068475723267,0.03190482780337334,0.16733333333333333,0.4133569896221161,50,False,2,2.581333333333334,0.9173553719008262,True,2,correct,1, The light was green bright before the storm arrived.
xtts2,ct_blue_t4_k03,0,control_word,t4,3,3,10,blue,10,3.104,3,0.1452840119600296,0.045818883925676346,0.14966666666666667,0.1682249754667282,66,False,3,3.3991111111111114,0.9131799163179916,True,3,correct,1," The light was green, bright pale before the storm arrived."
xtts2,ct_blue_t4_k03,1,control_word,t4,3,3,10,blue,10,3.4346666666666668,3,0.14261339604854584,0.049151889979839325,0.1405,0.2798047363758087,73,False,3,3.3991111111111114,1.010460251046025,True,3,correct,1," The light was green bright, pale before the storm arrived."
xtts2,ct_blue_t4_k03,2,control_word,t4,3,3,10,blue,10,3.6586666666666665,3,0.13507917523384094,0.04543819651007652,0.15045833333333333,0.3038528561592102,78,False,3,3.3991111111111114,1.0763598326359831,True,3,correct,1," The light was green, bright pale before the storm arrived."
xtts2,ct_blue_t4_k04,0,control_word,t4,4,4,11,blue,11,4.224,4,0.1370701789855957,0.047524821013212204,0.16958333333333334,0.20816156268119812,90,False,4,4.216888888888889,1.0016863406408096,True,4,correct,1," The light was green, bright pale dim, before the storm arrived."
xtts2,ct_blue_t4_k04,1,control_word,t4,4,4,11,blue,11,5.802666666666667,4,0.12390171736478806,0.05679596960544586,0.11941666666666667,0.25079891085624695,124,False,6,4.216888888888889,1.376053962900506,False,6,correct,1," The light was green, bright, pale dim, before the storm arrived."
xtts2,ct_blue_t4_k04,2,control_word,t4,4,4,11,blue,11,4.64,4,0.1308305412530899,0.05115010589361191,0.238125,0.22140073776245117,99,False,5,4.216888888888889,1.1003372681281618,True,4,correct,1," The light was green, bright, pale dim, before the storm arrived."
xtts2,ct_blue_t4_k06,0,control_word,t4,6,6,13,blue,13,4.874666666666666,6,0.13897252082824707,0.06125326082110405,0.14429166666666668,0.20719559490680695,104,False,5,5.852444444444444,0.8329283110571081,True,6,correct,1," The light was green, bright, pale dim warm cold, before the storm arrived."
xtts2,ct_blue_t4_k06,1,control_word,t4,6,6,13,blue,13,5.888,6,0.13973775506019592,0.04462539404630661,0.11316666666666667,0.20580095052719116,126,False,6,5.852444444444444,1.006075334143378,True,6,correct,1," The light was green, bright, pale, dim, warm, cold, before the storm arrived."
xtts2,ct_blue_t4_k06,2,control_word,t4,6,6,13,blue,13,5.386666666666667,6,0.1324126124382019,0.04019806906580925,0.13754166666666667,0.19736021757125854,115,False,5,5.852444444444444,0.9204131227217498,True,6,correct,1," The light was green, bright, pale, dim, warm, cold, before the storm arrived."
xtts2,ct_blue_t4_k08,0,control_word,t4,8,8,15,blue,15,5.610666666666667,8,0.1366053968667984,0.06596114486455917,0.16925,0.23116277158260345,120,False,6,7.487999999999999,0.7492877492877494,False,8,correct,1," The light was green, bright, pale dim warm cold, sharp soft before the storm arrived."
xtts2,ct_blue_t4_k08,1,control_word,t4,8,8,15,blue,15,7.328,8,0.13536880910396576,0.06706152111291885,0.130375,0.23153981566429138,157,False,8,7.487999999999999,0.9786324786324788,True,8,correct,1," The light was green, bright, pale, dim, warm, cold, sharp, soft, before the storm arrived."
xtts2,ct_blue_t4_k08,2,control_word,t4,8,8,15,blue,15,5.237333333333333,8,0.1396811455488205,0.033955901861190796,0.154625,0.25770628452301025,112,False,5,7.487999999999999,0.6994301994301995,False,8,truncation,0," The light was green bright, pale dim warm cold sharp soft before the storm arrived."
xtts2,ct_blue_t4_k12,0,control_word,t4,12,12,19,blue,19,7.285333333333333,12,0.15454216301441193,0.05599082261323929,0.11733333333333333,0.2788937985897064,156,False,8,10.759111111111109,0.6771315267680107,False,12,truncation,0," The light was green, bright, pale dim warm cold, sharp soft green bright pale dim before the storm arrived."
xtts2,ct_blue_t4_k12,1,control_word,t4,12,12,19,blue,19,9.194666666666667,12,0.12515126168727875,0.04408695176243782,0.15670833333333334,0.18917784094810486,197,False,10,10.759111111111109,0.8545935228023795,False,12,correct,1," The light was green, bright, pale dim, warm cold, sharp soft green, bright pale dim, before the storm arrived."
xtts2,ct_blue_t4_k12,2,control_word,t4,12,12,19,blue,19,6.826666666666667,12,0.1419292688369751,0.038477540016174316,0.14033333333333334,0.23008328676223755,146,False,7,10.759111111111109,0.6345009914077993,False,12,truncation,0," The light was green bright, pale dim, warm cold, sharp soft green, bright pale dim before the storm arrived."
xtts2,ct_blue_t4_k16,0,control_word,t4,16,16,23,blue,23,10.634666666666666,16,0.1355670988559723,0.06118667498230934,0.16454166666666667,0.17684035003185272,228,False,12,14.030222222222218,0.7579827673593514,False,16,correct,1," The light was green, bright, pale, dim, warm, cold, sharp, soft, green, bright, pale, dim, warm, cold, sharp, soft before the storm arrived."
xtts2,ct_blue_t4_k16,1,control_word,t4,16,16,23,blue,23,8.768,16,0.14153529703617096,0.054505061358213425,0.11566666666666667,0.33000245690345764,188,False,10,14.030222222222218,0.6249366447034974,False,16,truncation,0," The light was green, bright, pale, dim, warm, cold, sharp, soft, green, bright, pale, dim, warm, cold, sharp, soft before the storm arrived."
xtts2,ct_blue_t4_k16,2,control_word,t4,16,16,23,blue,23,9.376,16,0.14074021577835083,0.04536793380975723,0.17004166666666667,0.24502766132354736,201,False,10,14.030222222222218,0.6682716675114041,False,16,truncation,0," The light was green bright, pale dim warm cold sharp, soft green bright, pale dim warm cold sharp, soft before the storm arrived."
xtts2,ct_blue_t4_k24,0,control_word,t4,24,24,31,blue,31,17.365333333333332,24,0.12108930200338364,0.052605416625738144,0.16454166666666667,0.3216868042945862,373,False,20,20.572444444444436,0.8441064638783273,False,24,correct,1," The light was green, bright, pale, dim, warm, cold. Sharp, soft, green, bright, pale, dim, warm, cold. Sharp, soft, green, bright, pale, dim, warm, cold. Sharp, soft, before the storm arrived."
xtts2,ct_blue_t4_k24,1,control_word,t4,24,24,31,blue,13,7.8933333333333335,10,0.12514851987361908,0.05548049882054329,0.22233333333333333,0.25436267256736755,169,False,8,20.572444444444436,0.3836847563083306,True,10,truncation,0," The light was green, bright, pale dim, warm cold, sharp soft green, bright."
xtts2,ct_blue_t4_k24,2,control_word,t4,24,24,31,blue,31,13.045333333333334,24,0.1401894986629486,0.04875253140926361,0.122625,0.18706943094730377,280,False,15,20.572444444444436,0.6341168337366059,False,24,truncation,0," The light was green bright, pale dim warm, cold sharp soft green bright, pale dim, warm cold, sharp soft green, bright pale dim, warm cold sharp, soft before the storm arrived."
xtts2,ct_blue_t4_k32,0,control_word,t4,32,32,39,blue,39,24.842666666666666,32,0.1224641427397728,0.05114160105586052,0.11758333333333333,0.20349003374576569,534,False,29,27.114666666666654,0.9162077104642018,True,32,correct,1," The light was green, bright, pale, dim, warm, cold, sharp, soft, green, bright, pale, dim, warm, cold. Sharp, soft, green, bright, pale. Dim, warm, cold, sharp, soft, green, bright, pale. Dim, warm, cold. Sharp, soft, before the storm arrived."
xtts2,ct_blue_t4_k32,1,control_word,t4,32,32,39,blue,31,18.613333333333333,24,0.13998480141162872,0.0549154132604599,0.14895833333333333,0.33001282811164856,400,False,22,27.114666666666654,0.6864673485444535,True,24,truncation,0," The light was green, bright, pale, dim, warm, cold, sharp, soft, green, bright, pale, dim, warm, cold, sharp, soft, green, bright, pale, dim, warm, cold, sharp, soft, before the storm arrived."
xtts2,ct_blue_t4_k32,2,control_word,t4,32,32,39,blue,39,22.282666666666668,32,0.12231852114200592,0.06095357984304428,0.16525,0.19796107709407806,479,False,26,27.114666666666654,0.8217938630999218,False,32,correct,1," The light was green, bright, pale dim warm cold, sharp soft green, bright pale dim, warm cold sharp soft green bright, pale dim warm cold, sharp soft green bright, pale dim, warm, cold, sharp. Soft before the storm arrived."
xtts2,ct_far_t3_k02,0,control_word,t3,2,2,10,far,10,3.104,2,0.15144115686416626,0.07118197530508041,0.16004166666666667,0.18836709856987,66,False,2,3.089777777777778,1.004602991944764,True,2,correct,1, He walked deep fast into the forest before turning back.
xtts2,ct_far_t3_k02,1,control_word,t3,2,2,10,far,10,3.0613333333333332,2,0.14267022907733917,0.07366694509983063,0.12641666666666668,0.22471246123313904,65,False,2,3.089777777777778,0.9907940161104717,True,2,correct,1, He walked deep fast into the forest before turning back.
xtts2,ct_far_t3_k02,2,control_word,t3,2,2,10,far,10,3.104,2,0.15217216312885284,0.06723867356777191,0.16320833333333334,0.33683788776397705,66,False,2,3.089777777777778,1.004602991944764,True,2,correct,1, He walked deep fast into the forest before turning back.
xtts2,ct_far_t3_k03,0,control_word,t3,3,3,11,far,11,3.3386666666666667,3,0.1374868005514145,0.07215186953544617,0.19004166666666666,0.288994163274765,71,False,3,3.3102222222222224,1.0085929108485499,True,3,correct,1, He walked deep fast long into the forest before turning back.
xtts2,ct_far_t3_k03,1,control_word,t3,3,3,11,far,11,3.296,3,0.14670132100582123,0.059659600257873535,0.169625,0.2656298279762268,70,False,3,3.3102222222222224,0.995703544575725,True,3,correct,1, He walked deep fast long into the forest before turning back.
xtts2,ct_far_t3_k03,2,control_word,t3,3,3,11,far,11,3.296,3,0.14817388355731964,0.06387825310230255,0.15020833333333333,0.3098390996456146,70,False,3,3.3102222222222224,0.995703544575725,True,3,correct,1, He walked deep fast long into the forest before turning back.
xtts2,ct_far_t3_k04,0,control_word,t3,4,4,12,far,12,3.52,4,0.1457962542772293,0.056329093873500824,0.15316666666666667,0.2145024538040161,75,False,4,3.5306666666666664,0.9969788519637464,True,4,correct,1, He walked deep fast long wide into the forest before turning back.
xtts2,ct_far_t3_k04,1,control_word,t3,4,4,12,far,12,3.5733333333333333,4,0.14360272884368896,0.053767092525959015,0.15641666666666668,0.4178648293018341,76,False,4,3.5306666666666664,1.0120845921450152,True,4,correct,1, He walked deep fast long wide into the forest before turning back.
xtts2,ct_far_t3_k04,2,control_word,t3,4,4,12,far,12,3.52,4,0.13936147093772888,0.06420929729938507,0.14541666666666667,0.33857348561286926,75,False,4,3.5306666666666664,0.9969788519637464,True,4,correct,1, He walked deep fast long wide into the forest before turning back.
xtts2,ct_far_t3_k06,0,control_word,t3,6,6,14,far,14,3.989333333333333,6,0.13949351012706757,0.05903701111674309,0.141125,0.2743021547794342,85,False,6,3.9715555555555544,1.0044762757385857,True,6,correct,1, He walked deep fast long wide high low into the forest before turning back.
xtts2,ct_far_t3_k06,1,control_word,t3,6,6,14,far,14,4.085333333333334,6,0.1413322538137436,0.051044028252363205,0.17308333333333334,0.22101044654846191,87,False,7,3.9715555555555544,1.0286481647269476,True,6,correct,1, He walked deep fast long wide high low into the forest before turning back.
xtts2,ct_far_t3_k06,2,control_word,t3,6,6,14,far,14,4.128,6,0.13940125703811646,0.05033979192376137,0.14833333333333334,0.19945935904979706,88,False,7,3.9715555555555544,1.0393912264995526,True,6,correct,1," He walked deep, fast, long, wide, high, low into the forest before turning back."
xtts2,ct_far_t3_k08,0,control_word,t3,8,8,16,far,16,4.917333333333334,8,0.14436490833759308,0.05665242299437523,0.16329166666666667,0.2252657264471054,105,False,10,4.412444444444443,1.1144238517324743,False,10,correct,1, He walked deep fast long wide high low near past into the forest before turning back.
xtts2,ct_far_t3_k08,1,control_word,t3,8,8,16,far,16,5.525333333333333,8,0.12939150631427765,0.057581737637519836,0.16066666666666668,0.12900784611701965,118,False,13,4.412444444444443,1.252215954875101,False,13,correct,1," He walked deep fast, long wide high low, near past into the forest, before turning back."
xtts2,ct_far_t3_k08,2,control_word,t3,8,8,16,far,16,5.525333333333333,8,0.13666194677352905,0.05384944751858711,0.1435,0.33689868450164795,118,False,13,4.412444444444443,1.252215954875101,False,13,correct,1," He walked deep, fast, long, wide, high, low, near, past, into the forest before turning back."
xtts2,ct_far_t3_k12,0,control_word,t3,12,12,20,far,20,6.453333333333333,7,0.13402903079986572,0.06940709054470062,0.14258333333333334,0.21471427381038666,138,False,17,5.294222222222219,1.218938885157825,False,17,undercount,0," He walked deep fast long wide high low, near pass deep fast, long wide into the forest before turning back."
xtts2,ct_far_t3_k12,1,control_word,t3,12,12,20,far,20,6.08,12,0.14697058498859406,0.05521323159337044,0.168,0.3727470636367798,130,False,16,5.294222222222219,1.148421759570182,False,16,correct,1, He walked deep fast long wide high low near past deep fast long wide into the forest before turning back.
xtts2,ct_far_t3_k12,2,control_word,t3,12,12,20,far,20,7.8933333333333335,12,0.13332390785217285,0.0715358778834343,0.17179166666666668,0.24353797733783722,169,False,24,5.294222222222219,1.490933512424447,False,24,miscount,0, He walked deep fast long wide high low near past. Deep fast long wide into the forest before turning back.
xtts2,ct_far_t3_k16,0,control_word,t3,16,16,24,far,24,9.610666666666667,16,0.1314409226179123,0.07233134657144547,0.16029166666666667,0.17584021389484406,206,False,32,6.175999999999995,1.5561312607944746,False,32,miscount,0," He walked deep fast long wide high low, near past, deep fast, long wide, high low near past into the forest before turning back."
xtts2,ct_far_t3_k16,1,control_word,t3,16,16,24,far,24,8.074666666666667,16,0.13977615535259247,0.05259603261947632,0.14945833333333333,0.21528680622577667,173,False,25,6.175999999999995,1.3074265975820392,False,25,correct,1, He walked deep fast long wide high low near past deep fast long wide high low near past into the forest before turning back.
xtts2,ct_far_t3_k16,2,control_word,t3,16,16,24,far,24,8.906666666666666,16,0.13708044588565826,0.06198524683713913,0.14258333333333334,0.2576424181461334,191,False,28,6.175999999999995,1.442141623488775,False,28,correct,1," He walked deep fast long wide high low, near past deep fast long wide high low, near past into the forest, before turning back."
xtts2,ct_far_t3_k24,0,control_word,t3,24,24,32,far,32,11.424,24,0.13644953072071075,0.06999880075454712,0.15445833333333334,0.18121860921382904,245,False,40,7.939555555555548,1.4388714733542334,False,40,correct,1, He walked deep fast long wide high low near past deep fast long wide high low near past deep fast long wide high low near past into the forest before turning back.
xtts2,ct_far_t3_k24,1,control_word,t3,24,24,32,far,32,15.04,24,0.12460239231586456,0.0502907857298851,0.11458333333333333,0.35301512479782104,323,False,56,7.939555555555548,1.8943125839677581,False,56,loop,0," He walked deep, fast, long, wide, high, low, near, past, deep, fast, long, wide, high, low, near, past, deep, fast, long, wide, high, low, near, past, into the forest. Before turning back."
xtts2,ct_far_t3_k24,2,control_word,t3,24,24,32,far,32,12.117333333333333,24,0.1369839906692505,0.06524787098169327,0.179875,0.1898910254240036,260,False,43,7.939555555555548,1.5261979399910448,False,43,miscount,0," He walked deep fast long wide high low, near past deep fast long wide high low, near past deep fast long wide high low near past into the forest before turning back."
xtts2,ct_far_t3_k32,0,control_word,t3,32,32,40,far,40,17.461333333333332,32,0.1259545236825943,0.06265492737293243,0.15716666666666668,0.11861315369606018,375,False,67,9.7031111111111,1.7995602784902913,False,67,loop,0," He walked deep fast, long wide high low, near past deep fast, long wide high low, near past deep fast, long wide high low, near past deep fast, long wide high low, near past into the forest, before turning back."
xtts2,ct_far_t3_k32,1,control_word,t3,32,32,40,far,48,22.421333333333333,32,0.11573439836502075,0.05173676460981369,0.14466666666666667,0.18631237745285034,482,False,90,9.7031111111111,2.3107365335287677,False,90,loop,0," He walked deep, fast, long, wide, high, low, near, past, deep, fast, long, wide, high, low, near, past, deep, fast, long, wide, high, low, near, past, deep, fast, long, wide, high, low, near, past, deep, fast, long, wide, high, low, near, past, into the forest before turning back."
xtts2,ct_far_t3_k32,2,control_word,t3,32,32,40,far,40,15.456,32,0.12622804939746857,0.06328743696212769,0.11391666666666667,0.262785941362381,332,False,58,9.7031111111111,1.5928911689263483,False,58,miscount,0," He walked deep, fast, long, wide, high, low, near, past, deep, fast, long, wide, high, low, near, past, deep, fast, long, wide, high, low, near, past, deep, fast, long, wide, high, low, near, past, into the forest, before turning back."
xtts2,ct_no_t2_k02,0,control_word,t2,2,2,12,no,12,3.0613333333333332,2,0.14136524498462677,0.0508258156478405,0.14966666666666667,0.265087366104126,65,False,2,2.830222222222222,1.0816582914572865,True,2,correct,1, She said yes maybe to the offer and then left the room.
xtts2,ct_no_t2_k02,1,control_word,t2,2,2,12,no,12,2.784,2,0.14369942247867584,0.056057993322610855,0.14779166666666665,0.23265153169631958,59,False,2,2.830222222222222,0.9836683417085428,True,2,correct,1, She said yes maybe to the offer and then left the room.
xtts2,ct_no_t2_k02,2,control_word,t2,2,2,12,no,12,2.6453333333333333,2,0.13650411367416382,0.05061142146587372,0.15408333333333332,0.16375061869621277,56,False,2,2.830222222222222,0.9346733668341709,True,2,correct,1, She said yes maybe to the offer and then left the room.
xtts2,ct_no_t2_k03,0,control_word,t2,3,3,13,no,13,3.2,3,0.14956700801849365,0.044907208532094955,0.151125,0.2537667155265808,68,False,3,3.495111111111111,0.9155645981688708,True,3,correct,1, She said yes maybe sure to the offer and then left the room.
xtts2,ct_no_t2_k03,1,control_word,t2,3,3,13,no,13,3.8506666666666667,3,0.13258923590183258,0.05834648013114929,0.15508333333333332,0.15022867918014526,82,False,4,3.495111111111111,1.1017293997965412,True,3,correct,1," She said, yes, maybe sure to the offer, and then left the room."
xtts2,ct_no_t2_k03,2,control_word,t2,3,3,13,no,13,3.4346666666666668,3,0.13214094936847687,0.06147797778248787,0.12170833333333334,0.3336891233921051,73,False,3,3.495111111111111,0.982706002034588,True,3,correct,1," She said yes, maybe sure to the offer, and then left the room."
xtts2,ct_no_t2_k04,0,control_word,t2,4,4,14,no,14,4.032,4,0.12715443968772888,0.04998895898461342,0.142625,0.17407602071762085,86,False,4,4.159999999999999,0.9692307692307695,True,4,correct,1," She said, yes, maybe sure fine to the offer, and then left the room."
xtts2,ct_no_t2_k04,1,control_word,t2,4,4,14,no,14,3.712,4,0.13633888959884644,0.060684531927108765,0.14758333333333334,0.29227158427238464,79,False,3,4.159999999999999,0.8923076923076925,True,4,correct,1," She said, yes, maybe sure fine to the offer and then left the room."
xtts2,ct_no_t2_k04,2,control_word,t2,4,4,14,no,14,3.808,4,0.13292987644672394,0.06627797335386276,0.15158333333333332,0.13661403954029083,81,False,3,4.159999999999999,0.9153846153846155,True,4,correct,1," She said yes, maybe sure fine to the offer and then left the room."
xtts2,ct_no_t2_k06,0,control_word,t2,6,6,16,no,16,5.0986666666666665,6,0.13411355018615723,0.04204189404845238,0.14225,0.2448509782552719,109,False,5,5.4897777777777765,0.928756476683938,True,6,correct,1," She said, yes, maybe sure fine, okay, well to the offer and then left the room."
xtts2,ct_no_t2_k06,1,control_word,t2,6,6,16,no,16,4.8213333333333335,6,0.13513526320457458,0.06785206496715546,0.10929166666666666,0.29442545771598816,103,False,5,5.4897777777777765,0.8782383419689122,True,6,correct,1," She said, yes, maybe sure fine okay well to the offer, and then left the room."
xtts2,ct_no_t2_k06,2,control_word,t2,6,6,16,no,16,4.544,6,0.12376435101032257,0.05988933891057968,0.14075,0.16272591054439545,97,False,5,5.4897777777777765,0.8277202072538862,True,6,correct,1," She said yes, maybe sure, fine, okay, well to the offer, and then left the room."
xtts2,ct_no_t2_k08,0,control_word,t2,8,8,18,no,18,5.706666666666667,7,0.13671982288360596,0.05159596726298332,0.146625,0.3499338924884796,122,False,6,6.819555555555554,0.8368091762252349,True,7,undercount,0," She said, yes, maybe, sure, fine. Okay, well, right. Him to the offer, and then left the room."
xtts2,ct_no_t2_k08,1,control_word,t2,8,8,18,no,18,6.08,7,0.12906628847122192,0.054751116782426834,0.14391666666666666,0.30708563327789307,130,False,7,6.819555555555554,0.8915537017726801,True,7,undercount,0," She said, yes, maybe, sure, fine, okay, well, right, him to the offer, and then left the room."
xtts2,ct_no_t2_k08,2,control_word,t2,8,8,18,no,10,3.712,6,0.1265966147184372,0.06947379559278488,0.18125,0.2612646520137787,79,False,3,6.819555555555554,0.5443169968717415,False,6,truncation,0," She said yes. Maybe sure fine. Okay well, write him."
xtts2,ct_no_t2_k12,0,control_word,t2,12,12,22,no,23,6.496,12,0.13013681769371033,0.05444231629371643,0.13516666666666666,0.2897585332393646,139,False,8,9.47911111111111,0.6852963240810205,False,12,truncation,0," She said, yes, maybe sure fine. Okay, well, right. Mm-hmm. Yes, maybe sure fine to the offer and then left the room."
xtts2,ct_no_t2_k12,1,control_word,t2,12,12,22,no,21,7.050666666666666,7,0.12375244498252869,0.05549474060535431,0.1435,0.24340543150901794,151,False,8,9.47911111111111,0.7438109527381846,True,7,undercount,0," She said yes. Maybe sure fine. Okay, well, right? Yes, maybe sure fine to the offer. And then left the room."
xtts2,ct_no_t2_k12,2,control_word,t2,12,12,22,no,22,7.978666666666666,12,0.12131890654563904,0.06330061703920364,0.13183333333333333,0.17428286373615265,171,False,10,9.47911111111111,0.8417104276069018,False,12,correct,1," She said yes, maybe sure fine, okay well. Right, hmm? Yes, maybe sure fine to the offer, and then left the room."
xtts2,ct_no_t2_k16,0,control_word,t2,16,16,26,no,25,10.485333333333333,7,0.12563887238502502,0.0501653216779232,0.14508333333333334,0.2632930874824524,225,False,14,12.138666666666664,0.8637961335676627,False,14,undercount,0," She said, yes, maybe, sure, fine. Okay, well, right? Yes, maybe, sure, fine. Okay, well, right, he, to the offer, and then left the room."
xtts2,ct_no_t2_k16,1,control_word,t2,16,16,26,no,26,9.418666666666667,7,0.12565022706985474,0.05241875723004341,0.163875,0.20334747433662415,202,False,12,12.138666666666664,0.7759226713532515,False,12,undercount,0," She said yes, maybe sure fine, okay well. Right, Ham? Yes, maybe sure fine. Okay well, right, heamed to the offer and then left the room."
xtts2,ct_no_t2_k16,2,control_word,t2,16,16,26,no,25,9.749333333333333,7,0.1232423260807991,0.06132842227816582,0.11683333333333333,0.20537208020687103,209,False,12,12.138666666666664,0.8031634446397189,False,12,undercount,0," She said yes, maybe sure fine, okay well, right? Yes, maybe sure fine, okay well, right? Hume to the offer, and then left the room."
xtts2,ct_no_t2_k24,0,control_word,t2,24,24,34,no,33,13.088,7,0.12096260488033295,0.04590541496872902,4.1666666666666665e-05,0.24303430318832397,281,False,17,17.45777777777777,0.7496945010183301,False,17,undercount,0," She said, yes, maybe sure, fine. Okay, well, right? Yes, maybe sure, fine. Okay, well, right. Yes, maybe sure, fine. Okay, well, right. He went to the offer and then left the room."
xtts2,ct_no_t2_k24,1,control_word,t2,24,24,34,no,33,12.437333333333333,7,0.12902256846427917,0.04884682968258858,0.14179166666666668,0.1898132860660553,267,False,16,17.45777777777777,0.7124236252545827,False,16,undercount,0," She said yes, maybe sure fine, okay well, right? Yes, maybe sure fine, okay well. Right hin, yes, maybe sure fine, okay well. Right hin to the offer and then left the room."
xtts2,ct_no_t2_k24,2,control_word,t2,24,24,34,no,31,14.805333333333333,7,0.12123511731624603,0.05596504360437393,0.13970833333333332,0.13194575905799866,318,False,20,17.45777777777777,0.84806517311609,False,20,undercount,0," She said yes, maybe sure fine, okay well, right? Yes, maybe sure fine, okay well, right? Yes, maybe sure fine, okay well, right? Heamed the offer and then left the room."
xtts2,ct_no_t2_k32,0,control_word,t2,32,32,42,no,41,24.981333333333332,7,0.12320638447999954,0.04578587785363197,0.11825,0.184402197599411,537,False,35,22.77688888888888,1.0967842647517956,False,35,undercount,0," She said, yes, maybe sure fine. Okay, well, right. Yes, maybe sure fine. Okay, well, right. Yes, maybe sure fine. Okay, well, right. Yes, maybe sure fine. Okay, well, right. Right, he went to the offer and then left the room."
xtts2,ct_no_t2_k32,1,control_word,t2,32,32,42,no,41,19.541333333333334,7,0.11337073147296906,0.04605354741215706,0.13775,0.19159208238124847,420,False,27,22.77688888888888,0.8579456759288171,False,27,undercount,0," She said yes, maybe sure, fine, okay, well, right heem, yes, maybe sure, fine, okay, well, right heem, yes, maybe sure, fine, okay, well, right, yes, maybe sure, fine, okay, well, right heem to the offer and then left the room."
xtts2,ct_no_t2_k32,2,control_word,t2,32,32,42,no,39,20.245333333333335,7,0.11334425210952759,0.04784982651472092,0.12154166666666667,0.20979124307632446,435,False,28,22.77688888888888,0.8888541991882614,False,28,undercount,0," She said, yes, maybe, sure, fine, okay, well, right? Yes, maybe, sure, fine, okay, well, right? Yes, maybe, sure, fine, okay, well, right? Yes, maybe, sure, fine, okay, well, right? Ran to the offer and then left the room."
xtts2,ct_quick_t5_k02,0,control_word,t5,2,2,9,quick,9,2.9226666666666667,2,0.15489737689495087,0.04758238419890404,0.145,0.17033608257770538,62,False,2,2.890666666666666,1.0110701107011073,True,2,correct,1, The runner moved swift smooth along the narrow path.
xtts2,ct_quick_t5_k02,1,control_word,t5,2,2,9,quick,9,2.9226666666666667,2,0.15935827791690826,0.041738834232091904,0.17025,0.33267179131507874,62,False,2,2.890666666666666,1.0110701107011073,True,2,correct,1, The runner moved swift smooth along the narrow path.
xtts2,ct_quick_t5_k02,2,control_word,t5,2,2,9,quick,9,2.8266666666666667,2,0.16248683631420135,0.04356374964118004,0.14666666666666667,0.2752178907394409,60,False,2,2.890666666666666,0.9778597785977863,True,2,correct,1, The runner moved swift smooth along the narrow path.
xtts2,ct_quick_t5_k03,0,control_word,t5,3,3,10,quick,10,3.4346666666666668,3,0.15269120037555695,0.05168097838759422,0.15525,0.2065906673669815,73,False,3,3.370666666666666,1.0189873417721522,True,3,correct,1," The runner moved swift, smooth, steady along the narrow path."
xtts2,ct_quick_t5_k03,1,control_word,t5,3,3,10,quick,10,3.3386666666666667,3,0.14549417793750763,0.05139375105500221,0.15283333333333332,0.2003377228975296,71,False,3,3.370666666666666,0.9905063291139243,True,3,correct,1," The runner moved swift, smooth, steady along the narrow path."
xtts2,ct_quick_t5_k03,2,control_word,t5,3,3,10,quick,10,3.3386666666666667,3,0.1485263705253601,0.046503372490406036,0.16166666666666665,0.2275133728981018,71,False,3,3.370666666666666,0.9905063291139243,True,3,correct,1," The runner moves swift, smooth, steady along the narrow path."
xtts2,ct_quick_t5_k04,0,control_word,t5,4,4,11,quick,11,3.8933333333333335,4,0.1556020975112915,0.04884839802980423,0.15979166666666667,0.21237148344516754,83,False,4,3.850666666666666,1.0110803324099726,True,4,correct,1," The runner moved swift, smooth, steady light along the narrow path."
xtts2,ct_quick_t5_k04,1,control_word,t5,4,4,11,quick,11,3.7546666666666666,4,0.14379607141017914,0.05063525214791298,0.16170833333333334,0.19113856554031372,80,False,4,3.850666666666666,0.9750692520775626,True,4,correct,1," The runner moved swift, smooth, steady light along the narrow path."
xtts2,ct_quick_t5_k04,2,control_word,t5,4,4,11,quick,11,3.808,4,0.1557782143354416,0.04225583001971245,0.15025,0.2301771193742752,81,False,4,3.850666666666666,0.9889196675900279,True,4,correct,1," The runner moved swift, smooth, steady light along the narrow path."
xtts2,ct_quick_t5_k06,0,control_word,t5,6,6,13,quick,13,5.333333333333333,6,0.1381138116121292,0.06132655218243599,0.140625,0.18371698260307312,114,False,7,4.810666666666665,1.108647450110865,True,6,correct,1," The runner moved swift, smooth, steady, light, sharp, loose along the narrow path."
xtts2,ct_quick_t5_k06,1,control_word,t5,6,6,13,quick,13,5.706666666666667,6,0.1356602907180786,0.05856923386454582,0.14595833333333333,0.18656305968761444,122,False,8,4.810666666666665,1.1862527716186257,False,8,correct,1," The runner moved, swift, smooth, steady light, sharp, loose along the narrow path."
xtts2,ct_quick_t5_k06,2,control_word,t5,6,6,13,quick,13,4.778666666666667,6,0.1497894823551178,0.05686270818114281,0.12545833333333334,0.15392880141735077,102,False,6,4.810666666666665,0.9933481152993352,True,6,correct,1," The runner moved swift, smooth, steady, light, sharp, loose along the narrow path."
xtts2,ct_quick_t5_k08,0,control_word,t5,8,8,15,quick,15,6.08,8,0.1467142105102539,0.06234623119235039,0.16616666666666666,0.2255096435546875,130,False,9,5.770666666666665,1.0536044362292054,True,8,correct,1," The runner moves swift, smooth, steady, light, sharp, loose, tight, clean along the narrow path."
xtts2,ct_quick_t5_k08,1,control_word,t5,8,8,15,quick,15,6.965333333333334,8,0.14100852608680725,0.059076059609651566,0.15979166666666667,0.20834434032440186,149,False,10,5.770666666666665,1.2070240295748618,False,10,correct,1," The runner moved swift, smooth, steady, light, sharp, loose, tight, clean along the narrow path."
xtts2,ct_quick_t5_k08,2,control_word,t5,8,8,15,quick,15,5.525333333333333,8,0.15044005215168,0.06294865906238556,0.15158333333333332,0.23926104605197906,118,False,7,5.770666666666665,0.9574861367837341,True,8,correct,1," The runner moves swift, smooth, steady, light, sharp, loose, tight, clean along the narrow path."
xtts2,ct_quick_t5_k12,0,control_word,t5,12,12,19,quick,19,7.008,12,0.13696877658367157,0.06170116737484932,0.14604166666666665,0.19296108186244965,150,False,11,7.690666666666665,0.91123439667129,True,12,correct,1," The runner moves swift smooth steady light, sharp loose tight clean, swift smooth steady light along the narrow path."
xtts2,ct_quick_t5_k12,1,control_word,t5,12,12,19,quick,19,11.509333333333334,12,0.13184303045272827,0.07435797154903412,0.11270833333333333,0.2471829354763031,247,False,20,7.690666666666665,1.4965325936199727,False,20,miscount,0," The runner moved swift, smooth, steady, light, sharp, loose, tight, clean, swift, smooth, steady, light, along the narrow path."
xtts2,ct_quick_t5_k12,2,control_word,t5,12,12,19,quick,19,7.978666666666666,12,0.13937658071517944,0.06488360464572906,0.14804166666666665,0.17410148680210114,171,False,13,7.690666666666665,1.0374479889042998,True,12,correct,1," The runner moved swift, smooth, steady, light, sharp, loose, tight, clean, swift, smooth, steady, light along the narrow path."
xtts2,ct_quick_t5_k16,0,control_word,t5,16,16,23,quick,23,8.629333333333333,16,0.15197545289993286,0.06095941737294197,0.15791666666666668,0.1849389225244522,185,False,14,9.610666666666665,0.8978912319644841,True,16,correct,1, The runner move swift smooth steady light sharp loose tight clean swift smooth steady light sharp loose tight clean along the narrow path.
xtts2,ct_quick_t5_k16,1,control_word,t5,16,16,23,quick,23,13.045333333333334,16,0.1361543834209442,0.06720010191202164,0.121125,0.15136019885540009,280,False,23,9.610666666666665,1.3573806881243067,False,23,correct,1," The runner moved swift smooth steady light, sharp, loose tight, clean. Swift smooth, steady light, sharp loose tight, clean along the narrow path."
xtts2,ct_quick_t5_k16,2,control_word,t5,16,16,23,quick,23,12.064,16,0.13457782566547394,0.07057894766330719,0.12145833333333333,0.3168201148509979,259,False,21,9.610666666666665,1.2552719200887905,False,21,correct,1," The runner moved swift smooth steady light, sharp loose tight, clean swift smooth, steady light, sharp loose tight, clean along the narrow path."
xtts2,ct_quick_t5_k24,0,control_word,t5,24,24,31,quick,31,12.16,24,0.1417299062013626,0.05915718153119087,0.14120833333333332,0.21270830929279327,261,False,21,13.450666666666663,0.9040444091990486,True,24,correct,1," The runner moves swift, smooth, steady, light, sharp, loose, tight, clean, swift, smooth, steady, light, sharp, loose, tight, clean, swift, smooth, steady, light, sharp, loose, tight, clean along the narrow path."
xtts2,ct_quick_t5_k24,1,control_word,t5,24,24,31,quick,31,18.197333333333333,24,0.12247098982334137,0.06625105440616608,0.11216666666666666,0.23177094757556915,391,False,34,13.450666666666663,1.3528945281522604,False,34,correct,1," The runner moved swift, smooth, steady, light, sharp, loose, tight, clean, swift, smooth, steady, light, sharp, loose, tight, clean, swift, smooth, steady, light, sharp, loose, tight, clean along the narrow path."
xtts2,ct_quick_t5_k24,2,control_word,t5,24,24,31,quick,31,12.810666666666666,24,0.14331479370594025,0.0606113001704216,0.16841666666666666,0.15561354160308838,275,False,23,13.450666666666663,0.9524187153053134,True,24,correct,1," The runner moved swift, smooth, steady, light, sharp, loose, tight, clean, swift, smooth, steady, light, sharp, loose, tight, clean, swift, smooth, steady, light, sharp, loose, tight, clean along the narrow path."
xtts2,ct_quick_t5_k32,0,control_word,t5,32,32,39,quick,47,21.962666666666667,32,0.1334443837404251,0.06512319296598434,0.16458333333333333,0.29971957206726074,472,False,42,17.290666666666663,1.2702035780382483,False,42,correct,1," The runner moves swift, smooth, steady, light, sharp, loose, tight, clean, swift, smooth, steady, light, sharp, loose, tight, clean, swift, smooth, steady, light, sharp, loose, tight, clean, swift, smooth. Steady, light, sharp, loose, tight, clean, swift, smooth, steady, light, sharp, loose, tight, clean along the narrow path."
xtts2,ct_quick_t5_k32,1,control_word,t5,32,32,39,quick,39,20.053333333333335,32,0.1293807029724121,0.07697322964668274,0.155625,0.24896271526813507,431,False,38,17.290666666666663,1.1597779148673661,False,38,correct,1," The runner moved swift, smooth, steady, light, sharp, loose, tight, clean, swift, smooth, steady, light, sharp, loose, tight, clean, swift, smooth, steady, light, sharp, loose, tight, clean, swift, smooth, steady, light, sharp, loose, tight, clean along a narrow path."
xtts2,ct_quick_t5_k32,2,control_word,t5,32,32,39,quick,39,18.890666666666668,32,0.1383826732635498,0.06911721080541611,0.132,0.21340423822402954,406,False,35,17.290666666666663,1.092535471930907,True,32,correct,1," The runner moved swift, smooth, steady, light, sharp, loose, tight, clean, swift, smooth, steady, light, sharp, loose, tight, clean, swift, smooth, steady, light, sharp, loose, tight, clean, swift, smooth, steady, light, sharp, loose, tight, clean along a narrow path."
xtts2,ct_really_t6_k02,0,control_word,t6,2,2,9,really,9,2.8266666666666667,2,0.13253755867481232,0.03506020829081535,0.1425,0.1937626600265503,60,False,2,2.766222222222222,1.0218508997429308,True,2,correct,1, They were truly quite tired after the long journey.
xtts2,ct_really_t6_k02,1,control_word,t6,2,2,9,really,9,2.965333333333333,2,0.13839221000671387,0.03568623960018158,0.17170833333333332,0.30144432187080383,63,False,3,2.766222222222222,1.0719794344473008,True,2,correct,1, They were truly quite tired after the long journey.
xtts2,ct_really_t6_k02,2,control_word,t6,2,2,9,really,9,2.506666666666667,2,0.14198344945907593,0.03030913695693016,0.16520833333333335,0.21297957003116608,53,False,1,2.766222222222222,0.9061696658097688,True,2,correct,1, They were truly quite tired after the long journey.
xtts2,ct_really_t6_k03,0,control_word,t6,3,3,10,really,10,3.2,3,0.13284388184547424,0.027953851968050003,0.15833333333333333,0.14399024844169617,68,False,4,3.0008888888888885,1.0663507109004742,True,3,correct,1, They were truly quite very tired after the long journey.
xtts2,ct_really_t6_k03,1,control_word,t6,3,3,10,really,10,3.1573333333333333,3,0.1258891373872757,0.034124091267585754,0.15445833333333334,0.1665755659341812,67,False,4,3.0008888888888885,1.0521327014218012,True,3,correct,1, They were truly quite very tired after the long journey.
xtts2,ct_really_t6_k03,2,control_word,t6,3,3,10,really,10,2.6453333333333333,3,0.12632198631763458,0.03289038687944412,0.15416666666666667,0.24986237287521362,56,False,1,3.0008888888888885,0.8815165876777252,False,3,correct,1, They were truly quite very tired after the long journey.
xtts2,ct_really_t6_k04,0,control_word,t6,4,4,11,really,11,3.5733333333333333,4,0.1365499347448349,0.026640497148036957,0.179125,0.25983676314353943,76,False,5,3.235555555555555,1.1043956043956045,True,4,correct,1, They were truly quite very rather tired after the long journey.
xtts2,ct_really_t6_k04,1,control_word,t6,4,4,11,really,11,3.4346666666666668,4,0.14514169096946716,0.024815086275339127,0.16325,0.13660526275634766,73,False,5,3.235555555555555,1.0615384615384618,True,4,correct,1, They were truly quite very rather tired after the long journey.
xtts2,ct_really_t6_k04,2,control_word,t6,4,4,11,really,11,3.4346666666666668,4,0.1401854008436203,0.022607112303376198,0.15220833333333333,0.24301370978355408,73,False,5,3.235555555555555,1.0615384615384618,True,4,correct,1, They were truly quite very rather tired after the long journey.
xtts2,ct_really_t6_k06,0,control_word,t6,6,6,13,really,13,4.448,6,0.14443762600421906,0.028132183477282524,0.14525,0.25983700156211853,95,False,9,3.7048888888888887,1.2005758157389637,False,9,correct,1, They were truly quite very rather deeply clearly tired after the long journey.
xtts2,ct_really_t6_k06,1,control_word,t6,6,6,13,really,13,4.362666666666667,6,0.13573594391345978,0.02975156344473362,0.163625,0.1684912145137787,93,False,9,3.7048888888888887,1.1775431861804224,False,9,correct,1, They were truly quite very rather deeply clearly tired after the long journey.
xtts2,ct_really_t6_k06,2,control_word,t6,6,6,13,really,13,4.1706666666666665,6,0.1400524377822876,0.03193739056587219,0.15533333333333332,0.21671271324157715,89,False,8,3.7048888888888887,1.1257197696737045,False,8,correct,1, They were truly quite very rather deeply clearly tired after the long journey.
xtts2,ct_really_t6_k08,0,control_word,t6,8,8,15,really,15,5.610666666666667,8,0.14001746475696564,0.03504533693194389,0.16145833333333334,0.28596657514572144,120,False,14,4.174222222222221,1.3441226575809202,False,14,correct,1," They were truly quite very, rather deeply clearly, plainly surely tired after the long journey."
xtts2,ct_really_t6_k08,1,control_word,t6,8,8,15,really,15,5.1946666666666665,8,0.14801985025405884,0.027776343747973442,0.14870833333333333,0.16227400302886963,111,False,12,4.174222222222221,1.2444633730834755,False,12,correct,1," They were truly quite very rather deeply clearly, plainly surely tired after the long journey."
xtts2,ct_really_t6_k08,2,control_word,t6,8,8,15,really,15,5.386666666666667,8,0.14221635460853577,0.02929329313337803,0.14591666666666667,0.23472633957862854,115,False,13,4.174222222222221,1.29045996592845,False,13,correct,1," They were truly quite very, rather deeply clearly, plainly surely tired after the long journey."
xtts2,ct_really_t6_k12,0,control_word,t6,12,12,19,really,19,7.050666666666666,12,0.13879930973052979,0.03220757097005844,0.16204166666666667,0.17610707879066467,151,False,20,5.112888888888889,1.378998609179416,False,20,correct,1," They were truly quite very rather deeply clearly, plainly surely truly quite very rather tired after the long journey."
xtts2,ct_really_t6_k12,1,control_word,t6,12,12,19,really,18,7.050666666666666,8,0.13625173270702362,0.037744488567113876,0.11458333333333333,0.1916164606809616,151,False,20,5.112888888888889,1.378998609179416,False,20,undercount,0," They were truly quite very rather deeply clearly, plainly surely, quite very rather tired, after the long journey."
xtts2,ct_really_t6_k12,2,control_word,t6,12,12,19,really,19,7.658666666666667,12,0.1436811089515686,0.03442899137735367,0.16466666666666666,0.19085285067558289,164,False,23,5.112888888888889,1.4979137691237832,False,23,miscount,0," They were truly quite very, rather deeply clearly, plainly surely, truly quite very, rather tired after the long journey."
xtts2,ct_really_t6_k16,0,control_word,t6,16,16,23,really,23,9.888,16,0.13394734263420105,0.04049648344516754,0.12279166666666666,0.1955559253692627,212,False,32,6.051555555555555,1.6339600470035254,False,32,loop,0," They were truly quite very rather deeply clearly plainly, surely truly quite very rather deeply clearly, plainly surely tired, after the long journey."
xtts2,ct_really_t6_k16,1,control_word,t6,16,16,23,really,22,10.122666666666667,13,0.13913337886333466,0.037897396832704544,0.12791666666666668,0.2370029091835022,217,False,33,6.051555555555555,1.6727379553466513,False,33,loop,0," They were truly quite very rather deeply clearly, plainly surely, truly, quite very rather deeply, plainly surely tired after the long journey."
xtts2,ct_really_t6_k16,2,control_word,t6,16,16,23,really,23,9.28,16,0.14493076503276825,0.03483773022890091,0.17920833333333333,0.17215554416179657,199,False,30,6.051555555555555,1.5334900117508814,False,30,miscount,0," They were truly quite very, rather deeply, clearly, plainly, surely, truly quite very, rather deeply, clearly, plainly, surely tired after the long journey."
xtts2,ct_really_t6_k24,0,control_word,t6,24,24,31,really,30,11.882666666666667,22,0.1280187964439392,0.03455405309796333,0.13991666666666666,0.16375020146369934,255,False,41,7.928888888888888,1.4986547085201796,False,41,undercount,0," They were truly quite very rather deeply clearly plainly, surely truly quite very rather deeply clearly, plainly surely truly quite very rather deeply, clearly surely tired after the long journey."
xtts2,ct_really_t6_k24,1,control_word,t6,24,24,31,really,30,14.112,22,0.13861428201198578,0.03484414517879486,0.12145833333333333,0.1507076621055603,303,False,50,7.928888888888888,1.7798206278026907,False,50,loop,0," They were truly quite very rather deeply clearly, plainly surely truly, quite very rather, deeply clearly, plainly surely truly quite very, rather deeply, clearly, surely tired after the long journey."
xtts2,ct_really_t6_k24,2,control_word,t6,24,24,31,really,31,14.112,24,0.13442830741405487,0.03292498737573624,0.13266666666666665,0.2646576464176178,303,False,50,7.928888888888888,1.7798206278026907,False,50,loop,0," They were truly quite very, rather deeply clearly, plainly surely, truly quite very, rather deeply clearly, plainly surely truly quite very, rather deeply clearly, plainly surely tired after the long journey."
xtts2,ct_really_t6_k32,0,control_word,t6,32,32,39,really,38,17.738666666666667,24,0.13333860039710999,0.04117147624492645,0.1395,0.17272669076919556,381,False,66,9.806222222222221,1.8089195068890502,False,66,loop,0, They were truly quite very rather deeply clearly plainly surely truly quite very rather deeply clearly plainly surely truly quite very rather deeply plainly surely truly quite very rather deeply clearly plainly surely tired after the long journey.
xtts2,ct_really_t6_k32,1,control_word,t6,32,32,39,really,39,14.944,32,0.13976621627807617,0.030226055532693863,0.17075,0.37561556696891785,321,False,54,9.806222222222221,1.523930384336476,False,54,miscount,0, They were truly quite very rather deeply clearly. Plainly surely truly quite very rather deeply clearly. Plainly surely truly quite very rather deeply clearly. Plainly surely truly quite very rather deeply clearly. Plainly surely tired after the long journey.
xtts2,ct_really_t6_k32,2,control_word,t6,32,32,39,really,38,17.685333333333332,24,0.13362129032611847,0.043924473226070404,0.1135,0.13781234622001648,380,False,66,9.806222222222221,1.8034807831762147,False,66,loop,0," They were truly quite very, rather deeply, clearly, plainly, surely, truly, quite very, rather deeply, clearly, plainly, surely, truly, quite very, rather deeply, clearly, surely, truly, quite very, rather deeply, clearly, plainly, surely tired after the long journey."
xtts2,ct_very_t1_k02,0,control_word,t1,2,2,12,very,12,3.0613333333333332,2,0.14083236455917358,0.034167494624853134,0.17308333333333334,0.2504810690879822,65,False,2,2.9191111111111105,1.048721071863581,True,2,correct,1, The dog was quite really big and it ran across the field.
xtts2,ct_very_t1_k02,1,control_word,t1,2,2,12,very,12,2.8266666666666667,2,0.13883014023303986,0.03345005586743355,0.15566666666666668,0.3259927034378052,60,False,2,2.9191111111111105,0.9683313032886726,True,2,correct,1, The dog was quite really big and it ran across the field.
xtts2,ct_very_t1_k02,2,control_word,t1,2,2,12,very,12,2.8693333333333335,2,0.1391100138425827,0.03076978586614132,0.13225,0.31984153389930725,61,False,2,2.9191111111111105,0.9829476248477469,True,2,correct,1, The dog was quite really big and it ran across the field.
xtts2,ct_very_t1_k03,0,control_word,t1,3,3,13,very,13,3.7546666666666666,3,0.13861489295959473,0.054998625069856644,0.14366666666666666,0.1938709020614624,80,False,4,3.46311111111111,1.0841889117043124,True,3,correct,1," The dog was quite really truly big, and it ran across the field."
xtts2,ct_very_t1_k03,1,control_word,t1,3,3,13,very,13,3.3386666666666667,3,0.13730065524578094,0.0458495132625103,0.13408333333333333,0.14392796158790588,71,False,3,3.46311111111111,0.9640657084188914,True,3,correct,1, The dog was quite really truly big and it ran across the field.
xtts2,ct_very_t1_k03,2,control_word,t1,3,3,13,very,13,3.296,3,0.13472066819667816,0.0375131294131279,0.14320833333333333,0.23097091913223267,70,False,3,3.46311111111111,0.951745379876797,True,3,correct,1, The dog was quite really truly big and it ran across the field.
xtts2,ct_very_t1_k04,0,control_word,t1,4,4,14,very,14,4.501333333333333,4,0.13496552407741547,0.039631959050893784,0.16141666666666668,0.13459794223308563,96,False,5,4.00711111111111,1.1233362910381548,True,4,correct,1, The dog was quite really truly fairly big and it ran across the field.
xtts2,ct_very_t1_k04,1,control_word,t1,4,4,14,very,14,3.712,4,0.13956376910209656,0.04349229112267494,0.16675,0.1807917356491089,79,False,3,4.00711111111111,0.9263531499556348,True,4,correct,1, The dog was quite really truly fairly big and it ran across the field.
xtts2,ct_very_t1_k04,2,control_word,t1,4,4,14,very,14,3.5733333333333333,4,0.1345871090888977,0.043533675372600555,0.16866666666666666,0.1882445514202118,76,False,3,4.00711111111111,0.8917480035492461,True,4,correct,1, The dog was quite really truly fairly big and it ran across the field.
xtts2,ct_very_t1_k06,0,control_word,t1,6,6,16,very,16,4.874666666666666,6,0.14058183133602142,0.04327687248587608,0.17625,0.17953914403915405,104,False,6,5.095111111111109,0.9567341242149341,True,6,correct,1, The dog was quite really truly fairly rather somewhat big and it ran across the field.
xtts2,ct_very_t1_k06,1,control_word,t1,6,6,16,very,16,4.874666666666666,6,0.14558058977127075,0.03993598371744156,0.14904166666666666,0.2674598693847656,104,False,6,5.095111111111109,0.9567341242149341,True,6,correct,1, The dog was quite really truly fairly rather somewhat big and it ran across the field.
xtts2,ct_very_t1_k06,2,control_word,t1,6,6,16,very,16,4.448,6,0.13316182792186737,0.06108565255999565,0.16533333333333333,0.20997746288776398,95,False,5,5.095111111111109,0.8729937194696445,True,6,correct,1," The dog was quite really truly fairly rather somewhat big, and it ran across the field."
xtts2,ct_very_t1_k08,0,control_word,t1,8,8,18,very,18,5.8453333333333335,8,0.14720672369003296,0.04459090158343315,0.16,0.16025903820991516,125,False,7,6.183111111111108,0.9453709028177119,True,8,correct,1, The dog was quite really truly fairly rather somewhat extremely notably big and it ran across the field.
xtts2,ct_very_t1_k08,1,control_word,t1,8,8,18,very,18,5.802666666666667,8,0.14142441749572754,0.04749593883752823,0.15595833333333334,0.21036480367183685,124,False,7,6.183111111111108,0.9384703852788965,True,8,correct,1," The dog was quite really truly, fairly rather somewhat extremely notably big and it ran across the field."
xtts2,ct_very_t1_k08,2,control_word,t1,8,8,18,very,18,6.314666666666667,8,0.1485186517238617,0.04509686306118965,0.15141666666666667,0.28480544686317444,135,False,8,6.183111111111108,1.0212765957446814,True,8,correct,1," The dog was quite really truly fairly rather somewhat extremely notably big, and it ran across the field."
xtts2,ct_very_t1_k12,0,control_word,t1,12,12,22,very,22,7.84,12,0.14231817424297333,0.05277271941304207,0.156625,0.20117196440696716,168,False,11,8.359111111111105,0.9378987664823486,True,12,correct,1," The dog was quite really truly fairly rather somewhat extremely notably, quite really truly fairly big, and it ran across the field."
xtts2,ct_very_t1_k12,1,control_word,t1,12,12,22,very,22,8.074666666666667,12,0.14104744791984558,0.04944213852286339,0.158375,0.163161039352417,173,False,11,8.359111111111105,0.9659719268396435,True,12,correct,1, The dog was quite really truly fairly rather somewhat extremely notably quite really truly fairly big and it ran across the field.
xtts2,ct_very_t1_k12,2,control_word,t1,12,12,22,very,22,7.328,12,0.1465415358543396,0.042037155479192734,0.16620833333333335,0.1888851523399353,157,False,10,8.359111111111105,0.8766482347937055,False,12,correct,1," The dog was quite really truly fairly, rather somewhat extremely notably, quite really truly fairly big, and it ran across the field."
xtts2,ct_very_t1_k16,0,control_word,t1,16,16,26,very,26,9.749333333333333,16,0.1439698338508606,0.05203881487250328,0.12633333333333333,0.15622030198574066,209,False,15,10.535111111111103,0.9254134323320965,True,16,correct,1," The dog was quite really truly fairly rather somewhat extremely notably, quite really truly fairly, rather somewhat extremely notably big, and it ran across the field."
xtts2,ct_very_t1_k16,1,control_word,t1,16,16,26,very,26,10.026666666666667,16,0.14306658506393433,0.048449721187353134,0.159125,0.13544140756130219,215,False,15,10.535111111111103,0.9517381032737099,True,16,correct,1," The dog was quite really truly fairly rather somewhat extremely notably quite really truly fairly rather somewhat extremely notably big, and it ran across the field."
xtts2,ct_very_t1_k16,2,control_word,t1,16,16,26,very,26,9.984,16,0.14071325957775116,0.045737817883491516,0.12291666666666666,0.1769014447927475,214,False,15,10.535111111111103,0.947688153898077,True,16,correct,1," The dog was quite really truly fairly rather somewhat extremely notably, quite really truly fairly, rather somewhat extremely notably big. And it ran across the field."
xtts2,ct_very_t1_k24,0,control_word,t1,24,24,34,very,34,14.293333333333333,24,0.13721537590026855,0.05370428413152695,0.14308333333333334,0.22699031233787537,307,False,23,14.887111111111098,0.9601146405540968,True,24,correct,1," The dog was quite really truly fairly rather somewhat extremely notably, quite really truly fairly, rather somewhat extremely, notably, quite really truly fairly, rather somewhat extremely notably big, and it ran across the field."
xtts2,ct_very_t1_k24,1,control_word,t1,24,24,34,very,34,13.738666666666667,24,0.14115585386753082,0.04350993409752846,0.111625,0.16021879017353058,295,False,22,14.887111111111098,0.9228564604728932,True,24,correct,1, The dog was quite really truly fairly rather somewhat extremely notably quite really truly fairly rather somewhat extremely notably quite really truly fairly rather somewhat extremely notably big and it ran across the field.
xtts2,ct_very_t1_k24,2,control_word,t1,24,24,34,very,34,14.389333333333333,24,0.14816637337207794,0.04688675329089165,0.1435,0.2778521776199341,309,False,23,14.887111111111098,0.9665631717219975,True,24,correct,1," The dog was quite really truly fairly, rather somewhat extremely notably, quite really truly fairly, rather somewhat extremely notably, quite really truly, fairly rather somewhat extremely notably big, and it ran across the field."
xtts2,ct_very_t1_k32,0,control_word,t1,32,32,42,very,22,9.194666666666667,19,0.1448788344860077,0.04687216132879257,0.19558333333333333,0.24003268778324127,197,False,14,19.239111111111097,0.4779153576048793,False,19,truncation,0, The dog was quite really truly fairly rather somewhat extremely notably. Quite really truly fairly rather somewhat extremely notably quite really truly.
xtts2,ct_very_t1_k32,1,control_word,t1,32,32,42,very,18,8.256,15,0.14652839303016663,0.04805116727948189,0.18025,0.22255492210388184,177,False,12,19.239111111111097,0.4291258547403441,True,15,truncation,0," The dog was quite really truly fairly, rather somewhat extremely notably. Quite really truly fairly, rather somewhat extremely."
xtts2,ct_very_t1_k32,2,control_word,t1,32,32,42,very,42,16.384,32,0.13598951697349548,0.035448864102363586,0.13679166666666667,0.15390801429748535,352,False,27,19.239111111111097,0.8515985954537061,False,32,correct,1, The dog was quite really truly fairly rather somewhat extremely notably quite really truly fairly rather somewhat extremely notably quite really truly fairly rather somewhat extremely notably quite really truly fairly rather somewhat extremely notably big and it ran across the field.
xtts2,nm_n01,0,numbers,n01,6,6,9,six,9,3.477333333333333,4,0.12279962748289108,0.09256965667009354,0.21545833333333334,0.16539232432842255,74,False,2,6.054790436417805,0.5743110962880208,False,4,truncation,0," 666,666."
xtts2,nm_n01,1,numbers,n01,6,6,9,six,9,3.8933333333333335,4,0.11644343286752701,0.09749015420675278,0.13533333333333333,0.21173779666423798,83,False,3,6.054790436417805,0.643017024985054,True,4,truncation,0," 666,666"
xtts2,nm_n01,2,numbers,n01,6,6,9,six,9,3.616,4,0.11988633126020432,0.10434070229530334,0.10504166666666667,0.20343025028705597,77,False,3,6.054790436417805,0.5972130725203653,True,4,truncation,0," 666,666"
xtts2,nm_n02,0,numbers,n02,6,6,9,seven,9,4.362666666666667,4,0.14283159375190735,0.053866010159254074,0.16429166666666667,0.18204551935195923,93,False,4,6.054790436417805,0.7205314060791427,True,4,undercount,0," 777,777"
xtts2,nm_n02,1,numbers,n02,6,6,9,seven,8,3.52,3,0.1352817267179489,0.042703043669462204,0.14083333333333334,0.20684833824634552,75,False,3,6.054790436417805,0.5813578582056652,True,3,truncation,0," 777,070-77"
xtts2,nm_n02,2,numbers,n02,6,6,9,seven,7,3.616,3,0.14235208928585052,0.03897460550069809,0.162125,0.1839178204536438,77,False,3,6.054790436417805,0.5972130725203653,True,3,truncation,0," 777,077"
xtts2,nm_n03,0,numbers,n03,6,6,9,nine,7,3.808,3,0.12119323015213013,0.051582496613264084,0.15279166666666666,0.3856585919857025,81,False,3,6.054790436417805,0.6289235011497651,True,3,truncation,0," 999,900."
xtts2,nm_n03,1,numbers,n03,6,6,9,nine,8,3.477333333333333,4,0.13297076523303986,0.016381174325942993,0.14458333333333334,0.2579382359981537,74,False,2,6.054790436417805,0.5743110962880208,False,4,truncation,0," 999, 999."
xtts2,nm_n03,2,numbers,n03,6,6,9,nine,7,3.4346666666666668,3,0.13632284104824066,0.030675716698169708,0.18695833333333334,0.2916584610939026,73,False,2,6.054790436417805,0.5672643343703764,True,3,truncation,0," 999,900."
xtts2,nm_n04,0,numbers,n04,6,6,9,three,9,3.52,4,0.14024905860424042,0.04742256924510002,0.14366666666666666,0.270439475774765,75,False,3,6.054790436417805,0.5813578582056652,True,4,truncation,0," 333,333"
xtts2,nm_n04,1,numbers,n04,6,6,9,three,9,3.3386666666666667,4,0.14020177721977234,0.029492074623703957,0.15608333333333332,0.22758279740810394,71,False,2,6.054790436417805,0.5514091200556764,False,4,truncation,0," 333,333"
xtts2,nm_n04,2,numbers,n04,6,6,9,three,9,2.6453333333333333,4,0.14419247210025787,0.030189409852027893,0.15208333333333332,0.19630883634090424,56,False,1,6.054790436417805,0.4368992388939545,False,4,truncation,0," 333,333"
xtts2,nm_n05,0,numbers,n05,9,9,14,six,16,6.912,7,0.12096395343542099,0.10727597773075104,0.11329166666666667,0.2038760483264923,148,False,7,8.253360881139027,0.8374770108254482,True,7,undercount,0," 666,666,666.66"
xtts2,nm_n05,1,numbers,n05,9,9,14,six,14,5.386666666666667,6,0.12733307480812073,0.0955435037612915,0.13883333333333334,0.301402747631073,115,False,5,8.253360881139027,0.6526634112142767,True,6,truncation,0," 666,666,666."
xtts2,nm_n05,2,numbers,n05,9,9,14,six,1,6.026666666666666,0,0.1228906586766243,0.10033895075321198,0.1415,0.22445502877235413,129,False,6,8.253360881139027,0.7302075788832997,False,6,undercount,0, 666666666666666666666666666666666666666666666666666666666666666666666666666666666666666666666666666666666666666666666666666666666666666666666666666666666666666666666666666666666666666666666666666666666666666666666666666666666666666666666666666666666666666666666666666666666666666666666666666666666666666666666666666666666666666666666666666666666666666666666666666666666666666666666666666666666666666666666666666666666666666666666666666666666666666666666666666666666666666666666666666666666666666666666666666666666666666666666666666666666666666666666666666666666666666666666666666666666666666666666666666666666666666666666666666666666666666666666666666666666666666666666666666666666666666666666666666666666666666666666ddllllllllllllllllllllllllllllllllllllllllllllllllllllllllllllllllllllllllllllllllllllllllllllllllllllllllllllllllllllllllllllllllllllllllllllllllllllllllllllllllllllllll
xtts2,nm_n06,0,numbers,n06,6,6,9,eight,9,3.477333333333333,4,0.12866002321243286,0.03381720557808876,0.149125,0.20997431874275208,74,False,2,6.054790436417805,0.5743110962880208,False,4,truncation,0," 888,888."
xtts2,nm_n06,1,numbers,n06,6,6,9,eight,11,6.677333333333333,5,0.12265908718109131,0.04831647500395775,0.11341666666666667,0.23810896277427673,143,False,7,6.054790436417805,1.1028182401113529,False,7,undercount,0," 888,000 888.88"
xtts2,nm_n06,2,numbers,n06,6,6,9,eight,14,9.141333333333334,5,0.10748980194330215,0.055855028331279755,0.160375,0.1780112236738205,196,False,10,6.054790436417805,1.5097687408553186,False,10,undercount,0," 888,000, 888,88, tot, a."
xtts2,nm_n07,0,numbers,n07,3,3,4,five,4,1.5786666666666667,2,0.13853570818901062,0.06406786292791367,0.19020833333333334,0.17325173318386078,33,False,0,3.856219991696581,0.40938189990870233,False,2,truncation,0, 555.
xtts2,nm_n07,1,numbers,n07,3,3,4,five,5,1.5786666666666667,2,0.13865405321121216,0.04695621505379677,0.15454166666666666,0.3502834439277649,33,False,0,3.856219991696581,0.40938189990870233,False,2,truncation,0, 555 Derry
xtts2,nm_n07,2,numbers,n07,3,3,4,five,4,1.7173333333333334,2,0.12635892629623413,0.06740686297416687,0.16441666666666666,0.20390623807907104,36,False,0,3.856219991696581,0.4453411208466289,False,2,truncation,0, 555
xtts2,nm_n08,0,numbers,n08,3,3,4,four,4,1.664,2,0.14113296568393707,0.056350961327552795,0.15429166666666666,0.35286933183670044,35,False,0,3.856219991696581,0.4315106512551186,False,2,truncation,0, 444
xtts2,nm_n08,1,numbers,n08,3,3,4,four,4,1.2906666666666666,2,0.13372084498405457,0.05564824491739273,0.12345833333333334,0.06056782603263855,27,False,0,3.856219991696581,0.33469736411454715,False,2,truncation,0, 444.
xtts2,nm_n08,2,numbers,n08,3,3,4,four,4,1.8026666666666666,2,0.12796296179294586,0.057718511670827866,0.15041666666666667,0.29073813557624817,38,False,0,3.856219991696581,0.4674698721930452,False,2,truncation,0, 444.
xtts2,nm_n09,0,numbers,n09,9,9,14,two,13,5.333333333333333,5,0.13561630249023438,0.063999705016613,0.153875,0.1738407015800476,114,False,5,8.253360881139027,0.6462013972418581,True,5,truncation,0," 222,220,222"
xtts2,nm_n09,1,numbers,n09,9,9,14,two,14,6.026666666666666,6,0.13999946415424347,0.050764214247465134,0.17679166666666668,0.18008852005004883,129,False,6,8.253360881139027,0.7302075788832997,True,6,undercount,0," 222,222,222."
xtts2,nm_n09,2,numbers,n09,9,9,14,two,17,5.237333333333333,7,0.14217114448547363,0.05509932339191437,0.11433333333333333,0.20883511006832123,112,False,5,8.253360881139027,0.6345697720915047,False,7,truncation,0," 222,222,22,2022."
xtts2,nm_n10,0,numbers,n10,5,5,7,one,7,2.592,2,0.15358996391296387,0.008606103248894215,0.14083333333333334,0.2712942659854889,55,False,1,5.32193362151073,0.4870410238721115,True,2,truncation,0, 111111
xtts2,nm_n10,1,numbers,n10,5,5,7,one,7,3.0613333333333332,2,0.1472814977169037,0.014917075634002686,0.18895833333333334,0.21711161732673645,65,False,2,5.32193362151073,0.5752295220217942,True,2,truncation,0, 111111
xtts2,nm_n10,2,numbers,n10,5,5,7,one,7,4.032,2,0.1340726912021637,0.028214426711201668,0.13279166666666667,0.3384937345981598,86,False,3,5.32193362151073,0.757619370467729,True,2,undercount,0, 111111
xtts2,sr_s1_k01,0,sentence_rep,s1,1,1,4,bell,4,1.4826666666666666,1,0.132553368806839,0.04629111662507057,0.15466666666666667,0.17001090943813324,31,False,1,1.3481481481481492,1.099780219780219,True,1,correct,1, The bell rang twice.
xtts2,sr_s1_k01,1,sentence_rep,s1,1,1,4,bell,4,1.248,1,0.12467560172080994,0.05369529873132706,0.10891666666666666,0.19700124859809875,26,False,1,1.3481481481481492,0.9257142857142849,True,1,correct,1, The bell rang twice.
xtts2,sr_s1_k01,2,sentence_rep,s1,1,1,4,bell,4,1.4293333333333333,1,0.1301075518131256,0.05393597111105919,0.14883333333333335,0.06347721815109253,30,False,1,1.3481481481481492,1.0602197802197795,True,1,correct,1, The bell rang twice.
xtts2,sr_s1_k02,0,sentence_rep,s1,2,2,8,bell,8,3.4346666666666668,2,0.13725771009922028,0.06637778133153915,0.14079166666666668,0.45862212777137756,73,False,2,3.2308148148148153,1.0630961115187085,True,2,correct,1, The bell rang twice. The bell rang twice.
xtts2,sr_s1_k02,1,sentence_rep,s1,2,2,8,bell,8,2.9226666666666667,2,0.12367625534534454,0.06220957264304161,0.11695833333333333,0.3334348499774933,62,False,2,3.2308148148148153,0.904622157006603,True,2,correct,1, The bell rang twice. The bell rang twice.
xtts2,sr_s1_k02,2,sentence_rep,s1,2,2,8,bell,8,3.104,2,0.12887683510780334,0.0653013214468956,0.12870833333333334,0.4539180397987366,66,False,2,3.2308148148148153,0.9607483492296404,True,2,correct,1, The bell rang twice. The bell rang twice.
xtts2,sr_s1_k03,0,sentence_rep,s1,3,3,12,bell,12,5.984,3,0.11797241866588593,0.06281587481498718,0.14354166666666668,0.30908092856407166,128,False,3,5.1134814814814815,1.1702398887472476,True,3,correct,1, The bell rang twice. The bell rang twice. The bell rang twice.
xtts2,sr_s1_k03,1,sentence_rep,s1,3,3,12,bell,12,4.874666666666666,3,0.1256410777568817,0.056149862706661224,0.14995833333333333,0.3913479149341583,104,False,3,5.1134814814814815,0.953297021671109,True,3,correct,1, The bell rang twice. The bell rang twice. The bell rang twice.
xtts2,sr_s1_k03,2,sentence_rep,s1,3,3,12,bell,12,4.597333333333333,3,0.12312933802604675,0.06355470418930054,0.126625,0.5563222169876099,98,False,3,5.1134814814814815,0.8990613049020744,True,3,correct,1, The bell rang twice. The bell rang twice. The bell rang twice.
xtts2,sr_s1_k04,0,sentence_rep,s1,4,4,16,bell,16,6.176,4,0.13746300339698792,0.06907779723405838,0.1175,0.24330037832260132,132,False,4,6.996148148148147,0.882771472132814,True,4,correct,1, The bell rang twice. The bell rang twice. The bell rang twice. The bell rang twice.
xtts2,sr_s1_k04,1,sentence_rep,s1,4,4,16,bell,16,6.826666666666667,4,0.12717261910438538,0.05485895276069641,0.153625,0.4099283814430237,146,False,4,6.996148148148147,0.975775029645943,True,4,correct,1, The bell rang twice. The bell rang twice. The bell rang twice. The bell rang twice.
xtts2,sr_s1_k04,2,sentence_rep,s1,4,4,16,bell,16,6.026666666666666,4,0.14059260487556458,0.058824896812438965,0.086375,0.5552501678466797,129,False,3,6.996148148148147,0.8614263933593089,True,4,correct,1, The bell rang twice. The bell rang twice. The bell rang twice. The bell rang twice.
xtts2,sr_s1_k06,0,sentence_rep,s1,6,6,24,bell,24,10.912,6,0.1270107477903366,0.07337519526481628,0.12516666666666668,0.40796029567718506,234,False,6,10.761481481481479,1.0139867841409695,True,6,correct,1, The bell rang twice. The bell rang twice. The bell rang twice. The bell rang twice. The bell rang twice. The bell rang twice.
xtts2,sr_s1_k06,1,sentence_rep,s1,6,6,24,bell,24,9.045333333333334,6,0.12493845075368881,0.0733833909034729,0.093625,0.4960962235927582,194,False,5,10.761481481481479,0.8405286343612337,True,6,correct,1, The bell rang twice. The bell rang twice. The bell rang twice. The bell rang twice. The bell rang twice. The bell rang twice.
xtts2,sr_s1_k06,2,sentence_rep,s1,6,6,24,bell,24,11.562666666666667,6,0.12147534638643265,0.06099304184317589,0.13875,0.5522061586380005,248,False,6,10.761481481481479,1.0744493392070489,True,6,correct,1, The bell rang twice. The bell rang twice. The bell rang twice. The bell rang twice. The bell rang twice. The bell rang twice.
xtts2,sr_s1_k08,0,sentence_rep,s1,8,8,32,bell,32,17.088,8,0.10555794090032578,0.0696331188082695,0.16333333333333333,0.43581637740135193,367,False,9,14.52681481481481,1.1763074161703522,True,8,correct,1, The bell rang twice. The bell rang twice. The bell rang twice. The bell rang twice. The bell rang twice. The bell rang twice. The bell rang twice. The bell rang twice.
xtts2,sr_s1_k08,1,sentence_rep,s1,8,8,32,bell,32,13.930666666666667,8,0.10891837626695633,0.07600420713424683,0.146375,0.32822486758232117,299,False,8,14.52681481481481,0.9589622256669662,True,8,correct,1, The bell rang twice. The bell rang twice. The bell rang twice. The bell rang twice. The bell rang twice. The bell rang twice. The bell rang twice. The bell rang twice.
xtts2,sr_s1_k08,2,sentence_rep,s1,8,8,32,bell,356,15.509333333333334,89,0.11817935109138489,0.05908573046326637,0.140875,0.506966769695282,333,False,9,14.52681481481481,1.0676348209186592,False,89,overcount,0, The bell rang twice. The bell rang twice. The bell rang twice. The bell rang twice. The bell rang twice. The bell rang twice. The bell rang twice. The bell rang twice. The bell rang twice. The bell rang twice. The bell rang twice. The bell rang twice. The bell rang twice. The bell rang twice. The bell rang twice. The bell rang twice. The bell rang twice. The bell rang twice. The bell rang twice. The bell rang twice. The bell rang twice. The bell rang twice. The bell rang twice. The bell rang twice. The bell rang twice. The bell rang twice. The bell rang twice. The bell rang twice. The bell rang twice. The bell rang twice. The bell rang twice. The bell rang twice. The bell rang twice. The bell rang twice. The bell rang twice. The bell rang twice. The bell rang twice. The bell rang twice. The bell rang twice. The bell rang twice. The bell rang twice. The bell rang twice. The bell rang twice. The bell rang twice. The bell rang twice. The bell rang twice. The bell rang twice. The bell rang twice. The bell rang twice. The bell rang twice. The bell rang twice. The bell rang twice. The bell rang twice. The bell rang twice. The bell rang twice. The bell rang twice. The bell rang twice. The bell rang twice. The bell rang twice. The bell rang twice. The bell rang twice. The bell rang twice. The bell rang twice. The bell rang twice. The bell rang twice. The bell rang twice. The bell rang twice. The bell rang twice. The bell rang twice. The bell rang twice. The bell rang twice. The bell rang twice. The bell rang twice. The bell rang twice. The bell rang twice. The bell rang twice. The bell rang twice. The bell rang twice. The bell rang twice. The bell rang twice. The bell rang twice. The bell rang twice. The bell rang twice. The bell rang twice. The bell rang twice. The bell rang twice. The bell rang twice. The bell rang twice. The bell rang twice
xtts2,sr_s1_k12,0,sentence_rep,s1,12,12,48,bell,356,22.56,89,0.09722495079040527,0.07254496216773987,0.14779166666666665,0.3402072489261627,485,False,12,22.057481481481474,1.0227822255655261,False,89,overcount,0, The bell rang twice. The bell rang twice. The bell rang twice. The bell rang twice. The bell rang twice. The bell rang twice. The bell rang twice. The bell rang twice. The bell rang twice. The bell rang twice. The bell rang twice. The bell rang twice. The bell rang twice. The bell rang twice. The bell rang twice. The bell rang twice. The bell rang twice. The bell rang twice. The bell rang twice. The bell rang twice. The bell rang twice. The bell rang twice. The bell rang twice. The bell rang twice. The bell rang twice. The bell rang twice. The bell rang twice. The bell rang twice. The bell rang twice. The bell rang twice. The bell rang twice. The bell rang twice. The bell rang twice. The bell rang twice. The bell rang twice. The bell rang twice. The bell rang twice. The bell rang twice. The bell rang twice. The bell rang twice. The bell rang twice. The bell rang twice. The bell rang twice. The bell rang twice. The bell rang twice. The bell rang twice. The bell rang twice. The bell rang twice. The bell rang twice. The bell rang twice. The bell rang twice. The bell rang twice. The bell rang twice. The bell rang twice. The bell rang twice. The bell rang twice. The bell rang twice. The bell rang twice. The bell rang twice. The bell rang twice. The bell rang twice. The bell rang twice. The bell rang twice. The bell rang twice. The bell rang twice. The bell rang twice. The bell rang twice. The bell rang twice. The bell rang twice. The bell rang twice. The bell rang twice. The bell rang twice. The bell rang twice. The bell rang twice. The bell rang twice. The bell rang twice. The bell rang twice. The bell rang twice. The bell rang twice. The bell rang twice. The bell rang twice. The bell rang twice. The bell rang twice. The bell rang twice. The bell rang twice. The bell rang twice. The bell rang twice. The bell rang twice. The bell rang twice
xtts2,sr_s1_k12,1,sentence_rep,s1,12,12,48,bell,44,18.890666666666668,11,0.10560336709022522,0.06936316937208176,0.08141666666666666,0.47429725527763367,406,False,10,22.057481481481474,0.8564289936059323,True,11,undercount,0, The bell rang twice. The bell rang twice. The bell rang twice. The bell rang twice. The bell rang twice. The bell rang twice. The bell rang twice. The bell rang twice. The bell rang twice. The bell rang twice. The bell rang twice.
xtts2,sr_s1_k12,2,sentence_rep,s1,12,12,48,bell,356,24.053333333333335,89,0.10994485020637512,0.05807322636246681,0.1115,0.326955109834671,517,False,13,22.057481481481474,1.0904841222932677,False,89,overcount,0, The bell rang twice. The bell rang twice. The bell rang twice. The bell rang twice. The bell rang twice. The bell rang twice. The bell rang twice. The bell rang twice. The bell rang twice. The bell rang twice. The bell rang twice. The bell rang twice. The bell rang twice. The bell rang twice. The bell rang twice. The bell rang twice. The bell rang twice. The bell rang twice. The bell rang twice. The bell rang twice. The bell rang twice. The bell rang twice. The bell rang twice. The bell rang twice. The bell rang twice. The bell rang twice. The bell rang twice. The bell rang twice. The bell rang twice. The bell rang twice. The bell rang twice. The bell rang twice. The bell rang twice. The bell rang twice. The bell rang twice. The bell rang twice. The bell rang twice. The bell rang twice. The bell rang twice. The bell rang twice. The bell rang twice. The bell rang twice. The bell rang twice. The bell rang twice. The bell rang twice. The bell rang twice. The bell rang twice. The bell rang twice. The bell rang twice. The bell rang twice. The bell rang twice. The bell rang twice. The bell rang twice. The bell rang twice. The bell rang twice. The bell rang twice. The bell rang twice. The bell rang twice. The bell rang twice. The bell rang twice. The bell rang twice. The bell rang twice. The bell rang twice. The bell rang twice. The bell rang twice. The bell rang twice. The bell rang twice. The bell rang twice. The bell rang twice. The bell rang twice. The bell rang twice. The bell rang twice. The bell rang twice. The bell rang twice. The bell rang twice. The bell rang twice. The bell rang twice. The bell rang twice. The bell rang twice. The bell rang twice. The bell rang twice. The bell rang twice. The bell rang twice. The bell rang twice. The bell rang twice. The bell rang twice. The bell rang twice. The bell rang twice. The bell rang twice
xtts2,sr_s1_k16,0,sentence_rep,s1,16,16,64,bell,356,26.794666666666668,89,0.09386758506298065,0.07711399346590042,0.150375,0.31065356731414795,576,False,15,29.588148148148136,0.9055878229521334,False,89,overcount,0, The bell rang twice. The bell rang twice. The bell rang twice. The bell rang twice. The bell rang twice. The bell rang twice. The bell rang twice. The bell rang twice. The bell rang twice. The bell rang twice. The bell rang twice. The bell rang twice. The bell rang twice. The bell rang twice. The bell rang twice. The bell rang twice. The bell rang twice. The bell rang twice. The bell rang twice. The bell rang twice. The bell rang twice. The bell rang twice. The bell rang twice. The bell rang twice. The bell rang twice. The bell rang twice. The bell rang twice. The bell rang twice. The bell rang twice. The bell rang twice. The bell rang twice. The bell rang twice. The bell rang twice. The bell rang twice. The bell rang twice. The bell rang twice. The bell rang twice. The bell rang twice. The bell rang twice. The bell rang twice. The bell rang twice. The bell rang twice. The bell rang twice. The bell rang twice. The bell rang twice. The bell rang twice. The bell rang twice. The bell rang twice. The bell rang twice. The bell rang twice. The bell rang twice. The bell rang twice. The bell rang twice. The bell rang twice. The bell rang twice. The bell rang twice. The bell rang twice. The bell rang twice. The bell rang twice. The bell rang twice. The bell rang twice. The bell rang twice. The bell rang twice. The bell rang twice. The bell rang twice. The bell rang twice. The bell rang twice. The bell rang twice. The bell rang twice. The bell rang twice. The bell rang twice. The bell rang twice. The bell rang twice. The bell rang twice. The bell rang twice. The bell rang twice. The bell rang twice. The bell rang twice. The bell rang twice. The bell rang twice. The bell rang twice. The bell rang twice. The bell rang twice. The bell rang twice. The bell rang twice. The bell rang twice. The bell rang twice. The bell rang twice. The bell rang twice
xtts2,sr_s1_k16,1,sentence_rep,s1,16,16,64,bell,48,14.528,12,0.11275936663150787,0.08089418709278107,0.1185,0.22855709493160248,312,False,8,29.588148148148136,0.49100741037452456,False,12,truncation,0, The bell ring twice. The bell ring twice. The bell ring twice. The bell ring twice. The bell ring twice. The bell ring twice. The bell ring twice. The bell ring twice. The bell ring twice. The bell ring twice. The bell ring twice. The bell ring twice.
xtts2,sr_s1_k16,2,sentence_rep,s1,16,16,64,bell,56,23.957333333333334,14,0.09678760915994644,0.0759568139910698,0.11341666666666667,0.3848645091056824,515,False,13,29.588148148148136,0.8096935709993995,True,14,undercount,0, The bell rang twice. The bell rang twice. The bell rang twice. The bell rang twice. The bell rang twice. The bell rang twice. The bell rang twice. The bell rang twice. The bell rang twice. The bell rang twice. The bell rang twice. The bell rang twice. The bell rang twice. The bell rang twice.
xtts2,sr_s2_k01,0,sentence_rep,s2,1,1,4,stones,4,1.248,1,0.1260596662759781,0.05419407784938812,0.11841666666666667,0.2127036601305008,26,False,1,1.3718518518518519,0.909719222462203,True,1,correct,1, He counted the stones.
xtts2,sr_s2_k01,1,sentence_rep,s2,1,1,4,stones,4,1.3866666666666667,1,0.12689973413944244,0.06193465739488602,0.11370833333333333,0.35588502883911133,29,False,1,1.3718518518518519,1.0107991360691144,True,1,correct,1, He counted the stones.
xtts2,sr_s2_k01,2,sentence_rep,s2,1,1,4,stones,4,1.3866666666666667,1,0.12046785652637482,0.05498364567756653,0.13495833333333335,0.23997443914413452,29,False,1,1.3718518518518519,1.0107991360691144,True,1,correct,1, He counted the stones.
xtts2,sr_s2_k02,0,sentence_rep,s2,2,2,8,stones,8,2.784,2,0.13286985456943512,0.0654681846499443,0.11241666666666666,0.3492242693901062,59,False,2,2.966518518518518,0.9384738314023173,True,2,correct,1, He counted the stones. He counted the stones.
xtts2,sr_s2_k02,1,sentence_rep,s2,2,2,8,stones,8,3.2426666666666666,2,0.13032211363315582,0.06572092324495316,0.14645833333333333,0.3885493278503418,69,False,2,2.966518518518518,1.0930882940471436,True,2,correct,1, He counted the stones. He counted the stones.
xtts2,sr_s2_k02,2,sentence_rep,s2,2,2,8,stones,8,3.0613333333333332,2,0.12529733777046204,0.06686142832040787,0.1585,0.44758209586143494,65,False,2,2.966518518518518,1.0319616460247705,True,2,correct,1, He counted the stones. He counted the stones.
xtts2,sr_s2_k03,0,sentence_rep,s2,3,3,12,stones,12,4.362666666666667,3,0.1322803646326065,0.0679510161280632,0.11641666666666667,0.5005959868431091,93,False,3,4.561185185185184,0.9564765493049243,True,3,correct,1, He counted the stones. He counted the stones. He counted the stones.
xtts2,sr_s2_k03,1,sentence_rep,s2,3,3,12,stones,12,4.778666666666667,3,0.13361741602420807,0.06599507480859756,0.13645833333333332,0.415009081363678,102,False,3,4.561185185185184,1.0476809146420687,True,3,correct,1, He counted the stones. He counted the stones. He counted the stones.
xtts2,sr_s2_k03,2,sentence_rep,s2,3,3,12,stones,12,4.448,3,0.12368005514144897,0.05938372015953064,0.14033333333333334,0.3954833745956421,95,False,3,4.561185185185184,0.9751851370663899,True,3,correct,1, He counted the stones. He counted the stones. He counted the stones.
xtts2,sr_s2_k04,0,sentence_rep,s2,4,4,16,stones,4,5.802666666666667,1,0.1388207972049713,0.07406812161207199,0.1275,0.44363901019096375,124,False,4,6.15585185185185,0.9426261070465927,False,4,undercount,0, He counted the stones.
xtts2,sr_s2_k04,1,sentence_rep,s2,4,4,16,stones,4,6.357333333333333,1,0.13336092233657837,0.06970962136983871,0.12991666666666668,0.49052777886390686,136,False,4,6.15585185185185,1.0327300731613402,False,4,undercount,0, He counted the stones.
xtts2,sr_s2_k04,2,sentence_rep,s2,4,4,16,stones,16,5.610666666666667,4,0.12388928234577179,0.0697336196899414,0.1325,0.37952324748039246,120,False,4,6.15585185185185,0.9114362726222568,True,4,correct,1, He counted the stones. He counted the stones. He counted the stones. He counted the stones.
xtts2,sr_s2_k06,0,sentence_rep,s2,6,6,24,stones,4,9.888,1,0.11867740005254745,0.06843910366296768,0.13470833333333335,0.3789288103580475,212,False,6,9.345185185185182,1.058084971464807,False,6,undercount,0, He counted the stones.
xtts2,sr_s2_k06,1,sentence_rep,s2,6,6,24,stones,4,9.696,1,0.12896610796451569,0.06818767637014389,0.134125,0.4986664652824402,208,False,6,9.345185185185182,1.0375396322130632,False,6,undercount,0, He counted the stones.
xtts2,sr_s2_k06,2,sentence_rep,s2,6,6,24,stones,4,8.352,1,0.13278178870677948,0.07189378887414932,0.12441666666666666,0.40592554211616516,179,False,5,9.345185185185182,0.8937222574508564,False,5,undercount,0, He counted the stones.
xtts2,sr_s2_k08,0,sentence_rep,s2,8,8,32,stones,4,13.696,1,0.11701636016368866,0.07825884968042374,0.122625,0.24722757935523987,294,False,9,12.534518518518514,1.0926626323751896,False,9,undercount,0, He counted the stones.
xtts2,sr_s2_k08,1,sentence_rep,s2,8,8,32,stones,4,13.877333333333333,1,0.11666800081729889,0.07525139302015305,0.14804166666666665,0.4709416329860687,298,False,9,12.534518518518514,1.1071293494704997,False,9,undercount,0, He counted the stones.
xtts2,sr_s2_k08,2,sentence_rep,s2,8,8,32,stones,4,12.352,1,0.1257515847682953,0.06682239472866058,0.11241666666666666,0.4940584897994995,265,False,8,12.534518518518514,0.985438729198185,False,8,undercount,0, He counted the stones.
xtts2,sr_s2_k12,0,sentence_rep,s2,12,12,48,stones,4,18.570666666666668,1,0.10986435413360596,0.07999236136674881,0.13770833333333332,0.5529771447181702,399,False,12,18.913185185185178,0.981889961148014,False,12,undercount,0, He counted the stones.
xtts2,sr_s2_k12,1,sentence_rep,s2,12,12,48,stones,44,19.594666666666665,11,0.10946743190288544,0.08093572407960892,0.135,0.32437124848365784,421,False,12,18.913185185185178,1.0360320842210806,True,11,undercount,0, He counted the stones. He counted the stones. He counted the stones. He counted the stones. He counted the stones. He counted the stones. He counted the stones. He counted the stones. He counted the stones. He counted the stones. He counted the stones.
xtts2,sr_s2_k12,2,sentence_rep,s2,12,12,48,stones,4,18.474666666666668,1,0.11568372696638107,0.0747319757938385,4.1666666666666665e-05,0.583342969417572,397,False,12,18.913185185185178,0.9768141371099139,False,12,undercount,0, He counted the stones.
xtts2,sr_s2_k16,0,sentence_rep,s2,16,16,64,stones,4,21.685333333333332,1,0.11992862820625305,0.07847113907337189,0.15070833333333333,0.4717351794242859,466,False,14,25.291851851851842,0.857403936269916,False,14,undercount,0, He counted the stones.
xtts2,sr_s2_k16,1,sentence_rep,s2,16,16,64,stones,356,25.952,89,0.10864072293043137,0.08240564912557602,0.11179166666666666,0.37970423698425293,558,False,16,25.291851851851842,1.0261012183692602,False,89,overcount,0, He counted the stones. He counted the stones. He counted the stones. He counted the stones. He counted the stones. He counted the stones. He counted the stones. He counted the stones. He counted the stones. He counted the stones. He counted the stones. He counted the stones. He counted the stones. He counted the stones. He counted the stones. He counted the stones. He counted the stones. He counted the stones. He counted the stones. He counted the stones. He counted the stones. He counted the stones. He counted the stones. He counted the stones. He counted the stones. He counted the stones. He counted the stones. He counted the stones. He counted the stones. He counted the stones. He counted the stones. He counted the stones. He counted the stones. He counted the stones. He counted the stones. He counted the stones. He counted the stones. He counted the stones. He counted the stones. He counted the stones. He counted the stones. He counted the stones. He counted the stones. He counted the stones. He counted the stones. He counted the stones. He counted the stones. He counted the stones. He counted the stones. He counted the stones. He counted the stones. He counted the stones. He counted the stones. He counted the stones. He counted the stones. He counted the stones. He counted the stones. He counted the stones. He counted the stones. He counted the stones. He counted the stones. He counted the stones. He counted the stones. He counted the stones. He counted the stones. He counted the stones. He counted the stones. He counted the stones. He counted the stones. He counted the stones. He counted the stones. He counted the stones. He counted the stones. He counted the stones. He counted the stones. He counted the stones. He counted the stones. He counted the stones. He counted the stones. He counted the stones. He counted the stones. He counted the stones. He counted the stones. He counted the stones. He counted the stones. He counted the stones. He counted the stones. He counted the stones. He counted the stones
xtts2,sr_s2_k16,2,sentence_rep,s2,16,16,64,stones,356,23.30666666666667,89,0.1106908842921257,0.07629428803920746,0.151,0.43508031964302063,501,False,15,25.291851851851842,0.9215089034676668,False,89,overcount,0, He counted the stones. He counted the stones. He counted the stones. He counted the stones. He counted the stones. He counted the stones. He counted the stones. He counted the stones. He counted the stones. He counted the stones. He counted the stones. He counted the stones. He counted the stones. He counted the stones. He counted the stones. He counted the stones. He counted the stones. He counted the stones. He counted the stones. He counted the stones. He counted the stones. He counted the stones. He counted the stones. He counted the stones. He counted the stones. He counted the stones. He counted the stones. He counted the stones. He counted the stones. He counted the stones. He counted the stones. He counted the stones. He counted the stones. He counted the stones. He counted the stones. He counted the stones. He counted the stones. He counted the stones. He counted the stones. He counted the stones. He counted the stones. He counted the stones. He counted the stones. He counted the stones. He counted the stones. He counted the stones. He counted the stones. He counted the stones. He counted the stones. He counted the stones. He counted the stones. He counted the stones. He counted the stones. He counted the stones. He counted the stones. He counted the stones. He counted the stones. He counted the stones. He counted the stones. He counted the stones. He counted the stones. He counted the stones. He counted the stones. He counted the stones. He counted the stones. He counted the stones. He counted the stones. He counted the stones. He counted the stones. He counted the stones. He counted the stones. He counted the stones. He counted the stones. He counted the stones. He counted the stones. He counted the stones. He counted the stones. He counted the stones. He counted the stones. He counted the stones. He counted the stones. He counted the stones. He counted the stones. He counted the stones. He counted the stones. He counted the stones. He counted the stones. He counted the stones. He counted the stones
xtts2,sr_s3_k01,0,sentence_rep,s3,1,1,5,rain,5,1.2053333333333334,1,0.13959234952926636,0.07731893658638,0.145,0.21107834577560425,25,False,1,1.4068148148148152,0.8567818028643638,True,1,correct,1, Rain fell on the roof.
xtts2,sr_s3_k01,1,sentence_rep,s3,1,1,5,rain,5,1.2906666666666666,1,0.1315087229013443,0.05605852231383324,0.15345833333333334,0.2902123034000397,27,False,1,1.4068148148148152,0.9174389216512213,True,1,correct,1, Rain fell on the roof.
xtts2,sr_s3_k01,2,sentence_rep,s3,1,1,5,rain,5,1.4826666666666666,1,0.1387745440006256,0.03084431029856205,0.16841666666666666,0.24266228079795837,31,False,1,1.4068148148148152,1.0539174389216508,True,1,correct,1, Rain fell on the roof.
xtts2,sr_s3_k02,0,sentence_rep,s3,2,2,10,rain,10,2.7306666666666666,2,0.14730863273143768,0.08215022087097168,0.15358333333333332,0.36700639128685,58,False,2,3.0388148148148146,0.8985959438377535,True,2,correct,1, Rain fell on the roof. Rain fell on the roof.
xtts2,sr_s3_k02,1,sentence_rep,s3,2,2,10,rain,10,3.0613333333333332,2,0.14926756918430328,0.0771951898932457,0.137625,0.4204961657524109,65,False,2,3.0388148148148146,1.0074102964118565,True,2,correct,1, Rain fell on the roof. Rain fell on the roof.
xtts2,sr_s3_k02,2,sentence_rep,s3,2,2,10,rain,10,3.808,2,0.14008866250514984,0.07313977926969528,0.13845833333333332,0.3428093492984772,81,False,2,3.0388148148148146,1.2531201248049921,True,2,correct,1, Rain fell on the roof. Rain fell on the roof.
xtts2,sr_s3_k03,0,sentence_rep,s3,3,3,15,rain,15,4.1706666666666665,3,0.15371482074260712,0.07578310370445251,0.11308333333333333,0.5063753724098206,89,False,3,4.670814814814814,0.8929205785333674,True,3,correct,1, Rain fell on the roof. Rain fell on the roof. Rain fell on the roof.
xtts2,sr_s3_k03,1,sentence_rep,s3,3,3,15,rain,15,4.917333333333334,3,0.14232943952083588,0.07251831889152527,0.12333333333333334,0.41812968254089355,105,False,3,4.670814814814814,1.052778482618625,True,3,correct,1, Rain fell on the roof. Rain fell on the roof. Rain fell on the roof.
xtts2,sr_s3_k03,2,sentence_rep,s3,3,3,15,rain,15,4.682666666666667,3,0.14985765516757965,0.05760206654667854,0.16754166666666667,0.39105406403541565,100,False,3,4.670814814814814,1.0025374270489726,True,3,correct,1, Rain fell on the roof. Rain fell on the roof. Rain fell on the roof.
xtts2,sr_s3_k04,0,sentence_rep,s3,4,4,20,rain,20,5.802666666666667,4,0.15342548489570618,0.08819505572319031,0.15841666666666668,0.5067933797836304,124,False,4,6.3028148148148135,0.9206468597217001,True,4,correct,1, Rain fell on the roof. Rain fell on the roof. Rain fell on the roof. Rain fell on the roof.
xtts2,sr_s3_k04,1,sentence_rep,s3,4,4,20,rain,20,7.285333333333333,4,0.1328982561826706,0.07867845147848129,0.10508333333333333,0.4104161262512207,156,False,5,6.3028148148148135,1.155885671305002,True,4,correct,1, Rain fell on the roof. Rain fell on the roof. Rain fell on the roof. Rain fell on the roof.
xtts2,sr_s3_k04,2,sentence_rep,s3,4,4,20,rain,20,7.381333333333333,4,0.14675511419773102,0.06638777256011963,0.15983333333333333,0.21860955655574799,158,False,5,6.3028148148148135,1.1711169612636332,True,4,correct,1, Rain fell on the roof. Rain fell on the roof. Rain fell on the roof. Rain fell on the roof.
xtts2,sr_s3_k06,0,sentence_rep,s3,6,6,30,rain,5,8.352,1,0.14828811585903168,0.07840093225240707,0.132375,0.3928023874759674,179,False,5,9.566814814814812,0.8730178394449953,False,5,undercount,0, Rain fell on the roof.
xtts2,sr_s3_k06,1,sentence_rep,s3,6,6,30,rain,5,10.442666666666666,1,0.14287327229976654,0.08993401378393173,0.14141666666666666,0.48556846380233765,224,False,7,9.566814814814812,1.0915510406342916,False,7,undercount,0, Rain fell on the roof.
xtts2,sr_s3_k06,2,sentence_rep,s3,6,6,30,rain,30,10.261333333333333,6,0.1393425464630127,0.07614493370056152,0.16208333333333333,0.34167346358299255,220,False,6,9.566814814814812,1.0725966303270569,True,6,correct,1, Rain fell on the roof. Rain fell on the roof. Rain fell on the roof. Rain fell on the roof. Rain fell on the roof. Rain fell on the roof.
xtts2,sr_s3_k08,0,sentence_rep,s3,8,8,40,rain,40,11.925333333333333,8,0.14154677093029022,0.081074059009552,0.14491666666666667,0.4681060314178467,256,False,7,12.830814814814811,0.9294291520413821,True,8,correct,1, Rain fell on the roof. Rain fell on the roof. Rain fell on the roof. Rain fell on the roof. Rain fell on the roof. Rain fell on the roof. Rain fell on the roof. Rain fell on the roof.
xtts2,sr_s3_k08,1,sentence_rep,s3,8,8,40,rain,40,13.184,8,0.14165771007537842,0.09130293875932693,0.13554166666666667,0.39707449078559875,283,False,8,12.830814814814811,1.027526325512655,True,8,correct,1, Rain fell on the roof. Rain fell on the roof. Rain fell on the roof. Rain fell on the roof. Rain fell on the roof. Rain fell on the roof. Rain fell on the roof. Rain fell on the roof.
xtts2,sr_s3_k08,2,sentence_rep,s3,8,8,40,rain,40,12.021333333333333,8,0.1403520107269287,0.08074910938739777,0.11654166666666667,0.20154322683811188,258,False,8,12.830814814814811,0.936911139848513,True,8,correct,1, Rain fell on the roof. Rain fell on the roof. Rain fell on the roof. Rain fell on the roof. Rain fell on the roof. Rain fell on the roof. Rain fell on the roof. Rain fell on the roof.
xtts2,sr_s3_k12,0,sentence_rep,s3,12,12,60,rain,5,19.04,1,0.13494141399860382,0.08953768759965897,0.11408333333333333,0.3559732139110565,409,False,12,19.358814814814806,0.9835312844373703,False,12,undercount,0, Rain fell on the roof.
xtts2,sr_s3_k12,1,sentence_rep,s3,12,12,60,rain,55,25.077333333333332,11,0.11100868135690689,0.06625542789697647,0.893625,0.45845815539360046,539,False,16,19.358814814814806,1.2953961062813768,False,16,undercount,0, Rain fell on the roof. Rain fell on the roof. Rain fell on the roof. Rain fell on the roof. Rain fell on the roof. Rain fell on the roof. Rain fell on the roof. Rain fell on the roof. Rain fell on the roof. Rain fell on the roof. Rain fell on the roof.
xtts2,sr_s3_k12,2,sentence_rep,s3,12,12,60,rain,65,21.909333333333333,13,0.1217646598815918,0.0674370527267456,0.15025,0.23549824953079224,471,False,14,19.358814814814806,1.1317497245010413,True,13,overcount,0, Rain fell on the roof. Rain fell on the roof. Rain fell on the roof. Rain fell on the roof. Rain fell on the roof. Rain fell on the roof. Rain fell on the roof. Rain fell on the roof. Rain fell on the roof. Rain fell on the roof. Rain fell on the roof. Rain fell on the roof. Rain fell on the roof.
xtts2,sr_s3_k16,0,sentence_rep,s3,16,16,80,rain,65,27.018666666666668,13,0.11792092770338058,0.05854342132806778,4.1666666666666665e-05,0.35931238532066345,581,False,17,25.886814814814805,1.0437231022800115,False,17,undercount,0, Rain fell on the roof. Rain fell on the roof. Rain fell on the roof. Rain fell on the roof. Rain fell on the roof. Rain fell on the roof. Rain fell on the roof. Rain fell on the roof. Rain fell on the roof. Rain fell on the roof. Rain fell on the roof. Rain fell on the roof. Rain fell on the roof.
xtts2,sr_s3_k16,1,sentence_rep,s3,16,16,80,rain,70,26.144,14,0.11863844841718674,0.07264845073223114,0.11733333333333333,0.4013446271419525,562,False,16,25.886814814814805,1.0099349876384949,True,14,undercount,0, Rain fell on the roof. Rain fell on the roof. Rain fell on the roof. Rain fell on the roof. Rain fell on the roof. Rain fell on the roof. Rain fell on the roof. Rain fell on the roof. Rain fell on the roof. Rain fell on the roof. Rain fell on the roof. Rain fell on the roof. Rain fell on the roof. Rain fell on the roof.
xtts2,sr_s3_k16,2,sentence_rep,s3,16,16,80,rain,70,27.072,14,0.11695341765880585,0.0700652077794075,0.143875,0.35152697563171387,582,False,17,25.886814814814805,1.0457833531727867,False,17,undercount,0, Rain fell on the roof. Rain fell on the roof. Rain fell on the roof. Rain fell on the roof. Rain fell on the roof. Rain fell on the roof. Rain fell on the roof. Rain fell on the roof. Rain fell on the roof. Rain fell on the roof. Rain fell on the roof. Rain fell on the roof. Rain fell on the roof. Rain fell on the roof.
xtts2,sr_s4_k01,0,sentence_rep,s4,1,1,4,door,4,1.2053333333333334,1,0.12256475538015366,0.02800227329134941,0.14445833333333333,0.10572269558906555,25,False,1,1.2865641025641035,0.9368622448979586,True,1,correct,1, The door stayed open.
xtts2,sr_s4_k01,1,sentence_rep,s4,1,1,4,door,4,1.152,0,0.1268911510705948,0.02958972379565239,0.16241666666666665,0.17828507721424103,24,False,1,1.2865641025641035,0.8954081632653054,True,0,undercount,0, The doors stayed open.
xtts2,sr_s4_k01,2,sentence_rep,s4,1,1,4,door,4,1.3866666666666667,1,0.1372000128030777,0.026215309277176857,0.14758333333333334,0.19594378769397736,29,False,1,1.2865641025641035,1.0778061224489788,True,1,correct,1, The door stayed open.
xtts2,sr_s4_k02,0,sentence_rep,s4,2,2,8,door,8,2.784,2,0.12736237049102783,0.03576439619064331,0.15316666666666667,0.40804871916770935,59,False,2,2.750358974358975,1.0122315035799518,True,2,correct,1, The door stayed open. The door stayed open.
xtts2,sr_s4_k02,1,sentence_rep,s4,2,2,8,door,8,2.506666666666667,2,0.1204335018992424,0.05312000960111618,0.15516666666666667,0.3931434750556946,53,False,2,2.750358974358975,0.911396181384248,True,2,correct,1, The door stayed open. The door stayed open.
xtts2,sr_s4_k02,2,sentence_rep,s4,2,2,8,door,8,2.9226666666666667,2,0.1306103616952896,0.031006788834929466,0.15241666666666667,0.3606624901294708,62,False,2,2.750358974358975,1.062649164677804,True,2,correct,1, The door stayed open. The door stayed open.
xtts2,sr_s4_k03,0,sentence_rep,s4,3,3,12,door,12,4.128,3,0.1256130039691925,0.03975944593548775,0.15204166666666666,0.29092395305633545,88,False,3,4.214153846153847,0.979556074766355,True,3,correct,1, The door stayed open. The door stayed open. The door stayed open.
xtts2,sr_s4_k03,1,sentence_rep,s4,3,3,12,door,12,4.128,3,0.12377428263425827,0.053333479911088943,0.13320833333333335,0.5566452741622925,88,False,3,4.214153846153847,0.979556074766355,True,3,correct,1," The door stayed open, the door stayed open, the door stayed open."
xtts2,sr_s4_k03,2,sentence_rep,s4,3,3,12,door,12,4.405333333333333,3,0.13619071245193481,0.03177841380238533,0.16420833333333335,0.5001741051673889,94,False,3,4.214153846153847,1.0453660436137069,True,3,correct,1, The door stayed open. The door stayed open. The door stayed open.
xtts2,sr_s4_k04,0,sentence_rep,s4,4,4,16,door,16,5.386666666666667,4,0.1263832002878189,0.039505328983068466,0.15441666666666667,0.3950534164905548,115,False,4,5.677948717948718,0.9486994219653179,True,4,correct,1, The door stayed open. The door stayed open. The door stayed open. The door stayed open.
xtts2,sr_s4_k04,1,sentence_rep,s4,4,4,16,door,16,5.0986666666666665,4,0.12918110191822052,0.04687454178929329,0.17029166666666667,0.4234788119792938,109,False,4,5.677948717948718,0.8979768786127167,True,4,correct,1, The door stayed open. The door stayed open. The door stayed open. The door stayed open.
xtts2,sr_s4_k04,2,sentence_rep,s4,4,4,16,door,16,5.941333333333334,4,0.13728445768356323,0.03173746541142464,0.15395833333333334,0.5895584225654602,127,False,4,5.677948717948718,1.0463872832369943,True,4,correct,1, The door stayed open. The door stayed open. The door stayed open. The door stayed open.
xtts2,sr_s4_k06,0,sentence_rep,s4,6,6,24,door,24,8.864,6,0.11936594545841217,0.05080316960811615,0.1535,0.5904907584190369,190,False,6,8.605538461538462,1.030034324942792,True,6,correct,1, The door stayed open. The door stayed open. The door stayed open. The door stayed open. The door stayed open. The door stayed open.
xtts2,sr_s4_k06,1,sentence_rep,s4,6,6,24,door,24,8.032,6,0.12452713400125504,0.04822644591331482,0.145875,0.326020747423172,172,False,6,8.605538461538462,0.9333524027459954,True,6,correct,1, The door stayed open. The door stayed open. The door stayed open. The door stayed open. The door stayed open. The door stayed open.
xtts2,sr_s4_k06,2,sentence_rep,s4,6,6,24,door,4,8.586666666666666,1,0.13643904030323029,0.03301294893026352,0.14858333333333335,0.5450212955474854,184,False,6,8.605538461538462,0.9978070175438596,False,6,undercount,0, The door stayed open.
xtts2,sr_s4_k08,0,sentence_rep,s4,8,8,32,door,36,13.28,9,0.11656804382801056,0.04566482827067375,0.14554166666666668,0.44461897015571594,285,False,9,11.533128205128204,1.151465566306204,True,9,overcount,0, The door stayed open. The door stayed open. The door stayed open. The door stayed open. The door stayed open. The door stayed open. The door stayed open. The door stayed open. The door stayed open.
xtts2,sr_s4_k08,1,sentence_rep,s4,8,8,32,door,24,7.8933333333333335,6,0.13383232057094574,0.048731133341789246,0.18079166666666666,0.700502336025238,169,False,6,11.533128205128204,0.6844052361980649,True,6,truncation,0, The door stayed open. The door stayed open. The door stayed open. The door stayed open. The door stayed open. The door stayed open.
xtts2,sr_s4_k08,2,sentence_rep,s4,8,8,32,door,4,12.672,1,0.12671470642089844,0.04375099018216133,0.15941666666666668,0.36707186698913574,272,False,9,11.533128205128204,1.0987478656801368,False,9,undercount,0, The door stayed open.
xtts2,sr_s4_k12,0,sentence_rep,s4,12,12,48,door,4,15.552,1,0.12272734194993973,0.045247744768857956,0.14566666666666667,0.35317981243133545,334,False,11,17.38830769230769,0.8943941109852774,False,11,undercount,0, The door stayed open.
xtts2,sr_s4_k12,1,sentence_rep,s4,12,12,48,door,4,15.456,1,0.11596135795116425,0.04946654662489891,0.13720833333333332,0.4519653618335724,332,False,11,17.38830769230769,0.8888731596828993,False,11,undercount,0, The door stayed open.
xtts2,sr_s4_k12,2,sentence_rep,s4,12,12,48,door,48,16.810666666666666,12,0.12355835735797882,0.03458558768033981,0.15120833333333333,0.41568103432655334,361,False,12,17.38830769230769,0.9667799169497924,True,12,correct,1, The door stayed open. The door stayed open. The door stayed open. The door stayed open. The door stayed open. The door stayed open. The door stayed open. The door stayed open. The door stayed open. The door stayed open. The door stayed open. The door stayed open.
xtts2,sr_s4_k16,0,sentence_rep,s4,16,16,64,door,4,24.469333333333335,1,0.10795758664608002,0.04701712727546692,0.12020833333333333,0.37738779187202454,526,False,17,23.243487179487175,1.0527393391697264,False,17,undercount,0, The door stayed open.
xtts2,sr_s4_k16,1,sentence_rep,s4,16,16,64,door,52,18.293333333333333,13,0.11388815194368362,0.04276379570364952,0.147875,0.45576009154319763,393,False,13,23.243487179487175,0.787030499858797,True,13,undercount,0, The door stayed open. The door stayed open. The door stayed open. The door stayed open. The door stayed open. The door stayed open. The door stayed open. The door stayed open. The door stayed open. The door stayed open. The door stayed open. The door stayed open. The door stayed open.
xtts2,sr_s4_k16,2,sentence_rep,s4,16,16,64,door,4,18.154666666666667,1,0.12224161624908447,0.040952302515506744,0.1385,0.4443204998970032,390,False,13,23.243487179487175,0.7810646709968937,False,13,undercount,0, The door stayed open.
xtts2,tw_w1_k1,0,twisters,w1,1,2,8,sea,6,2.176,0,0.12749040126800537,0.06277540326118469,0.125375,0.32457053661346436,46,False,1,2.6620000000000013,0.8174305033809163,True,0,undercount,0, She sells seashells by the seashore.
xtts2,tw_w1_k1,1,twisters,w1,1,2,8,sea,6,2.368,0,0.13467039167881012,0.06230655685067177,0.15704166666666666,0.3328464925289154,50,False,1,2.6620000000000013,0.8895567242674676,True,0,undercount,0, She sells seashells by the seashore.
xtts2,tw_w1_k1,2,twisters,w1,1,2,8,sea,6,2.176,0,0.12431652843952179,0.06303580850362778,0.12333333333333334,0.2878471612930298,46,False,1,2.6620000000000013,0.8174305033809163,True,0,undercount,0, She sells seashells by the seashore.
xtts2,tw_w1_k2,0,twisters,w1,2,4,16,sea,6,4.448,0,0.12315387278795242,0.06771811842918396,0.14483333333333334,0.42270442843437195,95,False,2,5.2673939393939415,0.8444403534609718,False,2,undercount,0, She sells seashells by the seashore.
xtts2,tw_w1_k2,1,twisters,w1,2,4,16,sea,12,5.237333333333333,0,0.12375329434871674,0.06420799344778061,0.16258333333333333,0.36423781514167786,112,False,2,5.2673939393939415,0.9942930780559642,False,2,undercount,0, She sells seashells by the seashore. She sells seashells by the seashore.
xtts2,tw_w1_k2,2,twisters,w1,2,4,16,sea,12,4.917333333333334,0,0.12538930773735046,0.0702235996723175,0.12625,0.369821697473526,105,False,2,5.2673939393939415,0.9335419734904268,False,2,undercount,0, She sells seashells by the seashore. She sells seashells by the seashore.
xtts2,tw_w1_k4,0,twisters,w1,4,8,32,sea,24,9.194666666666667,0,0.12415318936109543,0.07164192944765091,0.146375,0.34140893816947937,197,False,4,10.478181818181822,0.877505928625137,False,4,undercount,0, She sells seashells by the seashore. She sells seashells by the seashore. She sells seashells by the seashore. She sells seashells by the seashore.
xtts2,tw_w1_k4,1,twisters,w1,4,8,32,sea,6,9.141333333333334,0,0.12945759296417236,0.0720779150724411,0.15579166666666666,0.3978475332260132,196,False,3,10.478181818181822,0.8724159870437848,False,3,undercount,0, She sells seashells by the seashore.
xtts2,tw_w1_k4,2,twisters,w1,4,8,32,sea,6,9.930666666666667,0,0.1230020672082901,0.06847316026687622,0.157125,0.24828507006168365,213,False,4,10.478181818181822,0.9477471224477989,False,4,undercount,0, She sells seashells by the seashore.
xtts2,tw_w2_k1,0,twisters,w2,1,1,8,peck,8,2.592,1,0.1338023692369461,0.02879691682755947,0.16175,0.17003096640110016,55,False,1,2.407111111111113,1.0768094534711956,True,1,correct,1, Peter Piper picked a peck of pickled peppers.
xtts2,tw_w2_k1,1,twisters,w2,1,1,8,peck,8,2.453333333333333,1,0.13334010541439056,0.04286975786089897,0.09645833333333333,0.3713502287864685,52,False,1,2.407111111111113,1.0192023633677982,True,1,correct,1, Peter Piper picked a peck of pickled peppers.
xtts2,tw_w2_k1,2,twisters,w2,1,1,8,peck,8,2.176,1,0.12420989573001862,0.02594427950680256,0.113125,0.24153472483158112,46,False,1,2.407111111111113,0.9039881831610037,True,1,correct,1, Peter Piper picked a peck of pickled peppers.
xtts2,tw_w2_k2,0,twisters,w2,2,2,16,peck,16,4.8213333333333335,2,0.13567274808883667,0.028645532205700874,0.139,0.27165868878364563,103,False,2,4.963555555555558,0.9713467048710597,True,2,correct,1, Peter Piper picked a peck of pickled peppers. Peter Piper picked a peck of pickled peppers.
xtts2,tw_w2_k2,1,twisters,w2,2,2,16,peck,16,5.013333333333334,2,0.13018709421157837,0.044194430112838745,0.14658333333333334,0.14833340048789978,107,False,2,4.963555555555558,1.0100286532951284,True,2,correct,1, Peter Piper picked a peck of pickled peppers. Peter Piper picked a peck of pickled peppers.
xtts2,tw_w2_k2,2,twisters,w2,2,2,16,peck,16,5.056,2,0.11700756102800369,0.04400531202554703,0.13833333333333334,0.21448646485805511,108,False,2,4.963555555555558,1.0186246418338103,True,2,correct,1, Peter Piper picked a peck of pickled peppers. Peter Piper picked a peck of pickled peppers.
xtts2,tw_w2_k4,0,twisters,w2,4,4,32,peck,8,9.610666666666667,1,0.13399679958820343,0.03480425849556923,0.168,0.3191870450973511,206,False,4,10.07644444444445,0.9537755822159487,False,4,undercount,0, Peter Piper picked a peck of pickled peppers.
xtts2,tw_w2_k4,1,twisters,w2,4,4,32,peck,8,10.442666666666666,1,0.12584394216537476,0.036024030297994614,0.11045833333333334,0.29507356882095337,224,False,4,10.07644444444445,1.036344389555398,False,4,undercount,0, Peter Piper picked a peck of pickled peppers.
xtts2,tw_w2_k4,2,twisters,w2,4,4,32,peck,8,9.472,1,0.12421680241823196,0.03828663378953934,0.15491666666666667,0.28750061988830566,203,False,4,10.07644444444445,0.9400141143260404,False,4,undercount,0, Peter Piper picked a peck of pickled peppers.
xtts2,tw_w3_k1,0,twisters,w3,1,1,7,chuck,7,2.1333333333333333,1,0.13708391785621643,0.03604057431221008,0.18070833333333333,0.2989778220653534,45,False,1,2.0373333333333328,1.0471204188481678,True,1,correct,1, How much wood would a woodchuck chuck?
xtts2,tw_w3_k1,1,twisters,w3,1,1,7,chuck,7,1.8986666666666667,1,0.14268414676189423,0.04070233553647995,0.15766666666666668,0.3287108242511749,40,False,1,2.0373333333333328,0.9319371727748694,True,1,correct,1, How much wood would a woodchuck chuck?
xtts2,tw_w3_k1,2,twisters,w3,1,1,7,chuck,7,2.08,1,0.1351756751537323,0.03152050822973251,0.15408333333333332,0.35766637325286865,44,False,1,2.0373333333333328,1.0209424083769636,True,1,correct,1, How much wood would a woodchuck chuck?
xtts2,tw_w3_k2,0,twisters,w3,2,2,14,chuck,7,4.032,1,0.1536240130662918,0.04064121097326279,0.14333333333333334,0.32686570286750793,86,False,2,4.032,1.0,True,1,undercount,0, How much wood would a woodchuck chuck?
xtts2,tw_w3_k2,1,twisters,w3,2,2,14,chuck,7,4.224,1,0.1559188812971115,0.045997973531484604,0.15033333333333335,0.3061235249042511,90,False,2,4.032,1.0476190476190477,True,1,undercount,0, How much wood would a woodchuck chuck?
xtts2,tw_w3_k2,2,twisters,w3,2,2,14,chuck,14,4.032,2,0.1501954346895218,0.041222479194402695,0.12041666666666667,0.3014345169067383,86,False,2,4.032,1.0,True,2,correct,1, How much wood would a woodchuck chuck? How much wood would a woodchuck chuck?
xtts2,tw_w3_k4,0,twisters,w3,4,4,28,chuck,7,7.104,1,0.13477468490600586,0.035671863704919815,0.14583333333333334,0.4061729609966278,152,False,4,8.021333333333335,0.8856382978723403,False,4,undercount,0, How much wood would a woodchuck chuck?
xtts2,tw_w3_k4,1,twisters,w3,4,4,28,chuck,7,8.906666666666666,1,0.13783833384513855,0.05262836068868637,0.238,0.523089587688446,191,False,4,8.021333333333335,1.1103723404255317,False,4,undercount,0, How much wood would a woodchuck chuck?
xtts2,tw_w3_k4,2,twisters,w3,4,4,28,chuck,7,7.7973333333333334,1,0.1495758593082428,0.03573065251111984,0.15204166666666666,0.5385116338729858,167,False,4,8.021333333333335,0.9720744680851062,False,4,undercount,0, How much wood would a woodchuck chuck?
xtts2,tw_w4_k1,0,twisters,w4,1,4,8,lorry,8,3.9466666666666668,0,0.12565745413303375,0.01641993410885334,0.16616666666666666,0.2833215892314911,84,False,1,2.6620000000000013,1.4825945404457794,True,0,undercount,0," Red Lori, yellow Lori. Red Lori, yellow Lori."
xtts2,tw_w4_k1,1,twisters,w4,1,4,8,lorry,9,6.261333333333333,0,0.13994984328746796,0.026245635002851486,0.13416666666666666,0.20718258619308472,134,False,2,2.6620000000000013,2.3521162033558713,False,2,loop,0," Red Lori, yellow Lori, red Lori, yellow Lori, die."
xtts2,tw_w4_k1,2,twisters,w4,1,4,8,lorry,8,3.989333333333333,0,0.13400165736675262,0.01715647429227829,0.2185,0.22736534476280212,85,False,2,2.6620000000000013,1.4986225895316796,False,2,undercount,0," Red Lori, Yellow Lori. Red Lori, Yellow Lori."
xtts2,tw_w4_k2,0,twisters,w4,2,8,16,lorry,16,7.978666666666666,0,0.12454516440629959,0.018690044060349464,0.13995833333333332,0.15990039706230164,171,False,3,5.2673939393939415,1.5147275405007357,False,3,undercount,0," Red Lori, Yellow Lori, Red Lori, Yellow Lori. Red Lori, Yellow Lori, Red Lori, Yellow Lori."
xtts2,tw_w4_k2,1,twisters,w4,2,8,16,lorry,16,7.978666666666666,0,0.13331438601016998,0.013766943477094173,0.15545833333333334,0.2603837847709656,171,False,3,5.2673939393939415,1.5147275405007357,False,3,undercount,0, Red Lori Yellow Lori Red Lori Yellow Lori Red Lori Yellow Lori Red Lori Yellow Lori
xtts2,tw_w4_k2,2,twisters,w4,2,8,16,lorry,15,6.357333333333333,0,0.13453976809978485,0.014888430014252663,0.16525,0.21901826560497284,136,False,2,5.2673939393939415,1.2069219440353456,False,2,undercount,0, Red Lori Yellow Lori Red Lori Red Lori Yellow Lori Red Lori Yellow Lori Die
xtts2,tw_w4_k4,0,twisters,w4,4,16,32,lorry,32,16.48,0,0.12310600280761719,0.012594214640557766,0.16491666666666666,0.19709737598896027,354,False,6,10.478181818181822,1.5727919486378616,False,6,undercount,0," Red Lori, yellow Lori. Red Lori, yellow Lori. Red Lori, yellow Lori, red Lori. Red Lori, yellow Lori. Red Lori, yellow Lori. Red Lori, yellow Lori. Red Lori, yellow Lori, red Lori."
xtts2,tw_w4_k4,1,twisters,w4,4,16,32,lorry,29,13.973333333333333,0,0.12895505130290985,0.014966260641813278,0.16379166666666667,0.24066951870918274,300,False,5,10.478181818181822,1.3335646943143034,False,5,undercount,0, Red Lori yellow Lori Red Lori Red Lori yellow Red Lori yellow Lori Red Lori Red Lori yellow Lori red Lori yellow Lori Red Lori Red Lori yellow Lori
xtts2,tw_w4_k4,2,twisters,w4,4,16,32,lorry,30,15.456,0,0.12157521396875381,0.02001884952187538,0.12083333333333333,0.18584224581718445,332,False,6,10.478181818181822,1.4750650702758974,False,6,undercount,0, Red Lori yellow Lori red Lori yellow Lori Red Lori yellow Lori red Lori Red Lori yellow Lori red Lori yellow Lori Red Lori yellow Lori Red Lori yellow Lori
xtts2,tw_w5_k1,0,twisters,w5,1,2,8,sixth,8,2.368,0,0.11308025568723679,0.09861353784799576,0.222375,0.24748025834560394,50,False,1,3.4346666666666668,0.6894409937888198,True,0,truncation,0, The six thick shake six sheep is sick.
xtts2,tw_w5_k1,1,twisters,w5,1,2,8,sixth,8,3.4346666666666668,2,0.09889920055866241,0.10085270553827286,0.208375,0.30657607316970825,73,False,1,3.4346666666666668,1.0,True,2,correct,1," The sixth sick shake, sixth sheep, is sick."
xtts2,tw_w5_k1,2,twisters,w5,1,2,8,sixth,8,2.8266666666666667,0,0.11440905183553696,0.09633862972259521,0.15770833333333334,0.32773634791374207,60,False,1,3.4346666666666668,0.8229813664596273,True,0,undercount,0, The six sick shakes six sheep is sick.
xtts2,tw_w5_k2,0,twisters,w5,2,4,16,sixth,16,5.568,0,0.11221471428871155,0.10033534467220306,0.16470833333333335,0.30295199155807495,119,False,2,6.8693333333333335,0.81055900621118,False,2,undercount,0, The six sick sheikh six sheep is sick. The six sick sheikh six sheep is sick.
xtts2,tw_w5_k2,1,twisters,w5,2,4,16,sixth,16,5.802666666666667,0,0.1064528226852417,0.09504984319210052,0.16891666666666666,0.2672109603881836,124,False,2,6.8693333333333335,0.84472049689441,False,2,undercount,0, The sick sick shake sick sheep is sick. The sick sick shake sick sheep is sick.
xtts2,tw_w5_k2,2,twisters,w5,2,4,16,sixth,16,6.1226666666666665,0,0.11205878853797913,0.09149488061666489,0.135375,0.2880420684814453,131,False,2,6.8693333333333335,0.8913043478260869,False,2,undercount,0," The six sick shake, six sheep is sick. The six sick shake, six sheep is sick."
xtts2,tw_w5_k4,0,twisters,w5,4,8,32,sixth,31,12.298666666666668,0,0.10757994651794434,0.1047261580824852,0.13054166666666667,0.22216740250587463,264,False,4,13.738666666666667,0.8951863354037267,False,4,undercount,0," The six, six, shake, six sheep is sick. The six, six, shake, six sheep is sick. The six, six, shake, six sheep is sick. The six, six, six sheep is sick."
xtts2,tw_w5_k4,1,twisters,w5,4,8,32,sixth,36,13.504,0,0.09463717043399811,0.08807633072137833,0.15870833333333334,0.2721087336540222,290,False,4,13.738666666666667,0.982919254658385,False,4,undercount,0," The sick sick shake, sick sheep is sick. The sick sick shake, sick sheep is sick. The sick sick shake, sick sheep is sick. The sick sick sheep is sick. The sick sick sheep is sick."
xtts2,tw_w5_k4,2,twisters,w5,4,8,32,sixth,28,10.538666666666666,7,0.10757709294557571,0.10053116083145142,0.17641666666666667,0.1699225902557373,226,False,3,13.738666666666667,0.7670807453416149,False,7,undercount,0," The sixth sick shake, sixth sheep is sick. The sixth sick, sixth sheep is sick. The sixth sick, sixth sheep is sick. The sixth sick sheep is sick."
xtts2,tw_w6_k1,0,twisters,w6,1,0,5,s,5,2.3146666666666667,0,0.13992458581924438,0.07184258848428726,0.11445833333333333,0.17603616416454315,49,False,1,2.659555555555558,0.8703208556149724,True,0,correct,1, 6. Slick Slim Sycamore Saplings.
xtts2,tw_w6_k1,1,twisters,w6,1,0,5,s,5,2.506666666666667,0,0.12449612468481064,0.07421360164880753,0.12583333333333332,0.19137394428253174,53,False,1,2.659555555555558,0.9425133689839563,True,0,correct,1, 6. Slick Slim Sycamore Saplings.
xtts2,tw_w6_k1,2,twisters,w6,1,0,5,s,5,3.1573333333333333,0,0.13048501312732697,0.09034105390310287,0.15083333333333335,0.1674388349056244,67,False,1,2.659555555555558,1.1871657754010683,True,0,correct,1, 6. Slick Slim Sycamore Saplings
xtts2,tw_w6_k2,0,twisters,w6,2,0,10,s,10,5.152,0,0.13068045675754547,0.08196239918470383,0.11483333333333333,0.2461359202861786,110,False,2,5.738666666666671,0.8977695167286239,False,2,correct,1, 6. Slick Slim Sycamore Saplings. 6. Slick Slim Sycamore Saplings.
xtts2,tw_w6_k2,1,twisters,w6,2,0,10,s,10,5.984,0,0.12105359882116318,0.08569742739200592,0.11558333333333333,0.2691595256328583,128,False,2,5.738666666666671,1.042750929368029,False,2,correct,1, 6 Slick Slim Sycamore Saplings. 6 Slick Slim Sycamore Saplings.
xtts2,tw_w6_k2,2,twisters,w6,2,0,10,s,10,6.08,0,0.12261392176151276,0.08569110184907913,0.08483333333333333,0.28432708978652954,130,False,2,5.738666666666671,1.059479553903345,False,2,correct,1," Six slick, slim sycamore saplings. Six slick, slim sycamore saplings."
xtts2,tw_w6_k4,0,twisters,w6,4,0,20,s,20,9.834666666666667,0,0.13254670798778534,0.09179623425006866,0.14075,0.16311979293823242,211,False,3,11.896888888888896,0.8266586969515836,False,3,correct,1, Six slick slim sycamore saplings. Six slick slim sycamore saplings. Six slick slim sycamore saplings. Six slick slim sycamore saplings.
xtts2,tw_w6_k4,1,twisters,w6,4,0,20,s,10,6.677333333333333,0,0.1297610104084015,0.08212686330080032,0.17070833333333332,0.35291558504104614,143,False,2,11.896888888888896,0.5612671846981467,False,2,truncation,0, Six slick slim sycamore saplings. Six slick slim sycamore saplings.
xtts2,tw_w6_k4,2,twisters,w6,4,0,20,s,20,11.466666666666667,0,0.13137374818325043,0.08792512118816376,0.107625,0.2487855851650238,246,False,4,11.896888888888896,0.9638374178123127,False,4,correct,1, Six slick slim sycamore saplings. Six slick slim sycamore saplings. Six slick slim sycamore saplings. Six slick slim sycamore saplings.
xtts2,tw_w7_k1,0,twisters,w7,1,0,5,fr,5,2.08,0,0.13527972996234894,0.11905469000339508,0.10041666666666667,0.6157587170600891,44,False,1,2.080000000000002,0.9999999999999991,True,0,correct,1, Fresh French Fried Fly Fritters.
xtts2,tw_w7_k1,1,twisters,w7,1,0,5,fr,5,2.08,0,0.12762345373630524,0.10132133960723877,0.15554166666666666,0.4160043001174927,44,False,1,2.080000000000002,0.9999999999999991,True,0,correct,1, Fresh French Fried Fly Fritters.
xtts2,tw_w7_k1,2,twisters,w7,1,0,5,fr,5,2.08,0,0.1281714290380478,0.12802542746067047,0.15441666666666667,0.48813989758491516,44,False,1,2.080000000000002,0.9999999999999991,True,0,correct,1, Fresh French Fried Fly Fritters.
xtts2,tw_w7_k2,0,twisters,w7,2,0,10,fr,9,4.682666666666667,0,0.13390038907527924,0.10471249371767044,0.113375,0.34836387634277344,100,False,2,4.49777777777778,1.0411067193675885,False,2,correct,1, Fresh French Fried Fly Fritters. Fresh French Fry Fritters.
xtts2,tw_w7_k2,1,twisters,w7,2,0,10,fr,10,4.128,0,0.12501360476016998,0.11176206916570663,0.09345833333333334,0.39318013191223145,88,False,2,4.49777777777778,0.9177865612648217,False,2,correct,1," Fresh French Fried Fly Fritters, Fresh French Fried Fly Fritters."
xtts2,tw_w7_k2,2,twisters,w7,2,0,10,fr,9,4.682666666666667,0,0.13187135756015778,0.12435885518789291,0.13904166666666667,0.2966458797454834,100,False,2,4.49777777777778,1.0411067193675885,False,2,correct,1, Fresh French Fried Fly Fritters. Fresh French Fried Fritters.
xtts2,tw_w7_k4,0,twisters,w7,4,0,20,fr,21,10.634666666666666,0,0.11005556583404541,0.11838313192129135,0.11716666666666667,0.339692085981369,228,False,5,9.333333333333337,1.1394285714285708,False,5,correct,1, Fresh French fried fritters. Fresh French fried fritters. Fresh French fried fritters. Fresh French fried fry fritters. Fresh French fry fritters.
xtts2,tw_w7_k4,1,twisters,w7,4,0,20,fr,17,7.701333333333333,0,0.1309184581041336,0.12001536041498184,0.10795833333333334,0.5306427478790283,165,False,3,9.333333333333337,0.8251428571428567,False,3,correct,1, Fresh French Fried Fly Fritters. Fresh French Fried Fritters. Fresh French Fry Fritters. Fresh French Fry Fritters.
xtts2,tw_w7_k4,2,twisters,w7,4,0,20,fr,13,7.381333333333333,0,0.13415823876857758,0.12743937969207764,0.18029166666666666,0.2827524244785309,158,False,3,9.333333333333337,0.7908571428571425,False,3,correct,1, Fresh French Fried Fly Fritters Fresh French Fried Fly Fritters Fresh French Fry
xtts2,tw_w8_k1,0,twisters,w8,1,3,6,rural,6,4.362666666666667,3,0.13430847227573395,0.06241666153073311,0.12245833333333334,0.4183060824871063,93,False,1,3.8684444444444432,1.1277573529411768,False,3,correct,1," Truly rural, truly rural, truly rural."
xtts2,tw_w8_k1,1,twisters,w8,1,3,6,rural,6,4.085333333333334,3,0.12574705481529236,0.05018439516425133,0.15220833333333333,0.3447655439376831,87,False,1,3.8684444444444432,1.0560661764705888,False,3,correct,1, Truly rural. Truly rural. Truly rural.
xtts2,tw_w8_k1,2,twisters,w8,1,3,6,rural,6,3.1573333333333333,3,0.13213497400283813,0.04149889945983887,0.1185,0.5124073028564453,67,False,1,3.8684444444444432,0.8161764705882355,False,3,correct,1," Truly rural, truly rural, truly rural."
xtts2,tw_w8_k2,0,twisters,w8,2,6,12,rural,13,8.309333333333333,6,0.13826599717140198,0.05644995719194412,0.14591666666666667,0.4212982654571533,178,False,2,8.309333333333333,1.0,False,6,correct,1," Truly rural, truly rural, truly rural, truly rural, truly rural, truly rural, dot."
xtts2,tw_w8_k2,1,twisters,w8,2,6,12,rural,14,7.978666666666666,7,0.1328170746564865,0.04237866401672363,0.13554166666666667,0.43334507942199707,171,False,2,8.309333333333333,0.9602053915275995,False,7,overcount,0, Truly rural. Truly rural. Truly rural. Truly rural. Truly rural. Truly rural. Truly rural.
xtts2,tw_w8_k2,2,twisters,w8,2,6,12,rural,14,9.376,7,0.12740068137645721,0.05309474095702171,0.14375,0.18615761399269104,201,False,2,8.309333333333333,1.128369704749679,False,7,overcount,0, Truly rural. Truly rural. Truly rural. Truly rural. Truly rural. Truly rural. Truly rural.
xtts2,tw_w8_k4,0,twisters,w8,4,12,24,rural,28,11.509333333333334,14,0.12916238605976105,0.04930933564901352,0.14075,0.32210463285446167,247,False,3,17.191111111111116,0.6694932781799378,False,14,overcount,0," Truly rural, truly rural, truly rural, truly rural, truly rural, truly rural, truly rural, truly rural, truly rural, truly rural, truly rural, truly rural, truly rural, truly rural."
xtts2,tw_w8_k4,1,twisters,w8,4,12,24,rural,2,15.552,1,0.13700862228870392,0.04799606651067734,0.15133333333333332,0.2805076241493225,334,False,4,17.191111111111116,0.9046535677352634,False,4,undercount,0, Truly rural.
xtts2,tw_w8_k4,2,twisters,w8,4,12,24,rural,30,27.072,15,0.09925965964794159,0.04298260062932968,0.12295833333333334,0.33530035614967346,582,False,6,17.191111111111116,1.5747673216132363,False,15,overcount,0, Truly rural. Truly rural. Truly rural. Truly rural. Truly rural. Truly rural. Truly rural. Truly rural. Truly rural. Truly rural. Truly rural. Truly rural. Truly rural. Truly rural. Truly rural.
xtts2,wr_blue_t4_k01,0,word_rep,t4,1,1,8,blue,8,2.1333333333333333,1,0.15342411398887634,0.04547617584466934,0.14604166666666665,0.23417174816131592,45,False,1,2.2678518518518507,0.9406846093545863,True,1,correct,1, The light was blue before the storm arrived.
xtts2,wr_blue_t4_k01,1,word_rep,t4,1,1,8,blue,8,2.368,1,0.14673596620559692,0.04935375228524208,0.160125,0.2560842037200928,50,False,1,2.2678518518518507,1.0441599163835908,True,1,correct,1, The light was blue before the storm arrived.
xtts2,wr_blue_t4_k01,2,word_rep,t4,1,1,8,blue,8,2.272,1,0.1472836285829544,0.03974030539393425,0.16195833333333334,0.23835276067256927,48,False,1,2.2678518518518507,1.0018291089626343,True,1,correct,1, The light was blue before the storm arrived.
xtts2,wr_blue_t4_k02,0,word_rep,t4,2,2,9,blue,9,2.368,2,0.15826435387134552,0.033299945294857025,0.17320833333333333,0.2450229525566101,50,False,1,2.731851851851851,0.8668112798264644,True,2,correct,1, The light was blue-blue before the storm arrived.
xtts2,wr_blue_t4_k02,1,word_rep,t4,2,2,9,blue,9,3.104,2,0.1483917087316513,0.04057866334915161,0.149125,0.29153215885162354,66,False,3,2.731851851851851,1.1362255965292845,True,2,correct,1, The light was blue-blue before the storm arrived.
xtts2,wr_blue_t4_k02,2,word_rep,t4,2,2,9,blue,9,2.784,2,0.15288420021533966,0.026877380907535553,0.16620833333333335,0.25449272990226746,59,False,2,2.731851851851851,1.0190889370932756,True,2,correct,1, The light was blue-blue before the storm arrived.
xtts2,wr_blue_t4_k03,0,word_rep,t4,3,3,10,blue,10,2.6453333333333333,3,0.15380005538463593,0.03794596716761589,0.13229166666666667,0.18922188878059387,56,False,2,3.195851851851851,0.8277396625254962,True,3,correct,1," The light was blue, blue, blue before the storm arrived."
xtts2,wr_blue_t4_k03,1,word_rep,t4,3,3,10,blue,10,3.712,3,0.1361827254295349,0.03521428629755974,0.12745833333333334,0.23104287683963776,79,False,4,3.195851851851851,1.1615056554793255,True,3,correct,1," The light was blue, blue, blue before the storm arrived."
xtts2,wr_blue_t4_k03,2,word_rep,t4,3,3,10,blue,10,3.2,3,0.1565902978181839,0.01977512240409851,0.15820833333333334,0.23923151195049286,68,False,3,3.195851851851851,1.0012979788614875,True,3,correct,1," The light was blue, blue, blue before the storm arrived."
xtts2,wr_blue_t4_k04,0,word_rep,t4,4,4,11,blue,10,2.8693333333333335,3,0.14413213729858398,0.030616382136940956,0.14054166666666668,0.20100368559360504,61,False,2,3.659851851851851,0.7840025906735754,True,3,undercount,0," The light was blue, blue, blue before the storm arrived."
xtts2,wr_blue_t4_k04,1,word_rep,t4,4,4,11,blue,11,4.96,4,0.14081895351409912,0.029953356832265854,0.162125,0.19032390415668488,106,False,7,3.659851851851851,1.3552461139896377,False,7,correct,1," The light was blue, blue, blue, blue, before the storm arrived."
xtts2,wr_blue_t4_k04,2,word_rep,t4,4,4,11,blue,10,2.9226666666666667,3,0.15218494832515717,0.020665477961301804,0.15254166666666666,0.17842423915863037,62,False,2,3.659851851851851,0.7985751295336789,True,3,undercount,0," The light was blue, blue, blue before the storm arrived."
xtts2,wr_blue_t4_k06,0,word_rep,t4,6,6,13,blue,12,3.8933333333333335,5,0.1501736044883728,0.03170099854469299,0.14454166666666668,0.1363704651594162,83,False,5,4.587851851851852,0.8486179281839319,True,5,undercount,0," The light was blue, blue, blue, blue, blue before the storm arrived."
xtts2,wr_blue_t4_k06,1,word_rep,t4,6,6,13,blue,12,5.429333333333333,5,0.13159798085689545,0.03424359858036041,0.15283333333333332,0.23853522539138794,116,False,8,4.587851851851852,1.1834151382071816,False,8,undercount,0," The light was blue, blue, blue, blue, blue before the storm arrived."
xtts2,wr_blue_t4_k06,2,word_rep,t4,6,6,13,blue,12,4.032,5,0.14965464174747467,0.025351522490382195,0.153625,0.14482226967811584,86,False,5,4.587851851851852,0.8788426763110307,True,5,undercount,0," The light was blue, blue, blue, blue, blue before the storm arrived."
xtts2,wr_blue_t4_k08,0,word_rep,t4,8,8,15,blue,14,4.544,7,0.14559270441532135,0.02991309203207493,0.18570833333333334,0.18784646689891815,97,False,6,5.515851851851852,0.8238074774387623,True,7,undercount,0," The light was blue, blue, blue, blue, blue, blue, blue before the storm arrived."
xtts2,wr_blue_t4_k08,1,word_rep,t4,8,8,15,blue,13,8.032,6,0.12528029084205627,0.03278452157974243,0.16325,0.27541500329971313,172,False,13,5.515851851851852,1.4561667382896433,False,13,undercount,0," The light was blue, blue, blue, blue, blue, blue. Before the storm arrived,"
xtts2,wr_blue_t4_k08,2,word_rep,t4,8,8,15,blue,13,3.616,6,0.142686665058136,0.01892741583287716,0.144,0.20028744637966156,77,False,4,5.515851851851852,0.6555651052857757,False,6,truncation,0," The light was blue, blue, blue, blue, blue, blue before the storm arrived."
xtts2,wr_blue_t4_k12,0,word_rep,t4,12,12,19,blue,18,8.309333333333333,11,0.14791809022426605,0.030483081936836243,0.13366666666666666,0.16130803525447845,178,False,14,7.3718518518518525,1.1271704180064308,False,14,undercount,0," The light was blue, blue, blue, blue, blue, blue, blue, blue, blue, blue, blue, before the storm arrived."
xtts2,wr_blue_t4_k12,1,word_rep,t4,12,12,19,blue,19,8.629333333333333,12,0.14767639338970184,0.0380360372364521,0.12804166666666666,0.32602939009666443,185,False,15,7.3718518518518525,1.170578778135048,False,15,correct,1," The light was blue, blue, blue, blue, blue, blue, blue, blue, blue, blue, blue, blue before the storm arrived."
xtts2,wr_blue_t4_k12,2,word_rep,t4,12,12,19,blue,15,5.429333333333333,8,0.1551826298236847,0.01604963093996048,0.14929166666666666,0.21970418095588684,116,False,8,7.3718518518518525,0.7364951768488746,True,8,undercount,0," The light was blue, blue, blue, blue, blue, blue, blue, blue before the storm arrived."
xtts2,wr_blue_t4_k16,0,word_rep,t4,16,16,23,blue,224,5.749333333333333,221,0.14381226897239685,0.02080787532031536,0.136,0.19359613955020905,123,False,9,9.227851851851854,0.6230413562805033,False,221,overcount,0," The light was blue, blue, blue, blue, blue, blue, blue, blue, blue, blue, blue, blue, blue, blue, blue, blue, blue, blue, blue, blue, blue, blue, blue, blue, blue, blue, blue, blue, blue, blue, blue, blue, blue, blue, blue, blue, blue, blue, blue, blue, blue, blue, blue, blue, blue, blue, blue, blue, blue, blue, blue, blue, blue, blue, blue, blue, blue, blue, blue, blue, blue, blue, blue, blue, blue, blue, blue, blue, blue, blue, blue, blue, blue, blue, blue, blue, blue, blue, blue, blue, blue, blue, blue, blue, blue, blue, blue, blue, blue, blue, blue, blue, blue, blue, blue, blue, blue, blue, blue, blue, blue, blue, blue, blue, blue, blue, blue, blue, blue, blue, blue, blue, blue, blue, blue, blue, blue, blue, blue, blue, blue, blue, blue, blue, blue, blue, blue, blue, blue, blue, blue, blue, blue, blue, blue, blue, blue, blue, blue, blue, blue, blue, blue, blue, blue, blue, blue, blue, blue, blue, blue, blue, blue, blue, blue, blue, blue, blue, blue, blue, blue, blue, blue, blue, blue, blue, blue, blue, blue, blue, blue, blue, blue, blue, blue, blue, blue, blue, blue, blue, blue, blue, blue, blue, blue, blue, blue, blue, blue, blue, blue, blue, blue, blue, blue, blue, blue, blue, blue, blue, blue, blue, blue, blue, blue, blue, blue, blue, blue, blue, blue, blue, blue, blue, blue, blue, blue, blue, blue, blue, blue"
xtts2,wr_blue_t4_k16,1,word_rep,t4,16,16,23,blue,22,9.749333333333333,15,0.1264524757862091,0.04439232498407364,0.12729166666666666,0.4026094973087311,209,False,17,9.227851851851854,1.0565116876444898,True,15,undercount,0," The light was blue, blue, blue, blue, blue, blue, blue, blue, blue, blue, blue, blue, blue, blue, blue, before the storm arrived."
xtts2,wr_blue_t4_k16,2,word_rep,t4,16,16,23,blue,24,6.357333333333333,17,0.13242608308792114,0.01966317743062973,0.16970833333333332,0.18341216444969177,136,False,10,9.227851851851854,0.6889288466478293,False,17,overcount,0, The light was blue blue blue blue blue blue blue blue blue blue blue blue blue blue blue blue blue before the storm arrived.
xtts2,wr_blue_t4_k24,0,word_rep,t4,24,24,31,blue,16,6.4,13,0.12116709351539612,0.02556169591844082,0.17875,0.4506964385509491,137,False,10,12.939851851851856,0.4945960798681076,True,13,truncation,0," The light was blue, blue, blue, blue, blue, blue, blue, blue, blue, blue, blue, blue, blue."
xtts2,wr_blue_t4_k24,1,word_rep,t4,24,24,31,blue,224,7.7973333333333334,221,0.13945451378822327,0.020833736285567284,0.15604166666666666,0.18008606135845184,167,False,13,12.939851851851856,0.602582890639311,False,221,overcount,0," The light was blue, blue, blue, blue, blue, blue, blue, blue, blue, blue, blue, blue, blue, blue, blue, blue, blue, blue, blue, blue, blue, blue, blue, blue, blue, blue, blue, blue, blue, blue, blue, blue, blue, blue, blue, blue, blue, blue, blue, blue, blue, blue, blue, blue, blue, blue, blue, blue, blue, blue, blue, blue, blue, blue, blue, blue, blue, blue, blue, blue, blue, blue, blue, blue, blue, blue, blue, blue, blue, blue, blue, blue, blue, blue, blue, blue, blue, blue, blue, blue, blue, blue, blue, blue, blue, blue, blue, blue, blue, blue, blue, blue, blue, blue, blue, blue, blue, blue, blue, blue, blue, blue, blue, blue, blue, blue, blue, blue, blue, blue, blue, blue, blue, blue, blue, blue, blue, blue, blue, blue, blue, blue, blue, blue, blue, blue, blue, blue, blue, blue, blue, blue, blue, blue, blue, blue, blue, blue, blue, blue, blue, blue, blue, blue, blue, blue, blue, blue, blue, blue, blue, blue, blue, blue, blue, blue, blue, blue, blue, blue, blue, blue, blue, blue, blue, blue, blue, blue, blue, blue, blue, blue, blue, blue, blue, blue, blue, blue, blue, blue, blue, blue, blue, blue, blue, blue, blue, blue, blue, blue, blue, blue, blue, blue, blue, blue, blue, blue, blue, blue, blue, blue, blue, blue, blue, blue, blue, blue, blue, blue, blue, blue, blue, blue, blue, blue, blue, blue, blue, blue, blue"
xtts2,wr_blue_t4_k24,2,word_rep,t4,24,24,31,blue,224,7.616,221,0.13243751227855682,0.022942673414945602,0.130375,0.11832843720912933,163,False,13,12.939851851851856,0.588569335043048,False,221,overcount,0," The light was blue, blue, blue, blue, blue, blue, blue, blue, blue, blue, blue, blue, blue, blue, blue, blue, blue, blue, blue, blue, blue, blue, blue, blue, blue, blue, blue, blue, blue, blue, blue, blue, blue, blue, blue, blue, blue, blue, blue, blue, blue, blue, blue, blue, blue, blue, blue, blue, blue, blue, blue, blue, blue, blue, blue, blue, blue, blue, blue, blue, blue, blue, blue, blue, blue, blue, blue, blue, blue, blue, blue, blue, blue, blue, blue, blue, blue, blue, blue, blue, blue, blue, blue, blue, blue, blue, blue, blue, blue, blue, blue, blue, blue, blue, blue, blue, blue, blue, blue, blue, blue, blue, blue, blue, blue, blue, blue, blue, blue, blue, blue, blue, blue, blue, blue, blue, blue, blue, blue, blue, blue, blue, blue, blue, blue, blue, blue, blue, blue, blue, blue, blue, blue, blue, blue, blue, blue, blue, blue, blue, blue, blue, blue, blue, blue, blue, blue, blue, blue, blue, blue, blue, blue, blue, blue, blue, blue, blue, blue, blue, blue, blue, blue, blue, blue, blue, blue, blue, blue, blue, blue, blue, blue, blue, blue, blue, blue, blue, blue, blue, blue, blue, blue, blue, blue, blue, blue, blue, blue, blue, blue, blue, blue, blue, blue, blue, blue, blue, blue, blue, blue, blue, blue, blue, blue, blue, blue, blue, blue, blue, blue, blue, blue, blue, blue, blue, blue, blue, blue, blue, blue"
xtts2,wr_blue_t4_k32,0,word_rep,t4,32,32,39,blue,224,14.528,221,0.13696207106113434,0.0207449272274971,0.170375,0.16377688944339752,312,False,27,16.651851851851855,0.8724555160142348,False,221,overcount,0," The light was blue, blue, blue, blue, blue, blue, blue, blue, blue, blue, blue, blue, blue, blue, blue, blue, blue, blue, blue, blue, blue, blue, blue, blue, blue, blue, blue, blue, blue, blue, blue, blue, blue, blue, blue, blue, blue, blue, blue, blue, blue, blue, blue, blue, blue, blue, blue, blue, blue, blue, blue, blue, blue, blue, blue, blue, blue, blue, blue, blue, blue, blue, blue, blue, blue, blue, blue, blue, blue, blue, blue, blue, blue, blue, blue, blue, blue, blue, blue, blue, blue, blue, blue, blue, blue, blue, blue, blue, blue, blue, blue, blue, blue, blue, blue, blue, blue, blue, blue, blue, blue, blue, blue, blue, blue, blue, blue, blue, blue, blue, blue, blue, blue, blue, blue, blue, blue, blue, blue, blue, blue, blue, blue, blue, blue, blue, blue, blue, blue, blue, blue, blue, blue, blue, blue, blue, blue, blue, blue, blue, blue, blue, blue, blue, blue, blue, blue, blue, blue, blue, blue, blue, blue, blue, blue, blue, blue, blue, blue, blue, blue, blue, blue, blue, blue, blue, blue, blue, blue, blue, blue, blue, blue, blue, blue, blue, blue, blue, blue, blue, blue, blue, blue, blue, blue, blue, blue, blue, blue, blue, blue, blue, blue, blue, blue, blue, blue, blue, blue, blue, blue, blue, blue, blue, blue, blue, blue, blue, blue, blue, blue, blue, blue, blue, blue, blue, blue, blue, blue, blue, blue"
xtts2,wr_blue_t4_k32,1,word_rep,t4,32,32,39,blue,23,10.954666666666666,20,0.12895475327968597,0.03154000639915466,0.17075,0.17834044992923737,235,False,20,16.651851851851855,0.6578647686832738,True,20,truncation,0," The light was blue, blue, blue, blue. Blue, blue, blue, blue, blue. Blue, blue, blue, blue, blue, blue, blue, blue. Blue, blue, blue."
xtts2,wr_blue_t4_k32,2,word_rep,t4,32,32,39,blue,17,6.730666666666667,14,0.13760535418987274,0.0175368282943964,0.17708333333333334,0.28062111139297485,144,False,11,16.651851851851855,0.4041992882562277,True,14,truncation,0," The light was blue, blue, blue, blue, blue, blue, blue, blue, blue, blue, blue, blue, blue, blue."
xtts2,wr_far_t3_k01,0,word_rep,t3,1,1,9,far,9,2.6453333333333333,1,0.14544375240802765,0.06447120755910873,0.16616666666666666,0.24128355085849762,56,False,1,2.501333333333333,1.0575692963752665,True,1,correct,1, He walked far into the forest before turning back.
xtts2,wr_far_t3_k01,1,word_rep,t3,1,1,9,far,9,2.592,1,0.1442766636610031,0.06551072746515274,0.16108333333333333,0.22923682630062103,55,False,1,2.501333333333333,1.0362473347547976,True,1,correct,1, He walked far into the forest before turning back.
xtts2,wr_far_t3_k01,2,word_rep,t3,1,1,9,far,9,2.5493333333333332,1,0.14672717452049255,0.06930302828550339,0.178375,0.23733311891555786,54,False,1,2.501333333333333,1.019189765458422,True,1,correct,1, He walked far into the forest before turning back.
xtts2,wr_far_t3_k02,0,word_rep,t3,2,2,10,far,10,2.7306666666666666,2,0.14431339502334595,0.06462067365646362,0.13079166666666667,0.2469353973865509,58,False,1,3.089777777777778,0.8837744533947065,True,2,correct,1, He walked far far into the forest before turning back.
xtts2,wr_far_t3_k02,1,word_rep,t3,2,2,10,far,10,2.8693333333333335,2,0.140000581741333,0.06753275543451309,0.15841666666666668,0.2539810836315155,61,False,2,3.089777777777778,0.9286536248561565,True,2,correct,1, He walked far far into the forest before turning back.
xtts2,wr_far_t3_k02,2,word_rep,t3,2,2,10,far,10,3.104,2,0.13777486979961395,0.07512714713811874,0.16891666666666666,0.26498135924339294,66,False,2,3.089777777777778,1.004602991944764,True,2,correct,1," He walked far, far into the forest before turning back."
xtts2,wr_far_t3_k03,0,word_rep,t3,3,3,11,far,11,3.2,3,0.13144570589065552,0.07984577864408493,0.15204166666666666,0.2738754451274872,68,False,2,3.678222222222222,0.8699855002416628,True,3,correct,1," He walked far, far, far into the forest before turning back."
xtts2,wr_far_t3_k03,1,word_rep,t3,3,3,11,far,11,4.8213333333333335,3,0.11614587903022766,0.08117865771055222,0.13754166666666667,0.4215807020664215,103,False,5,3.678222222222222,1.3107781536974386,False,5,correct,1," He walked far, far, far into the forest before turning back."
xtts2,wr_far_t3_k03,2,word_rep,t3,3,3,11,far,11,3.296,3,0.13946028053760529,0.08029910176992416,0.17570833333333333,0.1803392618894577,70,False,2,3.678222222222222,0.8960850652489125,True,3,correct,1," He walked far, far, far into the forest before turning back."
xtts2,wr_far_t3_k04,0,word_rep,t3,4,4,12,far,12,4.1706666666666665,4,0.13692894577980042,0.08664928376674652,0.16579166666666667,0.31625068187713623,89,False,4,4.266666666666667,0.9774999999999999,True,4,correct,1," He walked far, far, far, far into the forest before turning back."
xtts2,wr_far_t3_k04,1,word_rep,t3,4,4,12,far,12,3.9466666666666668,4,0.12897731363773346,0.08347906172275543,0.14333333333333334,0.24379482865333557,84,False,3,4.266666666666667,0.925,True,4,correct,1," He walked far, far, far, far into the forest before turning back."
xtts2,wr_far_t3_k04,2,word_rep,t3,4,4,12,far,12,4.362666666666667,4,0.13368774950504303,0.07858230918645859,0.15216666666666667,0.18875692784786224,93,False,4,4.266666666666667,1.0225,True,4,correct,1, He walked far far far far into the forest before turning back.
xtts2,wr_far_t3_k06,0,word_rep,t3,6,6,14,far,13,3.8933333333333335,5,0.1404896378517151,0.07432769984006882,0.16841666666666666,0.22142568230628967,83,False,3,5.443555555555555,0.7152188112344874,False,5,undercount,0, He walked far far far far far into the forest before turning back.
xtts2,wr_far_t3_k06,1,word_rep,t3,6,6,14,far,13,5.1946666666666665,5,0.12040316313505173,0.09076999872922897,0.12295833333333334,0.24984332919120789,111,False,6,5.443555555555555,0.9542782495101241,True,5,undercount,0," He walked far, far, far, far, far into the forest before turning back."
xtts2,wr_far_t3_k06,2,word_rep,t3,6,6,14,far,14,5.152,6,0.13256844878196716,0.08518785238265991,0.146625,0.38268622756004333,110,False,6,5.443555555555555,0.9464402351404312,True,6,correct,1, He walked far far far far far far into the forest before turning back.
xtts2,wr_far_t3_k08,0,word_rep,t3,8,8,16,far,15,9.098666666666666,7,0.11285059154033661,0.09880585968494415,0.144125,0.2375704050064087,195,False,12,6.620444444444444,1.3743286788399571,False,12,undercount,0," He walked far, far, far, far, far, far, far into the forest before turning back."
xtts2,wr_far_t3_k08,1,word_rep,t3,8,8,16,far,14,5.0986666666666665,6,0.1309497207403183,0.07557900995016098,0.163,0.2672101557254791,109,False,5,6.620444444444444,0.770139634801289,True,6,undercount,0," He walked far, far, far, far, far, far into the forest before turning back."
xtts2,wr_far_t3_k08,2,word_rep,t3,8,8,16,far,14,6.826666666666667,6,0.1238107830286026,0.09890002012252808,0.16083333333333333,0.3072374165058136,146,False,8,6.620444444444444,1.0311493018259936,False,8,undercount,0," He walked far, far, far, far, far, far into the forest before turning back."
xtts2,wr_far_t3_k12,0,word_rep,t3,12,12,20,far,18,6.453333333333333,10,0.12467391043901443,0.09260528534650803,0.16804166666666667,0.2693151533603668,138,False,8,8.97422222222222,0.719096671949287,False,10,undercount,0," He walked far, far, far, far, far, far, far, far, far, far into the forest before turning back."
xtts2,wr_far_t3_k12,1,word_rep,t3,12,12,20,far,17,6.826666666666667,9,0.12645719945430756,0.09163405746221542,0.14879166666666666,0.16265162825584412,146,False,8,8.97422222222222,0.7606973058637087,True,9,undercount,0," He walked far, far, far, far, far, far, far, far, far into the forest before turning back."
xtts2,wr_far_t3_k12,2,word_rep,t3,12,12,20,far,18,7.050666666666666,10,0.143745556473732,0.09768243134021759,0.17895833333333333,0.20753368735313416,151,False,9,8.97422222222222,0.7856576862123614,True,10,undercount,0," He walked far, far, far, far, far, far, far, far, far, far into the forest before turning back."
xtts2,wr_far_t3_k16,0,word_rep,t3,16,16,24,far,22,7.328,14,0.12420519441366196,0.09531979262828827,0.12095833333333333,0.18597213923931122,157,False,9,11.327999999999998,0.6468926553672318,False,14,truncation,0," He walked far, far, far, far, far, far, far, far, far, far, far, far, far, far into the forest before turning back."
xtts2,wr_far_t3_k16,1,word_rep,t3,16,16,24,far,21,8.213333333333333,13,0.126796156167984,0.09740671515464783,0.14920833333333333,0.2636486291885376,176,False,11,11.327999999999998,0.7250470809792845,True,13,undercount,0," He walked far, far, far, far, far, far, far, far, far, far, far, far, far into the forest before turning back."
xtts2,wr_far_t3_k16,2,word_rep,t3,16,16,24,far,223,15.509333333333334,221,0.11388600617647171,0.12234610319137573,0.16754166666666667,0.22036831080913544,333,False,23,11.327999999999998,1.3691148775894542,False,221,overcount,0," He walked far, far, far, far, far, far, far, far, far, far, far, far, far, far, far, far, far, far, far, far, far, far, far, far, far, far, far, far, far, far, far, far, far, far, far, far, far, far, far, far, far, far, far, far, far, far, far, far, far, far, far, far, far, far, far, far, far, far, far, far, far, far, far, far, far, far, far, far, far, far, far, far, far, far, far, far, far, far, far, far, far, far, far, far, far, far, far, far, far, far, far, far, far, far, far, far, far, far, far, far, far, far, far, far, far, far, far, far, far, far, far, far, far, far, far, far, far, far, far, far, far, far, far, far, far, far, far, far, far, far, far, far, far, far, far, far, far, far, far, far, far, far, far, far, far, far, far, far, far, far, far, far, far, far, far, far, far, far, far, far, far, far, far, far, far, far, far, far, far, far, far, far, far, far, far, far, far, far, far, far, far, far, far, far, far, far, far, far, far, far, far, far, far, far, far, far, far, far, far, far, far, far, far, far, far, far, far, far, far, far, far, far, far, far, far, far, far, far, far, far, far,"
xtts2,wr_far_t3_k24,0,word_rep,t3,24,24,32,far,26,9.28,22,0.11508345603942871,0.10302146524190903,0.13291666666666666,0.220472514629364,199,False,13,16.035555555555554,0.5787139689578714,False,22,truncation,0," He walked far, far, far, far. Far, far, far. Far, far, far, far. Far, far, far, far, far. Far, far, far, far, far, far, turning back."
xtts2,wr_far_t3_k24,1,word_rep,t3,24,24,32,far,27,8.170666666666667,19,0.11963364481925964,0.08896887302398682,0.16966666666666666,0.31205132603645325,175,False,11,16.035555555555554,0.5095343680709535,False,19,truncation,0," He walked far, far, far, far, far, far, far, far, far, far, far, far, far, far, far, far, far, far, far into the forest before turning back."
xtts2,wr_far_t3_k24,2,word_rep,t3,24,24,32,far,223,7.1466666666666665,221,0.1250440627336502,0.1120850220322609,0.16870833333333332,0.2554647624492645,153,False,9,16.035555555555554,0.4456762749445677,False,221,overcount,0," He walked far, far, far, far, far, far, far, far, far, far, far, far, far, far, far, far, far, far, far, far, far, far, far, far, far, far, far, far, far, far, far, far, far, far, far, far, far, far, far, far, far, far, far, far, far, far, far, far, far, far, far, far, far, far, far, far, far, far, far, far, far, far, far, far, far, far, far, far, far, far, far, far, far, far, far, far, far, far, far, far, far, far, far, far, far, far, far, far, far, far, far, far, far, far, far, far, far, far, far, far, far, far, far, far, far, far, far, far, far, far, far, far, far, far, far, far, far, far, far, far, far, far, far, far, far, far, far, far, far, far, far, far, far, far, far, far, far, far, far, far, far, far, far, far, far, far, far, far, far, far, far, far, far, far, far, far, far, far, far, far, far, far, far, far, far, far, far, far, far, far, far, far, far, far, far, far, far, far, far, far, far, far, far, far, far, far, far, far, far, far, far, far, far, far, far, far, far, far, far, far, far, far, far, far, far, far, far, far, far, far, far, far, far, far, far, far, far, far, far, far, far,"
xtts2,wr_far_t3_k32,0,word_rep,t3,32,32,40,far,14,5.386666666666667,12,0.10801474750041962,0.15348772704601288,0.18083333333333335,0.42690902948379517,115,False,6,20.74311111111111,0.25968460747343164,False,12,truncation,0," He walked far, far, far, far, far, far, far, far, far, far, far, far."
xtts2,wr_far_t3_k32,1,word_rep,t3,32,32,40,far,223,17.92,221,0.10714636743068695,0.16725145280361176,0.14466666666666667,0.23280666768550873,385,False,27,20.74311111111111,0.8639012684264658,False,221,overcount,0," He walked far, far, far, far, far, far, far, far, far, far, far, far, far, far, far, far, far, far, far, far, far, far, far, far, far, far, far, far, far, far, far, far, far, far, far, far, far, far, far, far, far, far, far, far, far, far, far, far, far, far, far, far, far, far, far, far, far, far, far, far, far, far, far, far, far, far, far, far, far, far, far, far, far, far, far, far, far, far, far, far, far, far, far, far, far, far, far, far, far, far, far, far, far, far, far, far, far, far, far, far, far, far, far, far, far, far, far, far, far, far, far, far, far, far, far, far, far, far, far, far, far, far, far, far, far, far, far, far, far, far, far, far, far, far, far, far, far, far, far, far, far, far, far, far, far, far, far, far, far, far, far, far, far, far, far, far, far, far, far, far, far, far, far, far, far, far, far, far, far, far, far, far, far, far, far, far, far, far, far, far, far, far, far, far, far, far, far, far, far, far, far, far, far, far, far, far, far, far, far, far, far, far, far, far, far, far, far, far, far, far, far, far, far, far, far, far, far, far, far, far, far,"
xtts2,wr_far_t3_k32,2,word_rep,t3,32,32,40,far,223,18.613333333333333,221,0.11724846065044403,0.11074426770210266,0.147875,0.284660279750824,400,False,28,20.74311111111111,0.897326019883442,False,221,overcount,0," He walked far, far, far, far, far, far, far, far, far, far, far, far, far, far, far, far, far, far, far, far, far, far, far, far, far, far, far, far, far, far, far, far, far, far, far, far, far, far, far, far, far, far, far, far, far, far, far, far, far, far, far, far, far, far, far, far, far, far, far, far, far, far, far, far, far, far, far, far, far, far, far, far, far, far, far, far, far, far, far, far, far, far, far, far, far, far, far, far, far, far, far, far, far, far, far, far, far, far, far, far, far, far, far, far, far, far, far, far, far, far, far, far, far, far, far, far, far, far, far, far, far, far, far, far, far, far, far, far, far, far, far, far, far, far, far, far, far, far, far, far, far, far, far, far, far, far, far, far, far, far, far, far, far, far, far, far, far, far, far, far, far, far, far, far, far, far, far, far, far, far, far, far, far, far, far, far, far, far, far, far, far, far, far, far, far, far, far, far, far, far, far, far, far, far, far, far, far, far, far, far, far, far, far, far, far, far, far, far, far, far, far, far, far, far, far, far, far, far, far, far, far,"
xtts2,wr_no_t2_k01,0,word_rep,t2,1,1,11,no,11,2.506666666666667,1,0.14504946768283844,0.05349807068705559,0.17491666666666666,0.29506203532218933,53,False,1,2.6637037037037037,0.9410456062291436,True,1,correct,1, She said no to the offer and then left the room.
xtts2,wr_no_t2_k01,1,word_rep,t2,1,1,11,no,11,3.1573333333333333,1,0.14191514253616333,0.05602231249213219,0.15875,0.1679830402135849,67,False,3,2.6637037037037037,1.1853170189098998,False,3,correct,1, She said no to the offer and then left the room.
xtts2,wr_no_t2_k01,2,word_rep,t2,1,1,11,no,11,2.3146666666666667,1,0.14449769258499146,0.042430318892002106,0.14104166666666668,0.2271389216184616,49,False,0,2.6637037037037037,0.8689655172413793,True,1,correct,1, She said no to the offer and then left the room.
xtts2,wr_no_t2_k02,0,word_rep,t2,2,2,12,no,12,3.0613333333333332,2,0.1451091319322586,0.050460994243621826,0.152625,0.1567968875169754,65,False,2,2.989037037037037,1.0241871530531323,True,2,correct,1, She said no-no to the offer and then left the room.
xtts2,wr_no_t2_k02,1,word_rep,t2,2,2,12,no,12,3.2426666666666666,2,0.14387571811676025,0.05561811849474907,0.14033333333333334,0.15892869234085083,69,False,3,2.989037037037037,1.084853291038858,True,2,correct,1," She said no-no to the offer, and then left the room."
xtts2,wr_no_t2_k02,2,word_rep,t2,2,2,12,no,12,2.688,2,0.14932368695735931,0.04319990426301956,0.14416666666666667,0.19492770731449127,57,False,1,2.989037037037037,0.8992862807295797,True,2,correct,1, She said no no to the offer and then left the room.
xtts2,wr_no_t2_k03,0,word_rep,t2,3,3,13,no,13,3.2,3,0.14113029837608337,0.049298159778118134,0.158125,0.1498076468706131,68,False,3,3.31437037037037,0.9654925800107278,True,3,correct,1," She said no, no, no to the offer and then left the room."
xtts2,wr_no_t2_k03,1,word_rep,t2,3,3,13,no,13,3.5733333333333333,3,0.14245982468128204,0.05659051239490509,0.14541666666666667,0.11910147219896317,76,False,4,3.31437037037037,1.0781333810119793,True,3,correct,1," She said no, no, no to the offer and then left the room."
xtts2,wr_no_t2_k03,2,word_rep,t2,3,3,13,no,13,3.1573333333333333,3,0.1481858193874359,0.03158033266663551,0.15316666666666667,0.19719140231609344,67,False,3,3.31437037037037,0.9526193456105847,True,3,correct,1," She said no, no, no to the offer and then left the room."
xtts2,wr_no_t2_k04,0,word_rep,t2,4,4,14,no,14,4.224,4,0.1392042189836502,0.051854152232408524,0.1335,0.1625720113515854,90,False,6,3.639703703703703,1.1605340280039078,False,6,correct,1," She said no, no, no, no to the offer, and then left the room."
xtts2,wr_no_t2_k04,1,word_rep,t2,4,4,14,no,14,5.749333333333333,4,0.14032481610774994,0.03953585401177406,0.145875,0.11889928579330444,123,False,10,3.639703703703703,1.579615760338652,False,10,miscount,0," She said, no, no, no, no to the offer and then left the room."
xtts2,wr_no_t2_k04,2,word_rep,t2,4,4,14,no,14,3.8933333333333335,4,0.13953815400600433,0.05061272159218788,0.13966666666666666,0.1853226125240326,83,False,5,3.639703703703703,1.0696841419732988,True,4,correct,1," She said no, no, no, no, to the offer, and then left the room."
xtts2,wr_no_t2_k06,0,word_rep,t2,6,6,16,no,15,4.266666666666667,5,0.15086719393730164,0.04798778146505356,0.16579166666666667,0.20692899823188782,91,False,6,4.29037037037037,0.994475138121547,True,5,undercount,0," She said no no, no no no to the offer, and then left the room."
xtts2,wr_no_t2_k06,1,word_rep,t2,6,6,16,no,15,5.290666666666667,5,0.1485932320356369,0.04539006948471069,0.12204166666666667,0.3647804856300354,113,False,9,4.29037037037037,1.2331491712707183,False,9,undercount,0," She said no, no, no, no, no, to the offer, and then left the room."
xtts2,wr_no_t2_k06,2,word_rep,t2,6,6,16,no,15,5.013333333333334,5,0.1510981172323227,0.037523020058870316,0.14129166666666668,0.2188202291727066,107,False,8,4.29037037037037,1.1685082872928179,False,8,undercount,0," She said no, no, no, no, no to the offer, and then left the room."
xtts2,wr_no_t2_k08,0,word_rep,t2,8,8,18,no,18,4.778666666666667,8,0.14449480175971985,0.03842736408114433,0.158125,0.40420612692832947,102,False,8,4.941037037037036,0.9671384024946033,True,8,correct,1," She said no no, no no no no, no no to the offer and then left the room."
xtts2,wr_no_t2_k08,1,word_rep,t2,8,8,18,no,16,5.984,6,0.13985493779182434,0.03959667682647705,0.14975,0.2819645404815674,128,False,11,4.941037037037036,1.2110817941952507,False,11,undercount,0," She said no, no, no, no, no, no to the offer, and then left the room."
xtts2,wr_no_t2_k08,2,word_rep,t2,8,8,18,no,17,5.749333333333333,7,0.14677026867866516,0.03640381246805191,0.14808333333333334,0.21512462198734283,123,False,10,4.941037037037036,1.1635883905013196,False,10,undercount,0," She said no, no, no, no, no, no, no to the offer and then left the room."
xtts2,wr_no_t2_k12,0,word_rep,t2,12,12,22,no,22,5.152,12,0.13844287395477295,0.033002518117427826,0.17016666666666666,0.2218472957611084,110,False,9,6.242370370370368,0.8253275109170308,False,12,correct,1," She said no, no, no, no, no, no, no, no, no, no, no, no to the offer and then left the room."
xtts2,wr_no_t2_k12,1,word_rep,t2,12,12,22,no,20,5.429333333333333,10,0.14014789462089539,0.028755655512213707,0.152375,0.25166767835617065,116,False,10,6.242370370370368,0.8697550787924817,True,10,undercount,0," She said no, no, no, no, no, no, no, no, no, no to the offer and then left the room."
xtts2,wr_no_t2_k12,2,word_rep,t2,12,12,22,no,21,6.218666666666667,11,0.13697665929794312,0.028923485428094864,0.149625,0.1388801783323288,133,False,12,6.242370370370368,0.9962027719764575,True,11,undercount,0," She said no, no, no, no, no, no, no, no, no, no, no to the offer and then left the room."
xtts2,wr_no_t2_k16,0,word_rep,t2,16,16,26,no,25,10.026666666666667,15,0.12936931848526,0.02610078454017639,0.15258333333333332,0.19453246891498566,215,False,24,7.543703703703702,1.3291437549096625,False,24,undercount,0," She said no, no, no, no, no, no, no, no, no, no, no, no, no, no, no to the offer. And then left the room."
xtts2,wr_no_t2_k16,1,word_rep,t2,16,16,26,no,24,5.610666666666667,14,0.15124143660068512,0.02308407425880432,0.18020833333333333,0.23932959139347076,120,False,10,7.543703703703702,0.7437549096622155,False,14,undercount,0," She said no, no, no, no, no, no, no, no, no, no, no, no, no, no to the offer and then left the room."
xtts2,wr_no_t2_k16,2,word_rep,t2,16,16,26,no,223,6.314666666666667,221,0.13947324454784393,0.027345838025212288,0.16283333333333333,0.249075785279274,135,False,12,7.543703703703702,0.8370777690494896,False,221,overcount,0," She said no, no, no, no, no, no, no, no, no, no, no, no, no, no, no, no, no, no, no, no, no, no, no, no, no, no, no, no, no, no, no, no, no, no, no, no, no, no, no, no, no, no, no, no, no, no, no, no, no, no, no, no, no, no, no, no, no, no, no, no, no, no, no, no, no, no, no, no, no, no, no, no, no, no, no, no, no, no, no, no, no, no, no, no, no, no, no, no, no, no, no, no, no, no, no, no, no, no, no, no, no, no, no, no, no, no, no, no, no, no, no, no, no, no, no, no, no, no, no, no, no, no, no, no, no, no, no, no, no, no, no, no, no, no, no, no, no, no, no, no, no, no, no, no, no, no, no, no, no, no, no, no, no, no, no, no, no, no, no, no, no, no, no, no, no, no, no, no, no, no, no, no, no, no, no, no, no, no, no, no, no, no, no, no, no, no, no, no, no, no, no, no, no, no, no, no, no, no, no, no, no, no, no, no, no, no, no, no, no, no, no, no, no, no, no, no, no, no, no, no, no,"
xtts2,wr_no_t2_k24,0,word_rep,t2,24,24,34,no,22,7.050666666666666,20,0.14224374294281006,0.018853873014450073,0.17604166666666668,0.22829139232635498,151,False,14,10.146370370370366,0.6948954561383018,False,20,truncation,0," She said, no, no, no, no, no, no, no, no, no, no, no, no, no, no, no, no, no, no, no, no."
xtts2,wr_no_t2_k24,1,word_rep,t2,24,24,34,no,223,13.6,221,0.13336585462093353,0.027856308966875076,0.15620833333333334,0.2634947896003723,292,False,35,10.146370370370366,1.3403807966359076,False,221,overcount,0," She said no, no, no, no, no, no, no, no, no, no, no, no, no, no, no, no, no, no, no, no, no, no, no, no, no, no, no, no, no, no, no, no, no, no, no, no, no, no, no, no, no, no, no, no, no, no, no, no, no, no, no, no, no, no, no, no, no, no, no, no, no, no, no, no, no, no, no, no, no, no, no, no, no, no, no, no, no, no, no, no, no, no, no, no, no, no, no, no, no, no, no, no, no, no, no, no, no, no, no, no, no, no, no, no, no, no, no, no, no, no, no, no, no, no, no, no, no, no, no, no, no, no, no, no, no, no, no, no, no, no, no, no, no, no, no, no, no, no, no, no, no, no, no, no, no, no, no, no, no, no, no, no, no, no, no, no, no, no, no, no, no, no, no, no, no, no, no, no, no, no, no, no, no, no, no, no, no, no, no, no, no, no, no, no, no, no, no, no, no, no, no, no, no, no, no, no, no, no, no, no, no, no, no, no, no, no, no, no, no, no, no, no, no, no, no, no, no, no, no, no, no,"
xtts2,wr_no_t2_k24,2,word_rep,t2,24,24,34,no,223,8.448,221,0.15219536423683167,0.02523745968937874,0.15254166666666666,0.26925942301750183,181,False,19,10.146370370370366,0.8326130124985403,False,221,overcount,0," She said no, no, no, no, no, no, no, no, no, no, no, no, no, no, no, no, no, no, no, no, no, no, no, no, no, no, no, no, no, no, no, no, no, no, no, no, no, no, no, no, no, no, no, no, no, no, no, no, no, no, no, no, no, no, no, no, no, no, no, no, no, no, no, no, no, no, no, no, no, no, no, no, no, no, no, no, no, no, no, no, no, no, no, no, no, no, no, no, no, no, no, no, no, no, no, no, no, no, no, no, no, no, no, no, no, no, no, no, no, no, no, no, no, no, no, no, no, no, no, no, no, no, no, no, no, no, no, no, no, no, no, no, no, no, no, no, no, no, no, no, no, no, no, no, no, no, no, no, no, no, no, no, no, no, no, no, no, no, no, no, no, no, no, no, no, no, no, no, no, no, no, no, no, no, no, no, no, no, no, no, no, no, no, no, no, no, no, no, no, no, no, no, no, no, no, no, no, no, no, no, no, no, no, no, no, no, no, no, no, no, no, no, no, no, no, no, no, no, no, no, no,"
xtts2,wr_no_t2_k32,0,word_rep,t2,32,32,42,no,17,4.597333333333333,15,0.1545947790145874,0.016590692102909088,0.206875,0.349123477935791,98,False,7,12.749037037037033,0.3606023984382264,False,15,truncation,0," She said no, no, no, no, no, no, no, no, no, no, no, no, no, no, no."
xtts2,wr_no_t2_k32,1,word_rep,t2,32,32,42,no,223,17.546666666666667,221,0.12843723595142365,0.022532479837536812,0.11475,0.1589347869157791,377,False,47,12.749037037037033,1.3763130984475231,False,221,overcount,0," She said no, no, no, no, no, no, no, no, no, no, no, no, no, no, no, no, no, no, no, no, no, no, no, no, no, no, no, no, no, no, no, no, no, no, no, no, no, no, no, no, no, no, no, no, no, no, no, no, no, no, no, no, no, no, no, no, no, no, no, no, no, no, no, no, no, no, no, no, no, no, no, no, no, no, no, no, no, no, no, no, no, no, no, no, no, no, no, no, no, no, no, no, no, no, no, no, no, no, no, no, no, no, no, no, no, no, no, no, no, no, no, no, no, no, no, no, no, no, no, no, no, no, no, no, no, no, no, no, no, no, no, no, no, no, no, no, no, no, no, no, no, no, no, no, no, no, no, no, no, no, no, no, no, no, no, no, no, no, no, no, no, no, no, no, no, no, no, no, no, no, no, no, no, no, no, no, no, no, no, no, no, no, no, no, no, no, no, no, no, no, no, no, no, no, no, no, no, no, no, no, no, no, no, no, no, no, no, no, no, no, no, no, no, no, no, no, no, no, no, no, no,"
xtts2,wr_no_t2_k32,2,word_rep,t2,32,32,42,no,17,4.682666666666667,15,0.15892888605594635,0.015166726894676685,0.18754166666666666,0.25212380290031433,100,False,7,12.749037037037033,0.3672957144185183,False,15,truncation,0, She said no. No no no no no no no no no no no no no no.
xtts2,wr_quick_t5_k01,0,word_rep,t5,1,1,8,quick,8,2.08,1,0.15328072011470795,0.048563770949840546,0.13925,0.18477335572242737,44,False,1,1.9889230769230766,1.045792079207921,True,1,correct,1, The runner moved quick along the narrow path.
xtts2,wr_quick_t5_k01,1,word_rep,t5,1,1,8,quick,8,1.9413333333333334,1,0.1552990823984146,0.021359343081712723,0.16908333333333334,0.20398862659931183,41,False,1,1.9889230769230766,0.9760726072607263,True,1,correct,1, The runner moved quick along the narrow path.
xtts2,wr_quick_t5_k01,2,word_rep,t5,1,1,8,quick,8,2.037333333333333,1,0.16274264454841614,0.009700067341327667,0.14291666666666666,0.2221839725971222,43,False,1,1.9889230769230766,1.0243399339933994,True,1,correct,1, The runner moved quick along the narrow path.
xtts2,wr_quick_t5_k02,0,word_rep,t5,2,2,9,quick,9,2.368,2,0.15352797508239746,0.015530805103480816,0.16254166666666667,0.21014943718910217,50,False,2,2.720820512820512,0.8703256936067553,True,2,correct,1, The runner moved quick quick along the narrow path.
xtts2,wr_quick_t5_k02,1,word_rep,t5,2,2,9,quick,9,2.784,2,0.15127800405025482,0.021237311884760857,0.15616666666666668,0.25403285026550293,59,False,2,2.720820512820512,1.0232207478890232,True,2,correct,1, The runner moved quick quick along the narrow path.
xtts2,wr_quick_t5_k02,2,word_rep,t5,2,2,9,quick,9,2.8266666666666667,2,0.1488218456506729,0.03872820734977722,0.15433333333333332,0.23550282418727875,60,False,2,2.720820512820512,1.0389022919179738,True,2,correct,1," The runner moved, quick quick along the narrow path."
xtts2,wr_quick_t5_k03,0,word_rep,t5,3,3,10,quick,10,2.8693333333333335,3,0.14452293515205383,0.036322906613349915,0.16733333333333333,0.23019835352897644,61,False,2,3.452717948717948,0.831036121673004,True,3,correct,1," The runner moved quick, quick quick along the narrow path."
xtts2,wr_quick_t5_k03,1,word_rep,t5,3,3,10,quick,10,4.128,3,0.1348830908536911,0.03993836045265198,0.16,0.1591995656490326,88,False,4,3.452717948717948,1.1955798479087456,True,3,correct,1," The runner moved quick, quick, quick along the narrow path."
xtts2,wr_quick_t5_k03,2,word_rep,t5,3,3,10,quick,9,3.6586666666666665,2,0.14396438002586365,0.05688486620783806,0.16029166666666667,0.23693814873695374,78,False,3,3.452717948717948,1.0596482889733843,True,2,undercount,0," The runner moved, quick, quick, along the narrow path."
xtts2,wr_quick_t5_k04,0,word_rep,t5,4,4,11,quick,11,3.712,4,0.14127494394779205,0.04877600446343422,0.12816666666666668,0.15553757548332214,79,False,3,4.184615384615384,0.8870588235294119,True,4,correct,1," The runner moved quick, quick, quick, quick along the narrow path."
xtts2,wr_quick_t5_k04,1,word_rep,t5,4,4,11,quick,10,4.224,3,0.1443198025226593,0.04366961121559143,0.15070833333333333,0.18894368410110474,90,False,4,4.184615384615384,1.0094117647058825,True,3,undercount,0," The runner moved quick, quick, quick along the narrow path."
xtts2,wr_quick_t5_k04,2,word_rep,t5,4,4,11,quick,10,4.128,3,0.14089065790176392,0.05663440003991127,0.15083333333333335,0.23040077090263367,88,False,4,4.184615384615384,0.9864705882352943,True,3,undercount,0," The runner moved quick, quick, quick along the narrow path."
xtts2,wr_quick_t5_k06,0,word_rep,t5,6,6,13,quick,12,4.736,5,0.14292894303798676,0.04694589599967003,0.12054166666666667,0.2125943899154663,101,False,5,5.648410256410255,0.8384660081348055,True,5,undercount,0," The runner moved quick, quick, quick, quick, quick, along the narrow path."
xtts2,wr_quick_t5_k06,1,word_rep,t5,6,6,13,quick,12,3.3813333333333335,5,0.1598869413137436,0.019213605672121048,0.14558333333333334,0.18940016627311707,72,False,3,5.648410256410255,0.5986345148169671,False,5,truncation,0, The runner moved quick quick quick quick quick along the narrow path.
xtts2,wr_quick_t5_k06,2,word_rep,t5,6,6,13,quick,12,4.736,5,0.1347380429506302,0.05478835478425026,0.14575,0.22055619955062866,101,False,5,5.648410256410255,0.8384660081348055,True,5,undercount,0," The runner moved quick, quick, quick, quick, quick along the narrow path."
xtts2,wr_quick_t5_k08,0,word_rep,t5,8,8,15,quick,13,4.917333333333334,6,0.14327363669872284,0.04886498302221298,0.14766666666666667,0.22971314191818237,105,False,5,7.112205128205128,0.6913936317489617,True,6,truncation,0," The runner moved quick, quick, quick, quick, quick, quick along the narrow path."
xtts2,wr_quick_t5_k08,1,word_rep,t5,8,8,15,quick,14,5.333333333333333,7,0.13665024936199188,0.04392129182815552,0.16241666666666665,0.23781029880046844,114,False,6,7.112205128205128,0.7498846331333641,True,7,undercount,0," The runner moved quick, quick, quick, quick, quick, quick, quick along the narrow path."
xtts2,wr_quick_t5_k08,2,word_rep,t5,8,8,15,quick,14,5.664,7,0.12763528525829315,0.05513206496834755,0.14791666666666667,0.19494445621967316,121,False,6,7.112205128205128,0.7963774803876327,True,7,undercount,0," The runner moved quick, quick, quick, quick, quick, quick, quick along the narrow path."
xtts2,wr_quick_t5_k12,0,word_rep,t5,12,12,19,quick,16,7.754666666666667,9,0.12469598650932312,0.03930538892745972,0.11283333333333333,0.217331200838089,166,False,9,10.03979487179487,0.7723929388689116,True,9,undercount,0," The runner moved quick, quick, quick, quick, quick, quick, quick, quick, quick along the narrow path."
xtts2,wr_quick_t5_k12,1,word_rep,t5,12,12,19,quick,17,7.008,10,0.1295221596956253,0.04603026062250137,0.12229166666666667,0.2120353728532791,150,False,8,10.03979487179487,0.6980222294867605,False,10,truncation,0," The runner moved quick, quick, quick, quick, quick, quick, quick, quick, quick, quick along the narrow path."
xtts2,wr_quick_t5_k12,2,word_rep,t5,12,12,19,quick,16,6.592,9,0.13362377882003784,0.049240026623010635,0.15279166666666666,0.2084437608718872,141,False,7,10.03979487179487,0.6565871199738478,False,9,truncation,0," The runner moved quick, quick, quick, quick, quick, quick, quick, quick, quick, along the narrow path."
xtts2,wr_quick_t5_k16,0,word_rep,t5,16,16,23,quick,22,7.466666666666667,15,0.13390731811523438,0.0542229488492012,0.13845833333333332,0.19321918487548828,160,False,8,12.967384615384614,0.5758035940268288,False,15,truncation,0," The runner moved quick, quick, quick, quick, quick, quick, quick, quick, quick, quick, quick, quick, quick, quick, quick along the narrow path."
xtts2,wr_quick_t5_k16,1,word_rep,t5,16,16,23,quick,224,9.045333333333334,221,0.12123814970254898,0.05693138390779495,0.13958333333333334,0.17808562517166138,194,False,11,12.967384615384614,0.6975449253353583,False,221,overcount,0," The runner moved quick, quick, quick, quick, quick, quick, quick, quick, quick, quick, quick, quick, quick, quick, quick, quick, quick, quick, quick, quick, quick, quick, quick, quick, quick, quick, quick, quick, quick, quick, quick, quick, quick, quick, quick, quick, quick, quick, quick, quick, quick, quick, quick, quick, quick, quick, quick, quick, quick, quick, quick, quick, quick, quick, quick, quick, quick, quick, quick, quick, quick, quick, quick, quick, quick, quick, quick, quick, quick, quick, quick, quick, quick, quick, quick, quick, quick, quick, quick, quick, quick, quick, quick, quick, quick, quick, quick, quick, quick, quick, quick, quick, quick, quick, quick, quick, quick, quick, quick, quick, quick, quick, quick, quick, quick, quick, quick, quick, quick, quick, quick, quick, quick, quick, quick, quick, quick, quick, quick, quick, quick, quick, quick, quick, quick, quick, quick, quick, quick, quick, quick, quick, quick, quick, quick, quick, quick, quick, quick, quick, quick, quick, quick, quick, quick, quick, quick, quick, quick, quick, quick, quick, quick, quick, quick, quick, quick, quick, quick, quick, quick, quick, quick, quick, quick, quick, quick, quick, quick, quick, quick, quick, quick, quick, quick, quick, quick, quick, quick, quick, quick, quick, quick, quick, quick, quick, quick, quick, quick, quick, quick, quick, quick, quick, quick, quick, quick, quick, quick, quick, quick, quick, quick, quick, quick, quick, quick, quick, quick, quick, quick, quick, quick, quick, quick, quick, quick, quick, quick, quick, quick"
xtts2,wr_quick_t5_k16,2,word_rep,t5,16,16,23,quick,21,8.629333333333333,13,0.1275167018175125,0.05406344309449196,0.11829166666666667,0.2040194571018219,185,False,10,12.967384615384614,0.6654644393824349,False,13,truncation,0," The runner moved quick, quick, quick, quick, quick, quick, quick, quick, quick, quick, quick, quick, quick, along the narrow path. Ah!"
xtts2,wr_quick_t5_k24,0,word_rep,t5,24,24,31,quick,29,10.773333333333333,22,0.1279377043247223,0.06498847156763077,0.15633333333333332,0.2932796776294708,231,False,13,18.8225641025641,0.5723626852659112,False,22,truncation,0," The runner moved quick, quick, quick, quick, quick, quick, quick, quick, quick, quick, quick, quick, quick, quick, quick, quick, quick, quick, quick, quick, quick, quick along the narrow path."
xtts2,wr_quick_t5_k24,1,word_rep,t5,24,24,31,quick,31,6.538666666666667,24,0.13134372234344482,0.01306335348635912,0.15729166666666666,0.17695091664791107,140,False,7,18.8225641025641,0.347384481255449,False,24,truncation,0, The runner moved quick quick quick quick quick quick quick quick quick quick quick quick quick quick quick quick quick quick quick quick quick quick quick quick glom the narrow path.
xtts2,wr_quick_t5_k24,2,word_rep,t5,24,24,31,quick,28,10.858666666666666,21,0.12209685891866684,0.04811013862490654,0.13966666666666666,0.15708990395069122,233,False,13,18.8225641025641,0.5768962510897995,False,21,truncation,0," The runner moved quick, quick, quick, quick, quick, quick, quick, quick, quick, quick, quick, quick, quick, quick, quick, quick, quick, quick, quick, quick, quick along the narrow path."
xtts2,wr_quick_t5_k32,0,word_rep,t5,32,32,39,quick,444,7.466666666666667,441,0.14360402524471283,0.010969351045787334,0.135,0.1577649861574173,160,False,8,24.67774358974359,0.3025668306955712,False,441,overcount,0, The runner moved quick quick quick quick quick quick quick quick quick quick quick quick quick quick quick quick quick quick quick quick quick quick quick quick quick quick quick quick quick quick quick quick quick quick quick quick quick quick quick quick quick quick quick quick quick quick quick quick quick quick quick quick quick quick quick quick quick quick quick quick quick quick quick quick quick quick quick quick quick quick quick quick quick quick quick quick quick quick quick quick quick quick quick quick quick quick quick quick quick quick quick quick quick quick quick quick quick quick quick quick quick quick quick quick quick quick quick quick quick quick quick quick quick quick quick quick quick quick quick quick quick quick quick quick quick quick quick quick quick quick quick quick quick quick quick quick quick quick quick quick quick quick quick quick quick quick quick quick quick quick quick quick quick quick quick quick quick quick quick quick quick quick quick quick quick quick quick quick quick quick quick quick quick quick quick quick quick quick quick quick quick quick quick quick quick quick quick quick quick quick quick quick quick quick quick quick quick quick quick quick quick quick quick quick quick quick quick quick quick quick quick quick quick quick quick quick quick quick quick quick quick quick quick quick quick quick quick quick quick quick quick quick quick quick quick quick quick quick quick quick quick quick quick quick quick quick quick quick quick quick quick quick quick quick quick quick quick quick quick quick quick quick quick quick quick quick quick quick quick quick quick quick quick quick quick quick quick quick quick quick quick quick quick quick quick quick quick quick quick quick quick quick quick quick quick quick quick quick quick quick quick quick quick quick quick quick quick quick quick quick quick quick quick quick quick quick quick quick quick quick quick quick quick quick quick quick quick quick quick quick quick quick quick quick quick quick quick quick quick quick quick quick quick quick quick quick quick quick quick quick quick quick quick quick quick quick quick quick quick quick quick quick quick quick quick quick quick quick quick quick quick quick quick quick quick quick quick quick quick quick quick quick quick quick quick quick quick quick quick quick quick quick quick quick quick quick quick quick quick quick quick quick quick quick quick quick quick quick quick quick quick quick quick quick quick quick quick quick quick quick quick quick quick quick quick quick quick quick quick quick quick quick quick quick quick quick quick quick quick quick quick
xtts2,wr_quick_t5_k32,1,word_rep,t5,32,32,39,quick,41,11.466666666666667,34,0.11396612972021103,0.04616086184978485,0.12308333333333334,0.23443880677223206,246,False,14,24.67774358974359,0.4646562042824844,False,34,overcount,0, The runner moved quick quick quick quick quick quick quick quick quick quick quick quick quick quick quick quick quick quick quick quick quick quick quick quick quick quick quick quick quick quick quick quick quick quick along the narrow path.
xtts2,wr_quick_t5_k32,2,word_rep,t5,32,32,39,quick,35,9.696,28,0.14004449546337128,0.01945091411471367,0.13533333333333333,0.12158912420272827,208,False,12,24.67774358974359,0.39290464157467747,False,28,truncation,0, The runner moved quick quick quick quick quick quick quick quick quick quick quick quick quick quick quick quick quick quick quick quick quick quick quick quick quick quick quick quick along the narrow path.
xtts2,wr_really_t6_k01,0,word_rep,t6,1,1,8,really,8,2.272,1,0.13309215009212494,0.025399306789040565,0.14358333333333334,0.22076058387756348,48,False,1,2.3231452991452985,0.9779844596185544,True,1,correct,1, They were really tired after the long journey.
xtts2,wr_really_t6_k01,1,word_rep,t6,1,1,8,really,8,2.2186666666666666,1,0.13641317188739777,0.02376207895576954,0.13383333333333333,0.16185861825942993,47,False,1,2.3231452991452985,0.9550270779373677,True,1,correct,1, They were really tired after the long journey.
xtts2,wr_really_t6_k01,2,word_rep,t6,1,1,8,really,8,2.368,1,0.14183522760868073,0.023599306121468544,0.16495833333333335,0.17872397601604462,50,False,1,2.3231452991452985,1.0193077466446905,True,1,correct,1, They were really tired after the long journey.
xtts2,wr_really_t6_k02,0,word_rep,t6,2,2,9,really,9,2.5493333333333332,2,0.1282988041639328,0.018223268911242485,0.16070833333333334,0.2732648253440857,54,False,1,2.8452649572649564,0.8959915409016632,True,2,correct,1," They were really, really tired after the long journey."
xtts2,wr_really_t6_k02,1,word_rep,t6,2,2,9,really,9,2.8266666666666667,2,0.1329459249973297,0.018100351095199585,0.15891666666666668,0.19624130427837372,60,False,2,2.8452649572649564,0.9934634240123045,True,2,correct,1," They were really, really tired after the long journey."
xtts2,wr_really_t6_k02,2,word_rep,t6,2,2,9,really,9,3.3813333333333335,2,0.13235601782798767,0.01570434682071209,0.16520833333333335,0.1900390386581421,72,False,3,2.8452649572649564,1.1884071902335869,True,2,correct,1," They were really, really tired after the long journey."
xtts2,wr_really_t6_k03,0,word_rep,t6,3,3,10,really,11,4.224,4,0.13226266205310822,0.01409770268946886,0.166,0.23104794323444366,90,False,5,3.3673846153846148,1.254385964912281,True,4,overcount,0," They were really, really, really, really tired after the long journey."
xtts2,wr_really_t6_k03,1,word_rep,t6,3,3,10,really,10,3.2426666666666666,3,0.144688680768013,0.017883239313960075,0.135625,0.2737097144126892,69,False,3,3.3673846153846148,0.9629629629629631,True,3,correct,1," They were really, really, really tired after the long journey."
xtts2,wr_really_t6_k03,2,word_rep,t6,3,3,10,really,10,3.3813333333333335,3,0.13635988533496857,0.012950534000992775,0.1685,0.15002574026584625,72,False,3,3.3673846153846148,1.0041423001949321,True,3,correct,1," They were really, really, really tired after the long journey."
xtts2,wr_really_t6_k04,0,word_rep,t6,4,4,11,really,11,4.544,4,0.12335614860057831,0.01590580865740776,0.16883333333333334,0.28518277406692505,97,False,5,3.889504273504272,1.1682722733984954,True,4,correct,1," They were really, really, really, really tired after the long journey."
xtts2,wr_really_t6_k04,1,word_rep,t6,4,4,11,really,11,3.7546666666666666,4,0.1458723545074463,0.015158357098698616,0.16458333333333333,0.268588125705719,80,False,4,3.889504273504272,0.9653329583011043,True,4,correct,1," They were really, really, really, really tired after the long journey."
xtts2,wr_really_t6_k04,2,word_rep,t6,4,4,11,really,12,5.0986666666666665,5,0.13636568188667297,0.021828560158610344,0.14054166666666668,0.24984289705753326,109,False,6,3.889504273504272,1.3108782786020678,True,5,overcount,0," They were really, really, really, really, really tired after the long journey."
xtts2,wr_really_t6_k06,0,word_rep,t6,6,6,13,really,13,4.64,6,0.13012126088142395,0.0099045904353261,0.161125,0.17271152138710022,99,False,5,4.933743589743589,0.9404623316148346,True,6,correct,1," They were really, really, really, really, really, really tired after the long journey."
xtts2,wr_really_t6_k06,1,word_rep,t6,6,6,13,really,12,4.1706666666666665,5,0.14001601934432983,0.014192997477948666,0.172,0.2252538651227951,89,False,5,4.933743589743589,0.845335107267587,True,5,undercount,0," They were really, really, really, really, really tired after the long journey."
xtts2,wr_really_t6_k06,2,word_rep,t6,6,6,13,really,13,5.888,6,0.12443514168262482,0.012120996601879597,0.14004166666666668,0.2739250957965851,126,False,8,4.933743589743589,1.1934142690836522,False,8,correct,1," They were really, really, really, really, really, really tired after the long journey."
xtts2,wr_really_t6_k08,0,word_rep,t6,8,8,15,really,15,5.472,8,0.1267714500427246,0.010539834387600422,0.17416666666666666,0.2058638036251068,117,False,7,5.977982905982905,0.9153589239145357,True,8,correct,1," They were really, really, really, really, really, really, really, really tired after the long journey."
xtts2,wr_really_t6_k08,1,word_rep,t6,8,8,15,really,15,5.888,8,0.1460157036781311,0.0176896583288908,0.14741666666666667,0.1871458739042282,126,False,8,5.977982905982905,0.9849476140366933,True,8,correct,1," They were really, really, really, really, really, really, really, really tired after the long journey."
xtts2,wr_really_t6_k08,2,word_rep,t6,8,8,15,really,15,6.218666666666667,8,0.12866075336933136,0.00922213215380907,0.16079166666666667,0.13658514618873596,133,False,8,5.977982905982905,1.0402617010568698,True,8,correct,1," They were really, really, really, really, really, really, really, really tired after the long journey."
xtts2,wr_really_t6_k12,0,word_rep,t6,12,12,19,really,18,6.826666666666667,11,0.12098196893930435,0.0073788706213235855,0.16379166666666667,0.20810849964618683,146,False,10,8.066461538461537,0.8463025124605841,True,11,undercount,0," They were really, really, really, really, really, really, really, really, really, really, really tired after the long journey."
xtts2,wr_really_t6_k12,1,word_rep,t6,12,12,19,really,17,6.538666666666667,10,0.13193199038505554,0.012886647135019302,0.12083333333333333,0.16153420507907867,140,False,9,8.066461538461537,0.8105991252161532,True,10,undercount,0," They were really, really, really, really, really, really, really, really, really, really tired after the long journey."
xtts2,wr_really_t6_k12,2,word_rep,t6,12,12,19,really,18,7.701333333333333,11,0.13366879522800446,0.015130646526813507,0.16241666666666665,0.15439051389694214,165,False,11,8.066461538461537,0.9547350218695964,True,11,undercount,0," They were really, really, really, really, really, really, really, really, really, really, really tired after the long journey."
xtts2,wr_really_t6_k16,0,word_rep,t6,16,16,23,really,21,8.96,14,0.12138380855321884,0.005812343209981918,0.166,0.1449512541294098,192,False,14,10.154940170940169,0.8823291766543675,True,14,undercount,0," They were really, really, really, really, really, really, really, really, really, really, really, really, really, really tired after the long journey."
xtts2,wr_really_t6_k16,1,word_rep,t6,16,16,23,really,20,8.309333333333333,13,0.12026724964380264,0.024953965097665787,0.13320833333333335,0.14012578129768372,178,False,12,10.154940170940169,0.8182552721592288,True,13,undercount,0," They were really, really, really, really, really, really, really, really, really, really, really, really, really tired after the long journey."
xtts2,wr_really_t6_k16,2,word_rep,t6,16,16,23,really,22,8.586666666666666,15,0.1221369132399559,0.011359241791069508,0.12079166666666667,0.2449699342250824,184,False,13,10.154940170940169,0.8455654609604354,True,15,undercount,0," They were really, really, really, really, really, really, really, really, really, really, really, really, really, really, really tired after the long journey."
xtts2,wr_really_t6_k24,0,word_rep,t6,24,24,31,really,30,11.786666666666667,23,0.12863753736019135,0.006390569731593132,0.13583333333333333,0.3304007351398468,253,False,19,14.331897435897433,0.8224079693135629,False,23,undercount,0," They were really, really, really, really, really, really, really, really, really, really, really, really, really, really, really, really, really, really, really, really, really, really, really retired after the long journey."
xtts2,wr_really_t6_k24,1,word_rep,t6,24,24,31,really,223,16.48,221,0.12841829657554626,0.01655387319624424,0.1445,0.1553482711315155,354,False,28,14.331897435897433,1.1498826358275607,False,221,overcount,0," They were really, really, really, really, really, really, really, really, really, really, really, really, really, really, really, really, really, really, really, really, really, really, really, really, really, really, really, really, really, really, really, really, really, really, really, really, really, really, really, really, really, really, really, really, really, really, really, really, really, really, really, really, really, really, really, really, really, really, really, really, really, really, really, really, really, really, really, really, really, really, really, really, really, really, really, really, really, really, really, really, really, really, really, really, really, really, really, really, really, really, really, really, really, really, really, really, really, really, really, really, really, really, really, really, really, really, really, really, really, really, really, really, really, really, really, really, really, really, really, really, really, really, really, really, really, really, really, really, really, really, really, really, really, really, really, really, really, really, really, really, really, really, really, really, really, really, really, really, really, really, really, really, really, really, really, really, really, really, really, really, really, really, really, really, really, really, really, really, really, really, really, really, really, really, really, really, really, really, really, really, really, really, really, really, really, really, really, really, really, really, really, really, really, really, really, really, really, really, really, really, really, really, really, really, really, really, really, really, really, really, really, really, really, really, really, really, really, really, really, really, really,"
xtts2,wr_really_t6_k24,2,word_rep,t6,24,24,31,really,31,11.701333333333332,24,0.12195002287626266,0.0052216933108866215,0.16716666666666666,0.1886877715587616,251,False,19,14.331897435897433,0.8164538844678537,False,24,correct,1," They were really, really, really, really, really, really, really, really, really, really, really, really, really, really, really, really, really, really, really, really, really, really, really, really tired after the long journey."
xtts2,wr_really_t6_k32,0,word_rep,t6,32,32,39,really,223,19.594666666666665,221,0.13179226219654083,0.010240335017442703,0.18625,0.3296266496181488,421,False,34,18.508854700854695,1.0586644599766526,False,221,overcount,0," They were really, really, really, really, really, really, really, really, really, really, really, really, really, really, really, really, really, really, really, really, really, really, really, really, really, really, really, really, really, really, really, really, really, really, really, really, really, really, really, really, really, really, really, really, really, really, really, really, really, really, really, really, really, really, really, really, really, really, really, really, really, really, really, really, really, really, really, really, really, really, really, really, really, really, really, really, really, really, really, really, really, really, really, really, really, really, really, really, really, really, really, really, really, really, really, really, really, really, really, really, really, really, really, really, really, really, really, really, really, really, really, really, really, really, really, really, really, really, really, really, really, really, really, really, really, really, really, really, really, really, really, really, really, really, really, really, really, really, really, really, really, really, really, really, really, really, really, really, really, really, really, really, really, really, really, really, really, really, really, really, really, really, really, really, really, really, really, really, really, really, really, really, really, really, really, really, really, really, really, really, really, really, really, really, really, really, really, really, really, really, really, really, really, really, really, really, really, really, really, really, really, really, really, really, really, really, really, really, really, really, really, really, really, really, really, really, really, really, really, really, really,"
xtts2,wr_really_t6_k32,1,word_rep,t6,32,32,39,really,223,17.738666666666667,221,0.12607692182064056,0.011809248477220535,0.1125,0.21295055747032166,381,False,31,18.508854700854695,0.9583881311601381,False,221,overcount,0," They were really, really, really, really, really, really, really, really, really, really, really, really, really, really, really, really, really, really, really, really, really, really, really, really, really, really, really, really, really, really, really, really, really, really, really, really, really, really, really, really, really, really, really, really, really, really, really, really, really, really, really, really, really, really, really, really, really, really, really, really, really, really, really, really, really, really, really, really, really, really, really, really, really, really, really, really, really, really, really, really, really, really, really, really, really, really, really, really, really, really, really, really, really, really, really, really, really, really, really, really, really, really, really, really, really, really, really, really, really, really, really, really, really, really, really, really, really, really, really, really, really, really, really, really, really, really, really, really, really, really, really, really, really, really, really, really, really, really, really, really, really, really, really, really, really, really, really, really, really, really, really, really, really, really, really, really, really, really, really, really, really, really, really, really, really, really, really, really, really, really, really, really, really, really, really, really, really, really, really, really, really, really, really, really, really, really, really, really, really, really, really, really, really, really, really, really, really, really, really, really, really, really, really, really, really, really, really, really, really, really, really, really, really, really, really, really, really, really, really, really, really,"
xtts2,wr_really_t6_k32,2,word_rep,t6,32,32,39,really,41,24.704,35,0.10720297694206238,0.024172121658921242,0.12154166666666667,0.30501747131347656,531,False,44,18.508854700854695,1.3347125145922307,False,44,overcount,0," They were really, really, really, really, really, really, really, really, really, really, really, really, really, really, really, really, really, really, really, really, really, really, really, really, really, really, really, really, really, really, really, really, really, really, really. After the long journey."
xtts2,wr_very_t1_k01,0,word_rep,t1,1,1,11,very,11,2.9226666666666667,1,0.13624835014343262,0.037688661366701126,0.15054166666666666,0.10583518445491791,62,False,2,2.700444444444445,1.0822909809084922,True,1,correct,1, The dog was very big and it ran across the field.
xtts2,wr_very_t1_k01,1,word_rep,t1,1,1,11,very,11,2.272,1,0.13832423090934753,0.02838718518614769,0.13920833333333332,0.36802101135253906,48,False,0,2.700444444444445,0.8413429888084264,True,1,correct,1, The dog was very big and it ran across the field.
xtts2,wr_very_t1_k01,2,word_rep,t1,1,1,11,very,11,3.0613333333333332,1,0.13261932134628296,0.04169999063014984,0.152625,0.16565895080566406,65,False,2,2.700444444444445,1.1336405529953915,True,1,correct,1," The dog was very big, and it ran across the field."
xtts2,wr_very_t1_k02,0,word_rep,t1,2,2,12,very,12,3.2,2,0.1358736902475357,0.03143460676074028,0.17525,0.13363125920295715,68,False,2,3.132444444444445,1.021566401816118,True,2,correct,1," The dog was very, very big and it ran across the field."
xtts2,wr_very_t1_k02,1,word_rep,t1,2,2,12,very,12,2.6453333333333333,2,0.13416533172130585,0.028063060715794563,0.15245833333333333,0.15363362431526184,56,False,1,3.132444444444445,0.8444948921679908,True,2,correct,1," The dog was very, very big and it ran across the field."
xtts2,wr_very_t1_k02,2,word_rep,t1,2,2,12,very,12,3.2426666666666666,2,0.1343853771686554,0.028635112568736076,0.15383333333333332,0.2304983139038086,69,False,2,3.132444444444445,1.035187287173666,True,2,correct,1," The dog was very, very big and it ran across the field."
xtts2,wr_very_t1_k03,0,word_rep,t1,3,3,13,very,13,3.712,3,0.1334400624036789,0.029398001730442047,0.17425,0.19734790921211243,79,False,3,3.5644444444444447,1.0413965087281796,True,3,correct,1," The dog was very, very, very big and it ran across the field."
xtts2,wr_very_t1_k03,1,word_rep,t1,3,3,13,very,13,3.477333333333333,3,0.13045085966587067,0.02802187018096447,0.14670833333333333,0.28117746114730835,74,False,3,3.5644444444444447,0.9755610972568577,True,3,correct,1," The dog was very, very, very big and it ran across the field."
xtts2,wr_very_t1_k03,2,word_rep,t1,3,3,13,very,13,3.6586666666666665,3,0.1274019479751587,0.024913925677537918,0.15516666666666667,0.31591901183128357,78,False,3,3.5644444444444447,1.02643391521197,True,3,correct,1," The dog was very, very, very big and it ran across the field."
xtts2,wr_very_t1_k04,0,word_rep,t1,4,4,14,very,14,4.309333333333333,4,0.13854585587978363,0.02667815610766411,0.157375,0.2355654239654541,92,False,5,3.996444444444445,1.078291814946619,True,4,correct,1," The dog was very, very, very, very big and it ran across the field."
xtts2,wr_very_t1_k04,1,word_rep,t1,4,4,14,very,14,3.3813333333333335,4,0.14577896893024445,0.022251566872000694,0.14641666666666667,0.26070648431777954,72,False,3,3.996444444444445,0.846085409252669,True,4,correct,1," The dog was very, very, very, very big and it ran across the field."
xtts2,wr_very_t1_k04,2,word_rep,t1,4,4,14,very,14,4.1706666666666665,4,0.13657358288764954,0.03029702603816986,0.168,0.13012489676475525,89,False,4,3.996444444444445,1.0435943060498218,True,4,correct,1," The dog was very, very, very, very big, and it ran across the field."
xtts2,wr_very_t1_k06,0,word_rep,t1,6,6,16,very,15,4.597333333333333,5,0.1284213364124298,0.02860572189092636,0.14970833333333333,0.1662272810935974,98,False,5,4.860444444444445,0.9458668617410386,True,5,undercount,0," The dog was very, very, very, very, very big, and it ran across the field."
xtts2,wr_very_t1_k06,1,word_rep,t1,6,6,16,very,15,4.032,5,0.15002836287021637,0.022853311151266098,0.14920833333333333,0.21620303392410278,86,False,4,4.860444444444445,0.8295537673738111,True,5,undercount,0," The dog was very, very, very, very, very big and it ran across the field."
xtts2,wr_very_t1_k06,2,word_rep,t1,6,6,16,very,16,4.544,6,0.13931424915790558,0.017852554097771645,0.16175,0.17707225680351257,97,False,5,4.860444444444445,0.934893928310168,True,6,correct,1," The dog was very, very, very, very, very, very big and it ran across the field."
xtts2,wr_very_t1_k08,0,word_rep,t1,8,8,18,very,18,6.176,8,0.12679916620254517,0.02366306260228157,0.144375,0.2983798086643219,132,False,9,5.724444444444446,1.0788819875776394,True,8,correct,1," The dog was very, very, very, very, very, very, very, very big, and it ran across the field."
xtts2,wr_very_t1_k08,1,word_rep,t1,8,8,18,very,18,6.08,8,0.15621402859687805,0.02357816882431507,0.18125,0.18032144010066986,130,False,9,5.724444444444446,1.0621118012422357,True,8,correct,1," The dog was very, very, very, very, very, very, very, very big and it ran across the field."
xtts2,wr_very_t1_k08,2,word_rep,t1,8,8,18,very,17,6.261333333333333,7,0.13236869871616364,0.016039704903960228,0.15920833333333334,0.20934227108955383,134,False,9,5.724444444444446,1.0937888198757761,False,9,undercount,0," The dog was very, very, very, very, very, very, very big and it ran across the field."
xtts2,wr_very_t1_k12,0,word_rep,t1,12,12,22,very,224,7.978666666666666,221,0.12207048386335373,0.05825241655111313,0.15283333333333332,0.20973408222198486,171,False,13,7.452444444444446,1.0706106870229004,False,221,overcount,0," The dog was very, very, very, very, very, very, very, very, very, very, very, very, very, very, very, very, very, very, very, very, very, very, very, very, very, very, very, very, very, very, very, very, very, very, very, very, very, very, very, very, very, very, very, very, very, very, very, very, very, very, very, very, very, very, very, very, very, very, very, very, very, very, very, very, very, very, very, very, very, very, very, very, very, very, very, very, very, very, very, very, very, very, very, very, very, very, very, very, very, very, very, very, very, very, very, very, very, very, very, very, very, very, very, very, very, very, very, very, very, very, very, very, very, very, very, very, very, very, very, very, very, very, very, very, very, very, very, very, very, very, very, very, very, very, very, very, very, very, very, very, very, very, very, very, very, very, very, very, very, very, very, very, very, very, very, very, very, very, very, very, very, very, very, very, very, very, very, very, very, very, very, very, very, very, very, very, very, very, very, very, very, very, very, very, very, very, very, very, very, very, very, very, very, very, very, very, very, very, very, very, very, very, very, very, very, very, very, very, very, very, very, very, very, very, very, very, very, very, very, very, very"
xtts2,wr_very_t1_k12,1,word_rep,t1,12,12,22,very,21,8.309333333333333,11,0.1281237006187439,0.037281494587659836,0.14858333333333335,0.30096226930618286,178,False,14,7.452444444444446,1.114980916030534,False,14,undercount,0," The dog was very, very, very, very, very, very, very, very, very, very, very big. And it ran across the field."
xtts2,wr_very_t1_k12,2,word_rep,t1,12,12,22,very,15,6.453333333333333,11,0.12849882245063782,0.02993704564869404,0.18279166666666666,0.16914236545562744,138,False,10,7.452444444444446,0.8659351145038165,True,11,undercount,0," The dog was very, very, very, very, very, very, very, very, very, very, very big."
xtts2,wr_very_t1_k16,0,word_rep,t1,16,16,26,very,26,11.189333333333334,16,0.12776979804039001,0.05022338405251503,0.14233333333333334,0.1661837249994278,240,False,21,9.180444444444447,1.2188226181254838,False,21,correct,1," The dog was very, very, very, very, very, very, very, very, very, very, very, very, very, very, very, very big. And it ran across the field."
xtts2,wr_very_t1_k16,1,word_rep,t1,16,16,26,very,25,12.437333333333333,18,0.12348714470863342,0.059187646955251694,0.10791666666666666,0.2195810228586197,267,False,24,9.180444444444447,1.354763749031758,False,24,overcount,0," The dog was very, very, very, very, very, very, very, very, very, very, very, very, very, very, very, very, very, very, ran across the field."
xtts2,wr_very_t1_k16,2,word_rep,t1,16,16,26,very,26,10.122666666666667,16,0.1269126832485199,0.020396638661623,0.16954166666666667,0.19818571209907532,217,False,18,9.180444444444447,1.1026336173508906,True,16,correct,1," The dog was very, very, very, very, very, very, very, very, very, very, very, very, very, very, very, very big and it ran across the field."
xtts2,wr_very_t1_k24,0,word_rep,t1,24,24,34,very,224,13.365333333333334,221,0.09901176393032074,0.05509717017412186,0.13820833333333332,0.397250235080719,287,False,26,12.636444444444448,1.0576814856499717,False,221,overcount,0," The dog was very, very, very, very, very, very, very, very, very, very, very, very, very, very, very, very, very, very, very, very, very, very, very, very, very, very, very, very, very, very, very, very, very, very, very, very, very, very, very, very, very, very, very, very, very, very, very, very, very, very, very, very, very, very, very, very, very, very, very, very, very, very, very, very, very, very, very, very, very, very, very, very, very, very, very, very, very, very, very, very, very, very, very, very, very, very, very, very, very, very, very, very, very, very, very, very, very, very, very, very, very, very, very, very, very, very, very, very, very, very, very, very, very, very, very, very, very, very, very, very, very, very, very, very, very, very, very, very, very, very, very, very, very, very, very, very, very, very, very, very, very, very, very, very, very, very, very, very, very, very, very, very, very, very, very, very, very, very, very, very, very, very, very, very, very, very, very, very, very, very, very, very, very, very, very, very, very, very, very, very, very, very, very, very, very, very, very, very, very, very, very, very, very, very, very, very, very, very, very, very, very, very, very, very, very, very, very, very, very, very, very, very, very, very, very, very, very, very, very, very, very"
xtts2,wr_very_t1_k24,1,word_rep,t1,24,24,34,very,224,10.773333333333333,221,0.1217740997672081,0.013555964455008507,0.20233333333333334,0.3179217576980591,231,False,20,12.636444444444448,0.852560495216657,False,221,overcount,0," The dog was very, very, very, very, very, very, very, very, very, very, very, very, very, very, very, very, very, very, very, very, very, very, very, very, very, very, very, very, very, very, very, very, very, very, very, very, very, very, very, very, very, very, very, very, very, very, very, very, very, very, very, very, very, very, very, very, very, very, very, very, very, very, very, very, very, very, very, very, very, very, very, very, very, very, very, very, very, very, very, very, very, very, very, very, very, very, very, very, very, very, very, very, very, very, very, very, very, very, very, very, very, very, very, very, very, very, very, very, very, very, very, very, very, very, very, very, very, very, very, very, very, very, very, very, very, very, very, very, very, very, very, very, very, very, very, very, very, very, very, very, very, very, very, very, very, very, very, very, very, very, very, very, very, very, very, very, very, very, very, very, very, very, very, very, very, very, very, very, very, very, very, very, very, very, very, very, very, very, very, very, very, very, very, very, very, very, very, very, very, very, very, very, very, very, very, very, very, very, very, very, very, very, very, very, very, very, very, very, very, very, very, very, very, very, very, very, very, very, very, very, very"
xtts2,wr_very_t1_k24,2,word_rep,t1,24,24,34,very,224,27.018666666666668,221,0.10618585348129272,0.035081516951322556,0.09579166666666666,0.135018989443779,581,False,57,12.636444444444448,2.1381541924592002,False,221,loop,0," The dog was very, very, very, very, very, very, very, very, very, very, very, very, very, very, very, very, very, very, very, very, very, very, very, very, very, very, very, very, very, very, very, very, very, very, very, very, very, very, very, very, very, very, very, very, very, very, very, very, very, very, very, very, very, very, very, very, very, very, very, very, very, very, very, very, very, very, very, very, very, very, very, very, very, very, very, very, very, very, very, very, very, very, very, very, very, very, very, very, very, very, very, very, very, very, very, very, very, very, very, very, very, very, very, very, very, very, very, very, very, very, very, very, very, very, very, very, very, very, very, very, very, very, very, very, very, very, very, very, very, very, very, very, very, very, very, very, very, very, very, very, very, very, very, very, very, very, very, very, very, very, very, very, very, very, very, very, very, very, very, very, very, very, very, very, very, very, very, very, very, very, very, very, very, very, very, very, very, very, very, very, very, very, very, very, very, very, very, very, very, very, very, very, very, very, very, very, very, very, very, very, very, very, very, very, very, very, very, very, very, very, very, very, very, very, very, very, very, very, very, very, very"
xtts2,wr_very_t1_k32,0,word_rep,t1,32,32,42,very,224,24.981333333333332,221,0.10974244773387909,0.04104672372341156,0.10575,0.2362685650587082,537,False,53,16.09244444444445,1.5523641184268664,False,221,overcount,0," The dog was very, very, very, very, very, very, very, very, very, very, very, very, very, very, very, very, very, very, very, very, very, very, very, very, very, very, very, very, very, very, very, very, very, very, very, very, very, very, very, very, very, very, very, very, very, very, very, very, very, very, very, very, very, very, very, very, very, very, very, very, very, very, very, very, very, very, very, very, very, very, very, very, very, very, very, very, very, very, very, very, very, very, very, very, very, very, very, very, very, very, very, very, very, very, very, very, very, very, very, very, very, very, very, very, very, very, very, very, very, very, very, very, very, very, very, very, very, very, very, very, very, very, very, very, very, very, very, very, very, very, very, very, very, very, very, very, very, very, very, very, very, very, very, very, very, very, very, very, very, very, very, very, very, very, very, very, very, very, very, very, very, very, very, very, very, very, very, very, very, very, very, very, very, very, very, very, very, very, very, very, very, very, very, very, very, very, very, very, very, very, very, very, very, very, very, very, very, very, very, very, very, very, very, very, very, very, very, very, very, very, very, very, very, very, very, very, very, very, very, very, very"
xtts2,wr_very_t1_k32,1,word_rep,t1,32,32,42,very,224,26.837333333333333,221,0.09884433448314667,0.0312638059258461,0.13975,0.2288515418767929,577,False,57,16.09244444444445,1.6676977463543963,False,221,loop,0," The dog was very, very, very, very, very, very, very, very, very, very, very, very, very, very, very, very, very, very, very, very, very, very, very, very, very, very, very, very, very, very, very, very, very, very, very, very, very, very, very, very, very, very, very, very, very, very, very, very, very, very, very, very, very, very, very, very, very, very, very, very, very, very, very, very, very, very, very, very, very, very, very, very, very, very, very, very, very, very, very, very, very, very, very, very, very, very, very, very, very, very, very, very, very, very, very, very, very, very, very, very, very, very, very, very, very, very, very, very, very, very, very, very, very, very, very, very, very, very, very, very, very, very, very, very, very, very, very, very, very, very, very, very, very, very, very, very, very, very, very, very, very, very, very, very, very, very, very, very, very, very, very, very, very, very, very, very, very, very, very, very, very, very, very, very, very, very, very, very, very, very, very, very, very, very, very, very, very, very, very, very, very, very, very, very, very, very, very, very, very, very, very, very, very, very, very, very, very, very, very, very, very, very, very, very, very, very, very, very, very, very, very, very, very, very, very, very, very, very, very, very, very"
xtts2,wr_very_t1_k32,2,word_rep,t1,32,32,42,very,224,23.30666666666667,221,0.10606613010168076,0.05855019763112068,0.14020833333333332,0.23199008405208588,501,False,49,16.09244444444445,1.448298718515245,False,221,overcount,0," The dog was very, very, very, very, very, very, very, very, very, very, very, very, very, very, very, very, very, very, very, very, very, very, very, very, very, very, very, very, very, very, very, very, very, very, very, very, very, very, very, very, very, very, very, very, very, very, very, very, very, very, very, very, very, very, very, very, very, very, very, very, very, very, very, very, very, very, very, very, very, very, very, very, very, very, very, very, very, very, very, very, very, very, very, very, very, very, very, very, very, very, very, very, very, very, very, very, very, very, very, very, very, very, very, very, very, very, very, very, very, very, very, very, very, very, very, very, very, very, very, very, very, very, very, very, very, very, very, very, very, very, very, very, very, very, very, very, very, very, very, very, very, very, very, very, very, very, very, very, very, very, very, very, very, very, very, very, very, very, very, very, very, very, very, very, very, very, very, very, very, very, very, very, very, very, very, very, very, very, very, very, very, very, very, very, very, very, very, very, very, very, very, very, very, very, very, very, very, very, very, very, very, very, very, very, very, very, very, very, very, very, very, very, very, very, very, very, very, very, very, very, very"
