model,item_id,family,template,k,n_steps,n_boundaries,method,control_of,attn_entropy,attn_text_mass,attn_per_occurrence,n_occ_cols,layer,layer_frac,d1,q_hat,r2,n_fit,d_median,n_eff,alpha,log_kf,floor,horizon
llasa1b,ct_blue_t4_k03,control_word,t4,3,190,3,attention,wr_blue_t4_k03,2.2449393272399902,0.0032608509063720703,0.0002551078796386719,3,0,0.0,nan,nan,nan,0,0.0,102.77922856748921,0.8745817495453353,3.324236850185139,0.684734433889389,inf
llasa1b,ct_blue_t4_k03,control_word,t4,3,190,3,attention,wr_blue_t4_k03,2.2449393272399902,0.0032608509063720703,0.0002551078796386719,3,1,0.06666666666666667,nan,nan,nan,0,0.0,nan,nan,nan,1.0784475207328796,inf
llasa1b,ct_blue_t4_k03,control_word,t4,3,190,3,attention,wr_blue_t4_k03,2.2449393272399902,0.0032608509063720703,0.0002551078796386719,3,2,0.13333333333333333,nan,nan,nan,0,0.0,nan,nan,nan,1.1806843876838684,inf
llasa1b,ct_blue_t4_k03,control_word,t4,3,190,3,attention,wr_blue_t4_k03,2.2449393272399902,0.0032608509063720703,0.0002551078796386719,3,3,0.2,nan,nan,nan,0,0.0,nan,nan,nan,1.4041380882263184,inf
llasa1b,ct_blue_t4_k03,control_word,t4,3,190,3,attention,wr_blue_t4_k03,2.2449393272399902,0.0032608509063720703,0.0002551078796386719,3,4,0.26666666666666666,nan,nan,nan,0,0.0,nan,nan,nan,1.7103135585784912,inf
llasa1b,ct_blue_t4_k03,control_word,t4,3,190,3,attention,wr_blue_t4_k03,2.2449393272399902,0.0032608509063720703,0.0002551078796386719,3,5,0.3333333333333333,nan,nan,nan,0,0.0,126.03325085902176,0.7435857054633171,1.9778727208222153,1.9094266891479492,inf
llasa1b,ct_blue_t4_k03,control_word,t4,3,190,3,attention,wr_blue_t4_k03,2.2449393272399902,0.0032608509063720703,0.0002551078796386719,3,6,0.4,nan,nan,nan,0,0.0,nan,nan,nan,2.0492557287216187,inf
llasa1b,ct_blue_t4_k03,control_word,t4,3,190,3,attention,wr_blue_t4_k03,2.2449393272399902,0.0032608509063720703,0.0002551078796386719,3,7,0.4666666666666667,nan,nan,nan,0,0.0,nan,nan,nan,2.1699390411376953,inf
llasa1b,ct_blue_t4_k03,control_word,t4,3,190,3,attention,wr_blue_t4_k03,2.2449393272399902,0.0032608509063720703,0.0002551078796386719,3,8,0.5333333333333333,nan,nan,nan,0,0.0,nan,nan,nan,2.3098803758621216,inf
llasa1b,ct_blue_t4_k03,control_word,t4,3,190,3,attention,wr_blue_t4_k03,2.2449393272399902,0.0032608509063720703,0.0002551078796386719,3,9,0.6,nan,nan,nan,0,0.0,nan,nan,nan,2.5550127029418945,inf
llasa1b,ct_blue_t4_k03,control_word,t4,3,190,3,attention,wr_blue_t4_k03,2.2449393272399902,0.0032608509063720703,0.0002551078796386719,3,10,0.6666666666666666,nan,nan,nan,0,0.0,116.13649521629634,0.844838445138282,1.6346903036497162,3.312368392944336,inf
llasa1b,ct_blue_t4_k03,control_word,t4,3,190,3,attention,wr_blue_t4_k03,2.2449393272399902,0.0032608509063720703,0.0002551078796386719,3,11,0.7333333333333333,nan,nan,nan,0,0.0,nan,nan,nan,4.631035089492798,inf
llasa1b,ct_blue_t4_k03,control_word,t4,3,190,3,attention,wr_blue_t4_k03,2.2449393272399902,0.0032608509063720703,0.0002551078796386719,3,12,0.8,nan,nan,nan,0,0.0,nan,nan,nan,7.191515922546387,inf
llasa1b,ct_blue_t4_k03,control_word,t4,3,190,3,attention,wr_blue_t4_k03,2.2449393272399902,0.0032608509063720703,0.0002551078796386719,3,13,0.8666666666666667,nan,nan,nan,0,0.0,nan,nan,nan,12.059901237487793,inf
llasa1b,ct_blue_t4_k03,control_word,t4,3,190,3,attention,wr_blue_t4_k03,2.2449393272399902,0.0032608509063720703,0.0002551078796386719,3,14,0.9333333333333333,nan,nan,nan,0,0.0,nan,nan,nan,18.040839672088623,inf
llasa1b,ct_blue_t4_k03,control_word,t4,3,190,3,attention,wr_blue_t4_k03,2.2449393272399902,0.0032608509063720703,0.0002551078796386719,3,15,1.0,nan,nan,nan,0,0.0,100.43715019065202,0.980425346530981,-0.09513171809175315,38.12021255493164,inf
llasa1b,ct_blue_t4_k04,control_word,t4,4,265,4,attention,wr_blue_t4_k04,2.2940115928649902,0.0025696754455566406,0.00016379356384277344,4,0,0.0,nan,nan,nan,0,0.0,123.64839399565976,0.9592155737168784,3.9475243948423016,0.684734433889389,inf
llasa1b,ct_blue_t4_k04,control_word,t4,4,265,4,attention,wr_blue_t4_k04,2.2940115928649902,0.0025696754455566406,0.00016379356384277344,4,1,0.06666666666666667,nan,nan,nan,0,0.0,nan,nan,nan,1.0784475207328796,inf
llasa1b,ct_blue_t4_k04,control_word,t4,4,265,4,attention,wr_blue_t4_k04,2.2940115928649902,0.0025696754455566406,0.00016379356384277344,4,2,0.13333333333333333,nan,nan,nan,0,0.0,nan,nan,nan,1.1806843876838684,inf
llasa1b,ct_blue_t4_k04,control_word,t4,4,265,4,attention,wr_blue_t4_k04,2.2940115928649902,0.0025696754455566406,0.00016379356384277344,4,3,0.2,nan,nan,nan,0,0.0,nan,nan,nan,1.4041380882263184,inf
llasa1b,ct_blue_t4_k04,control_word,t4,4,265,4,attention,wr_blue_t4_k04,2.2940115928649902,0.0025696754455566406,0.00016379356384277344,4,4,0.26666666666666666,nan,nan,nan,0,0.0,nan,nan,nan,1.7103135585784912,inf
llasa1b,ct_blue_t4_k04,control_word,t4,4,265,4,attention,wr_blue_t4_k04,2.2940115928649902,0.0025696754455566406,0.00016379356384277344,4,5,0.3333333333333333,nan,nan,nan,0,0.0,160.57662096680338,0.7913048251493359,2.3844536799918554,1.9094266891479492,inf
llasa1b,ct_blue_t4_k04,control_word,t4,4,265,4,attention,wr_blue_t4_k04,2.2940115928649902,0.0025696754455566406,0.00016379356384277344,4,6,0.4,nan,nan,nan,0,0.0,nan,nan,nan,2.0492557287216187,inf
llasa1b,ct_blue_t4_k04,control_word,t4,4,265,4,attention,wr_blue_t4_k04,2.2940115928649902,0.0025696754455566406,0.00016379356384277344,4,7,0.4666666666666667,nan,nan,nan,0,0.0,nan,nan,nan,2.1699390411376953,inf
llasa1b,ct_blue_t4_k04,control_word,t4,4,265,4,attention,wr_blue_t4_k04,2.2940115928649902,0.0025696754455566406,0.00016379356384277344,4,8,0.5333333333333333,nan,nan,nan,0,0.0,nan,nan,nan,2.3098803758621216,inf
llasa1b,ct_blue_t4_k04,control_word,t4,4,265,4,attention,wr_blue_t4_k04,2.2940115928649902,0.0025696754455566406,0.00016379356384277344,4,9,0.6,nan,nan,nan,0,0.0,nan,nan,nan,2.5550127029418945,inf
llasa1b,ct_blue_t4_k04,control_word,t4,4,265,4,attention,wr_blue_t4_k04,2.2940115928649902,0.0025696754455566406,0.00016379356384277344,4,10,0.6666666666666666,nan,nan,nan,0,0.0,142.52542513823138,0.9149538762765298,2.09376838633024,3.312368392944336,inf
llasa1b,ct_blue_t4_k04,control_word,t4,4,265,4,attention,wr_blue_t4_k04,2.2940115928649902,0.0025696754455566406,0.00016379356384277344,4,11,0.7333333333333333,nan,nan,nan,0,0.0,nan,nan,nan,4.631035089492798,inf
llasa1b,ct_blue_t4_k04,control_word,t4,4,265,4,attention,wr_blue_t4_k04,2.2940115928649902,0.0025696754455566406,0.00016379356384277344,4,12,0.8,nan,nan,nan,0,0.0,nan,nan,nan,7.191515922546387,inf
llasa1b,ct_blue_t4_k04,control_word,t4,4,265,4,attention,wr_blue_t4_k04,2.2940115928649902,0.0025696754455566406,0.00016379356384277344,4,13,0.8666666666666667,nan,nan,nan,0,0.0,nan,nan,nan,12.059901237487793,inf
llasa1b,ct_blue_t4_k04,control_word,t4,4,265,4,attention,wr_blue_t4_k04,2.2940115928649902,0.0025696754455566406,0.00016379356384277344,4,14,0.9333333333333333,nan,nan,nan,0,0.0,nan,nan,nan,18.040839672088623,inf
llasa1b,ct_blue_t4_k04,control_word,t4,4,265,4,attention,wr_blue_t4_k04,2.2940115928649902,0.0025696754455566406,0.00016379356384277344,4,15,1.0,nan,nan,nan,0,0.0,118.04046069256854,1.0792194942885835,0.5769340636657121,38.12021255493164,inf
llasa1b,ct_blue_t4_k06,control_word,t4,6,2048,6,attention,wr_blue_t4_k06,2.4503588676452637,0.0012020468711853027,7.716814676920573e-05,6,0,0.0,nan,nan,nan,0,0.0,77.25725182310842,1.8398430897395919,6.691367940087781,0.684734433889389,inf
llasa1b,ct_blue_t4_k06,control_word,t4,6,2048,6,attention,wr_blue_t4_k06,2.4503588676452637,0.0012020468711853027,7.716814676920573e-05,6,1,0.06666666666666667,nan,nan,nan,0,0.0,nan,nan,nan,1.0784475207328796,inf
llasa1b,ct_blue_t4_k06,control_word,t4,6,2048,6,attention,wr_blue_t4_k06,2.4503588676452637,0.0012020468711853027,7.716814676920573e-05,6,2,0.13333333333333333,nan,nan,nan,0,0.0,nan,nan,nan,1.1806843876838684,inf
llasa1b,ct_blue_t4_k06,control_word,t4,6,2048,6,attention,wr_blue_t4_k06,2.4503588676452637,0.0012020468711853027,7.716814676920573e-05,6,3,0.2,nan,nan,nan,0,0.0,nan,nan,nan,1.4041380882263184,inf
llasa1b,ct_blue_t4_k06,control_word,t4,6,2048,6,attention,wr_blue_t4_k06,2.4503588676452637,0.0012020468711853027,7.716814676920573e-05,6,4,0.26666666666666666,nan,nan,nan,0,0.0,nan,nan,nan,1.7103135585784912,inf
llasa1b,ct_blue_t4_k06,control_word,t4,6,2048,6,attention,wr_blue_t4_k06,2.4503588676452637,0.0012020468711853027,7.716814676920573e-05,6,5,0.3333333333333333,nan,nan,nan,0,0.0,114.36760448037025,1.5688498868361471,4.943918712917776,1.9094266891479492,inf
llasa1b,ct_blue_t4_k06,control_word,t4,6,2048,6,attention,wr_blue_t4_k06,2.4503588676452637,0.0012020468711853027,7.716814676920573e-05,6,6,0.4,nan,nan,nan,0,0.0,nan,nan,nan,2.0492557287216187,inf
llasa1b,ct_blue_t4_k06,control_word,t4,6,2048,6,attention,wr_blue_t4_k06,2.4503588676452637,0.0012020468711853027,7.716814676920573e-05,6,7,0.4666666666666667,nan,nan,nan,0,0.0,nan,nan,nan,2.1699390411376953,inf
llasa1b,ct_blue_t4_k06,control_word,t4,6,2048,6,attention,wr_blue_t4_k06,2.4503588676452637,0.0012020468711853027,7.716814676920573e-05,6,8,0.5333333333333333,nan,nan,nan,0,0.0,nan,nan,nan,2.3098803758621216,inf
llasa1b,ct_blue_t4_k06,control_word,t4,6,2048,6,attention,wr_blue_t4_k06,2.4503588676452637,0.0012020468711853027,7.716814676920573e-05,6,9,0.6,nan,nan,nan,0,0.0,nan,nan,nan,2.5550127029418945,inf
llasa1b,ct_blue_t4_k06,control_word,t4,6,2048,6,attention,wr_blue_t4_k06,2.4503588676452637,0.0012020468711853027,7.716814676920573e-05,6,10,0.6666666666666666,nan,nan,nan,0,0.0,106.1075567233037,1.5578618981540682,4.3712024646039245,3.312368392944336,inf
llasa1b,ct_blue_t4_k06,control_word,t4,6,2048,6,attention,wr_blue_t4_k06,2.4503588676452637,0.0012020468711853027,7.716814676920573e-05,6,11,0.7333333333333333,nan,nan,nan,0,0.0,nan,nan,nan,4.631035089492798,inf
llasa1b,ct_blue_t4_k06,control_word,t4,6,2048,6,attention,wr_blue_t4_k06,2.4503588676452637,0.0012020468711853027,7.716814676920573e-05,6,12,0.8,nan,nan,nan,0,0.0,nan,nan,nan,7.191515922546387,inf
llasa1b,ct_blue_t4_k06,control_word,t4,6,2048,6,attention,wr_blue_t4_k06,2.4503588676452637,0.0012020468711853027,7.716814676920573e-05,6,13,0.8666666666666667,nan,nan,nan,0,0.0,nan,nan,nan,12.059901237487793,inf
llasa1b,ct_blue_t4_k06,control_word,t4,6,2048,6,attention,wr_blue_t4_k06,2.4503588676452637,0.0012020468711853027,7.716814676920573e-05,6,14,0.9333333333333333,nan,nan,nan,0,0.0,nan,nan,nan,18.040839672088623,inf
llasa1b,ct_blue_t4_k06,control_word,t4,6,2048,6,attention,wr_blue_t4_k06,2.4503588676452637,0.0012020468711853027,7.716814676920573e-05,6,15,1.0,nan,nan,nan,0,0.0,80.45759141016913,1.7737786786133987,2.859138715995375,38.12021255493164,inf
llasa1b,ct_blue_t4_k08,control_word,t4,8,471,8,attention,wr_blue_t4_k08,2.5580410957336426,0.003790616989135742,0.00021648406982421875,8,0,0.0,nan,nan,nan,0,0.0,239.8953501505335,0.8061754959222754,3.6095406896761313,0.684734433889389,inf
llasa1b,ct_blue_t4_k08,control_word,t4,8,471,8,attention,wr_blue_t4_k08,2.5580410957336426,0.003790616989135742,0.00021648406982421875,8,1,0.06666666666666667,nan,nan,nan,0,0.0,nan,nan,nan,1.0784475207328796,inf
llasa1b,ct_blue_t4_k08,control_word,t4,8,471,8,attention,wr_blue_t4_k08,2.5580410957336426,0.003790616989135742,0.00021648406982421875,8,2,0.13333333333333333,nan,nan,nan,0,0.0,nan,nan,nan,1.1806843876838684,inf
llasa1b,ct_blue_t4_k08,control_word,t4,8,471,8,attention,wr_blue_t4_k08,2.5580410957336426,0.003790616989135742,0.00021648406982421875,8,3,0.2,nan,nan,nan,0,0.0,nan,nan,nan,1.4041380882263184,inf
llasa1b,ct_blue_t4_k08,control_word,t4,8,471,8,attention,wr_blue_t4_k08,2.5580410957336426,0.003790616989135742,0.00021648406982421875,8,4,0.26666666666666666,nan,nan,nan,0,0.0,nan,nan,nan,1.7103135585784912,inf
llasa1b,ct_blue_t4_k08,control_word,t4,8,471,8,attention,wr_blue_t4_k08,2.5580410957336426,0.003790616989135742,0.00021648406982421875,8,5,0.3333333333333333,nan,nan,nan,0,0.0,286.4440721860739,0.7588142368536492,2.516977471556779,1.9094266891479492,inf
llasa1b,ct_blue_t4_k08,control_word,t4,8,471,8,attention,wr_blue_t4_k08,2.5580410957336426,0.003790616989135742,0.00021648406982421875,8,6,0.4,nan,nan,nan,0,0.0,nan,nan,nan,2.0492557287216187,inf
llasa1b,ct_blue_t4_k08,control_word,t4,8,471,8,attention,wr_blue_t4_k08,2.5580410957336426,0.003790616989135742,0.00021648406982421875,8,7,0.4666666666666667,nan,nan,nan,0,0.0,nan,nan,nan,2.1699390411376953,inf
llasa1b,ct_blue_t4_k08,control_word,t4,8,471,8,attention,wr_blue_t4_k08,2.5580410957336426,0.003790616989135742,0.00021648406982421875,8,8,0.5333333333333333,nan,nan,nan,0,0.0,nan,nan,nan,2.3098803758621216,inf
llasa1b,ct_blue_t4_k08,control_word,t4,8,471,8,attention,wr_blue_t4_k08,2.5580410957336426,0.003790616989135742,0.00021648406982421875,8,9,0.6,nan,nan,nan,0,0.0,nan,nan,nan,2.5550127029418945,inf
llasa1b,ct_blue_t4_k08,control_word,t4,8,471,8,attention,wr_blue_t4_k08,2.5580410957336426,0.003790616989135742,0.00021648406982421875,8,10,0.6666666666666666,nan,nan,nan,0,0.0,257.10821633627535,0.9123879877345058,2.1881998286518485,3.312368392944336,inf
llasa1b,ct_blue_t4_k08,control_word,t4,8,471,8,attention,wr_blue_t4_k08,2.5580410957336426,0.003790616989135742,0.00021648406982421875,8,11,0.7333333333333333,nan,nan,nan,0,0.0,nan,nan,nan,4.631035089492798,inf
llasa1b,ct_blue_t4_k08,control_word,t4,8,471,8,attention,wr_blue_t4_k08,2.5580410957336426,0.003790616989135742,0.00021648406982421875,8,12,0.8,nan,nan,nan,0,0.0,nan,nan,nan,7.191515922546387,inf
llasa1b,ct_blue_t4_k08,control_word,t4,8,471,8,attention,wr_blue_t4_k08,2.5580410957336426,0.003790616989135742,0.00021648406982421875,8,13,0.8666666666666667,nan,nan,nan,0,0.0,nan,nan,nan,12.059901237487793,inf
llasa1b,ct_blue_t4_k08,control_word,t4,8,471,8,attention,wr_blue_t4_k08,2.5580410957336426,0.003790616989135742,0.00021648406982421875,8,14,0.9333333333333333,nan,nan,nan,0,0.0,nan,nan,nan,18.040839672088623,inf
llasa1b,ct_blue_t4_k08,control_word,t4,8,471,8,attention,wr_blue_t4_k08,2.5580410957336426,0.003790616989135742,0.00021648406982421875,8,15,1.0,nan,nan,nan,0,0.0,221.59684701853192,1.0181122166437138,0.3416093146884769,38.12021255493164,inf
llasa1b,ct_blue_t4_k12,control_word,t4,12,684,12,attention,wr_blue_t4_k12,2.8111937046051025,0.003297150135040283,0.00015781323115030924,12,0,0.0,2.639756590622934,0.9888118727601904,0.01793473127653511,7,1.9305819272994995,250.9511223254612,0.8279175056142267,3.7042216573205384,0.684734433889389,119.9350026593158
llasa1b,ct_blue_t4_k12,control_word,t4,12,684,12,attention,wr_blue_t4_k12,2.8111937046051025,0.003297150135040283,0.00015781323115030924,12,1,0.06666666666666667,3.5879690400668847,0.9829793470950429,0.041336719987228765,7,2.621053695678711,nan,nan,nan,1.0784475207328796,70.02108384966698
llasa1b,ct_blue_t4_k12,control_word,t4,12,684,12,attention,wr_blue_t4_k12,2.8111937046051025,0.003297150135040283,0.00015781323115030924,12,2,0.13333333333333333,4.183077165751822,0.979084148134983,0.06306401170612752,7,2.876239061355591,nan,nan,nan,1.1806843876838684,59.8434861955499
llasa1b,ct_blue_t4_k12,control_word,t4,12,684,12,attention,wr_blue_t4_k12,2.8111937046051025,0.003297150135040283,0.00015781323115030924,12,3,0.2,5.003616865209924,0.9778369024114012,0.06939766602018171,7,3.484814167022705,nan,nan,nan,1.4041380882263184,56.69798754947027
llasa1b,ct_blue_t4_k12,control_word,t4,12,684,12,attention,wr_blue_t4_k12,2.8111937046051025,0.003297150135040283,0.00015781323115030924,12,4,0.26666666666666666,6.407854161154575,0.955587396355934,0.1983629781628572,7,3.5531909465789795,nan,nan,nan,1.7103135585784912,29.074956356529487
llasa1b,ct_blue_t4_k12,control_word,t4,12,684,12,attention,wr_blue_t4_k12,2.8111937046051025,0.003297150135040283,0.00015781323115030924,12,5,0.3333333333333333,7.089568348800217,0.952220985512475,0.19828301547428073,7,3.745401382446289,300.0507338033439,0.7801831833039076,2.6385136180825137,1.9094266891479492,26.79475423818197
llasa1b,ct_blue_t4_k12,control_word,t4,12,684,12,attention,wr_blue_t4_k12,2.8111937046051025,0.003297150135040283,0.00015781323115030924,12,6,0.4,7.630600603679494,0.9501077340360623,0.1974024723574186,7,3.8833322525024414,nan,nan,nan,2.0492557287216187,25.68762303848085
llasa1b,ct_blue_t4_k12,control_word,t4,12,684,12,attention,wr_blue_t4_k12,2.8111937046051025,0.003297150135040283,0.00015781323115030924,12,7,0.4666666666666667,8.837080110633794,0.9419820877637416,0.20205885548385327,7,4.004490852355957,nan,nan,nan,2.1699390411376953,23.494737732144987
llasa1b,ct_blue_t4_k12,control_word,t4,12,684,12,attention,wr_blue_t4_k12,2.8111937046051025,0.003297150135040283,0.00015781323115030924,12,8,0.5333333333333333,10.409375153376246,0.9307097247504373,0.24832699186108842,7,4.233791828155518,nan,nan,nan,2.3098803758621216,20.965832428344246
llasa1b,ct_blue_t4_k12,control_word,t4,12,684,12,attention,wr_blue_t4_k12,2.8111937046051025,0.003297150135040283,0.00015781323115030924,12,9,0.6,12.956567875010636,0.9203465585619157,0.2732352930711395,7,4.749709129333496,nan,nan,nan,2.5550127029418945,19.559615855217807
llasa1b,ct_blue_t4_k12,control_word,t4,12,684,12,attention,wr_blue_t4_k12,2.8111937046051025,0.003297150135040283,0.00015781323115030924,12,10,0.6666666666666666,17.16890898754206,0.912663268553284,0.29935539014489043,7,5.799581050872803,271.34842672212,0.9217154119826545,2.3998821601534486,3.312368392944336,18.004897120221564
llasa1b,ct_blue_t4_k12,control_word,t4,12,684,12,attention,wr_blue_t4_k12,2.8111937046051025,0.003297150135040283,0.00015781323115030924,12,11,0.7333333333333333,23.414715573236496,0.9215342049998241,0.25877318042774755,7,8.315385818481445,nan,nan,nan,4.631035089492798,19.832058747829027
llasa1b,ct_blue_t4_k12,control_word,t4,12,684,12,attention,wr_blue_t4_k12,2.8111937046051025,0.003297150135040283,0.00015781323115030924,12,12,0.8,34.04120604139055,0.9427408504184264,0.20935632763055578,7,16.316036224365234,nan,nan,nan,7.191515922546387,26.366490591827723
llasa1b,ct_blue_t4_k12,control_word,t4,12,684,12,attention,wr_blue_t4_k12,2.8111937046051025,0.003297150135040283,0.00015781323115030924,12,13,0.8666666666666667,49.50363330914295,0.967980357321548,0.10481582025653902,7,29.9288387298584,nan,nan,nan,12.059901237487793,43.39302048604807
llasa1b,ct_blue_t4_k12,control_word,t4,12,684,12,attention,wr_blue_t4_k12,2.8111937046051025,0.003297150135040283,0.00015781323115030924,12,14,0.9333333333333333,72.0546232951306,0.9855824406760081,0.01995125939601472,7,48.28128433227539,nan,nan,nan,18.040839672088623,95.35453376865239
llasa1b,ct_blue_t4_k12,control_word,t4,12,684,12,attention,wr_blue_t4_k12,2.8111937046051025,0.003297150135040283,0.00015781323115030924,12,15,1.0,217.30112201454764,0.94236670824982,0.1939204499629369,7,97.55103302001953,225.7624720918332,1.0698892334166699,0.5395409331000297,38.12021255493164,29.321363481254405
llasa1b,ct_blue_t4_k16,control_word,t4,16,655,16,attention,wr_blue_t4_k16,3.007575511932373,0.004769444465637207,0.00019422173500061035,16,0,0.0,nan,nan,nan,3,0.0,257.2770452500716,0.8129229939573247,3.6615951914120743,0.684734433889389,inf
llasa1b,ct_blue_t4_k16,control_word,t4,16,655,16,attention,wr_blue_t4_k16,3.007575511932373,0.004769444465637207,0.00019422173500061035,16,1,0.06666666666666667,nan,nan,nan,3,0.0,nan,nan,nan,1.0784475207328796,inf
llasa1b,ct_blue_t4_k16,control_word,t4,16,655,16,attention,wr_blue_t4_k16,3.007575511932373,0.004769444465637207,0.00019422173500061035,16,2,0.13333333333333333,nan,nan,nan,3,0.0,nan,nan,nan,1.1806843876838684,inf
llasa1b,ct_blue_t4_k16,control_word,t4,16,655,16,attention,wr_blue_t4_k16,3.007575511932373,0.004769444465637207,0.00019422173500061035,16,3,0.2,nan,nan,nan,3,0.0,nan,nan,nan,1.4041380882263184,inf
llasa1b,ct_blue_t4_k16,control_word,t4,16,655,16,attention,wr_blue_t4_k16,3.007575511932373,0.004769444465637207,0.00019422173500061035,16,4,0.26666666666666666,nan,nan,nan,3,0.0,nan,nan,nan,1.7103135585784912,inf
llasa1b,ct_blue_t4_k16,control_word,t4,16,655,16,attention,wr_blue_t4_k16,3.007575511932373,0.004769444465637207,0.00019422173500061035,16,5,0.3333333333333333,nan,nan,nan,3,0.0,305.23548567192967,0.7759339270848158,2.576168873868214,1.9094266891479492,inf
llasa1b,ct_blue_t4_k16,control_word,t4,16,655,16,attention,wr_blue_t4_k16,3.007575511932373,0.004769444465637207,0.00019422173500061035,16,6,0.4,nan,nan,nan,3,0.0,nan,nan,nan,2.0492557287216187,inf
llasa1b,ct_blue_t4_k16,control_word,t4,16,655,16,attention,wr_blue_t4_k16,3.007575511932373,0.004769444465637207,0.00019422173500061035,16,7,0.4666666666666667,nan,nan,nan,3,0.0,nan,nan,nan,2.1699390411376953,inf
llasa1b,ct_blue_t4_k16,control_word,t4,16,655,16,attention,wr_blue_t4_k16,3.007575511932373,0.004769444465637207,0.00019422173500061035,16,8,0.5333333333333333,nan,nan,nan,3,0.0,nan,nan,nan,2.3098803758621216,inf
llasa1b,ct_blue_t4_k16,control_word,t4,16,655,16,attention,wr_blue_t4_k16,3.007575511932373,0.004769444465637207,0.00019422173500061035,16,9,0.6,nan,nan,nan,3,0.0,nan,nan,nan,2.5550127029418945,inf
llasa1b,ct_blue_t4_k16,control_word,t4,16,655,16,attention,wr_blue_t4_k16,3.007575511932373,0.004769444465637207,0.00019422173500061035,16,10,0.6666666666666666,nan,nan,nan,3,0.0,272.13417736610415,0.9205369809922515,2.2689953909481853,3.312368392944336,inf
llasa1b,ct_blue_t4_k16,control_word,t4,16,655,16,attention,wr_blue_t4_k16,3.007575511932373,0.004769444465637207,0.00019422173500061035,16,11,0.7333333333333333,nan,nan,nan,3,0.0,nan,nan,nan,4.631035089492798,inf
llasa1b,ct_blue_t4_k16,control_word,t4,16,655,16,attention,wr_blue_t4_k16,3.007575511932373,0.004769444465637207,0.00019422173500061035,16,12,0.8,nan,nan,nan,3,0.0,nan,nan,nan,7.191515922546387,inf
llasa1b,ct_blue_t4_k16,control_word,t4,16,655,16,attention,wr_blue_t4_k16,3.007575511932373,0.004769444465637207,0.00019422173500061035,16,13,0.8666666666666667,nan,nan,nan,3,0.0,nan,nan,nan,12.059901237487793,inf
llasa1b,ct_blue_t4_k16,control_word,t4,16,655,16,attention,wr_blue_t4_k16,3.007575511932373,0.004769444465637207,0.00019422173500061035,16,14,0.9333333333333333,nan,nan,nan,3,0.0,nan,nan,nan,18.040839672088623,inf
llasa1b,ct_blue_t4_k16,control_word,t4,16,655,16,attention,wr_blue_t4_k16,3.007575511932373,0.004769444465637207,0.00019422173500061035,16,15,1.0,nan,nan,nan,3,0.0,235.4958261374822,1.0542450743769183,0.42582031267043474,38.12021255493164,inf
llasa1b,ct_blue_t4_k24,control_word,t4,24,1050,24,attention,wr_blue_t4_k24,3.3371987342834473,0.0038994550704956055,0.00011897087097167969,24,0,0.0,4.3834140268714545,0.9432124589116082,0.6172650710903184,18,2.232696533203125,251.56583363768314,0.8209904662294095,3.8300388833300882,0.684734433889389,31.755626598581333
llasa1b,ct_blue_t4_k24,control_word,t4,24,1050,24,attention,wr_blue_t4_k24,3.3371987342834473,0.0038994550704956055,0.00011897087097167969,24,1,0.06666666666666667,5.356471289452074,0.9513380029649151,0.556365890180144,18,2.9675686359405518,nan,nan,nan,1.0784475207328796,32.129001180594
llasa1b,ct_blue_t4_k24,control_word,t4,24,1050,24,attention,wr_blue_t4_k24,3.3371987342834473,0.0038994550704956055,0.00011897087097167969,24,2,0.13333333333333333,6.172120610350672,0.9519302516534051,0.5463591860636751,18,3.5178332328796387,nan,nan,nan,1.1806843876838684,33.573493862728505
llasa1b,ct_blue_t4_k24,control_word,t4,24,1050,24,attention,wr_blue_t4_k24,3.3371987342834473,0.0038994550704956055,0.00011897087097167969,24,3,0.2,7.362123118392815,0.9524919750680111,0.5293389639917996,18,4.465572357177734,nan,nan,nan,1.4041380882263184,34.04155027352678
llasa1b,ct_blue_t4_k24,control_word,t4,24,1050,24,attention,wr_blue_t4_k24,3.3371987342834473,0.0038994550704956055,0.00011897087097167969,24,4,0.26666666666666666,8.109928298173907,0.9556969588398839,0.4625724787906961,18,4.9029860496521,nan,nan,nan,1.7103135585784912,34.34696562842932
llasa1b,ct_blue_t4_k24,control_word,t4,24,1050,24,attention,wr_blue_t4_k24,3.3371987342834473,0.0038994550704956055,0.00011897087097167969,24,5,0.3333333333333333,8.894368717724921,0.954928619799199,0.4519785678123607,18,5.485745906829834,299.8938923672861,0.7719426392325764,2.6121944299182362,1.9094266891479492,33.36208123016956
llasa1b,ct_blue_t4_k24,control_word,t4,24,1050,24,attention,wr_blue_t4_k24,3.3371987342834473,0.0038994550704956055,0.00011897087097167969,24,6,0.4,9.615811142055655,0.9542605260099708,0.460919217835292,18,5.83784818649292,nan,nan,nan,2.0492557287216187,33.01964384886052
llasa1b,ct_blue_t4_k24,control_word,t4,24,1050,24,attention,wr_blue_t4_k24,3.3371987342834473,0.0038994550704956055,0.00011897087097167969,24,7,0.4666666666666667,10.92827774557292,0.9511785685382063,0.43969231041461576,18,6.236047267913818,nan,nan,nan,2.1699390411376953,32.29855612093891
llasa1b,ct_blue_t4_k24,control_word,t4,24,1050,24,attention,wr_blue_t4_k24,3.3371987342834473,0.0038994550704956055,0.00011897087097167969,24,8,0.5333333333333333,12.795780800003971,0.9487242097813698,0.42584584388924585,18,6.90949821472168,nan,nan,nan,2.3098803758621216,32.52304263903156
llasa1b,ct_blue_t4_k24,control_word,t4,24,1050,24,attention,wr_blue_t4_k24,3.3371987342834473,0.0038994550704956055,0.00011897087097167969,24,9,0.6,15.124292764003423,0.9476317905591638,0.43611669613312876,18,7.811575412750244,nan,nan,nan,2.5550127029418945,33.05948230155459
llasa1b,ct_blue_t4_k24,control_word,t4,24,1050,24,attention,wr_blue_t4_k24,3.3371987342834473,0.0038994550704956055,0.00011897087097167969,24,10,0.6666666666666666,18.678709795268038,0.9456726649623238,0.4500725255346991,18,9.74881649017334,277.75248856022324,0.8799297807677704,2.2169814841354243,3.312368392944336,30.96595725775326
llasa1b,ct_blue_t4_k24,control_word,t4,24,1050,24,attention,wr_blue_t4_k24,3.3371987342834473,0.0038994550704956055,0.00011897087097167969,24,11,0.7333333333333333,26.516700404750623,0.9425438670245823,0.48403083428852667,18,13.291258811950684,nan,nan,nan,4.631035089492798,29.48979629802264
llasa1b,ct_blue_t4_k24,control_word,t4,24,1050,24,attention,wr_blue_t4_k24,3.3371987342834473,0.0038994550704956055,0.00011897087097167969,24,12,0.8,41.87783241983081,0.9352201820683779,0.5464611833329017,18,18.90104103088379,nan,nan,nan,7.191515922546387,26.306825872304906
llasa1b,ct_blue_t4_k24,control_word,t4,24,1050,24,attention,wr_blue_t4_k24,3.3371987342834473,0.0038994550704956055,0.00011897087097167969,24,13,0.8666666666666667,66.80351925702959,0.9313472371775917,0.5886087078476201,18,30.948179244995117,nan,nan,nan,12.059901237487793,24.069110953207772
llasa1b,ct_blue_t4_k24,control_word,t4,24,1050,24,attention,wr_blue_t4_k24,3.3371987342834473,0.0038994550704956055,0.00011897087097167969,24,14,0.9333333333333333,110.95356379422513,0.9224687646059538,0.5862717153889994,18,52.30170822143555,nan,nan,nan,18.040839672088623,22.508476149676472
llasa1b,ct_blue_t4_k24,control_word,t4,24,1050,24,attention,wr_blue_t4_k24,3.3371987342834473,0.0038994550704956055,0.00011897087097167969,24,15,1.0,262.48934896111433,0.9305452079396311,0.5834539449963287,18,127.54437255859375,225.51801843505717,1.0802696631577555,0.7053774156946555,38.12021255493164,26.803862605138875
llasa1b,ct_blue_t4_k32,control_word,t4,32,1681,32,attention,wr_blue_t4_k32,3.580749988555908,0.0032405853271484375,7.583200931549072e-05,32,0,0.0,3.7129302880081347,0.9504088581723038,0.6326574472230677,22,1.1843550205230713,222.6833896099386,0.8761478673739594,4.875925941742584,0.684734433889389,33.23723085246405
llasa1b,ct_blue_t4_k32,control_word,t4,32,1681,32,attention,wr_blue_t4_k32,3.580749988555908,0.0032405853271484375,7.583200931549072e-05,32,1,0.06666666666666667,4.46629373910058,0.9571765027921584,0.567294893215408,22,1.6127865314483643,nan,nan,nan,1.0784475207328796,32.46786623726777
llasa1b,ct_blue_t4_k32,control_word,t4,32,1681,32,attention,wr_blue_t4_k32,3.580749988555908,0.0032405853271484375,7.583200931549072e-05,32,2,0.13333333333333333,5.221930264846675,0.9569928416631743,0.5632222840242457,22,1.8523224592208862,nan,nan,nan,1.1806843876838684,33.82152518582345
llasa1b,ct_blue_t4_k32,control_word,t4,32,1681,32,attention,wr_blue_t4_k32,3.580749988555908,0.0032405853271484375,7.583200931549072e-05,32,3,0.2,6.03864170376012,0.9607059821567234,0.5079511038861844,22,2.416043281555176,nan,nan,nan,1.4041380882263184,36.389859537092676
llasa1b,ct_blue_t4_k32,control_word,t4,32,1681,32,attention,wr_blue_t4_k32,3.580749988555908,0.0032405853271484375,7.583200931549072e-05,32,4,0.26666666666666666,6.837062416701722,0.9639348517602478,0.4576537423662974,22,2.834444284439087,nan,nan,nan,1.7103135585784912,37.724538570114774
llasa1b,ct_blue_t4_k32,control_word,t4,32,1681,32,attention,wr_blue_t4_k32,3.580749988555908,0.0032405853271484375,7.583200931549072e-05,32,5,0.3333333333333333,7.494380916889078,0.966719579619818,0.41902706094769204,22,3.267177104949951,284.9021070862439,0.7824458163858128,3.016222230369358,1.9094266891479492,40.39820197907663
llasa1b,ct_blue_t4_k32,control_word,t4,32,1681,32,attention,wr_blue_t4_k32,3.580749988555908,0.0032405853271484375,7.583200931549072e-05,32,6,0.4,7.906703224885275,0.9696711638612958,0.3599111735807504,22,3.686211109161377,nan,nan,nan,2.0492557287216187,43.84123473805746
llasa1b,ct_blue_t4_k32,control_word,t4,32,1681,32,attention,wr_blue_t4_k32,3.580749988555908,0.0032405853271484375,7.583200931549072e-05,32,7,0.4666666666666667,8.65001160483363,0.9683734297878439,0.332334114902915,22,3.8338534832000732,nan,nan,nan,2.1699390411376953,43.029543423661735
llasa1b,ct_blue_t4_k32,control_word,t4,32,1681,32,attention,wr_blue_t4_k32,3.580749988555908,0.0032405853271484375,7.583200931549072e-05,32,8,0.5333333333333333,9.74273016430973,0.9685439823797521,0.3166364540148846,22,4.133072376251221,nan,nan,nan,2.3098803758621216,45.033269905762474
llasa1b,ct_blue_t4_k32,control_word,t4,32,1681,32,attention,wr_blue_t4_k32,3.580749988555908,0.0032405853271484375,7.583200931549072e-05,32,9,0.6,11.362049704933595,0.9680707065970822,0.2993339883877202,22,4.67645263671875,nan,nan,nan,2.5550127029418945,45.98504525961686
llasa1b,ct_blue_t4_k32,control_word,t4,32,1681,32,attention,wr_blue_t4_k32,3.580749988555908,0.0032405853271484375,7.583200931549072e-05,32,10,0.6666666666666666,14.740237731168452,0.9646017855641508,0.3362112322992995,22,5.518986225128174,264.44139014615774,0.8824205586741666,2.5507579719044413,3.312368392944336,41.423997174004505
llasa1b,ct_blue_t4_k32,control_word,t4,32,1681,32,attention,wr_blue_t4_k32,3.580749988555908,0.0032405853271484375,7.583200931549072e-05,32,11,0.7333333333333333,21.828558562506085,0.960418968983749,0.3972449588962895,22,8.07485294342041,nan,nan,nan,4.631035089492798,38.39081970174182
llasa1b,ct_blue_t4_k32,control_word,t4,32,1681,32,attention,wr_blue_t4_k32,3.580749988555908,0.0032405853271484375,7.583200931549072e-05,32,12,0.8,34.26027079304467,0.9551716730099912,0.45639714319039104,22,11.005692481994629,nan,nan,nan,7.191515922546387,34.03710672859012
llasa1b,ct_blue_t4_k32,control_word,t4,32,1681,32,attention,wr_blue_t4_k32,3.580749988555908,0.0032405853271484375,7.583200931549072e-05,32,13,0.8666666666666667,55.91805846262041,0.9525666860130799,0.48223464501083946,22,16.595550537109375,nan,nan,nan,12.059901237487793,31.566956150011936
llasa1b,ct_blue_t4_k32,control_word,t4,32,1681,32,attention,wr_blue_t4_k32,3.580749988555908,0.0032405853271484375,7.583200931549072e-05,32,14,0.9333333333333333,89.65263811090311,0.9509216358361376,0.47633663460301867,22,24.315509796142578,nan,nan,nan,18.040839672088623,31.85988039201734
llasa1b,ct_blue_t4_k32,control_word,t4,32,1681,32,attention,wr_blue_t4_k32,3.580749988555908,0.0032405853271484375,7.583200931549072e-05,32,15,1.0,199.7903559998441,0.9551982201663756,0.42735227721797275,22,59.344417572021484,215.9730936785982,1.1111392971992322,1.176644115183601,38.12021255493164,36.13992273650731
llasa1b,ct_far_t3_k03,control_word,t3,3,2048,3,attention,wr_far_t3_k03,2.3436412811279297,0.0007031559944152832,5.205472310384115e-05,3,0,0.0,nan,nan,nan,1,1.6682109832763672,81.27445211341978,1.6496658234527706,6.6526760243407095,0.684734433889389,inf
llasa1b,ct_far_t3_k03,control_word,t3,3,2048,3,attention,wr_far_t3_k03,2.3436412811279297,0.0007031559944152832,5.205472310384115e-05,3,1,0.06666666666666667,nan,nan,nan,1,2.1353585720062256,nan,nan,nan,1.0784475207328796,inf
llasa1b,ct_far_t3_k03,control_word,t3,3,2048,3,attention,wr_far_t3_k03,2.3436412811279297,0.0007031559944152832,5.205472310384115e-05,3,2,0.13333333333333333,nan,nan,nan,1,2.7207882404327393,nan,nan,nan,1.1806843876838684,inf
llasa1b,ct_far_t3_k03,control_word,t3,3,2048,3,attention,wr_far_t3_k03,2.3436412811279297,0.0007031559944152832,5.205472310384115e-05,3,3,0.2,nan,nan,nan,1,4.1956634521484375,nan,nan,nan,1.4041380882263184,inf
llasa1b,ct_far_t3_k03,control_word,t3,3,2048,3,attention,wr_far_t3_k03,2.3436412811279297,0.0007031559944152832,5.205472310384115e-05,3,4,0.26666666666666666,nan,nan,nan,1,4.7315216064453125,nan,nan,nan,1.7103135585784912,inf
llasa1b,ct_far_t3_k03,control_word,t3,3,2048,3,attention,wr_far_t3_k03,2.3436412811279297,0.0007031559944152832,5.205472310384115e-05,3,5,0.3333333333333333,nan,nan,nan,1,6.7344560623168945,117.15101223827243,1.4457234276649498,5.040577979292821,1.9094266891479492,inf
llasa1b,ct_far_t3_k03,control_word,t3,3,2048,3,attention,wr_far_t3_k03,2.3436412811279297,0.0007031559944152832,5.205472310384115e-05,3,6,0.4,nan,nan,nan,1,9.04643726348877,nan,nan,nan,2.0492557287216187,inf
llasa1b,ct_far_t3_k03,control_word,t3,3,2048,3,attention,wr_far_t3_k03,2.3436412811279297,0.0007031559944152832,5.205472310384115e-05,3,7,0.4666666666666667,nan,nan,nan,1,7.655098915100098,nan,nan,nan,2.1699390411376953,inf
llasa1b,ct_far_t3_k03,control_word,t3,3,2048,3,attention,wr_far_t3_k03,2.3436412811279297,0.0007031559944152832,5.205472310384115e-05,3,8,0.5333333333333333,nan,nan,nan,1,7.405972480773926,nan,nan,nan,2.3098803758621216,inf
llasa1b,ct_far_t3_k03,control_word,t3,3,2048,3,attention,wr_far_t3_k03,2.3436412811279297,0.0007031559944152832,5.205472310384115e-05,3,9,0.6,nan,nan,nan,1,8.215075492858887,nan,nan,nan,2.5550127029418945,inf
llasa1b,ct_far_t3_k03,control_word,t3,3,2048,3,attention,wr_far_t3_k03,2.3436412811279297,0.0007031559944152832,5.205472310384115e-05,3,10,0.6666666666666666,nan,nan,nan,1,10.449542045593262,113.23308452609258,1.3752553128042475,4.357613940256967,3.312368392944336,inf
llasa1b,ct_far_t3_k03,control_word,t3,3,2048,3,attention,wr_far_t3_k03,2.3436412811279297,0.0007031559944152832,5.205472310384115e-05,3,11,0.7333333333333333,nan,nan,nan,1,12.848626136779785,nan,nan,nan,4.631035089492798,inf
llasa1b,ct_far_t3_k03,control_word,t3,3,2048,3,attention,wr_far_t3_k03,2.3436412811279297,0.0007031559944152832,5.205472310384115e-05,3,12,0.8,nan,nan,nan,1,15.94481086730957,nan,nan,nan,7.191515922546387,inf
llasa1b,ct_far_t3_k03,control_word,t3,3,2048,3,attention,wr_far_t3_k03,2.3436412811279297,0.0007031559944152832,5.205472310384115e-05,3,13,0.8666666666666667,nan,nan,nan,1,18.72637367248535,nan,nan,nan,12.059901237487793,inf
llasa1b,ct_far_t3_k03,control_word,t3,3,2048,3,attention,wr_far_t3_k03,2.3436412811279297,0.0007031559944152832,5.205472310384115e-05,3,14,0.9333333333333333,nan,nan,nan,1,23.323339462280273,nan,nan,nan,18.040839672088623,inf
llasa1b,ct_far_t3_k03,control_word,t3,3,2048,3,attention,wr_far_t3_k03,2.3436412811279297,0.0007031559944152832,5.205472310384115e-05,3,15,1.0,nan,nan,nan,1,90.41185760498047,82.39747347090511,1.5417219896964645,2.903432035951957,38.12021255493164,inf
llasa1b,ct_far_t3_k04,control_word,t3,4,306,4,attention,wr_far_t3_k04,2.421076774597168,0.003620445728302002,0.0002142786979675293,4,0,0.0,nan,nan,nan,2,2.7497730255126953,164.33124812529692,0.8210226026990628,3.4086697309904834,0.684734433889389,inf
llasa1b,ct_far_t3_k04,control_word,t3,4,306,4,attention,wr_far_t3_k04,2.421076774597168,0.003620445728302002,0.0002142786979675293,4,1,0.06666666666666667,nan,nan,nan,2,3.4736673831939697,nan,nan,nan,1.0784475207328796,inf
llasa1b,ct_far_t3_k04,control_word,t3,4,306,4,attention,wr_far_t3_k04,2.421076774597168,0.003620445728302002,0.0002142786979675293,4,2,0.13333333333333333,nan,nan,nan,2,4.029962539672852,nan,nan,nan,1.1806843876838684,inf
llasa1b,ct_far_t3_k04,control_word,t3,4,306,4,attention,wr_far_t3_k04,2.421076774597168,0.003620445728302002,0.0002142786979675293,4,3,0.2,nan,nan,nan,2,4.219797611236572,nan,nan,nan,1.4041380882263184,inf
llasa1b,ct_far_t3_k04,control_word,t3,4,306,4,attention,wr_far_t3_k04,2.421076774597168,0.003620445728302002,0.0002142786979675293,4,4,0.26666666666666666,nan,nan,nan,2,5.02692174911499,nan,nan,nan,1.7103135585784912,inf
llasa1b,ct_far_t3_k04,control_word,t3,4,306,4,attention,wr_far_t3_k04,2.421076774597168,0.003620445728302002,0.0002142786979675293,4,5,0.3333333333333333,nan,nan,nan,2,5.626867294311523,195.72634289810048,0.7452634209128965,2.297020494412345,1.9094266891479492,inf
llasa1b,ct_far_t3_k04,control_word,t3,4,306,4,attention,wr_far_t3_k04,2.421076774597168,0.003620445728302002,0.0002142786979675293,4,6,0.4,nan,nan,nan,2,6.346765518188477,nan,nan,nan,2.0492557287216187,inf
llasa1b,ct_far_t3_k04,control_word,t3,4,306,4,attention,wr_far_t3_k04,2.421076774597168,0.003620445728302002,0.0002142786979675293,4,7,0.4666666666666667,nan,nan,nan,2,7.525814533233643,nan,nan,nan,2.1699390411376953,inf
llasa1b,ct_far_t3_k04,control_word,t3,4,306,4,attention,wr_far_t3_k04,2.421076774597168,0.003620445728302002,0.0002142786979675293,4,8,0.5333333333333333,nan,nan,nan,2,8.730056762695312,nan,nan,nan,2.3098803758621216,inf
llasa1b,ct_far_t3_k04,control_word,t3,4,306,4,attention,wr_far_t3_k04,2.421076774597168,0.003620445728302002,0.0002142786979675293,4,9,0.6,nan,nan,nan,2,9.852713584899902,nan,nan,nan,2.5550127029418945,inf
llasa1b,ct_far_t3_k04,control_word,t3,4,306,4,attention,wr_far_t3_k04,2.421076774597168,0.003620445728302002,0.0002142786979675293,4,10,0.6666666666666666,nan,nan,nan,2,13.196056365966797,179.22403600732832,0.8765484891298556,1.9813124668615554,3.312368392944336,inf
llasa1b,ct_far_t3_k04,control_word,t3,4,306,4,attention,wr_far_t3_k04,2.421076774597168,0.003620445728302002,0.0002142786979675293,4,11,0.7333333333333333,nan,nan,nan,2,19.343692779541016,nan,nan,nan,4.631035089492798,inf
llasa1b,ct_far_t3_k04,control_word,t3,4,306,4,attention,wr_far_t3_k04,2.421076774597168,0.003620445728302002,0.0002142786979675293,4,12,0.8,nan,nan,nan,2,29.868093490600586,nan,nan,nan,7.191515922546387,inf
llasa1b,ct_far_t3_k04,control_word,t3,4,306,4,attention,wr_far_t3_k04,2.421076774597168,0.003620445728302002,0.0002142786979675293,4,13,0.8666666666666667,nan,nan,nan,2,42.343021392822266,nan,nan,nan,12.059901237487793,inf
llasa1b,ct_far_t3_k04,control_word,t3,4,306,4,attention,wr_far_t3_k04,2.421076774597168,0.003620445728302002,0.0002142786979675293,4,14,0.9333333333333333,nan,nan,nan,2,57.885250091552734,nan,nan,nan,18.040839672088623,inf
llasa1b,ct_far_t3_k04,control_word,t3,4,306,4,attention,wr_far_t3_k04,2.421076774597168,0.003620445728302002,0.0002142786979675293,4,15,1.0,nan,nan,nan,2,167.4005126953125,159.38618050838113,0.9891842905388146,0.08167134654090681,38.12021255493164,inf
llasa1b,ct_far_t3_k06,control_word,t3,6,435,6,attention,wr_far_t3_k06,2.5814101696014404,0.0033445358276367188,0.00016657511393229166,6,0,0.0,2.5799855006797654,1.025946565671237,0.03308496124938154,4,2.9272098541259766,219.49445248134063,0.8288205033243355,3.5642531462153686,0.684734433889389,inf
llasa1b,ct_far_t3_k06,control_word,t3,6,435,6,attention,wr_far_t3_k06,2.5814101696014404,0.0033445358276367188,0.00016657511393229166,6,1,0.06666666666666667,3.632355377289856,0.992525436759879,0.006556510275917415,4,3.5046327114105225,nan,nan,nan,1.0784475207328796,161.8575776759481
llasa1b,ct_far_t3_k06,control_word,t3,6,435,6,attention,wr_far_t3_k06,2.5814101696014404,0.0033445358276367188,0.00016657511393229166,6,2,0.13333333333333333,4.619381785325442,0.9705424611834099,0.10928099063350594,4,4.128264904022217,nan,nan,nan,1.1806843876838684,45.62411034175525
llasa1b,ct_far_t3_k06,control_word,t3,6,435,6,attention,wr_far_t3_k06,2.5814101696014404,0.0033445358276367188,0.00016657511393229166,6,3,0.2,5.775902167776159,0.9440672030522272,0.25288720342830073,4,4.585916042327881,nan,nan,nan,1.4041380882263184,24.571260906569435
llasa1b,ct_far_t3_k06,control_word,t3,6,435,6,attention,wr_far_t3_k06,2.5814101696014404,0.0033445358276367188,0.00016657511393229166,6,4,0.26666666666666666,6.786713488615757,0.9685518327611197,0.2827190225297733,4,6.123502731323242,nan,nan,nan,1.7103135585784912,43.13454284576785
llasa1b,ct_far_t3_k06,control_word,t3,6,435,6,attention,wr_far_t3_k06,2.5814101696014404,0.0033445358276367188,0.00016657511393229166,6,5,0.3333333333333333,7.133442676049495,0.9978924439415782,0.0016679747798200584,4,7.079964637756348,261.792838694948,0.7738765291484826,2.4987701481119333,1.9094266891479492,624.7053614056836
llasa1b,ct_far_t3_k06,control_word,t3,6,435,6,attention,wr_far_t3_k06,2.5814101696014404,0.0033445358276367188,0.00016657511393229166,6,6,0.4,7.812938928381145,0.9912387028720284,0.011084650024293818,4,7.626782417297363,nan,nan,nan,2.0492557287216187,152.08173727491823
llasa1b,ct_far_t3_k06,control_word,t3,6,435,6,attention,wr_far_t3_k06,2.5814101696014404,0.0033445358276367188,0.00016657511393229166,6,7,0.4666666666666667,8.730379199251573,0.9933269195202744,0.003319542513517959,4,8.692498207092285,nan,nan,nan,2.1699390411376953,207.9189244936183
llasa1b,ct_far_t3_k06,control_word,t3,6,435,6,attention,wr_far_t3_k06,2.5814101696014404,0.0033445358276367188,0.00016657511393229166,6,8,0.5333333333333333,10.555030724248304,0.974872357011864,0.06922690583210322,4,9.767484664916992,nan,nan,nan,2.3098803758621216,59.70461821273818
llasa1b,ct_far_t3_k06,control_word,t3,6,435,6,attention,wr_far_t3_k06,2.5814101696014404,0.0033445358276367188,0.00016657511393229166,6,9,0.6,12.883624091874212,0.9503376262003574,0.20734441820364657,4,10.645565032958984,nan,nan,nan,2.5550127029418945,31.762163439625347
llasa1b,ct_far_t3_k06,control_word,t3,6,435,6,attention,wr_far_t3_k06,2.5814101696014404,0.0033445358276367188,0.00016657511393229166,6,10,0.6666666666666666,15.471410691737665,0.9620282014536807,0.1355184038868822,4,13.78962230682373,234.11436123722382,0.9249086656358955,2.263996589085092,3.312368392944336,39.81581337389954
llasa1b,ct_far_t3_k06,control_word,t3,6,435,6,attention,wr_far_t3_k06,2.5814101696014404,0.0033445358276367188,0.00016657511393229166,6,11,0.7333333333333333,21.45858892873862,0.9737743307122507,0.16713286568933639,4,19.77121353149414,nan,nan,nan,4.631035089492798,57.69725112228408
llasa1b,ct_far_t3_k06,control_word,t3,6,435,6,attention,wr_far_t3_k06,2.5814101696014404,0.0033445358276367188,0.00016657511393229166,6,12,0.8,28.935204398771365,1.0112309967473054,0.15759829260778468,4,29.753955841064453,nan,nan,nan,7.191515922546387,inf
llasa1b,ct_far_t3_k06,control_word,t3,6,435,6,attention,wr_far_t3_k06,2.5814101696014404,0.0033445358276367188,0.00016657511393229166,6,13,0.8666666666666667,42.57134174190339,1.0236345259691242,0.6252318458567603,4,44.93467712402344,nan,nan,nan,12.059901237487793,inf
llasa1b,ct_far_t3_k06,control_word,t3,6,435,6,attention,wr_far_t3_k06,2.5814101696014404,0.0033445358276367188,0.00016657511393229166,6,14,0.9333333333333333,56.81126336800829,1.0760806684327695,0.7483412842661226,4,69.63251495361328,nan,nan,nan,18.040839672088623,inf
llasa1b,ct_far_t3_k06,control_word,t3,6,435,6,attention,wr_far_t3_k06,2.5814101696014404,0.0033445358276367188,0.00016657511393229166,6,15,1.0,185.94422659789095,0.9821811717730171,0.2630840456819197,4,177.47105407714844,205.4630209998319,1.0330119507753461,0.3015714606921355,38.12021255493164,88.13941196338779
llasa1b,ct_far_t3_k08,control_word,t3,8,385,8,attention,wr_far_t3_k08,2.6976418495178223,0.0052394866943359375,0.0002486109733581543,8,0,0.0,nan,nan,nan,0,0.0,198.3112166573352,0.8135339330058221,3.580824918700523,0.684734433889389,inf
llasa1b,ct_far_t3_k08,control_word,t3,8,385,8,attention,wr_far_t3_k08,2.6976418495178223,0.0052394866943359375,0.0002486109733581543,8,1,0.06666666666666667,nan,nan,nan,0,0.0,nan,nan,nan,1.0784475207328796,inf
llasa1b,ct_far_t3_k08,control_word,t3,8,385,8,attention,wr_far_t3_k08,2.6976418495178223,0.0052394866943359375,0.0002486109733581543,8,2,0.13333333333333333,nan,nan,nan,0,0.0,nan,nan,nan,1.1806843876838684,inf
llasa1b,ct_far_t3_k08,control_word,t3,8,385,8,attention,wr_far_t3_k08,2.6976418495178223,0.0052394866943359375,0.0002486109733581543,8,3,0.2,nan,nan,nan,0,0.0,nan,nan,nan,1.4041380882263184,inf
llasa1b,ct_far_t3_k08,control_word,t3,8,385,8,attention,wr_far_t3_k08,2.6976418495178223,0.0052394866943359375,0.0002486109733581543,8,4,0.26666666666666666,nan,nan,nan,0,0.0,nan,nan,nan,1.7103135585784912,inf
llasa1b,ct_far_t3_k08,control_word,t3,8,385,8,attention,wr_far_t3_k08,2.6976418495178223,0.0052394866943359375,0.0002486109733581543,8,5,0.3333333333333333,nan,nan,nan,0,0.0,236.48040775746492,0.7558991523513118,2.4374381575541006,1.9094266891479492,inf
llasa1b,ct_far_t3_k08,control_word,t3,8,385,8,attention,wr_far_t3_k08,2.6976418495178223,0.0052394866943359375,0.0002486109733581543,8,6,0.4,nan,nan,nan,0,0.0,nan,nan,nan,2.0492557287216187,inf
llasa1b,ct_far_t3_k08,control_word,t3,8,385,8,attention,wr_far_t3_k08,2.6976418495178223,0.0052394866943359375,0.0002486109733581543,8,7,0.4666666666666667,nan,nan,nan,0,0.0,nan,nan,nan,2.1699390411376953,inf
llasa1b,ct_far_t3_k08,control_word,t3,8,385,8,attention,wr_far_t3_k08,2.6976418495178223,0.0052394866943359375,0.0002486109733581543,8,8,0.5333333333333333,nan,nan,nan,0,0.0,nan,nan,nan,2.3098803758621216,inf
llasa1b,ct_far_t3_k08,control_word,t3,8,385,8,attention,wr_far_t3_k08,2.6976418495178223,0.0052394866943359375,0.0002486109733581543,8,9,0.6,nan,nan,nan,0,0.0,nan,nan,nan,2.5550127029418945,inf
llasa1b,ct_far_t3_k08,control_word,t3,8,385,8,attention,wr_far_t3_k08,2.6976418495178223,0.0052394866943359375,0.0002486109733581543,8,10,0.6666666666666666,nan,nan,nan,0,0.0,210.01775158906005,0.9168484022763157,2.126959063694025,3.312368392944336,inf
llasa1b,ct_far_t3_k08,control_word,t3,8,385,8,attention,wr_far_t3_k08,2.6976418495178223,0.0052394866943359375,0.0002486109733581543,8,11,0.7333333333333333,nan,nan,nan,0,0.0,nan,nan,nan,4.631035089492798,inf
llasa1b,ct_far_t3_k08,control_word,t3,8,385,8,attention,wr_far_t3_k08,2.6976418495178223,0.0052394866943359375,0.0002486109733581543,8,12,0.8,nan,nan,nan,0,0.0,nan,nan,nan,7.191515922546387,inf
llasa1b,ct_far_t3_k08,control_word,t3,8,385,8,attention,wr_far_t3_k08,2.6976418495178223,0.0052394866943359375,0.0002486109733581543,8,13,0.8666666666666667,nan,nan,nan,0,0.0,nan,nan,nan,12.059901237487793,inf
llasa1b,ct_far_t3_k08,control_word,t3,8,385,8,attention,wr_far_t3_k08,2.6976418495178223,0.0052394866943359375,0.0002486109733581543,8,14,0.9333333333333333,nan,nan,nan,0,0.0,nan,nan,nan,18.040839672088623,inf
llasa1b,ct_far_t3_k08,control_word,t3,8,385,8,attention,wr_far_t3_k08,2.6976418495178223,0.0052394866943359375,0.0002486109733581543,8,15,1.0,nan,nan,nan,0,0.0,186.52650396414475,1.0216403074253673,0.25952567991898917,38.12021255493164,inf
llasa1b,ct_far_t3_k12,control_word,t3,12,684,12,attention,wr_far_t3_k12,2.933832883834839,0.003441452980041504,0.00014477968215942383,12,0,0.0,2.376150058051483,1.037700190877091,0.7904211544200751,5,0.0,242.72905790421876,0.845572076661004,3.9512894075923994,0.684734433889389,inf
llasa1b,ct_far_t3_k12,control_word,t3,12,684,12,attention,wr_far_t3_k12,2.933832883834839,0.003441452980041504,0.00014477968215942383,12,1,0.06666666666666667,3.069135232552647,1.0299698342289745,0.6835785723468972,5,0.0,nan,nan,nan,1.0784475207328796,inf
llasa1b,ct_far_t3_k12,control_word,t3,12,684,12,attention,wr_far_t3_k12,2.933832883834839,0.003441452980041504,0.00014477968215942383,12,2,0.13333333333333333,3.851970318334206,1.012479702231813,0.3368678116254449,5,0.0,nan,nan,nan,1.1806843876838684,inf
llasa1b,ct_far_t3_k12,control_word,t3,12,684,12,attention,wr_far_t3_k12,2.933832883834839,0.003441452980041504,0.00014477968215942383,12,3,0.2,4.799346620740386,0.9978194599170587,0.004805964942763308,5,0.0,nan,nan,nan,1.4041380882263184,563.0328251093783
llasa1b,ct_far_t3_k12,control_word,t3,12,684,12,attention,wr_far_t3_k12,2.933832883834839,0.003441452980041504,0.00014477968215942383,12,4,0.26666666666666666,5.868175770720576,1.0091368684420656,0.07153421161388396,5,0.0,nan,nan,nan,1.7103135585784912,inf
llasa1b,ct_far_t3_k12,control_word,t3,12,684,12,attention,wr_far_t3_k12,2.933832883834839,0.003441452980041504,0.00014477968215942383,12,5,0.3333333333333333,6.549341007196658,1.0103646874049108,0.06946221907173145,5,0.0,295.6681610284631,0.7793618771222056,2.6343482866688475,1.9094266891479492,inf
llasa1b,ct_far_t3_k12,control_word,t3,12,684,12,attention,wr_far_t3_k12,2.933832883834839,0.003441452980041504,0.00014477968215942383,12,6,0.4,7.247323260257333,0.9994987019541831,0.00017506319552818006,5,0.0,nan,nan,nan,2.0492557287216187,2519.1378712195287
llasa1b,ct_far_t3_k12,control_word,t3,12,684,12,attention,wr_far_t3_k12,2.933832883834839,0.003441452980041504,0.00014477968215942383,12,7,0.4666666666666667,7.980955355148024,1.0033716262379722,0.011249775979011889,5,0.0,nan,nan,nan,2.1699390411376953,inf
llasa1b,ct_far_t3_k12,control_word,t3,12,684,12,attention,wr_far_t3_k12,2.933832883834839,0.003441452980041504,0.00014477968215942383,12,8,0.5333333333333333,9.239542523430824,0.9954162987486622,0.02289343300807134,5,0.0,nan,nan,nan,2.3098803758621216,301.7467637356241
llasa1b,ct_far_t3_k12,control_word,t3,12,684,12,attention,wr_far_t3_k12,2.933832883834839,0.003441452980041504,0.00014477968215942383,12,9,0.6,10.967851198726901,0.9953902380136115,0.026108310904338516,5,0.0,nan,nan,nan,2.5550127029418945,315.3200949153584
llasa1b,ct_far_t3_k12,control_word,t3,12,684,12,attention,wr_far_t3_k12,2.933832883834839,0.003441452980041504,0.00014477968215942383,12,10,0.6666666666666666,13.582745364997264,1.0096985198431578,0.1596776615832437,5,0.0,267.8584269525989,0.9086864225118896,2.351902172947844,3.312368392944336,inf
llasa1b,ct_far_t3_k12,control_word,t3,12,684,12,attention,wr_far_t3_k12,2.933832883834839,0.003441452980041504,0.00014477968215942383,12,11,0.7333333333333333,18.81007011852984,1.020259716724668,0.32523703632491274,5,0.0,nan,nan,nan,4.631035089492798,inf
llasa1b,ct_far_t3_k12,control_word,t3,12,684,12,attention,wr_far_t3_k12,2.933832883834839,0.003441452980041504,0.00014477968215942383,12,12,0.8,25.658218420943612,1.0440473714982588,0.5631491707432064,5,0.0,nan,nan,nan,7.191515922546387,inf
llasa1b,ct_far_t3_k12,control_word,t3,12,684,12,attention,wr_far_t3_k12,2.933832883834839,0.003441452980041504,0.00014477968215942383,12,13,0.8666666666666667,36.516379423597485,1.0536657560927203,0.6564896209550221,5,0.0,nan,nan,nan,12.059901237487793,inf
llasa1b,ct_far_t3_k12,control_word,t3,12,684,12,attention,wr_far_t3_k12,2.933832883834839,0.003441452980041504,0.00014477968215942383,12,14,0.9333333333333333,49.34800560586287,1.0711902859984361,0.7020286823990919,5,0.0,nan,nan,nan,18.040839672088623,inf
llasa1b,ct_far_t3_k12,control_word,t3,12,684,12,attention,wr_far_t3_k12,2.933832883834839,0.003441452980041504,0.00014477968215942383,12,15,1.0,130.65862170973844,1.0621373752896095,0.4642777395825889,5,0.0,226.17629116009783,1.0606747984938425,0.6445405446118102,38.12021255493164,inf
llasa1b,ct_far_t3_k16,control_word,t3,16,637,16,attention,wr_far_t3_k16,3.113589286804199,0.0044983625411987305,0.0001647472381591797,16,0,0.0,1.9602366042405253,1.0104275736891317,0.02486176640062554,8,1.2382991313934326,256.82945015158657,0.814168329149503,3.6630248524711124,0.684734433889389,inf
llasa1b,ct_far_t3_k16,control_word,t3,16,637,16,attention,wr_far_t3_k16,3.113589286804199,0.0044983625411987305,0.0001647472381591797,16,1,0.06666666666666667,2.656662857929869,1.0074367972271883,0.016749688873945456,8,1.8665004968643188,nan,nan,nan,1.0784475207328796,inf
llasa1b,ct_far_t3_k16,control_word,t3,16,637,16,attention,wr_far_t3_k16,3.113589286804199,0.0044983625411987305,0.0001647472381591797,16,2,0.13333333333333333,3.1818714274126694,1.0086761366858505,0.02375873110860871,8,2.2288131713867188,nan,nan,nan,1.1806843876838684,inf
llasa1b,ct_far_t3_k16,control_word,t3,16,637,16,attention,wr_far_t3_k16,3.113589286804199,0.0044983625411987305,0.0001647472381591797,16,3,0.2,4.031917228902229,1.001436362017409,0.0007306934655681996,8,2.8383443355560303,nan,nan,nan,1.4041380882263184,inf
llasa1b,ct_far_t3_k16,control_word,t3,16,637,16,attention,wr_far_t3_k16,3.113589286804199,0.0044983625411987305,0.0001647472381591797,16,4,0.26666666666666666,4.609163241932322,1.0017455771468173,0.0010417980025204665,8,3.308316946029663,nan,nan,nan,1.7103135585784912,inf
llasa1b,ct_far_t3_k16,control_word,t3,16,637,16,attention,wr_far_t3_k16,3.113589286804199,0.0044983625411987305,0.0001647472381591797,16,5,0.3333333333333333,5.02852161449972,1.0028578334485965,0.002633613814026159,8,3.5396645069122314,303.14512767664445,0.7777551277553668,2.644136449198122,1.9094266891479492,inf
llasa1b,ct_far_t3_k16,control_word,t3,16,637,16,attention,wr_far_t3_k16,3.113589286804199,0.0044983625411987305,0.0001647472381591797,16,6,0.4,5.38516017945444,1.0009083057503143,0.00021441165791313832,8,3.5768625736236572,nan,nan,nan,2.0492557287216187,inf
llasa1b,ct_far_t3_k16,control_word,t3,16,637,16,attention,wr_far_t3_k16,3.113589286804199,0.0044983625411987305,0.0001647472381591797,16,7,0.4666666666666667,6.049450361902844,0.9970494101657393,0.0017806235636398382,8,3.730504035949707,nan,nan,nan,2.1699390411376953,346.9662279503367
llasa1b,ct_far_t3_k16,control_word,t3,16,637,16,attention,wr_far_t3_k16,3.113589286804199,0.0044983625411987305,0.0001647472381591797,16,8,0.5333333333333333,6.882124047210729,0.9995786478962663,2.9784833391777177e-05,8,4.10255241394043,nan,nan,nan,2.3098803758621216,2590.47377884129
llasa1b,ct_far_t3_k16,control_word,t3,16,637,16,attention,wr_far_t3_k16,3.113589286804199,0.0044983625411987305,0.0001647472381591797,16,9,0.6,7.737277800771359,1.003991267095594,0.0021116121362761975,8,4.37058162689209,nan,nan,nan,2.5550127029418945,inf
llasa1b,ct_far_t3_k16,control_word,t3,16,637,16,attention,wr_far_t3_k16,3.113589286804199,0.0044983625411987305,0.0001647472381591797,16,10,0.6666666666666666,8.990099363838295,1.0131269320066667,0.019694273031317655,8,5.068447113037109,274.54576940964097,0.9174394712767735,2.4032024216829178,3.312368392944336,inf
llasa1b,ct_far_t3_k16,control_word,t3,16,637,16,attention,wr_far_t3_k16,3.113589286804199,0.0044983625411987305,0.0001647472381591797,16,11,0.7333333333333333,12.771833696876765,1.0117102601199823,0.018053599334300285,8,7.318758010864258,nan,nan,nan,4.631035089492798,inf
llasa1b,ct_far_t3_k16,control_word,t3,16,637,16,attention,wr_far_t3_k16,3.113589286804199,0.0044983625411987305,0.0001647472381591797,16,12,0.8,19.99201447895853,1.0203183479316031,0.06779986433135088,8,12.95654010772705,nan,nan,nan,7.191515922546387,inf
llasa1b,ct_far_t3_k16,control_word,t3,16,637,16,attention,wr_far_t3_k16,3.113589286804199,0.0044983625411987305,0.0001647472381591797,16,13,0.8666666666666667,32.883840991316234,1.0212331794595655,0.09304706036191346,8,22.23271369934082,nan,nan,nan,12.059901237487793,inf
llasa1b,ct_far_t3_k16,control_word,t3,16,637,16,attention,wr_far_t3_k16,3.113589286804199,0.0044983625411987305,0.0001647472381591797,16,14,0.9333333333333333,53.932763651205626,1.0283987402389898,0.17735783652910386,8,37.613868713378906,nan,nan,nan,18.040839672088623,inf
llasa1b,ct_far_t3_k16,control_word,t3,16,637,16,attention,wr_far_t3_k16,3.113589286804199,0.0044983625411987305,0.0001647472381591797,16,15,1.0,139.95610636346404,1.0136100451893242,0.031133689036060175,8,70.07892608642578,241.1119164487807,1.0359040991697905,0.41586451939816615,38.12021255493164,inf
llasa1b,ct_far_t3_k24,control_word,t3,24,1050,24,attention,wr_far_t3_k24,3.402564764022827,0.003828763961791992,0.00010944406191507976,24,0,0.0,2.8566993276250194,0.9914037734724047,0.06820229836443803,17,2.525236129760742,250.64850931472554,0.8300617676763808,3.6255768662143706,0.684734433889389,165.44967208635381
llasa1b,ct_far_t3_k24,control_word,t3,24,1050,24,attention,wr_far_t3_k24,3.402564764022827,0.003828763961791992,0.00010944406191507976,24,1,0.06666666666666667,3.7109914917485582,0.9903584996852725,0.08878537629880234,17,3.2676546573638916,nan,nan,nan,1.0784475207328796,127.55375549048854
llasa1b,ct_far_t3_k24,control_word,t3,24,1050,24,attention,wr_far_t3_k24,3.402564764022827,0.003828763961791992,0.00010944406191507976,24,2,0.13333333333333333,4.237303238912344,0.9914016783619829,0.06266008628891895,17,3.7733211517333984,nan,nan,nan,1.1806843876838684,147.9743741517709
llasa1b,ct_far_t3_k24,control_word,t3,24,1050,24,attention,wr_far_t3_k24,3.402564764022827,0.003828763961791992,0.00010944406191507976,24,3,0.2,5.143888489991128,0.9898888063079472,0.08426714673073621,17,4.544180870056152,nan,nan,nan,1.4041380882263184,127.7604268704115
llasa1b,ct_far_t3_k24,control_word,t3,24,1050,24,attention,wr_far_t3_k24,3.402564764022827,0.003828763961791992,0.00010944406191507976,24,4,0.26666666666666666,5.634783714164507,0.9914894914261256,0.06011877437137747,17,5.1268110275268555,nan,nan,nan,1.7103135585784912,139.49828523422298
llasa1b,ct_far_t3_k24,control_word,t3,24,1050,24,attention,wr_far_t3_k24,3.402564764022827,0.003828763961791992,0.00010944406191507976,24,5,0.3333333333333333,6.10142212265335,0.9915987091346995,0.05487611421089533,17,5.631775379180908,306.5726794785817,0.7719912928990285,2.5668990936725358,1.9094266891479492,137.69693638082117
llasa1b,ct_far_t3_k24,control_word,t3,24,1050,24,attention,wr_far_t3_k24,3.402564764022827,0.003828763961791992,0.00010944406191507976,24,6,0.4,6.416556329279185,0.9919646939824434,0.04711029535335409,17,5.989494800567627,nan,nan,nan,2.0492557287216187,141.47724690528102
llasa1b,ct_far_t3_k24,control_word,t3,24,1050,24,attention,wr_far_t3_k24,3.402564764022827,0.003828763961791992,0.00010944406191507976,24,7,0.4666666666666667,7.134172701290568,0.9914682870024883,0.04350457541914654,17,6.452437400817871,nan,nan,nan,2.1699390411376953,138.90677740960302
llasa1b,ct_far_t3_k24,control_word,t3,24,1050,24,attention,wr_far_t3_k24,3.402564764022827,0.003828763961791992,0.00010944406191507976,24,8,0.5333333333333333,8.03455940262249,0.9903594322107776,0.04750471872558748,17,7.14066743850708,nan,nan,nan,2.3098803758621216,128.6789320781532
llasa1b,ct_far_t3_k24,control_word,t3,24,1050,24,attention,wr_far_t3_k24,3.402564764022827,0.003828763961791992,0.00010944406191507976,24,9,0.6,9.419244848310198,0.9897240553526179,0.04930936787272133,17,7.961699962615967,nan,nan,nan,2.5550127029418945,126.31273608153684
llasa1b,ct_far_t3_k24,control_word,t3,24,1050,24,attention,wr_far_t3_k24,3.402564764022827,0.003828763961791992,0.00010944406191507976,24,10,0.6666666666666666,11.539501473083092,0.992171140614978,0.029210383981336463,17,9.954283714294434,276.4966869067131,0.9005179459742098,2.2942618515515614,3.312368392944336,158.7997037710099
llasa1b,ct_far_t3_k24,control_word,t3,24,1050,24,attention,wr_far_t3_k24,3.402564764022827,0.003828763961791992,0.00010944406191507976,24,11,0.7333333333333333,16.111582337295108,0.9954207011603498,0.011249469432743853,17,15.342758178710938,nan,nan,nan,4.631035089492798,271.63573064701944
llasa1b,ct_far_t3_k24,control_word,t3,24,1050,24,attention,wr_far_t3_k24,3.402564764022827,0.003828763961791992,0.00010944406191507976,24,12,0.8,24.05193971474539,1.0003298838078796,6.3491216083289e-05,17,25.214021682739258,nan,nan,nan,7.191515922546387,inf
llasa1b,ct_far_t3_k24,control_word,t3,24,1050,24,attention,wr_far_t3_k24,3.402564764022827,0.003828763961791992,0.00010944406191507976,24,13,0.8666666666666667,36.89011326939848,1.0073060506094385,0.03656684757370143,17,42.11134338378906,nan,nan,nan,12.059901237487793,inf
llasa1b,ct_far_t3_k24,control_word,t3,24,1050,24,attention,wr_far_t3_k24,3.402564764022827,0.003828763961791992,0.00010944406191507976,24,14,0.9333333333333333,58.34041509493829,1.0109608515203168,0.06556178816468428,17,62.186798095703125,nan,nan,nan,18.040839672088623,inf
llasa1b,ct_far_t3_k24,control_word,t3,24,1050,24,attention,wr_far_t3_k24,3.402564764022827,0.003828763961791992,0.00010944406191507976,24,15,1.0,151.7575495849405,0.9995423290388821,0.00011898801749865573,17,149.226806640625,238.43747656529004,1.0520364063074046,0.38564519290184696,38.12021255493164,3017.9396817783177
llasa1b,ct_far_t3_k32,control_word,t3,32,915,32,attention,wr_far_t3_k32,3.628350019454956,0.006038665771484375,0.00013837218284606934,32,0,0.0,3.5493610143239076,0.988313951960068,0.31974914846254165,20,2.5765883922576904,257.5053716396725,0.8095044542938848,3.5148412462173977,0.684734433889389,139.98387691464686
llasa1b,ct_far_t3_k32,control_word,t3,32,915,32,attention,wr_far_t3_k32,3.628350019454956,0.006038665771484375,0.00013837218284606934,32,1,0.06666666666666667,4.463206258801587,0.9900102832746194,0.2671649851387934,20,3.335747480392456,nan,nan,nan,1.0784475207328796,141.46933489935842
llasa1b,ct_far_t3_k32,control_word,t3,32,915,32,attention,wr_far_t3_k32,3.628350019454956,0.006038665771484375,0.00013837218284606934,32,2,0.13333333333333333,5.046210931471352,0.9911472166560437,0.21778055853056255,20,3.8628857135772705,nan,nan,nan,1.1806843876838684,163.35024593236383
llasa1b,ct_far_t3_k32,control_word,t3,32,915,32,attention,wr_far_t3_k32,3.628350019454956,0.006038665771484375,0.00013837218284606934,32,3,0.2,5.727539411220371,0.9925510502783808,0.17496987133660147,20,4.488942623138428,nan,nan,nan,1.4041380882263184,188.02915720834739
llasa1b,ct_far_t3_k32,control_word,t3,32,915,32,attention,wr_far_t3_k32,3.628350019454956,0.006038665771484375,0.00013837218284606934,32,4,0.26666666666666666,6.6524014670338225,0.9921293655317142,0.1604406236102459,20,4.91957426071167,nan,nan,nan,1.7103135585784912,171.8983152885318
llasa1b,ct_far_t3_k32,control_word,t3,32,915,32,attention,wr_far_t3_k32,3.628350019454956,0.006038665771484375,0.00013837218284606934,32,5,0.3333333333333333,7.429809339897456,0.9919323975678546,0.1467452335112568,20,5.413753032684326,301.4562296864209,0.7849523728482304,2.618592774840376,1.9094266891479492,167.73373020834617
llasa1b,ct_far_t3_k32,control_word,t3,32,915,32,attention,wr_far_t3_k32,3.628350019454956,0.006038665771484375,0.00013837218284606934,32,6,0.4,7.862156929612033,0.9918145401492594,0.144005869857315,20,5.678942680358887,nan,nan,nan,2.0492557287216187,163.5917571944247
llasa1b,ct_far_t3_k32,control_word,t3,32,915,32,attention,wr_far_t3_k32,3.628350019454956,0.006038665771484375,0.00013837218284606934,32,7,0.4666666666666667,9.058469869379119,0.990447183118983,0.1498162804506471,20,6.353374481201172,nan,nan,nan,2.1699390411376953,148.87386065790662
llasa1b,ct_far_t3_k32,control_word,t3,32,915,32,attention,wr_far_t3_k32,3.628350019454956,0.006038665771484375,0.00013837218284606934,32,8,0.5333333333333333,11.372608498398556,0.9862600745776255,0.2439395377601239,20,7.733693599700928,nan,nan,nan,2.3098803758621216,115.21430143005198
llasa1b,ct_far_t3_k32,control_word,t3,32,915,32,attention,wr_far_t3_k32,3.628350019454956,0.006038665771484375,0.00013837218284606934,32,9,0.6,13.88859410552716,0.985927839866878,0.23803269769852975,20,9.778583526611328,nan,nan,nan,2.5550127029418945,119.46072445370014
llasa1b,ct_far_t3_k32,control_word,t3,32,915,32,attention,wr_far_t3_k32,3.628350019454956,0.006038665771484375,0.00013837218284606934,32,10,0.6666666666666666,18.4426783855341,0.9839967518001665,0.2794856652539265,20,11.821937561035156,271.3907702026519,0.9232564750268529,2.2375613832935057,3.312368392944336,106.43015804209362
llasa1b,ct_far_t3_k32,control_word,t3,32,915,32,attention,wr_far_t3_k32,3.628350019454956,0.006038665771484375,0.00013837218284606934,32,11,0.7333333333333333,26.33727691688372,0.9826158835265628,0.3225177370314354,20,16.791051864624023,nan,nan,nan,4.631035089492798,99.11646468354746
llasa1b,ct_far_t3_k32,control_word,t3,32,915,32,attention,wr_far_t3_k32,3.628350019454956,0.006038665771484375,0.00013837218284606934,32,12,0.8,39.918900086893125,0.9825440279072191,0.35587306298694366,20,26.27741050720215,nan,nan,nan,7.191515922546387,97.3274179657905
llasa1b,ct_far_t3_k32,control_word,t3,32,915,32,attention,wr_far_t3_k32,3.628350019454956,0.006038665771484375,0.00013837218284606934,32,13,0.8666666666666667,62.27583177880844,0.9820042558250699,0.367185385305964,20,42.1191291809082,nan,nan,nan,12.059901237487793,90.40309745246539
llasa1b,ct_far_t3_k32,control_word,t3,32,915,32,attention,wr_far_t3_k32,3.628350019454956,0.006038665771484375,0.00013837218284606934,32,14,0.9333333333333333,101.28315536224792,0.9807569491646151,0.36158518023282116,20,69.8775405883789,nan,nan,nan,18.040839672088623,88.79197308610787
llasa1b,ct_far_t3_k32,control_word,t3,32,915,32,attention,wr_far_t3_k32,3.628350019454956,0.006038665771484375,0.00013837218284606934,32,15,1.0,214.09976741933446,0.9828632429688797,0.29751080889800463,20,148.28916931152344,232.85732678686628,1.0643446752044607,0.38698945895978304,38.12021255493164,99.83618398285628
llasa1b,ct_no_t2_k03,control_word,t2,3,968,3,attention,wr_no_t2_k03,2.481544017791748,0.001081705093383789,5.229314168294271e-05,3,0,0.0,nan,nan,nan,0,0.0,120.2874218487828,1.3669492126967608,5.953978205608151,0.684734433889389,inf
llasa1b,ct_no_t2_k03,control_word,t2,3,968,3,attention,wr_no_t2_k03,2.481544017791748,0.001081705093383789,5.229314168294271e-05,3,1,0.06666666666666667,nan,nan,nan,0,0.0,nan,nan,nan,1.0784475207328796,inf
llasa1b,ct_no_t2_k03,control_word,t2,3,968,3,attention,wr_no_t2_k03,2.481544017791748,0.001081705093383789,5.229314168294271e-05,3,2,0.13333333333333333,nan,nan,nan,0,0.0,nan,nan,nan,1.1806843876838684,inf
llasa1b,ct_no_t2_k03,control_word,t2,3,968,3,attention,wr_no_t2_k03,2.481544017791748,0.001081705093383789,5.229314168294271e-05,3,3,0.2,nan,nan,nan,0,0.0,nan,nan,nan,1.4041380882263184,inf
llasa1b,ct_no_t2_k03,control_word,t2,3,968,3,attention,wr_no_t2_k03,2.481544017791748,0.001081705093383789,5.229314168294271e-05,3,4,0.26666666666666666,nan,nan,nan,0,0.0,nan,nan,nan,1.7103135585784912,inf
llasa1b,ct_no_t2_k03,control_word,t2,3,968,3,attention,wr_no_t2_k03,2.481544017791748,0.001081705093383789,5.229314168294271e-05,3,5,0.3333333333333333,nan,nan,nan,0,0.0,184.81801998405678,1.0569365759977682,3.9716778732890154,1.9094266891479492,inf
llasa1b,ct_no_t2_k03,control_word,t2,3,968,3,attention,wr_no_t2_k03,2.481544017791748,0.001081705093383789,5.229314168294271e-05,3,6,0.4,nan,nan,nan,0,0.0,nan,nan,nan,2.0492557287216187,inf
llasa1b,ct_no_t2_k03,control_word,t2,3,968,3,attention,wr_no_t2_k03,2.481544017791748,0.001081705093383789,5.229314168294271e-05,3,7,0.4666666666666667,nan,nan,nan,0,0.0,nan,nan,nan,2.1699390411376953,inf
llasa1b,ct_no_t2_k03,control_word,t2,3,968,3,attention,wr_no_t2_k03,2.481544017791748,0.001081705093383789,5.229314168294271e-05,3,8,0.5333333333333333,nan,nan,nan,0,0.0,nan,nan,nan,2.3098803758621216,inf
llasa1b,ct_no_t2_k03,control_word,t2,3,968,3,attention,wr_no_t2_k03,2.481544017791748,0.001081705093383789,5.229314168294271e-05,3,9,0.6,nan,nan,nan,0,0.0,nan,nan,nan,2.5550127029418945,inf
llasa1b,ct_no_t2_k03,control_word,t2,3,968,3,attention,wr_no_t2_k03,2.481544017791748,0.001081705093383789,5.229314168294271e-05,3,10,0.6666666666666666,nan,nan,nan,0,0.0,164.15680142320994,1.11761016629228,3.510870649950908,3.312368392944336,inf
llasa1b,ct_no_t2_k03,control_word,t2,3,968,3,attention,wr_no_t2_k03,2.481544017791748,0.001081705093383789,5.229314168294271e-05,3,11,0.7333333333333333,nan,nan,nan,0,0.0,nan,nan,nan,4.631035089492798,inf
llasa1b,ct_no_t2_k03,control_word,t2,3,968,3,attention,wr_no_t2_k03,2.481544017791748,0.001081705093383789,5.229314168294271e-05,3,12,0.8,nan,nan,nan,0,0.0,nan,nan,nan,7.191515922546387,inf
llasa1b,ct_no_t2_k03,control_word,t2,3,968,3,attention,wr_no_t2_k03,2.481544017791748,0.001081705093383789,5.229314168294271e-05,3,13,0.8666666666666667,nan,nan,nan,0,0.0,nan,nan,nan,12.059901237487793,inf
llasa1b,ct_no_t2_k03,control_word,t2,3,968,3,attention,wr_no_t2_k03,2.481544017791748,0.001081705093383789,5.229314168294271e-05,3,14,0.9333333333333333,nan,nan,nan,0,0.0,nan,nan,nan,18.040839672088623,inf
llasa1b,ct_no_t2_k03,control_word,t2,3,968,3,attention,wr_no_t2_k03,2.481544017791748,0.001081705093383789,5.229314168294271e-05,3,15,1.0,nan,nan,nan,0,0.0,115.2190122649614,1.3575361916920392,2.148476982806228,38.12021255493164,inf
llasa1b,ct_no_t2_k04,control_word,t2,4,876,4,attention,wr_no_t2_k04,2.52993106842041,0.0009197890758514404,4.380941390991211e-05,4,0,0.0,nan,nan,nan,0,0.0,94.7347186961012,1.5137832687748762,6.344280142770611,0.684734433889389,inf
llasa1b,ct_no_t2_k04,control_word,t2,4,876,4,attention,wr_no_t2_k04,2.52993106842041,0.0009197890758514404,4.380941390991211e-05,4,1,0.06666666666666667,nan,nan,nan,0,0.0,nan,nan,nan,1.0784475207328796,inf
llasa1b,ct_no_t2_k04,control_word,t2,4,876,4,attention,wr_no_t2_k04,2.52993106842041,0.0009197890758514404,4.380941390991211e-05,4,2,0.13333333333333333,nan,nan,nan,0,0.0,nan,nan,nan,1.1806843876838684,inf
llasa1b,ct_no_t2_k04,control_word,t2,4,876,4,attention,wr_no_t2_k04,2.52993106842041,0.0009197890758514404,4.380941390991211e-05,4,3,0.2,nan,nan,nan,0,0.0,nan,nan,nan,1.4041380882263184,inf
llasa1b,ct_no_t2_k04,control_word,t2,4,876,4,attention,wr_no_t2_k04,2.52993106842041,0.0009197890758514404,4.380941390991211e-05,4,4,0.26666666666666666,nan,nan,nan,0,0.0,nan,nan,nan,1.7103135585784912,inf
llasa1b,ct_no_t2_k04,control_word,t2,4,876,4,attention,wr_no_t2_k04,2.52993106842041,0.0009197890758514404,4.380941390991211e-05,4,5,0.3333333333333333,nan,nan,nan,0,0.0,158.2522123644895,1.2082147014599502,4.4442413706547095,1.9094266891479492,inf
llasa1b,ct_no_t2_k04,control_word,t2,4,876,4,attention,wr_no_t2_k04,2.52993106842041,0.0009197890758514404,4.380941390991211e-05,4,6,0.4,nan,nan,nan,0,0.0,nan,nan,nan,2.0492557287216187,inf
llasa1b,ct_no_t2_k04,control_word,t2,4,876,4,attention,wr_no_t2_k04,2.52993106842041,0.0009197890758514404,4.380941390991211e-05,4,7,0.4666666666666667,nan,nan,nan,0,0.0,nan,nan,nan,2.1699390411376953,inf
llasa1b,ct_no_t2_k04,control_word,t2,4,876,4,attention,wr_no_t2_k04,2.52993106842041,0.0009197890758514404,4.380941390991211e-05,4,8,0.5333333333333333,nan,nan,nan,0,0.0,nan,nan,nan,2.3098803758621216,inf
llasa1b,ct_no_t2_k04,control_word,t2,4,876,4,attention,wr_no_t2_k04,2.52993106842041,0.0009197890758514404,4.380941390991211e-05,4,9,0.6,nan,nan,nan,0,0.0,nan,nan,nan,2.5550127029418945,inf
llasa1b,ct_no_t2_k04,control_word,t2,4,876,4,attention,wr_no_t2_k04,2.52993106842041,0.0009197890758514404,4.380941390991211e-05,4,10,0.6666666666666666,nan,nan,nan,0,0.0,150.81311581853748,1.1967231923264985,3.874294792679038,3.312368392944336,inf
llasa1b,ct_no_t2_k04,control_word,t2,4,876,4,attention,wr_no_t2_k04,2.52993106842041,0.0009197890758514404,4.380941390991211e-05,4,11,0.7333333333333333,nan,nan,nan,0,0.0,nan,nan,nan,4.631035089492798,inf
llasa1b,ct_no_t2_k04,control_word,t2,4,876,4,attention,wr_no_t2_k04,2.52993106842041,0.0009197890758514404,4.380941390991211e-05,4,12,0.8,nan,nan,nan,0,0.0,nan,nan,nan,7.191515922546387,inf
llasa1b,ct_no_t2_k04,control_word,t2,4,876,4,attention,wr_no_t2_k04,2.52993106842041,0.0009197890758514404,4.380941390991211e-05,4,13,0.8666666666666667,nan,nan,nan,0,0.0,nan,nan,nan,12.059901237487793,inf
llasa1b,ct_no_t2_k04,control_word,t2,4,876,4,attention,wr_no_t2_k04,2.52993106842041,0.0009197890758514404,4.380941390991211e-05,4,14,0.9333333333333333,nan,nan,nan,0,0.0,nan,nan,nan,18.040839672088623,inf
llasa1b,ct_no_t2_k04,control_word,t2,4,876,4,attention,wr_no_t2_k04,2.52993106842041,0.0009197890758514404,4.380941390991211e-05,4,15,1.0,nan,nan,nan,0,0.0,118.61564996357066,1.3539223325762435,2.3723142712768364,38.12021255493164,inf
llasa1b,ct_no_t2_k06,control_word,t2,6,873,6,attention,wr_no_t2_k06,2.642022132873535,0.0010640621185302734,4.506111145019531e-05,6,0,0.0,nan,nan,nan,0,0.0,90.08593930146284,1.5261018622064697,6.346678768168465,0.684734433889389,inf
llasa1b,ct_no_t2_k06,control_word,t2,6,873,6,attention,wr_no_t2_k06,2.642022132873535,0.0010640621185302734,4.506111145019531e-05,6,1,0.06666666666666667,nan,nan,nan,0,0.0,nan,nan,nan,1.0784475207328796,inf
llasa1b,ct_no_t2_k06,control_word,t2,6,873,6,attention,wr_no_t2_k06,2.642022132873535,0.0010640621185302734,4.506111145019531e-05,6,2,0.13333333333333333,nan,nan,nan,0,0.0,nan,nan,nan,1.1806843876838684,inf
llasa1b,ct_no_t2_k06,control_word,t2,6,873,6,attention,wr_no_t2_k06,2.642022132873535,0.0010640621185302734,4.506111145019531e-05,6,3,0.2,nan,nan,nan,0,0.0,nan,nan,nan,1.4041380882263184,inf
llasa1b,ct_no_t2_k06,control_word,t2,6,873,6,attention,wr_no_t2_k06,2.642022132873535,0.0010640621185302734,4.506111145019531e-05,6,4,0.26666666666666666,nan,nan,nan,0,0.0,nan,nan,nan,1.7103135585784912,inf
llasa1b,ct_no_t2_k06,control_word,t2,6,873,6,attention,wr_no_t2_k06,2.642022132873535,0.0010640621185302734,4.506111145019531e-05,6,5,0.3333333333333333,nan,nan,nan,0,0.0,159.9318934374505,1.1727159841434809,4.282080871258345,1.9094266891479492,inf
llasa1b,ct_no_t2_k06,control_word,t2,6,873,6,attention,wr_no_t2_k06,2.642022132873535,0.0010640621185302734,4.506111145019531e-05,6,6,0.4,nan,nan,nan,0,0.0,nan,nan,nan,2.0492557287216187,inf
llasa1b,ct_no_t2_k06,control_word,t2,6,873,6,attention,wr_no_t2_k06,2.642022132873535,0.0010640621185302734,4.506111145019531e-05,6,7,0.4666666666666667,nan,nan,nan,0,0.0,nan,nan,nan,2.1699390411376953,inf
llasa1b,ct_no_t2_k06,control_word,t2,6,873,6,attention,wr_no_t2_k06,2.642022132873535,0.0010640621185302734,4.506111145019531e-05,6,8,0.5333333333333333,nan,nan,nan,0,0.0,nan,nan,nan,2.3098803758621216,inf
llasa1b,ct_no_t2_k06,control_word,t2,6,873,6,attention,wr_no_t2_k06,2.642022132873535,0.0010640621185302734,4.506111145019531e-05,6,9,0.6,nan,nan,nan,0,0.0,nan,nan,nan,2.5550127029418945,inf
llasa1b,ct_no_t2_k06,control_word,t2,6,873,6,attention,wr_no_t2_k06,2.642022132873535,0.0010640621185302734,4.506111145019531e-05,6,10,0.6666666666666666,nan,nan,nan,0,0.0,153.59862607621545,1.169226941139568,3.720042592095171,3.312368392944336,inf
llasa1b,ct_no_t2_k06,control_word,t2,6,873,6,attention,wr_no_t2_k06,2.642022132873535,0.0010640621185302734,4.506111145019531e-05,6,11,0.7333333333333333,nan,nan,nan,0,0.0,nan,nan,nan,4.631035089492798,inf
llasa1b,ct_no_t2_k06,control_word,t2,6,873,6,attention,wr_no_t2_k06,2.642022132873535,0.0010640621185302734,4.506111145019531e-05,6,12,0.8,nan,nan,nan,0,0.0,nan,nan,nan,7.191515922546387,inf
llasa1b,ct_no_t2_k06,control_word,t2,6,873,6,attention,wr_no_t2_k06,2.642022132873535,0.0010640621185302734,4.506111145019531e-05,6,13,0.8666666666666667,nan,nan,nan,0,0.0,nan,nan,nan,12.059901237487793,inf
llasa1b,ct_no_t2_k06,control_word,t2,6,873,6,attention,wr_no_t2_k06,2.642022132873535,0.0010640621185302734,4.506111145019531e-05,6,14,0.9333333333333333,nan,nan,nan,0,0.0,nan,nan,nan,18.040839672088623,inf
llasa1b,ct_no_t2_k06,control_word,t2,6,873,6,attention,wr_no_t2_k06,2.642022132873535,0.0010640621185302734,4.506111145019531e-05,6,15,1.0,nan,nan,nan,0,0.0,121.4937468055411,1.3342563537688872,2.278075489206472,38.12021255493164,inf
llasa1b,ct_no_t2_k08,control_word,t2,8,2048,8,attention,wr_no_t2_k08,2.812671184539795,0.0011696815490722656,4.793703556060791e-05,8,0,0.0,nan,nan,nan,0,0.0,143.5636263116925,1.3820283060490706,5.814041631294622,0.684734433889389,inf
llasa1b,ct_no_t2_k08,control_word,t2,8,2048,8,attention,wr_no_t2_k08,2.812671184539795,0.0011696815490722656,4.793703556060791e-05,8,1,0.06666666666666667,nan,nan,nan,0,0.0,nan,nan,nan,1.0784475207328796,inf
llasa1b,ct_no_t2_k08,control_word,t2,8,2048,8,attention,wr_no_t2_k08,2.812671184539795,0.0011696815490722656,4.793703556060791e-05,8,2,0.13333333333333333,nan,nan,nan,0,0.0,nan,nan,nan,1.1806843876838684,inf
llasa1b,ct_no_t2_k08,control_word,t2,8,2048,8,attention,wr_no_t2_k08,2.812671184539795,0.0011696815490722656,4.793703556060791e-05,8,3,0.2,nan,nan,nan,0,0.0,nan,nan,nan,1.4041380882263184,inf
llasa1b,ct_no_t2_k08,control_word,t2,8,2048,8,attention,wr_no_t2_k08,2.812671184539795,0.0011696815490722656,4.793703556060791e-05,8,4,0.26666666666666666,nan,nan,nan,0,0.0,nan,nan,nan,1.7103135585784912,inf
llasa1b,ct_no_t2_k08,control_word,t2,8,2048,8,attention,wr_no_t2_k08,2.812671184539795,0.0011696815490722656,4.793703556060791e-05,8,5,0.3333333333333333,nan,nan,nan,0,0.0,177.902405282141,1.150370027360013,4.172739058794653,1.9094266891479492,inf
llasa1b,ct_no_t2_k08,control_word,t2,8,2048,8,attention,wr_no_t2_k08,2.812671184539795,0.0011696815490722656,4.793703556060791e-05,8,6,0.4,nan,nan,nan,0,0.0,nan,nan,nan,2.0492557287216187,inf
llasa1b,ct_no_t2_k08,control_word,t2,8,2048,8,attention,wr_no_t2_k08,2.812671184539795,0.0011696815490722656,4.793703556060791e-05,8,7,0.4666666666666667,nan,nan,nan,0,0.0,nan,nan,nan,2.1699390411376953,inf
llasa1b,ct_no_t2_k08,control_word,t2,8,2048,8,attention,wr_no_t2_k08,2.812671184539795,0.0011696815490722656,4.793703556060791e-05,8,8,0.5333333333333333,nan,nan,nan,0,0.0,nan,nan,nan,2.3098803758621216,inf
llasa1b,ct_no_t2_k08,control_word,t2,8,2048,8,attention,wr_no_t2_k08,2.812671184539795,0.0011696815490722656,4.793703556060791e-05,8,9,0.6,nan,nan,nan,0,0.0,nan,nan,nan,2.5550127029418945,inf
llasa1b,ct_no_t2_k08,control_word,t2,8,2048,8,attention,wr_no_t2_k08,2.812671184539795,0.0011696815490722656,4.793703556060791e-05,8,10,0.6666666666666666,nan,nan,nan,0,0.0,157.961348555805,1.2838811087359543,3.7836824299040384,3.312368392944336,inf
llasa1b,ct_no_t2_k08,control_word,t2,8,2048,8,attention,wr_no_t2_k08,2.812671184539795,0.0011696815490722656,4.793703556060791e-05,8,11,0.7333333333333333,nan,nan,nan,0,0.0,nan,nan,nan,4.631035089492798,inf
llasa1b,ct_no_t2_k08,control_word,t2,8,2048,8,attention,wr_no_t2_k08,2.812671184539795,0.0011696815490722656,4.793703556060791e-05,8,12,0.8,nan,nan,nan,0,0.0,nan,nan,nan,7.191515922546387,inf
llasa1b,ct_no_t2_k08,control_word,t2,8,2048,8,attention,wr_no_t2_k08,2.812671184539795,0.0011696815490722656,4.793703556060791e-05,8,13,0.8666666666666667,nan,nan,nan,0,0.0,nan,nan,nan,12.059901237487793,inf
llasa1b,ct_no_t2_k08,control_word,t2,8,2048,8,attention,wr_no_t2_k08,2.812671184539795,0.0011696815490722656,4.793703556060791e-05,8,14,0.9333333333333333,nan,nan,nan,0,0.0,nan,nan,nan,18.040839672088623,inf
llasa1b,ct_no_t2_k08,control_word,t2,8,2048,8,attention,wr_no_t2_k08,2.812671184539795,0.0011696815490722656,4.793703556060791e-05,8,15,1.0,nan,nan,nan,0,0.0,116.99217133419185,1.5825752909745572,2.3712754515570125,38.12021255493164,inf
llasa1b,ct_no_t2_k12,control_word,t2,12,2048,12,attention,wr_no_t2_k12,3.000169038772583,0.0012035369873046875,4.72863515218099e-05,12,0,0.0,2.5010917518731497,1.0380402836278904,0.4885815059623868,5,0.0,142.19514599572048,1.2968960149211144,5.720529054993888,0.684734433889389,inf
llasa1b,ct_no_t2_k12,control_word,t2,12,2048,12,attention,wr_no_t2_k12,3.000169038772583,0.0012035369873046875,4.72863515218099e-05,12,1,0.06666666666666667,3.204900703722728,1.0393791611847343,0.5952313222806391,5,0.0,nan,nan,nan,1.0784475207328796,inf
llasa1b,ct_no_t2_k12,control_word,t2,12,2048,12,attention,wr_no_t2_k12,3.000169038772583,0.0012035369873046875,4.72863515218099e-05,12,2,0.13333333333333333,3.909269900540406,1.041458646433101,0.7719879869680573,5,0.0,nan,nan,nan,1.1806843876838684,inf
llasa1b,ct_no_t2_k12,control_word,t2,12,2048,12,attention,wr_no_t2_k12,3.000169038772583,0.0012035369873046875,4.72863515218099e-05,12,3,0.2,5.357196447246357,1.021569840274784,0.37218621891363635,5,0.0,nan,nan,nan,1.4041380882263184,inf
llasa1b,ct_no_t2_k12,control_word,t2,12,2048,12,attention,wr_no_t2_k12,3.000169038772583,0.0012035369873046875,4.72863515218099e-05,12,4,0.26666666666666666,6.505089465832196,1.0187300603435498,0.30434155744055347,5,0.0,nan,nan,nan,1.7103135585784912,inf
llasa1b,ct_no_t2_k12,control_word,t2,12,2048,12,attention,wr_no_t2_k12,3.000169038772583,0.0012035369873046875,4.72863515218099e-05,12,5,0.3333333333333333,7.9418136065511735,1.005788291257386,0.029115141391628074,5,0.0,190.81981260469456,1.0883399033291525,3.877435045969646,1.9094266891479492,inf
llasa1b,ct_no_t2_k12,control_word,t2,12,2048,12,attention,wr_no_t2_k12,3.000169038772583,0.0012035369873046875,4.72863515218099e-05,12,6,0.4,8.871750806524268,1.0000660252628293,4.345324918775262e-06,5,0.0,nan,nan,nan,2.0492557287216187,inf
llasa1b,ct_no_t2_k12,control_word,t2,12,2048,12,attention,wr_no_t2_k12,3.000169038772583,0.0012035369873046875,4.72863515218099e-05,12,7,0.4666666666666667,9.992445179396672,1.0034093848453218,0.008735368213911743,5,0.0,nan,nan,nan,2.1699390411376953,inf
llasa1b,ct_no_t2_k12,control_word,t2,12,2048,12,attention,wr_no_t2_k12,3.000169038772583,0.0012035369873046875,4.72863515218099e-05,12,8,0.5333333333333333,11.85311012539883,0.994717288686142,0.022850098167163213,5,0.0,nan,nan,nan,2.3098803758621216,308.7564290838445
llasa1b,ct_no_t2_k12,control_word,t2,12,2048,12,attention,wr_no_t2_k12,3.000169038772583,0.0012035369873046875,4.72863515218099e-05,12,9,0.6,13.472625599091081,0.9908779614088427,0.05552959385210132,5,0.0,nan,nan,nan,2.5550127029418945,181.42961538361828
llasa1b,ct_no_t2_k12,control_word,t2,12,2048,12,attention,wr_no_t2_k12,3.000169038772583,0.0012035369873046875,4.72863515218099e-05,12,10,0.6666666666666666,16.355060495933756,0.9913811188461764,0.03414125031815651,5,0.0,173.97702266501244,1.1648825879383298,3.457067505875625,3.312368392944336,184.47665191077164
llasa1b,ct_no_t2_k12,control_word,t2,12,2048,12,attention,wr_no_t2_k12,3.000169038772583,0.0012035369873046875,4.72863515218099e-05,12,11,0.7333333333333333,22.64855206126815,0.9878218673959168,0.059429571227559985,5,0.0,nan,nan,nan,4.631035089492798,129.54617613857368
llasa1b,ct_no_t2_k12,control_word,t2,12,2048,12,attention,wr_no_t2_k12,3.000169038772583,0.0012035369873046875,4.72863515218099e-05,12,12,0.8,29.64887527695227,1.002004502055419,0.0020546784318554723,5,0.0,nan,nan,nan,7.191515922546387,inf
llasa1b,ct_no_t2_k12,control_word,t2,12,2048,12,attention,wr_no_t2_k12,3.000169038772583,0.0012035369873046875,4.72863515218099e-05,12,13,0.8666666666666667,39.58145595080222,1.0139398609224866,0.09904368343335745,5,0.0,nan,nan,nan,12.059901237487793,inf
llasa1b,ct_no_t2_k12,control_word,t2,12,2048,12,attention,wr_no_t2_k12,3.000169038772583,0.0012035369873046875,4.72863515218099e-05,12,14,0.9333333333333333,53.39798595811845,1.025833277864083,0.1701955077454499,5,0.0,nan,nan,nan,18.040839672088623,inf
llasa1b,ct_no_t2_k12,control_word,t2,12,2048,12,attention,wr_no_t2_k12,3.000169038772583,0.0012035369873046875,4.72863515218099e-05,12,15,1.0,143.77459458062577,1.0091022215443652,0.006021603417301069,5,0.0,121.28594562636592,1.4567086900341606,2.234185935750395,38.12021255493164,inf
llasa1b,ct_no_t2_k16,control_word,t2,16,912,16,attention,wr_no_t2_k16,3.178206443786621,0.003320038318634033,0.00010529160499572754,16,0,0.0,2.2841166428026622,1.0115955796706786,0.024474366346852627,11,2.3470489978790283,221.87220370190738,0.8893957515515128,5.130952691120227,0.684734433889389,inf
llasa1b,ct_no_t2_k16,control_word,t2,16,912,16,attention,wr_no_t2_k16,3.178206443786621,0.003320038318634033,0.00010529160499572754,16,1,0.06666666666666667,2.8592940401058007,1.0175951733005923,0.06314761662829638,11,3.238394021987915,nan,nan,nan,1.0784475207328796,inf
llasa1b,ct_no_t2_k16,control_word,t2,16,912,16,attention,wr_no_t2_k16,3.178206443786621,0.003320038318634033,0.00010529160499572754,16,2,0.13333333333333333,3.859340888786945,1.0047483680739109,0.00620988866775507,11,3.686741590499878,nan,nan,nan,1.1806843876838684,inf
llasa1b,ct_no_t2_k16,control_word,t2,16,912,16,attention,wr_no_t2_k16,3.178206443786621,0.003320038318634033,0.00010529160499572754,16,3,0.2,5.009521631676272,0.9995394583621591,5.809311417948049e-05,11,4.163774490356445,nan,nan,nan,1.4041380882263184,2761.148528919501
llasa1b,ct_no_t2_k16,control_word,t2,16,912,16,attention,wr_no_t2_k16,3.178206443786621,0.003320038318634033,0.00010529160499572754,16,4,0.26666666666666666,5.600982894812847,0.9996771840585064,2.3314011018960024e-05,11,4.4432573318481445,nan,nan,nan,1.7103135585784912,3674.14908166385
llasa1b,ct_no_t2_k16,control_word,t2,16,912,16,attention,wr_no_t2_k16,3.178206443786621,0.003320038318634033,0.00010529160499572754,16,5,0.3333333333333333,6.143759257123148,1.0021319297605527,0.0008385231583823982,11,5.087061882019043,261.1060559410791,0.863460373515833,3.4309773294072947,1.9094266891479492,inf
llasa1b,ct_no_t2_k16,control_word,t2,16,912,16,attention,wr_no_t2_k16,3.178206443786621,0.003320038318634033,0.00010529160499572754,16,6,0.4,7.012086344098119,0.9985410326304575,0.00039827302313832913,11,5.769600868225098,nan,nan,nan,2.0492557287216187,842.5555220314022
llasa1b,ct_no_t2_k16,control_word,t2,16,912,16,attention,wr_no_t2_k16,3.178206443786621,0.003320038318634033,0.00010529160499572754,16,7,0.4666666666666667,7.3496694620321055,1.0040405458639357,0.002544403450674415,11,6.556677341461182,nan,nan,nan,2.1699390411376953,inf
llasa1b,ct_no_t2_k16,control_word,t2,16,912,16,attention,wr_no_t2_k16,3.178206443786621,0.003320038318634033,0.00010529160499572754,16,8,0.5333333333333333,8.183378450422769,1.0033931852137696,0.0016901426811543052,11,7.328796863555908,nan,nan,nan,2.3098803758621216,inf
llasa1b,ct_no_t2_k16,control_word,t2,16,912,16,attention,wr_no_t2_k16,3.178206443786621,0.003320038318634033,0.00010529160499572754,16,9,0.6,9.480098123630508,1.001387741402394,0.0002773501689969926,11,8.314777374267578,nan,nan,nan,2.5550127029418945,inf
llasa1b,ct_no_t2_k16,control_word,t2,16,912,16,attention,wr_no_t2_k16,3.178206443786621,0.003320038318634033,0.00010529160499572754,16,10,0.6666666666666666,11.024971326730418,1.0067525723045245,0.006253332089415364,11,10.389995574951172,229.28598407457628,1.0267429067922025,3.001044313705401,3.312368392944336,inf
llasa1b,ct_no_t2_k16,control_word,t2,16,912,16,attention,wr_no_t2_k16,3.178206443786621,0.003320038318634033,0.00010529160499572754,16,11,0.7333333333333333,14.897715840743126,1.009450536129222,0.013198743563800464,11,13.932623863220215,nan,nan,nan,4.631035089492798,inf
llasa1b,ct_no_t2_k16,control_word,t2,16,912,16,attention,wr_no_t2_k16,3.178206443786621,0.003320038318634033,0.00010529160499572754,16,12,0.8,21.155699596437888,1.0178248887093404,0.0755549354577365,11,20.622100830078125,nan,nan,nan,7.191515922546387,inf
llasa1b,ct_no_t2_k16,control_word,t2,16,912,16,attention,wr_no_t2_k16,3.178206443786621,0.003320038318634033,0.00010529160499572754,16,13,0.8666666666666667,31.627093118745652,1.0267328303331682,0.19078786301623585,11,36.03159713745117,nan,nan,nan,12.059901237487793,inf
llasa1b,ct_no_t2_k16,control_word,t2,16,912,16,attention,wr_no_t2_k16,3.178206443786621,0.003320038318634033,0.00010529160499572754,16,14,0.9333333333333333,43.123512870450284,1.0459380191792624,0.35452440305538446,11,55.71387481689453,nan,nan,nan,18.040839672088623,inf
llasa1b,ct_no_t2_k16,control_word,t2,16,912,16,attention,wr_no_t2_k16,3.178206443786621,0.003320038318634033,0.00010529160499572754,16,15,1.0,107.98199998137399,1.0363314161434456,0.19354117150082928,11,128.86453247070312,200.17639887930028,1.1697056269845083,1.5498624183265994,38.12021255493164,inf
llasa1b,ct_no_t2_k24,control_word,t2,24,2048,24,attention,wr_no_t2_k24,3.443361282348633,0.0020183920860290527,5.354235569636027e-05,24,0,0.0,4.669448891213125,0.9063234979104373,0.617663165237929,12,0.5264061689376831,136.65271297267446,1.4079300601271347,5.827522581621303,0.684734433889389,19.51794697646083
llasa1b,ct_no_t2_k24,control_word,t2,24,2048,24,attention,wr_no_t2_k24,3.443361282348633,0.0020183920860290527,5.354235569636027e-05,24,1,0.06666666666666667,5.827071369279606,0.9212142876126657,0.5644254138769257,12,1.0568188428878784,nan,nan,nan,1.0784475207328796,20.55737914397888
llasa1b,ct_no_t2_k24,control_word,t2,24,2048,24,attention,wr_no_t2_k24,3.443361282348633,0.0020183920860290527,5.354235569636027e-05,24,2,0.13333333333333333,7.59183687213593,0.9111773727520033,0.6140799755005955,12,1.1323668956756592,nan,nan,nan,1.1806843876838684,20.00672263423245
llasa1b,ct_no_t2_k24,control_word,t2,24,2048,24,attention,wr_no_t2_k24,3.443361282348633,0.0020183920860290527,5.354235569636027e-05,24,3,0.2,9.464550952067837,0.9099225835184271,0.6230627317068793,12,1.342780590057373,nan,nan,nan,1.4041380882263184,20.214146951369198
llasa1b,ct_no_t2_k24,control_word,t2,24,2048,24,attention,wr_no_t2_k24,3.443361282348633,0.0020183920860290527,5.354235569636027e-05,24,4,0.26666666666666666,10.445513669426804,0.9174815795212862,0.6064402097874184,12,1.6693141460418701,nan,nan,nan,1.7103135585784912,21.010654016919464
llasa1b,ct_no_t2_k24,control_word,t2,24,2048,24,attention,wr_no_t2_k24,3.443361282348633,0.0020183920860290527,5.354235569636027e-05,24,5,0.3333333333333333,11.762384750834824,0.9177451039138848,0.5814651084986185,12,1.8842333555221558,171.97047833602542,1.1808716498054437,4.215294921310188,1.9094266891479492,21.18123310898047
llasa1b,ct_no_t2_k24,control_word,t2,24,2048,24,attention,wr_no_t2_k24,3.443361282348633,0.0020183920860290527,5.354235569636027e-05,24,6,0.4,12.552670824943263,0.9222734039963536,0.5593156112424806,12,2.0581555366516113,nan,nan,nan,2.0492557287216187,22.399912455755313
llasa1b,ct_no_t2_k24,control_word,t2,24,2048,24,attention,wr_no_t2_k24,3.443361282348633,0.0020183920860290527,5.354235569636027e-05,24,7,0.4666666666666667,14.766306658168078,0.9162500378105395,0.5677596904358045,12,2.2304012775421143,nan,nan,nan,2.1699390411376953,21.924510921616797
llasa1b,ct_no_t2_k24,control_word,t2,24,2048,24,attention,wr_no_t2_k24,3.443361282348633,0.0020183920860290527,5.354235569636027e-05,24,8,0.5333333333333333,16.683509325403865,0.9113846162477445,0.6044396859404212,12,2.3437271118164062,nan,nan,nan,2.3098803758621216,21.3085361718
llasa1b,ct_no_t2_k24,control_word,t2,24,2048,24,attention,wr_no_t2_k24,3.443361282348633,0.0020183920860290527,5.354235569636027e-05,24,9,0.6,19.51067894064545,0.9102633343610463,0.609905072274495,12,2.6189205646514893,nan,nan,nan,2.5550127029418945,21.621737099240864
llasa1b,ct_no_t2_k24,control_word,t2,24,2048,24,attention,wr_no_t2_k24,3.443361282348633,0.0020183920860290527,5.354235569636027e-05,24,10,0.6666666666666666,23.420645714020207,0.9094027219404278,0.6140290752677395,12,3.416055202484131,162.29948274034086,1.2510649382953287,3.754299576212557,3.312368392944336,20.596095837910195
llasa1b,ct_no_t2_k24,control_word,t2,24,2048,24,attention,wr_no_t2_k24,3.443361282348633,0.0020183920860290527,5.354235569636027e-05,24,11,0.7333333333333333,31.89699010899044,0.9076079823201032,0.625667204766522,12,4.376692295074463,nan,nan,nan,4.631035089492798,19.905889014613916
llasa1b,ct_no_t2_k24,control_word,t2,24,2048,24,attention,wr_no_t2_k24,3.443361282348633,0.0020183920860290527,5.354235569636027e-05,24,12,0.8,46.776900765557485,0.9041114219986155,0.6108283473430398,12,5.75748348236084,nan,nan,nan,7.191515922546387,18.575772723318924
llasa1b,ct_no_t2_k24,control_word,t2,24,2048,24,attention,wr_no_t2_k24,3.443361282348633,0.0020183920860290527,5.354235569636027e-05,24,13,0.8666666666666667,65.08743139406276,0.9089018121787893,0.5528713161957783,12,8.12487506866455,nan,nan,nan,12.059901237487793,17.649467017344378
llasa1b,ct_no_t2_k24,control_word,t2,24,2048,24,attention,wr_no_t2_k24,3.443361282348633,0.0020183920860290527,5.354235569636027e-05,24,14,0.9333333333333333,99.04077541058602,0.9093742479724846,0.512185823361405,12,12.758339881896973,nan,nan,nan,18.040839672088623,17.92546811842765
llasa1b,ct_no_t2_k24,control_word,t2,24,2048,24,attention,wr_no_t2_k24,3.443361282348633,0.0020183920860290527,5.354235569636027e-05,24,15,1.0,244.3428388775059,0.9079568579568925,0.5299335583179954,12,23.890850067138672,119.86410598891602,1.5875986637258293,2.449327838727041,38.12021255493164,19.240453212883008
llasa1b,ct_no_t2_k32,control_word,t2,32,1108,32,attention,wr_no_t2_k32,3.6641125679016113,0.0036171674728393555,7.897242903709412e-05,32,0,0.0,2.251337791249918,1.0012842756675073,0.0017187157011437915,22,2.048649787902832,249.14754490568743,0.8284961706154008,4.393026149725233,0.684734433889389,inf
llasa1b,ct_no_t2_k32,control_word,t2,32,1108,32,attention,wr_no_t2_k32,3.6641125679016113,0.0036171674728393555,7.897242903709412e-05,32,1,0.06666666666666667,2.9576781838759034,1.0026355368211477,0.00924981409454273,22,2.686677932739258,nan,nan,nan,1.0784475207328796,inf
llasa1b,ct_no_t2_k32,control_word,t2,32,1108,32,attention,wr_no_t2_k32,3.6641125679016113,0.0036171674728393555,7.897242903709412e-05,32,2,0.13333333333333333,3.486399946354297,1.0024356490071293,0.0069622369931567896,22,3.265537738800049,nan,nan,nan,1.1806843876838684,inf
llasa1b,ct_no_t2_k32,control_word,t2,32,1108,32,attention,wr_no_t2_k32,3.6641125679016113,0.0036171674728393555,7.897242903709412e-05,32,3,0.2,4.003102749884135,1.0065452046883419,0.043260409945879985,22,3.901125431060791,nan,nan,nan,1.4041380882263184,inf
llasa1b,ct_no_t2_k32,control_word,t2,32,1108,32,attention,wr_no_t2_k32,3.6641125679016113,0.0036171674728393555,7.897242903709412e-05,32,4,0.26666666666666666,4.682998618871742,1.0051285077122705,0.02225564658631951,22,4.501800537109375,nan,nan,nan,1.7103135585784912,inf
llasa1b,ct_no_t2_k32,control_word,t2,32,1108,32,attention,wr_no_t2_k32,3.6641125679016113,0.0036171674728393555,7.897242903709412e-05,32,5,0.3333333333333333,5.1542550000410605,1.0061827716882934,0.02956103187743586,22,5.099532127380371,292.2175826365236,0.7963420990661365,2.826061009912359,1.9094266891479492,inf
llasa1b,ct_no_t2_k32,control_word,t2,32,1108,32,attention,wr_no_t2_k32,3.6641125679016113,0.0036171674728393555,7.897242903709412e-05,32,6,0.4,5.675022677563385,1.005501954551312,0.0215493208342189,22,5.597424030303955,nan,nan,nan,2.0492557287216187,inf
llasa1b,ct_no_t2_k32,control_word,t2,32,1108,32,attention,wr_no_t2_k32,3.6641125679016113,0.0036171674728393555,7.897242903709412e-05,32,7,0.4666666666666667,6.323098844421643,1.0050389320674056,0.014451019443163404,22,6.428038120269775,nan,nan,nan,2.1699390411376953,inf
llasa1b,ct_no_t2_k32,control_word,t2,32,1108,32,attention,wr_no_t2_k32,3.6641125679016113,0.0036171674728393555,7.897242903709412e-05,32,8,0.5333333333333333,7.1081157314871914,1.0047261975058224,0.011123026132605629,22,6.985442638397217,nan,nan,nan,2.3098803758621216,inf
llasa1b,ct_no_t2_k32,control_word,t2,32,1108,32,attention,wr_no_t2_k32,3.6641125679016113,0.0036171674728393555,7.897242903709412e-05,32,9,0.6,8.156729925336494,1.004237279019733,0.008523347177067597,22,7.878573894500732,nan,nan,nan,2.5550127029418945,inf
llasa1b,ct_no_t2_k32,control_word,t2,32,1108,32,attention,wr_no_t2_k32,3.6641125679016113,0.0036171674728393555,7.897242903709412e-05,32,10,0.6666666666666666,9.656394803926286,1.0077628051290146,0.02814841902916221,22,9.091411590576172,265.33050705263713,0.9183873847087857,2.372838532875072,3.312368392944336,inf
llasa1b,ct_no_t2_k32,control_word,t2,32,1108,32,attention,wr_no_t2_k32,3.6641125679016113,0.0036171674728393555,7.897242903709412e-05,32,11,0.7333333333333333,13.672578804307772,1.0062772117519863,0.021494138171485933,22,12.380961418151855,nan,nan,nan,4.631035089492798,inf
llasa1b,ct_no_t2_k32,control_word,t2,32,1108,32,attention,wr_no_t2_k32,3.6641125679016113,0.0036171674728393555,7.897242903709412e-05,32,12,0.8,21.566354896880636,1.0030472475633772,0.005709877357729765,22,19.4851016998291,nan,nan,nan,7.191515922546387,inf
llasa1b,ct_no_t2_k32,control_word,t2,32,1108,32,attention,wr_no_t2_k32,3.6641125679016113,0.0036171674728393555,7.897242903709412e-05,32,13,0.8666666666666667,34.80557724609824,0.9996172781513945,9.784823035630108e-05,22,30.773046493530273,nan,nan,nan,12.059901237487793,2768.8223358737973
llasa1b,ct_no_t2_k32,control_word,t2,32,1108,32,attention,wr_no_t2_k32,3.6641125679016113,0.0036171674728393555,7.897242903709412e-05,32,14,0.9333333333333333,52.79156795001512,1.000139798058993,1.0236958740694746e-05,22,45.050628662109375,nan,nan,nan,18.040839672088623,inf
llasa1b,ct_no_t2_k32,control_word,t2,32,1108,32,attention,wr_no_t2_k32,3.6641125679016113,0.0036171674728393555,7.897242903709412e-05,32,15,1.0,105.22296105116733,1.0124481924963995,0.057284085615886715,22,122.60624694824219,231.58826754628248,1.0700048921676355,0.592214033766829,38.12021255493164,inf
llasa1b,ct_quick_t5_k03,control_word,t5,3,863,3,attention,wr_quick_t5_k03,2.250556230545044,0.0010852813720703125,0.0001193682352701823,3,0,0.0,nan,nan,nan,0,0.0,153.89637094470802,1.229286495718269,5.67039768371001,0.684734433889389,inf
llasa1b,ct_quick_t5_k03,control_word,t5,3,863,3,attention,wr_quick_t5_k03,2.250556230545044,0.0010852813720703125,0.0001193682352701823,3,1,0.06666666666666667,nan,nan,nan,0,0.0,nan,nan,nan,1.0784475207328796,inf
llasa1b,ct_quick_t5_k03,control_word,t5,3,863,3,attention,wr_quick_t5_k03,2.250556230545044,0.0010852813720703125,0.0001193682352701823,3,2,0.13333333333333333,nan,nan,nan,0,0.0,nan,nan,nan,1.1806843876838684,inf
llasa1b,ct_quick_t5_k03,control_word,t5,3,863,3,attention,wr_quick_t5_k03,2.250556230545044,0.0010852813720703125,0.0001193682352701823,3,3,0.2,nan,nan,nan,0,0.0,nan,nan,nan,1.4041380882263184,inf
llasa1b,ct_quick_t5_k03,control_word,t5,3,863,3,attention,wr_quick_t5_k03,2.250556230545044,0.0010852813720703125,0.0001193682352701823,3,4,0.26666666666666666,nan,nan,nan,0,0.0,nan,nan,nan,1.7103135585784912,inf
llasa1b,ct_quick_t5_k03,control_word,t5,3,863,3,attention,wr_quick_t5_k03,2.250556230545044,0.0010852813720703125,0.0001193682352701823,3,5,0.3333333333333333,nan,nan,nan,0,0.0,221.63752066621325,0.999118321639575,3.95406183979328,1.9094266891479492,inf
llasa1b,ct_quick_t5_k03,control_word,t5,3,863,3,attention,wr_quick_t5_k03,2.250556230545044,0.0010852813720703125,0.0001193682352701823,3,6,0.4,nan,nan,nan,0,0.0,nan,nan,nan,2.0492557287216187,inf
llasa1b,ct_quick_t5_k03,control_word,t5,3,863,3,attention,wr_quick_t5_k03,2.250556230545044,0.0010852813720703125,0.0001193682352701823,3,7,0.4666666666666667,nan,nan,nan,0,0.0,nan,nan,nan,2.1699390411376953,inf
llasa1b,ct_quick_t5_k03,control_word,t5,3,863,3,attention,wr_quick_t5_k03,2.250556230545044,0.0010852813720703125,0.0001193682352701823,3,8,0.5333333333333333,nan,nan,nan,0,0.0,nan,nan,nan,2.3098803758621216,inf
llasa1b,ct_quick_t5_k03,control_word,t5,3,863,3,attention,wr_quick_t5_k03,2.250556230545044,0.0010852813720703125,0.0001193682352701823,3,9,0.6,nan,nan,nan,0,0.0,nan,nan,nan,2.5550127029418945,inf
llasa1b,ct_quick_t5_k03,control_word,t5,3,863,3,attention,wr_quick_t5_k03,2.250556230545044,0.0010852813720703125,0.0001193682352701823,3,10,0.6666666666666666,nan,nan,nan,0,0.0,196.4507192669206,1.090470418243008,3.426900651420112,3.312368392944336,inf
llasa1b,ct_quick_t5_k03,control_word,t5,3,863,3,attention,wr_quick_t5_k03,2.250556230545044,0.0010852813720703125,0.0001193682352701823,3,11,0.7333333333333333,nan,nan,nan,0,0.0,nan,nan,nan,4.631035089492798,inf
llasa1b,ct_quick_t5_k03,control_word,t5,3,863,3,attention,wr_quick_t5_k03,2.250556230545044,0.0010852813720703125,0.0001193682352701823,3,12,0.8,nan,nan,nan,0,0.0,nan,nan,nan,7.191515922546387,inf
llasa1b,ct_quick_t5_k03,control_word,t5,3,863,3,attention,wr_quick_t5_k03,2.250556230545044,0.0010852813720703125,0.0001193682352701823,3,13,0.8666666666666667,nan,nan,nan,0,0.0,nan,nan,nan,12.059901237487793,inf
llasa1b,ct_quick_t5_k03,control_word,t5,3,863,3,attention,wr_quick_t5_k03,2.250556230545044,0.0010852813720703125,0.0001193682352701823,3,14,0.9333333333333333,nan,nan,nan,0,0.0,nan,nan,nan,18.040839672088623,inf
llasa1b,ct_quick_t5_k03,control_word,t5,3,863,3,attention,wr_quick_t5_k03,2.250556230545044,0.0010852813720703125,0.0001193682352701823,3,15,1.0,nan,nan,nan,0,0.0,139.13939532628518,1.3351233989696363,2.0327353149256746,38.12021255493164,inf
llasa1b,ct_quick_t5_k04,control_word,t5,4,351,4,attention,wr_quick_t5_k04,2.3505771160125732,0.002261638641357422,0.00017952919006347656,4,0,0.0,nan,nan,nan,0,0.0,163.60215924002082,0.9198405773656697,3.9891076340250327,0.684734433889389,inf
llasa1b,ct_quick_t5_k04,control_word,t5,4,351,4,attention,wr_quick_t5_k04,2.3505771160125732,0.002261638641357422,0.00017952919006347656,4,1,0.06666666666666667,nan,nan,nan,0,0.0,nan,nan,nan,1.0784475207328796,inf
llasa1b,ct_quick_t5_k04,control_word,t5,4,351,4,attention,wr_quick_t5_k04,2.3505771160125732,0.002261638641357422,0.00017952919006347656,4,2,0.13333333333333333,nan,nan,nan,0,0.0,nan,nan,nan,1.1806843876838684,inf
llasa1b,ct_quick_t5_k04,control_word,t5,4,351,4,attention,wr_quick_t5_k04,2.3505771160125732,0.002261638641357422,0.00017952919006347656,4,3,0.2,nan,nan,nan,0,0.0,nan,nan,nan,1.4041380882263184,inf
llasa1b,ct_quick_t5_k04,control_word,t5,4,351,4,attention,wr_quick_t5_k04,2.3505771160125732,0.002261638641357422,0.00017952919006347656,4,4,0.26666666666666666,nan,nan,nan,0,0.0,nan,nan,nan,1.7103135585784912,inf
llasa1b,ct_quick_t5_k04,control_word,t5,4,351,4,attention,wr_quick_t5_k04,2.3505771160125732,0.002261638641357422,0.00017952919006347656,4,5,0.3333333333333333,nan,nan,nan,0,0.0,206.3192716777204,0.792071548403708,2.572659934997695,1.9094266891479492,inf
llasa1b,ct_quick_t5_k04,control_word,t5,4,351,4,attention,wr_quick_t5_k04,2.3505771160125732,0.002261638641357422,0.00017952919006347656,4,6,0.4,nan,nan,nan,0,0.0,nan,nan,nan,2.0492557287216187,inf
llasa1b,ct_quick_t5_k04,control_word,t5,4,351,4,attention,wr_quick_t5_k04,2.3505771160125732,0.002261638641357422,0.00017952919006347656,4,7,0.4666666666666667,nan,nan,nan,0,0.0,nan,nan,nan,2.1699390411376953,inf
llasa1b,ct_quick_t5_k04,control_word,t5,4,351,4,attention,wr_quick_t5_k04,2.3505771160125732,0.002261638641357422,0.00017952919006347656,4,8,0.5333333333333333,nan,nan,nan,0,0.0,nan,nan,nan,2.3098803758621216,inf
llasa1b,ct_quick_t5_k04,control_word,t5,4,351,4,attention,wr_quick_t5_k04,2.3505771160125732,0.002261638641357422,0.00017952919006347656,4,9,0.6,nan,nan,nan,0,0.0,nan,nan,nan,2.5550127029418945,inf
llasa1b,ct_quick_t5_k04,control_word,t5,4,351,4,attention,wr_quick_t5_k04,2.3505771160125732,0.002261638641357422,0.00017952919006347656,4,10,0.6666666666666666,nan,nan,nan,0,0.0,177.3654643696018,0.9490310970154585,2.3203093666522774,3.312368392944336,inf
llasa1b,ct_quick_t5_k04,control_word,t5,4,351,4,attention,wr_quick_t5_k04,2.3505771160125732,0.002261638641357422,0.00017952919006347656,4,11,0.7333333333333333,nan,nan,nan,0,0.0,nan,nan,nan,4.631035089492798,inf
llasa1b,ct_quick_t5_k04,control_word,t5,4,351,4,attention,wr_quick_t5_k04,2.3505771160125732,0.002261638641357422,0.00017952919006347656,4,12,0.8,nan,nan,nan,0,0.0,nan,nan,nan,7.191515922546387,inf
llasa1b,ct_quick_t5_k04,control_word,t5,4,351,4,attention,wr_quick_t5_k04,2.3505771160125732,0.002261638641357422,0.00017952919006347656,4,13,0.8666666666666667,nan,nan,nan,0,0.0,nan,nan,nan,12.059901237487793,inf
llasa1b,ct_quick_t5_k04,control_word,t5,4,351,4,attention,wr_quick_t5_k04,2.3505771160125732,0.002261638641357422,0.00017952919006347656,4,14,0.9333333333333333,nan,nan,nan,0,0.0,nan,nan,nan,18.040839672088623,inf
llasa1b,ct_quick_t5_k04,control_word,t5,4,351,4,attention,wr_quick_t5_k04,2.3505771160125732,0.002261638641357422,0.00017952919006347656,4,15,1.0,nan,nan,nan,0,0.0,140.3924576978843,1.1303996861951664,0.786573231992535,38.12021255493164,inf
llasa1b,ct_quick_t5_k06,control_word,t5,6,338,6,attention,wr_quick_t5_k06,2.475446939468384,0.004704713821411133,0.00032973289489746094,6,0,0.0,nan,nan,nan,3,1.9569615125656128,178.9950038012084,0.8060199669352823,3.566080529001184,0.684734433889389,inf
llasa1b,ct_quick_t5_k06,control_word,t5,6,338,6,attention,wr_quick_t5_k06,2.475446939468384,0.004704713821411133,0.00032973289489746094,6,1,0.06666666666666667,nan,nan,nan,3,2.5888497829437256,nan,nan,nan,1.0784475207328796,inf
llasa1b,ct_quick_t5_k06,control_word,t5,6,338,6,attention,wr_quick_t5_k06,2.475446939468384,0.004704713821411133,0.00032973289489746094,6,2,0.13333333333333333,nan,nan,nan,3,3.0873754024505615,nan,nan,nan,1.1806843876838684,inf
llasa1b,ct_quick_t5_k06,control_word,t5,6,338,6,attention,wr_quick_t5_k06,2.475446939468384,0.004704713821411133,0.00032973289489746094,6,3,0.2,nan,nan,nan,3,3.9864678382873535,nan,nan,nan,1.4041380882263184,inf
llasa1b,ct_quick_t5_k06,control_word,t5,6,338,6,attention,wr_quick_t5_k06,2.475446939468384,0.004704713821411133,0.00032973289489746094,6,4,0.26666666666666666,nan,nan,nan,3,6.110377788543701,nan,nan,nan,1.7103135585784912,inf
llasa1b,ct_quick_t5_k06,control_word,t5,6,338,6,attention,wr_quick_t5_k06,2.475446939468384,0.004704713821411133,0.00032973289489746094,6,5,0.3333333333333333,nan,nan,nan,3,6.830246925354004,212.70241371766448,0.7466201660559979,2.2995716778735833,1.9094266891479492,inf
llasa1b,ct_quick_t5_k06,control_word,t5,6,338,6,attention,wr_quick_t5_k06,2.475446939468384,0.004704713821411133,0.00032973289489746094,6,6,0.4,nan,nan,nan,3,6.885167598724365,nan,nan,nan,2.0492557287216187,inf
llasa1b,ct_quick_t5_k06,control_word,t5,6,338,6,attention,wr_quick_t5_k06,2.475446939468384,0.004704713821411133,0.00032973289489746094,6,7,0.4666666666666667,nan,nan,nan,3,8.248200416564941,nan,nan,nan,2.1699390411376953,inf
llasa1b,ct_quick_t5_k06,control_word,t5,6,338,6,attention,wr_quick_t5_k06,2.475446939468384,0.004704713821411133,0.00032973289489746094,6,8,0.5333333333333333,nan,nan,nan,3,7.625082492828369,nan,nan,nan,2.3098803758621216,inf
llasa1b,ct_quick_t5_k06,control_word,t5,6,338,6,attention,wr_quick_t5_k06,2.475446939468384,0.004704713821411133,0.00032973289489746094,6,9,0.6,nan,nan,nan,3,8.901968002319336,nan,nan,nan,2.5550127029418945,inf
llasa1b,ct_quick_t5_k06,control_word,t5,6,338,6,attention,wr_quick_t5_k06,2.475446939468384,0.004704713821411133,0.00032973289489746094,6,10,0.6666666666666666,nan,nan,nan,3,11.314048767089844,194.88966627905097,0.8734775620363238,2.0081571674678003,3.312368392944336,inf
llasa1b,ct_quick_t5_k06,control_word,t5,6,338,6,attention,wr_quick_t5_k06,2.475446939468384,0.004704713821411133,0.00032973289489746094,6,11,0.7333333333333333,nan,nan,nan,3,15.779372215270996,nan,nan,nan,4.631035089492798,inf
llasa1b,ct_quick_t5_k06,control_word,t5,6,338,6,attention,wr_quick_t5_k06,2.475446939468384,0.004704713821411133,0.00032973289489746094,6,12,0.8,nan,nan,nan,3,28.913110733032227,nan,nan,nan,7.191515922546387,inf
llasa1b,ct_quick_t5_k06,control_word,t5,6,338,6,attention,wr_quick_t5_k06,2.475446939468384,0.004704713821411133,0.00032973289489746094,6,13,0.8666666666666667,nan,nan,nan,3,47.2834358215332,nan,nan,nan,12.059901237487793,inf
llasa1b,ct_quick_t5_k06,control_word,t5,6,338,6,attention,wr_quick_t5_k06,2.475446939468384,0.004704713821411133,0.00032973289489746094,6,14,0.9333333333333333,nan,nan,nan,3,69.14212799072266,nan,nan,nan,18.040839672088623,inf
llasa1b,ct_quick_t5_k06,control_word,t5,6,338,6,attention,wr_quick_t5_k06,2.475446939468384,0.004704713821411133,0.00032973289489746094,6,15,1.0,nan,nan,nan,3,189.6943817138672,174.0902211492309,0.9864597233997702,0.08845065460735108,38.12021255493164,inf
llasa1b,ct_quick_t5_k08,control_word,t5,8,471,8,attention,wr_quick_t5_k08,2.620539426803589,0.003908634185791016,0.0002498626708984375,8,0,0.0,2.9068077261564214,0.972095143088251,0.19709755160431663,5,2.4682302474975586,228.76718570423742,0.8238795943719306,4.209780701450423,0.684734433889389,51.084741231881374
llasa1b,ct_quick_t5_k08,control_word,t5,8,471,8,attention,wr_quick_t5_k08,2.620539426803589,0.003908634185791016,0.0002498626708984375,8,1,0.06666666666666667,3.6621348396532296,0.9732492302861541,0.24655001744874583,5,2.9755475521087646,nan,nan,nan,1.0784475207328796,45.08648284144452
llasa1b,ct_quick_t5_k08,control_word,t5,8,471,8,attention,wr_quick_t5_k08,2.620539426803589,0.003908634185791016,0.0002498626708984375,8,2,0.13333333333333333,4.554025362770961,0.9611451549374805,0.5528772119224212,5,3.593735694885254,nan,nan,nan,1.1806843876838684,34.06315603621389
llasa1b,ct_quick_t5_k08,control_word,t5,8,471,8,attention,wr_quick_t5_k08,2.620539426803589,0.003908634185791016,0.0002498626708984375,8,3,0.2,5.274500516956817,0.9577324784676897,0.8511681603831124,5,4.108125686645508,nan,nan,nan,1.4041380882263184,30.64502665378565
llasa1b,ct_quick_t5_k08,control_word,t5,8,471,8,attention,wr_quick_t5_k08,2.620539426803589,0.003908634185791016,0.0002498626708984375,8,4,0.26666666666666666,6.5845421445830405,0.9520074714378731,0.44617083278520286,5,4.677526950836182,nan,nan,nan,1.7103135585784912,27.40915833867327
llasa1b,ct_quick_t5_k08,control_word,t5,8,471,8,attention,wr_quick_t5_k08,2.620539426803589,0.003908634185791016,0.0002498626708984375,8,5,0.3333333333333333,7.441460198599518,0.9500352462431266,0.4261348566854619,5,5.405698776245117,282.0079954967941,0.7660602050252888,2.6674561622672637,1.9094266891479492,26.538530441157885
llasa1b,ct_quick_t5_k08,control_word,t5,8,471,8,attention,wr_quick_t5_k08,2.620539426803589,0.003908634185791016,0.0002498626708984375,8,6,0.4,8.99633574869941,0.9306476046993867,0.5320777911515573,5,5.8350419998168945,nan,nan,nan,2.0492557287216187,20.582249845940403
llasa1b,ct_quick_t5_k08,control_word,t5,8,471,8,attention,wr_quick_t5_k08,2.620539426803589,0.003908634185791016,0.0002498626708984375,8,7,0.4666666666666667,11.086445637808474,0.9091333302647918,0.6634338695844084,5,6.596911430358887,nan,nan,nan,2.1699390411376953,17.121183575676962
llasa1b,ct_quick_t5_k08,control_word,t5,8,471,8,attention,wr_quick_t5_k08,2.620539426803589,0.003908634185791016,0.0002498626708984375,8,8,0.5333333333333333,14.120718062415007,0.8980934811503385,0.5787168744073404,5,8.176515579223633,nan,nan,nan,2.3098803758621216,16.84432950402206
llasa1b,ct_quick_t5_k08,control_word,t5,8,471,8,attention,wr_quick_t5_k08,2.620539426803589,0.003908634185791016,0.0002498626708984375,8,9,0.6,15.878599104134755,0.9102503300531409,0.549990663329037,5,10.849272727966309,nan,nan,nan,2.5550127029418945,19.427902507485637
llasa1b,ct_quick_t5_k08,control_word,t5,8,471,8,attention,wr_quick_t5_k08,2.620539426803589,0.003908634185791016,0.0002498626708984375,8,10,0.6666666666666666,19.442438214248657,0.9186317263399794,0.4936638657663639,5,14.422772407531738,248.5512317075937,0.9310438425857386,2.3468606481264858,3.312368392944336,20.853014960332246
llasa1b,ct_quick_t5_k08,control_word,t5,8,471,8,attention,wr_quick_t5_k08,2.620539426803589,0.003908634185791016,0.0002498626708984375,8,11,0.7333333333333333,24.23775879907613,0.9533490339181492,0.3755075677359704,5,21.627920150756836,nan,nan,nan,4.631035089492798,34.64488097762379
llasa1b,ct_quick_t5_k08,control_word,t5,8,471,8,attention,wr_quick_t5_k08,2.620539426803589,0.003908634185791016,0.0002498626708984375,8,12,0.8,33.90219764939486,0.9792277682858422,0.18273217757292115,5,31.84700584411621,nan,nan,nan,7.191515922546387,73.86866521211428
llasa1b,ct_quick_t5_k08,control_word,t5,8,471,8,attention,wr_quick_t5_k08,2.620539426803589,0.003908634185791016,0.0002498626708984375,8,13,0.8666666666666667,47.41545445523097,1.0119070282405183,0.0782732194589979,5,45.015132904052734,nan,nan,nan,12.059901237487793,inf
llasa1b,ct_quick_t5_k08,control_word,t5,8,471,8,attention,wr_quick_t5_k08,2.620539426803589,0.003908634185791016,0.0002498626708984375,8,14,0.9333333333333333,67.23392584168046,1.0438653566236111,0.42347011289682945,5,73.91793823242188,nan,nan,nan,18.040839672088623,inf
llasa1b,ct_quick_t5_k08,control_word,t5,8,471,8,attention,wr_quick_t5_k08,2.620539426803589,0.003908634185791016,0.0002498626708984375,8,15,1.0,186.1961893554392,0.976603596980691,0.22770109777768643,5,160.15379333496094,210.87639528310964,1.0488662228342513,0.5534213749965249,38.12021255493164,66.99444479266504
llasa1b,ct_quick_t5_k12,control_word,t5,12,548,12,attention,wr_quick_t5_k12,2.866943120956421,0.004195451736450195,0.00022041797637939453,12,0,0.0,2.621846897509975,1.0178654435237626,0.084045031005756,7,2.6795170307159424,253.13814613350732,0.8238057175393569,3.697738582666255,0.684734433889389,inf
llasa1b,ct_quick_t5_k12,control_word,t5,12,548,12,attention,wr_quick_t5_k12,2.866943120956421,0.004195451736450195,0.00022041797637939453,12,1,0.06666666666666667,3.56024884884613,1.008672319943347,0.035063344191759827,7,3.5808398723602295,nan,nan,nan,1.0784475207328796,inf
llasa1b,ct_quick_t5_k12,control_word,t5,12,548,12,attention,wr_quick_t5_k12,2.866943120956421,0.004195451736450195,0.00022041797637939453,12,2,0.13333333333333333,3.9882801881827,1.007493405864642,0.017558451105975537,7,3.9449045658111572,nan,nan,nan,1.1806843876838684,inf
llasa1b,ct_quick_t5_k12,control_word,t5,12,548,12,attention,wr_quick_t5_k12,2.866943120956421,0.004195451736450195,0.00022041797637939453,12,3,0.2,5.2927331385392105,0.9897737358017556,0.03500683179926811,7,4.601786136627197,nan,nan,nan,1.4041380882263184,129.09062381026231
llasa1b,ct_quick_t5_k12,control_word,t5,12,548,12,attention,wr_quick_t5_k12,2.866943120956421,0.004195451736450195,0.00022041797637939453,12,4,0.26666666666666666,7.316927625490126,0.9655128158762265,0.6484780376628834,7,5.477335453033447,nan,nan,nan,1.7103135585784912,41.41548315765172
llasa1b,ct_quick_t5_k12,control_word,t5,12,548,12,attention,wr_quick_t5_k12,2.866943120956421,0.004195451736450195,0.00022041797637939453,12,5,0.3333333333333333,8.354034714712308,0.9613680514011096,0.7548891032264496,7,6.031611919403076,309.40929872992416,0.7689053219028013,2.5913215034782877,1.9094266891479492,37.46239042591812
llasa1b,ct_quick_t5_k12,control_word,t5,12,548,12,attention,wr_quick_t5_k12,2.866943120956421,0.004195451736450195,0.00022041797637939453,12,6,0.4,8.295468431884172,0.9687339742398859,0.6335549489755875,7,6.332779884338379,nan,nan,nan,2.0492557287216187,44.01769588415271
llasa1b,ct_quick_t5_k12,control_word,t5,12,548,12,attention,wr_quick_t5_k12,2.866943120956421,0.004195451736450195,0.00022041797637939453,12,7,0.4666666666666667,9.146157160035527,0.9682357664092404,0.560234891613446,7,6.901015758514404,nan,nan,nan,2.1699390411376953,44.56783892769453
llasa1b,ct_quick_t5_k12,control_word,t5,12,548,12,attention,wr_quick_t5_k12,2.866943120956421,0.004195451736450195,0.00022041797637939453,12,8,0.5333333333333333,9.569333101100904,0.9771427247293446,0.23701740682404382,7,7.503497123718262,nan,nan,nan,2.3098803758621216,61.47105741195109
llasa1b,ct_quick_t5_k12,control_word,t5,12,548,12,attention,wr_quick_t5_k12,2.866943120956421,0.004195451736450195,0.00022041797637939453,12,9,0.6,11.44967313278179,0.9755207074914304,0.29240519238241136,7,9.144709587097168,nan,nan,nan,2.5550127029418945,60.51930876591319
llasa1b,ct_quick_t5_k12,control_word,t5,12,548,12,attention,wr_quick_t5_k12,2.866943120956421,0.004195451736450195,0.00022041797637939453,12,10,0.6666666666666666,14.345426693695316,0.97594602300675,0.254195740216014,7,11.391579627990723,278.03756943197425,0.9178188533700594,2.320150239445719,3.312368392944336,60.2007487536431
llasa1b,ct_quick_t5_k12,control_word,t5,12,548,12,attention,wr_quick_t5_k12,2.866943120956421,0.004195451736450195,0.00022041797637939453,12,11,0.7333333333333333,20.159068893763596,0.9791382032820286,0.20228505021987442,7,15.864501953125,nan,nan,nan,4.631035089492798,69.76759607061473
llasa1b,ct_quick_t5_k12,control_word,t5,12,548,12,attention,wr_quick_t5_k12,2.866943120956421,0.004195451736450195,0.00022041797637939453,12,12,0.8,31.8913749717307,0.9803289696908347,0.3064165808169804,7,26.0588321685791,nan,nan,nan,7.191515922546387,74.9699295214982
llasa1b,ct_quick_t5_k12,control_word,t5,12,548,12,attention,wr_quick_t5_k12,2.866943120956421,0.004195451736450195,0.00022041797637939453,12,13,0.8666666666666667,47.859339311835136,0.994650192981093,0.09410389662986729,7,44.14799880981445,nan,nan,nan,12.059901237487793,256.96066052033797
llasa1b,ct_quick_t5_k12,control_word,t5,12,548,12,attention,wr_quick_t5_k12,2.866943120956421,0.004195451736450195,0.00022041797637939453,12,14,0.9333333333333333,72.91146293585025,1.0081062827453495,0.3824626949743811,7,74.48922729492188,nan,nan,nan,18.040839672088623,inf
llasa1b,ct_quick_t5_k12,control_word,t5,12,548,12,attention,wr_quick_t5_k12,2.866943120956421,0.004195451736450195,0.00022041797637939453,12,15,1.0,163.46015259154436,1.0087004764372385,0.04625756008001314,7,163.62232971191406,237.75424124442097,1.0458603161187168,0.3887715047912191,38.12021255493164,inf
llasa1b,ct_quick_t5_k16,control_word,t5,16,936,16,attention,wr_quick_t5_k16,3.0645289421081543,0.0028873085975646973,0.00011914968490600586,16,0,0.0,3.4606297524610823,0.9345022737570665,0.35543027743776223,12,2.171142816543579,196.15165797316013,1.0286570724573998,5.420566682301406,0.684734433889389,23.91711885827066
llasa1b,ct_quick_t5_k16,control_word,t5,16,936,16,attention,wr_quick_t5_k16,3.0645289421081543,0.0028873085975646973,0.00011914968490600586,16,1,0.06666666666666667,4.265708296768772,0.9441272818527798,0.3315329172271335,12,2.774641513824463,nan,nan,nan,1.0784475207328796,23.91690941763362
llasa1b,ct_quick_t5_k16,control_word,t5,16,936,16,attention,wr_quick_t5_k16,3.0645289421081543,0.0028873085975646973,0.00011914968490600586,16,2,0.13333333333333333,5.3918481015340225,0.938535311763189,0.4033992117474051,12,3.5921647548675537,nan,nan,nan,1.1806843876838684,23.942599205778592
llasa1b,ct_quick_t5_k16,control_word,t5,16,936,16,attention,wr_quick_t5_k16,3.0645289421081543,0.0028873085975646973,0.00011914968490600586,16,3,0.2,6.377511396185326,0.9401852487924772,0.4164251435466082,12,3.8787944316864014,nan,nan,nan,1.4041380882263184,24.536231999828367
llasa1b,ct_quick_t5_k16,control_word,t5,16,936,16,attention,wr_quick_t5_k16,3.0645289421081543,0.0028873085975646973,0.00011914968490600586,16,4,0.26666666666666666,8.466975270690774,0.9359134052258937,0.459324898274695,12,5.480217456817627,nan,nan,nan,1.7103135585784912,24.14978896493887
llasa1b,ct_quick_t5_k16,control_word,t5,16,936,16,attention,wr_quick_t5_k16,3.0645289421081543,0.0028873085975646973,0.00011914968490600586,16,5,0.3333333333333333,9.07464788629636,0.9405295976835869,0.425930765418982,12,5.846246242523193,263.10614787969143,0.8379761401011009,3.423796369847812,1.9094266891479492,25.422061953763755
llasa1b,ct_quick_t5_k16,control_word,t5,16,936,16,attention,wr_quick_t5_k16,3.0645289421081543,0.0028873085975646973,0.00011914968490600586,16,6,0.4,9.811827471635263,0.9411428561967938,0.468425507465704,12,6.337114334106445,nan,nan,nan,2.0492557287216187,25.81772428219386
llasa1b,ct_quick_t5_k16,control_word,t5,16,936,16,attention,wr_quick_t5_k16,3.0645289421081543,0.0028873085975646973,0.00011914968490600586,16,7,0.4666666666666667,11.042038664164444,0.9365440557795663,0.48192565373716667,12,7.233158588409424,nan,nan,nan,2.1699390411376953,24.81760975769634
llasa1b,ct_quick_t5_k16,control_word,t5,16,936,16,attention,wr_quick_t5_k16,3.0645289421081543,0.0028873085975646973,0.00011914968490600586,16,8,0.5333333333333333,13.594868145157665,0.9289063817548161,0.4943655500745887,12,9.16181755065918,nan,nan,nan,2.3098803758621216,24.0347266889899
llasa1b,ct_quick_t5_k16,control_word,t5,16,936,16,attention,wr_quick_t5_k16,3.0645289421081543,0.0028873085975646973,0.00011914968490600586,16,9,0.6,15.51871195903355,0.9284924989859551,0.5050880323819544,12,10.166946411132812,nan,nan,nan,2.5550127029418945,24.314826010810677
llasa1b,ct_quick_t5_k16,control_word,t5,16,936,16,attention,wr_quick_t5_k16,3.0645289421081543,0.0028873085975646973,0.00011914968490600586,16,10,0.6666666666666666,18.65191124455292,0.930477658472705,0.43561460151507336,12,12.34378433227539,245.73600062692333,0.9581475218579435,3.0118330686327734,3.312368392944336,23.9849014158734
llasa1b,ct_quick_t5_k16,control_word,t5,16,936,16,attention,wr_quick_t5_k16,3.0645289421081543,0.0028873085975646973,0.00011914968490600586,16,11,0.7333333333333333,25.134039177008905,0.9314413546397036,0.380921776682251,12,15.853644371032715,nan,nan,nan,4.631035089492798,23.815740202513986
llasa1b,ct_quick_t5_k16,control_word,t5,16,936,16,attention,wr_quick_t5_k16,3.0645289421081543,0.0028873085975646973,0.00011914968490600586,16,12,0.8,39.01510509680605,0.9264269410213469,0.378526062146722,12,25.61762046813965,nan,nan,nan,7.191515922546387,22.128302495153665
llasa1b,ct_quick_t5_k16,control_word,t5,16,936,16,attention,wr_quick_t5_k16,3.0645289421081543,0.0028873085975646973,0.00011914968490600586,16,13,0.8666666666666667,63.61140702159203,0.9192839473494833,0.4015101513845549,12,41.09724807739258,nan,nan,nan,12.059901237487793,19.758819650118895
llasa1b,ct_quick_t5_k16,control_word,t5,16,936,16,attention,wr_quick_t5_k16,3.0645289421081543,0.0028873085975646973,0.00011914968490600586,16,14,0.9333333333333333,99.65124950806704,0.9152897419234395,0.3638333381543408,12,58.72239685058594,nan,nan,nan,18.040839672088623,19.30798321723943
llasa1b,ct_quick_t5_k16,control_word,t5,16,936,16,attention,wr_quick_t5_k16,3.0645289421081543,0.0028873085975646973,0.00011914968490600586,16,15,1.0,253.9812887787712,0.902794814340669,0.4339376752722295,12,125.79685974121094,194.48163693387568,1.2058153383726051,1.8079719136333514,38.12021255493164,18.546023380058795
llasa1b,ct_quick_t5_k24,control_word,t5,24,1044,24,attention,wr_quick_t5_k24,3.366039514541626,0.004036664962768555,0.00012520949045817056,24,0,0.0,2.562970784708117,1.0002239966531628,5.0935868304402554e-05,12,1.83501398563385,248.78033697888327,0.8336855414593763,3.6854333079552073,0.684734433889389,inf
llasa1b,ct_quick_t5_k24,control_word,t5,24,1044,24,attention,wr_quick_t5_k24,3.366039514541626,0.004036664962768555,0.00012520949045817056,24,1,0.06666666666666667,3.391076281231585,0.9983897425521719,0.0025177482937754903,12,2.25929594039917,nan,nan,nan,1.0784475207328796,710.8814868505951
llasa1b,ct_quick_t5_k24,control_word,t5,24,1044,24,attention,wr_quick_t5_k24,3.366039514541626,0.004036664962768555,0.00012520949045817056,24,2,0.13333333333333333,4.293746457701094,0.9942687391238537,0.031657140860401056,12,2.716688394546509,nan,nan,nan,1.1806843876838684,224.62110161303838
llasa1b,ct_quick_t5_k24,control_word,t5,24,1044,24,attention,wr_quick_t5_k24,3.366039514541626,0.004036664962768555,0.00012520949045817056,24,3,0.2,5.249315572173729,0.9920621121184586,0.07027069394454533,12,3.3041326999664307,nan,nan,nan,1.4041380882263184,165.46383259163846
llasa1b,ct_quick_t5_k24,control_word,t5,24,1044,24,attention,wr_quick_t5_k24,3.366039514541626,0.004036664962768555,0.00012520949045817056,24,4,0.26666666666666666,6.606300735916197,0.9867162120638596,0.18474213745701384,12,3.868381977081299,nan,nan,nan,1.7103135585784912,101.05187066005
llasa1b,ct_quick_t5_k24,control_word,t5,24,1044,24,attention,wr_quick_t5_k24,3.366039514541626,0.004036664962768555,0.00012520949045817056,24,5,0.3333333333333333,7.351963693722461,0.9866022804762692,0.19352973675144913,12,4.1984405517578125,310.32494979664494,0.7606817504310406,2.542695353802778,1.9094266891479492,99.95081203049473
llasa1b,ct_quick_t5_k24,control_word,t5,24,1044,24,attention,wr_quick_t5_k24,3.366039514541626,0.004036664962768555,0.00012520949045817056,24,6,0.4,8.093672489065572,0.9845840676312115,0.24293595144764402,12,4.377148628234863,nan,nan,nan,2.0492557287216187,88.4144246756539
llasa1b,ct_quick_t5_k24,control_word,t5,24,1044,24,attention,wr_quick_t5_k24,3.366039514541626,0.004036664962768555,0.00012520949045817056,24,7,0.4666666666666667,9.700267186606986,0.9803268251638309,0.2878360023711848,12,4.585756778717041,nan,nan,nan,2.1699390411376953,75.36535145466725
llasa1b,ct_quick_t5_k24,control_word,t5,24,1044,24,attention,wr_quick_t5_k24,3.366039514541626,0.004036664962768555,0.00012520949045817056,24,8,0.5333333333333333,10.469181391162317,0.9816206449941646,0.2516786405985939,12,4.866016387939453,nan,nan,nan,2.3098803758621216,81.46691498071286
llasa1b,ct_quick_t5_k24,control_word,t5,24,1044,24,attention,wr_quick_t5_k24,3.366039514541626,0.004036664962768555,0.00012520949045817056,24,9,0.6,12.233763393818974,0.9811401096644341,0.2145405729778609,12,5.315327167510986,nan,nan,nan,2.5550127029418945,82.2553522212952
llasa1b,ct_quick_t5_k24,control_word,t5,24,1044,24,attention,wr_quick_t5_k24,3.366039514541626,0.004036664962768555,0.00012520949045817056,24,10,0.6666666666666666,15.164701822648599,0.9841155436612693,0.16868787348399328,12,6.634952068328857,285.7312998589424,0.8760082346571662,2.181307368739651,3.312368392944336,95.01063019532198
llasa1b,ct_quick_t5_k24,control_word,t5,24,1044,24,attention,wr_quick_t5_k24,3.366039514541626,0.004036664962768555,0.00012520949045817056,24,11,0.7333333333333333,19.828497001659738,0.9891278356730114,0.09256865826748373,12,9.613289833068848,nan,nan,nan,4.631035089492798,133.0387752580289
llasa1b,ct_quick_t5_k24,control_word,t5,24,1044,24,attention,wr_quick_t5_k24,3.366039514541626,0.004036664962768555,0.00012520949045817056,24,12,0.8,27.534299665686568,0.9960961876615925,0.015009002879973976,12,15.656978607177734,nan,nan,nan,7.191515922546387,343.23071471695977
llasa1b,ct_quick_t5_k24,control_word,t5,24,1044,24,attention,wr_quick_t5_k24,3.366039514541626,0.004036664962768555,0.00012520949045817056,24,13,0.8666666666666667,41.49745341366344,1.00039215099218,0.000155371553458461,12,25.07864761352539,nan,nan,nan,12.059901237487793,inf
llasa1b,ct_quick_t5_k24,control_word,t5,24,1044,24,attention,wr_quick_t5_k24,3.366039514541626,0.004036664962768555,0.00012520949045817056,24,14,0.9333333333333333,61.82430584653015,1.0051003492454942,0.02345270667826249,12,43.19669723510742,nan,nan,nan,18.040839672088623,inf
llasa1b,ct_quick_t5_k24,control_word,t5,24,1044,24,attention,wr_quick_t5_k24,3.366039514541626,0.004036664962768555,0.00012520949045817056,24,15,1.0,133.3222070729249,1.0075361739666773,0.039569005384713085,12,89.17240905761719,235.21208210013876,1.0552535858784238,0.42134840913595034,38.12021255493164,inf
llasa1b,ct_quick_t5_k32,control_word,t5,32,1209,32,attention,wr_quick_t5_k32,3.594907522201538,0.003939032554626465,0.00010009109973907471,32,0,0.0,2.4498789623057613,1.0082241250218158,0.18501134605936653,20,2.36545467376709,246.76792363552445,0.8336277594987422,3.7046299460889274,0.684734433889389,inf
llasa1b,ct_quick_t5_k32,control_word,t5,32,1209,32,attention,wr_quick_t5_k32,3.594907522201538,0.003939032554626465,0.00010009109973907471,32,1,0.06666666666666667,3.2733752612063802,1.0059602166345847,0.10126312703555806,20,3.044995069503784,nan,nan,nan,1.0784475207328796,inf
llasa1b,ct_quick_t5_k32,control_word,t5,32,1209,32,attention,wr_quick_t5_k32,3.594907522201538,0.003939032554626465,0.00010009109973907471,32,2,0.13333333333333333,3.9173759105749593,1.003638514545887,0.037838138894310536,20,3.666566848754883,nan,nan,nan,1.1806843876838684,inf
llasa1b,ct_quick_t5_k32,control_word,t5,32,1209,32,attention,wr_quick_t5_k32,3.594907522201538,0.003939032554626465,0.00010009109973907471,32,3,0.2,4.827117610625379,1.0017213063154948,0.009129944465015027,20,4.48829984664917,nan,nan,nan,1.4041380882263184,inf
llasa1b,ct_quick_t5_k32,control_word,t5,32,1209,32,attention,wr_quick_t5_k32,3.594907522201538,0.003939032554626465,0.00010009109973907471,32,4,0.26666666666666666,6.167419790696217,0.996635898984334,0.026288030911730487,20,5.1442952156066895,nan,nan,nan,1.7103135585784912,380.62032644604074
llasa1b,ct_quick_t5_k32,control_word,t5,32,1209,32,attention,wr_quick_t5_k32,3.594907522201538,0.003939032554626465,0.00010009109973907471,32,5,0.3333333333333333,6.7739239567301555,0.99628635601893,0.03418907049293041,20,5.625918865203857,307.7464999352674,0.7663932380711962,2.5559159174556747,1.9094266891479492,340.3462450566154
llasa1b,ct_quick_t5_k32,control_word,t5,32,1209,32,attention,wr_quick_t5_k32,3.594907522201538,0.003939032554626465,0.00010009109973907471,32,6,0.4,7.3381970224963835,0.9948090493089292,0.06777090418600784,20,5.944922924041748,nan,nan,nan,2.0492557287216187,245.10015212892762
llasa1b,ct_quick_t5_k32,control_word,t5,32,1209,32,attention,wr_quick_t5_k32,3.594907522201538,0.003939032554626465,0.00010009109973907471,32,7,0.4666666666666667,8.277625646179846,0.992974612694232,0.09672129876713609,20,6.516622543334961,nan,nan,nan,2.1699390411376953,189.9039177501318
llasa1b,ct_quick_t5_k32,control_word,t5,32,1209,32,attention,wr_quick_t5_k32,3.594907522201538,0.003939032554626465,0.00010009109973907471,32,8,0.5333333333333333,9.279064239476588,0.9920407850954395,0.10094659981768073,20,7.165600299835205,nan,nan,nan,2.3098803758621216,174.01511470873837
llasa1b,ct_quick_t5_k32,control_word,t5,32,1209,32,attention,wr_quick_t5_k32,3.594907522201538,0.003939032554626465,0.00010009109973907471,32,9,0.6,10.873184053357063,0.9923408539411873,0.08716562494977431,20,8.386548042297363,nan,nan,nan,2.5550127029418945,188.3616157597001
llasa1b,ct_quick_t5_k32,control_word,t5,32,1209,32,attention,wr_quick_t5_k32,3.594907522201538,0.003939032554626465,0.00010009109973907471,32,10,0.6666666666666666,12.992294533220358,0.997306826968197,0.012269163120088078,20,11.38992691040039,280.1052980297804,0.8942098731819049,2.2118469835529067,3.312368392944336,506.7820670128822
llasa1b,ct_quick_t5_k32,control_word,t5,32,1209,32,attention,wr_quick_t5_k32,3.594907522201538,0.003939032554626465,0.00010009109973907471,32,11,0.7333333333333333,17.838751695424445,1.0009852156370704,0.0017617171840573764,20,17.294111251831055,nan,nan,nan,4.631035089492798,inf
llasa1b,ct_quick_t5_k32,control_word,t5,32,1209,32,attention,wr_quick_t5_k32,3.594907522201538,0.003939032554626465,0.00010009109973907471,32,12,0.8,26.341282209765325,1.0029214503847517,0.012574427279632205,20,24.243314743041992,nan,nan,nan,7.191515922546387,inf
llasa1b,ct_quick_t5_k32,control_word,t5,32,1209,32,attention,wr_quick_t5_k32,3.594907522201538,0.003939032554626465,0.00010009109973907471,32,13,0.8666666666666667,39.93260105882419,1.0044862951865994,0.02859481155298782,20,38.94613265991211,nan,nan,nan,12.059901237487793,inf
llasa1b,ct_quick_t5_k32,control_word,t5,32,1209,32,attention,wr_quick_t5_k32,3.594907522201538,0.003939032554626465,0.00010009109973907471,32,14,0.9333333333333333,60.97136639557619,1.0066633586879767,0.04779391814438827,20,63.20507049560547,nan,nan,nan,18.040839672088623,inf
llasa1b,ct_quick_t5_k32,control_word,t5,32,1209,32,attention,wr_quick_t5_k32,3.594907522201538,0.003939032554626465,0.00010009109973907471,32,15,1.0,146.40815177109928,1.0068369916181446,0.044108900953517716,20,155.98043823242188,233.4202294132251,1.0650915957381726,0.4843909993058322,38.12021255493164,inf
llasa1b,ct_really_t6_k03,control_word,t6,3,268,3,attention,wr_really_t6_k03,2.2698330879211426,0.002213597297668457,0.00016450881958007812,3,0,0.0,nan,nan,nan,0,0.0,144.18431921490793,0.8333523801913192,3.415587185968024,0.684734433889389,inf
llasa1b,ct_really_t6_k03,control_word,t6,3,268,3,attention,wr_really_t6_k03,2.2698330879211426,0.002213597297668457,0.00016450881958007812,3,1,0.06666666666666667,nan,nan,nan,0,0.0,nan,nan,nan,1.0784475207328796,inf
llasa1b,ct_really_t6_k03,control_word,t6,3,268,3,attention,wr_really_t6_k03,2.2698330879211426,0.002213597297668457,0.00016450881958007812,3,2,0.13333333333333333,nan,nan,nan,0,0.0,nan,nan,nan,1.1806843876838684,inf
llasa1b,ct_really_t6_k03,control_word,t6,3,268,3,attention,wr_really_t6_k03,2.2698330879211426,0.002213597297668457,0.00016450881958007812,3,3,0.2,nan,nan,nan,0,0.0,nan,nan,nan,1.4041380882263184,inf
llasa1b,ct_really_t6_k03,control_word,t6,3,268,3,attention,wr_really_t6_k03,2.2698330879211426,0.002213597297668457,0.00016450881958007812,3,4,0.26666666666666666,nan,nan,nan,0,0.0,nan,nan,nan,1.7103135585784912,inf
llasa1b,ct_really_t6_k03,control_word,t6,3,268,3,attention,wr_really_t6_k03,2.2698330879211426,0.002213597297668457,0.00016450881958007812,3,5,0.3333333333333333,nan,nan,nan,0,0.0,173.72056080050746,0.7428705607833422,2.119262105057073,1.9094266891479492,inf
llasa1b,ct_really_t6_k03,control_word,t6,3,268,3,attention,wr_really_t6_k03,2.2698330879211426,0.002213597297668457,0.00016450881958007812,3,6,0.4,nan,nan,nan,0,0.0,nan,nan,nan,2.0492557287216187,inf
llasa1b,ct_really_t6_k03,control_word,t6,3,268,3,attention,wr_really_t6_k03,2.2698330879211426,0.002213597297668457,0.00016450881958007812,3,7,0.4666666666666667,nan,nan,nan,0,0.0,nan,nan,nan,2.1699390411376953,inf
llasa1b,ct_really_t6_k03,control_word,t6,3,268,3,attention,wr_really_t6_k03,2.2698330879211426,0.002213597297668457,0.00016450881958007812,3,8,0.5333333333333333,nan,nan,nan,0,0.0,nan,nan,nan,2.3098803758621216,inf
llasa1b,ct_really_t6_k03,control_word,t6,3,268,3,attention,wr_really_t6_k03,2.2698330879211426,0.002213597297668457,0.00016450881958007812,3,9,0.6,nan,nan,nan,0,0.0,nan,nan,nan,2.5550127029418945,inf
llasa1b,ct_really_t6_k03,control_word,t6,3,268,3,attention,wr_really_t6_k03,2.2698330879211426,0.002213597297668457,0.00016450881958007812,3,10,0.6666666666666666,nan,nan,nan,0,0.0,155.37229133446795,0.8740424003384565,1.8383178463086889,3.312368392944336,inf
llasa1b,ct_really_t6_k03,control_word,t6,3,268,3,attention,wr_really_t6_k03,2.2698330879211426,0.002213597297668457,0.00016450881958007812,3,11,0.7333333333333333,nan,nan,nan,0,0.0,nan,nan,nan,4.631035089492798,inf
llasa1b,ct_really_t6_k03,control_word,t6,3,268,3,attention,wr_really_t6_k03,2.2698330879211426,0.002213597297668457,0.00016450881958007812,3,12,0.8,nan,nan,nan,0,0.0,nan,nan,nan,7.191515922546387,inf
llasa1b,ct_really_t6_k03,control_word,t6,3,268,3,attention,wr_really_t6_k03,2.2698330879211426,0.002213597297668457,0.00016450881958007812,3,13,0.8666666666666667,nan,nan,nan,0,0.0,nan,nan,nan,12.059901237487793,inf
llasa1b,ct_really_t6_k03,control_word,t6,3,268,3,attention,wr_really_t6_k03,2.2698330879211426,0.002213597297668457,0.00016450881958007812,3,14,0.9333333333333333,nan,nan,nan,0,0.0,nan,nan,nan,18.040839672088623,inf
llasa1b,ct_really_t6_k03,control_word,t6,3,268,3,attention,wr_really_t6_k03,2.2698330879211426,0.002213597297668457,0.00016450881958007812,3,15,1.0,nan,nan,nan,0,0.0,132.1838346666325,1.0206155605170784,0.19141018067913682,38.12021255493164,inf
llasa1b,ct_really_t6_k04,control_word,t6,4,244,4,attention,wr_really_t6_k04,2.357137680053711,0.003110170364379883,0.00022017955780029297,4,0,0.0,nan,nan,nan,0,0.0,130.95221645247616,0.8038780028625279,5.256224254518973,0.684734433889389,inf
llasa1b,ct_really_t6_k04,control_word,t6,4,244,4,attention,wr_really_t6_k04,2.357137680053711,0.003110170364379883,0.00022017955780029297,4,1,0.06666666666666667,nan,nan,nan,0,0.0,nan,nan,nan,1.0784475207328796,inf
llasa1b,ct_really_t6_k04,control_word,t6,4,244,4,attention,wr_really_t6_k04,2.357137680053711,0.003110170364379883,0.00022017955780029297,4,2,0.13333333333333333,nan,nan,nan,0,0.0,nan,nan,nan,1.1806843876838684,inf
llasa1b,ct_really_t6_k04,control_word,t6,4,244,4,attention,wr_really_t6_k04,2.357137680053711,0.003110170364379883,0.00022017955780029297,4,3,0.2,nan,nan,nan,0,0.0,nan,nan,nan,1.4041380882263184,inf
llasa1b,ct_really_t6_k04,control_word,t6,4,244,4,attention,wr_really_t6_k04,2.357137680053711,0.003110170364379883,0.00022017955780029297,4,4,0.26666666666666666,nan,nan,nan,0,0.0,nan,nan,nan,1.7103135585784912,inf
llasa1b,ct_really_t6_k04,control_word,t6,4,244,4,attention,wr_really_t6_k04,2.357137680053711,0.003110170364379883,0.00022017955780029297,4,5,0.3333333333333333,nan,nan,nan,0,0.0,145.72971960270146,0.7900879645814164,3.410135179114106,1.9094266891479492,inf
llasa1b,ct_really_t6_k04,control_word,t6,4,244,4,attention,wr_really_t6_k04,2.357137680053711,0.003110170364379883,0.00022017955780029297,4,6,0.4,nan,nan,nan,0,0.0,nan,nan,nan,2.0492557287216187,inf
llasa1b,ct_really_t6_k04,control_word,t6,4,244,4,attention,wr_really_t6_k04,2.357137680053711,0.003110170364379883,0.00022017955780029297,4,7,0.4666666666666667,nan,nan,nan,0,0.0,nan,nan,nan,2.1699390411376953,inf
llasa1b,ct_really_t6_k04,control_word,t6,4,244,4,attention,wr_really_t6_k04,2.357137680053711,0.003110170364379883,0.00022017955780029297,4,8,0.5333333333333333,nan,nan,nan,0,0.0,nan,nan,nan,2.3098803758621216,inf
llasa1b,ct_really_t6_k04,control_word,t6,4,244,4,attention,wr_really_t6_k04,2.357137680053711,0.003110170364379883,0.00022017955780029297,4,9,0.6,nan,nan,nan,0,0.0,nan,nan,nan,2.5550127029418945,inf
llasa1b,ct_really_t6_k04,control_word,t6,4,244,4,attention,wr_really_t6_k04,2.357137680053711,0.003110170364379883,0.00022017955780029297,4,10,0.6666666666666666,nan,nan,nan,0,0.0,133.85572903734118,0.903699421519203,2.5895848747746704,3.312368392944336,inf
llasa1b,ct_really_t6_k04,control_word,t6,4,244,4,attention,wr_really_t6_k04,2.357137680053711,0.003110170364379883,0.00022017955780029297,4,11,0.7333333333333333,nan,nan,nan,0,0.0,nan,nan,nan,4.631035089492798,inf
llasa1b,ct_really_t6_k04,control_word,t6,4,244,4,attention,wr_really_t6_k04,2.357137680053711,0.003110170364379883,0.00022017955780029297,4,12,0.8,nan,nan,nan,0,0.0,nan,nan,nan,7.191515922546387,inf
llasa1b,ct_really_t6_k04,control_word,t6,4,244,4,attention,wr_really_t6_k04,2.357137680053711,0.003110170364379883,0.00022017955780029297,4,13,0.8666666666666667,nan,nan,nan,0,0.0,nan,nan,nan,12.059901237487793,inf
llasa1b,ct_really_t6_k04,control_word,t6,4,244,4,attention,wr_really_t6_k04,2.357137680053711,0.003110170364379883,0.00022017955780029297,4,14,0.9333333333333333,nan,nan,nan,0,0.0,nan,nan,nan,18.040839672088623,inf
llasa1b,ct_really_t6_k04,control_word,t6,4,244,4,attention,wr_really_t6_k04,2.357137680053711,0.003110170364379883,0.00022017955780029297,4,15,1.0,nan,nan,nan,0,0.0,124.2053243880055,1.0112080148766094,1.016518813926892,38.12021255493164,inf
llasa1b,ct_really_t6_k06,control_word,t6,6,446,6,attention,wr_really_t6_k06,2.4819560050964355,0.0031622648239135742,0.00019176801045735678,6,0,0.0,nan,nan,nan,0,0.0,218.44529529686926,0.8122836634806574,4.243068122605467,0.684734433889389,inf
llasa1b,ct_really_t6_k06,control_word,t6,6,446,6,attention,wr_really_t6_k06,2.4819560050964355,0.0031622648239135742,0.00019176801045735678,6,1,0.06666666666666667,nan,nan,nan,0,0.0,nan,nan,nan,1.0784475207328796,inf
llasa1b,ct_really_t6_k06,control_word,t6,6,446,6,attention,wr_really_t6_k06,2.4819560050964355,0.0031622648239135742,0.00019176801045735678,6,2,0.13333333333333333,nan,nan,nan,0,0.0,nan,nan,nan,1.1806843876838684,inf
llasa1b,ct_really_t6_k06,control_word,t6,6,446,6,attention,wr_really_t6_k06,2.4819560050964355,0.0031622648239135742,0.00019176801045735678,6,3,0.2,nan,nan,nan,0,0.0,nan,nan,nan,1.4041380882263184,inf
llasa1b,ct_really_t6_k06,control_word,t6,6,446,6,attention,wr_really_t6_k06,2.4819560050964355,0.0031622648239135742,0.00019176801045735678,6,4,0.26666666666666666,nan,nan,nan,0,0.0,nan,nan,nan,1.7103135585784912,inf
llasa1b,ct_really_t6_k06,control_word,t6,6,446,6,attention,wr_really_t6_k06,2.4819560050964355,0.0031622648239135742,0.00019176801045735678,6,5,0.3333333333333333,nan,nan,nan,0,0.0,261.2039172303044,0.7762169079337687,2.673842779807104,1.9094266891479492,inf
llasa1b,ct_really_t6_k06,control_word,t6,6,446,6,attention,wr_really_t6_k06,2.4819560050964355,0.0031622648239135742,0.00019176801045735678,6,6,0.4,nan,nan,nan,0,0.0,nan,nan,nan,2.0492557287216187,inf
llasa1b,ct_really_t6_k06,control_word,t6,6,446,6,attention,wr_really_t6_k06,2.4819560050964355,0.0031622648239135742,0.00019176801045735678,6,7,0.4666666666666667,nan,nan,nan,0,0.0,nan,nan,nan,2.1699390411376953,inf
llasa1b,ct_really_t6_k06,control_word,t6,6,446,6,attention,wr_really_t6_k06,2.4819560050964355,0.0031622648239135742,0.00019176801045735678,6,8,0.5333333333333333,nan,nan,nan,0,0.0,nan,nan,nan,2.3098803758621216,inf
llasa1b,ct_really_t6_k06,control_word,t6,6,446,6,attention,wr_really_t6_k06,2.4819560050964355,0.0031622648239135742,0.00019176801045735678,6,9,0.6,nan,nan,nan,0,0.0,nan,nan,nan,2.5550127029418945,inf
llasa1b,ct_really_t6_k06,control_word,t6,6,446,6,attention,wr_really_t6_k06,2.4819560050964355,0.0031622648239135742,0.00019176801045735678,6,10,0.6666666666666666,nan,nan,nan,0,0.0,230.58895890717474,0.9407855653059678,2.393649574255037,3.312368392944336,inf
llasa1b,ct_really_t6_k06,control_word,t6,6,446,6,attention,wr_really_t6_k06,2.4819560050964355,0.0031622648239135742,0.00019176801045735678,6,11,0.7333333333333333,nan,nan,nan,0,0.0,nan,nan,nan,4.631035089492798,inf
llasa1b,ct_really_t6_k06,control_word,t6,6,446,6,attention,wr_really_t6_k06,2.4819560050964355,0.0031622648239135742,0.00019176801045735678,6,12,0.8,nan,nan,nan,0,0.0,nan,nan,nan,7.191515922546387,inf
llasa1b,ct_really_t6_k06,control_word,t6,6,446,6,attention,wr_really_t6_k06,2.4819560050964355,0.0031622648239135742,0.00019176801045735678,6,13,0.8666666666666667,nan,nan,nan,0,0.0,nan,nan,nan,12.059901237487793,inf
llasa1b,ct_really_t6_k06,control_word,t6,6,446,6,attention,wr_really_t6_k06,2.4819560050964355,0.0031622648239135742,0.00019176801045735678,6,14,0.9333333333333333,nan,nan,nan,0,0.0,nan,nan,nan,18.040839672088623,inf
llasa1b,ct_really_t6_k06,control_word,t6,6,446,6,attention,wr_really_t6_k06,2.4819560050964355,0.0031622648239135742,0.00019176801045735678,6,15,1.0,nan,nan,nan,0,0.0,198.96027777884458,1.0529228942480575,0.8724117904166113,38.12021255493164,inf
llasa1b,ct_really_t6_k08,control_word,t6,8,357,8,attention,wr_really_t6_k08,2.6038594245910645,0.005317211151123047,0.0003006458282470703,8,0,0.0,4.258711841735872,0.9346271861465993,0.5632002767336224,4,2.646084785461426,197.74729104976856,0.7767267973715555,3.2833633924035057,0.684734433889389,27.03382458048253
llasa1b,ct_really_t6_k08,control_word,t6,8,357,8,attention,wr_really_t6_k08,2.6038594245910645,0.005317211151123047,0.0003006458282470703,8,1,0.06666666666666667,5.849022908589122,0.9153349639802266,0.7370878716403132,4,3.238550901412964,nan,nan,nan,1.0784475207328796,19.112058752071388
llasa1b,ct_really_t6_k08,control_word,t6,8,357,8,attention,wr_really_t6_k08,2.6038594245910645,0.005317211151123047,0.0003006458282470703,8,2,0.13333333333333333,7.401956220927694,0.9010727076430153,0.8682849783924708,4,3.7786571979522705,nan,nan,nan,1.1806843876838684,17.621790352212408
llasa1b,ct_really_t6_k08,control_word,t6,8,357,8,attention,wr_really_t6_k08,2.6038594245910645,0.005317211151123047,0.0003006458282470703,8,3,0.2,10.705538422730307,0.8607063334058169,0.9903834621962491,4,4.43198299407959,nan,nan,nan,1.4041380882263184,13.542078081573264
llasa1b,ct_really_t6_k08,control_word,t6,8,357,8,attention,wr_really_t6_k08,2.6038594245910645,0.005317211151123047,0.0003006458282470703,8,4,0.26666666666666666,13.058177778552466,0.8564445555148148,0.9732022816703854,4,5.073843479156494,nan,nan,nan,1.7103135585784912,13.117340830887466
llasa1b,ct_really_t6_k08,control_word,t6,8,357,8,attention,wr_really_t6_k08,2.6038594245910645,0.005317211151123047,0.0003006458282470703,8,5,0.3333333333333333,14.04960778561819,0.8659477108000214,0.9478165781411446,4,5.6911420822143555,229.92385359961892,0.7336520262672198,2.266006590943854,1.9094266891479492,13.866330943918014
llasa1b,ct_really_t6_k08,control_word,t6,8,357,8,attention,wr_really_t6_k08,2.6038594245910645,0.005317211151123047,0.0003006458282470703,8,6,0.4,15.455757848613567,0.8661027490436061,0.8357954512295361,4,6.036957263946533,nan,nan,nan,2.0492557287216187,14.055517437853277
llasa1b,ct_really_t6_k08,control_word,t6,8,357,8,attention,wr_really_t6_k08,2.6038594245910645,0.005317211151123047,0.0003006458282470703,8,7,0.4666666666666667,17.53823397623587,0.8616274973456389,0.942453071469041,4,6.948602199554443,nan,nan,nan,2.1699390411376953,14.031107231963338
llasa1b,ct_really_t6_k08,control_word,t6,8,357,8,attention,wr_really_t6_k08,2.6038594245910645,0.005317211151123047,0.0003006458282470703,8,8,0.5333333333333333,18.89565019578083,0.8788495881653235,0.9885554562762519,4,8.76131820678711,nan,nan,nan,2.3098803758621216,16.27467389590544
llasa1b,ct_really_t6_k08,control_word,t6,8,357,8,attention,wr_really_t6_k08,2.6038594245910645,0.005317211151123047,0.0003006458282470703,8,9,0.6,19.49935653199032,0.8996108970329181,0.9933082844111957,4,10.30646800994873,nan,nan,nan,2.5550127029418945,19.210394950137918
llasa1b,ct_really_t6_k08,control_word,t6,8,357,8,attention,wr_really_t6_k08,2.6038594245910645,0.005317211151123047,0.0003006458282470703,8,10,0.6666666666666666,23.117975816172706,0.9132886852605979,0.9966151495522448,4,13.403834342956543,208.2934449923775,0.8746395153703568,1.9265533837024404,3.312368392944336,21.420918637474998
llasa1b,ct_really_t6_k08,control_word,t6,8,357,8,attention,wr_really_t6_k08,2.6038594245910645,0.005317211151123047,0.0003006458282470703,8,11,0.7333333333333333,29.621599987096804,0.9334986205144675,0.9291830705140175,4,19.15801239013672,nan,nan,nan,4.631035089492798,26.96653367793972
llasa1b,ct_really_t6_k08,control_word,t6,8,357,8,attention,wr_really_t6_k08,2.6038594245910645,0.005317211151123047,0.0003006458282470703,8,12,0.8,37.4804827867044,0.9663494026739523,0.5648391455739119,4,29.79932403564453,nan,nan,nan,7.191515922546387,48.23042742327764
llasa1b,ct_really_t6_k08,control_word,t6,8,357,8,attention,wr_really_t6_k08,2.6038594245910645,0.005317211151123047,0.0003006458282470703,8,13,0.8666666666666667,53.13158947542081,0.9761650949008907,0.13806540439148307,4,43.06350326538086,nan,nan,nan,12.059901237487793,61.47045172279187
llasa1b,ct_really_t6_k08,control_word,t6,8,357,8,attention,wr_really_t6_k08,2.6038594245910645,0.005317211151123047,0.0003006458282470703,8,14,0.9333333333333333,72.41962087136832,1.0077307646844718,0.014058841460803717,4,68.9449234008789,nan,nan,nan,18.040839672088623,inf
llasa1b,ct_really_t6_k08,control_word,t6,8,357,8,attention,wr_really_t6_k08,2.6038594245910645,0.005317211151123047,0.0003006458282470703,8,15,1.0,231.64706502170557,0.9297648588421847,0.57120881845905,4,141.18270874023438,199.06515455814025,0.9407777907315112,-0.08860399045656461,38.12021255493164,24.77865912169057
llasa1b,ct_really_t6_k12,control_word,t6,12,460,12,attention,wr_really_t6_k12,2.8527870178222656,0.004944205284118652,0.00023740530014038086,12,0,0.0,2.9838696194984924,0.9699531333691114,0.13178125089312331,9,2.3876280784606934,236.46707331123736,0.8108264405254777,3.50555279687651,0.684734433889389,48.24859450606444
llasa1b,ct_really_t6_k12,control_word,t6,12,460,12,attention,wr_really_t6_k12,2.8527870178222656,0.004944205284118652,0.00023740530014038086,12,1,0.06666666666666667,3.9393221195849097,0.969402405985649,0.15756910572603344,9,3.2997772693634033,nan,nan,nan,1.0784475207328796,41.68837928052227
llasa1b,ct_really_t6_k12,control_word,t6,12,460,12,attention,wr_really_t6_k12,2.8527870178222656,0.004944205284118652,0.00023740530014038086,12,2,0.13333333333333333,4.451586491173336,0.9710920915481409,0.1645730857744534,9,3.689603567123413,nan,nan,nan,1.1806843876838684,45.243318302515284
llasa1b,ct_really_t6_k12,control_word,t6,12,460,12,attention,wr_really_t6_k12,2.8527870178222656,0.004944205284118652,0.00023740530014038086,12,3,0.2,5.374392308773961,0.9701216117590097,0.18329625110101644,9,4.403711795806885,nan,nan,nan,1.4041380882263184,44.24832954133399
llasa1b,ct_really_t6_k12,control_word,t6,12,460,12,attention,wr_really_t6_k12,2.8527870178222656,0.004944205284118652,0.00023740530014038086,12,4,0.26666666666666666,6.9701452506760955,0.9569370112903349,0.3234785617222221,9,5.236867427825928,nan,nan,nan,1.7103135585784912,31.91804813919357
llasa1b,ct_really_t6_k12,control_word,t6,12,460,12,attention,wr_really_t6_k12,2.8527870178222656,0.004944205284118652,0.00023740530014038086,12,5,0.3333333333333333,7.804474473527522,0.9540965419966705,0.39153794967349487,9,5.737813949584961,278.17693503027095,0.7727853396860941,2.535129376753438,1.9094266891479492,29.961305250707543
llasa1b,ct_really_t6_k12,control_word,t6,12,460,12,attention,wr_really_t6_k12,2.8527870178222656,0.004944205284118652,0.00023740530014038086,12,6,0.4,8.189481998852042,0.9556332697891438,0.3920318376291666,9,5.878269195556641,nan,nan,nan,2.0492557287216187,30.527588597581435
llasa1b,ct_really_t6_k12,control_word,t6,12,460,12,attention,wr_really_t6_k12,2.8527870178222656,0.004944205284118652,0.00023740530014038086,12,7,0.4666666666666667,8.829095545376328,0.9568463722056207,0.298595563518527,9,6.467991352081299,nan,nan,nan,2.1699390411376953,31.81310735915965
llasa1b,ct_really_t6_k12,control_word,t6,12,460,12,attention,wr_really_t6_k12,2.8527870178222656,0.004944205284118652,0.00023740530014038086,12,8,0.5333333333333333,9.447883317936943,0.9651114528417268,0.2171154205103638,9,7.882505893707275,nan,nan,nan,2.3098803758621216,39.66567136568601
llasa1b,ct_really_t6_k12,control_word,t6,12,460,12,attention,wr_really_t6_k12,2.8527870178222656,0.004944205284118652,0.00023740530014038086,12,9,0.6,10.40767757467619,0.9749313498415882,0.12015104644802221,9,9.03736686706543,nan,nan,nan,2.5550127029418945,55.32040126823454
llasa1b,ct_really_t6_k12,control_word,t6,12,460,12,attention,wr_really_t6_k12,2.8527870178222656,0.004944205284118652,0.00023740530014038086,12,10,0.6666666666666666,12.84376509813979,0.9782069694226435,0.08330823727520009,9,11.647879600524902,252.76622081755195,0.9101624672345885,2.2891434217427427,3.312368392944336,61.50470401402752
llasa1b,ct_really_t6_k12,control_word,t6,12,460,12,attention,wr_really_t6_k12,2.8527870178222656,0.004944205284118652,0.00023740530014038086,12,11,0.7333333333333333,18.046655036329692,0.982394574238468,0.05805197900475023,9,16.740375518798828,nan,nan,nan,4.631035089492798,76.57703062935303
llasa1b,ct_really_t6_k12,control_word,t6,12,460,12,attention,wr_really_t6_k12,2.8527870178222656,0.004944205284118652,0.00023740530014038086,12,12,0.8,27.62124628101718,0.9867515941230468,0.04269589490554748,9,26.394641876220703,nan,nan,nan,7.191515922546387,100.89888558082397
llasa1b,ct_really_t6_k12,control_word,t6,12,460,12,attention,wr_really_t6_k12,2.8527870178222656,0.004944205284118652,0.00023740530014038086,12,13,0.8666666666666667,41.891498502801525,0.9937635724305411,0.010737918054096629,9,41.40476608276367,nan,nan,nan,12.059901237487793,199.04184763503247
llasa1b,ct_really_t6_k12,control_word,t6,12,460,12,attention,wr_really_t6_k12,2.8527870178222656,0.004944205284118652,0.00023740530014038086,12,14,0.9333333333333333,59.79809467057598,1.0063099933375077,0.007953700760422677,9,64.74049377441406,nan,nan,nan,18.040839672088623,inf
llasa1b,ct_really_t6_k12,control_word,t6,12,460,12,attention,wr_really_t6_k12,2.8527870178222656,0.004944205284118652,0.00023740530014038086,12,15,1.0,136.70178466944694,0.9998207863872988,4.713264911471171e-06,9,132.7191162109375,220.9009353344676,1.0328075041977463,0.21979183628715543,38.12021255493164,7125.255099915761
llasa1b,ct_really_t6_k16,control_word,t6,16,647,16,attention,wr_really_t6_k16,3.06616473197937,0.005068540573120117,0.00020837783813476562,16,0,0.0,0.44423747871263314,1.1590121265174829,0.8890270208958019,4,0.0,244.99279434924009,0.8233138600593848,3.95872330952738,0.684734433889389,inf
llasa1b,ct_really_t6_k16,control_word,t6,16,647,16,attention,wr_really_t6_k16,3.06616473197937,0.005068540573120117,0.00020837783813476562,16,1,0.06666666666666667,0.7192949499584372,1.136046188589715,0.7868865887764828,4,0.0,nan,nan,nan,1.0784475207328796,inf
llasa1b,ct_really_t6_k16,control_word,t6,16,647,16,attention,wr_really_t6_k16,3.06616473197937,0.005068540573120117,0.00020837783813476562,16,2,0.13333333333333333,1.2210862054667866,1.1011268699372918,0.4712684858934659,4,0.0,nan,nan,nan,1.1806843876838684,inf
llasa1b,ct_really_t6_k16,control_word,t6,16,647,16,attention,wr_really_t6_k16,3.06616473197937,0.005068540573120117,0.00020837783813476562,16,3,0.2,1.712652087741497,1.0891657748000336,0.38327622796642946,4,0.0,nan,nan,nan,1.4041380882263184,inf
llasa1b,ct_really_t6_k16,control_word,t6,16,647,16,attention,wr_really_t6_k16,3.06616473197937,0.005068540573120117,0.00020837783813476562,16,4,0.26666666666666666,2.5358675183421315,1.0675670195907214,0.26403506831250045,4,0.0,nan,nan,nan,1.7103135585784912,inf
llasa1b,ct_really_t6_k16,control_word,t6,16,647,16,attention,wr_really_t6_k16,3.06616473197937,0.005068540573120117,0.00020837783813476562,16,5,0.3333333333333333,2.8334428598777848,1.0659471846567061,0.2927879537892658,4,0.0,296.26953926386545,0.7872742259288797,2.7003909960281374,1.9094266891479492,inf
llasa1b,ct_really_t6_k16,control_word,t6,16,647,16,attention,wr_really_t6_k16,3.06616473197937,0.005068540573120117,0.00020837783813476562,16,6,0.4,2.933520274605977,1.0668073094244994,0.31432965992752526,4,0.0,nan,nan,nan,2.0492557287216187,inf
llasa1b,ct_really_t6_k16,control_word,t6,16,647,16,attention,wr_really_t6_k16,3.06616473197937,0.005068540573120117,0.00020837783813476562,16,7,0.4666666666666667,3.772987755926383,1.055575083551839,0.16147314237498323,4,0.0,nan,nan,nan,2.1699390411376953,inf
llasa1b,ct_really_t6_k16,control_word,t6,16,647,16,attention,wr_really_t6_k16,3.06616473197937,0.005068540573120117,0.00020837783813476562,16,8,0.5333333333333333,4.106343821485259,1.0593459694195813,0.15187098810943866,4,0.0,nan,nan,nan,2.3098803758621216,inf
llasa1b,ct_really_t6_k16,control_word,t6,16,647,16,attention,wr_really_t6_k16,3.06616473197937,0.005068540573120117,0.00020837783813476562,16,9,0.6,4.50415967142415,1.0680809414991497,0.17753509362228592,4,0.0,nan,nan,nan,2.5550127029418945,inf
llasa1b,ct_really_t6_k16,control_word,t6,16,647,16,attention,wr_really_t6_k16,3.06616473197937,0.005068540573120117,0.00020837783813476562,16,10,0.6666666666666666,4.74389556638998,1.0822024920100368,0.24990310936087623,4,0.0,266.643792087189,0.9314861216812024,2.372350788847181,3.312368392944336,inf
llasa1b,ct_really_t6_k16,control_word,t6,16,647,16,attention,wr_really_t6_k16,3.06616473197937,0.005068540573120117,0.00020837783813476562,16,11,0.7333333333333333,6.02621027237768,1.0921674199061957,0.3374281953978546,4,0.0,nan,nan,nan,4.631035089492798,inf
llasa1b,ct_really_t6_k16,control_word,t6,16,647,16,attention,wr_really_t6_k16,3.06616473197937,0.005068540573120117,0.00020837783813476562,16,12,0.8,7.829066945359521,1.1100688371961638,0.4459075040995032,4,0.0,nan,nan,nan,7.191515922546387,inf
llasa1b,ct_really_t6_k16,control_word,t6,16,647,16,attention,wr_really_t6_k16,3.06616473197937,0.005068540573120117,0.00020837783813476562,16,13,0.8666666666666667,10.987796020437441,1.1251363048933594,0.5866905261145847,4,0.0,nan,nan,nan,12.059901237487793,inf
llasa1b,ct_really_t6_k16,control_word,t6,16,647,16,attention,wr_really_t6_k16,3.06616473197937,0.005068540573120117,0.00020837783813476562,16,14,0.9333333333333333,15.683045343283485,1.1394012188449558,0.6102969226189667,4,0.0,nan,nan,nan,18.040839672088623,inf
llasa1b,ct_really_t6_k16,control_word,t6,16,647,16,attention,wr_really_t6_k16,3.06616473197937,0.005068540573120117,0.00020837783813476562,16,15,1.0,35.06954516525484,1.1322217077866188,0.5349838761863323,4,0.0,232.64399438952475,1.0596054353333255,0.6121274750311125,38.12021255493164,inf
llasa1b,ct_really_t6_k24,control_word,t6,24,862,24,attention,wr_really_t6_k24,3.3700530529022217,0.00464099645614624,0.00014601647853851318,24,0,0.0,2.036531583859255,1.0139953692682306,0.10059608271162623,13,1.6127339601516724,259.52808976873223,0.8076410481078292,4.225699418176532,0.684734433889389,inf
llasa1b,ct_really_t6_k24,control_word,t6,24,862,24,attention,wr_really_t6_k24,3.3700530529022217,0.00464099645614624,0.00014601647853851318,24,1,0.06666666666666667,2.726621662686795,1.0100955730242327,0.055917778474398605,13,1.9347590208053589,nan,nan,nan,1.0784475207328796,inf
llasa1b,ct_really_t6_k24,control_word,t6,24,862,24,attention,wr_really_t6_k24,3.3700530529022217,0.00464099645614624,0.00014601647853851318,24,2,0.13333333333333333,3.4072137966946343,1.0045221281722803,0.010609360880653451,13,2.213062047958374,nan,nan,nan,1.1806843876838684,inf
llasa1b,ct_really_t6_k24,control_word,t6,24,862,24,attention,wr_really_t6_k24,3.3700530529022217,0.00464099645614624,0.00014601647853851318,24,3,0.2,4.433799149631121,0.9975252195486455,0.0025127254245163044,13,2.598792314529419,nan,nan,nan,1.4041380882263184,464.04511465405034
llasa1b,ct_really_t6_k24,control_word,t6,24,862,24,attention,wr_really_t6_k24,3.3700530529022217,0.00464099645614624,0.00014601647853851318,24,4,0.26666666666666666,5.273289781361493,0.9954581165254978,0.008227974906574342,13,3.0536420345306396,nan,nan,nan,1.7103135585784912,247.34644338029335
llasa1b,ct_really_t6_k24,control_word,t6,24,862,24,attention,wr_really_t6_k24,3.3700530529022217,0.00464099645614624,0.00014601647853851318,24,5,0.3333333333333333,6.0203688069495165,0.9932890347862025,0.01868627380886001,13,3.459489345550537,295.8262734127462,0.804436139252446,2.808698076144175,1.9094266891479492,170.5399853333442
llasa1b,ct_really_t6_k24,control_word,t6,24,862,24,attention,wr_really_t6_k24,3.3700530529022217,0.00464099645614624,0.00014601647853851318,24,6,0.4,6.6475354669128714,0.9910569664694421,0.031041283787142993,13,3.8477485179901123,nan,nan,nan,2.0492557287216187,130.9957839919654
llasa1b,ct_really_t6_k24,control_word,t6,24,862,24,attention,wr_really_t6_k24,3.3700530529022217,0.00464099645614624,0.00014601647853851318,24,7,0.4666666666666667,7.425017671509936,0.9906034779580473,0.029671745804267236,13,4.238526344299316,nan,nan,nan,2.1699390411376953,130.30005098095592
llasa1b,ct_really_t6_k24,control_word,t6,24,862,24,attention,wr_really_t6_k24,3.3700530529022217,0.00464099645614624,0.00014601647853851318,24,8,0.5333333333333333,8.50346142377334,0.9894832867556951,0.03395255068626146,13,4.73313045501709,nan,nan,nan,2.3098803758621216,123.27163108151305
llasa1b,ct_really_t6_k24,control_word,t6,24,862,24,attention,wr_really_t6_k24,3.3700530529022217,0.00464099645614624,0.00014601647853851318,24,9,0.6,9.658611052947078,0.9906357464954887,0.026565600428112957,13,5.2478413581848145,nan,nan,nan,2.5550127029418945,141.34139336785393
llasa1b,ct_really_t6_k24,control_word,t6,24,862,24,attention,wr_really_t6_k24,3.3700530529022217,0.00464099645614624,0.00014601647853851318,24,10,0.6666666666666666,11.443065776793103,0.9956419512745591,0.005473022816957607,13,6.132339954376221,278.1221658121796,0.8960506679122346,2.3082216657243415,3.312368392944336,283.8465579063188
llasa1b,ct_really_t6_k24,control_word,t6,24,862,24,attention,wr_really_t6_k24,3.3700530529022217,0.00464099645614624,0.00014601647853851318,24,11,0.7333333333333333,15.649758992897503,1.0001052570547684,4.174009852087046e-06,13,9.454702377319336,nan,nan,nan,4.631035089492798,inf
llasa1b,ct_really_t6_k24,control_word,t6,24,862,24,attention,wr_really_t6_k24,3.3700530529022217,0.00464099645614624,0.00014601647853851318,24,12,0.8,22.049593957785014,1.00815505582341,0.04350012886786325,13,17.284082412719727,nan,nan,nan,7.191515922546387,inf
llasa1b,ct_really_t6_k24,control_word,t6,24,862,24,attention,wr_really_t6_k24,3.3700530529022217,0.00464099645614624,0.00014601647853851318,24,13,0.8666666666666667,32.18897009642537,1.0143972033571327,0.19577918068232458,13,29.762081146240234,nan,nan,nan,12.059901237487793,inf
llasa1b,ct_really_t6_k24,control_word,t6,24,862,24,attention,wr_really_t6_k24,3.3700530529022217,0.00464099645614624,0.00014601647853851318,24,14,0.9333333333333333,43.6537803213156,1.0296815717425345,0.48107228262878843,13,43.73493194580078,nan,nan,nan,18.040839672088623,inf
llasa1b,ct_really_t6_k24,control_word,t6,24,862,24,attention,wr_really_t6_k24,3.3700530529022217,0.00464099645614624,0.00014601647853851318,24,15,1.0,104.48715529846268,1.025848565875554,0.37579460990527114,13,93.20065307617188,243.94709312418794,1.039898987741217,0.5055856331146404,38.12021255493164,inf
llasa1b,ct_really_t6_k32,control_word,t6,32,1804,32,attention,wr_really_t6_k32,3.596749782562256,0.0029301047325134277,7.347762584686279e-05,32,0,0.0,3.9357953821948493,0.9611286697950641,0.5609744321823422,21,1.2806698083877563,241.4729247146946,0.8475984675875605,4.001403487763063,0.684734433889389,44.11021642671271
llasa1b,ct_really_t6_k32,control_word,t6,32,1804,32,attention,wr_really_t6_k32,3.596749782562256,0.0029301047325134277,7.347762584686279e-05,32,1,0.06666666666666667,4.758283086642608,0.9673695694829864,0.5335696910358518,21,1.8165864944458008,nan,nan,nan,1.0784475207328796,44.7439011171426
llasa1b,ct_really_t6_k32,control_word,t6,32,1804,32,attention,wr_really_t6_k32,3.596749782562256,0.0029301047325134277,7.347762584686279e-05,32,2,0.13333333333333333,6.08991481419288,0.9612500037055858,0.6128896686504156,21,2.0204877853393555,nan,nan,nan,1.1806843876838684,41.51084316707285
llasa1b,ct_really_t6_k32,control_word,t6,32,1804,32,attention,wr_really_t6_k32,3.596749782562256,0.0029301047325134277,7.347762584686279e-05,32,3,0.2,7.326030023103085,0.9599648071126546,0.6247504488736216,21,2.3707427978515625,nan,nan,nan,1.4041380882263184,40.43231796406406
llasa1b,ct_really_t6_k32,control_word,t6,32,1804,32,attention,wr_really_t6_k32,3.596749782562256,0.0029301047325134277,7.347762584686279e-05,32,4,0.26666666666666666,8.652472878251409,0.9599216557068824,0.6396177077307257,21,2.714365243911743,nan,nan,nan,1.7103135585784912,39.633875343098744
llasa1b,ct_really_t6_k32,control_word,t6,32,1804,32,attention,wr_really_t6_k32,3.596749782562256,0.0029301047325134277,7.347762584686279e-05,32,5,0.3333333333333333,10.009603485046958,0.9585255392636617,0.6237203048159861,21,2.9789252281188965,297.97484213913646,0.7839762355578521,2.616304074351738,1.9094266891479492,39.11185668778091
llasa1b,ct_really_t6_k32,control_word,t6,32,1804,32,attention,wr_really_t6_k32,3.596749782562256,0.0029301047325134277,7.347762584686279e-05,32,6,0.4,10.845908847780262,0.9576060272671605,0.6365189047521208,21,3.2775015830993652,nan,nan,nan,2.0492557287216187,38.466210935505714
llasa1b,ct_really_t6_k32,control_word,t6,32,1804,32,attention,wr_really_t6_k32,3.596749782562256,0.0029301047325134277,7.347762584686279e-05,32,7,0.4666666666666667,13.081588103653315,0.9548593348107413,0.6305004322301354,21,3.662876605987549,nan,nan,nan,2.1699390411376953,38.8927980965566
llasa1b,ct_really_t6_k32,control_word,t6,32,1804,32,attention,wr_really_t6_k32,3.596749782562256,0.0029301047325134277,7.347762584686279e-05,32,8,0.5333333333333333,14.904569569919781,0.9537628391565406,0.6352572163374187,21,4.13796854019165,nan,nan,nan,2.3098803758621216,39.38451344843246
llasa1b,ct_really_t6_k32,control_word,t6,32,1804,32,attention,wr_really_t6_k32,3.596749782562256,0.0029301047325134277,7.347762584686279e-05,32,9,0.6,17.172113845758123,0.9540591428647889,0.5919394814739237,21,4.590768337249756,nan,nan,nan,2.5550127029418945,40.51127340047726
llasa1b,ct_really_t6_k32,control_word,t6,32,1804,32,attention,wr_really_t6_k32,3.596749782562256,0.0029301047325134277,7.347762584686279e-05,32,10,0.6666666666666666,21.64749594328551,0.9522078080189514,0.6213640112609051,21,5.613994121551514,283.62363328078385,0.8588378112462307,2.1194417816123305,3.312368392944336,38.33265960554211
llasa1b,ct_really_t6_k32,control_word,t6,32,1804,32,attention,wr_really_t6_k32,3.596749782562256,0.0029301047325134277,7.347762584686279e-05,32,11,0.7333333333333333,30.406245070375324,0.9516893741934297,0.6289806342822124,21,7.783504962921143,nan,nan,nan,4.631035089492798,38.00479396855263
llasa1b,ct_really_t6_k32,control_word,t6,32,1804,32,attention,wr_really_t6_k32,3.596749782562256,0.0029301047325134277,7.347762584686279e-05,32,12,0.8,45.38768249014972,0.951731967349324,0.5933038063010363,21,11.155447006225586,nan,nan,nan,7.191515922546387,37.240157539247946
llasa1b,ct_really_t6_k32,control_word,t6,32,1804,32,attention,wr_really_t6_k32,3.596749782562256,0.0029301047325134277,7.347762584686279e-05,32,13,0.8666666666666667,61.880059470680024,0.9596406818596479,0.5046604148109834,21,18.551462173461914,nan,nan,nan,12.059901237487793,39.69555102655837
llasa1b,ct_really_t6_k32,control_word,t6,32,1804,32,attention,wr_really_t6_k32,3.596749782562256,0.0029301047325134277,7.347762584686279e-05,32,14,0.9333333333333333,91.09660491679769,0.9610571406446317,0.40429972230829503,21,27.339509963989258,nan,nan,nan,18.040839672088623,40.76598457074106
llasa1b,ct_really_t6_k32,control_word,t6,32,1804,32,attention,wr_really_t6_k32,3.596749782562256,0.0029301047325134277,7.347762584686279e-05,32,15,1.0,200.97700074451006,0.9637644664835581,0.39685831261402804,21,64.32598114013672,232.55751698879433,1.0584847654980876,0.595514890158222,38.12021255493164,45.042547579877144
llasa1b,ct_very_t1_k03,control_word,t1,3,842,3,attention,wr_very_t1_k03,2.4962925910949707,0.001056373119354248,7.18832015991211e-05,3,0,0.0,nan,nan,nan,0,0.0,87.34642008052194,1.6107578766628188,6.499406049907799,0.684734433889389,inf
llasa1b,ct_very_t1_k03,control_word,t1,3,842,3,attention,wr_very_t1_k03,2.4962925910949707,0.001056373119354248,7.18832015991211e-05,3,1,0.06666666666666667,nan,nan,nan,0,0.0,nan,nan,nan,1.0784475207328796,inf
llasa1b,ct_very_t1_k03,control_word,t1,3,842,3,attention,wr_very_t1_k03,2.4962925910949707,0.001056373119354248,7.18832015991211e-05,3,2,0.13333333333333333,nan,nan,nan,0,0.0,nan,nan,nan,1.1806843876838684,inf
llasa1b,ct_very_t1_k03,control_word,t1,3,842,3,attention,wr_very_t1_k03,2.4962925910949707,0.001056373119354248,7.18832015991211e-05,3,3,0.2,nan,nan,nan,0,0.0,nan,nan,nan,1.4041380882263184,inf
llasa1b,ct_very_t1_k03,control_word,t1,3,842,3,attention,wr_very_t1_k03,2.4962925910949707,0.001056373119354248,7.18832015991211e-05,3,4,0.26666666666666666,nan,nan,nan,0,0.0,nan,nan,nan,1.7103135585784912,inf
llasa1b,ct_very_t1_k03,control_word,t1,3,842,3,attention,wr_very_t1_k03,2.4962925910949707,0.001056373119354248,7.18832015991211e-05,3,5,0.3333333333333333,nan,nan,nan,0,0.0,144.3366670247715,1.2635998564389872,4.525752471864006,1.9094266891479492,inf
llasa1b,ct_very_t1_k03,control_word,t1,3,842,3,attention,wr_very_t1_k03,2.4962925910949707,0.001056373119354248,7.18832015991211e-05,3,6,0.4,nan,nan,nan,0,0.0,nan,nan,nan,2.0492557287216187,inf
llasa1b,ct_very_t1_k03,control_word,t1,3,842,3,attention,wr_very_t1_k03,2.4962925910949707,0.001056373119354248,7.18832015991211e-05,3,7,0.4666666666666667,nan,nan,nan,0,0.0,nan,nan,nan,2.1699390411376953,inf
llasa1b,ct_very_t1_k03,control_word,t1,3,842,3,attention,wr_very_t1_k03,2.4962925910949707,0.001056373119354248,7.18832015991211e-05,3,8,0.5333333333333333,nan,nan,nan,0,0.0,nan,nan,nan,2.3098803758621216,inf
llasa1b,ct_very_t1_k03,control_word,t1,3,842,3,attention,wr_very_t1_k03,2.4962925910949707,0.001056373119354248,7.18832015991211e-05,3,9,0.6,nan,nan,nan,0,0.0,nan,nan,nan,2.5550127029418945,inf
llasa1b,ct_very_t1_k03,control_word,t1,3,842,3,attention,wr_very_t1_k03,2.4962925910949707,0.001056373119354248,7.18832015991211e-05,3,10,0.6666666666666666,nan,nan,nan,0,0.0,133.7148695914206,1.2587828925921087,3.977992378053228,3.312368392944336,inf
llasa1b,ct_very_t1_k03,control_word,t1,3,842,3,attention,wr_very_t1_k03,2.4962925910949707,0.001056373119354248,7.18832015991211e-05,3,11,0.7333333333333333,nan,nan,nan,0,0.0,nan,nan,nan,4.631035089492798,inf
llasa1b,ct_very_t1_k03,control_word,t1,3,842,3,attention,wr_very_t1_k03,2.4962925910949707,0.001056373119354248,7.18832015991211e-05,3,12,0.8,nan,nan,nan,0,0.0,nan,nan,nan,7.191515922546387,inf
llasa1b,ct_very_t1_k03,control_word,t1,3,842,3,attention,wr_very_t1_k03,2.4962925910949707,0.001056373119354248,7.18832015991211e-05,3,13,0.8666666666666667,nan,nan,nan,0,0.0,nan,nan,nan,12.059901237487793,inf
llasa1b,ct_very_t1_k03,control_word,t1,3,842,3,attention,wr_very_t1_k03,2.4962925910949707,0.001056373119354248,7.18832015991211e-05,3,14,0.9333333333333333,nan,nan,nan,0,0.0,nan,nan,nan,18.040839672088623,inf
llasa1b,ct_very_t1_k03,control_word,t1,3,842,3,attention,wr_very_t1_k03,2.4962925910949707,0.001056373119354248,7.18832015991211e-05,3,15,1.0,nan,nan,nan,0,0.0,110.41254794710416,1.3977621816853494,2.4335806287393327,38.12021255493164,inf
llasa1b,ct_very_t1_k04,control_word,t1,4,539,4,attention,wr_very_t1_k04,2.593496561050415,0.0017578601837158203,0.0001163482666015625,4,0,0.0,nan,nan,nan,1,0.0,190.20645672008055,1.0696345585579472,5.440894755291106,0.684734433889389,inf
llasa1b,ct_very_t1_k04,control_word,t1,4,539,4,attention,wr_very_t1_k04,2.593496561050415,0.0017578601837158203,0.0001163482666015625,4,1,0.06666666666666667,nan,nan,nan,1,0.0,nan,nan,nan,1.0784475207328796,inf
llasa1b,ct_very_t1_k04,control_word,t1,4,539,4,attention,wr_very_t1_k04,2.593496561050415,0.0017578601837158203,0.0001163482666015625,4,2,0.13333333333333333,nan,nan,nan,1,0.0,nan,nan,nan,1.1806843876838684,inf
llasa1b,ct_very_t1_k04,control_word,t1,4,539,4,attention,wr_very_t1_k04,2.593496561050415,0.0017578601837158203,0.0001163482666015625,4,3,0.2,nan,nan,nan,1,0.0,nan,nan,nan,1.4041380882263184,inf
llasa1b,ct_very_t1_k04,control_word,t1,4,539,4,attention,wr_very_t1_k04,2.593496561050415,0.0017578601837158203,0.0001163482666015625,4,4,0.26666666666666666,nan,nan,nan,1,0.0,nan,nan,nan,1.7103135585784912,inf
llasa1b,ct_very_t1_k04,control_word,t1,4,539,4,attention,wr_very_t1_k04,2.593496561050415,0.0017578601837158203,0.0001163482666015625,4,5,0.3333333333333333,nan,nan,nan,1,0.0,254.63568795400835,0.8902241181381427,3.5831135786045545,1.9094266891479492,inf
llasa1b,ct_very_t1_k04,control_word,t1,4,539,4,attention,wr_very_t1_k04,2.593496561050415,0.0017578601837158203,0.0001163482666015625,4,6,0.4,nan,nan,nan,1,0.0,nan,nan,nan,2.0492557287216187,inf
llasa1b,ct_very_t1_k04,control_word,t1,4,539,4,attention,wr_very_t1_k04,2.593496561050415,0.0017578601837158203,0.0001163482666015625,4,7,0.4666666666666667,nan,nan,nan,1,0.0,nan,nan,nan,2.1699390411376953,inf
llasa1b,ct_very_t1_k04,control_word,t1,4,539,4,attention,wr_very_t1_k04,2.593496561050415,0.0017578601837158203,0.0001163482666015625,4,8,0.5333333333333333,nan,nan,nan,1,0.0,nan,nan,nan,2.3098803758621216,inf
llasa1b,ct_very_t1_k04,control_word,t1,4,539,4,attention,wr_very_t1_k04,2.593496561050415,0.0017578601837158203,0.0001163482666015625,4,9,0.6,nan,nan,nan,1,0.0,nan,nan,nan,2.5550127029418945,inf
llasa1b,ct_very_t1_k04,control_word,t1,4,539,4,attention,wr_very_t1_k04,2.593496561050415,0.0017578601837158203,0.0001163482666015625,4,10,0.6666666666666666,nan,nan,nan,1,0.0,222.84723789580903,1.0354675464341998,3.1466155358178836,3.312368392944336,inf
llasa1b,ct_very_t1_k04,control_word,t1,4,539,4,attention,wr_very_t1_k04,2.593496561050415,0.0017578601837158203,0.0001163482666015625,4,11,0.7333333333333333,nan,nan,nan,1,0.0,nan,nan,nan,4.631035089492798,inf
llasa1b,ct_very_t1_k04,control_word,t1,4,539,4,attention,wr_very_t1_k04,2.593496561050415,0.0017578601837158203,0.0001163482666015625,4,12,0.8,nan,nan,nan,1,0.0,nan,nan,nan,7.191515922546387,inf
llasa1b,ct_very_t1_k04,control_word,t1,4,539,4,attention,wr_very_t1_k04,2.593496561050415,0.0017578601837158203,0.0001163482666015625,4,13,0.8666666666666667,nan,nan,nan,1,0.0,nan,nan,nan,12.059901237487793,inf
llasa1b,ct_very_t1_k04,control_word,t1,4,539,4,attention,wr_very_t1_k04,2.593496561050415,0.0017578601837158203,0.0001163482666015625,4,14,0.9333333333333333,nan,nan,nan,1,0.0,nan,nan,nan,18.040839672088623,inf
llasa1b,ct_very_t1_k04,control_word,t1,4,539,4,attention,wr_very_t1_k04,2.593496561050415,0.0017578601837158203,0.0001163482666015625,4,15,1.0,nan,nan,nan,1,0.0,173.86170687959336,1.2336323687704673,1.6645154570563567,38.12021255493164,inf
llasa1b,ct_very_t1_k06,control_word,t1,6,331,6,attention,wr_very_t1_k06,2.705451488494873,0.004883289337158203,0.00028324127197265625,6,0,0.0,nan,nan,nan,1,0.0,188.1218503384762,0.7759298662126252,3.1136250393598592,0.684734433889389,inf
llasa1b,ct_very_t1_k06,control_word,t1,6,331,6,attention,wr_very_t1_k06,2.705451488494873,0.004883289337158203,0.00028324127197265625,6,1,0.06666666666666667,nan,nan,nan,1,0.0,nan,nan,nan,1.0784475207328796,inf
llasa1b,ct_very_t1_k06,control_word,t1,6,331,6,attention,wr_very_t1_k06,2.705451488494873,0.004883289337158203,0.00028324127197265625,6,2,0.13333333333333333,nan,nan,nan,1,0.0,nan,nan,nan,1.1806843876838684,inf
llasa1b,ct_very_t1_k06,control_word,t1,6,331,6,attention,wr_very_t1_k06,2.705451488494873,0.004883289337158203,0.00028324127197265625,6,3,0.2,nan,nan,nan,1,0.0,nan,nan,nan,1.4041380882263184,inf
llasa1b,ct_very_t1_k06,control_word,t1,6,331,6,attention,wr_very_t1_k06,2.705451488494873,0.004883289337158203,0.00028324127197265625,6,4,0.26666666666666666,nan,nan,nan,1,0.0,nan,nan,nan,1.7103135585784912,inf
llasa1b,ct_very_t1_k06,control_word,t1,6,331,6,attention,wr_very_t1_k06,2.705451488494873,0.004883289337158203,0.00028324127197265625,6,5,0.3333333333333333,nan,nan,nan,1,0.0,218.65311058519862,0.7239195938821278,2.179320129831998,1.9094266891479492,inf
llasa1b,ct_very_t1_k06,control_word,t1,6,331,6,attention,wr_very_t1_k06,2.705451488494873,0.004883289337158203,0.00028324127197265625,6,6,0.4,nan,nan,nan,1,0.0,nan,nan,nan,2.0492557287216187,inf
llasa1b,ct_very_t1_k06,control_word,t1,6,331,6,attention,wr_very_t1_k06,2.705451488494873,0.004883289337158203,0.00028324127197265625,6,7,0.4666666666666667,nan,nan,nan,1,0.0,nan,nan,nan,2.1699390411376953,inf
llasa1b,ct_very_t1_k06,control_word,t1,6,331,6,attention,wr_very_t1_k06,2.705451488494873,0.004883289337158203,0.00028324127197265625,6,8,0.5333333333333333,nan,nan,nan,1,0.0,nan,nan,nan,2.3098803758621216,inf
llasa1b,ct_very_t1_k06,control_word,t1,6,331,6,attention,wr_very_t1_k06,2.705451488494873,0.004883289337158203,0.00028324127197265625,6,9,0.6,nan,nan,nan,1,0.0,nan,nan,nan,2.5550127029418945,inf
llasa1b,ct_very_t1_k06,control_word,t1,6,331,6,attention,wr_very_t1_k06,2.705451488494873,0.004883289337158203,0.00028324127197265625,6,10,0.6666666666666666,nan,nan,nan,1,0.0,203.42993867856066,0.8406049195761784,1.8733310488134756,3.312368392944336,inf
llasa1b,ct_very_t1_k06,control_word,t1,6,331,6,attention,wr_very_t1_k06,2.705451488494873,0.004883289337158203,0.00028324127197265625,6,11,0.7333333333333333,nan,nan,nan,1,0.0,nan,nan,nan,4.631035089492798,inf
llasa1b,ct_very_t1_k06,control_word,t1,6,331,6,attention,wr_very_t1_k06,2.705451488494873,0.004883289337158203,0.00028324127197265625,6,12,0.8,nan,nan,nan,1,0.0,nan,nan,nan,7.191515922546387,inf
llasa1b,ct_very_t1_k06,control_word,t1,6,331,6,attention,wr_very_t1_k06,2.705451488494873,0.004883289337158203,0.00028324127197265625,6,13,0.8666666666666667,nan,nan,nan,1,0.0,nan,nan,nan,12.059901237487793,inf
llasa1b,ct_very_t1_k06,control_word,t1,6,331,6,attention,wr_very_t1_k06,2.705451488494873,0.004883289337158203,0.00028324127197265625,6,14,0.9333333333333333,nan,nan,nan,1,0.0,nan,nan,nan,18.040839672088623,inf
llasa1b,ct_very_t1_k06,control_word,t1,6,331,6,attention,wr_very_t1_k06,2.705451488494873,0.004883289337158203,0.00028324127197265625,6,15,1.0,nan,nan,nan,1,0.0,182.12383557742282,0.9573034746356727,-0.19504597260647843,38.12021255493164,inf
llasa1b,ct_very_t1_k08,control_word,t1,8,385,8,attention,wr_very_t1_k08,2.8165111541748047,0.00535893440246582,0.00026798248291015625,8,0,0.0,3.4459193132681967,0.7872411434169775,0.49514176388927256,4,0.843062698841095,212.18899126063283,0.7811548947842395,3.2364588112015547,0.684734433889389,6.754913498960125
llasa1b,ct_very_t1_k08,control_word,t1,8,385,8,attention,wr_very_t1_k08,2.8165111541748047,0.00535893440246582,0.00026798248291015625,8,1,0.06666666666666667,4.1145977220488135,0.8001446730625382,0.4844512464237364,4,1.1000761985778809,nan,nan,nan,1.0784475207328796,6.005571273145843
llasa1b,ct_very_t1_k08,control_word,t1,8,385,8,attention,wr_very_t1_k08,2.8165111541748047,0.00535893440246582,0.00026798248291015625,8,2,0.13333333333333333,4.831599195050876,0.7895318678053197,0.512819006867012,4,1.2290018796920776,nan,nan,nan,1.1806843876838684,5.962730943518502
llasa1b,ct_very_t1_k08,control_word,t1,8,385,8,attention,wr_very_t1_k08,2.8165111541748047,0.00535893440246582,0.00026798248291015625,8,3,0.2,5.864929126478245,0.7752178417524722,0.6049595434523373,4,1.4654955863952637,nan,nan,nan,1.4041380882263184,5.614704800381882
llasa1b,ct_very_t1_k08,control_word,t1,8,385,8,attention,wr_very_t1_k08,2.8165111541748047,0.00535893440246582,0.00026798248291015625,8,4,0.26666666666666666,7.214861161835167,0.7707300012259177,0.6101936892306695,4,1.7513129711151123,nan,nan,nan,1.7103135585784912,5.527539849304413
llasa1b,ct_very_t1_k08,control_word,t1,8,385,8,attention,wr_very_t1_k08,2.8165111541748047,0.00535893440246582,0.00026798248291015625,8,5,0.3333333333333333,8.339891502238231,0.7605237520034794,0.6420954764454672,4,1.9346200227737427,251.26321309137694,0.7303305908859969,2.3027396903520185,1.9094266891479492,5.385418410697933
llasa1b,ct_very_t1_k08,control_word,t1,8,385,8,attention,wr_very_t1_k08,2.8165111541748047,0.00535893440246582,0.00026798248291015625,8,6,0.4,9.089648962457392,0.7528218441868494,0.6669755129432502,4,2.040355920791626,nan,nan,nan,2.0492557287216187,5.246634988619066
llasa1b,ct_very_t1_k08,control_word,t1,8,385,8,attention,wr_very_t1_k08,2.8165111541748047,0.00535893440246582,0.00026798248291015625,8,7,0.4666666666666667,10.971581291909887,0.732907312106405,0.6589574947716343,4,2.1094768047332764,nan,nan,nan,2.1699390411376953,5.215389114867785
llasa1b,ct_very_t1_k08,control_word,t1,8,385,8,attention,wr_very_t1_k08,2.8165111541748047,0.00535893440246582,0.00026798248291015625,8,8,0.5333333333333333,12.48248411727494,0.7279529545047139,0.6463399501526905,4,2.276033639907837,nan,nan,nan,2.3098803758621216,5.3134817737183155
llasa1b,ct_very_t1_k08,control_word,t1,8,385,8,attention,wr_very_t1_k08,2.8165111541748047,0.00535893440246582,0.00026798248291015625,8,9,0.6,14.910632719773735,0.717582886666266,0.6393508133664554,4,2.4911048412323,nan,nan,nan,2.5550127029418945,5.315437640891425
llasa1b,ct_very_t1_k08,control_word,t1,8,385,8,attention,wr_very_t1_k08,2.8165111541748047,0.00535893440246582,0.00026798248291015625,8,10,0.6666666666666666,18.974140417064856,0.724853671724822,0.5996726011901998,4,3.208681583404541,232.4280580301941,0.8594407983315235,2.00779952618624,3.312368392944336,5.4241526988174185
llasa1b,ct_very_t1_k08,control_word,t1,8,385,8,attention,wr_very_t1_k08,2.8165111541748047,0.00535893440246582,0.00026798248291015625,8,11,0.7333333333333333,27.056633486843452,0.732699567774872,0.6075154105897553,4,4.885377883911133,nan,nan,nan,4.631035089492798,5.675372907150205
llasa1b,ct_very_t1_k08,control_word,t1,8,385,8,attention,wr_very_t1_k08,2.8165111541748047,0.00535893440246582,0.00026798248291015625,8,12,0.8,38.62033640411263,0.7659255674428755,0.5703336731688473,4,8.625548362731934,nan,nan,nan,7.191515922546387,6.303203239185756
llasa1b,ct_very_t1_k08,control_word,t1,8,385,8,attention,wr_very_t1_k08,2.8165111541748047,0.00535893440246582,0.00026798248291015625,8,13,0.8666666666666667,52.705171772401734,0.8211383361426146,0.4525799152289147,4,15.994927406311035,nan,nan,nan,12.059901237487793,7.484014991857372
llasa1b,ct_very_t1_k08,control_word,t1,8,385,8,attention,wr_very_t1_k08,2.8165111541748047,0.00535893440246582,0.00026798248291015625,8,14,0.9333333333333333,72.60942393814577,0.8559491006636004,0.3298928156058246,4,25.837100982666016,nan,nan,nan,18.040839672088623,8.952151035301704
llasa1b,ct_very_t1_k08,control_word,t1,8,385,8,attention,wr_very_t1_k08,2.8165111541748047,0.00535893440246582,0.00026798248291015625,8,15,1.0,171.68841854298708,0.8297398742410647,0.3844454782994049,4,52.34957504272461,204.73571723988314,0.9762903536387346,-0.058654260122362016,38.12021255493164,8.063181595176507
llasa1b,ct_very_t1_k12,control_word,t1,12,469,12,attention,wr_very_t1_k12,3.0241787433624268,0.005120277404785156,0.0002285639444986979,12,0,0.0,2.4796893694200954,1.011825496542067,0.1263847765723226,5,0.0,238.7966754823136,0.8095046657012692,3.5283650801840247,0.684734433889389,inf
llasa1b,ct_very_t1_k12,control_word,t1,12,469,12,attention,wr_very_t1_k12,3.0241787433624268,0.005120277404785156,0.0002285639444986979,12,1,0.06666666666666667,3.092487190901572,1.0145905696806703,0.22579676509512192,5,0.0,nan,nan,nan,1.0784475207328796,inf
llasa1b,ct_very_t1_k12,control_word,t1,12,469,12,attention,wr_very_t1_k12,3.0241787433624268,0.005120277404785156,0.0002285639444986979,12,2,0.13333333333333333,3.909381255572439,1.0035763635174892,0.018570950922283558,5,0.0,nan,nan,nan,1.1806843876838684,inf
llasa1b,ct_very_t1_k12,control_word,t1,12,469,12,attention,wr_very_t1_k12,3.0241787433624268,0.005120277404785156,0.0002285639444986979,12,3,0.2,5.125766062920332,0.9903209734299997,0.14908458514214884,5,0.0,nan,nan,nan,1.4041380882263184,133.1311256834843
llasa1b,ct_very_t1_k12,control_word,t1,12,469,12,attention,wr_very_t1_k12,3.0241787433624268,0.005120277404785156,0.0002285639444986979,12,4,0.26666666666666666,6.520984045690502,0.9775574749540308,0.3410471741967982,5,0.0,nan,nan,nan,1.7103135585784912,58.96278579197817
llasa1b,ct_very_t1_k12,control_word,t1,12,469,12,attention,wr_very_t1_k12,3.0241787433624268,0.005120277404785156,0.0002285639444986979,12,5,0.3333333333333333,7.765452007995766,0.9665050871787724,0.5671980139313095,5,0.0,285.3456832830434,0.7651575595971298,2.5280143977847986,1.9094266891479492,41.178000279068655
llasa1b,ct_very_t1_k12,control_word,t1,12,469,12,attention,wr_very_t1_k12,3.0241787433624268,0.005120277404785156,0.0002285639444986979,12,6,0.4,8.462859557859726,0.9627296155610265,0.6428350401699399,5,0.0,nan,nan,nan,2.0492557287216187,37.33834660225205
llasa1b,ct_very_t1_k12,control_word,t1,12,469,12,attention,wr_very_t1_k12,3.0241787433624268,0.005120277404785156,0.0002285639444986979,12,7,0.4666666666666667,9.83778160722717,0.9618487209429518,0.5095809277216297,5,0.0,nan,nan,nan,2.1699390411376953,38.858744815582355
llasa1b,ct_very_t1_k12,control_word,t1,12,469,12,attention,wr_very_t1_k12,3.0241787433624268,0.005120277404785156,0.0002285639444986979,12,8,0.5333333333333333,11.097623483242378,0.9629092137493824,0.547633828082889,5,0.0,nan,nan,nan,2.3098803758621216,41.5263303729373
llasa1b,ct_very_t1_k12,control_word,t1,12,469,12,attention,wr_very_t1_k12,3.0241787433624268,0.005120277404785156,0.0002285639444986979,12,9,0.6,12.592237997040547,0.970204645524097,0.5132677497508937,5,0.0,nan,nan,nan,2.5550127029418945,52.731088068088546
llasa1b,ct_very_t1_k12,control_word,t1,12,469,12,attention,wr_very_t1_k12,3.0241787433624268,0.005120277404785156,0.0002285639444986979,12,10,0.6666666666666666,15.404518354684994,0.9777640258517293,0.3380466687810413,5,0.0,259.5524632346733,0.9035934885377104,2.2497711422031137,3.312368392944336,68.35072909891437
llasa1b,ct_very_t1_k12,control_word,t1,12,469,12,attention,wr_very_t1_k12,3.0241787433624268,0.005120277404785156,0.0002285639444986979,12,11,0.7333333333333333,20.924119282547977,0.9868453454696764,0.11617472561198328,5,0.0,nan,nan,nan,4.631035089492798,113.88978809722391
llasa1b,ct_very_t1_k12,control_word,t1,12,469,12,attention,wr_very_t1_k12,3.0241787433624268,0.005120277404785156,0.0002285639444986979,12,12,0.8,28.352580090240522,1.0024964933845133,0.003559317038906773,5,0.0,nan,nan,nan,7.191515922546387,inf
llasa1b,ct_very_t1_k12,control_word,t1,12,469,12,attention,wr_very_t1_k12,3.0241787433624268,0.005120277404785156,0.0002285639444986979,12,13,0.8666666666666667,38.94529338945595,1.0203697265044185,0.1933932224246172,5,0.0,nan,nan,nan,12.059901237487793,inf
llasa1b,ct_very_t1_k12,control_word,t1,12,469,12,attention,wr_very_t1_k12,3.0241787433624268,0.005120277404785156,0.0002285639444986979,12,14,0.9333333333333333,52.53915858743782,1.0423891649000876,0.4761905452716214,5,0.0,nan,nan,nan,18.040839672088623,inf
llasa1b,ct_very_t1_k12,control_word,t1,12,469,12,attention,wr_very_t1_k12,3.0241787433624268,0.005120277404785156,0.0002285639444986979,12,15,1.0,130.07298307956694,1.0204247042031236,0.17835994094882823,5,0.0,224.68732484420013,1.0243255363330577,0.2532761821244276,38.12021255493164,inf
llasa1b,ct_very_t1_k16,control_word,t1,16,630,16,attention,wr_very_t1_k16,3.188746213912964,0.004982203245162964,0.00019282102584838867,16,0,0.0,2.717561673568137,0.9997967895971906,0.0001418760963993737,8,2.4271738529205322,254.36433233840032,0.822266445449211,3.6538443581755082,0.684734433889389,6782.719565220616
llasa1b,ct_very_t1_k16,control_word,t1,16,630,16,attention,wr_very_t1_k16,3.188746213912964,0.004982203245162964,0.00019282102584838867,16,1,0.06666666666666667,3.490301748343054,0.999833588653829,0.00011739059349924474,8,3.1351120471954346,nan,nan,nan,1.0784475207328796,7057.018462129352
llasa1b,ct_very_t1_k16,control_word,t1,16,630,16,attention,wr_very_t1_k16,3.188746213912964,0.004982203245162964,0.00019282102584838867,16,2,0.13333333333333333,4.336325256673352,0.9900774547890623,0.28007344865243644,8,3.43129563331604,nan,nan,nan,1.1806843876838684,130.4572543161021
llasa1b,ct_very_t1_k16,control_word,t1,16,630,16,attention,wr_very_t1_k16,3.188746213912964,0.004982203245162964,0.00019282102584838867,16,3,0.2,5.609119805335966,0.9824856004763882,0.4487346462484614,8,4.094618797302246,nan,nan,nan,1.4041380882263184,78.38156118938534
llasa1b,ct_very_t1_k16,control_word,t1,16,630,16,attention,wr_very_t1_k16,3.188746213912964,0.004982203245162964,0.00019282102584838867,16,4,0.26666666666666666,6.704441265769572,0.97624665108318,0.5768945694881077,8,4.543017864227295,nan,nan,nan,1.7103135585784912,56.825831685740965
llasa1b,ct_very_t1_k16,control_word,t1,16,630,16,attention,wr_very_t1_k16,3.188746213912964,0.004982203245162964,0.00019282102584838867,16,5,0.3333333333333333,7.373534064466829,0.9768855798617506,0.5449640098157508,8,5.130837917327881,304.1613999506809,0.7737854171104848,2.5795876259725263,1.9094266891479492,57.77425221389374
llasa1b,ct_very_t1_k16,control_word,t1,16,630,16,attention,wr_very_t1_k16,3.188746213912964,0.004982203245162964,0.00019282102584838867,16,6,0.4,8.105291525911246,0.9720345859676158,0.6315704929240191,8,5.1894211769104,nan,nan,nan,2.0492557287216187,48.478551966390036
llasa1b,ct_very_t1_k16,control_word,t1,16,630,16,attention,wr_very_t1_k16,3.188746213912964,0.004982203245162964,0.00019282102584838867,16,7,0.4666666666666667,9.710954521930377,0.9622819438651895,0.7368975563260669,8,5.390806198120117,nan,nan,nan,2.1699390411376953,38.976375303893036
llasa1b,ct_very_t1_k16,control_word,t1,16,630,16,attention,wr_very_t1_k16,3.188746213912964,0.004982203245162964,0.00019282102584838867,16,8,0.5333333333333333,11.53076561473404,0.9564924649919814,0.7985751898379332,8,5.7457685470581055,nan,nan,nan,2.3098803758621216,36.14517560514021
llasa1b,ct_very_t1_k16,control_word,t1,16,630,16,attention,wr_very_t1_k16,3.188746213912964,0.004982203245162964,0.00019282102584838867,16,9,0.6,13.044272747409735,0.96353782970892,0.6361696635113115,8,6.635350227355957,nan,nan,nan,2.5550127029418945,43.89168212301204
llasa1b,ct_very_t1_k16,control_word,t1,16,630,16,attention,wr_very_t1_k16,3.188746213912964,0.004982203245162964,0.00019282102584838867,16,10,0.6666666666666666,17.017396374351716,0.960308872534839,0.6445297162036054,8,7.959127426147461,278.8490124189971,0.8941282392640557,2.286163761750258,3.312368392944336,40.40889853761143
llasa1b,ct_very_t1_k16,control_word,t1,16,630,16,attention,wr_very_t1_k16,3.188746213912964,0.004982203245162964,0.00019282102584838867,16,11,0.7333333333333333,23.684865647808675,0.9647960702773596,0.6049728084514145,8,12.150850296020508,nan,nan,nan,4.631035089492798,45.53914561641987
llasa1b,ct_very_t1_k16,control_word,t1,16,630,16,attention,wr_very_t1_k16,3.188746213912964,0.004982203245162964,0.00019282102584838867,16,12,0.8,33.57802099059774,0.9768790782352642,0.39976121608007187,8,20.600126266479492,nan,nan,nan,7.191515922546387,65.87479388474179
llasa1b,ct_very_t1_k16,control_word,t1,16,630,16,attention,wr_very_t1_k16,3.188746213912964,0.004982203245162964,0.00019282102584838867,16,13,0.8666666666666667,48.228032507095996,0.9887242087152815,0.1160010064239968,8,35.090057373046875,nan,nan,nan,12.059901237487793,122.22869359404079
llasa1b,ct_very_t1_k16,control_word,t1,16,630,16,attention,wr_very_t1_k16,3.188746213912964,0.004982203245162964,0.00019282102584838867,16,14,0.9333333333333333,66.3639939212892,1.0074477428177557,0.04401787072178498,8,53.58031463623047,nan,nan,nan,18.040839672088623,inf
llasa1b,ct_very_t1_k16,control_word,t1,16,630,16,attention,wr_very_t1_k16,3.188746213912964,0.004982203245162964,0.00019282102584838867,16,15,1.0,186.24731797319075,0.990446512609561,0.08563989376251435,8,124.07525634765625,239.62660838095493,1.037659665063256,0.386555373171091,38.12021255493164,165.25286723938234
llasa1b,ct_very_t1_k24,control_word,t1,24,997,24,attention,wr_very_t1_k24,3.467247247695923,0.004539370536804199,0.00013011693954467773,24,0,0.0,2.2401325950327915,1.0137368289018582,0.17858368547484937,6,0.0,264.5695072799014,0.7917363131013102,3.523541201686785,0.684734433889389,inf
llasa1b,ct_very_t1_k24,control_word,t1,24,997,24,attention,wr_very_t1_k24,3.467247247695923,0.004539370536804199,0.00013011693954467773,24,1,0.06666666666666667,2.922487473365651,1.0133648814658454,0.16353012241693476,6,0.0,nan,nan,nan,1.0784475207328796,inf
llasa1b,ct_very_t1_k24,control_word,t1,24,997,24,attention,wr_very_t1_k24,3.467247247695923,0.004539370536804199,0.00013011693954467773,24,2,0.13333333333333333,3.7909546259007043,1.0066795990201667,0.039246520460547996,6,0.0,nan,nan,nan,1.1806843876838684,inf
llasa1b,ct_very_t1_k24,control_word,t1,24,997,24,attention,wr_very_t1_k24,3.467247247695923,0.004539370536804199,0.00013011693954467773,24,3,0.2,5.179066295389334,0.9981470568665961,0.0032280958828742046,6,0.0,nan,nan,nan,1.4041380882263184,703.7407165556382
llasa1b,ct_very_t1_k24,control_word,t1,24,997,24,attention,wr_very_t1_k24,3.467247247695923,0.004539370536804199,0.00013011693954467773,24,4,0.26666666666666666,6.021670119303412,0.9957550760586886,0.01971312950862969,6,0.0,nan,nan,nan,1.7103135585784912,295.88622411703403
llasa1b,ct_very_t1_k24,control_word,t1,24,997,24,attention,wr_very_t1_k24,3.467247247695923,0.004539370536804199,0.00013011693954467773,24,5,0.3333333333333333,6.873071747282045,0.9940674619206543,0.047444460918419806,6,0.0,315.7656085701828,0.7512235738061912,2.4785820538749834,1.9094266891479492,215.25443084681717
llasa1b,ct_very_t1_k24,control_word,t1,24,997,24,attention,wr_very_t1_k24,3.467247247695923,0.004539370536804199,0.00013011693954467773,24,6,0.4,7.653635977952935,0.9902181132412373,0.11350601017143602,6,0.0,nan,nan,nan,2.0492557287216187,134.04865699356696
llasa1b,ct_very_t1_k24,control_word,t1,24,997,24,attention,wr_very_t1_k24,3.467247247695923,0.004539370536804199,0.00013011693954467773,24,7,0.4666666666666667,8.97656513416924,0.9862893591491979,0.15315419646467754,6,0.0,nan,nan,nan,2.1699390411376953,102.85163587260715
llasa1b,ct_very_t1_k24,control_word,t1,24,997,24,attention,wr_very_t1_k24,3.467247247695923,0.004539370536804199,0.00013011693954467773,24,8,0.5333333333333333,10.216305604046381,0.9847182341485842,0.15412623044190077,6,0.0,nan,nan,nan,2.3098803758621216,96.54641802505836
llasa1b,ct_very_t1_k24,control_word,t1,24,997,24,attention,wr_very_t1_k24,3.467247247695923,0.004539370536804199,0.00013011693954467773,24,9,0.6,11.72253420530408,0.9855576853762318,0.1670337582604371,6,0.0,nan,nan,nan,2.5550127029418945,104.72199551543792
llasa1b,ct_very_t1_k24,control_word,t1,24,997,24,attention,wr_very_t1_k24,3.467247247695923,0.004539370536804199,0.00013011693954467773,24,10,0.6666666666666666,14.693530079699343,0.9894032482106961,0.08972483601147407,6,0.0,290.3493001645628,0.8653805368402561,2.147482440511278,3.312368392944336,139.83875419423336
llasa1b,ct_very_t1_k24,control_word,t1,24,997,24,attention,wr_very_t1_k24,3.467247247695923,0.004539370536804199,0.00013011693954467773,24,11,0.7333333333333333,19.917202363944963,0.9929598380400178,0.04168096702817026,6,0.0,nan,nan,nan,4.631035089492798,206.4813635972989
llasa1b,ct_very_t1_k24,control_word,t1,24,997,24,attention,wr_very_t1_k24,3.467247247695923,0.004539370536804199,0.00013011693954467773,24,12,0.8,26.935981990676968,1.0026511577951083,0.006806153245055735,6,0.0,nan,nan,nan,7.191515922546387,inf
llasa1b,ct_very_t1_k24,control_word,t1,24,997,24,attention,wr_very_t1_k24,3.467247247695923,0.004539370536804199,0.00013011693954467773,24,13,0.8666666666666667,38.7487727422983,1.0081638955724794,0.09271991534562696,6,0.0,nan,nan,nan,12.059901237487793,inf
llasa1b,ct_very_t1_k24,control_word,t1,24,997,24,attention,wr_very_t1_k24,3.467247247695923,0.004539370536804199,0.00013011693954467773,24,14,0.9333333333333333,52.77722420530786,1.020415052489233,0.3768990634536825,6,0.0,nan,nan,nan,18.040839672088623,inf
llasa1b,ct_very_t1_k24,control_word,t1,24,997,24,attention,wr_very_t1_k24,3.467247247695923,0.004539370536804199,0.00013011693954467773,24,15,1.0,176.38591398038255,0.996383977799963,0.020857213097999594,6,0.0,247.99251040623366,1.0235229257240184,0.3114731197251568,38.12021255493164,422.8840782247447
llasa1b,ct_very_t1_k32,control_word,t1,32,991,32,attention,wr_very_t1_k32,3.6724038124084473,0.0052869319915771484,0.0001248866319656372,32,0,0.0,3.0525985276848244,0.98398767007901,0.1793407961132567,18,1.6097124814987183,253.07145451575903,0.8132931048282204,3.713599888391414,0.684734433889389,92.59853289466943
llasa1b,ct_very_t1_k32,control_word,t1,32,991,32,attention,wr_very_t1_k32,3.6724038124084473,0.0052869319915771484,0.0001248866319656372,32,1,0.06666666666666667,3.779928263881496,0.9878861915426546,0.12225920909044752,18,2.133354663848877,nan,nan,nan,1.0784475207328796,102.90493001548708
llasa1b,ct_very_t1_k32,control_word,t1,32,991,32,attention,wr_very_t1_k32,3.6724038124084473,0.0052869319915771484,0.0001248866319656372,32,2,0.13333333333333333,4.3684537836181105,0.9893916087323744,0.09760516771288552,18,2.405496120452881,nan,nan,nan,1.1806843876838684,122.67297985235234
llasa1b,ct_very_t1_k32,control_word,t1,32,991,32,attention,wr_very_t1_k32,3.6724038124084473,0.0052869319915771484,0.0001248866319656372,32,3,0.2,5.108408905074441,0.9896246110702482,0.09352740188309139,18,2.6587891578674316,nan,nan,nan,1.4041380882263184,123.82696910100559
llasa1b,ct_very_t1_k32,control_word,t1,32,991,32,attention,wr_very_t1_k32,3.6724038124084473,0.0052869319915771484,0.0001248866319656372,32,4,0.26666666666666666,5.981986096298349,0.990805023667732,0.07208173701207365,18,3.2050633430480957,nan,nan,nan,1.7103135585784912,135.5425618245199
llasa1b,ct_very_t1_k32,control_word,t1,32,991,32,attention,wr_very_t1_k32,3.6724038124084473,0.0052869319915771484,0.0001248866319656372,32,5,0.3333333333333333,6.757561099733584,0.990892535427523,0.06755080544793968,18,3.648388147354126,297.29436551348203,0.7882031752321174,2.6358319778756933,1.9094266891479492,138.13887993303683
llasa1b,ct_very_t1_k32,control_word,t1,32,991,32,attention,wr_very_t1_k32,3.6724038124084473,0.0052869319915771484,0.0001248866319656372,32,6,0.4,7.394731004630197,0.9906967338627457,0.06991199010536464,18,3.9163575172424316,nan,nan,nan,2.0492557287216187,137.2971959591295
llasa1b,ct_very_t1_k32,control_word,t1,32,991,32,attention,wr_very_t1_k32,3.6724038124084473,0.0052869319915771484,0.0001248866319656372,32,7,0.4666666666666667,8.817199579110786,0.9873797896596951,0.10073723845390115,18,4.038008213043213,nan,nan,nan,2.1699390411376953,110.38957921838951
llasa1b,ct_very_t1_k32,control_word,t1,32,991,32,attention,wr_very_t1_k32,3.6724038124084473,0.0052869319915771484,0.0001248866319656372,32,8,0.5333333333333333,9.78772924982846,0.987404380188321,0.09731659441172291,18,4.332413196563721,nan,nan,nan,2.3098803758621216,113.9142762288766
llasa1b,ct_very_t1_k32,control_word,t1,32,991,32,attention,wr_very_t1_k32,3.6724038124084473,0.0052869319915771484,0.0001248866319656372,32,9,0.6,11.2787783930222,0.9877324004747998,0.09928055880351438,18,5.38051700592041,nan,nan,nan,2.5550127029418945,120.29567292387934
llasa1b,ct_very_t1_k32,control_word,t1,32,991,32,attention,wr_very_t1_k32,3.6724038124084473,0.0052869319915771484,0.0001248866319656372,32,10,0.6666666666666666,14.843699610472154,0.9863764213233702,0.10374481254630408,18,6.516923427581787,271.82481863764804,0.910425446836855,2.3007149257356994,3.312368392944336,109.34510224281726
llasa1b,ct_very_t1_k32,control_word,t1,32,991,32,attention,wr_very_t1_k32,3.6724038124084473,0.0052869319915771484,0.0001248866319656372,32,11,0.7333333333333333,22.313789857867036,0.9824254826738573,0.16538213157526227,18,9.287226676940918,nan,nan,nan,4.631035089492798,88.68330782326407
llasa1b,ct_very_t1_k32,control_word,t1,32,991,32,attention,wr_very_t1_k32,3.6724038124084473,0.0052869319915771484,0.0001248866319656372,32,12,0.8,35.10921902410411,0.978662347036294,0.2254745420066463,18,14.707310676574707,nan,nan,nan,7.191515922546387,73.51253062429487
llasa1b,ct_very_t1_k32,control_word,t1,32,991,32,attention,wr_very_t1_k32,3.6724038124084473,0.0052869319915771484,0.0001248866319656372,32,13,0.8666666666666667,54.3134380013937,0.9784929889442627,0.24996517649106176,18,23.45515251159668,nan,nan,nan,12.059901237487793,69.21669549565027
llasa1b,ct_very_t1_k32,control_word,t1,32,991,32,attention,wr_very_t1_k32,3.6724038124084473,0.0052869319915771484,0.0001248866319656372,32,14,0.9333333333333333,82.1747357475075,0.9794614629413476,0.2177551182619466,18,37.34028625488281,nan,nan,nan,18.040839672088623,73.06195283506477
llasa1b,ct_very_t1_k32,control_word,t1,32,991,32,attention,wr_very_t1_k32,3.6724038124084473,0.0052869319915771484,0.0001248866319656372,32,15,1.0,198.4391347486095,0.9789695437567159,0.2714839924819832,18,77.54316711425781,234.17122395651845,1.065134265913774,0.6392017716359468,38.12021255493164,77.61738179538204
llasa1b,sr_s1_k03,sentence_rep,s1,3,453,3,attention,,2.6178083419799805,0.0021234750747680664,0.0001095136006673177,3,0,0.0,nan,nan,nan,0,0.0,202.58768078169618,0.8853895026839297,4.415631269764022,0.684734433889389,inf
llasa1b,sr_s1_k03,sentence_rep,s1,3,453,3,attention,,2.6178083419799805,0.0021234750747680664,0.0001095136006673177,3,1,0.06666666666666667,nan,nan,nan,0,0.0,nan,nan,nan,1.0784475207328796,inf
llasa1b,sr_s1_k03,sentence_rep,s1,3,453,3,attention,,2.6178083419799805,0.0021234750747680664,0.0001095136006673177,3,2,0.13333333333333333,nan,nan,nan,0,0.0,nan,nan,nan,1.1806843876838684,inf
llasa1b,sr_s1_k03,sentence_rep,s1,3,453,3,attention,,2.6178083419799805,0.0021234750747680664,0.0001095136006673177,3,3,0.2,nan,nan,nan,0,0.0,nan,nan,nan,1.4041380882263184,inf
llasa1b,sr_s1_k03,sentence_rep,s1,3,453,3,attention,,2.6178083419799805,0.0021234750747680664,0.0001095136006673177,3,4,0.26666666666666666,nan,nan,nan,0,0.0,nan,nan,nan,1.7103135585784912,inf
llasa1b,sr_s1_k03,sentence_rep,s1,3,453,3,attention,,2.6178083419799805,0.0021234750747680664,0.0001095136006673177,3,5,0.3333333333333333,nan,nan,nan,0,0.0,242.25856595960204,0.8438624109076802,2.844246461258954,1.9094266891479492,inf
llasa1b,sr_s1_k03,sentence_rep,s1,3,453,3,attention,,2.6178083419799805,0.0021234750747680664,0.0001095136006673177,3,6,0.4,nan,nan,nan,0,0.0,nan,nan,nan,2.0492557287216187,inf
llasa1b,sr_s1_k03,sentence_rep,s1,3,453,3,attention,,2.6178083419799805,0.0021234750747680664,0.0001095136006673177,3,7,0.4666666666666667,nan,nan,nan,0,0.0,nan,nan,nan,2.1699390411376953,inf
llasa1b,sr_s1_k03,sentence_rep,s1,3,453,3,attention,,2.6178083419799805,0.0021234750747680664,0.0001095136006673177,3,8,0.5333333333333333,nan,nan,nan,0,0.0,nan,nan,nan,2.3098803758621216,inf
llasa1b,sr_s1_k03,sentence_rep,s1,3,453,3,attention,,2.6178083419799805,0.0021234750747680664,0.0001095136006673177,3,9,0.6,nan,nan,nan,0,0.0,nan,nan,nan,2.5550127029418945,inf
llasa1b,sr_s1_k03,sentence_rep,s1,3,453,3,attention,,2.6178083419799805,0.0021234750747680664,0.0001095136006673177,3,10,0.6666666666666666,nan,nan,nan,0,0.0,205.7355077854563,1.007799343915414,2.5477263290607186,3.312368392944336,inf
llasa1b,sr_s1_k03,sentence_rep,s1,3,453,3,attention,,2.6178083419799805,0.0021234750747680664,0.0001095136006673177,3,11,0.7333333333333333,nan,nan,nan,0,0.0,nan,nan,nan,4.631035089492798,inf
llasa1b,sr_s1_k03,sentence_rep,s1,3,453,3,attention,,2.6178083419799805,0.0021234750747680664,0.0001095136006673177,3,12,0.8,nan,nan,nan,0,0.0,nan,nan,nan,7.191515922546387,inf
llasa1b,sr_s1_k03,sentence_rep,s1,3,453,3,attention,,2.6178083419799805,0.0021234750747680664,0.0001095136006673177,3,13,0.8666666666666667,nan,nan,nan,0,0.0,nan,nan,nan,12.059901237487793,inf
llasa1b,sr_s1_k03,sentence_rep,s1,3,453,3,attention,,2.6178083419799805,0.0021234750747680664,0.0001095136006673177,3,14,0.9333333333333333,nan,nan,nan,0,0.0,nan,nan,nan,18.040839672088623,inf
llasa1b,sr_s1_k03,sentence_rep,s1,3,453,3,attention,,2.6178083419799805,0.0021234750747680664,0.0001095136006673177,3,15,1.0,nan,nan,nan,0,0.0,187.69424572397907,1.126731862107356,0.8133870103675834,38.12021255493164,inf
llasa1b,sr_s1_k04,sentence_rep,s1,4,2048,4,attention,,2.9038662910461426,0.0007999539375305176,3.0741095542907715e-05,4,0,0.0,nan,nan,nan,0,0.0,94.19887332359865,1.5165370802252318,6.247582471577663,0.684734433889389,inf
llasa1b,sr_s1_k04,sentence_rep,s1,4,2048,4,attention,,2.9038662910461426,0.0007999539375305176,3.0741095542907715e-05,4,1,0.06666666666666667,nan,nan,nan,0,0.0,nan,nan,nan,1.0784475207328796,inf
llasa1b,sr_s1_k04,sentence_rep,s1,4,2048,4,attention,,2.9038662910461426,0.0007999539375305176,3.0741095542907715e-05,4,2,0.13333333333333333,nan,nan,nan,0,0.0,nan,nan,nan,1.1806843876838684,inf
llasa1b,sr_s1_k04,sentence_rep,s1,4,2048,4,attention,,2.9038662910461426,0.0007999539375305176,3.0741095542907715e-05,4,3,0.2,nan,nan,nan,0,0.0,nan,nan,nan,1.4041380882263184,inf
llasa1b,sr_s1_k04,sentence_rep,s1,4,2048,4,attention,,2.9038662910461426,0.0007999539375305176,3.0741095542907715e-05,4,4,0.26666666666666666,nan,nan,nan,0,0.0,nan,nan,nan,1.7103135585784912,inf
llasa1b,sr_s1_k04,sentence_rep,s1,4,2048,4,attention,,2.9038662910461426,0.0007999539375305176,3.0741095542907715e-05,4,5,0.3333333333333333,nan,nan,nan,0,0.0,144.08893347156462,1.2134155330858336,4.385699644806344,1.9094266891479492,inf
llasa1b,sr_s1_k04,sentence_rep,s1,4,2048,4,attention,,2.9038662910461426,0.0007999539375305176,3.0741095542907715e-05,4,6,0.4,nan,nan,nan,0,0.0,nan,nan,nan,2.0492557287216187,inf
llasa1b,sr_s1_k04,sentence_rep,s1,4,2048,4,attention,,2.9038662910461426,0.0007999539375305176,3.0741095542907715e-05,4,7,0.4666666666666667,nan,nan,nan,0,0.0,nan,nan,nan,2.1699390411376953,inf
llasa1b,sr_s1_k04,sentence_rep,s1,4,2048,4,attention,,2.9038662910461426,0.0007999539375305176,3.0741095542907715e-05,4,8,0.5333333333333333,nan,nan,nan,0,0.0,nan,nan,nan,2.3098803758621216,inf
llasa1b,sr_s1_k04,sentence_rep,s1,4,2048,4,attention,,2.9038662910461426,0.0007999539375305176,3.0741095542907715e-05,4,9,0.6,nan,nan,nan,0,0.0,nan,nan,nan,2.5550127029418945,inf
llasa1b,sr_s1_k04,sentence_rep,s1,4,2048,4,attention,,2.9038662910461426,0.0007999539375305176,3.0741095542907715e-05,4,10,0.6666666666666666,nan,nan,nan,0,0.0,131.6130277893122,1.275756072393679,3.9252091606776087,3.312368392944336,inf
llasa1b,sr_s1_k04,sentence_rep,s1,4,2048,4,attention,,2.9038662910461426,0.0007999539375305176,3.0741095542907715e-05,4,11,0.7333333333333333,nan,nan,nan,0,0.0,nan,nan,nan,4.631035089492798,inf
llasa1b,sr_s1_k04,sentence_rep,s1,4,2048,4,attention,,2.9038662910461426,0.0007999539375305176,3.0741095542907715e-05,4,12,0.8,nan,nan,nan,0,0.0,nan,nan,nan,7.191515922546387,inf
llasa1b,sr_s1_k04,sentence_rep,s1,4,2048,4,attention,,2.9038662910461426,0.0007999539375305176,3.0741095542907715e-05,4,13,0.8666666666666667,nan,nan,nan,0,0.0,nan,nan,nan,12.059901237487793,inf
llasa1b,sr_s1_k04,sentence_rep,s1,4,2048,4,attention,,2.9038662910461426,0.0007999539375305176,3.0741095542907715e-05,4,14,0.9333333333333333,nan,nan,nan,0,0.0,nan,nan,nan,18.040839672088623,inf
llasa1b,sr_s1_k04,sentence_rep,s1,4,2048,4,attention,,2.9038662910461426,0.0007999539375305176,3.0741095542907715e-05,4,15,1.0,nan,nan,nan,0,0.0,91.43748850232406,1.5129409798522768,2.5181873231373135,38.12021255493164,inf
llasa1b,sr_s1_k06,sentence_rep,s1,6,664,6,attention,,3.309187412261963,0.003495335578918457,8.189678192138672e-05,6,0,0.0,3.2603298705855788,0.7520917746834518,0.9214781026151067,4,1.4809284210205078,234.9655966287571,0.8647949756370299,4.189648346871198,0.684734433889389,5.477604222667866
llasa1b,sr_s1_k06,sentence_rep,s1,6,664,6,attention,,3.309187412261963,0.003495335578918457,8.189678192138672e-05,6,1,0.06666666666666667,4.058868427345274,0.7779172984876399,0.9129237026119259,4,1.9648609161376953,nan,nan,nan,1.0784475207328796,5.27756535851584
llasa1b,sr_s1_k06,sentence_rep,s1,6,664,6,attention,,3.309187412261963,0.003495335578918457,8.189678192138672e-05,6,2,0.13333333333333333,5.22312137133715,0.7688259335203128,0.9656938944275983,4,2.471210479736328,nan,nan,nan,1.1806843876838684,5.65634686555489
llasa1b,sr_s1_k06,sentence_rep,s1,6,664,6,attention,,3.309187412261963,0.003495335578918457,8.189678192138672e-05,6,3,0.2,6.718199433748786,0.7652278931806776,0.9865977220846156,4,3.0927255153656006,nan,nan,nan,1.4041380882263184,5.850165265083688
llasa1b,sr_s1_k06,sentence_rep,s1,6,664,6,attention,,3.309187412261963,0.003495335578918457,8.189678192138672e-05,6,4,0.26666666666666666,7.383878451776872,0.7902630793514402,0.9088819091044884,4,4.3067522048950195,nan,nan,nan,1.7103135585784912,6.21362923271723
llasa1b,sr_s1_k06,sentence_rep,s1,6,664,6,attention,,3.309187412261963,0.003495335578918457,8.189678192138672e-05,6,5,0.3333333333333333,8.14720589028705,0.819829855860154,0.8534455456418003,4,5.389081001281738,265.8159713127336,0.8711805089958824,2.837272230770648,1.9094266891479492,7.30334891861746
llasa1b,sr_s1_k06,sentence_rep,s1,6,664,6,attention,,3.309187412261963,0.003495335578918457,8.189678192138672e-05,6,6,0.4,9.120496612874534,0.8459201938093664,0.8833566094803237,4,6.321242332458496,nan,nan,nan,2.0492557287216187,8.92275916526454
llasa1b,sr_s1_k06,sentence_rep,s1,6,664,6,attention,,3.309187412261963,0.003495335578918457,8.189678192138672e-05,6,7,0.4666666666666667,10.273594681645445,0.8431924875004118,0.8581155218207759,4,7.241960525512695,nan,nan,nan,2.1699390411376953,9.116309843509208
llasa1b,sr_s1_k06,sentence_rep,s1,6,664,6,attention,,3.309187412261963,0.003495335578918457,8.189678192138672e-05,6,8,0.5333333333333333,11.295624600509061,0.8397856264121114,0.9301796635100094,4,7.517369270324707,nan,nan,nan,2.3098803758621216,9.090156325071495
llasa1b,sr_s1_k06,sentence_rep,s1,6,664,6,attention,,3.309187412261963,0.003495335578918457,8.189678192138672e-05,6,9,0.6,13.08432236749193,0.8393788076590634,0.8814627329960513,4,8.778875350952148,nan,nan,nan,2.5550127029418945,9.328504942494506
llasa1b,sr_s1_k06,sentence_rep,s1,6,664,6,attention,,3.309187412261963,0.003495335578918457,8.189678192138672e-05,6,10,0.6666666666666666,15.521511332948256,0.8392094840895244,0.8734039464455406,4,10.688735008239746,216.66231491123935,1.0569955847019803,2.6364522033478837,3.312368392944336,8.811227525464728
llasa1b,sr_s1_k06,sentence_rep,s1,6,664,6,attention,,3.309187412261963,0.003495335578918457,8.189678192138672e-05,6,11,0.7333333333333333,21.309335892199286,0.8417095397498842,0.8415612872639998,4,14.781770706176758,nan,nan,nan,4.631035089492798,8.857720042615645
llasa1b,sr_s1_k06,sentence_rep,s1,6,664,6,attention,,3.309187412261963,0.003495335578918457,8.189678192138672e-05,6,12,0.8,28.89054560719635,0.8933923756608003,0.7745709627031463,4,22.894142150878906,nan,nan,nan,7.191515922546387,12.335844609983686
llasa1b,sr_s1_k06,sentence_rep,s1,6,664,6,attention,,3.309187412261963,0.003495335578918457,8.189678192138672e-05,6,13,0.8666666666666667,42.22591168724251,0.9199987776266545,0.5637104954630738,4,37.73222351074219,nan,nan,nan,12.059901237487793,15.028830688870148
llasa1b,sr_s1_k06,sentence_rep,s1,6,664,6,attention,,3.309187412261963,0.003495335578918457,8.189678192138672e-05,6,14,0.9333333333333333,57.48429174097066,0.9661363969103667,0.13443564997025703,4,54.2482795715332,nan,nan,nan,18.040839672088623,33.639042553181305
llasa1b,sr_s1_k06,sentence_rep,s1,6,664,6,attention,,3.309187412261963,0.003495335578918457,8.189678192138672e-05,6,15,1.0,186.35836821512143,0.8395782632394414,0.7317706459450031,4,115.03266143798828,220.24448490883245,1.126254624630958,0.641991147247418,38.12021255493164,9.075643275967503
llasa1b,sr_s1_k08,sentence_rep,s1,8,803,8,attention,,3.6022250652313232,0.0035175085067749023,6.562471389770508e-05,8,0,0.0,3.5871845546900203,0.892172494455875,0.32585257765654496,6,2.8498992919921875,225.57634972866657,0.9019443729411258,4.0705795447301325,0.684734433889389,14.514925702449496
llasa1b,sr_s1_k08,sentence_rep,s1,8,803,8,attention,,3.6022250652313232,0.0035175085067749023,6.562471389770508e-05,8,1,0.06666666666666667,4.373819282713315,0.9126714405989336,0.2810272083077271,6,3.71273136138916,nan,nan,nan,1.0784475207328796,15.321999654350552
llasa1b,sr_s1_k08,sentence_rep,s1,8,803,8,attention,,3.6022250652313232,0.0035175085067749023,6.562471389770508e-05,8,2,0.13333333333333333,5.105267179223459,0.9173450906434556,0.25821660160368587,6,4.453589916229248,nan,nan,nan,1.1806843876838684,16.97174208429901
llasa1b,sr_s1_k08,sentence_rep,s1,8,803,8,attention,,3.6022250652313232,0.0035175085067749023,6.562471389770508e-05,8,3,0.2,6.187119004583005,0.9153777259672999,0.2680902446022341,6,5.481164932250977,nan,nan,nan,1.4041380882263184,16.773030207582014
llasa1b,sr_s1_k08,sentence_rep,s1,8,803,8,attention,,3.6022250652313232,0.0035175085067749023,6.562471389770508e-05,8,4,0.26666666666666666,6.8348169231211395,0.9353573840927278,0.16928087880898068,6,6.434267520904541,nan,nan,nan,1.7103135585784912,20.730563771334783
llasa1b,sr_s1_k08,sentence_rep,s1,8,803,8,attention,,3.6022250652313232,0.0035175085067749023,6.562471389770508e-05,8,5,0.3333333333333333,7.775495136469296,0.9328098190823285,0.16894273560105166,6,7.162336349487305,252.3126450456341,0.9122617233904798,2.9613520516033383,1.9094266891479492,20.188276406563208
llasa1b,sr_s1_k08,sentence_rep,s1,8,803,8,attention,,3.6022250652313232,0.0035175085067749023,6.562471389770508e-05,8,6,0.4,8.572194632217046,0.936020202907674,0.17016542405266977,6,7.702882766723633,nan,nan,nan,2.0492557287216187,21.643763984403396
llasa1b,sr_s1_k08,sentence_rep,s1,8,803,8,attention,,3.6022250652313232,0.0035175085067749023,6.562471389770508e-05,8,7,0.4666666666666667,9.869018160528418,0.9369922284382656,0.13965099897997157,6,8.901005744934082,nan,nan,nan,2.1699390411376953,23.274347358332324
llasa1b,sr_s1_k08,sentence_rep,s1,8,803,8,attention,,3.6022250652313232,0.0035175085067749023,6.562471389770508e-05,8,8,0.5333333333333333,11.56134080953769,0.9296126384843526,0.1685303626668121,6,10.292490005493164,nan,nan,nan,2.3098803758621216,22.06508754092636
llasa1b,sr_s1_k08,sentence_rep,s1,8,803,8,attention,,3.6022250652313232,0.0035175085067749023,6.562471389770508e-05,8,9,0.6,12.973191893672968,0.9482198429696109,0.07982561878690886,6,12.487213134765625,nan,nan,nan,2.5550127029418945,30.5597410792681
llasa1b,sr_s1_k08,sentence_rep,s1,8,803,8,attention,,3.6022250652313232,0.0035175085067749023,6.562471389770508e-05,8,10,0.6666666666666666,16.52304478270631,0.9290035792256347,0.14266764530615794,6,15.280441284179688,204.9106020536913,1.088544531217606,2.7445129729820725,3.312368392944336,21.82284021086253
llasa1b,sr_s1_k08,sentence_rep,s1,8,803,8,attention,,3.6022250652313232,0.0035175085067749023,6.562471389770508e-05,8,11,0.7333333333333333,23.706571571613395,0.9162935242660665,0.1812178714141276,6,21.798452377319336,nan,nan,nan,4.631035089492798,18.679929679999233
llasa1b,sr_s1_k08,sentence_rep,s1,8,803,8,attention,,3.6022250652313232,0.0035175085067749023,6.562471389770508e-05,8,12,0.8,34.997362253956496,0.9084264869701155,0.19701457109775333,6,31.470518112182617,nan,nan,nan,7.191515922546387,16.47593816782593
llasa1b,sr_s1_k08,sentence_rep,s1,8,803,8,attention,,3.6022250652313232,0.0035175085067749023,6.562471389770508e-05,8,13,0.8666666666666667,50.68922574732939,0.9080678624756858,0.17322275252915464,6,44.4296760559082,nan,nan,nan,12.059901237487793,14.888889241980188
llasa1b,sr_s1_k08,sentence_rep,s1,8,803,8,attention,,3.6022250652313232,0.0035175085067749023,6.562471389770508e-05,8,14,0.9333333333333333,77.43992031406196,0.9043433819926193,0.15151059036794878,6,69.84223937988281,nan,nan,nan,18.040839672088623,14.489510054498957
llasa1b,sr_s1_k08,sentence_rep,s1,8,803,8,attention,,3.6022250652313232,0.0035175085067749023,6.562471389770508e-05,8,15,1.0,184.02414163566044,0.904664734061119,0.1900778150113902,6,166.7288818359375,209.87518408732905,1.1762829721006087,0.9226515751224624,38.12021255493164,15.713232160256968
llasa1b,sr_s1_k12,sentence_rep,s1,12,1481,12,attention,,3.983555793762207,0.002902388572692871,3.621975580851237e-05,12,0,0.0,nan,nan,nan,3,0.0,207.3789602763776,0.916181321324966,5.773172347016838,0.684734433889389,inf
llasa1b,sr_s1_k12,sentence_rep,s1,12,1481,12,attention,,3.983555793762207,0.002902388572692871,3.621975580851237e-05,12,1,0.06666666666666667,nan,nan,nan,3,0.0,nan,nan,nan,1.0784475207328796,inf
llasa1b,sr_s1_k12,sentence_rep,s1,12,1481,12,attention,,3.983555793762207,0.002902388572692871,3.621975580851237e-05,12,2,0.13333333333333333,nan,nan,nan,3,0.0,nan,nan,nan,1.1806843876838684,inf
llasa1b,sr_s1_k12,sentence_rep,s1,12,1481,12,attention,,3.983555793762207,0.002902388572692871,3.621975580851237e-05,12,3,0.2,nan,nan,nan,3,0.0,nan,nan,nan,1.4041380882263184,inf
llasa1b,sr_s1_k12,sentence_rep,s1,12,1481,12,attention,,3.983555793762207,0.002902388572692871,3.621975580851237e-05,12,4,0.26666666666666666,nan,nan,nan,3,0.0,nan,nan,nan,1.7103135585784912,inf
llasa1b,sr_s1_k12,sentence_rep,s1,12,1481,12,attention,,3.983555793762207,0.002902388572692871,3.621975580851237e-05,12,5,0.3333333333333333,nan,nan,nan,3,0.0,242.9968247278784,0.8819978810059677,3.9356762243345815,1.9094266891479492,inf
llasa1b,sr_s1_k12,sentence_rep,s1,12,1481,12,attention,,3.983555793762207,0.002902388572692871,3.621975580851237e-05,12,6,0.4,nan,nan,nan,3,0.0,nan,nan,nan,2.0492557287216187,inf
llasa1b,sr_s1_k12,sentence_rep,s1,12,1481,12,attention,,3.983555793762207,0.002902388572692871,3.621975580851237e-05,12,7,0.4666666666666667,nan,nan,nan,3,0.0,nan,nan,nan,2.1699390411376953,inf
llasa1b,sr_s1_k12,sentence_rep,s1,12,1481,12,attention,,3.983555793762207,0.002902388572692871,3.621975580851237e-05,12,8,0.5333333333333333,nan,nan,nan,3,0.0,nan,nan,nan,2.3098803758621216,inf
llasa1b,sr_s1_k12,sentence_rep,s1,12,1481,12,attention,,3.983555793762207,0.002902388572692871,3.621975580851237e-05,12,9,0.6,nan,nan,nan,3,0.0,nan,nan,nan,2.5550127029418945,inf
llasa1b,sr_s1_k12,sentence_rep,s1,12,1481,12,attention,,3.983555793762207,0.002902388572692871,3.621975580851237e-05,12,10,0.6666666666666666,nan,nan,nan,3,0.0,203.98592913628704,1.049119135443019,3.101253611666652,3.312368392944336,inf
llasa1b,sr_s1_k12,sentence_rep,s1,12,1481,12,attention,,3.983555793762207,0.002902388572692871,3.621975580851237e-05,12,11,0.7333333333333333,nan,nan,nan,3,0.0,nan,nan,nan,4.631035089492798,inf
llasa1b,sr_s1_k12,sentence_rep,s1,12,1481,12,attention,,3.983555793762207,0.002902388572692871,3.621975580851237e-05,12,12,0.8,nan,nan,nan,3,0.0,nan,nan,nan,7.191515922546387,inf
llasa1b,sr_s1_k12,sentence_rep,s1,12,1481,12,attention,,3.983555793762207,0.002902388572692871,3.621975580851237e-05,12,13,0.8666666666666667,nan,nan,nan,3,0.0,nan,nan,nan,12.059901237487793,inf
llasa1b,sr_s1_k12,sentence_rep,s1,12,1481,12,attention,,3.983555793762207,0.002902388572692871,3.621975580851237e-05,12,14,0.9333333333333333,nan,nan,nan,3,0.0,nan,nan,nan,18.040839672088623,inf
llasa1b,sr_s1_k12,sentence_rep,s1,12,1481,12,attention,,3.983555793762207,0.002902388572692871,3.621975580851237e-05,12,15,1.0,nan,nan,nan,3,0.0,207.0249568114299,1.158255739993417,1.5184764348459956,38.12021255493164,inf
llasa1b,sr_s1_k16,sentence_rep,s1,16,1582,16,attention,,4.225561141967773,0.00341719388961792,3.229081630706787e-05,16,0,0.0,2.5701025082304687,1.0067809557231024,0.008821840753523658,13,2.876394033432007,205.217642060783,0.9489824424360895,5.473801703589406,0.684734433889389,inf
llasa1b,sr_s1_k16,sentence_rep,s1,16,1582,16,attention,,4.225561141967773,0.00341719388961792,3.229081630706787e-05,16,1,0.06666666666666667,3.4031790768217443,1.006769529291366,0.013323472822696747,13,3.6835858821868896,nan,nan,nan,1.0784475207328796,inf
llasa1b,sr_s1_k16,sentence_rep,s1,16,1582,16,attention,,4.225561141967773,0.00341719388961792,3.229081630706787e-05,16,2,0.13333333333333333,4.2272093937999164,1.0000800869904767,1.9817816905298713e-06,13,4.114054203033447,nan,nan,nan,1.1806843876838684,inf
llasa1b,sr_s1_k16,sentence_rep,s1,16,1582,16,attention,,4.225561141967773,0.00341719388961792,3.229081630706787e-05,16,3,0.2,5.143214951321699,0.9969428854866559,0.0026762291872082233,13,5.184117794036865,nan,nan,nan,1.4041380882263184,424.0172331346746
llasa1b,sr_s1_k16,sentence_rep,s1,16,1582,16,attention,,4.225561141967773,0.00341719388961792,3.229081630706787e-05,16,4,0.26666666666666666,6.172703966951991,0.9943359417775584,0.010248431742430175,13,6.058923244476318,nan,nan,nan,1.7103135585784912,225.9549560985097
llasa1b,sr_s1_k16,sentence_rep,s1,16,1582,16,attention,,4.225561141967773,0.00341719388961792,3.229081630706787e-05,16,5,0.3333333333333333,6.912142295772572,0.9958024162159324,0.006033724322185963,13,6.817977428436279,228.05433162926278,0.9461521493573125,3.6915442940043937,1.9094266891479492,305.83657415975574
llasa1b,sr_s1_k16,sentence_rep,s1,16,1582,16,attention,,4.225561141967773,0.00341719388961792,3.229081630706787e-05,16,6,0.4,7.6927025278242365,0.9903910566411052,0.034665569106726135,13,7.036787033081055,nan,nan,nan,2.0492557287216187,137.0004877669394
llasa1b,sr_s1_k16,sentence_rep,s1,16,1582,16,attention,,4.225561141967773,0.00341719388961792,3.229081630706787e-05,16,7,0.4666666666666667,8.609400487973737,0.9876678646984057,0.044444168609926504,13,7.63282585144043,nan,nan,nan,2.1699390411376953,111.06269936132182
llasa1b,sr_s1_k16,sentence_rep,s1,16,1582,16,attention,,4.225561141967773,0.00341719388961792,3.229081630706787e-05,16,8,0.5333333333333333,9.696800532099186,0.9856113460400584,0.057321682230181636,13,8.39382553100586,nan,nan,nan,2.3098803758621216,98.98454305181545
llasa1b,sr_s1_k16,sentence_rep,s1,16,1582,16,attention,,4.225561141967773,0.00341719388961792,3.229081630706787e-05,16,9,0.6,10.903332611853653,0.9987857887529825,0.0004268290195595936,13,11.211660385131836,nan,nan,nan,2.5550127029418945,1194.2981086200434
llasa1b,sr_s1_k16,sentence_rep,s1,16,1582,16,attention,,4.225561141967773,0.00341719388961792,3.229081630706787e-05,16,10,0.6666666666666666,13.43030572472914,0.9986980950943014,0.00042749163306632365,13,14.087203979492188,191.04971709520072,1.100810995106444,2.8996354551616816,3.312368392944336,1074.5323061051074
llasa1b,sr_s1_k16,sentence_rep,s1,16,1582,16,attention,,4.225561141967773,0.00341719388961792,3.229081630706787e-05,16,11,0.7333333333333333,18.383824572810155,0.9971279224331311,0.0019313645039208405,13,19.29511833190918,nan,nan,nan,4.631035089492798,479.34289362498015
llasa1b,sr_s1_k16,sentence_rep,s1,16,1582,16,attention,,4.225561141967773,0.00341719388961792,3.229081630706787e-05,16,12,0.8,25.820072962100515,1.0007177585952698,0.00010771408445320318,13,28.29279136657715,nan,nan,nan,7.191515922546387,inf
llasa1b,sr_s1_k16,sentence_rep,s1,16,1582,16,attention,,4.225561141967773,0.00341719388961792,3.229081630706787e-05,16,13,0.8666666666666667,37.634476483263484,1.0016801532375947,0.0005077615823010362,13,41.7996826171875,nan,nan,nan,12.059901237487793,inf
llasa1b,sr_s1_k16,sentence_rep,s1,16,1582,16,attention,,4.225561141967773,0.00341719388961792,3.229081630706787e-05,16,14,0.9333333333333333,52.125775392033134,1.0184983653359512,0.041914183327903864,13,65.20450592041016,nan,nan,nan,18.040839672088623,inf
llasa1b,sr_s1_k16,sentence_rep,s1,16,1582,16,attention,,4.225561141967773,0.00341719388961792,3.229081630706787e-05,16,15,1.0,139.59001737522328,1.0159563052126768,0.03676466190241945,13,182.23619079589844,209.200457565537,1.1964001729419063,1.266268510181752,38.12021255493164,inf
llasa1b,sr_s2_k03,sentence_rep,s2,3,277,3,attention,,2.6251754760742188,0.0033044815063476562,0.0002346038818359375,3,0,0.0,nan,nan,nan,2,2.4104363918304443,137.91118802283725,0.878619504228072,3.7256322696707223,0.684734433889389,inf
llasa1b,sr_s2_k03,sentence_rep,s2,3,277,3,attention,,2.6251754760742188,0.0033044815063476562,0.0002346038818359375,3,1,0.06666666666666667,nan,nan,nan,2,3.0186352729797363,nan,nan,nan,1.0784475207328796,inf
llasa1b,sr_s2_k03,sentence_rep,s2,3,277,3,attention,,2.6251754760742188,0.0033044815063476562,0.0002346038818359375,3,2,0.13333333333333333,nan,nan,nan,2,3.6187093257904053,nan,nan,nan,1.1806843876838684,inf
llasa1b,sr_s2_k03,sentence_rep,s2,3,277,3,attention,,2.6251754760742188,0.0033044815063476562,0.0002346038818359375,3,3,0.2,nan,nan,nan,2,4.3908891677856445,nan,nan,nan,1.4041380882263184,inf
llasa1b,sr_s2_k03,sentence_rep,s2,3,277,3,attention,,2.6251754760742188,0.0033044815063476562,0.0002346038818359375,3,4,0.26666666666666666,nan,nan,nan,2,5.016258239746094,nan,nan,nan,1.7103135585784912,inf
llasa1b,sr_s2_k03,sentence_rep,s2,3,277,3,attention,,2.6251754760742188,0.0033044815063476562,0.0002346038818359375,3,5,0.3333333333333333,nan,nan,nan,2,5.404212951660156,165.7796105986622,0.7985663242433613,2.352336334173561,1.9094266891479492,inf
llasa1b,sr_s2_k03,sentence_rep,s2,3,277,3,attention,,2.6251754760742188,0.0033044815063476562,0.0002346038818359375,3,6,0.4,nan,nan,nan,2,5.574689865112305,nan,nan,nan,2.0492557287216187,inf
llasa1b,sr_s2_k03,sentence_rep,s2,3,277,3,attention,,2.6251754760742188,0.0033044815063476562,0.0002346038818359375,3,7,0.4666666666666667,nan,nan,nan,2,6.526267051696777,nan,nan,nan,2.1699390411376953,inf
llasa1b,sr_s2_k03,sentence_rep,s2,3,277,3,attention,,2.6251754760742188,0.0033044815063476562,0.0002346038818359375,3,8,0.5333333333333333,nan,nan,nan,2,7.88137674331665,nan,nan,nan,2.3098803758621216,inf
llasa1b,sr_s2_k03,sentence_rep,s2,3,277,3,attention,,2.6251754760742188,0.0033044815063476562,0.0002346038818359375,3,9,0.6,nan,nan,nan,2,8.714924812316895,nan,nan,nan,2.5550127029418945,inf
llasa1b,sr_s2_k03,sentence_rep,s2,3,277,3,attention,,2.6251754760742188,0.0033044815063476562,0.0002346038818359375,3,10,0.6666666666666666,nan,nan,nan,2,10.712145805358887,147.0075898598175,0.9334952187353732,2.015455968854469,3.312368392944336,inf
llasa1b,sr_s2_k03,sentence_rep,s2,3,277,3,attention,,2.6251754760742188,0.0033044815063476562,0.0002346038818359375,3,11,0.7333333333333333,nan,nan,nan,2,16.054269790649414,nan,nan,nan,4.631035089492798,inf
llasa1b,sr_s2_k03,sentence_rep,s2,3,277,3,attention,,2.6251754760742188,0.0033044815063476562,0.0002346038818359375,3,12,0.8,nan,nan,nan,2,25.15172576904297,nan,nan,nan,7.191515922546387,inf
llasa1b,sr_s2_k03,sentence_rep,s2,3,277,3,attention,,2.6251754760742188,0.0033044815063476562,0.0002346038818359375,3,13,0.8666666666666667,nan,nan,nan,2,41.339942932128906,nan,nan,nan,12.059901237487793,inf
llasa1b,sr_s2_k03,sentence_rep,s2,3,277,3,attention,,2.6251754760742188,0.0033044815063476562,0.0002346038818359375,3,14,0.9333333333333333,nan,nan,nan,2,65.12665557861328,nan,nan,nan,18.040839672088623,inf
llasa1b,sr_s2_k03,sentence_rep,s2,3,277,3,attention,,2.6251754760742188,0.0033044815063476562,0.0002346038818359375,3,15,1.0,nan,nan,nan,2,152.1820068359375,128.50958639062807,1.078841146431531,0.3574330808843981,38.12021255493164,inf
llasa1b,sr_s2_k04,sentence_rep,s2,4,653,4,attention,,2.9147613048553467,0.002259969711303711,0.0001233816146850586,4,0,0.0,nan,nan,nan,2,2.7732808589935303,189.0431796677724,1.0262283036553048,5.069746658471572,0.684734433889389,inf
llasa1b,sr_s2_k04,sentence_rep,s2,4,653,4,attention,,2.9147613048553467,0.002259969711303711,0.0001233816146850586,4,1,0.06666666666666667,nan,nan,nan,2,3.1427884101867676,nan,nan,nan,1.0784475207328796,inf
llasa1b,sr_s2_k04,sentence_rep,s2,4,653,4,attention,,2.9147613048553467,0.002259969711303711,0.0001233816146850586,4,2,0.13333333333333333,nan,nan,nan,2,3.5332157611846924,nan,nan,nan,1.1806843876838684,inf
llasa1b,sr_s2_k04,sentence_rep,s2,4,653,4,attention,,2.9147613048553467,0.002259969711303711,0.0001233816146850586,4,3,0.2,nan,nan,nan,2,3.5434963703155518,nan,nan,nan,1.4041380882263184,inf
llasa1b,sr_s2_k04,sentence_rep,s2,4,653,4,attention,,2.9147613048553467,0.002259969711303711,0.0001233816146850586,4,4,0.26666666666666666,nan,nan,nan,2,4.493436813354492,nan,nan,nan,1.7103135585784912,inf
llasa1b,sr_s2_k04,sentence_rep,s2,4,653,4,attention,,2.9147613048553467,0.002259969711303711,0.0001233816146850586,4,5,0.3333333333333333,nan,nan,nan,2,5.047836780548096,250.4604285668545,0.8838890347346137,3.268192130746987,1.9094266891479492,inf
llasa1b,sr_s2_k04,sentence_rep,s2,4,653,4,attention,,2.9147613048553467,0.002259969711303711,0.0001233816146850586,4,6,0.4,nan,nan,nan,2,5.8830952644348145,nan,nan,nan,2.0492557287216187,inf
llasa1b,sr_s2_k04,sentence_rep,s2,4,653,4,attention,,2.9147613048553467,0.002259969711303711,0.0001233816146850586,4,7,0.4666666666666667,nan,nan,nan,2,7.053272724151611,nan,nan,nan,2.1699390411376953,inf
llasa1b,sr_s2_k04,sentence_rep,s2,4,653,4,attention,,2.9147613048553467,0.002259969711303711,0.0001233816146850586,4,8,0.5333333333333333,nan,nan,nan,2,7.936283588409424,nan,nan,nan,2.3098803758621216,inf
llasa1b,sr_s2_k04,sentence_rep,s2,4,653,4,attention,,2.9147613048553467,0.002259969711303711,0.0001233816146850586,4,9,0.6,nan,nan,nan,2,9.93955135345459,nan,nan,nan,2.5550127029418945,inf
llasa1b,sr_s2_k04,sentence_rep,s2,4,653,4,attention,,2.9147613048553467,0.002259969711303711,0.0001233816146850586,4,10,0.6666666666666666,nan,nan,nan,2,13.86168098449707,206.86564819890893,1.0505769037793402,2.9862619658107077,3.312368392944336,inf
llasa1b,sr_s2_k04,sentence_rep,s2,4,653,4,attention,,2.9147613048553467,0.002259969711303711,0.0001233816146850586,4,11,0.7333333333333333,nan,nan,nan,2,20.64573097229004,nan,nan,nan,4.631035089492798,inf
llasa1b,sr_s2_k04,sentence_rep,s2,4,653,4,attention,,2.9147613048553467,0.002259969711303711,0.0001233816146850586,4,12,0.8,nan,nan,nan,2,30.953529357910156,nan,nan,nan,7.191515922546387,inf
llasa1b,sr_s2_k04,sentence_rep,s2,4,653,4,attention,,2.9147613048553467,0.002259969711303711,0.0001233816146850586,4,13,0.8666666666666667,nan,nan,nan,2,46.93708038330078,nan,nan,nan,12.059901237487793,inf
llasa1b,sr_s2_k04,sentence_rep,s2,4,653,4,attention,,2.9147613048553467,0.002259969711303711,0.0001233816146850586,4,14,0.9333333333333333,nan,nan,nan,2,70.63494110107422,nan,nan,nan,18.040839672088623,inf
llasa1b,sr_s2_k04,sentence_rep,s2,4,653,4,attention,,2.9147613048553467,0.002259969711303711,0.0001233816146850586,4,15,1.0,nan,nan,nan,2,179.03662109375,162.7321406573273,1.2670576809174563,1.6192993273915832,38.12021255493164,inf
llasa1b,sr_s2_k06,sentence_rep,s2,6,2048,6,attention,,3.293731689453125,0.001723945140838623,5.368391672770182e-05,6,0,0.0,nan,nan,nan,2,0.0,154.07277596927577,1.2892906079323991,5.783465507054904,0.684734433889389,inf
llasa1b,sr_s2_k06,sentence_rep,s2,6,2048,6,attention,,3.293731689453125,0.001723945140838623,5.368391672770182e-05,6,1,0.06666666666666667,nan,nan,nan,2,0.0,nan,nan,nan,1.0784475207328796,inf
llasa1b,sr_s2_k06,sentence_rep,s2,6,2048,6,attention,,3.293731689453125,0.001723945140838623,5.368391672770182e-05,6,2,0.13333333333333333,nan,nan,nan,2,0.0,nan,nan,nan,1.1806843876838684,inf
llasa1b,sr_s2_k06,sentence_rep,s2,6,2048,6,attention,,3.293731689453125,0.001723945140838623,5.368391672770182e-05,6,3,0.2,nan,nan,nan,2,0.0,nan,nan,nan,1.4041380882263184,inf
llasa1b,sr_s2_k06,sentence_rep,s2,6,2048,6,attention,,3.293731689453125,0.001723945140838623,5.368391672770182e-05,6,4,0.26666666666666666,nan,nan,nan,2,0.0,nan,nan,nan,1.7103135585784912,inf
llasa1b,sr_s2_k06,sentence_rep,s2,6,2048,6,attention,,3.293731689453125,0.001723945140838623,5.368391672770182e-05,6,5,0.3333333333333333,nan,nan,nan,2,0.0,178.13060585756523,1.1253817966439172,4.241987694469903,1.9094266891479492,inf
llasa1b,sr_s2_k06,sentence_rep,s2,6,2048,6,attention,,3.293731689453125,0.001723945140838623,5.368391672770182e-05,6,6,0.4,nan,nan,nan,2,0.0,nan,nan,nan,2.0492557287216187,inf
llasa1b,sr_s2_k06,sentence_rep,s2,6,2048,6,attention,,3.293731689453125,0.001723945140838623,5.368391672770182e-05,6,7,0.4666666666666667,nan,nan,nan,2,0.0,nan,nan,nan,2.1699390411376953,inf
llasa1b,sr_s2_k06,sentence_rep,s2,6,2048,6,attention,,3.293731689453125,0.001723945140838623,5.368391672770182e-05,6,8,0.5333333333333333,nan,nan,nan,2,0.0,nan,nan,nan,2.3098803758621216,inf
llasa1b,sr_s2_k06,sentence_rep,s2,6,2048,6,attention,,3.293731689453125,0.001723945140838623,5.368391672770182e-05,6,9,0.6,nan,nan,nan,2,0.0,nan,nan,nan,2.5550127029418945,inf
llasa1b,sr_s2_k06,sentence_rep,s2,6,2048,6,attention,,3.293731689453125,0.001723945140838623,5.368391672770182e-05,6,10,0.6666666666666666,nan,nan,nan,2,0.0,149.99474495161923,1.2537573188606481,3.841221931636286,3.312368392944336,inf
llasa1b,sr_s2_k06,sentence_rep,s2,6,2048,6,attention,,3.293731689453125,0.001723945140838623,5.368391672770182e-05,6,11,0.7333333333333333,nan,nan,nan,2,0.0,nan,nan,nan,4.631035089492798,inf
llasa1b,sr_s2_k06,sentence_rep,s2,6,2048,6,attention,,3.293731689453125,0.001723945140838623,5.368391672770182e-05,6,12,0.8,nan,nan,nan,2,0.0,nan,nan,nan,7.191515922546387,inf
llasa1b,sr_s2_k06,sentence_rep,s2,6,2048,6,attention,,3.293731689453125,0.001723945140838623,5.368391672770182e-05,6,13,0.8666666666666667,nan,nan,nan,2,0.0,nan,nan,nan,12.059901237487793,inf
llasa1b,sr_s2_k06,sentence_rep,s2,6,2048,6,attention,,3.293731689453125,0.001723945140838623,5.368391672770182e-05,6,14,0.9333333333333333,nan,nan,nan,2,0.0,nan,nan,nan,18.040839672088623,inf
llasa1b,sr_s2_k06,sentence_rep,s2,6,2048,6,attention,,3.293731689453125,0.001723945140838623,5.368391672770182e-05,6,15,1.0,nan,nan,nan,2,0.0,124.7108465615317,1.520119256224567,2.375365944334309,38.12021255493164,inf
llasa1b,sr_s2_k08,sentence_rep,s2,8,664,8,attention,,3.5902011394500732,0.004458904266357422,0.000129014253616333,8,0,0.0,3.0144425042932803,0.9813617970523547,0.35827988173331693,4,2.7011568546295166,224.10439371647144,0.8626250645802392,5.679758976953653,0.684734433889389,78.77817396448579
llasa1b,sr_s2_k08,sentence_rep,s2,8,664,8,attention,,3.5902011394500732,0.004458904266357422,0.000129014253616333,8,1,0.06666666666666667,3.629981988361758,1.0058148071740751,0.07102672465847604,4,3.5606741905212402,nan,nan,nan,1.0784475207328796,inf
llasa1b,sr_s2_k08,sentence_rep,s2,8,664,8,attention,,3.5902011394500732,0.004458904266357422,0.000129014253616333,8,2,0.13333333333333333,4.7721932648184,0.9888454713062261,0.04625013712211168,4,4.09222936630249,nan,nan,nan,1.1806843876838684,124.5151083879436
llasa1b,sr_s2_k08,sentence_rep,s2,8,664,8,attention,,3.5902011394500732,0.004458904266357422,0.000129014253616333,8,3,0.2,6.245648966131676,0.9752029889866204,0.1107649693271402,4,4.838881492614746,nan,nan,nan,1.4041380882263184,59.437795606323
llasa1b,sr_s2_k08,sentence_rep,s2,8,664,8,attention,,3.5902011394500732,0.004458904266357422,0.000129014253616333,8,4,0.26666666666666666,7.017173241174822,0.987776713453109,0.03052901749856196,4,5.667628765106201,nan,nan,nan,1.7103135585784912,114.78405139765002
llasa1b,sr_s2_k08,sentence_rep,s2,8,664,8,attention,,3.5902011394500732,0.004458904266357422,0.000129014253616333,8,5,0.3333333333333333,7.6551818236349245,0.9929713804679048,0.007985745175198122,4,6.134531497955322,242.94691799715164,0.8912811562951442,4.161560121132592,1.9094266891479492,196.8657009377025
llasa1b,sr_s2_k08,sentence_rep,s2,8,664,8,attention,,3.5902011394500732,0.004458904266357422,0.000129014253616333,8,6,0.4,8.466055293196442,0.9975110773157434,0.0005899011558230249,4,6.492119789123535,nan,nan,nan,2.0492557287216187,569.2510671453861
llasa1b,sr_s2_k08,sentence_rep,s2,8,664,8,attention,,3.5902011394500732,0.004458904266357422,0.000129014253616333,8,7,0.4666666666666667,9.716098448098336,0.998827831143252,0.00019877503052501133,4,7.832023620605469,nan,nan,nan,2.1699390411376953,1278.1488753636606
llasa1b,sr_s2_k08,sentence_rep,s2,8,664,8,attention,,3.5902011394500732,0.004458904266357422,0.000129014253616333,8,8,0.5333333333333333,11.02562326760875,1.002564061490589,0.0006971913831456122,4,8.677641868591309,nan,nan,nan,2.3098803758621216,inf
llasa1b,sr_s2_k08,sentence_rep,s2,8,664,8,attention,,3.5902011394500732,0.004458904266357422,0.000129014253616333,8,9,0.6,12.45093132667858,1.0091239583509999,0.010935850993985974,4,10.280571937561035,nan,nan,nan,2.5550127029418945,inf
llasa1b,sr_s2_k08,sentence_rep,s2,8,664,8,attention,,3.5902011394500732,0.004458904266357422,0.000129014253616333,8,10,0.6666666666666666,14.509372096855117,1.0175739344080907,0.05869281573617746,4,12.822601318359375,213.66741825156035,1.0099963245184769,3.347523237165793,3.312368392944336,inf
llasa1b,sr_s2_k08,sentence_rep,s2,8,664,8,attention,,3.5902011394500732,0.004458904266357422,0.000129014253616333,8,11,0.7333333333333333,19.15396545992817,1.0245087155744717,0.1319630426489442,4,17.750585556030273,nan,nan,nan,4.631035089492798,inf
llasa1b,sr_s2_k08,sentence_rep,s2,8,664,8,attention,,3.5902011394500732,0.004458904266357422,0.000129014253616333,8,12,0.8,24.965968395558157,1.050419847351864,0.7307013684962396,4,25.58928871154785,nan,nan,nan,7.191515922546387,inf
llasa1b,sr_s2_k08,sentence_rep,s2,8,664,8,attention,,3.5902011394500732,0.004458904266357422,0.000129014253616333,8,13,0.8666666666666667,33.84786059673524,1.070543262036844,0.8544690049236165,4,34.394920349121094,nan,nan,nan,12.059901237487793,inf
llasa1b,sr_s2_k08,sentence_rep,s2,8,664,8,attention,,3.5902011394500732,0.004458904266357422,0.000129014253616333,8,14,0.9333333333333333,43.815132518331474,1.1176171947427884,0.7873994065200454,4,44.442710876464844,nan,nan,nan,18.040839672088623,inf
llasa1b,sr_s2_k08,sentence_rep,s2,8,664,8,attention,,3.5902011394500732,0.004458904266357422,0.000129014253616333,8,15,1.0,130.26870336014795,1.1010252972854366,0.4754865022503243,4,123.23822784423828,205.81941163422243,1.1353215466614035,1.7920057057180512,38.12021255493164,inf
llasa1b,sr_s2_k12,sentence_rep,s2,12,2048,12,attention,,3.938316822052002,0.0024289190769195557,4.124641418457031e-05,12,0,0.0,2.7559116847147993,1.0028100583092414,0.005104894714572539,9,2.774750232696533,121.51221520358587,1.8160525039448587,6.42937482458233,0.684734433889389,inf
llasa1b,sr_s2_k12,sentence_rep,s2,12,2048,12,attention,,3.938316822052002,0.0024289190769195557,4.124641418457031e-05,12,1,0.06666666666666667,3.6579653580251517,0.999849030740865,1.6925328067740608e-05,9,3.4666237831115723,nan,nan,nan,1.0784475207328796,8089.675755703645
llasa1b,sr_s2_k12,sentence_rep,s2,12,2048,12,attention,,3.938316822052002,0.0024289190769195557,4.124641418457031e-05,12,2,0.13333333333333333,4.403758328572126,0.9914830854088178,0.04434512576632843,9,4.1076788902282715,nan,nan,nan,1.1806843876838684,153.89967769332947
llasa1b,sr_s2_k12,sentence_rep,s2,12,2048,12,attention,,3.938316822052002,0.0024289190769195557,4.124641418457031e-05,12,3,0.2,5.305790960846616,0.9896355797797954,0.06751822512604844,9,4.841052055358887,nan,nan,nan,1.4041380882263184,127.5975029891224
llasa1b,sr_s2_k12,sentence_rep,s2,12,2048,12,attention,,3.938316822052002,0.0024289190769195557,4.124641418457031e-05,12,4,0.26666666666666666,5.961089441228141,0.9886465501778254,0.059346248436962235,9,5.408304691314697,nan,nan,nan,1.7103135585784912,109.34784057608016
llasa1b,sr_s2_k12,sentence_rep,s2,12,2048,12,attention,,3.938316822052002,0.0024289190769195557,4.124641418457031e-05,12,5,0.3333333333333333,6.81161134433238,0.9799347799431884,0.14126462289547737,9,5.762174129486084,151.9545073805333,1.408233262758115,4.57070858552209,1.9094266891479492,62.74652523343876
llasa1b,sr_s2_k12,sentence_rep,s2,12,2048,12,attention,,3.938316822052002,0.0024289190769195557,4.124641418457031e-05,12,6,0.4,7.7326097336342245,0.9711260087086605,0.24252584831181023,9,6.224550247192383,nan,nan,nan,2.0492557287216187,45.32467380716738
llasa1b,sr_s2_k12,sentence_rep,s2,12,2048,12,attention,,3.938316822052002,0.0024289190769195557,4.124641418457031e-05,12,7,0.4666666666666667,9.263654228101505,0.9622343355803934,0.325389349157976,9,7.014536380767822,nan,nan,nan,2.1699390411376953,37.701366224412546
llasa1b,sr_s2_k12,sentence_rep,s2,12,2048,12,attention,,3.938316822052002,0.0024289190769195557,4.124641418457031e-05,12,8,0.5333333333333333,10.908729124512647,0.9570915336567335,0.3580716617091232,9,8.193623542785645,nan,nan,nan,2.3098803758621216,35.39672730832732
llasa1b,sr_s2_k12,sentence_rep,s2,12,2048,12,attention,,3.938316822052002,0.0024289190769195557,4.124641418457031e-05,12,9,0.6,12.70734820553664,0.9632347432904861,0.25142679460579165,9,10.272573471069336,nan,nan,nan,2.5550127029418945,42.82442934888868
llasa1b,sr_s2_k12,sentence_rep,s2,12,2048,12,attention,,3.938316822052002,0.0024289190769195557,4.124641418457031e-05,12,10,0.6666666666666666,15.89559037659236,0.9611917187970956,0.23594066144317605,9,12.91633415222168,147.98450795759723,1.3831321042866151,3.8718559287636527,3.312368392944336,39.62413271695566
llasa1b,sr_s2_k12,sentence_rep,s2,12,2048,12,attention,,3.938316822052002,0.0024289190769195557,4.124641418457031e-05,12,11,0.7333333333333333,22.176899150155194,0.9615587139633983,0.244161359487014,9,18.72445297241211,nan,nan,nan,4.631035089492798,39.95624271216252
llasa1b,sr_s2_k12,sentence_rep,s2,12,2048,12,attention,,3.938316822052002,0.0024289190769195557,4.124641418457031e-05,12,12,0.8,31.99701201649074,0.9703441986486148,0.21511793951263725,9,28.53472900390625,nan,nan,nan,7.191515922546387,49.585416909893745
llasa1b,sr_s2_k12,sentence_rep,s2,12,2048,12,attention,,3.938316822052002,0.0024289190769195557,4.124641418457031e-05,12,13,0.8666666666666667,47.01094307020491,0.9824950160540835,0.12928355845633455,9,44.12811279296875,nan,nan,nan,12.059901237487793,77.03815344776467
llasa1b,sr_s2_k12,sentence_rep,s2,12,2048,12,attention,,3.938316822052002,0.0024289190769195557,4.124641418457031e-05,12,14,0.9333333333333333,70.44857343041961,0.9973369566914885,0.0050470662242352304,9,65.56999969482422,nan,nan,nan,18.040839672088623,510.85547917028543
llasa1b,sr_s2_k12,sentence_rep,s2,12,2048,12,attention,,3.938316822052002,0.0024289190769195557,4.124641418457031e-05,12,15,1.0,172.60412328124409,1.0079580573094442,0.21491383755109217,9,179.37893676757812,132.6082722296129,1.7405446545669183,2.4920940875884217,38.12021255493164,inf
llasa1b,sr_s2_k16,sentence_rep,s2,16,2048,16,attention,,4.178152084350586,0.0033289194107055664,4.355981945991516e-05,16,0,0.0,1.2927254795450587,1.0342113133442503,0.09600727094046779,15,2.0846781730651855,168.51749336572547,1.101255011370139,5.336594991660257,0.684734433889389,inf
llasa1b,sr_s2_k16,sentence_rep,s2,16,2048,16,attention,,4.178152084350586,0.0033289194107055664,4.355981945991516e-05,16,1,0.06666666666666667,1.7339027593828487,1.0306544652277128,0.09567197886601342,15,2.660149335861206,nan,nan,nan,1.0784475207328796,inf
llasa1b,sr_s2_k16,sentence_rep,s2,16,2048,16,attention,,4.178152084350586,0.0033289194107055664,4.355981945991516e-05,16,2,0.13333333333333333,2.0172959639298838,1.0294998126919304,0.0948965182719882,15,3.0892581939697266,nan,nan,nan,1.1806843876838684,inf
llasa1b,sr_s2_k16,sentence_rep,s2,16,2048,16,attention,,4.178152084350586,0.0033289194107055664,4.355981945991516e-05,16,3,0.2,2.368216611723705,1.0334134049109918,0.12054203312493805,15,3.636869192123413,nan,nan,nan,1.4041380882263184,inf
llasa1b,sr_s2_k16,sentence_rep,s2,16,2048,16,attention,,4.178152084350586,0.0033289194107055664,4.355981945991516e-05,16,4,0.26666666666666666,2.576712705081709,1.0280140343137893,0.12550690629831085,15,3.727890729904175,nan,nan,nan,1.7103135585784912,inf
llasa1b,sr_s2_k16,sentence_rep,s2,16,2048,16,attention,,4.178152084350586,0.0033289194107055664,4.355981945991516e-05,16,5,0.3333333333333333,2.7503074997071706,1.0243690899163767,0.11579135902856708,15,3.816561460494995,193.62809791062836,1.0708692853660235,3.992880140220712,1.9094266891479492,inf
llasa1b,sr_s2_k16,sentence_rep,s2,16,2048,16,attention,,4.178152084350586,0.0033289194107055664,4.355981945991516e-05,16,6,0.4,2.964697320712572,1.0222596829726878,0.13701322183481124,15,3.8785016536712646,nan,nan,nan,2.0492557287216187,inf
llasa1b,sr_s2_k16,sentence_rep,s2,16,2048,16,attention,,4.178152084350586,0.0033289194107055664,4.355981945991516e-05,16,7,0.4666666666666667,3.0773645574444117,1.021017801683209,0.1354916764738998,15,3.998004674911499,nan,nan,nan,2.1699390411376953,inf
llasa1b,sr_s2_k16,sentence_rep,s2,16,2048,16,attention,,4.178152084350586,0.0033289194107055664,4.355981945991516e-05,16,8,0.5333333333333333,3.1747435536036535,1.0216695628349097,0.13266592662010968,15,4.213181972503662,nan,nan,nan,2.3098803758621216,inf
llasa1b,sr_s2_k16,sentence_rep,s2,16,2048,16,attention,,4.178152084350586,0.0033289194107055664,4.355981945991516e-05,16,9,0.6,3.4346268208483615,1.0205080694109323,0.11119437270826249,15,4.4919538497924805,nan,nan,nan,2.5550127029418945,inf
llasa1b,sr_s2_k16,sentence_rep,s2,16,2048,16,attention,,4.178152084350586,0.0033289194107055664,4.355981945991516e-05,16,10,0.6666666666666666,4.024576654588636,1.0246724921688593,0.12189012119557563,15,5.573446750640869,158.0309640484447,1.2452820790922559,3.731876387150381,3.312368392944336,inf
llasa1b,sr_s2_k16,sentence_rep,s2,16,2048,16,attention,,4.178152084350586,0.0033289194107055664,4.355981945991516e-05,16,11,0.7333333333333333,5.7195963940026076,1.025619098916485,0.13286264906844614,15,7.942108154296875,nan,nan,nan,4.631035089492798,inf
llasa1b,sr_s2_k16,sentence_rep,s2,16,2048,16,attention,,4.178152084350586,0.0033289194107055664,4.355981945991516e-05,16,12,0.8,10.058764891248979,1.0260503153596212,0.11204520251385075,15,14.066520690917969,nan,nan,nan,7.191515922546387,inf
llasa1b,sr_s2_k16,sentence_rep,s2,16,2048,16,attention,,4.178152084350586,0.0033289194107055664,4.355981945991516e-05,16,13,0.8666666666666667,17.472433552254476,1.0368361964051218,0.14767786588639864,15,27.75530433654785,nan,nan,nan,12.059901237487793,inf
llasa1b,sr_s2_k16,sentence_rep,s2,16,2048,16,attention,,4.178152084350586,0.0033289194107055664,4.355981945991516e-05,16,14,0.9333333333333333,29.910420661743885,1.0377623196068055,0.12925045464606189,15,49.06172561645508,nan,nan,nan,18.040839672088623,inf
llasa1b,sr_s2_k16,sentence_rep,s2,16,2048,16,attention,,4.178152084350586,0.0033289194107055664,4.355981945991516e-05,16,15,1.0,64.77727869783011,1.046577137742887,0.13726349672903626,15,118.44145965576172,135.92241758516934,1.4637850823510408,2.2069067121666412,38.12021255493164,inf
llasa1b,sr_s3_k03,sentence_rep,s3,3,689,3,attention,,2.755197763442993,0.002061605453491211,0.0001277923583984375,3,0,0.0,nan,nan,nan,2,2.561574935913086,218.94716720182663,0.8981783040792607,4.19644320485683,0.684734433889389,inf
llasa1b,sr_s3_k03,sentence_rep,s3,3,689,3,attention,,2.755197763442993,0.002061605453491211,0.0001277923583984375,3,1,0.06666666666666667,nan,nan,nan,2,3.348447799682617,nan,nan,nan,1.0784475207328796,inf
llasa1b,sr_s3_k03,sentence_rep,s3,3,689,3,attention,,2.755197763442993,0.002061605453491211,0.0001277923583984375,3,2,0.13333333333333333,nan,nan,nan,2,4.052508354187012,nan,nan,nan,1.1806843876838684,inf
llasa1b,sr_s3_k03,sentence_rep,s3,3,689,3,attention,,2.755197763442993,0.002061605453491211,0.0001277923583984375,3,3,0.2,nan,nan,nan,2,5.005167007446289,nan,nan,nan,1.4041380882263184,inf
llasa1b,sr_s3_k03,sentence_rep,s3,3,689,3,attention,,2.755197763442993,0.002061605453491211,0.0001277923583984375,3,4,0.26666666666666666,nan,nan,nan,2,5.7046308517456055,nan,nan,nan,1.7103135585784912,inf
llasa1b,sr_s3_k03,sentence_rep,s3,3,689,3,attention,,2.755197763442993,0.002061605453491211,0.0001277923583984375,3,5,0.3333333333333333,nan,nan,nan,2,6.177391529083252,270.70780761941916,0.8338583180793195,2.7655324436902076,1.9094266891479492,inf
llasa1b,sr_s3_k03,sentence_rep,s3,3,689,3,attention,,2.755197763442993,0.002061605453491211,0.0001277923583984375,3,6,0.4,nan,nan,nan,2,6.919041156768799,nan,nan,nan,2.0492557287216187,inf
llasa1b,sr_s3_k03,sentence_rep,s3,3,689,3,attention,,2.755197763442993,0.002061605453491211,0.0001277923583984375,3,7,0.4666666666666667,nan,nan,nan,2,7.927310943603516,nan,nan,nan,2.1699390411376953,inf
llasa1b,sr_s3_k03,sentence_rep,s3,3,689,3,attention,,2.755197763442993,0.002061605453491211,0.0001277923583984375,3,8,0.5333333333333333,nan,nan,nan,2,8.808677673339844,nan,nan,nan,2.3098803758621216,inf
llasa1b,sr_s3_k03,sentence_rep,s3,3,689,3,attention,,2.755197763442993,0.002061605453491211,0.0001277923583984375,3,9,0.6,nan,nan,nan,2,9.895998001098633,nan,nan,nan,2.5550127029418945,inf
llasa1b,sr_s3_k03,sentence_rep,s3,3,689,3,attention,,2.755197763442993,0.002061605453491211,0.0001277923583984375,3,10,0.6666666666666666,nan,nan,nan,2,12.483909606933594,227.5525370264043,0.9968276663467268,2.5328681227630025,3.312368392944336,inf
llasa1b,sr_s3_k03,sentence_rep,s3,3,689,3,attention,,2.755197763442993,0.002061605453491211,0.0001277923583984375,3,11,0.7333333333333333,nan,nan,nan,2,17.630895614624023,nan,nan,nan,4.631035089492798,inf
llasa1b,sr_s3_k03,sentence_rep,s3,3,689,3,attention,,2.755197763442993,0.002061605453491211,0.0001277923583984375,3,12,0.8,nan,nan,nan,2,26.30266571044922,nan,nan,nan,7.191515922546387,inf
llasa1b,sr_s3_k03,sentence_rep,s3,3,689,3,attention,,2.755197763442993,0.002061605453491211,0.0001277923583984375,3,13,0.8666666666666667,nan,nan,nan,2,45.30386734008789,nan,nan,nan,12.059901237487793,inf
llasa1b,sr_s3_k03,sentence_rep,s3,3,689,3,attention,,2.755197763442993,0.002061605453491211,0.0001277923583984375,3,14,0.9333333333333333,nan,nan,nan,2,66.4189453125,nan,nan,nan,18.040839672088623,inf
llasa1b,sr_s3_k03,sentence_rep,s3,3,689,3,attention,,2.755197763442993,0.002061605453491211,0.0001277923583984375,3,15,1.0,nan,nan,nan,2,162.78128051757812,192.0331121234985,1.1564629681286065,0.9973292654287973,38.12021255493164,inf
llasa1b,sr_s3_k04,sentence_rep,s3,4,644,4,attention,,3.0506675243377686,0.0032618045806884766,0.0001526474952697754,4,0,0.0,nan,nan,nan,0,0.0,193.91918112898907,0.9865458020304824,5.613769345042263,0.684734433889389,inf
llasa1b,sr_s3_k04,sentence_rep,s3,4,644,4,attention,,3.0506675243377686,0.0032618045806884766,0.0001526474952697754,4,1,0.06666666666666667,nan,nan,nan,0,0.0,nan,nan,nan,1.0784475207328796,inf
llasa1b,sr_s3_k04,sentence_rep,s3,4,644,4,attention,,3.0506675243377686,0.0032618045806884766,0.0001526474952697754,4,2,0.13333333333333333,nan,nan,nan,0,0.0,nan,nan,nan,1.1806843876838684,inf
llasa1b,sr_s3_k04,sentence_rep,s3,4,644,4,attention,,3.0506675243377686,0.0032618045806884766,0.0001526474952697754,4,3,0.2,nan,nan,nan,0,0.0,nan,nan,nan,1.4041380882263184,inf
llasa1b,sr_s3_k04,sentence_rep,s3,4,644,4,attention,,3.0506675243377686,0.0032618045806884766,0.0001526474952697754,4,4,0.26666666666666666,nan,nan,nan,0,0.0,nan,nan,nan,1.7103135585784912,inf
llasa1b,sr_s3_k04,sentence_rep,s3,4,644,4,attention,,3.0506675243377686,0.0032618045806884766,0.0001526474952697754,4,5,0.3333333333333333,nan,nan,nan,0,0.0,240.24331042777874,0.9025139581987002,3.7465525022135036,1.9094266891479492,inf
llasa1b,sr_s3_k04,sentence_rep,s3,4,644,4,attention,,3.0506675243377686,0.0032618045806884766,0.0001526474952697754,4,6,0.4,nan,nan,nan,0,0.0,nan,nan,nan,2.0492557287216187,inf
llasa1b,sr_s3_k04,sentence_rep,s3,4,644,4,attention,,3.0506675243377686,0.0032618045806884766,0.0001526474952697754,4,7,0.4666666666666667,nan,nan,nan,0,0.0,nan,nan,nan,2.1699390411376953,inf
llasa1b,sr_s3_k04,sentence_rep,s3,4,644,4,attention,,3.0506675243377686,0.0032618045806884766,0.0001526474952697754,4,8,0.5333333333333333,nan,nan,nan,0,0.0,nan,nan,nan,2.3098803758621216,inf
llasa1b,sr_s3_k04,sentence_rep,s3,4,644,4,attention,,3.0506675243377686,0.0032618045806884766,0.0001526474952697754,4,9,0.6,nan,nan,nan,0,0.0,nan,nan,nan,2.5550127029418945,inf
llasa1b,sr_s3_k04,sentence_rep,s3,4,644,4,attention,,3.0506675243377686,0.0032618045806884766,0.0001526474952697754,4,10,0.6666666666666666,nan,nan,nan,0,0.0,199.90643767293548,1.0823236535616365,3.1911660732281666,3.312368392944336,inf
llasa1b,sr_s3_k04,sentence_rep,s3,4,644,4,attention,,3.0506675243377686,0.0032618045806884766,0.0001526474952697754,4,11,0.7333333333333333,nan,nan,nan,0,0.0,nan,nan,nan,4.631035089492798,inf
llasa1b,sr_s3_k04,sentence_rep,s3,4,644,4,attention,,3.0506675243377686,0.0032618045806884766,0.0001526474952697754,4,12,0.8,nan,nan,nan,0,0.0,nan,nan,nan,7.191515922546387,inf
llasa1b,sr_s3_k04,sentence_rep,s3,4,644,4,attention,,3.0506675243377686,0.0032618045806884766,0.0001526474952697754,4,13,0.8666666666666667,nan,nan,nan,0,0.0,nan,nan,nan,12.059901237487793,inf
llasa1b,sr_s3_k04,sentence_rep,s3,4,644,4,attention,,3.0506675243377686,0.0032618045806884766,0.0001526474952697754,4,14,0.9333333333333333,nan,nan,nan,0,0.0,nan,nan,nan,18.040839672088623,inf
llasa1b,sr_s3_k04,sentence_rep,s3,4,644,4,attention,,3.0506675243377686,0.0032618045806884766,0.0001526474952697754,4,15,1.0,nan,nan,nan,0,0.0,189.45687935483147,1.2337719948899446,1.8100515412423739,38.12021255493164,inf
llasa1b,sr_s3_k06,sentence_rep,s3,6,2048,6,attention,,3.4500269889831543,0.0016480088233947754,5.104144414265951e-05,6,0,0.0,nan,nan,nan,3,1.205127477645874,83.083828889394,1.7779587438614965,6.660391141480713,0.684734433889389,inf
llasa1b,sr_s3_k06,sentence_rep,s3,6,2048,6,attention,,3.4500269889831543,0.0016480088233947754,5.104144414265951e-05,6,1,0.06666666666666667,nan,nan,nan,3,1.8801013231277466,nan,nan,nan,1.0784475207328796,inf
llasa1b,sr_s3_k06,sentence_rep,s3,6,2048,6,attention,,3.4500269889831543,0.0016480088233947754,5.104144414265951e-05,6,2,0.13333333333333333,nan,nan,nan,3,2.2142746448516846,nan,nan,nan,1.1806843876838684,inf
llasa1b,sr_s3_k06,sentence_rep,s3,6,2048,6,attention,,3.4500269889831543,0.0016480088233947754,5.104144414265951e-05,6,3,0.2,nan,nan,nan,3,2.9857256412506104,nan,nan,nan,1.4041380882263184,inf
llasa1b,sr_s3_k06,sentence_rep,s3,6,2048,6,attention,,3.4500269889831543,0.0016480088233947754,5.104144414265951e-05,6,4,0.26666666666666666,nan,nan,nan,3,3.3557591438293457,nan,nan,nan,1.7103135585784912,inf
llasa1b,sr_s3_k06,sentence_rep,s3,6,2048,6,attention,,3.4500269889831543,0.0016480088233947754,5.104144414265951e-05,6,5,0.3333333333333333,nan,nan,nan,3,3.8136470317840576,122.13517641238873,1.4917076844698385,4.871456642272915,1.9094266891479492,inf
llasa1b,sr_s3_k06,sentence_rep,s3,6,2048,6,attention,,3.4500269889831543,0.0016480088233947754,5.104144414265951e-05,6,6,0.4,nan,nan,nan,3,4.523601531982422,nan,nan,nan,2.0492557287216187,inf
llasa1b,sr_s3_k06,sentence_rep,s3,6,2048,6,attention,,3.4500269889831543,0.0016480088233947754,5.104144414265951e-05,6,7,0.4666666666666667,nan,nan,nan,3,4.995029449462891,nan,nan,nan,2.1699390411376953,inf
llasa1b,sr_s3_k06,sentence_rep,s3,6,2048,6,attention,,3.4500269889831543,0.0016480088233947754,5.104144414265951e-05,6,8,0.5333333333333333,nan,nan,nan,3,5.628620624542236,nan,nan,nan,2.3098803758621216,inf
llasa1b,sr_s3_k06,sentence_rep,s3,6,2048,6,attention,,3.4500269889831543,0.0016480088233947754,5.104144414265951e-05,6,9,0.6,nan,nan,nan,3,6.176366329193115,nan,nan,nan,2.5550127029418945,inf
llasa1b,sr_s3_k06,sentence_rep,s3,6,2048,6,attention,,3.4500269889831543,0.0016480088233947754,5.104144414265951e-05,6,10,0.6666666666666666,nan,nan,nan,3,7.0227203369140625,122.5499317900692,1.4749418746332768,4.293985059368241,3.312368392944336,inf
llasa1b,sr_s3_k06,sentence_rep,s3,6,2048,6,attention,,3.4500269889831543,0.0016480088233947754,5.104144414265951e-05,6,11,0.7333333333333333,nan,nan,nan,3,8.87947940826416,nan,nan,nan,4.631035089492798,inf
llasa1b,sr_s3_k06,sentence_rep,s3,6,2048,6,attention,,3.4500269889831543,0.0016480088233947754,5.104144414265951e-05,6,12,0.8,nan,nan,nan,3,12.767779350280762,nan,nan,nan,7.191515922546387,inf
llasa1b,sr_s3_k06,sentence_rep,s3,6,2048,6,attention,,3.4500269889831543,0.0016480088233947754,5.104144414265951e-05,6,13,0.8666666666666667,nan,nan,nan,3,21.07517433166504,nan,nan,nan,12.059901237487793,inf
llasa1b,sr_s3_k06,sentence_rep,s3,6,2048,6,attention,,3.4500269889831543,0.0016480088233947754,5.104144414265951e-05,6,14,0.9333333333333333,nan,nan,nan,3,37.144020080566406,nan,nan,nan,18.040839672088623,inf
llasa1b,sr_s3_k06,sentence_rep,s3,6,2048,6,attention,,3.4500269889831543,0.0016480088233947754,5.104144414265951e-05,6,15,1.0,nan,nan,nan,3,72.72640228271484,87.83526554361849,1.7398062778015504,2.906055655245885,38.12021255493164,inf
llasa1b,sr_s3_k08,sentence_rep,s3,8,2048,8,attention,,3.6798624992370605,0.002405136823654175,4.787743091583252e-05,8,0,0.0,2.9428512397116617,0.8498471966583834,0.96379078122604,5,1.3575817346572876,63.64933666144452,1.7101734834199651,6.736093721978881,0.684734433889389,8.961983078806426
llasa1b,sr_s3_k08,sentence_rep,s3,8,2048,8,attention,,3.6798624992370605,0.002405136823654175,4.787743091583252e-05,8,1,0.06666666666666667,3.773866831804641,0.8749869515872576,0.9154098875902212,5,2.027693271636963,nan,nan,nan,1.0784475207328796,9.37935072424104
llasa1b,sr_s3_k08,sentence_rep,s3,8,2048,8,attention,,3.6798624992370605,0.002405136823654175,4.787743091583252e-05,8,2,0.13333333333333333,4.481696562255139,0.8909407608537645,0.8946684982782975,5,2.6368770599365234,nan,nan,nan,1.1806843876838684,11.55124817922533
llasa1b,sr_s3_k08,sentence_rep,s3,8,2048,8,attention,,3.6798624992370605,0.002405136823654175,4.787743091583252e-05,8,3,0.2,5.1135399938477875,0.9118431656237618,0.8406521527423727,5,3.262223958969116,nan,nan,nan,1.4041380882263184,14.004837842297208
llasa1b,sr_s3_k08,sentence_rep,s3,8,2048,8,attention,,3.6798624992370605,0.002405136823654175,4.787743091583252e-05,8,4,0.26666666666666666,6.624762525850248,0.8925265814386579,0.9165737859317814,5,3.696159839630127,nan,nan,nan,1.7103135585784912,11.909849791542587
llasa1b,sr_s3_k08,sentence_rep,s3,8,2048,8,attention,,3.6798624992370605,0.002405136823654175,4.787743091583252e-05,8,5,0.3333333333333333,7.4194279128449985,0.8889110687485626,0.9430740225509555,5,3.9597105979919434,92.44235402079079,1.4869318186080602,4.967656301576699,1.9094266891479492,11.526163448592872
llasa1b,sr_s3_k08,sentence_rep,s3,8,2048,8,attention,,3.6798624992370605,0.002405136823654175,4.787743091583252e-05,8,6,0.4,7.820389412934774,0.9053557013310211,0.938611859265394,5,4.5864152908325195,nan,nan,nan,2.0492557287216187,13.469708094914838
llasa1b,sr_s3_k08,sentence_rep,s3,8,2048,8,attention,,3.6798624992370605,0.002405136823654175,4.787743091583252e-05,8,7,0.4666666666666667,8.932860619667226,0.9005461189343911,0.9420262743206348,5,5.090047836303711,nan,nan,nan,2.1699390411376953,13.508209188146294
llasa1b,sr_s3_k08,sentence_rep,s3,8,2048,8,attention,,3.6798624992370605,0.002405136823654175,4.787743091583252e-05,8,8,0.5333333333333333,9.751834948508625,0.9046721024739717,0.8797373206636054,5,5.610977649688721,nan,nan,nan,2.3098803758621216,14.376329059541664
llasa1b,sr_s3_k08,sentence_rep,s3,8,2048,8,attention,,3.6798624992370605,0.002405136823654175,4.787743091583252e-05,8,9,0.6,10.906565892743565,0.90550086520874,0.815530956941835,5,6.3017048835754395,nan,nan,nan,2.5550127029418945,14.62023747186195
llasa1b,sr_s3_k08,sentence_rep,s3,8,2048,8,attention,,3.6798624992370605,0.002405136823654175,4.787743091583252e-05,8,10,0.6666666666666666,13.061058135939083,0.9052006616746909,0.771637033937746,5,7.646844387054443,101.36212867635841,1.5153214311075347,4.393078700830929,3.312368392944336,13.775004967719907
llasa1b,sr_s3_k08,sentence_rep,s3,8,2048,8,attention,,3.6798624992370605,0.002405136823654175,4.787743091583252e-05,8,11,0.7333333333333333,17.249631327600465,0.9062725748284084,0.6961285024756799,5,10.27409839630127,nan,nan,nan,4.631035089492798,13.361867487896516
llasa1b,sr_s3_k08,sentence_rep,s3,8,2048,8,attention,,3.6798624992370605,0.002405136823654175,4.787743091583252e-05,8,12,0.8,25.21884665950939,0.8992637938380373,0.7522595988823075,5,14.491808891296387,nan,nan,nan,7.191515922546387,11.816755648058647
llasa1b,sr_s3_k08,sentence_rep,s3,8,2048,8,attention,,3.6798624992370605,0.002405136823654175,4.787743091583252e-05,8,13,0.8666666666666667,34.44070105419985,0.9108357339740804,0.6640030407153851,5,21.57196617126465,nan,nan,nan,12.059901237487793,11.235919926236914
llasa1b,sr_s3_k08,sentence_rep,s3,8,2048,8,attention,,3.6798624992370605,0.002405136823654175,4.787743091583252e-05,8,14,0.9333333333333333,48.968784957354465,0.9046674310623489,0.6435620538513024,5,30.319528579711914,nan,nan,nan,18.040839672088623,9.966724237019672
llasa1b,sr_s3_k08,sentence_rep,s3,8,2048,8,attention,,3.6798624992370605,0.002405136823654175,4.787743091583252e-05,8,15,1.0,122.97852291722286,0.8757397207145471,0.5355059985004887,5,68.28590393066406,75.48255490459873,1.6846660687471544,2.8546410375579185,38.12021255493164,8.827321226214336
llasa1b,sr_s3_k12,sentence_rep,s3,12,2048,12,attention,,4.064042568206787,0.003843635320663452,5.453824996948242e-05,12,0,0.0,0.44382824681698624,0.9406623613560743,0.03013578203662004,11,0.42290589213371277,61.196405664727905,1.6948606294553707,6.876620237809506,0.684734433889389,0.0
llasa1b,sr_s3_k12,sentence_rep,s3,12,2048,12,attention,,4.064042568206787,0.003843635320663452,5.453824996948242e-05,12,1,0.06666666666666667,0.9186553346091264,0.8821741986916889,0.12248258040120974,11,1.1146410703659058,nan,nan,nan,1.0784475207328796,0.0
llasa1b,sr_s3_k12,sentence_rep,s3,12,2048,12,attention,,4.064042568206787,0.003843635320663452,5.453824996948242e-05,12,2,0.13333333333333333,1.2951819821700143,0.8528785833609068,0.19455343414226733,11,1.25142240524292,nan,nan,nan,1.1806843876838684,0.5816140974812277
llasa1b,sr_s3_k12,sentence_rep,s3,12,2048,12,attention,,4.064042568206787,0.003843635320663452,5.453824996948242e-05,12,3,0.2,1.640108401681608,0.8413238803518492,0.2471973703856195,11,1.4500620365142822,nan,nan,nan,1.4041380882263184,0.8990621652439232
llasa1b,sr_s3_k12,sentence_rep,s3,12,2048,12,attention,,4.064042568206787,0.003843635320663452,5.453824996948242e-05,12,4,0.26666666666666666,1.7103203091445365,0.8545714621912782,0.21700245383180217,11,1.6015727519989014,nan,nan,nan,1.7103135585784912,2.5115103879233777e-05
llasa1b,sr_s3_k12,sentence_rep,s3,12,2048,12,attention,,4.064042568206787,0.003843635320663452,5.453824996948242e-05,12,5,0.3333333333333333,1.8356682171924181,0.8522613965911076,0.22086348928857835,11,1.7094532251358032,80.31254483926449,1.3819850930429904,5.08117893341757,1.9094266891479492,0.0
llasa1b,sr_s3_k12,sentence_rep,s3,12,2048,12,attention,,4.064042568206787,0.003843635320663452,5.453824996948242e-05,12,6,0.4,2.4839410744028863,0.8324597040283817,0.30094344055849276,11,1.8552790880203247,nan,nan,nan,2.0492557287216187,1.0490772161524238
llasa1b,sr_s3_k12,sentence_rep,s3,12,2048,12,attention,,4.064042568206787,0.003843635320663452,5.453824996948242e-05,12,7,0.4666666666666667,2.5302050943930445,0.865855004427551,0.22795664401799887,11,1.9285115003585815,nan,nan,nan,2.1699390411376953,1.0663955715114732
llasa1b,sr_s3_k12,sentence_rep,s3,12,2048,12,attention,,4.064042568206787,0.003843635320663452,5.453824996948242e-05,12,8,0.5333333333333333,2.513729781568118,0.8633033240085116,0.2503861180378961,11,1.9146860837936401,nan,nan,nan,2.3098803758621216,0.5753612945153272
llasa1b,sr_s3_k12,sentence_rep,s3,12,2048,12,attention,,4.064042568206787,0.003843635320663452,5.453824996948242e-05,12,9,0.6,2.7882146678127113,0.8575863807180728,0.2780464558916882,11,1.9883389472961426,nan,nan,nan,2.5550127029418945,0.5685242200326043
llasa1b,sr_s3_k12,sentence_rep,s3,12,2048,12,attention,,4.064042568206787,0.003843635320663452,5.453824996948242e-05,12,10,0.6666666666666666,3.310296497091468,0.8549501196542166,0.27723085299383865,11,2.3043477535247803,74.64997120892929,1.3682033552873867,4.526640634781672,3.312368392944336,0.0
llasa1b,sr_s3_k12,sentence_rep,s3,12,2048,12,attention,,4.064042568206787,0.003843635320663452,5.453824996948242e-05,12,11,0.7333333333333333,4.167785101846482,0.8556054930994414,0.26689663855985346,11,3.0546913146972656,nan,nan,nan,4.631035089492798,0.0
llasa1b,sr_s3_k12,sentence_rep,s3,12,2048,12,attention,,4.064042568206787,0.003843635320663452,5.453824996948242e-05,12,12,0.8,5.225868077418911,0.8635400392661042,0.23522398692344482,11,4.219649314880371,nan,nan,nan,7.191515922546387,0.0
llasa1b,sr_s3_k12,sentence_rep,s3,12,2048,12,attention,,4.064042568206787,0.003843635320663452,5.453824996948242e-05,12,13,0.8666666666666667,7.373328013412102,0.8622377240779049,0.214564746379744,11,6.338441848754883,nan,nan,nan,12.059901237487793,0.0
llasa1b,sr_s3_k12,sentence_rep,s3,12,2048,12,attention,,4.064042568206787,0.003843635320663452,5.453824996948242e-05,12,14,0.9333333333333333,10.60888985404348,0.8655923302555155,0.2027754500971508,11,9.575427055358887,nan,nan,nan,18.040839672088623,0.0
llasa1b,sr_s3_k12,sentence_rep,s3,12,2048,12,attention,,4.064042568206787,0.003843635320663452,5.453824996948242e-05,12,15,1.0,26.886572149484937,0.8750388818383529,0.20389857624181773,11,22.148590087890625,51.75713109752398,1.5452118415842544,2.9803282408748104,38.12021255493164,0.0
llasa1b,sr_s3_k16,sentence_rep,s3,16,2048,16,attention,,4.325092315673828,0.0032311081886291504,3.641098737716675e-05,16,0,0.0,1.973947170649782,0.9669543132399536,0.10230965803524983,12,1.3214980363845825,119.29806297521354,1.3520266026377494,5.746337694985171,0.684734433889389,31.506916443058547
llasa1b,sr_s3_k16,sentence_rep,s3,16,2048,16,attention,,4.325092315673828,0.0032311081886291504,3.641098737716675e-05,16,1,0.06666666666666667,2.7625945470148343,0.9705306623522281,0.08702822681961042,12,1.8381279706954956,nan,nan,nan,1.0784475207328796,31.44687356140203
llasa1b,sr_s3_k16,sentence_rep,s3,16,2048,16,attention,,4.325092315673828,0.0032311081886291504,3.641098737716675e-05,16,2,0.13333333333333333,3.4696619513968843,0.969484463802674,0.1050422838858095,12,2.4069766998291016,nan,nan,nan,1.1806843876838684,34.783286872225965
llasa1b,sr_s3_k16,sentence_rep,s3,16,2048,16,attention,,4.325092315673828,0.0032311081886291504,3.641098737716675e-05,16,3,0.2,4.207152908230945,0.9750993616278983,0.08102607777288162,12,3.029925584793091,nan,nan,nan,1.4041380882263184,43.51866599546501
llasa1b,sr_s3_k16,sentence_rep,s3,16,2048,16,attention,,4.325092315673828,0.0032311081886291504,3.641098737716675e-05,16,4,0.26666666666666666,4.800493544682999,0.9813143038051678,0.0512372617660819,12,3.6489369869232178,nan,nan,nan,1.7103135585784912,54.71401644514347
llasa1b,sr_s3_k16,sentence_rep,s3,16,2048,16,attention,,4.325092315673828,0.0032311081886291504,3.641098737716675e-05,16,5,0.3333333333333333,5.64907580818231,0.9802230608720118,0.05638235477439657,12,4.194678783416748,184.43363228067935,1.0603894395266114,3.8444188164676767,1.9094266891479492,54.30199764812856
llasa1b,sr_s3_k16,sentence_rep,s3,16,2048,16,attention,,4.325092315673828,0.0032311081886291504,3.641098737716675e-05,16,6,0.4,6.345344124923256,0.9884671085514757,0.019102135129370423,12,4.770124912261963,nan,nan,nan,2.0492557287216187,97.43563245663643
llasa1b,sr_s3_k16,sentence_rep,s3,16,2048,16,attention,,4.325092315673828,0.0032311081886291504,3.641098737716675e-05,16,7,0.4666666666666667,7.044803475149325,0.9849511913125726,0.025508463310350282,12,4.839329242706299,nan,nan,nan,2.1699390411376953,77.6611712817846
llasa1b,sr_s3_k16,sentence_rep,s3,16,2048,16,attention,,4.325092315673828,0.0032311081886291504,3.641098737716675e-05,16,8,0.5333333333333333,7.741702660369644,0.9807494591372754,0.04277972248312367,12,5.404165267944336,nan,nan,nan,2.3098803758621216,62.21888264163931
llasa1b,sr_s3_k16,sentence_rep,s3,16,2048,16,attention,,4.325092315673828,0.0032311081886291504,3.641098737716675e-05,16,9,0.6,8.822148161368029,0.9781521257197707,0.054355586237774034,12,6.108317852020264,nan,nan,nan,2.5550127029418945,56.09796696123214
llasa1b,sr_s3_k16,sentence_rep,s3,16,2048,16,attention,,4.325092315673828,0.0032311081886291504,3.641098737716675e-05,16,10,0.6666666666666666,10.755080586343434,0.9780970604720335,0.04850275945434945,12,7.159800052642822,162.07710621641203,1.1201292911833711,3.411714170944323,3.312368392944336,53.17868317227683
llasa1b,sr_s3_k16,sentence_rep,s3,16,2048,16,attention,,4.325092315673828,0.0032311081886291504,3.641098737716675e-05,16,11,0.7333333333333333,14.821074095979306,0.9731379513558255,0.07004293687475704,12,9.790806770324707,nan,nan,nan,4.631035089492798,42.721048435251596
llasa1b,sr_s3_k16,sentence_rep,s3,16,2048,16,attention,,4.325092315673828,0.0032311081886291504,3.641098737716675e-05,16,12,0.8,23.52907440217509,0.9574734926938009,0.15428078426655178,12,15.29470443725586,nan,nan,nan,7.191515922546387,27.27588816979718
llasa1b,sr_s3_k16,sentence_rep,s3,16,2048,16,attention,,4.325092315673828,0.0032311081886291504,3.641098737716675e-05,16,13,0.8666666666666667,40.116598213780115,0.9395555922601944,0.2734161481649894,12,24.708494186401367,nan,nan,nan,12.059901237487793,19.277259616103112
llasa1b,sr_s3_k16,sentence_rep,s3,16,2048,16,attention,,4.325092315673828,0.0032311081886291504,3.641098737716675e-05,16,14,0.9333333333333333,68.42267105915523,0.9237277816624566,0.31451605072419386,12,38.587486267089844,nan,nan,nan,18.040839672088623,16.802396365694396
llasa1b,sr_s3_k16,sentence_rep,s3,16,2048,16,attention,,4.325092315673828,0.0032311081886291504,3.641098737716675e-05,16,15,1.0,124.10670420571131,0.9541034396891568,0.16152908763162754,12,83.9758071899414,103.13275705758402,1.4701111650283414,2.320547438871273,38.12021255493164,25.123818913114476
llasa1b,sr_s4_k03,sentence_rep,s4,3,349,3,attention,,2.6192665100097656,0.003200531005859375,0.00018199284871419272,3,0,0.0,nan,nan,nan,2,2.8463735580444336,180.81309272071923,0.8361232046184273,3.392307177795368,0.684734433889389,inf
llasa1b,sr_s4_k03,sentence_rep,s4,3,349,3,attention,,2.6192665100097656,0.003200531005859375,0.00018199284871419272,3,1,0.06666666666666667,nan,nan,nan,2,3.826179027557373,nan,nan,nan,1.0784475207328796,inf
llasa1b,sr_s4_k03,sentence_rep,s4,3,349,3,attention,,2.6192665100097656,0.003200531005859375,0.00018199284871419272,3,2,0.13333333333333333,nan,nan,nan,2,4.494895935058594,nan,nan,nan,1.1806843876838684,inf
llasa1b,sr_s4_k03,sentence_rep,s4,3,349,3,attention,,2.6192665100097656,0.003200531005859375,0.00018199284871419272,3,3,0.2,nan,nan,nan,2,5.660595417022705,nan,nan,nan,1.4041380882263184,inf
llasa1b,sr_s4_k03,sentence_rep,s4,3,349,3,attention,,2.6192665100097656,0.003200531005859375,0.00018199284871419272,3,4,0.26666666666666666,nan,nan,nan,2,6.527756690979004,nan,nan,nan,1.7103135585784912,inf
llasa1b,sr_s4_k03,sentence_rep,s4,3,349,3,attention,,2.6192665100097656,0.003200531005859375,0.00018199284871419272,3,5,0.3333333333333333,nan,nan,nan,2,7.156165599822998,203.5628340728955,0.8148375381231789,2.4219977492807363,1.9094266891479492,inf
llasa1b,sr_s4_k03,sentence_rep,s4,3,349,3,attention,,2.6192665100097656,0.003200531005859375,0.00018199284871419272,3,6,0.4,nan,nan,nan,2,7.766101360321045,nan,nan,nan,2.0492557287216187,inf
llasa1b,sr_s4_k03,sentence_rep,s4,3,349,3,attention,,2.6192665100097656,0.003200531005859375,0.00018199284871419272,3,7,0.4666666666666667,nan,nan,nan,2,9.165081024169922,nan,nan,nan,2.1699390411376953,inf
llasa1b,sr_s4_k03,sentence_rep,s4,3,349,3,attention,,2.6192665100097656,0.003200531005859375,0.00018199284871419272,3,8,0.5333333333333333,nan,nan,nan,2,11.095830917358398,nan,nan,nan,2.3098803758621216,inf
llasa1b,sr_s4_k03,sentence_rep,s4,3,349,3,attention,,2.6192665100097656,0.003200531005859375,0.00018199284871419272,3,9,0.6,nan,nan,nan,2,12.766326904296875,nan,nan,nan,2.5550127029418945,inf
llasa1b,sr_s4_k03,sentence_rep,s4,3,349,3,attention,,2.6192665100097656,0.003200531005859375,0.00018199284871419272,3,10,0.6666666666666666,nan,nan,nan,2,15.271162033081055,176.66380628481633,0.955089761385529,2.1158751269283433,3.312368392944336,inf
llasa1b,sr_s4_k03,sentence_rep,s4,3,349,3,attention,,2.6192665100097656,0.003200531005859375,0.00018199284871419272,3,11,0.7333333333333333,nan,nan,nan,2,21.229522705078125,nan,nan,nan,4.631035089492798,inf
llasa1b,sr_s4_k03,sentence_rep,s4,3,349,3,attention,,2.6192665100097656,0.003200531005859375,0.00018199284871419272,3,12,0.8,nan,nan,nan,2,30.671157836914062,nan,nan,nan,7.191515922546387,inf
llasa1b,sr_s4_k03,sentence_rep,s4,3,349,3,attention,,2.6192665100097656,0.003200531005859375,0.00018199284871419272,3,13,0.8666666666666667,nan,nan,nan,2,48.149749755859375,nan,nan,nan,12.059901237487793,inf
llasa1b,sr_s4_k03,sentence_rep,s4,3,349,3,attention,,2.6192665100097656,0.003200531005859375,0.00018199284871419272,3,14,0.9333333333333333,nan,nan,nan,2,80.41891479492188,nan,nan,nan,18.040839672088623,inf
llasa1b,sr_s4_k03,sentence_rep,s4,3,349,3,attention,,2.6192665100097656,0.003200531005859375,0.00018199284871419272,3,15,1.0,nan,nan,nan,2,183.75717163085938,164.5872202270834,1.0760556397968948,0.2462984403576833,38.12021255493164,inf
llasa1b,sr_s4_k04,sentence_rep,s4,4,614,4,attention,,2.9091739654541016,0.0021944046020507812,9.518861770629883e-05,4,0,0.0,nan,nan,nan,1,0.0,231.7585677855677,0.8710108264915826,3.8867996042193864,0.684734433889389,inf
llasa1b,sr_s4_k04,sentence_rep,s4,4,614,4,attention,,2.9091739654541016,0.0021944046020507812,9.518861770629883e-05,4,1,0.06666666666666667,nan,nan,nan,1,0.0,nan,nan,nan,1.0784475207328796,inf
llasa1b,sr_s4_k04,sentence_rep,s4,4,614,4,attention,,2.9091739654541016,0.0021944046020507812,9.518861770629883e-05,4,2,0.13333333333333333,nan,nan,nan,1,0.0,nan,nan,nan,1.1806843876838684,inf
llasa1b,sr_s4_k04,sentence_rep,s4,4,614,4,attention,,2.9091739654541016,0.0021944046020507812,9.518861770629883e-05,4,3,0.2,nan,nan,nan,1,0.0,nan,nan,nan,1.4041380882263184,inf
llasa1b,sr_s4_k04,sentence_rep,s4,4,614,4,attention,,2.9091739654541016,0.0021944046020507812,9.518861770629883e-05,4,4,0.26666666666666666,nan,nan,nan,1,0.0,nan,nan,nan,1.7103135585784912,inf
llasa1b,sr_s4_k04,sentence_rep,s4,4,614,4,attention,,2.9091739654541016,0.0021944046020507812,9.518861770629883e-05,4,5,0.3333333333333333,nan,nan,nan,1,0.0,270.69251993389133,0.8488321038108784,2.7378177058621636,1.9094266891479492,inf
llasa1b,sr_s4_k04,sentence_rep,s4,4,614,4,attention,,2.9091739654541016,0.0021944046020507812,9.518861770629883e-05,4,6,0.4,nan,nan,nan,1,0.0,nan,nan,nan,2.0492557287216187,inf
llasa1b,sr_s4_k04,sentence_rep,s4,4,614,4,attention,,2.9091739654541016,0.0021944046020507812,9.518861770629883e-05,4,7,0.4666666666666667,nan,nan,nan,1,0.0,nan,nan,nan,2.1699390411376953,inf
llasa1b,sr_s4_k04,sentence_rep,s4,4,614,4,attention,,2.9091739654541016,0.0021944046020507812,9.518861770629883e-05,4,8,0.5333333333333333,nan,nan,nan,1,0.0,nan,nan,nan,2.3098803758621216,inf
llasa1b,sr_s4_k04,sentence_rep,s4,4,614,4,attention,,2.9091739654541016,0.0021944046020507812,9.518861770629883e-05,4,9,0.6,nan,nan,nan,1,0.0,nan,nan,nan,2.5550127029418945,inf
llasa1b,sr_s4_k04,sentence_rep,s4,4,614,4,attention,,2.9091739654541016,0.0021944046020507812,9.518861770629883e-05,4,10,0.6666666666666666,nan,nan,nan,1,0.0,229.12618333773565,1.003213093723618,2.506308153049004,3.312368392944336,inf
llasa1b,sr_s4_k04,sentence_rep,s4,4,614,4,attention,,2.9091739654541016,0.0021944046020507812,9.518861770629883e-05,4,11,0.7333333333333333,nan,nan,nan,1,0.0,nan,nan,nan,4.631035089492798,inf
llasa1b,sr_s4_k04,sentence_rep,s4,4,614,4,attention,,2.9091739654541016,0.0021944046020507812,9.518861770629883e-05,4,12,0.8,nan,nan,nan,1,0.0,nan,nan,nan,7.191515922546387,inf
llasa1b,sr_s4_k04,sentence_rep,s4,4,614,4,attention,,2.9091739654541016,0.0021944046020507812,9.518861770629883e-05,4,13,0.8666666666666667,nan,nan,nan,1,0.0,nan,nan,nan,12.059901237487793,inf
llasa1b,sr_s4_k04,sentence_rep,s4,4,614,4,attention,,2.9091739654541016,0.0021944046020507812,9.518861770629883e-05,4,14,0.9333333333333333,nan,nan,nan,1,0.0,nan,nan,nan,18.040839672088623,inf
llasa1b,sr_s4_k04,sentence_rep,s4,4,614,4,attention,,2.9091739654541016,0.0021944046020507812,9.518861770629883e-05,4,15,1.0,nan,nan,nan,1,0.0,204.2382399256416,1.1483654422295393,0.7529650289656247,38.12021255493164,inf
llasa1b,sr_s4_k06,sentence_rep,s4,6,876,6,attention,,3.326828956604004,0.002644062042236328,7.806221644083659e-05,6,0,0.0,2.4156051082999634,1.0901792952029097,0.8110483469248457,4,2.6717560291290283,225.63785209041708,0.9033708169733392,4.261551281029204,0.684734433889389,inf
llasa1b,sr_s4_k06,sentence_rep,s4,6,876,6,attention,,3.326828956604004,0.002644062042236328,7.806221644083659e-05,6,1,0.06666666666666667,3.225634399339017,1.0777871134644363,0.7558650750336297,4,3.397965669631958,nan,nan,nan,1.0784475207328796,inf
llasa1b,sr_s4_k06,sentence_rep,s4,6,876,6,attention,,3.326828956604004,0.002644062042236328,7.806221644083659e-05,6,2,0.13333333333333333,3.8132479905466887,1.0584295677454068,0.82442660681735,4,4.0501017570495605,nan,nan,nan,1.1806843876838684,inf
llasa1b,sr_s4_k06,sentence_rep,s4,6,876,6,attention,,3.326828956604004,0.002644062042236328,7.806221644083659e-05,6,3,0.2,5.245346703218389,0.9992638531237884,0.00015592008886267106,4,4.8137054443359375,nan,nan,nan,1.4041380882263184,1789.6327209435044
llasa1b,sr_s4_k06,sentence_rep,s4,6,876,6,attention,,3.326828956604004,0.002644062042236328,7.806221644083659e-05,6,4,0.26666666666666666,6.142956082877259,1.0097161522411802,0.5534935202059061,4,6.208193778991699,nan,nan,nan,1.7103135585784912,inf
llasa1b,sr_s4_k06,sentence_rep,s4,6,876,6,attention,,3.326828956604004,0.002644062042236328,7.806221644083659e-05,6,5,0.3333333333333333,7.265627539730688,0.983140232318775,0.4904419249473043,4,6.816952228546143,271.1677463354641,0.846416952527054,2.816087031072823,1.9094266891479492,78.59268578022989
llasa1b,sr_s4_k06,sentence_rep,s4,6,876,6,attention,,3.326828956604004,0.002644062042236328,7.806221644083659e-05,6,6,0.4,7.941041874257949,0.9666908245837202,0.5463230468571972,4,7.040500640869141,nan,nan,nan,2.0492557287216187,39.98539920957387
llasa1b,sr_s4_k06,sentence_rep,s4,6,876,6,attention,,3.326828956604004,0.002644062042236328,7.806221644083659e-05,6,7,0.4666666666666667,9.431183378763738,0.9487478685094562,0.83876215936041,4,7.972239017486572,nan,nan,nan,2.1699390411376953,27.927412093422717
llasa1b,sr_s4_k06,sentence_rep,s4,6,876,6,attention,,3.326828956604004,0.002644062042236328,7.806221644083659e-05,6,8,0.5333333333333333,10.39194000006983,0.943968610164747,0.7905380375784774,4,8.698258399963379,nan,nan,nan,2.3098803758621216,26.080004854705514
llasa1b,sr_s4_k06,sentence_rep,s4,6,876,6,attention,,3.326828956604004,0.002644062042236328,7.806221644083659e-05,6,9,0.6,12.306829107243509,0.9501945464595848,0.9384653903805737,4,10.342880249023438,nan,nan,nan,2.5550127029418945,30.77201745575534
llasa1b,sr_s4_k06,sentence_rep,s4,6,876,6,attention,,3.326828956604004,0.002644062042236328,7.806221644083659e-05,6,10,0.6666666666666666,16.011762561402833,0.9571697443787777,0.9819018379673615,4,14.231080055236816,230.41671818335348,0.9978010536152716,2.4986587244391396,3.312368392944336,35.994905790069055
llasa1b,sr_s4_k06,sentence_rep,s4,6,876,6,attention,,3.326828956604004,0.002644062042236328,7.806221644083659e-05,6,11,0.7333333333333333,23.479453930986693,0.9596348505431748,0.7746787524950397,4,21.476219177246094,nan,nan,nan,4.631035089492798,39.399261114358815
llasa1b,sr_s4_k06,sentence_rep,s4,6,876,6,attention,,3.326828956604004,0.002644062042236328,7.806221644083659e-05,6,12,0.8,33.84072664442557,0.9929763327110263,0.06029967163635086,4,32.70696258544922,nan,nan,nan,7.191515922546387,219.7310278695107
llasa1b,sr_s4_k06,sentence_rep,s4,6,876,6,attention,,3.326828956604004,0.002644062042236328,7.806221644083659e-05,6,13,0.8666666666666667,52.16646171641551,1.0076784406318524,0.028444792515946005,4,51.88037109375,nan,nan,nan,12.059901237487793,inf
llasa1b,sr_s4_k06,sentence_rep,s4,6,876,6,attention,,3.326828956604004,0.002644062042236328,7.806221644083659e-05,6,14,0.9333333333333333,79.7866438834936,1.0310490270615749,0.34138329892926633,4,84.3931655883789,nan,nan,nan,18.040839672088623,inf
llasa1b,sr_s4_k06,sentence_rep,s4,6,876,6,attention,,3.326828956604004,0.002644062042236328,7.806221644083659e-05,6,15,1.0,184.828398583796,0.999323125503848,0.0018180789762355376,4,182.40396118164062,210.48752351197462,1.1519957610732403,1.029167487474455,38.12021255493164,2331.5235367413325
llasa1b,sr_s4_k08,sentence_rep,s4,8,991,8,attention,,3.6116766929626465,0.0030508041381835938,6.788969039916992e-05,8,0,0.0,3.063173838528526,0.9643448442210643,0.1297169748206296,7,2.897775411605835,232.65641403977176,0.8765513174215399,3.8146034742378867,0.684734433889389,41.264868809714905
llasa1b,sr_s4_k08,sentence_rep,s4,8,991,8,attention,,3.6116766929626465,0.0030508041381835938,6.788969039916992e-05,8,1,0.06666666666666667,3.9436324863624446,0.9726502073989014,0.15461623221119292,7,3.7004282474517822,nan,nan,nan,1.0784475207328796,46.756010276280975
llasa1b,sr_s4_k08,sentence_rep,s4,8,991,8,attention,,3.6116766929626465,0.0030508041381835938,6.788969039916992e-05,8,2,0.13333333333333333,4.520933819587094,0.9751971257497768,0.09675023832955565,7,4.277556896209717,nan,nan,nan,1.1806843876838684,53.45768108762323
llasa1b,sr_s4_k08,sentence_rep,s4,8,991,8,attention,,3.6116766929626465,0.0030508041381835938,6.788969039916992e-05,8,3,0.2,5.376085779185591,0.9748689107392463,0.10095490320352529,7,4.991739749908447,nan,nan,nan,1.4041380882263184,52.74724157040637
llasa1b,sr_s4_k08,sentence_rep,s4,8,991,8,attention,,3.6116766929626465,0.0030508041381835938,6.788969039916992e-05,8,4,0.26666666666666666,6.490876707198218,0.9679022336144565,0.14755463382269263,7,6.273087024688721,nan,nan,nan,1.7103135585784912,40.88134222146348
llasa1b,sr_s4_k08,sentence_rep,s4,8,991,8,attention,,3.6116766929626465,0.0030508041381835938,6.788969039916992e-05,8,5,0.3333333333333333,7.21040408175028,0.976817694812869,0.08092370366516133,7,7.238795280456543,281.67841141325187,0.8282024566998636,2.677465003252822,1.9094266891479492,56.64925570279797
llasa1b,sr_s4_k08,sentence_rep,s4,8,991,8,attention,,3.6116766929626465,0.0030508041381835938,6.788969039916992e-05,8,6,0.4,7.600111943999043,0.9754125824629443,0.07323042859662698,7,7.5419697761535645,nan,nan,nan,2.0492557287216187,52.64913470226459
llasa1b,sr_s4_k08,sentence_rep,s4,8,991,8,attention,,3.6116766929626465,0.0030508041381835938,6.788969039916992e-05,8,7,0.4666666666666667,8.750974590262897,0.9636089219394431,0.1288497532120243,7,8.489533424377441,nan,nan,nan,2.1699390411376953,37.61735717213979
llasa1b,sr_s4_k08,sentence_rep,s4,8,991,8,attention,,3.6116766929626465,0.0030508041381835938,6.788969039916992e-05,8,8,0.5333333333333333,9.569225002400765,0.9647661716969022,0.11789612331202093,7,9.054579734802246,nan,nan,nan,2.3098803758621216,39.62575010242614
llasa1b,sr_s4_k08,sentence_rep,s4,8,991,8,attention,,3.6116766929626465,0.0030508041381835938,6.788969039916992e-05,8,9,0.6,11.420099161666483,0.9682121842268719,0.13569581669815545,7,10.822436332702637,nan,nan,nan,2.5550127029418945,46.35082024648625
llasa1b,sr_s4_k08,sentence_rep,s4,8,991,8,attention,,3.6116766929626465,0.0030508041381835938,6.788969039916992e-05,8,10,0.6666666666666666,14.99264620970306,0.9620912247652181,0.18351481118470847,7,14.642777442932129,238.11348078842926,0.9832184018162496,2.4382446122938815,3.312368392944336,39.06992158057329
llasa1b,sr_s4_k08,sentence_rep,s4,8,991,8,attention,,3.6116766929626465,0.0030508041381835938,6.788969039916992e-05,8,11,0.7333333333333333,21.200348623132726,0.9573625500807292,0.18285641977544542,7,21.331239700317383,nan,nan,nan,4.631035089492798,34.91228661720559
llasa1b,sr_s4_k08,sentence_rep,s4,8,991,8,attention,,3.6116766929626465,0.0030508041381835938,6.788969039916992e-05,8,12,0.8,32.92780509016144,0.9678242849194483,0.15625687028642765,7,33.08292007446289,nan,nan,nan,7.191515922546387,46.51973457502796
llasa1b,sr_s4_k08,sentence_rep,s4,8,991,8,attention,,3.6116766929626465,0.0030508041381835938,6.788969039916992e-05,8,13,0.8666666666666667,50.067579713516615,0.9740370493117521,0.1161349362500278,7,48.93962478637695,nan,nan,nan,12.059901237487793,54.11278998516639
llasa1b,sr_s4_k08,sentence_rep,s4,8,991,8,attention,,3.6116766929626465,0.0030508041381835938,6.788969039916992e-05,8,14,0.9333333333333333,74.87938194244569,1.0013241033970488,0.0006550776520659607,7,73.41944122314453,nan,nan,nan,18.040839672088623,inf
llasa1b,sr_s4_k08,sentence_rep,s4,8,991,8,attention,,3.6116766929626465,0.0030508041381835938,6.788969039916992e-05,8,15,1.0,184.87546020232,0.9726696207553195,0.2885377299883267,7,179.1392822265625,216.77774227871595,1.1129988659015926,0.6212709634073431,38.12021255493164,56.97914429953615
llasa1b,sr_s4_k12,sentence_rep,s4,12,1202,12,attention,,3.974661350250244,0.0032117068767547607,5.0286451975504555e-05,12,0,0.0,2.630653870365099,1.0190580167944052,0.10551415880447146,10,2.8626716136932373,232.13834138003227,0.8669012419447656,3.795076811027609,0.684734433889389,inf
llasa1b,sr_s4_k12,sentence_rep,s4,12,1202,12,attention,,3.974661350250244,0.0032117068767547607,5.0286451975504555e-05,12,1,0.06666666666666667,3.3723941800366792,1.0234356431958873,0.14567154198045473,10,3.9030277729034424,nan,nan,nan,1.0784475207328796,inf
llasa1b,sr_s4_k12,sentence_rep,s4,12,1202,12,attention,,3.974661350250244,0.0032117068767547607,5.0286451975504555e-05,12,2,0.13333333333333333,3.846484356549059,1.0194246809203824,0.09570306693854069,10,4.37171745300293,nan,nan,nan,1.1806843876838684,inf
llasa1b,sr_s4_k12,sentence_rep,s4,12,1202,12,attention,,3.974661350250244,0.0032117068767547607,5.0286451975504555e-05,12,3,0.2,4.679173162686912,1.016003298449272,0.060708465246938736,10,5.274596214294434,nan,nan,nan,1.4041380882263184,inf
llasa1b,sr_s4_k12,sentence_rep,s4,12,1202,12,attention,,3.974661350250244,0.0032117068767547607,5.0286451975504555e-05,12,4,0.26666666666666666,5.402804736524217,1.016354588877677,0.060405322983258514,10,6.275060176849365,nan,nan,nan,1.7103135585784912,inf
llasa1b,sr_s4_k12,sentence_rep,s4,12,1202,12,attention,,3.974661350250244,0.0032117068767547607,5.0286451975504555e-05,12,5,0.3333333333333333,6.2181493901240055,1.0136696598906478,0.049680641671983494,10,7.13795804977417,281.5905674686218,0.8194029658823507,2.6449864272027113,1.9094266891479492,inf
llasa1b,sr_s4_k12,sentence_rep,s4,12,1202,12,attention,,3.974661350250244,0.0032117068767547607,5.0286451975504555e-05,12,6,0.4,6.876440484643049,1.0103918678951866,0.02937247209307159,10,7.759430408477783,nan,nan,nan,2.0492557287216187,inf
llasa1b,sr_s4_k12,sentence_rep,s4,12,1202,12,attention,,3.974661350250244,0.0032117068767547607,5.0286451975504555e-05,12,7,0.4666666666666667,7.667684146264087,1.0125763361611368,0.0318245501096146,10,8.746736526489258,nan,nan,nan,2.1699390411376953,inf
llasa1b,sr_s4_k12,sentence_rep,s4,12,1202,12,attention,,3.974661350250244,0.0032117068767547607,5.0286451975504555e-05,12,8,0.5333333333333333,8.52958334535898,1.00721640947946,0.00960503528295975,10,9.493123054504395,nan,nan,nan,2.3098803758621216,inf
llasa1b,sr_s4_k12,sentence_rep,s4,12,1202,12,attention,,3.974661350250244,0.0032117068767547607,5.0286451975504555e-05,12,9,0.6,10.158059651280722,1.0107623944804758,0.023027443738782405,10,11.398757934570312,nan,nan,nan,2.5550127029418945,inf
llasa1b,sr_s4_k12,sentence_rep,s4,12,1202,12,attention,,3.974661350250244,0.0032117068767547607,5.0286451975504555e-05,12,10,0.6666666666666666,12.935581919866712,1.004288003099,0.00438006572703642,10,13.53210163116455,242.58927781560004,0.9621660013015998,2.3839637939543996,3.312368392944336,inf
llasa1b,sr_s4_k12,sentence_rep,s4,12,1202,12,attention,,3.974661350250244,0.0032117068767547607,5.0286451975504555e-05,12,11,0.7333333333333333,17.398267021150822,1.0078278176447726,0.013887372416672705,10,18.553916931152344,nan,nan,nan,4.631035089492798,inf
llasa1b,sr_s4_k12,sentence_rep,s4,12,1202,12,attention,,3.974661350250244,0.0032117068767547607,5.0286451975504555e-05,12,12,0.8,24.91947688098409,1.0165656154436375,0.06163019767705247,10,28.801136016845703,nan,nan,nan,7.191515922546387,inf
llasa1b,sr_s4_k12,sentence_rep,s4,12,1202,12,attention,,3.974661350250244,0.0032117068767547607,5.0286451975504555e-05,12,13,0.8666666666666667,36.20827402849278,1.0272670573877396,0.19220381549210652,10,40.46955490112305,nan,nan,nan,12.059901237487793,inf
llasa1b,sr_s4_k12,sentence_rep,s4,12,1202,12,attention,,3.974661350250244,0.0032117068767547607,5.0286451975504555e-05,12,14,0.9333333333333333,52.934469921689654,1.044961059678478,0.4212147898332864,10,67.51520538330078,nan,nan,nan,18.040839672088623,inf
llasa1b,sr_s4_k12,sentence_rep,s4,12,1202,12,attention,,3.974661350250244,0.0032117068767547607,5.0286451975504555e-05,12,15,1.0,142.48929348315448,1.0241086615356454,0.10857651071424523,10,168.52247619628906,217.028290366909,1.1108270689690525,0.5815920842298107,38.12021255493164,inf
llasa1b,sr_s4_k16,sentence_rep,s4,16,2048,16,attention,,4.141846179962158,0.0024028420448303223,2.732500433921814e-05,16,0,0.0,3.2675647940451262,0.8984334103055156,0.2707087699371937,13,1.3471554517745972,108.12183669440726,1.6190487487249434,6.400309488413321,0.684734433889389,14.591316382501123
llasa1b,sr_s4_k16,sentence_rep,s4,16,2048,16,attention,,4.141846179962158,0.0024028420448303223,2.732500433921814e-05,16,1,0.06666666666666667,4.219438082201334,0.9025563519700507,0.27213823135943926,13,1.6584187746047974,nan,nan,nan,1.0784475207328796,13.30593255915167
llasa1b,sr_s4_k16,sentence_rep,s4,16,2048,16,attention,,4.141846179962158,0.0024028420448303223,2.732500433921814e-05,16,2,0.13333333333333333,5.298838462801715,0.901284452602537,0.2758987894165469,13,2.169520616531372,nan,nan,nan,1.1806843876838684,14.445591694197589
llasa1b,sr_s4_k16,sentence_rep,s4,16,2048,16,attention,,4.141846179962158,0.0024028420448303223,2.732500433921814e-05,16,3,0.2,6.769260986087719,0.8968499527707771,0.2931406691684444,13,2.725604295730591,nan,nan,nan,1.4041380882263184,14.448570188571466
llasa1b,sr_s4_k16,sentence_rep,s4,16,2048,16,attention,,4.141846179962158,0.0024028420448303223,2.732500433921814e-05,16,4,0.26666666666666666,7.824760222002187,0.8962774466305662,0.2965900315176855,13,3.0613584518432617,nan,nan,nan,1.7103135585784912,13.886239994157549
llasa1b,sr_s4_k16,sentence_rep,s4,16,2048,16,attention,,4.141846179962158,0.0024028420448303223,2.732500433921814e-05,16,5,0.3333333333333333,8.788603827334109,0.8964411689892736,0.3063919684256651,13,3.5389487743377686,146.25466288609343,1.3909822579352962,4.72563103466575,1.9094266891479492,13.964657569568669
llasa1b,sr_s4_k16,sentence_rep,s4,16,2048,16,attention,,4.141846179962158,0.0024028420448303223,2.732500433921814e-05,16,6,0.4,9.717737279003183,0.9003045156225722,0.3032724047552854,13,3.9186010360717773,nan,nan,nan,2.0492557287216187,14.82044562156174
llasa1b,sr_s4_k16,sentence_rep,s4,16,2048,16,attention,,4.141846179962158,0.0024028420448303223,2.732500433921814e-05,16,7,0.4666666666666667,11.129002716788921,0.8952631150377574,0.320040056985593,13,4.293311595916748,nan,nan,nan,2.1699390411376953,14.776668851800187
llasa1b,sr_s4_k16,sentence_rep,s4,16,2048,16,attention,,4.141846179962158,0.0024028420448303223,2.732500433921814e-05,16,8,0.5333333333333333,12.595978378954008,0.887967412945979,0.3469185418354803,13,4.48472785949707,nan,nan,nan,2.3098803758621216,14.275193666034108
llasa1b,sr_s4_k16,sentence_rep,s4,16,2048,16,attention,,4.141846179962158,0.0024028420448303223,2.732500433921814e-05,16,9,0.6,13.820537084654545,0.8919758402998493,0.33509466854101655,13,5.043520450592041,nan,nan,nan,2.5550127029418945,14.766918580687927
llasa1b,sr_s4_k16,sentence_rep,s4,16,2048,16,attention,,4.141846179962158,0.0024028420448303223,2.732500433921814e-05,16,10,0.6666666666666666,16.14308809248251,0.896103026376934,0.32673180722552597,13,5.816834926605225,136.5057725401742,1.390244119005022,4.141236868821831,3.312368392944336,14.437831683572828
llasa1b,sr_s4_k16,sentence_rep,s4,16,2048,16,attention,,4.141846179962158,0.0024028420448303223,2.732500433921814e-05,16,11,0.7333333333333333,22.299309973211784,0.8916474730069285,0.34377393867054507,13,7.81686544418335,nan,nan,nan,4.631035089492798,13.705219388777804
llasa1b,sr_s4_k16,sentence_rep,s4,16,2048,16,attention,,4.141846179962158,0.0024028420448303223,2.732500433921814e-05,16,12,0.8,36.12753056213896,0.8862581595460822,0.34350576310720193,13,13.496079444885254,nan,nan,nan,7.191515922546387,13.36806117296842
llasa1b,sr_s4_k16,sentence_rep,s4,16,2048,16,attention,,4.141846179962158,0.0024028420448303223,2.732500433921814e-05,16,13,0.8666666666666667,57.10599039908988,0.8864841821686337,0.3210159798765976,13,22.2237491607666,nan,nan,nan,12.059901237487793,12.905612515195171
llasa1b,sr_s4_k16,sentence_rep,s4,16,2048,16,attention,,4.141846179962158,0.0024028420448303223,2.732500433921814e-05,16,14,0.9333333333333333,89.20626011917288,0.8870016659590847,0.2996946873248968,13,33.62424850463867,nan,nan,nan,18.040839672088623,13.32944908736138
llasa1b,sr_s4_k16,sentence_rep,s4,16,2048,16,attention,,4.141846179962158,0.0024028420448303223,2.732500433921814e-05,16,15,1.0,187.3447903499555,0.8989678688763029,0.2593823910391988,13,85.41014862060547,103.85603629114631,1.6915958336771335,2.733695049023245,38.12021255493164,14.949170679559877
llasa1b,wr_blue_t4_k03,word_rep,t4,3,2048,3,attention,,2.164625644683838,0.0006290674209594727,3.989537556966146e-05,3,0,0.0,nan,nan,nan,0,0.0,96.45600207102532,1.7792241049594568,6.61998215249233,0.684734433889389,inf
llasa1b,wr_blue_t4_k03,word_rep,t4,3,2048,3,attention,,2.164625644683838,0.0006290674209594727,3.989537556966146e-05,3,1,0.06666666666666667,nan,nan,nan,0,0.0,nan,nan,nan,1.0784475207328796,inf
llasa1b,wr_blue_t4_k03,word_rep,t4,3,2048,3,attention,,2.164625644683838,0.0006290674209594727,3.989537556966146e-05,3,2,0.13333333333333333,nan,nan,nan,0,0.0,nan,nan,nan,1.1806843876838684,inf
llasa1b,wr_blue_t4_k03,word_rep,t4,3,2048,3,attention,,2.164625644683838,0.0006290674209594727,3.989537556966146e-05,3,3,0.2,nan,nan,nan,0,0.0,nan,nan,nan,1.4041380882263184,inf
llasa1b,wr_blue_t4_k03,word_rep,t4,3,2048,3,attention,,2.164625644683838,0.0006290674209594727,3.989537556966146e-05,3,4,0.26666666666666666,nan,nan,nan,0,0.0,nan,nan,nan,1.7103135585784912,inf
llasa1b,wr_blue_t4_k03,word_rep,t4,3,2048,3,attention,,2.164625644683838,0.0006290674209594727,3.989537556966146e-05,3,5,0.3333333333333333,nan,nan,nan,0,0.0,121.46616658372905,1.563463539769155,5.0550400747847775,1.9094266891479492,inf
llasa1b,wr_blue_t4_k03,word_rep,t4,3,2048,3,attention,,2.164625644683838,0.0006290674209594727,3.989537556966146e-05,3,6,0.4,nan,nan,nan,0,0.0,nan,nan,nan,2.0492557287216187,inf
llasa1b,wr_blue_t4_k03,word_rep,t4,3,2048,3,attention,,2.164625644683838,0.0006290674209594727,3.989537556966146e-05,3,7,0.4666666666666667,nan,nan,nan,0,0.0,nan,nan,nan,2.1699390411376953,inf
llasa1b,wr_blue_t4_k03,word_rep,t4,3,2048,3,attention,,2.164625644683838,0.0006290674209594727,3.989537556966146e-05,3,8,0.5333333333333333,nan,nan,nan,0,0.0,nan,nan,nan,2.3098803758621216,inf
llasa1b,wr_blue_t4_k03,word_rep,t4,3,2048,3,attention,,2.164625644683838,0.0006290674209594727,3.989537556966146e-05,3,9,0.6,nan,nan,nan,0,0.0,nan,nan,nan,2.5550127029418945,inf
llasa1b,wr_blue_t4_k03,word_rep,t4,3,2048,3,attention,,2.164625644683838,0.0006290674209594727,3.989537556966146e-05,3,10,0.6666666666666666,nan,nan,nan,0,0.0,112.42282060359129,1.4612112304700096,4.314823821383496,3.312368392944336,inf
llasa1b,wr_blue_t4_k03,word_rep,t4,3,2048,3,attention,,2.164625644683838,0.0006290674209594727,3.989537556966146e-05,3,11,0.7333333333333333,nan,nan,nan,0,0.0,nan,nan,nan,4.631035089492798,inf
llasa1b,wr_blue_t4_k03,word_rep,t4,3,2048,3,attention,,2.164625644683838,0.0006290674209594727,3.989537556966146e-05,3,12,0.8,nan,nan,nan,0,0.0,nan,nan,nan,7.191515922546387,inf
llasa1b,wr_blue_t4_k03,word_rep,t4,3,2048,3,attention,,2.164625644683838,0.0006290674209594727,3.989537556966146e-05,3,13,0.8666666666666667,nan,nan,nan,0,0.0,nan,nan,nan,12.059901237487793,inf
llasa1b,wr_blue_t4_k03,word_rep,t4,3,2048,3,attention,,2.164625644683838,0.0006290674209594727,3.989537556966146e-05,3,14,0.9333333333333333,nan,nan,nan,0,0.0,nan,nan,nan,18.040839672088623,inf
llasa1b,wr_blue_t4_k03,word_rep,t4,3,2048,3,attention,,2.164625644683838,0.0006290674209594727,3.989537556966146e-05,3,15,1.0,nan,nan,nan,0,0.0,80.14752799748457,1.7592080962882568,2.890016565510448,38.12021255493164,inf
llasa1b,wr_blue_t4_k04,word_rep,t4,4,2048,4,attention,,2.3106887340545654,0.0006614029407501221,4.398822784423828e-05,4,0,0.0,nan,nan,nan,0,0.0,84.7452131054675,1.8427180082550574,6.713130655271741,0.684734433889389,inf
llasa1b,wr_blue_t4_k04,word_rep,t4,4,2048,4,attention,,2.3106887340545654,0.0006614029407501221,4.398822784423828e-05,4,1,0.06666666666666667,nan,nan,nan,0,0.0,nan,nan,nan,1.0784475207328796,inf
llasa1b,wr_blue_t4_k04,word_rep,t4,4,2048,4,attention,,2.3106887340545654,0.0006614029407501221,4.398822784423828e-05,4,2,0.13333333333333333,nan,nan,nan,0,0.0,nan,nan,nan,1.1806843876838684,inf
llasa1b,wr_blue_t4_k04,word_rep,t4,4,2048,4,attention,,2.3106887340545654,0.0006614029407501221,4.398822784423828e-05,4,3,0.2,nan,nan,nan,0,0.0,nan,nan,nan,1.4041380882263184,inf
llasa1b,wr_blue_t4_k04,word_rep,t4,4,2048,4,attention,,2.3106887340545654,0.0006614029407501221,4.398822784423828e-05,4,4,0.26666666666666666,nan,nan,nan,0,0.0,nan,nan,nan,1.7103135585784912,inf
llasa1b,wr_blue_t4_k04,word_rep,t4,4,2048,4,attention,,2.3106887340545654,0.0006614029407501221,4.398822784423828e-05,4,5,0.3333333333333333,nan,nan,nan,0,0.0,119.47411979284222,1.5593313282450088,4.969041163348476,1.9094266891479492,inf
llasa1b,wr_blue_t4_k04,word_rep,t4,4,2048,4,attention,,2.3106887340545654,0.0006614029407501221,4.398822784423828e-05,4,6,0.4,nan,nan,nan,0,0.0,nan,nan,nan,2.0492557287216187,inf
llasa1b,wr_blue_t4_k04,word_rep,t4,4,2048,4,attention,,2.3106887340545654,0.0006614029407501221,4.398822784423828e-05,4,7,0.4666666666666667,nan,nan,nan,0,0.0,nan,nan,nan,2.1699390411376953,inf
llasa1b,wr_blue_t4_k04,word_rep,t4,4,2048,4,attention,,2.3106887340545654,0.0006614029407501221,4.398822784423828e-05,4,8,0.5333333333333333,nan,nan,nan,0,0.0,nan,nan,nan,2.3098803758621216,inf
llasa1b,wr_blue_t4_k04,word_rep,t4,4,2048,4,attention,,2.3106887340545654,0.0006614029407501221,4.398822784423828e-05,4,9,0.6,nan,nan,nan,0,0.0,nan,nan,nan,2.5550127029418945,inf
llasa1b,wr_blue_t4_k04,word_rep,t4,4,2048,4,attention,,2.3106887340545654,0.0006614029407501221,4.398822784423828e-05,4,10,0.6666666666666666,nan,nan,nan,0,0.0,111.60222970402708,1.5172339549718452,4.362483461070042,3.312368392944336,inf
llasa1b,wr_blue_t4_k04,word_rep,t4,4,2048,4,attention,,2.3106887340545654,0.0006614029407501221,4.398822784423828e-05,4,11,0.7333333333333333,nan,nan,nan,0,0.0,nan,nan,nan,4.631035089492798,inf
llasa1b,wr_blue_t4_k04,word_rep,t4,4,2048,4,attention,,2.3106887340545654,0.0006614029407501221,4.398822784423828e-05,4,12,0.8,nan,nan,nan,0,0.0,nan,nan,nan,7.191515922546387,inf
llasa1b,wr_blue_t4_k04,word_rep,t4,4,2048,4,attention,,2.3106887340545654,0.0006614029407501221,4.398822784423828e-05,4,13,0.8666666666666667,nan,nan,nan,0,0.0,nan,nan,nan,12.059901237487793,inf
llasa1b,wr_blue_t4_k04,word_rep,t4,4,2048,4,attention,,2.3106887340545654,0.0006614029407501221,4.398822784423828e-05,4,14,0.9333333333333333,nan,nan,nan,0,0.0,nan,nan,nan,18.040839672088623,inf
llasa1b,wr_blue_t4_k04,word_rep,t4,4,2048,4,attention,,2.3106887340545654,0.0006614029407501221,4.398822784423828e-05,4,15,1.0,nan,nan,nan,0,0.0,87.57891681218446,1.7425474572271122,2.8890820222010922,38.12021255493164,inf
llasa1b,wr_blue_t4_k06,word_rep,t4,6,334,6,attention,,2.479948043823242,0.0025693178176879883,0.00014062722524007162,6,0,0.0,nan,nan,nan,0,0.0,163.81213220789948,0.8741334098545974,3.725373915560169,0.684734433889389,inf
llasa1b,wr_blue_t4_k06,word_rep,t4,6,334,6,attention,,2.479948043823242,0.0025693178176879883,0.00014062722524007162,6,1,0.06666666666666667,nan,nan,nan,0,0.0,nan,nan,nan,1.0784475207328796,inf
llasa1b,wr_blue_t4_k06,word_rep,t4,6,334,6,attention,,2.479948043823242,0.0025693178176879883,0.00014062722524007162,6,2,0.13333333333333333,nan,nan,nan,0,0.0,nan,nan,nan,1.1806843876838684,inf
llasa1b,wr_blue_t4_k06,word_rep,t4,6,334,6,attention,,2.479948043823242,0.0025693178176879883,0.00014062722524007162,6,3,0.2,nan,nan,nan,0,0.0,nan,nan,nan,1.4041380882263184,inf
llasa1b,wr_blue_t4_k06,word_rep,t4,6,334,6,attention,,2.479948043823242,0.0025693178176879883,0.00014062722524007162,6,4,0.26666666666666666,nan,nan,nan,0,0.0,nan,nan,nan,1.7103135585784912,inf
llasa1b,wr_blue_t4_k06,word_rep,t4,6,334,6,attention,,2.479948043823242,0.0025693178176879883,0.00014062722524007162,6,5,0.3333333333333333,nan,nan,nan,0,0.0,200.593307185613,0.7877809757581707,2.379764686216386,1.9094266891479492,inf
llasa1b,wr_blue_t4_k06,word_rep,t4,6,334,6,attention,,2.479948043823242,0.0025693178176879883,0.00014062722524007162,6,6,0.4,nan,nan,nan,0,0.0,nan,nan,nan,2.0492557287216187,inf
llasa1b,wr_blue_t4_k06,word_rep,t4,6,334,6,attention,,2.479948043823242,0.0025693178176879883,0.00014062722524007162,6,7,0.4666666666666667,nan,nan,nan,0,0.0,nan,nan,nan,2.1699390411376953,inf
llasa1b,wr_blue_t4_k06,word_rep,t4,6,334,6,attention,,2.479948043823242,0.0025693178176879883,0.00014062722524007162,6,8,0.5333333333333333,nan,nan,nan,0,0.0,nan,nan,nan,2.3098803758621216,inf
llasa1b,wr_blue_t4_k06,word_rep,t4,6,334,6,attention,,2.479948043823242,0.0025693178176879883,0.00014062722524007162,6,9,0.6,nan,nan,nan,0,0.0,nan,nan,nan,2.5550127029418945,inf
llasa1b,wr_blue_t4_k06,word_rep,t4,6,334,6,attention,,2.479948043823242,0.0025693178176879883,0.00014062722524007162,6,10,0.6666666666666666,nan,nan,nan,0,0.0,169.05751019340633,0.9578923465684295,2.202977211347228,3.312368392944336,inf
llasa1b,wr_blue_t4_k06,word_rep,t4,6,334,6,attention,,2.479948043823242,0.0025693178176879883,0.00014062722524007162,6,11,0.7333333333333333,nan,nan,nan,0,0.0,nan,nan,nan,4.631035089492798,inf
llasa1b,wr_blue_t4_k06,word_rep,t4,6,334,6,attention,,2.479948043823242,0.0025693178176879883,0.00014062722524007162,6,12,0.8,nan,nan,nan,0,0.0,nan,nan,nan,7.191515922546387,inf
llasa1b,wr_blue_t4_k06,word_rep,t4,6,334,6,attention,,2.479948043823242,0.0025693178176879883,0.00014062722524007162,6,13,0.8666666666666667,nan,nan,nan,0,0.0,nan,nan,nan,12.059901237487793,inf
llasa1b,wr_blue_t4_k06,word_rep,t4,6,334,6,attention,,2.479948043823242,0.0025693178176879883,0.00014062722524007162,6,14,0.9333333333333333,nan,nan,nan,0,0.0,nan,nan,nan,18.040839672088623,inf
llasa1b,wr_blue_t4_k06,word_rep,t4,6,334,6,attention,,2.479948043823242,0.0025693178176879883,0.00014062722524007162,6,15,1.0,nan,nan,nan,0,0.0,138.77203720375593,1.1218636021636577,0.5699425235571572,38.12021255493164,inf
llasa1b,wr_blue_t4_k08,word_rep,t4,8,672,8,attention,,2.6107120513916016,0.0017047524452209473,8.758902549743652e-05,8,0,0.0,nan,nan,nan,0,0.0,174.82704217010308,1.090675023547441,5.547447313526992,0.684734433889389,inf
llasa1b,wr_blue_t4_k08,word_rep,t4,8,672,8,attention,,2.6107120513916016,0.0017047524452209473,8.758902549743652e-05,8,1,0.06666666666666667,nan,nan,nan,0,0.0,nan,nan,nan,1.0784475207328796,inf
llasa1b,wr_blue_t4_k08,word_rep,t4,8,672,8,attention,,2.6107120513916016,0.0017047524452209473,8.758902549743652e-05,8,2,0.13333333333333333,nan,nan,nan,0,0.0,nan,nan,nan,1.1806843876838684,inf
llasa1b,wr_blue_t4_k08,word_rep,t4,8,672,8,attention,,2.6107120513916016,0.0017047524452209473,8.758902549743652e-05,8,3,0.2,nan,nan,nan,0,0.0,nan,nan,nan,1.4041380882263184,inf
llasa1b,wr_blue_t4_k08,word_rep,t4,8,672,8,attention,,2.6107120513916016,0.0017047524452209473,8.758902549743652e-05,8,4,0.26666666666666666,nan,nan,nan,0,0.0,nan,nan,nan,1.7103135585784912,inf
llasa1b,wr_blue_t4_k08,word_rep,t4,8,672,8,attention,,2.6107120513916016,0.0017047524452209473,8.758902549743652e-05,8,5,0.3333333333333333,nan,nan,nan,0,0.0,236.26702155540036,0.9256932786440587,3.6887572562315647,1.9094266891479492,inf
llasa1b,wr_blue_t4_k08,word_rep,t4,8,672,8,attention,,2.6107120513916016,0.0017047524452209473,8.758902549743652e-05,8,6,0.4,nan,nan,nan,0,0.0,nan,nan,nan,2.0492557287216187,inf
llasa1b,wr_blue_t4_k08,word_rep,t4,8,672,8,attention,,2.6107120513916016,0.0017047524452209473,8.758902549743652e-05,8,7,0.4666666666666667,nan,nan,nan,0,0.0,nan,nan,nan,2.1699390411376953,inf
llasa1b,wr_blue_t4_k08,word_rep,t4,8,672,8,attention,,2.6107120513916016,0.0017047524452209473,8.758902549743652e-05,8,8,0.5333333333333333,nan,nan,nan,0,0.0,nan,nan,nan,2.3098803758621216,inf
llasa1b,wr_blue_t4_k08,word_rep,t4,8,672,8,attention,,2.6107120513916016,0.0017047524452209473,8.758902549743652e-05,8,9,0.6,nan,nan,nan,0,0.0,nan,nan,nan,2.5550127029418945,inf
llasa1b,wr_blue_t4_k08,word_rep,t4,8,672,8,attention,,2.6107120513916016,0.0017047524452209473,8.758902549743652e-05,8,10,0.6666666666666666,nan,nan,nan,0,0.0,202.12283149495386,1.0652376254453528,3.197686217930501,3.312368392944336,inf
llasa1b,wr_blue_t4_k08,word_rep,t4,8,672,8,attention,,2.6107120513916016,0.0017047524452209473,8.758902549743652e-05,8,11,0.7333333333333333,nan,nan,nan,0,0.0,nan,nan,nan,4.631035089492798,inf
llasa1b,wr_blue_t4_k08,word_rep,t4,8,672,8,attention,,2.6107120513916016,0.0017047524452209473,8.758902549743652e-05,8,12,0.8,nan,nan,nan,0,0.0,nan,nan,nan,7.191515922546387,inf
llasa1b,wr_blue_t4_k08,word_rep,t4,8,672,8,attention,,2.6107120513916016,0.0017047524452209473,8.758902549743652e-05,8,13,0.8666666666666667,nan,nan,nan,0,0.0,nan,nan,nan,12.059901237487793,inf
llasa1b,wr_blue_t4_k08,word_rep,t4,8,672,8,attention,,2.6107120513916016,0.0017047524452209473,8.758902549743652e-05,8,14,0.9333333333333333,nan,nan,nan,0,0.0,nan,nan,nan,18.040839672088623,inf
llasa1b,wr_blue_t4_k08,word_rep,t4,8,672,8,attention,,2.6107120513916016,0.0017047524452209473,8.758902549743652e-05,8,15,1.0,nan,nan,nan,0,0.0,157.85762297010544,1.2575356647455804,1.6376980905782978,38.12021255493164,inf
llasa1b,wr_blue_t4_k12,word_rep,t4,12,823,12,attention,,2.830357074737549,0.002264738082885742,9.270509084065755e-05,12,0,0.0,nan,nan,nan,0,0.0,139.29876880458116,1.312319373549261,6.1031197015972225,0.684734433889389,inf
llasa1b,wr_blue_t4_k12,word_rep,t4,12,823,12,attention,,2.830357074737549,0.002264738082885742,9.270509084065755e-05,12,1,0.06666666666666667,nan,nan,nan,0,0.0,nan,nan,nan,1.0784475207328796,inf
llasa1b,wr_blue_t4_k12,word_rep,t4,12,823,12,attention,,2.830357074737549,0.002264738082885742,9.270509084065755e-05,12,2,0.13333333333333333,nan,nan,nan,0,0.0,nan,nan,nan,1.1806843876838684,inf
llasa1b,wr_blue_t4_k12,word_rep,t4,12,823,12,attention,,2.830357074737549,0.002264738082885742,9.270509084065755e-05,12,3,0.2,nan,nan,nan,0,0.0,nan,nan,nan,1.4041380882263184,inf
llasa1b,wr_blue_t4_k12,word_rep,t4,12,823,12,attention,,2.830357074737549,0.002264738082885742,9.270509084065755e-05,12,4,0.26666666666666666,nan,nan,nan,0,0.0,nan,nan,nan,1.7103135585784912,inf
llasa1b,wr_blue_t4_k12,word_rep,t4,12,823,12,attention,,2.830357074737549,0.002264738082885742,9.270509084065755e-05,12,5,0.3333333333333333,nan,nan,nan,0,0.0,201.77496511340615,1.0619635371403677,4.246104923240399,1.9094266891479492,inf
llasa1b,wr_blue_t4_k12,word_rep,t4,12,823,12,attention,,2.830357074737549,0.002264738082885742,9.270509084065755e-05,12,6,0.4,nan,nan,nan,0,0.0,nan,nan,nan,2.0492557287216187,inf
llasa1b,wr_blue_t4_k12,word_rep,t4,12,823,12,attention,,2.830357074737549,0.002264738082885742,9.270509084065755e-05,12,7,0.4666666666666667,nan,nan,nan,0,0.0,nan,nan,nan,2.1699390411376953,inf
llasa1b,wr_blue_t4_k12,word_rep,t4,12,823,12,attention,,2.830357074737549,0.002264738082885742,9.270509084065755e-05,12,8,0.5333333333333333,nan,nan,nan,0,0.0,nan,nan,nan,2.3098803758621216,inf
llasa1b,wr_blue_t4_k12,word_rep,t4,12,823,12,attention,,2.830357074737549,0.002264738082885742,9.270509084065755e-05,12,9,0.6,nan,nan,nan,0,0.0,nan,nan,nan,2.5550127029418945,inf
llasa1b,wr_blue_t4_k12,word_rep,t4,12,823,12,attention,,2.830357074737549,0.002264738082885742,9.270509084065755e-05,12,10,0.6666666666666666,nan,nan,nan,0,0.0,184.2497880638115,1.1275481647738943,3.7276034860951897,3.312368392944336,inf
llasa1b,wr_blue_t4_k12,word_rep,t4,12,823,12,attention,,2.830357074737549,0.002264738082885742,9.270509084065755e-05,12,11,0.7333333333333333,nan,nan,nan,0,0.0,nan,nan,nan,4.631035089492798,inf
llasa1b,wr_blue_t4_k12,word_rep,t4,12,823,12,attention,,2.830357074737549,0.002264738082885742,9.270509084065755e-05,12,12,0.8,nan,nan,nan,0,0.0,nan,nan,nan,7.191515922546387,inf
llasa1b,wr_blue_t4_k12,word_rep,t4,12,823,12,attention,,2.830357074737549,0.002264738082885742,9.270509084065755e-05,12,13,0.8666666666666667,nan,nan,nan,0,0.0,nan,nan,nan,12.059901237487793,inf
llasa1b,wr_blue_t4_k12,word_rep,t4,12,823,12,attention,,2.830357074737549,0.002264738082885742,9.270509084065755e-05,12,14,0.9333333333333333,nan,nan,nan,0,0.0,nan,nan,nan,18.040839672088623,inf
llasa1b,wr_blue_t4_k12,word_rep,t4,12,823,12,attention,,2.830357074737549,0.002264738082885742,9.270509084065755e-05,12,15,1.0,nan,nan,nan,0,0.0,141.37075831189333,1.3714740460706571,2.281201704391257,38.12021255493164,inf
llasa1b,wr_blue_t4_k16,word_rep,t4,16,1473,16,attention,,3.0547757148742676,0.0017926692962646484,6.458163261413574e-05,16,0,0.0,3.1234048035796556,0.9643153618179194,0.3413830395492575,5,0.0,199.99903232423333,0.9374262998602619,5.68289775216613,0.684734433889389,41.76602663225748
llasa1b,wr_blue_t4_k16,word_rep,t4,16,1473,16,attention,,3.0547757148742676,0.0017926692962646484,6.458163261413574e-05,16,1,0.06666666666666667,4.263382363429374,0.9632347229049796,0.3647052640566887,5,0.0,nan,nan,nan,1.0784475207328796,36.69535461450316
llasa1b,wr_blue_t4_k16,word_rep,t4,16,1473,16,attention,,3.0547757148742676,0.0017926692962646484,6.458163261413574e-05,16,2,0.13333333333333333,5.125381540625126,0.9783745933789789,0.2127168394309188,5,0.0,nan,nan,nan,1.1806843876838684,67.15150597927176
llasa1b,wr_blue_t4_k16,word_rep,t4,16,1473,16,attention,,3.0547757148742676,0.0017926692962646484,6.458163261413574e-05,16,3,0.2,7.376514480857431,0.9665920497416491,0.4136433149749088,5,0.0,nan,nan,nan,1.4041380882263184,48.82103800204912
llasa1b,wr_blue_t4_k16,word_rep,t4,16,1473,16,attention,,3.0547757148742676,0.0017926692962646484,6.458163261413574e-05,16,4,0.26666666666666666,9.135780479816438,0.9632132471243559,0.4084738085076297,5,0.0,nan,nan,nan,1.7103135585784912,44.703888190736926
llasa1b,wr_blue_t4_k16,word_rep,t4,16,1473,16,attention,,3.0547757148742676,0.0017926692962646484,6.458163261413574e-05,16,5,0.3333333333333333,11.417936421351298,0.9511744179245872,0.5568433698460765,5,0.0,233.76617638545628,0.8893376514129174,3.9379787699577817,1.9094266891479492,35.726329102538315
llasa1b,wr_blue_t4_k16,word_rep,t4,16,1473,16,attention,,3.0547757148742676,0.0017926692962646484,6.458163261413574e-05,16,6,0.4,14.060518437961615,0.9422930870633791,0.636969866550037,5,0.0,nan,nan,nan,2.0492557287216187,32.401229527589926
llasa1b,wr_blue_t4_k16,word_rep,t4,16,1473,16,attention,,3.0547757148742676,0.0017926692962646484,6.458163261413574e-05,16,7,0.4666666666666667,14.238303203123461,0.9462613951943627,0.6083093605969786,5,0.0,nan,nan,nan,2.1699390411376953,34.05789628534243
llasa1b,wr_blue_t4_k16,word_rep,t4,16,1473,16,attention,,3.0547757148742676,0.0017926692962646484,6.458163261413574e-05,16,8,0.5333333333333333,16.006102477848025,0.9440410241927344,0.6884411307431001,5,0.0,nan,nan,nan,2.3098803758621216,33.61556423410308
llasa1b,wr_blue_t4_k16,word_rep,t4,16,1473,16,attention,,3.0547757148742676,0.0017926692962646484,6.458163261413574e-05,16,9,0.6,18.44345566719969,0.9417204640819464,0.7182340683230004,5,0.0,nan,nan,nan,2.5550127029418945,32.91853266431815
llasa1b,wr_blue_t4_k16,word_rep,t4,16,1473,16,attention,,3.0547757148742676,0.0017926692962646484,6.458163261413574e-05,16,10,0.6666666666666666,24.75706088548627,0.9302557592466528,0.7366246914983843,5,0.0,212.38607629703617,1.016608749325532,3.0406038366613877,3.312368392944336,27.822494292184413
llasa1b,wr_blue_t4_k16,word_rep,t4,16,1473,16,attention,,3.0547757148742676,0.0017926692962646484,6.458163261413574e-05,16,11,0.7333333333333333,32.84408009230082,0.9311347548037716,0.7671619741669398,5,0.0,nan,nan,nan,4.631035089492798,27.45558851280292
llasa1b,wr_blue_t4_k16,word_rep,t4,16,1473,16,attention,,3.0547757148742676,0.0017926692962646484,6.458163261413574e-05,16,12,0.8,42.37603053478623,0.930856321376994,0.7633393129753013,5,0.0,nan,nan,nan,7.191515922546387,24.75467496048877
llasa1b,wr_blue_t4_k16,word_rep,t4,16,1473,16,attention,,3.0547757148742676,0.0017926692962646484,6.458163261413574e-05,16,13,0.8666666666666667,54.84068343197677,0.9332997095907496,0.7679319830953365,5,0.0,nan,nan,nan,12.059901237487793,21.94075768444981
llasa1b,wr_blue_t4_k16,word_rep,t4,16,1473,16,attention,,3.0547757148742676,0.0017926692962646484,6.458163261413574e-05,16,14,0.9333333333333333,68.46016567658357,0.9417244094907263,0.7811562850542492,5,0.0,nan,nan,nan,18.040839672088623,22.21112773734058
llasa1b,wr_blue_t4_k16,word_rep,t4,16,1473,16,attention,,3.0547757148742676,0.0017926692962646484,6.458163261413574e-05,16,15,1.0,202.33003318301937,0.9298583567635348,0.908930080246616,5,0.0,195.29154469827859,1.1624426889674735,1.6545997021163366,38.12021255493164,22.952234241560355
llasa1b,wr_blue_t4_k24,word_rep,t4,24,2048,24,attention,,3.3150601387023926,0.0016809403896331787,4.536410172780355e-05,24,0,0.0,0.4392365299111532,0.93450167398086,0.09864763069673221,23,0.21063350141048431,151.12862171794077,1.268653125693008,6.007731097316064,0.684734433889389,0.0
llasa1b,wr_blue_t4_k24,word_rep,t4,24,2048,24,attention,,3.3150601387023926,0.0016809403896331787,4.536410172780355e-05,24,1,0.06666666666666667,0.6963429787564022,0.954979365898825,0.0779172032646348,23,0.46375206112861633,nan,nan,nan,1.0784475207328796,0.0
llasa1b,wr_blue_t4_k24,word_rep,t4,24,2048,24,attention,,3.3150601387023926,0.0016809403896331787,4.536410172780355e-05,24,2,0.13333333333333333,0.8369925737911326,0.9520119791359769,0.0821723215458785,23,0.493458092212677,nan,nan,nan,1.1806843876838684,0.0
llasa1b,wr_blue_t4_k24,word_rep,t4,24,2048,24,attention,,3.3150601387023926,0.0016809403896331787,4.536410172780355e-05,24,3,0.2,1.082275266442274,0.9516868795253861,0.07957424615491793,23,0.5862693786621094,nan,nan,nan,1.4041380882263184,0.0
llasa1b,wr_blue_t4_k24,word_rep,t4,24,2048,24,attention,,3.3150601387023926,0.0016809403896331787,4.536410172780355e-05,24,4,0.26666666666666666,1.2988479575020184,0.9576492216119937,0.06267222031544828,23,0.8439514636993408,nan,nan,nan,1.7103135585784912,0.0
llasa1b,wr_blue_t4_k24,word_rep,t4,24,2048,24,attention,,3.3150601387023926,0.0016809403896331787,4.536410172780355e-05,24,5,0.3333333333333333,1.4808661788363742,0.95526601446747,0.06618530494395003,23,0.8917881846427917,188.4912635769372,1.06537910635393,4.238110183537396,1.9094266891479492,0.0
llasa1b,wr_blue_t4_k24,word_rep,t4,24,2048,24,attention,,3.3150601387023926,0.0016809403896331787,4.536410172780355e-05,24,6,0.4,1.8253174217978976,0.9595163606266496,0.05852002049119753,23,1.155250072479248,nan,nan,nan,2.0492557287216187,0.0
llasa1b,wr_blue_t4_k24,word_rep,t4,24,2048,24,attention,,3.3150601387023926,0.0016809403896331787,4.536410172780355e-05,24,7,0.4666666666666667,1.8643820729585212,0.9567780497016383,0.0626513967873833,23,1.0948638916015625,nan,nan,nan,2.1699390411376953,0.0
llasa1b,wr_blue_t4_k24,word_rep,t4,24,2048,24,attention,,3.3150601387023926,0.0016809403896331787,4.536410172780355e-05,24,8,0.5333333333333333,1.9755153842397082,0.9588540611178195,0.05710153571286469,23,1.0896551609039307,nan,nan,nan,2.3098803758621216,0.0
llasa1b,wr_blue_t4_k24,word_rep,t4,24,2048,24,attention,,3.3150601387023926,0.0016809403896331787,4.536410172780355e-05,24,9,0.6,2.3939162143767616,0.957451138305801,0.06445158936336604,23,1.3863590955734253,nan,nan,nan,2.5550127029418945,0.0
llasa1b,wr_blue_t4_k24,word_rep,t4,24,2048,24,attention,,3.3150601387023926,0.0016809403896331787,4.536410172780355e-05,24,10,0.6666666666666666,2.689279951220192,0.9563708491007803,0.06510227178305372,23,1.47580885887146,162.62662282395195,1.1554405800022083,3.6917262521040373,3.312368392944336,0.0
llasa1b,wr_blue_t4_k24,word_rep,t4,24,2048,24,attention,,3.3150601387023926,0.0016809403896331787,4.536410172780355e-05,24,11,0.7333333333333333,3.7107001517258587,0.9583469724754831,0.06407643284746045,23,2.185717821121216,nan,nan,nan,4.631035089492798,0.0
llasa1b,wr_blue_t4_k24,word_rep,t4,24,2048,24,attention,,3.3150601387023926,0.0016809403896331787,4.536410172780355e-05,24,12,0.8,4.887948675912307,0.958361309098359,0.06395486842595122,23,3.2246885299682617,nan,nan,nan,7.191515922546387,0.0
llasa1b,wr_blue_t4_k24,word_rep,t4,24,2048,24,attention,,3.3150601387023926,0.0016809403896331787,4.536410172780355e-05,24,13,0.8666666666666667,6.706174584762804,0.9568221446855851,0.07133887620358648,23,3.557065010070801,nan,nan,nan,12.059901237487793,0.0
llasa1b,wr_blue_t4_k24,word_rep,t4,24,2048,24,attention,,3.3150601387023926,0.0016809403896331787,4.536410172780355e-05,24,14,0.9333333333333333,8.593428699368092,0.9538435278335307,0.07663118297704286,23,3.8892886638641357,nan,nan,nan,18.040839672088623,0.0
llasa1b,wr_blue_t4_k24,word_rep,t4,24,2048,24,attention,,3.3150601387023926,0.0016809403896331787,4.536410172780355e-05,24,15,1.0,22.76711795002846,0.9505813299277733,0.07906357172504719,23,8.337504386901855,146.26281016459174,1.4015136189318151,2.2823709724623646,38.12021255493164,0.0
llasa1b,wr_blue_t4_k32,word_rep,t4,32,2048,32,attention,,3.5300815105438232,0.0019874274730682373,4.045851528644562e-05,32,0,0.0,nan,nan,nan,0,0.0,176.39958364863807,1.0501432298651092,4.966249857831923,0.684734433889389,inf
llasa1b,wr_blue_t4_k32,word_rep,t4,32,2048,32,attention,,3.5300815105438232,0.0019874274730682373,4.045851528644562e-05,32,1,0.06666666666666667,nan,nan,nan,0,0.0,nan,nan,nan,1.0784475207328796,inf
llasa1b,wr_blue_t4_k32,word_rep,t4,32,2048,32,attention,,3.5300815105438232,0.0019874274730682373,4.045851528644562e-05,32,2,0.13333333333333333,nan,nan,nan,0,0.0,nan,nan,nan,1.1806843876838684,inf
llasa1b,wr_blue_t4_k32,word_rep,t4,32,2048,32,attention,,3.5300815105438232,0.0019874274730682373,4.045851528644562e-05,32,3,0.2,nan,nan,nan,0,0.0,nan,nan,nan,1.4041380882263184,inf
llasa1b,wr_blue_t4_k32,word_rep,t4,32,2048,32,attention,,3.5300815105438232,0.0019874274730682373,4.045851528644562e-05,32,4,0.26666666666666666,nan,nan,nan,0,0.0,nan,nan,nan,1.7103135585784912,inf
llasa1b,wr_blue_t4_k32,word_rep,t4,32,2048,32,attention,,3.5300815105438232,0.0019874274730682373,4.045851528644562e-05,32,5,0.3333333333333333,nan,nan,nan,0,0.0,239.63072770040216,0.9055187990313117,3.330713656082956,1.9094266891479492,inf
llasa1b,wr_blue_t4_k32,word_rep,t4,32,2048,32,attention,,3.5300815105438232,0.0019874274730682373,4.045851528644562e-05,32,6,0.4,nan,nan,nan,0,0.0,nan,nan,nan,2.0492557287216187,inf
llasa1b,wr_blue_t4_k32,word_rep,t4,32,2048,32,attention,,3.5300815105438232,0.0019874274730682373,4.045851528644562e-05,32,7,0.4666666666666667,nan,nan,nan,0,0.0,nan,nan,nan,2.1699390411376953,inf
llasa1b,wr_blue_t4_k32,word_rep,t4,32,2048,32,attention,,3.5300815105438232,0.0019874274730682373,4.045851528644562e-05,32,8,0.5333333333333333,nan,nan,nan,0,0.0,nan,nan,nan,2.3098803758621216,inf
llasa1b,wr_blue_t4_k32,word_rep,t4,32,2048,32,attention,,3.5300815105438232,0.0019874274730682373,4.045851528644562e-05,32,9,0.6,nan,nan,nan,0,0.0,nan,nan,nan,2.5550127029418945,inf
llasa1b,wr_blue_t4_k32,word_rep,t4,32,2048,32,attention,,3.5300815105438232,0.0019874274730682373,4.045851528644562e-05,32,10,0.6666666666666666,nan,nan,nan,0,0.0,206.11258370089757,1.0428810527948886,3.075180487556878,3.312368392944336,inf
llasa1b,wr_blue_t4_k32,word_rep,t4,32,2048,32,attention,,3.5300815105438232,0.0019874274730682373,4.045851528644562e-05,32,11,0.7333333333333333,nan,nan,nan,0,0.0,nan,nan,nan,4.631035089492798,inf
llasa1b,wr_blue_t4_k32,word_rep,t4,32,2048,32,attention,,3.5300815105438232,0.0019874274730682373,4.045851528644562e-05,32,12,0.8,nan,nan,nan,0,0.0,nan,nan,nan,7.191515922546387,inf
llasa1b,wr_blue_t4_k32,word_rep,t4,32,2048,32,attention,,3.5300815105438232,0.0019874274730682373,4.045851528644562e-05,32,13,0.8666666666666667,nan,nan,nan,0,0.0,nan,nan,nan,12.059901237487793,inf
llasa1b,wr_blue_t4_k32,word_rep,t4,32,2048,32,attention,,3.5300815105438232,0.0019874274730682373,4.045851528644562e-05,32,14,0.9333333333333333,nan,nan,nan,0,0.0,nan,nan,nan,18.040839672088623,inf
llasa1b,wr_blue_t4_k32,word_rep,t4,32,2048,32,attention,,3.5300815105438232,0.0019874274730682373,4.045851528644562e-05,32,15,1.0,nan,nan,nan,0,0.0,164.96527396827054,1.2702010606129344,1.5880071478044548,38.12021255493164,inf
llasa1b,wr_far_t3_k03,word_rep,t3,3,267,3,attention,,2.349909543991089,0.0027008056640625,0.000148773193359375,3,0,0.0,nan,nan,nan,0,0.0,135.59783105946374,0.8967374771158753,3.5763638428851987,0.684734433889389,inf
llasa1b,wr_far_t3_k03,word_rep,t3,3,267,3,attention,,2.349909543991089,0.0027008056640625,0.000148773193359375,3,1,0.06666666666666667,nan,nan,nan,0,0.0,nan,nan,nan,1.0784475207328796,inf
llasa1b,wr_far_t3_k03,word_rep,t3,3,267,3,attention,,2.349909543991089,0.0027008056640625,0.000148773193359375,3,2,0.13333333333333333,nan,nan,nan,0,0.0,nan,nan,nan,1.1806843876838684,inf
llasa1b,wr_far_t3_k03,word_rep,t3,3,267,3,attention,,2.349909543991089,0.0027008056640625,0.000148773193359375,3,3,0.2,nan,nan,nan,0,0.0,nan,nan,nan,1.4041380882263184,inf
llasa1b,wr_far_t3_k03,word_rep,t3,3,267,3,attention,,2.349909543991089,0.0027008056640625,0.000148773193359375,3,4,0.26666666666666666,nan,nan,nan,0,0.0,nan,nan,nan,1.7103135585784912,inf
llasa1b,wr_far_t3_k03,word_rep,t3,3,267,3,attention,,2.349909543991089,0.0027008056640625,0.000148773193359375,3,5,0.3333333333333333,nan,nan,nan,0,0.0,173.01177496968631,0.746487544591162,2.1578570092279827,1.9094266891479492,inf
llasa1b,wr_far_t3_k03,word_rep,t3,3,267,3,attention,,2.349909543991089,0.0027008056640625,0.000148773193359375,3,6,0.4,nan,nan,nan,0,0.0,nan,nan,nan,2.0492557287216187,inf
llasa1b,wr_far_t3_k03,word_rep,t3,3,267,3,attention,,2.349909543991089,0.0027008056640625,0.000148773193359375,3,7,0.4666666666666667,nan,nan,nan,0,0.0,nan,nan,nan,2.1699390411376953,inf
llasa1b,wr_far_t3_k03,word_rep,t3,3,267,3,attention,,2.349909543991089,0.0027008056640625,0.000148773193359375,3,8,0.5333333333333333,nan,nan,nan,0,0.0,nan,nan,nan,2.3098803758621216,inf
llasa1b,wr_far_t3_k03,word_rep,t3,3,267,3,attention,,2.349909543991089,0.0027008056640625,0.000148773193359375,3,9,0.6,nan,nan,nan,0,0.0,nan,nan,nan,2.5550127029418945,inf
llasa1b,wr_far_t3_k03,word_rep,t3,3,267,3,attention,,2.349909543991089,0.0027008056640625,0.000148773193359375,3,10,0.6666666666666666,nan,nan,nan,0,0.0,151.37394311110617,0.8872424975357514,1.8881292934394427,3.312368392944336,inf
llasa1b,wr_far_t3_k03,word_rep,t3,3,267,3,attention,,2.349909543991089,0.0027008056640625,0.000148773193359375,3,11,0.7333333333333333,nan,nan,nan,0,0.0,nan,nan,nan,4.631035089492798,inf
llasa1b,wr_far_t3_k03,word_rep,t3,3,267,3,attention,,2.349909543991089,0.0027008056640625,0.000148773193359375,3,12,0.8,nan,nan,nan,0,0.0,nan,nan,nan,7.191515922546387,inf
llasa1b,wr_far_t3_k03,word_rep,t3,3,267,3,attention,,2.349909543991089,0.0027008056640625,0.000148773193359375,3,13,0.8666666666666667,nan,nan,nan,0,0.0,nan,nan,nan,12.059901237487793,inf
llasa1b,wr_far_t3_k03,word_rep,t3,3,267,3,attention,,2.349909543991089,0.0027008056640625,0.000148773193359375,3,14,0.9333333333333333,nan,nan,nan,0,0.0,nan,nan,nan,18.040839672088623,inf
llasa1b,wr_far_t3_k03,word_rep,t3,3,267,3,attention,,2.349909543991089,0.0027008056640625,0.000148773193359375,3,15,1.0,nan,nan,nan,0,0.0,129.65682748483695,1.020902475342961,0.17305796116819908,38.12021255493164,inf
llasa1b,wr_far_t3_k04,word_rep,t3,4,351,4,attention,,2.4305574893951416,0.002292156219482422,0.00012350082397460938,4,0,0.0,nan,nan,nan,0,0.0,171.9380695885662,0.8707449908592176,3.700171137436115,0.684734433889389,inf
llasa1b,wr_far_t3_k04,word_rep,t3,4,351,4,attention,,2.4305574893951416,0.002292156219482422,0.00012350082397460938,4,1,0.06666666666666667,nan,nan,nan,0,0.0,nan,nan,nan,1.0784475207328796,inf
llasa1b,wr_far_t3_k04,word_rep,t3,4,351,4,attention,,2.4305574893951416,0.002292156219482422,0.00012350082397460938,4,2,0.13333333333333333,nan,nan,nan,0,0.0,nan,nan,nan,1.1806843876838684,inf
llasa1b,wr_far_t3_k04,word_rep,t3,4,351,4,attention,,2.4305574893951416,0.002292156219482422,0.00012350082397460938,4,3,0.2,nan,nan,nan,0,0.0,nan,nan,nan,1.4041380882263184,inf
llasa1b,wr_far_t3_k04,word_rep,t3,4,351,4,attention,,2.4305574893951416,0.002292156219482422,0.00012350082397460938,4,4,0.26666666666666666,nan,nan,nan,0,0.0,nan,nan,nan,1.7103135585784912,inf
llasa1b,wr_far_t3_k04,word_rep,t3,4,351,4,attention,,2.4305574893951416,0.002292156219482422,0.00012350082397460938,4,5,0.3333333333333333,nan,nan,nan,0,0.0,213.46798956398337,0.7712058503651132,2.369766774587049,1.9094266891479492,inf
llasa1b,wr_far_t3_k04,word_rep,t3,4,351,4,attention,,2.4305574893951416,0.002292156219482422,0.00012350082397460938,4,6,0.4,nan,nan,nan,0,0.0,nan,nan,nan,2.0492557287216187,inf
llasa1b,wr_far_t3_k04,word_rep,t3,4,351,4,attention,,2.4305574893951416,0.002292156219482422,0.00012350082397460938,4,7,0.4666666666666667,nan,nan,nan,0,0.0,nan,nan,nan,2.1699390411376953,inf
llasa1b,wr_far_t3_k04,word_rep,t3,4,351,4,attention,,2.4305574893951416,0.002292156219482422,0.00012350082397460938,4,8,0.5333333333333333,nan,nan,nan,0,0.0,nan,nan,nan,2.3098803758621216,inf
llasa1b,wr_far_t3_k04,word_rep,t3,4,351,4,attention,,2.4305574893951416,0.002292156219482422,0.00012350082397460938,4,9,0.6,nan,nan,nan,0,0.0,nan,nan,nan,2.5550127029418945,inf
llasa1b,wr_far_t3_k04,word_rep,t3,4,351,4,attention,,2.4305574893951416,0.002292156219482422,0.00012350082397460938,4,10,0.6666666666666666,nan,nan,nan,0,0.0,178.17829569894732,0.9433583984473873,2.1898037522836296,3.312368392944336,inf
llasa1b,wr_far_t3_k04,word_rep,t3,4,351,4,attention,,2.4305574893951416,0.002292156219482422,0.00012350082397460938,4,11,0.7333333333333333,nan,nan,nan,0,0.0,nan,nan,nan,4.631035089492798,inf
llasa1b,wr_far_t3_k04,word_rep,t3,4,351,4,attention,,2.4305574893951416,0.002292156219482422,0.00012350082397460938,4,12,0.8,nan,nan,nan,0,0.0,nan,nan,nan,7.191515922546387,inf
llasa1b,wr_far_t3_k04,word_rep,t3,4,351,4,attention,,2.4305574893951416,0.002292156219482422,0.00012350082397460938,4,13,0.8666666666666667,nan,nan,nan,0,0.0,nan,nan,nan,12.059901237487793,inf
llasa1b,wr_far_t3_k04,word_rep,t3,4,351,4,attention,,2.4305574893951416,0.002292156219482422,0.00012350082397460938,4,14,0.9333333333333333,nan,nan,nan,0,0.0,nan,nan,nan,18.040839672088623,inf
llasa1b,wr_far_t3_k04,word_rep,t3,4,351,4,attention,,2.4305574893951416,0.002292156219482422,0.00012350082397460938,4,15,1.0,nan,nan,nan,0,0.0,155.03899641651984,1.0790208634711227,0.4161453882867283,38.12021255493164,inf
llasa1b,wr_far_t3_k06,word_rep,t3,6,389,6,attention,,2.5664327144622803,0.0031147003173828125,0.00014448165893554688,6,0,0.0,nan,nan,nan,2,0.0,181.9217635803391,0.8878930136369402,3.815513549890837,0.684734433889389,inf
llasa1b,wr_far_t3_k06,word_rep,t3,6,389,6,attention,,2.5664327144622803,0.0031147003173828125,0.00014448165893554688,6,1,0.06666666666666667,nan,nan,nan,2,0.0,nan,nan,nan,1.0784475207328796,inf
llasa1b,wr_far_t3_k06,word_rep,t3,6,389,6,attention,,2.5664327144622803,0.0031147003173828125,0.00014448165893554688,6,2,0.13333333333333333,nan,nan,nan,2,0.0,nan,nan,nan,1.1806843876838684,inf
llasa1b,wr_far_t3_k06,word_rep,t3,6,389,6,attention,,2.5664327144622803,0.0031147003173828125,0.00014448165893554688,6,3,0.2,nan,nan,nan,2,0.0,nan,nan,nan,1.4041380882263184,inf
llasa1b,wr_far_t3_k06,word_rep,t3,6,389,6,attention,,2.5664327144622803,0.0031147003173828125,0.00014448165893554688,6,4,0.26666666666666666,nan,nan,nan,2,0.0,nan,nan,nan,1.7103135585784912,inf
llasa1b,wr_far_t3_k06,word_rep,t3,6,389,6,attention,,2.5664327144622803,0.0031147003173828125,0.00014448165893554688,6,5,0.3333333333333333,nan,nan,nan,2,0.0,228.10683890847665,0.7979983456935048,2.5518517379356034,1.9094266891479492,inf
llasa1b,wr_far_t3_k06,word_rep,t3,6,389,6,attention,,2.5664327144622803,0.0031147003173828125,0.00014448165893554688,6,6,0.4,nan,nan,nan,2,0.0,nan,nan,nan,2.0492557287216187,inf
llasa1b,wr_far_t3_k06,word_rep,t3,6,389,6,attention,,2.5664327144622803,0.0031147003173828125,0.00014448165893554688,6,7,0.4666666666666667,nan,nan,nan,2,0.0,nan,nan,nan,2.1699390411376953,inf
llasa1b,wr_far_t3_k06,word_rep,t3,6,389,6,attention,,2.5664327144622803,0.0031147003173828125,0.00014448165893554688,6,8,0.5333333333333333,nan,nan,nan,2,0.0,nan,nan,nan,2.3098803758621216,inf
llasa1b,wr_far_t3_k06,word_rep,t3,6,389,6,attention,,2.5664327144622803,0.0031147003173828125,0.00014448165893554688,6,9,0.6,nan,nan,nan,2,0.0,nan,nan,nan,2.5550127029418945,inf
llasa1b,wr_far_t3_k06,word_rep,t3,6,389,6,attention,,2.5664327144622803,0.0031147003173828125,0.00014448165893554688,6,10,0.6666666666666666,nan,nan,nan,2,0.0,191.68042580550085,0.9778146139365579,2.441787301575442,3.312368392944336,inf
llasa1b,wr_far_t3_k06,word_rep,t3,6,389,6,attention,,2.5664327144622803,0.0031147003173828125,0.00014448165893554688,6,11,0.7333333333333333,nan,nan,nan,2,0.0,nan,nan,nan,4.631035089492798,inf
llasa1b,wr_far_t3_k06,word_rep,t3,6,389,6,attention,,2.5664327144622803,0.0031147003173828125,0.00014448165893554688,6,12,0.8,nan,nan,nan,2,0.0,nan,nan,nan,7.191515922546387,inf
llasa1b,wr_far_t3_k06,word_rep,t3,6,389,6,attention,,2.5664327144622803,0.0031147003173828125,0.00014448165893554688,6,13,0.8666666666666667,nan,nan,nan,2,0.0,nan,nan,nan,12.059901237487793,inf
llasa1b,wr_far_t3_k06,word_rep,t3,6,389,6,attention,,2.5664327144622803,0.0031147003173828125,0.00014448165893554688,6,14,0.9333333333333333,nan,nan,nan,2,0.0,nan,nan,nan,18.040839672088623,inf
llasa1b,wr_far_t3_k06,word_rep,t3,6,389,6,attention,,2.5664327144622803,0.0031147003173828125,0.00014448165893554688,6,15,1.0,nan,nan,nan,2,0.0,159.5578585512936,1.113018674834087,0.6703632933348838,38.12021255493164,inf
llasa1b,wr_far_t3_k08,word_rep,t3,8,385,8,attention,,2.694549083709717,0.004780292510986328,0.00023311376571655273,8,0,0.0,3.236541295727457,0.9537465702135169,0.5754946103129921,4,2.2176353931427,195.67502530124406,0.8300898825878225,3.5446654268124576,0.684734433889389,32.79810521395787
llasa1b,wr_far_t3_k08,word_rep,t3,8,385,8,attention,,2.694549083709717,0.004780292510986328,0.00023311376571655273,8,1,0.06666666666666667,4.195844648042177,0.9472575597617332,0.4810805620148422,4,2.611736297607422,nan,nan,nan,1.0784475207328796,25.07319342336074
llasa1b,wr_far_t3_k08,word_rep,t3,8,385,8,attention,,2.694549083709717,0.004780292510986328,0.00023311376571655273,8,2,0.13333333333333333,5.143800218093106,0.9344839398308157,0.4873603399322516,4,2.822380542755127,nan,nan,nan,1.1806843876838684,21.719003634038604
llasa1b,wr_far_t3_k08,word_rep,t3,8,385,8,attention,,2.694549083709717,0.004780292510986328,0.00023311376571655273,8,3,0.2,6.384872023837726,0.917833552290444,0.5772549551951791,4,3.169057607650757,nan,nan,nan,1.4041380882263184,17.664118998922316
llasa1b,wr_far_t3_k08,word_rep,t3,8,385,8,attention,,2.694549083709717,0.004780292510986328,0.00023311376571655273,8,4,0.26666666666666666,7.8648368964109965,0.9059864698961247,0.6594095288069088,4,3.539238929748535,nan,nan,nan,1.7103135585784912,15.453368396835915
llasa1b,wr_far_t3_k08,word_rep,t3,8,385,8,attention,,2.694549083709717,0.004780292510986328,0.00023311376571655273,8,5,0.3333333333333333,8.665574834253494,0.9053214188664638,0.6047700012144739,4,3.7558679580688477,223.66641492656152,0.7987736299932586,2.533777856250817,1.9094266891479492,15.206872633269239
llasa1b,wr_far_t3_k08,word_rep,t3,8,385,8,attention,,2.694549083709717,0.004780292510986328,0.00023311376571655273,8,6,0.4,9.399301066521357,0.8988528005723757,0.603178821184521,4,3.842442750930786,nan,nan,nan,2.0492557287216187,14.283719743567044
llasa1b,wr_far_t3_k08,word_rep,t3,8,385,8,attention,,2.694549083709717,0.004780292510986328,0.00023311376571655273,8,7,0.4666666666666667,11.236399867186787,0.8861391545663192,0.582460949061036,4,4.002960681915283,nan,nan,nan,2.1699390411376953,13.603921156040078
llasa1b,wr_far_t3_k08,word_rep,t3,8,385,8,attention,,2.694549083709717,0.004780292510986328,0.00023311376571655273,8,8,0.5333333333333333,13.63213780679293,0.8750412891275963,0.5820361701318632,4,4.3443098068237305,nan,nan,nan,2.3098803758621216,13.299208889755052
llasa1b,wr_far_t3_k08,word_rep,t3,8,385,8,attention,,2.694549083709717,0.004780292510986328,0.00023311376571655273,8,9,0.6,15.549609758521331,0.8738562925270654,0.5609278517992293,4,4.825723171234131,nan,nan,nan,2.5550127029418945,13.393556523492684
llasa1b,wr_far_t3_k08,word_rep,t3,8,385,8,attention,,2.694549083709717,0.004780292510986328,0.00023311376571655273,8,10,0.6666666666666666,18.30180728546118,0.8781443180215344,0.5800796815471256,4,5.994073390960693,192.42519745551184,0.9682935002775185,2.3707981469804347,3.312368392944336,13.15437453961132
llasa1b,wr_far_t3_k08,word_rep,t3,8,385,8,attention,,2.694549083709717,0.004780292510986328,0.00023311376571655273,8,11,0.7333333333333333,25.83525421802672,0.8794969825679402,0.5864005648570509,4,8.603082656860352,nan,nan,nan,4.631035089492798,13.386999316601404
llasa1b,wr_far_t3_k08,word_rep,t3,8,385,8,attention,,2.694549083709717,0.004780292510986328,0.00023311376571655273,8,12,0.8,36.42055497717342,0.9023688722097433,0.46869173696958666,4,14.05633544921875,nan,nan,nan,7.191515922546387,15.790922112667214
llasa1b,wr_far_t3_k08,word_rep,t3,8,385,8,attention,,2.694549083709717,0.004780292510986328,0.00023311376571655273,8,13,0.8666666666666667,53.0399281475305,0.9325911250341127,0.34220190205322965,4,25.896215438842773,nan,nan,nan,12.059901237487793,21.223566599258803
llasa1b,wr_far_t3_k08,word_rep,t3,8,385,8,attention,,2.694549083709717,0.004780292510986328,0.00023311376571655273,8,14,0.9333333333333333,77.3909570965725,0.9797155289939491,0.055506274305962,4,52.76480484008789,nan,nan,nan,18.040839672088623,71.05987580088642
llasa1b,wr_far_t3_k08,word_rep,t3,8,385,8,attention,,2.694549083709717,0.004780292510986328,0.00023311376571655273,8,15,1.0,194.54797876839942,0.9599483247657086,0.342583223780938,4,130.6875,176.95072497936437,1.0717487699830042,0.40550796380023885,38.12021255493164,39.875260787793266
llasa1b,wr_far_t3_k12,word_rep,t3,12,888,12,attention,,2.9135615825653076,0.002389252185821533,9.42846139272054e-05,12,0,0.0,3.0449723670549718,0.9711857288521061,0.6299232748483978,5,0.0,218.14510248514506,0.9020542380697213,4.5045643887227484,0.684734433889389,51.03765090311102
llasa1b,wr_far_t3_k12,word_rep,t3,12,888,12,attention,,2.9135615825653076,0.002389252185821533,9.42846139272054e-05,12,1,0.06666666666666667,4.010371540271655,0.9751663142483,0.5488061522617539,5,0.0,nan,nan,nan,1.0784475207328796,52.2268513383511
llasa1b,wr_far_t3_k12,word_rep,t3,12,888,12,attention,,2.9135615825653076,0.002389252185821533,9.42846139272054e-05,12,2,0.13333333333333333,4.752512110819953,0.9734675923478485,0.5464370192133776,5,0.0,nan,nan,nan,1.1806843876838684,51.786557297947915
llasa1b,wr_far_t3_k12,word_rep,t3,12,888,12,attention,,2.9135615825653076,0.002389252185821533,9.42846139272054e-05,12,3,0.2,5.773570342165079,0.9618844532314997,0.6560563681824672,5,0.0,nan,nan,nan,1.4041380882263184,36.382721948468344
llasa1b,wr_far_t3_k12,word_rep,t3,12,888,12,attention,,2.9135615825653076,0.002389252185821533,9.42846139272054e-05,12,4,0.26666666666666666,7.31637353857415,0.9343835682574411,0.9530198858675745,5,0.0,nan,nan,nan,1.7103135585784912,21.415581132765904
llasa1b,wr_far_t3_k12,word_rep,t3,12,888,12,attention,,2.9135615825653076,0.002389252185821533,9.42846139272054e-05,12,5,0.3333333333333333,8.169882108956038,0.9265378269313123,0.9552785990938771,5,0.0,267.04413768443584,0.8324200939582544,2.9157949635553293,1.9094266891479492,19.051686811713402
llasa1b,wr_far_t3_k12,word_rep,t3,12,888,12,attention,,2.9135615825653076,0.002389252185821533,9.42846139272054e-05,12,6,0.4,8.861204491037007,0.9199402675297764,0.9394908408866496,5,0.0,nan,nan,nan,2.0492557287216187,17.546636154138866
llasa1b,wr_far_t3_k12,word_rep,t3,12,888,12,attention,,2.9135615825653076,0.002389252185821533,9.42846139272054e-05,12,7,0.4666666666666667,10.00511000193986,0.9119800639342558,0.8930007460260572,5,0.0,nan,nan,nan,2.1699390411376953,16.588280687372976
llasa1b,wr_far_t3_k12,word_rep,t3,12,888,12,attention,,2.9135615825653076,0.002389252185821533,9.42846139272054e-05,12,8,0.5333333333333333,11.484881790884074,0.9017726167471063,0.8892035667678448,5,0.0,nan,nan,nan,2.3098803758621216,15.512052938810998
llasa1b,wr_far_t3_k12,word_rep,t3,12,888,12,attention,,2.9135615825653076,0.002389252185821533,9.42846139272054e-05,12,9,0.6,13.486475140594328,0.8901029701692895,0.8942155786079928,5,0.0,nan,nan,nan,2.5550127029418945,14.290129911093393
llasa1b,wr_far_t3_k12,word_rep,t3,12,888,12,attention,,2.9135615825653076,0.002389252185821533,9.42846139272054e-05,12,10,0.6666666666666666,16.424432345424187,0.8891712652186928,0.9091291741324631,5,0.0,230.3417066000321,0.9848360996604222,2.7215565305642357,3.312368392944336,13.63045092195117
llasa1b,wr_far_t3_k12,word_rep,t3,12,888,12,attention,,2.9135615825653076,0.002389252185821533,9.42846139272054e-05,12,11,0.7333333333333333,23.598372915119903,0.8907361552364693,0.933055915297341,5,0.0,nan,nan,nan,4.631035089492798,14.073453770969667
llasa1b,wr_far_t3_k12,word_rep,t3,12,888,12,attention,,2.9135615825653076,0.002389252185821533,9.42846139272054e-05,12,12,0.8,33.67058908516672,0.922657804870416,0.9194800198981031,5,0.0,nan,nan,nan,7.191515922546387,19.177429130745036
llasa1b,wr_far_t3_k12,word_rep,t3,12,888,12,attention,,2.9135615825653076,0.002389252185821533,9.42846139272054e-05,12,13,0.8666666666666667,47.47539093990992,0.9576066391558908,0.8276037604178403,5,0.0,nan,nan,nan,12.059901237487793,31.63394955698655
llasa1b,wr_far_t3_k12,word_rep,t3,12,888,12,attention,,2.9135615825653076,0.002389252185821533,9.42846139272054e-05,12,14,0.9333333333333333,67.86647516314682,0.9832744905853509,0.5089440513455681,5,0.0,nan,nan,nan,18.040839672088623,78.55026043730182
llasa1b,wr_far_t3_k12,word_rep,t3,12,888,12,attention,,2.9135615825653076,0.002389252185821533,9.42846139272054e-05,12,15,1.0,183.20976773186263,0.9682752750446295,0.8128610435334445,5,0.0,197.0133200965665,1.143680799088495,1.1257495279430765,38.12021255493164,48.695495290458815
llasa1b,wr_far_t3_k16,word_rep,t3,16,1116,16,attention,,3.119265556335449,0.002370595932006836,8.240342140197754e-05,16,0,0.0,2.2184129853891563,0.9891519974776181,0.01959139468586446,7,0.0,200.4648385859548,0.9395806517270017,4.482432775958195,0.684734433889389,107.77363643752005
llasa1b,wr_far_t3_k16,word_rep,t3,16,1116,16,attention,,3.119265556335449,0.002370595932006836,8.240342140197754e-05,16,1,0.06666666666666667,2.884932961852301,0.9924696196462608,0.008562198154186351,7,0.0,nan,nan,nan,1.0784475207328796,130.1753104977696
llasa1b,wr_far_t3_k16,word_rep,t3,16,1116,16,attention,,3.119265556335449,0.002370595932006836,8.240342140197754e-05,16,2,0.13333333333333333,3.398078134779883,0.9935647852130445,0.0057315757982489,7,0.0,nan,nan,nan,1.1806843876838684,163.74134336357454
llasa1b,wr_far_t3_k16,word_rep,t3,16,1116,16,attention,,3.119265556335449,0.002370595932006836,8.240342140197754e-05,16,3,0.2,4.201807634872083,0.9904685268294939,0.014023654285770015,7,0.0,nan,nan,nan,1.4041380882263184,114.44811609264372
llasa1b,wr_far_t3_k16,word_rep,t3,16,1116,16,attention,,3.119265556335449,0.002370595932006836,8.240342140197754e-05,16,4,0.26666666666666666,5.102310128902796,0.9798743455439789,0.04651756130568041,7,0.0,nan,nan,nan,1.7103135585784912,53.76126165119583
llasa1b,wr_far_t3_k16,word_rep,t3,16,1116,16,attention,,3.119265556335449,0.002370595932006836,8.240342140197754e-05,16,5,0.3333333333333333,5.762389646132156,0.9770702864835364,0.05787478238704369,7,0.0,251.73596804052767,0.8629979700350914,3.0715971906808566,1.9094266891479492,47.61667720047224
llasa1b,wr_far_t3_k16,word_rep,t3,16,1116,16,attention,,3.119265556335449,0.002370595932006836,8.240342140197754e-05,16,6,0.4,6.29167593033285,0.9740367882495988,0.07255554238610551,7,0.0,nan,nan,nan,2.0492557287216187,42.64206021638627
llasa1b,wr_far_t3_k16,word_rep,t3,16,1116,16,attention,,3.119265556335449,0.002370595932006836,8.240342140197754e-05,16,7,0.4666666666666667,6.9983727031040734,0.9739009187138363,0.059987704727174074,7,0.0,nan,nan,nan,2.1699390411376953,44.278588947277974
llasa1b,wr_far_t3_k16,word_rep,t3,16,1116,16,attention,,3.119265556335449,0.002370595932006836,8.240342140197754e-05,16,8,0.5333333333333333,7.352525401582125,0.9749635771955056,0.052099700973611385,7,0.0,nan,nan,nan,2.3098803758621216,45.6651766980564
llasa1b,wr_far_t3_k16,word_rep,t3,16,1116,16,attention,,3.119265556335449,0.002370595932006836,8.240342140197754e-05,16,9,0.6,8.338412415134002,0.9743561415262542,0.04769597210785692,7,0.0,nan,nan,nan,2.5550127029418945,45.530745839977385
llasa1b,wr_far_t3_k16,word_rep,t3,16,1116,16,attention,,3.119265556335449,0.002370595932006836,8.240342140197754e-05,16,10,0.6666666666666666,9.961019135995576,0.9742203813404048,0.04545146158352953,7,0.0,206.40563473761048,1.0206036207092821,2.950137857842184,3.312368392944336,42.15587057992796
llasa1b,wr_far_t3_k16,word_rep,t3,16,1116,16,attention,,3.119265556335449,0.002370595932006836,8.240342140197754e-05,16,11,0.7333333333333333,14.170546058465552,0.9740751328060123,0.04788704121172749,7,0.0,nan,nan,nan,4.631035089492798,42.577835341708955
llasa1b,wr_far_t3_k16,word_rep,t3,16,1116,16,attention,,3.119265556335449,0.002370595932006836,8.240342140197754e-05,16,12,0.8,22.81666752030913,0.981439308915192,0.03994317457106644,7,0.0,nan,nan,nan,7.191515922546387,61.627062418714566
llasa1b,wr_far_t3_k16,word_rep,t3,16,1116,16,attention,,3.119265556335449,0.002370595932006836,8.240342140197754e-05,16,13,0.8666666666666667,35.93807067312955,0.994348880314244,0.005963320616701018,7,0.0,nan,nan,nan,12.059901237487793,192.6738561639817
llasa1b,wr_far_t3_k16,word_rep,t3,16,1116,16,attention,,3.119265556335449,0.002370595932006836,8.240342140197754e-05,16,14,0.9333333333333333,54.23955808801806,1.001010981340702,0.0002463534883031526,7,0.0,nan,nan,nan,18.040839672088623,inf
llasa1b,wr_far_t3_k16,word_rep,t3,16,1116,16,attention,,3.119265556335449,0.002370595932006836,8.240342140197754e-05,16,15,1.0,139.7135990125865,0.9897910567755243,0.019574560454661216,7,0.0,175.74191857439186,1.1861518827574673,1.207896110986341,38.12021255493164,126.57614420528144
llasa1b,wr_far_t3_k24,word_rep,t3,24,2048,24,attention,,3.3787684440612793,0.0018121898174285889,4.9561262130737305e-05,24,0,0.0,2.52281178160376,1.0020270292269626,0.022971046783534455,6,0.0,217.68539600040685,0.89923133667786,4.01243602966895,0.684734433889389,inf
llasa1b,wr_far_t3_k24,word_rep,t3,24,2048,24,attention,,3.3787684440612793,0.0018121898174285889,4.9561262130737305e-05,24,1,0.06666666666666667,3.2905632432204066,1.00372117251851,0.07913454864125047,6,0.0,nan,nan,nan,1.0784475207328796,inf
llasa1b,wr_far_t3_k24,word_rep,t3,24,2048,24,attention,,3.3787684440612793,0.0018121898174285889,4.9561262130737305e-05,24,2,0.13333333333333333,3.7901204686003522,1.0035916363659063,0.04803571322459743,6,0.0,nan,nan,nan,1.1806843876838684,inf
llasa1b,wr_far_t3_k24,word_rep,t3,24,2048,24,attention,,3.3787684440612793,0.0018121898174285889,4.9561262130737305e-05,24,3,0.2,4.604717344829977,1.0000493321084731,8.799980363183302e-06,6,0.0,nan,nan,nan,1.4041380882263184,inf
llasa1b,wr_far_t3_k24,word_rep,t3,24,2048,24,attention,,3.3787684440612793,0.0018121898174285889,4.9561262130737305e-05,24,4,0.26666666666666666,5.647067063481616,0.996022892347781,0.04374480079455745,6,0.0,nan,nan,nan,1.7103135585784912,299.736105925188
llasa1b,wr_far_t3_k24,word_rep,t3,24,2048,24,attention,,3.3787684440612793,0.0018121898174285889,4.9561262130737305e-05,24,5,0.3333333333333333,6.223926599600036,0.99744524933686,0.014546093163875673,6,0.0,253.26036926022837,0.8735332442497996,2.90499148405506,1.9094266891479492,461.9190392568612
llasa1b,wr_far_t3_k24,word_rep,t3,24,2048,24,attention,,3.3787684440612793,0.0018121898174285889,4.9561262130737305e-05,24,6,0.4,6.879816666618739,0.9976237146368058,0.010103370816242685,6,0.0,nan,nan,nan,2.0492557287216187,509.06166681809924
llasa1b,wr_far_t3_k24,word_rep,t3,24,2048,24,attention,,3.3787684440612793,0.0018121898174285889,4.9561262130737305e-05,24,7,0.4666666666666667,7.564749853128697,1.0009419180839803,0.001236912275225155,6,0.0,nan,nan,nan,2.1699390411376953,inf
llasa1b,wr_far_t3_k24,word_rep,t3,24,2048,24,attention,,3.3787684440612793,0.0018121898174285889,4.9561262130737305e-05,24,8,0.5333333333333333,8.432757214942738,0.9992598630025216,0.001125297595742869,6,0.0,nan,nan,nan,2.3098803758621216,1748.9313270928026
llasa1b,wr_far_t3_k24,word_rep,t3,24,2048,24,attention,,3.3787684440612793,0.0018121898174285889,4.9561262130737305e-05,24,9,0.6,9.74420971355582,1.0004122380180176,0.0003184328363337041,6,0.0,nan,nan,nan,2.5550127029418945,inf
llasa1b,wr_far_t3_k24,word_rep,t3,24,2048,24,attention,,3.3787684440612793,0.0018121898174285889,4.9561262130737305e-05,24,10,0.6666666666666666,11.959439520951117,0.9983887199918822,0.003803653532622242,6,0.0,212.6609228001345,1.0103983341870033,2.6804667063059973,3.312368392944336,796.1513909337331
llasa1b,wr_far_t3_k24,word_rep,t3,24,2048,24,attention,,3.3787684440612793,0.0018121898174285889,4.9561262130737305e-05,24,11,0.7333333333333333,17.304996972362,0.9958879864617967,0.024983666149360872,6,0.0,nan,nan,nan,4.631035089492798,319.91693736712034
llasa1b,wr_far_t3_k24,word_rep,t3,24,2048,24,attention,,3.3787684440612793,0.0018121898174285889,4.9561262130737305e-05,24,12,0.8,25.71678420045146,1.0008572280124512,0.0019653623999402736,6,0.0,nan,nan,nan,7.191515922546387,inf
llasa1b,wr_far_t3_k24,word_rep,t3,24,2048,24,attention,,3.3787684440612793,0.0018121898174285889,4.9561262130737305e-05,24,13,0.8666666666666667,37.57119022321932,1.0095071788116328,0.299267817323454,6,0.0,nan,nan,nan,12.059901237487793,inf
llasa1b,wr_far_t3_k24,word_rep,t3,24,2048,24,attention,,3.3787684440612793,0.0018121898174285889,4.9561262130737305e-05,24,14,0.9333333333333333,56.14397055711973,1.01796189029264,0.766684588476664,6,0.0,nan,nan,nan,18.040839672088623,inf
llasa1b,wr_far_t3_k24,word_rep,t3,24,2048,24,attention,,3.3787684440612793,0.0018121898174285889,4.9561262130737305e-05,24,15,1.0,148.4132466869757,1.0107001486660077,0.3843866880661043,6,0.0,191.4026153466472,1.172465305508064,0.8363247840051585,38.12021255493164,inf
llasa1b,wr_far_t3_k32,word_rep,t3,32,1297,32,attention,,3.5782508850097656,0.0029027462005615234,6.010383367538452e-05,32,0,0.0,1.922780917743976,1.0055717096812917,0.01653857290711158,15,0.0,226.33058543742692,0.8769691812248963,4.0643425909940305,0.684734433889389,inf
llasa1b,wr_far_t3_k32,word_rep,t3,32,1297,32,attention,,3.5782508850097656,0.0029027462005615234,6.010383367538452e-05,32,1,0.06666666666666667,2.487198434259452,1.0061101394851717,0.021914285930602295,15,0.0,nan,nan,nan,1.0784475207328796,inf
llasa1b,wr_far_t3_k32,word_rep,t3,32,1297,32,attention,,3.5782508850097656,0.0029027462005615234,6.010383367538452e-05,32,2,0.13333333333333333,2.96327638944291,1.0044140259633572,0.010768432180356946,15,0.0,nan,nan,nan,1.1806843876838684,inf
llasa1b,wr_far_t3_k32,word_rep,t3,32,1297,32,attention,,3.5782508850097656,0.0029027462005615234,6.010383367538452e-05,32,3,0.2,3.4606954053862586,1.0082855243968072,0.035677641427229734,15,0.0,nan,nan,nan,1.4041380882263184,inf
llasa1b,wr_far_t3_k32,word_rep,t3,32,1297,32,attention,,3.5782508850097656,0.0029027462005615234,6.010383367538452e-05,32,4,0.26666666666666666,4.067303667042187,1.0040272029197208,0.008907065955966909,15,0.0,nan,nan,nan,1.7103135585784912,inf
llasa1b,wr_far_t3_k32,word_rep,t3,32,1297,32,attention,,3.5782508850097656,0.0029027462005615234,6.010383367538452e-05,32,5,0.3333333333333333,4.804924356030516,1.0002350194792318,3.158077242693125e-05,15,0.0,272.0746018254806,0.8306528769196618,2.7940499361950835,1.9094266891479492,inf
llasa1b,wr_far_t3_k32,word_rep,t3,32,1297,32,attention,,3.5782508850097656,0.0029027462005615234,6.010383367538452e-05,32,6,0.4,5.08415201898654,0.999236901777565,0.0003398411023353143,15,0.0,nan,nan,nan,2.0492557287216187,1190.2856280424276
llasa1b,wr_far_t3_k32,word_rep,t3,32,1297,32,attention,,3.5782508850097656,0.0029027462005615234,6.010383367538452e-05,32,7,0.4666666666666667,5.626602917588722,0.9978461549474346,0.0023745038357814163,15,0.0,nan,nan,nan,2.1699390411376953,441.8982350341801
llasa1b,wr_far_t3_k32,word_rep,t3,32,1297,32,attention,,3.5782508850097656,0.0029027462005615234,6.010383367538452e-05,32,8,0.5333333333333333,6.311203072752887,0.9957806522776426,0.008458882599075124,15,0.0,nan,nan,nan,2.3098803758621216,237.716504010581
llasa1b,wr_far_t3_k32,word_rep,t3,32,1297,32,attention,,3.5782508850097656,0.0029027462005615234,6.010383367538452e-05,32,9,0.6,7.330100864390799,0.9936575342414928,0.017426656467298907,15,0.0,nan,nan,nan,2.5550127029418945,165.64319186034763
llasa1b,wr_far_t3_k32,word_rep,t3,32,1297,32,attention,,3.5782508850097656,0.0029027462005615234,6.010383367538452e-05,32,10,0.6666666666666666,9.025888860260368,0.9931746885824313,0.01816153692553324,15,0.0,225.74167358420212,1.005000291940719,2.6708536698495706,3.312368392944336,146.36821698978122
llasa1b,wr_far_t3_k32,word_rep,t3,32,1297,32,attention,,3.5782508850097656,0.0029027462005615234,6.010383367538452e-05,32,11,0.7333333333333333,13.047342230797438,0.9922367697545185,0.02452003094223798,15,0.0,nan,nan,nan,4.631035089492798,132.90578796298283
llasa1b,wr_far_t3_k32,word_rep,t3,32,1297,32,attention,,3.5782508850097656,0.0029027462005615234,6.010383367538452e-05,32,12,0.8,19.92813883528543,0.9959661775343764,0.007841937402123467,15,0.0,nan,nan,nan,7.191515922546387,252.16123998985572
llasa1b,wr_far_t3_k32,word_rep,t3,32,1297,32,attention,,3.5782508850097656,0.0029027462005615234,6.010383367538452e-05,32,13,0.8666666666666667,31.81703222010264,0.9996798002462265,5.995463570140913e-05,15,0.0,nan,nan,nan,12.059901237487793,3029.235387197447
llasa1b,wr_far_t3_k32,word_rep,t3,32,1297,32,attention,,3.5782508850097656,0.0029027462005615234,6.010383367538452e-05,32,14,0.9333333333333333,45.616199111388504,1.0080262347557485,0.039344924962882,15,0.0,nan,nan,nan,18.040839672088623,inf
llasa1b,wr_far_t3_k32,word_rep,t3,32,1297,32,attention,,3.5782508850097656,0.0029027462005615234,6.010383367538452e-05,32,15,1.0,92.20492599721554,1.0117262182449438,0.06470831633200091,15,0.0,196.67211142144194,1.1546906079020614,0.8689608637141786,38.12021255493164,inf
llasa1b,wr_no_t2_k03,word_rep,t2,3,2048,3,attention,,2.453672170639038,0.000934898853302002,4.009405771891276e-05,3,0,0.0,nan,nan,nan,1,1.185766339302063,74.81163859837929,1.8066548635844615,6.741329561855732,0.684734433889389,inf
llasa1b,wr_no_t2_k03,word_rep,t2,3,2048,3,attention,,2.453672170639038,0.000934898853302002,4.009405771891276e-05,3,1,0.06666666666666667,nan,nan,nan,1,1.63121497631073,nan,nan,nan,1.0784475207328796,inf
llasa1b,wr_no_t2_k03,word_rep,t2,3,2048,3,attention,,2.453672170639038,0.000934898853302002,4.009405771891276e-05,3,2,0.13333333333333333,nan,nan,nan,1,2.1995327472686768,nan,nan,nan,1.1806843876838684,inf
llasa1b,wr_no_t2_k03,word_rep,t2,3,2048,3,attention,,2.453672170639038,0.000934898853302002,4.009405771891276e-05,3,3,0.2,nan,nan,nan,1,3.9929471015930176,nan,nan,nan,1.4041380882263184,inf
llasa1b,wr_no_t2_k03,word_rep,t2,3,2048,3,attention,,2.453672170639038,0.000934898853302002,4.009405771891276e-05,3,4,0.26666666666666666,nan,nan,nan,1,4.974497318267822,nan,nan,nan,1.7103135585784912,inf
llasa1b,wr_no_t2_k03,word_rep,t2,3,2048,3,attention,,2.453672170639038,0.000934898853302002,4.009405771891276e-05,3,5,0.3333333333333333,nan,nan,nan,1,6.217031478881836,106.02982908886422,1.5706877483780561,5.0813890199196665,1.9094266891479492,inf
llasa1b,wr_no_t2_k03,word_rep,t2,3,2048,3,attention,,2.453672170639038,0.000934898853302002,4.009405771891276e-05,3,6,0.4,nan,nan,nan,1,7.667599678039551,nan,nan,nan,2.0492557287216187,inf
llasa1b,wr_no_t2_k03,word_rep,t2,3,2048,3,attention,,2.453672170639038,0.000934898853302002,4.009405771891276e-05,3,7,0.4666666666666667,nan,nan,nan,1,6.633242130279541,nan,nan,nan,2.1699390411376953,inf
llasa1b,wr_no_t2_k03,word_rep,t2,3,2048,3,attention,,2.453672170639038,0.000934898853302002,4.009405771891276e-05,3,8,0.5333333333333333,nan,nan,nan,1,6.894519805908203,nan,nan,nan,2.3098803758621216,inf
llasa1b,wr_no_t2_k03,word_rep,t2,3,2048,3,attention,,2.453672170639038,0.000934898853302002,4.009405771891276e-05,3,9,0.6,nan,nan,nan,1,8.16085147857666,nan,nan,nan,2.5550127029418945,inf
llasa1b,wr_no_t2_k03,word_rep,t2,3,2048,3,attention,,2.453672170639038,0.000934898853302002,4.009405771891276e-05,3,10,0.6666666666666666,nan,nan,nan,1,9.898905754089355,101.786924516378,1.5430491030857016,4.460993111138159,3.312368392944336,inf
llasa1b,wr_no_t2_k03,word_rep,t2,3,2048,3,attention,,2.453672170639038,0.000934898853302002,4.009405771891276e-05,3,11,0.7333333333333333,nan,nan,nan,1,12.046107292175293,nan,nan,nan,4.631035089492798,inf
llasa1b,wr_no_t2_k03,word_rep,t2,3,2048,3,attention,,2.453672170639038,0.000934898853302002,4.009405771891276e-05,3,12,0.8,nan,nan,nan,1,14.627238273620605,nan,nan,nan,7.191515922546387,inf
llasa1b,wr_no_t2_k03,word_rep,t2,3,2048,3,attention,,2.453672170639038,0.000934898853302002,4.009405771891276e-05,3,13,0.8666666666666667,nan,nan,nan,1,17.62436866760254,nan,nan,nan,12.059901237487793,inf
llasa1b,wr_no_t2_k03,word_rep,t2,3,2048,3,attention,,2.453672170639038,0.000934898853302002,4.009405771891276e-05,3,14,0.9333333333333333,nan,nan,nan,1,22.45494842529297,nan,nan,nan,18.040839672088623,inf
llasa1b,wr_no_t2_k03,word_rep,t2,3,2048,3,attention,,2.453672170639038,0.000934898853302002,4.009405771891276e-05,3,15,1.0,nan,nan,nan,1,75.34132385253906,81.64808927402754,1.7602199185325238,2.9409669986609104,38.12021255493164,inf
llasa1b,wr_no_t2_k04,word_rep,t2,4,438,4,attention,,2.482236623764038,0.0020825862884521484,6.070733070373535e-05,4,0,0.0,nan,nan,nan,0,0.0,164.8215945370961,0.9991475477147772,5.117978093220508,0.684734433889389,inf
llasa1b,wr_no_t2_k04,word_rep,t2,4,438,4,attention,,2.482236623764038,0.0020825862884521484,6.070733070373535e-05,4,1,0.06666666666666667,nan,nan,nan,0,0.0,nan,nan,nan,1.0784475207328796,inf
llasa1b,wr_no_t2_k04,word_rep,t2,4,438,4,attention,,2.482236623764038,0.0020825862884521484,6.070733070373535e-05,4,2,0.13333333333333333,nan,nan,nan,0,0.0,nan,nan,nan,1.1806843876838684,inf
llasa1b,wr_no_t2_k04,word_rep,t2,4,438,4,attention,,2.482236623764038,0.0020825862884521484,6.070733070373535e-05,4,3,0.2,nan,nan,nan,0,0.0,nan,nan,nan,1.4041380882263184,inf
llasa1b,wr_no_t2_k04,word_rep,t2,4,438,4,attention,,2.482236623764038,0.0020825862884521484,6.070733070373535e-05,4,4,0.26666666666666666,nan,nan,nan,0,0.0,nan,nan,nan,1.7103135585784912,inf
llasa1b,wr_no_t2_k04,word_rep,t2,4,438,4,attention,,2.482236623764038,0.0020825862884521484,6.070733070373535e-05,4,5,0.3333333333333333,nan,nan,nan,0,0.0,226.96885954354528,0.8484965165765814,3.1567507872118146,1.9094266891479492,inf
llasa1b,wr_no_t2_k04,word_rep,t2,4,438,4,attention,,2.482236623764038,0.0020825862884521484,6.070733070373535e-05,4,6,0.4,nan,nan,nan,0,0.0,nan,nan,nan,2.0492557287216187,inf
llasa1b,wr_no_t2_k04,word_rep,t2,4,438,4,attention,,2.482236623764038,0.0020825862884521484,6.070733070373535e-05,4,7,0.4666666666666667,nan,nan,nan,0,0.0,nan,nan,nan,2.1699390411376953,inf
llasa1b,wr_no_t2_k04,word_rep,t2,4,438,4,attention,,2.482236623764038,0.0020825862884521484,6.070733070373535e-05,4,8,0.5333333333333333,nan,nan,nan,0,0.0,nan,nan,nan,2.3098803758621216,inf
llasa1b,wr_no_t2_k04,word_rep,t2,4,438,4,attention,,2.482236623764038,0.0020825862884521484,6.070733070373535e-05,4,9,0.6,nan,nan,nan,0,0.0,nan,nan,nan,2.5550127029418945,inf
llasa1b,wr_no_t2_k04,word_rep,t2,4,438,4,attention,,2.482236623764038,0.0020825862884521484,6.070733070373535e-05,4,10,0.6666666666666666,nan,nan,nan,0,0.0,195.3715984155265,0.9939211449202044,2.7559583118122757,3.312368392944336,inf
llasa1b,wr_no_t2_k04,word_rep,t2,4,438,4,attention,,2.482236623764038,0.0020825862884521484,6.070733070373535e-05,4,11,0.7333333333333333,nan,nan,nan,0,0.0,nan,nan,nan,4.631035089492798,inf
llasa1b,wr_no_t2_k04,word_rep,t2,4,438,4,attention,,2.482236623764038,0.0020825862884521484,6.070733070373535e-05,4,12,0.8,nan,nan,nan,0,0.0,nan,nan,nan,7.191515922546387,inf
llasa1b,wr_no_t2_k04,word_rep,t2,4,438,4,attention,,2.482236623764038,0.0020825862884521484,6.070733070373535e-05,4,13,0.8666666666666667,nan,nan,nan,0,0.0,nan,nan,nan,12.059901237487793,inf
llasa1b,wr_no_t2_k04,word_rep,t2,4,438,4,attention,,2.482236623764038,0.0020825862884521484,6.070733070373535e-05,4,14,0.9333333333333333,nan,nan,nan,0,0.0,nan,nan,nan,18.040839672088623,inf
llasa1b,wr_no_t2_k04,word_rep,t2,4,438,4,attention,,2.482236623764038,0.0020825862884521484,6.070733070373535e-05,4,15,1.0,nan,nan,nan,0,0.0,153.00934433089162,1.1699460004418625,1.3216553391019152,38.12021255493164,inf
llasa1b,wr_no_t2_k06,word_rep,t2,6,385,6,attention,,2.5934035778045654,0.002105236053466797,5.392233530680338e-05,6,0,0.0,nan,nan,nan,2,0.0,162.9061107997527,0.9710912511730279,4.402305533362786,0.684734433889389,inf
llasa1b,wr_no_t2_k06,word_rep,t2,6,385,6,attention,,2.5934035778045654,0.002105236053466797,5.392233530680338e-05,6,1,0.06666666666666667,nan,nan,nan,2,0.0,nan,nan,nan,1.0784475207328796,inf
llasa1b,wr_no_t2_k06,word_rep,t2,6,385,6,attention,,2.5934035778045654,0.002105236053466797,5.392233530680338e-05,6,2,0.13333333333333333,nan,nan,nan,2,0.0,nan,nan,nan,1.1806843876838684,inf
llasa1b,wr_no_t2_k06,word_rep,t2,6,385,6,attention,,2.5934035778045654,0.002105236053466797,5.392233530680338e-05,6,3,0.2,nan,nan,nan,2,0.0,nan,nan,nan,1.4041380882263184,inf
llasa1b,wr_no_t2_k06,word_rep,t2,6,385,6,attention,,2.5934035778045654,0.002105236053466797,5.392233530680338e-05,6,4,0.26666666666666666,nan,nan,nan,2,0.0,nan,nan,nan,1.7103135585784912,inf
llasa1b,wr_no_t2_k06,word_rep,t2,6,385,6,attention,,2.5934035778045654,0.002105236053466797,5.392233530680338e-05,6,5,0.3333333333333333,nan,nan,nan,2,0.0,215.81840062170897,0.825785581577737,2.7687549804536755,1.9094266891479492,inf
llasa1b,wr_no_t2_k06,word_rep,t2,6,385,6,attention,,2.5934035778045654,0.002105236053466797,5.392233530680338e-05,6,6,0.4,nan,nan,nan,2,0.0,nan,nan,nan,2.0492557287216187,inf
llasa1b,wr_no_t2_k06,word_rep,t2,6,385,6,attention,,2.5934035778045654,0.002105236053466797,5.392233530680338e-05,6,7,0.4666666666666667,nan,nan,nan,2,0.0,nan,nan,nan,2.1699390411376953,inf
llasa1b,wr_no_t2_k06,word_rep,t2,6,385,6,attention,,2.5934035778045654,0.002105236053466797,5.392233530680338e-05,6,8,0.5333333333333333,nan,nan,nan,2,0.0,nan,nan,nan,2.3098803758621216,inf
llasa1b,wr_no_t2_k06,word_rep,t2,6,385,6,attention,,2.5934035778045654,0.002105236053466797,5.392233530680338e-05,6,9,0.6,nan,nan,nan,2,0.0,nan,nan,nan,2.5550127029418945,inf
llasa1b,wr_no_t2_k06,word_rep,t2,6,385,6,attention,,2.5934035778045654,0.002105236053466797,5.392233530680338e-05,6,10,0.6666666666666666,nan,nan,nan,2,0.0,183.89439963886215,0.9823878824004564,2.5109759550690187,3.312368392944336,inf
llasa1b,wr_no_t2_k06,word_rep,t2,6,385,6,attention,,2.5934035778045654,0.002105236053466797,5.392233530680338e-05,6,11,0.7333333333333333,nan,nan,nan,2,0.0,nan,nan,nan,4.631035089492798,inf
llasa1b,wr_no_t2_k06,word_rep,t2,6,385,6,attention,,2.5934035778045654,0.002105236053466797,5.392233530680338e-05,6,12,0.8,nan,nan,nan,2,0.0,nan,nan,nan,7.191515922546387,inf
llasa1b,wr_no_t2_k06,word_rep,t2,6,385,6,attention,,2.5934035778045654,0.002105236053466797,5.392233530680338e-05,6,13,0.8666666666666667,nan,nan,nan,2,0.0,nan,nan,nan,12.059901237487793,inf
llasa1b,wr_no_t2_k06,word_rep,t2,6,385,6,attention,,2.5934035778045654,0.002105236053466797,5.392233530680338e-05,6,14,0.9333333333333333,nan,nan,nan,2,0.0,nan,nan,nan,18.040839672088623,inf
llasa1b,wr_no_t2_k06,word_rep,t2,6,385,6,attention,,2.5934035778045654,0.002105236053466797,5.392233530680338e-05,6,15,1.0,nan,nan,nan,2,0.0,140.1465919636698,1.1548047722969712,0.9833209937027887,38.12021255493164,inf
llasa1b,wr_no_t2_k08,word_rep,t2,8,360,8,attention,,2.722289562225342,0.004689693450927734,0.00011751055717468262,8,0,0.0,2.6421854668170104,0.9828822238243,0.0725933934265055,5,2.407510280609131,192.2275985873413,0.8024011574867733,3.4015963353515275,0.684734433889389,78.20758996153384
llasa1b,wr_no_t2_k08,word_rep,t2,8,360,8,attention,,2.722289562225342,0.004689693450927734,0.00011751055717468262,8,1,0.06666666666666667,3.3759066330989254,0.992666539003735,0.01964080241043953,5,3.2082550525665283,nan,nan,nan,1.0784475207328796,155.03621055825946
llasa1b,wr_no_t2_k08,word_rep,t2,8,360,8,attention,,2.722289562225342,0.004689693450927734,0.00011751055717468262,8,2,0.13333333333333333,3.841656822778627,1.0068133094248801,0.01759383695909278,5,3.7539825439453125,nan,nan,nan,1.1806843876838684,inf
llasa1b,wr_no_t2_k08,word_rep,t2,8,360,8,attention,,2.722289562225342,0.004689693450927734,0.00011751055717468262,8,3,0.2,4.3603652124493495,1.0165883557715814,0.24490091568632455,5,4.411513805389404,nan,nan,nan,1.4041380882263184,inf
llasa1b,wr_no_t2_k08,word_rep,t2,8,360,8,attention,,2.722289562225342,0.004689693450927734,0.00011751055717468262,8,4,0.26666666666666666,6.022798722453419,0.9847274460194051,0.08706514108880314,5,5.401390075683594,nan,nan,nan,1.7103135585784912,81.79624421211629
llasa1b,wr_no_t2_k08,word_rep,t2,8,360,8,attention,,2.722289562225342,0.004689693450927734,0.00011751055717468262,8,5,0.3333333333333333,7.07749068758068,0.9807643418381299,0.10499815369784848,5,6.2158308029174805,216.36699142652498,0.7835114972432058,2.3996922769443803,1.9094266891479492,67.4515585496901
llasa1b,wr_no_t2_k08,word_rep,t2,8,360,8,attention,,2.722289562225342,0.004689693450927734,0.00011751055717468262,8,6,0.4,9.172784114211133,0.9456801348793987,0.37889549373213693,5,6.668270111083984,nan,nan,nan,2.0492557287216187,26.83509893507235
llasa1b,wr_no_t2_k08,word_rep,t2,8,360,8,attention,,2.722289562225342,0.004689693450927734,0.00011751055717468262,8,7,0.4666666666666667,10.432241916251513,0.9483818478432925,0.29231072124121704,5,7.739532947540283,nan,nan,nan,2.1699390411376953,29.627536908059895
llasa1b,wr_no_t2_k08,word_rep,t2,8,360,8,attention,,2.722289562225342,0.004689693450927734,0.00011751055717468262,8,8,0.5333333333333333,10.622161867039052,0.9751022869002476,0.08333354689281924,5,9.073005676269531,nan,nan,nan,2.3098803758621216,60.514521937689885
llasa1b,wr_no_t2_k08,word_rep,t2,8,360,8,attention,,2.722289562225342,0.004689693450927734,0.00011751055717468262,8,9,0.6,11.099049925415951,0.9933359273059188,0.005888557765539093,5,10.840930938720703,nan,nan,nan,2.5550127029418945,219.67088707454266
llasa1b,wr_no_t2_k08,word_rep,t2,8,360,8,attention,,2.722289562225342,0.004689693450927734,0.00011751055717468262,8,10,0.6666666666666666,13.236141614705913,1.0055394911320314,0.0036529819034971656,5,12.801958084106445,187.93875764844236,0.9423098535921586,2.158034279734219,3.312368392944336,inf
llasa1b,wr_no_t2_k08,word_rep,t2,8,360,8,attention,,2.722289562225342,0.004689693450927734,0.00011751055717468262,8,11,0.7333333333333333,20.73339995440993,0.988794531850471,0.022421180583688582,5,19.676944732666016,nan,nan,nan,4.631035089492798,133.02000609611994
llasa1b,wr_no_t2_k08,word_rep,t2,8,360,8,attention,,2.722289562225342,0.004689693450927734,0.00011751055717468262,8,12,0.8,32.138256873002376,0.9909696185719957,0.03215617543384308,5,30.841493606567383,nan,nan,nan,7.191515922546387,165.04009626305785
llasa1b,wr_no_t2_k08,word_rep,t2,8,360,8,attention,,2.722289562225342,0.004689693450927734,0.00011751055717468262,8,13,0.8666666666666667,52.59475716809691,0.9823765898524078,0.1975113088905156,5,49.707611083984375,nan,nan,nan,12.059901237487793,82.82816456630434
llasa1b,wr_no_t2_k08,word_rep,t2,8,360,8,attention,,2.722289562225342,0.004689693450927734,0.00011751055717468262,8,14,0.9333333333333333,80.760271155974,0.9959637877091109,0.019330074569254507,5,78.33470153808594,nan,nan,nan,18.040839672088623,370.59998661239547
llasa1b,wr_no_t2_k08,word_rep,t2,8,360,8,attention,,2.722289562225342,0.004689693450927734,0.00011751055717468262,8,15,1.0,173.6595137218678,0.9892391964059251,0.03158343049425494,5,173.9125518798828,173.59190985984458,1.0458465955753395,0.349154604078491,38.12021255493164,140.15483161630067
llasa1b,wr_no_t2_k12,word_rep,t2,12,385,12,attention,,2.885124683380127,0.0045299530029296875,9.568532307942708e-05,12,0,0.0,nan,nan,nan,2,0.0,195.36826736689358,0.8250801038285658,3.5927796135052623,0.684734433889389,inf
llasa1b,wr_no_t2_k12,word_rep,t2,12,385,12,attention,,2.885124683380127,0.0045299530029296875,9.568532307942708e-05,12,1,0.06666666666666667,nan,nan,nan,2,0.0,nan,nan,nan,1.0784475207328796,inf
llasa1b,wr_no_t2_k12,word_rep,t2,12,385,12,attention,,2.885124683380127,0.0045299530029296875,9.568532307942708e-05,12,2,0.13333333333333333,nan,nan,nan,2,0.0,nan,nan,nan,1.1806843876838684,inf
llasa1b,wr_no_t2_k12,word_rep,t2,12,385,12,attention,,2.885124683380127,0.0045299530029296875,9.568532307942708e-05,12,3,0.2,nan,nan,nan,2,0.0,nan,nan,nan,1.4041380882263184,inf
llasa1b,wr_no_t2_k12,word_rep,t2,12,385,12,attention,,2.885124683380127,0.0045299530029296875,9.568532307942708e-05,12,4,0.26666666666666666,nan,nan,nan,2,0.0,nan,nan,nan,1.7103135585784912,inf
llasa1b,wr_no_t2_k12,word_rep,t2,12,385,12,attention,,2.885124683380127,0.0045299530029296875,9.568532307942708e-05,12,5,0.3333333333333333,nan,nan,nan,2,0.0,220.0750014540295,0.8114553095884227,2.565445256937496,1.9094266891479492,inf
llasa1b,wr_no_t2_k12,word_rep,t2,12,385,12,attention,,2.885124683380127,0.0045299530029296875,9.568532307942708e-05,12,6,0.4,nan,nan,nan,2,0.0,nan,nan,nan,2.0492557287216187,inf
llasa1b,wr_no_t2_k12,word_rep,t2,12,385,12,attention,,2.885124683380127,0.0045299530029296875,9.568532307942708e-05,12,7,0.4666666666666667,nan,nan,nan,2,0.0,nan,nan,nan,2.1699390411376953,inf
llasa1b,wr_no_t2_k12,word_rep,t2,12,385,12,attention,,2.885124683380127,0.0045299530029296875,9.568532307942708e-05,12,8,0.5333333333333333,nan,nan,nan,2,0.0,nan,nan,nan,2.3098803758621216,inf
llasa1b,wr_no_t2_k12,word_rep,t2,12,385,12,attention,,2.885124683380127,0.0045299530029296875,9.568532307942708e-05,12,9,0.6,nan,nan,nan,2,0.0,nan,nan,nan,2.5550127029418945,inf
llasa1b,wr_no_t2_k12,word_rep,t2,12,385,12,attention,,2.885124683380127,0.0045299530029296875,9.568532307942708e-05,12,10,0.6666666666666666,nan,nan,nan,2,0.0,188.26793911656023,0.9797836824735546,2.363331924641328,3.312368392944336,inf
llasa1b,wr_no_t2_k12,word_rep,t2,12,385,12,attention,,2.885124683380127,0.0045299530029296875,9.568532307942708e-05,12,11,0.7333333333333333,nan,nan,nan,2,0.0,nan,nan,nan,4.631035089492798,inf
llasa1b,wr_no_t2_k12,word_rep,t2,12,385,12,attention,,2.885124683380127,0.0045299530029296875,9.568532307942708e-05,12,12,0.8,nan,nan,nan,2,0.0,nan,nan,nan,7.191515922546387,inf
llasa1b,wr_no_t2_k12,word_rep,t2,12,385,12,attention,,2.885124683380127,0.0045299530029296875,9.568532307942708e-05,12,13,0.8666666666666667,nan,nan,nan,2,0.0,nan,nan,nan,12.059901237487793,inf
llasa1b,wr_no_t2_k12,word_rep,t2,12,385,12,attention,,2.885124683380127,0.0045299530029296875,9.568532307942708e-05,12,14,0.9333333333333333,nan,nan,nan,2,0.0,nan,nan,nan,18.040839672088623,inf
llasa1b,wr_no_t2_k12,word_rep,t2,12,385,12,attention,,2.885124683380127,0.0045299530029296875,9.568532307942708e-05,12,15,1.0,nan,nan,nan,2,0.0,173.82349705470577,1.0950125597082523,0.5000480274234319,38.12021255493164,inf
llasa1b,wr_no_t2_k16,word_rep,t2,16,561,16,attention,,3.0138940811157227,0.0032976865768432617,5.804002285003662e-05,16,0,0.0,2.1644011346552428,1.0139605314452624,0.028577569535216618,8,1.4824271202087402,254.23055336708987,0.8179589368159276,3.6202404418831664,0.684734433889389,inf
llasa1b,wr_no_t2_k16,word_rep,t2,16,561,16,attention,,3.0138940811157227,0.0032976865768432617,5.804002285003662e-05,16,1,0.06666666666666667,2.807733357654057,1.0111775006307036,0.01791229991145049,8,1.738248348236084,nan,nan,nan,1.0784475207328796,inf
llasa1b,wr_no_t2_k16,word_rep,t2,16,561,16,attention,,3.0138940811157227,0.0032976865768432617,5.804002285003662e-05,16,2,0.13333333333333333,3.046205324168972,1.0140917697555034,0.0263358202832088,8,1.9457969665527344,nan,nan,nan,1.1806843876838684,inf
llasa1b,wr_no_t2_k16,word_rep,t2,16,561,16,attention,,3.0138940811157227,0.0032976865768432617,5.804002285003662e-05,16,3,0.2,3.415428782282355,1.0177639637937832,0.04156039201406114,8,2.2617337703704834,nan,nan,nan,1.4041380882263184,inf
llasa1b,wr_no_t2_k16,word_rep,t2,16,561,16,attention,,3.0138940811157227,0.0032976865768432617,5.804002285003662e-05,16,4,0.26666666666666666,3.84109083369868,1.018176057741952,0.0450390175334906,8,2.4691998958587646,nan,nan,nan,1.7103135585784912,inf
llasa1b,wr_no_t2_k16,word_rep,t2,16,561,16,attention,,3.0138940811157227,0.0032976865768432617,5.804002285003662e-05,16,5,0.3333333333333333,4.2166707727813515,1.02045238757139,0.05718165055949487,8,2.711949110031128,286.17677508086734,0.8243355537733544,2.782328821507158,1.9094266891479492,inf
llasa1b,wr_no_t2_k16,word_rep,t2,16,561,16,attention,,3.0138940811157227,0.0032976865768432617,5.804002285003662e-05,16,6,0.4,4.425518418383351,1.0202509555694337,0.06486329218634224,8,2.937612295150757,nan,nan,nan,2.0492557287216187,inf
llasa1b,wr_no_t2_k16,word_rep,t2,16,561,16,attention,,3.0138940811157227,0.0032976865768432617,5.804002285003662e-05,16,7,0.4666666666666667,4.677949695537989,1.023012842434284,0.07756174726566423,8,3.22355318069458,nan,nan,nan,2.1699390411376953,inf
llasa1b,wr_no_t2_k16,word_rep,t2,16,561,16,attention,,3.0138940811157227,0.0032976865768432617,5.804002285003662e-05,16,8,0.5333333333333333,5.208252674296623,1.022513057735071,0.07629924084840001,8,3.669389009475708,nan,nan,nan,2.3098803758621216,inf
llasa1b,wr_no_t2_k16,word_rep,t2,16,561,16,attention,,3.0138940811157227,0.0032976865768432617,5.804002285003662e-05,16,9,0.6,6.097147596794069,1.0251233147802952,0.09775244907361369,8,4.369542121887207,nan,nan,nan,2.5550127029418945,inf
llasa1b,wr_no_t2_k16,word_rep,t2,16,561,16,attention,,3.0138940811157227,0.0032976865768432617,5.804002285003662e-05,16,10,0.6666666666666666,7.776461512692294,1.0312181619680203,0.15559349092226804,8,5.655751705169678,246.39522894628305,0.9957542669172248,2.587699503282395,3.312368392944336,inf
llasa1b,wr_no_t2_k16,word_rep,t2,16,561,16,attention,,3.0138940811157227,0.0032976865768432617,5.804002285003662e-05,16,11,0.7333333333333333,10.89619692239901,1.0389153231571107,0.2948290261842751,8,7.946050643920898,nan,nan,nan,4.631035089492798,inf
llasa1b,wr_no_t2_k16,word_rep,t2,16,561,16,attention,,3.0138940811157227,0.0032976865768432617,5.804002285003662e-05,16,12,0.8,17.90334573376344,1.0364348520752142,0.3516672662643483,8,13.399277687072754,nan,nan,nan,7.191515922546387,inf
llasa1b,wr_no_t2_k16,word_rep,t2,16,561,16,attention,,3.0138940811157227,0.0032976865768432617,5.804002285003662e-05,16,13,0.8666666666666667,29.31288470971646,1.036455193989085,0.39333781412928004,8,22.73353385925293,nan,nan,nan,12.059901237487793,inf
llasa1b,wr_no_t2_k16,word_rep,t2,16,561,16,attention,,3.0138940811157227,0.0032976865768432617,5.804002285003662e-05,16,14,0.9333333333333333,52.29505704759648,1.0336218305031908,0.40199276725019306,8,41.072593688964844,nan,nan,nan,18.040839672088623,inf
llasa1b,wr_no_t2_k16,word_rep,t2,16,561,16,attention,,3.0138940811157227,0.0032976865768432617,5.804002285003662e-05,16,15,1.0,126.64706379009309,1.0274753522441036,0.42841455031517484,8,109.6869125366211,223.02693975473932,1.0951268935435712,0.5255653420394656,38.12021255493164,inf
llasa1b,wr_no_t2_k24,word_rep,t2,24,2048,24,attention,,3.195441722869873,0.0010441243648529053,1.5950451294581097e-05,24,0,0.0,0.7903720581911331,0.9858389129502124,0.0236105384851496,13,0.41008898615837097,146.40732564462294,1.306212146630931,5.569303549179857,0.684734433889389,10.059569502195087
llasa1b,wr_no_t2_k24,word_rep,t2,24,2048,24,attention,,3.195441722869873,0.0010441243648529053,1.5950451294581097e-05,24,1,0.06666666666666667,1.2149587142204428,0.9867933992989589,0.02133290759312645,13,0.7504079937934875,nan,nan,nan,1.0784475207328796,8.965122628470157
llasa1b,wr_no_t2_k24,word_rep,t2,24,2048,24,attention,,3.195441722869873,0.0010441243648529053,1.5950451294581097e-05,24,2,0.13333333333333333,1.490039262386042,0.9848504856379613,0.026610504198911644,13,0.8857113122940063,nan,nan,nan,1.1806843876838684,15.244120164662252
llasa1b,wr_no_t2_k24,word_rep,t2,24,2048,24,attention,,3.195441722869873,0.0010441243648529053,1.5950451294581097e-05,24,3,0.2,1.818401571972652,0.986297455917347,0.019902170326656643,13,1.0248863697052002,nan,nan,nan,1.4041380882263184,18.738041707518605
llasa1b,wr_no_t2_k24,word_rep,t2,24,2048,24,attention,,3.195441722869873,0.0010441243648529053,1.5950451294581097e-05,24,4,0.26666666666666666,2.222683653395485,0.9878664294147093,0.015531775212473287,13,1.3295013904571533,nan,nan,nan,1.7103135585784912,21.464879537935158
llasa1b,wr_no_t2_k24,word_rep,t2,24,2048,24,attention,,3.195441722869873,0.0010441243648529053,1.5950451294581097e-05,24,5,0.3333333333333333,2.4136414839228815,0.9867709442978948,0.017304471232642116,13,1.4232518672943115,187.43707942781788,1.0971399540212912,3.986764268712805,1.9094266891479492,17.596124854979674
llasa1b,wr_no_t2_k24,word_rep,t2,24,2048,24,attention,,3.195441722869873,0.0010441243648529053,1.5950451294581097e-05,24,6,0.4,2.8115409873116293,0.9854678279618866,0.021494943670940736,13,1.6550962924957275,nan,nan,nan,2.0492557287216187,21.603963122009116
llasa1b,wr_no_t2_k24,word_rep,t2,24,2048,24,attention,,3.195441722869873,0.0010441243648529053,1.5950451294581097e-05,24,7,0.4666666666666667,2.8772876546782373,0.9846870169786672,0.02188542995807874,13,1.6371735334396362,nan,nan,nan,2.1699390411376953,18.284037838020684
llasa1b,wr_no_t2_k24,word_rep,t2,24,2048,24,attention,,3.195441722869873,0.0010441243648529053,1.5950451294581097e-05,24,8,0.5333333333333333,3.0937477646259333,0.9839887526044289,0.02450406289043716,13,1.775635004043579,nan,nan,nan,2.3098803758621216,18.102402899855853
llasa1b,wr_no_t2_k24,word_rep,t2,24,2048,24,attention,,3.195441722869873,0.0010441243648529053,1.5950451294581097e-05,24,9,0.6,3.993831605408481,0.9830635808566407,0.031105683265366224,13,2.443197011947632,nan,nan,nan,2.5550127029418945,26.150770520153962
llasa1b,wr_no_t2_k24,word_rep,t2,24,2048,24,attention,,3.195441722869873,0.0010441243648529053,1.5950451294581097e-05,24,10,0.6666666666666666,4.319366794528995,0.9833289353439986,0.028034733361600783,13,2.6547911167144775,172.79430264352152,1.1551305382408474,3.502425994924222,3.312368392944336,15.789425184365168
llasa1b,wr_no_t2_k24,word_rep,t2,24,2048,24,attention,,3.195441722869873,0.0010441243648529053,1.5950451294581097e-05,24,11,0.7333333333333333,5.625255949004827,0.985358272841186,0.02128401823446635,13,3.490941286087036,nan,nan,nan,4.631035089492798,13.185516741170423
llasa1b,wr_no_t2_k24,word_rep,t2,24,2048,24,attention,,3.195441722869873,0.0010441243648529053,1.5950451294581097e-05,24,12,0.8,7.002376879074619,0.9864765669132272,0.017756925526156486,13,4.315491676330566,nan,nan,nan,7.191515922546387,0.0
llasa1b,wr_no_t2_k24,word_rep,t2,24,2048,24,attention,,3.195441722869873,0.0010441243648529053,1.5950451294581097e-05,24,13,0.8666666666666667,9.42920103443933,0.9865946299813119,0.017214613421660863,13,5.735568523406982,nan,nan,nan,12.059901237487793,0.0
llasa1b,wr_no_t2_k24,word_rep,t2,24,2048,24,attention,,3.195441722869873,0.0010441243648529053,1.5950451294581097e-05,24,14,0.9333333333333333,12.283016058438394,0.9838503602759098,0.023827396341558615,13,7.0819854736328125,nan,nan,nan,18.040839672088623,0.0
llasa1b,wr_no_t2_k24,word_rep,t2,24,2048,24,attention,,3.195441722869873,0.0010441243648529053,1.5950451294581097e-05,24,15,1.0,40.20621829184097,0.9801845508631567,0.04184285484602002,13,18.939674377441406,155.4080508318948,1.3871433160734294,1.9891084377534656,38.12021255493164,2.6619330061134794
llasa1b,wr_no_t2_k32,word_rep,t2,32,1174,32,attention,,3.389554977416992,0.0017437934875488281,2.0081177353858948e-05,32,0,0.0,2.518802239115048,0.9956104794520477,0.012648995423927945,17,1.627207636833191,224.1509719280697,0.8818089176387532,4.207021715363417,0.684734433889389,296.0794665201102
llasa1b,wr_no_t2_k32,word_rep,t2,32,1174,32,attention,,3.389554977416992,0.0017437934875488281,2.0081177353858948e-05,32,1,0.06666666666666667,3.526084994483098,0.9921552732090794,0.0442364502282685,17,2.0835726261138916,nan,nan,nan,1.0784475207328796,150.42115621439154
llasa1b,wr_no_t2_k32,word_rep,t2,32,1174,32,attention,,3.389554977416992,0.0017437934875488281,2.0081177353858948e-05,32,2,0.13333333333333333,4.503186729700298,0.9870776454498754,0.12786500991063443,17,2.459599733352661,nan,nan,nan,1.1806843876838684,102.92418250876919
llasa1b,wr_no_t2_k32,word_rep,t2,32,1174,32,attention,,3.389554977416992,0.0017437934875488281,2.0081177353858948e-05,32,3,0.2,5.9467205152722835,0.9830280865528487,0.23672817642343735,17,3.1887154579162598,nan,nan,nan,1.4041380882263184,84.32358151543497
llasa1b,wr_no_t2_k32,word_rep,t2,32,1174,32,attention,,3.389554977416992,0.0017437934875488281,2.0081177353858948e-05,32,4,0.26666666666666666,6.4392540831610265,0.9842190481696661,0.17417213859658898,17,3.503906726837158,nan,nan,nan,1.7103135585784912,83.34399472419226
llasa1b,wr_no_t2_k32,word_rep,t2,32,1174,32,attention,,3.389554977416992,0.0017437934875488281,2.0081177353858948e-05,32,5,0.3333333333333333,7.062846289064567,0.9837280688640768,0.17179457634332385,17,3.765977382659912,282.32028506875395,0.797125685157228,2.661066499912984,1.9094266891479492,79.73078140558226
llasa1b,wr_no_t2_k32,word_rep,t2,32,1174,32,attention,,3.389554977416992,0.0017437934875488281,2.0081177353858948e-05,32,6,0.4,7.22010036636982,0.9868713083488284,0.10996797804595548,17,3.9318687915802,nan,nan,nan,2.0492557287216187,95.29562611603644
llasa1b,wr_no_t2_k32,word_rep,t2,32,1174,32,attention,,3.389554977416992,0.0017437934875488281,2.0081177353858948e-05,32,7,0.4666666666666667,7.777157811093817,0.9875685523268225,0.08189888509268661,17,4.159641742706299,nan,nan,nan,2.1699390411376953,102.04290330546327
llasa1b,wr_no_t2_k32,word_rep,t2,32,1174,32,attention,,3.389554977416992,0.0017437934875488281,2.0081177353858948e-05,32,8,0.5333333333333333,8.431188922147381,0.9885666622627801,0.06081718289182858,17,4.408401966094971,nan,nan,nan,2.3098803758621216,112.59409032031958
llasa1b,wr_no_t2_k32,word_rep,t2,32,1174,32,attention,,3.389554977416992,0.0017437934875488281,2.0081177353858948e-05,32,9,0.6,9.695124320444632,0.987277877653449,0.07136643805697318,17,4.863887310028076,nan,nan,nan,2.5550127029418945,104.15439215042842
llasa1b,wr_no_t2_k32,word_rep,t2,32,1174,32,attention,,3.389554977416992,0.0017437934875488281,2.0081177353858948e-05,32,10,0.6666666666666666,11.815760236032514,0.9873489082943555,0.06872196295761634,17,5.752707004547119,241.05735340099048,0.9450609029892878,2.4519099910822493,3.312368392944336,99.88933034250196
llasa1b,wr_no_t2_k32,word_rep,t2,32,1174,32,attention,,3.389554977416992,0.0017437934875488281,2.0081177353858948e-05,32,11,0.7333333333333333,17.032060448499585,0.9873283818663039,0.08038927857319222,17,8.305010795593262,nan,nan,nan,4.631035089492798,102.12178814054884
llasa1b,wr_no_t2_k32,word_rep,t2,32,1174,32,attention,,3.389554977416992,0.0017437934875488281,2.0081177353858948e-05,32,12,0.8,25.90664313764457,0.9900352839955587,0.06733373729045089,17,14.282306671142578,nan,nan,nan,7.191515922546387,127.97167573374645
llasa1b,wr_no_t2_k32,word_rep,t2,32,1174,32,attention,,3.389554977416992,0.0017437934875488281,2.0081177353858948e-05,32,13,0.8666666666666667,42.314495303357184,0.9901838335410273,0.11664967985673147,17,27.491498947143555,nan,nan,nan,12.059901237487793,127.24649072301627
llasa1b,wr_no_t2_k32,word_rep,t2,32,1174,32,attention,,3.389554977416992,0.0017437934875488281,2.0081177353858948e-05,32,14,0.9333333333333333,66.8127388405317,0.9906150116945247,0.1320595998594013,17,45.02088165283203,nan,nan,nan,18.040839672088623,138.84965359164838
llasa1b,wr_no_t2_k32,word_rep,t2,32,1174,32,attention,,3.389554977416992,0.0017437934875488281,2.0081177353858948e-05,32,15,1.0,118.02145856838351,1.004210256236171,0.021959065745797757,17,93.75234985351562,200.9789450863623,1.1311597522645669,0.8233267027087517,38.12021255493164,inf
llasa1b,wr_quick_t5_k03,word_rep,t5,3,211,3,attention,,2.254058599472046,0.003136157989501953,0.00022061665852864584,3,0,0.0,nan,nan,nan,0,0.0,114.16290718940463,0.8535496479668119,3.2981315757065577,0.684734433889389,inf
llasa1b,wr_quick_t5_k03,word_rep,t5,3,211,3,attention,,2.254058599472046,0.003136157989501953,0.00022061665852864584,3,1,0.06666666666666667,nan,nan,nan,0,0.0,nan,nan,nan,1.0784475207328796,inf
llasa1b,wr_quick_t5_k03,word_rep,t5,3,211,3,attention,,2.254058599472046,0.003136157989501953,0.00022061665852864584,3,2,0.13333333333333333,nan,nan,nan,0,0.0,nan,nan,nan,1.1806843876838684,inf
llasa1b,wr_quick_t5_k03,word_rep,t5,3,211,3,attention,,2.254058599472046,0.003136157989501953,0.00022061665852864584,3,3,0.2,nan,nan,nan,0,0.0,nan,nan,nan,1.4041380882263184,inf
llasa1b,wr_quick_t5_k03,word_rep,t5,3,211,3,attention,,2.254058599472046,0.003136157989501953,0.00022061665852864584,3,4,0.26666666666666666,nan,nan,nan,0,0.0,nan,nan,nan,1.7103135585784912,inf
llasa1b,wr_quick_t5_k03,word_rep,t5,3,211,3,attention,,2.254058599472046,0.003136157989501953,0.00022061665852864584,3,5,0.3333333333333333,nan,nan,nan,0,0.0,140.70726542091933,0.7352295757482958,1.979516429102412,1.9094266891479492,inf
llasa1b,wr_quick_t5_k03,word_rep,t5,3,211,3,attention,,2.254058599472046,0.003136157989501953,0.00022061665852864584,3,6,0.4,nan,nan,nan,0,0.0,nan,nan,nan,2.0492557287216187,inf
llasa1b,wr_quick_t5_k03,word_rep,t5,3,211,3,attention,,2.254058599472046,0.003136157989501953,0.00022061665852864584,3,7,0.4666666666666667,nan,nan,nan,0,0.0,nan,nan,nan,2.1699390411376953,inf
llasa1b,wr_quick_t5_k03,word_rep,t5,3,211,3,attention,,2.254058599472046,0.003136157989501953,0.00022061665852864584,3,8,0.5333333333333333,nan,nan,nan,0,0.0,nan,nan,nan,2.3098803758621216,inf
llasa1b,wr_quick_t5_k03,word_rep,t5,3,211,3,attention,,2.254058599472046,0.003136157989501953,0.00022061665852864584,3,9,0.6,nan,nan,nan,0,0.0,nan,nan,nan,2.5550127029418945,inf
llasa1b,wr_quick_t5_k03,word_rep,t5,3,211,3,attention,,2.254058599472046,0.003136157989501953,0.00022061665852864584,3,10,0.6666666666666666,nan,nan,nan,0,0.0,126.91561315049658,0.8545199474070532,1.6825999262288613,3.312368392944336,inf
llasa1b,wr_quick_t5_k03,word_rep,t5,3,211,3,attention,,2.254058599472046,0.003136157989501953,0.00022061665852864584,3,11,0.7333333333333333,nan,nan,nan,0,0.0,nan,nan,nan,4.631035089492798,inf
llasa1b,wr_quick_t5_k03,word_rep,t5,3,211,3,attention,,2.254058599472046,0.003136157989501953,0.00022061665852864584,3,12,0.8,nan,nan,nan,0,0.0,nan,nan,nan,7.191515922546387,inf
llasa1b,wr_quick_t5_k03,word_rep,t5,3,211,3,attention,,2.254058599472046,0.003136157989501953,0.00022061665852864584,3,13,0.8666666666666667,nan,nan,nan,0,0.0,nan,nan,nan,12.059901237487793,inf
llasa1b,wr_quick_t5_k03,word_rep,t5,3,211,3,attention,,2.254058599472046,0.003136157989501953,0.00022061665852864584,3,14,0.9333333333333333,nan,nan,nan,0,0.0,nan,nan,nan,18.040839672088623,inf
llasa1b,wr_quick_t5_k03,word_rep,t5,3,211,3,attention,,2.254058599472046,0.003136157989501953,0.00022061665852864584,3,15,1.0,nan,nan,nan,0,0.0,109.65830207989416,0.9708712203890234,-0.006876774080788994,38.12021255493164,inf
llasa1b,wr_quick_t5_k04,word_rep,t5,4,400,4,attention,,2.3408756256103516,0.0019615888595581055,0.00011605024337768555,4,0,0.0,nan,nan,nan,1,0.0,184.01964992684077,0.9006116975090764,4.209050724660413,0.684734433889389,inf
llasa1b,wr_quick_t5_k04,word_rep,t5,4,400,4,attention,,2.3408756256103516,0.0019615888595581055,0.00011605024337768555,4,1,0.06666666666666667,nan,nan,nan,1,0.0,nan,nan,nan,1.0784475207328796,inf
llasa1b,wr_quick_t5_k04,word_rep,t5,4,400,4,attention,,2.3408756256103516,0.0019615888595581055,0.00011605024337768555,4,2,0.13333333333333333,nan,nan,nan,1,0.0,nan,nan,nan,1.1806843876838684,inf
llasa1b,wr_quick_t5_k04,word_rep,t5,4,400,4,attention,,2.3408756256103516,0.0019615888595581055,0.00011605024337768555,4,3,0.2,nan,nan,nan,1,0.0,nan,nan,nan,1.4041380882263184,inf
llasa1b,wr_quick_t5_k04,word_rep,t5,4,400,4,attention,,2.3408756256103516,0.0019615888595581055,0.00011605024337768555,4,4,0.26666666666666666,nan,nan,nan,1,0.0,nan,nan,nan,1.7103135585784912,inf
llasa1b,wr_quick_t5_k04,word_rep,t5,4,400,4,attention,,2.3408756256103516,0.0019615888595581055,0.00011605024337768555,4,5,0.3333333333333333,nan,nan,nan,1,0.0,227.92543504567686,0.8153477455075199,2.641635003845396,1.9094266891479492,inf
llasa1b,wr_quick_t5_k04,word_rep,t5,4,400,4,attention,,2.3408756256103516,0.0019615888595581055,0.00011605024337768555,4,6,0.4,nan,nan,nan,1,0.0,nan,nan,nan,2.0492557287216187,inf
llasa1b,wr_quick_t5_k04,word_rep,t5,4,400,4,attention,,2.3408756256103516,0.0019615888595581055,0.00011605024337768555,4,7,0.4666666666666667,nan,nan,nan,1,0.0,nan,nan,nan,2.1699390411376953,inf
llasa1b,wr_quick_t5_k04,word_rep,t5,4,400,4,attention,,2.3408756256103516,0.0019615888595581055,0.00011605024337768555,4,8,0.5333333333333333,nan,nan,nan,1,0.0,nan,nan,nan,2.3098803758621216,inf
llasa1b,wr_quick_t5_k04,word_rep,t5,4,400,4,attention,,2.3408756256103516,0.0019615888595581055,0.00011605024337768555,4,9,0.6,nan,nan,nan,1,0.0,nan,nan,nan,2.5550127029418945,inf
llasa1b,wr_quick_t5_k04,word_rep,t5,4,400,4,attention,,2.3408756256103516,0.0019615888595581055,0.00011605024337768555,4,10,0.6666666666666666,nan,nan,nan,1,0.0,193.50357332215415,0.9756853246709151,2.4069291748220243,3.312368392944336,inf
llasa1b,wr_quick_t5_k04,word_rep,t5,4,400,4,attention,,2.3408756256103516,0.0019615888595581055,0.00011605024337768555,4,11,0.7333333333333333,nan,nan,nan,1,0.0,nan,nan,nan,4.631035089492798,inf
llasa1b,wr_quick_t5_k04,word_rep,t5,4,400,4,attention,,2.3408756256103516,0.0019615888595581055,0.00011605024337768555,4,12,0.8,nan,nan,nan,1,0.0,nan,nan,nan,7.191515922546387,inf
llasa1b,wr_quick_t5_k04,word_rep,t5,4,400,4,attention,,2.3408756256103516,0.0019615888595581055,0.00011605024337768555,4,13,0.8666666666666667,nan,nan,nan,1,0.0,nan,nan,nan,12.059901237487793,inf
llasa1b,wr_quick_t5_k04,word_rep,t5,4,400,4,attention,,2.3408756256103516,0.0019615888595581055,0.00011605024337768555,4,14,0.9333333333333333,nan,nan,nan,1,0.0,nan,nan,nan,18.040839672088623,inf
llasa1b,wr_quick_t5_k04,word_rep,t5,4,400,4,attention,,2.3408756256103516,0.0019615888595581055,0.00011605024337768555,4,15,1.0,nan,nan,nan,1,0.0,158.39288683664716,1.1505984607338657,0.9605856740702313,38.12021255493164,inf
llasa1b,wr_quick_t5_k06,word_rep,t5,6,2048,6,attention,,2.4848203659057617,0.001031339168548584,6.50485356648763e-05,6,0,0.0,nan,nan,nan,0,0.0,66.68734336895082,1.6366457658805054,6.80563734602395,0.684734433889389,inf
llasa1b,wr_quick_t5_k06,word_rep,t5,6,2048,6,attention,,2.4848203659057617,0.001031339168548584,6.50485356648763e-05,6,1,0.06666666666666667,nan,nan,nan,0,0.0,nan,nan,nan,1.0784475207328796,inf
llasa1b,wr_quick_t5_k06,word_rep,t5,6,2048,6,attention,,2.4848203659057617,0.001031339168548584,6.50485356648763e-05,6,2,0.13333333333333333,nan,nan,nan,0,0.0,nan,nan,nan,1.1806843876838684,inf
llasa1b,wr_quick_t5_k06,word_rep,t5,6,2048,6,attention,,2.4848203659057617,0.001031339168548584,6.50485356648763e-05,6,3,0.2,nan,nan,nan,0,0.0,nan,nan,nan,1.4041380882263184,inf
llasa1b,wr_quick_t5_k06,word_rep,t5,6,2048,6,attention,,2.4848203659057617,0.001031339168548584,6.50485356648763e-05,6,4,0.26666666666666666,nan,nan,nan,0,0.0,nan,nan,nan,1.7103135585784912,inf
llasa1b,wr_quick_t5_k06,word_rep,t5,6,2048,6,attention,,2.4848203659057617,0.001031339168548584,6.50485356648763e-05,6,5,0.3333333333333333,nan,nan,nan,0,0.0,90.93127826522624,1.4791232001110732,5.151767128746709,1.9094266891479492,inf
llasa1b,wr_quick_t5_k06,word_rep,t5,6,2048,6,attention,,2.4848203659057617,0.001031339168548584,6.50485356648763e-05,6,6,0.4,nan,nan,nan,0,0.0,nan,nan,nan,2.0492557287216187,inf
llasa1b,wr_quick_t5_k06,word_rep,t5,6,2048,6,attention,,2.4848203659057617,0.001031339168548584,6.50485356648763e-05,6,7,0.4666666666666667,nan,nan,nan,0,0.0,nan,nan,nan,2.1699390411376953,inf
llasa1b,wr_quick_t5_k06,word_rep,t5,6,2048,6,attention,,2.4848203659057617,0.001031339168548584,6.50485356648763e-05,6,8,0.5333333333333333,nan,nan,nan,0,0.0,nan,nan,nan,2.3098803758621216,inf
llasa1b,wr_quick_t5_k06,word_rep,t5,6,2048,6,attention,,2.4848203659057617,0.001031339168548584,6.50485356648763e-05,6,9,0.6,nan,nan,nan,0,0.0,nan,nan,nan,2.5550127029418945,inf
llasa1b,wr_quick_t5_k06,word_rep,t5,6,2048,6,attention,,2.4848203659057617,0.001031339168548584,6.50485356648763e-05,6,10,0.6666666666666666,nan,nan,nan,0,0.0,91.80434141305975,1.4390275120649585,4.493510104200249,3.312368392944336,inf
llasa1b,wr_quick_t5_k06,word_rep,t5,6,2048,6,attention,,2.4848203659057617,0.001031339168548584,6.50485356648763e-05,6,11,0.7333333333333333,nan,nan,nan,0,0.0,nan,nan,nan,4.631035089492798,inf
llasa1b,wr_quick_t5_k06,word_rep,t5,6,2048,6,attention,,2.4848203659057617,0.001031339168548584,6.50485356648763e-05,6,12,0.8,nan,nan,nan,0,0.0,nan,nan,nan,7.191515922546387,inf
llasa1b,wr_quick_t5_k06,word_rep,t5,6,2048,6,attention,,2.4848203659057617,0.001031339168548584,6.50485356648763e-05,6,13,0.8666666666666667,nan,nan,nan,0,0.0,nan,nan,nan,12.059901237487793,inf
llasa1b,wr_quick_t5_k06,word_rep,t5,6,2048,6,attention,,2.4848203659057617,0.001031339168548584,6.50485356648763e-05,6,14,0.9333333333333333,nan,nan,nan,0,0.0,nan,nan,nan,18.040839672088623,inf
llasa1b,wr_quick_t5_k06,word_rep,t5,6,2048,6,attention,,2.4848203659057617,0.001031339168548584,6.50485356648763e-05,6,15,1.0,nan,nan,nan,0,0.0,74.08062019552942,1.5802298440971378,2.999473789765976,38.12021255493164,inf
llasa1b,wr_quick_t5_k08,word_rep,t5,8,331,8,attention,,2.6164112091064453,0.0039174556732177734,0.00019681453704833984,8,0,0.0,nan,nan,nan,0,0.0,174.2841482950122,0.8197563725331791,3.3775285270723283,0.684734433889389,inf
llasa1b,wr_quick_t5_k08,word_rep,t5,8,331,8,attention,,2.6164112091064453,0.0039174556732177734,0.00019681453704833984,8,1,0.06666666666666667,nan,nan,nan,0,0.0,nan,nan,nan,1.0784475207328796,inf
llasa1b,wr_quick_t5_k08,word_rep,t5,8,331,8,attention,,2.6164112091064453,0.0039174556732177734,0.00019681453704833984,8,2,0.13333333333333333,nan,nan,nan,0,0.0,nan,nan,nan,1.1806843876838684,inf
llasa1b,wr_quick_t5_k08,word_rep,t5,8,331,8,attention,,2.6164112091064453,0.0039174556732177734,0.00019681453704833984,8,3,0.2,nan,nan,nan,0,0.0,nan,nan,nan,1.4041380882263184,inf
llasa1b,wr_quick_t5_k08,word_rep,t5,8,331,8,attention,,2.6164112091064453,0.0039174556732177734,0.00019681453704833984,8,4,0.26666666666666666,nan,nan,nan,0,0.0,nan,nan,nan,1.7103135585784912,inf
llasa1b,wr_quick_t5_k08,word_rep,t5,8,331,8,attention,,2.6164112091064453,0.0039174556732177734,0.00019681453704833984,8,5,0.3333333333333333,nan,nan,nan,0,0.0,197.0453574070617,0.7985546530384786,2.3843372320902847,1.9094266891479492,inf
llasa1b,wr_quick_t5_k08,word_rep,t5,8,331,8,attention,,2.6164112091064453,0.0039174556732177734,0.00019681453704833984,8,6,0.4,nan,nan,nan,0,0.0,nan,nan,nan,2.0492557287216187,inf
llasa1b,wr_quick_t5_k08,word_rep,t5,8,331,8,attention,,2.6164112091064453,0.0039174556732177734,0.00019681453704833984,8,7,0.4666666666666667,nan,nan,nan,0,0.0,nan,nan,nan,2.1699390411376953,inf
llasa1b,wr_quick_t5_k08,word_rep,t5,8,331,8,attention,,2.6164112091064453,0.0039174556732177734,0.00019681453704833984,8,8,0.5333333333333333,nan,nan,nan,0,0.0,nan,nan,nan,2.3098803758621216,inf
llasa1b,wr_quick_t5_k08,word_rep,t5,8,331,8,attention,,2.6164112091064453,0.0039174556732177734,0.00019681453704833984,8,9,0.6,nan,nan,nan,0,0.0,nan,nan,nan,2.5550127029418945,inf
llasa1b,wr_quick_t5_k08,word_rep,t5,8,331,8,attention,,2.6164112091064453,0.0039174556732177734,0.00019681453704833984,8,10,0.6666666666666666,nan,nan,nan,0,0.0,173.83040314056421,0.9519224512339077,2.0832074170011365,3.312368392944336,inf
llasa1b,wr_quick_t5_k08,word_rep,t5,8,331,8,attention,,2.6164112091064453,0.0039174556732177734,0.00019681453704833984,8,11,0.7333333333333333,nan,nan,nan,0,0.0,nan,nan,nan,4.631035089492798,inf
llasa1b,wr_quick_t5_k08,word_rep,t5,8,331,8,attention,,2.6164112091064453,0.0039174556732177734,0.00019681453704833984,8,12,0.8,nan,nan,nan,0,0.0,nan,nan,nan,7.191515922546387,inf
llasa1b,wr_quick_t5_k08,word_rep,t5,8,331,8,attention,,2.6164112091064453,0.0039174556732177734,0.00019681453704833984,8,13,0.8666666666666667,nan,nan,nan,0,0.0,nan,nan,nan,12.059901237487793,inf
llasa1b,wr_quick_t5_k08,word_rep,t5,8,331,8,attention,,2.6164112091064453,0.0039174556732177734,0.00019681453704833984,8,14,0.9333333333333333,nan,nan,nan,0,0.0,nan,nan,nan,18.040839672088623,inf
llasa1b,wr_quick_t5_k08,word_rep,t5,8,331,8,attention,,2.6164112091064453,0.0039174556732177734,0.00019681453704833984,8,15,1.0,nan,nan,nan,0,0.0,151.84765492645892,1.0654799111498348,0.27199870755977906,38.12021255493164,inf
llasa1b,wr_quick_t5_k12,word_rep,t5,12,601,12,attention,,2.835968017578125,0.00247955322265625,0.00010148684183756511,12,0,0.0,nan,nan,nan,2,0.0,200.20437314289933,0.9495860469085955,5.001383401771568,0.684734433889389,inf
llasa1b,wr_quick_t5_k12,word_rep,t5,12,601,12,attention,,2.835968017578125,0.00247955322265625,0.00010148684183756511,12,1,0.06666666666666667,nan,nan,nan,2,0.0,nan,nan,nan,1.0784475207328796,inf
llasa1b,wr_quick_t5_k12,word_rep,t5,12,601,12,attention,,2.835968017578125,0.00247955322265625,0.00010148684183756511,12,2,0.13333333333333333,nan,nan,nan,2,0.0,nan,nan,nan,1.1806843876838684,inf
llasa1b,wr_quick_t5_k12,word_rep,t5,12,601,12,attention,,2.835968017578125,0.00247955322265625,0.00010148684183756511,12,3,0.2,nan,nan,nan,2,0.0,nan,nan,nan,1.4041380882263184,inf
llasa1b,wr_quick_t5_k12,word_rep,t5,12,601,12,attention,,2.835968017578125,0.00247955322265625,0.00010148684183756511,12,4,0.26666666666666666,nan,nan,nan,2,0.0,nan,nan,nan,1.7103135585784912,inf
llasa1b,wr_quick_t5_k12,word_rep,t5,12,601,12,attention,,2.835968017578125,0.00247955322265625,0.00010148684183756511,12,5,0.3333333333333333,nan,nan,nan,2,0.0,245.4078661734655,0.8762968769685493,3.194106686195118,1.9094266891479492,inf
llasa1b,wr_quick_t5_k12,word_rep,t5,12,601,12,attention,,2.835968017578125,0.00247955322265625,0.00010148684183756511,12,6,0.4,nan,nan,nan,2,0.0,nan,nan,nan,2.0492557287216187,inf
llasa1b,wr_quick_t5_k12,word_rep,t5,12,601,12,attention,,2.835968017578125,0.00247955322265625,0.00010148684183756511,12,7,0.4666666666666667,nan,nan,nan,2,0.0,nan,nan,nan,2.1699390411376953,inf
llasa1b,wr_quick_t5_k12,word_rep,t5,12,601,12,attention,,2.835968017578125,0.00247955322265625,0.00010148684183756511,12,8,0.5333333333333333,nan,nan,nan,2,0.0,nan,nan,nan,2.3098803758621216,inf
llasa1b,wr_quick_t5_k12,word_rep,t5,12,601,12,attention,,2.835968017578125,0.00247955322265625,0.00010148684183756511,12,9,0.6,nan,nan,nan,2,0.0,nan,nan,nan,2.5550127029418945,inf
llasa1b,wr_quick_t5_k12,word_rep,t5,12,601,12,attention,,2.835968017578125,0.00247955322265625,0.00010148684183756511,12,10,0.6666666666666666,nan,nan,nan,2,0.0,199.57585194775808,1.0414257965993152,2.9607885995445185,3.312368392944336,inf
llasa1b,wr_quick_t5_k12,word_rep,t5,12,601,12,attention,,2.835968017578125,0.00247955322265625,0.00010148684183756511,12,11,0.7333333333333333,nan,nan,nan,2,0.0,nan,nan,nan,4.631035089492798,inf
llasa1b,wr_quick_t5_k12,word_rep,t5,12,601,12,attention,,2.835968017578125,0.00247955322265625,0.00010148684183756511,12,12,0.8,nan,nan,nan,2,0.0,nan,nan,nan,7.191515922546387,inf
llasa1b,wr_quick_t5_k12,word_rep,t5,12,601,12,attention,,2.835968017578125,0.00247955322265625,0.00010148684183756511,12,13,0.8666666666666667,nan,nan,nan,2,0.0,nan,nan,nan,12.059901237487793,inf
llasa1b,wr_quick_t5_k12,word_rep,t5,12,601,12,attention,,2.835968017578125,0.00247955322265625,0.00010148684183756511,12,14,0.9333333333333333,nan,nan,nan,2,0.0,nan,nan,nan,18.040839672088623,inf
llasa1b,wr_quick_t5_k12,word_rep,t5,12,601,12,attention,,2.835968017578125,0.00247955322265625,0.00010148684183756511,12,15,1.0,nan,nan,nan,2,0.0,169.18084862094435,1.211609364786099,1.5285339601549628,38.12021255493164,inf
llasa1b,wr_quick_t5_k16,word_rep,t5,16,2048,16,attention,,3.0077731609344482,0.001362442970275879,4.678964614868164e-05,16,0,0.0,nan,nan,nan,0,0.0,104.48300290169003,1.9410116290305848,6.695273980213524,0.684734433889389,inf
llasa1b,wr_quick_t5_k16,word_rep,t5,16,2048,16,attention,,3.0077731609344482,0.001362442970275879,4.678964614868164e-05,16,1,0.06666666666666667,nan,nan,nan,0,0.0,nan,nan,nan,1.0784475207328796,inf
llasa1b,wr_quick_t5_k16,word_rep,t5,16,2048,16,attention,,3.0077731609344482,0.001362442970275879,4.678964614868164e-05,16,2,0.13333333333333333,nan,nan,nan,0,0.0,nan,nan,nan,1.1806843876838684,inf
llasa1b,wr_quick_t5_k16,word_rep,t5,16,2048,16,attention,,3.0077731609344482,0.001362442970275879,4.678964614868164e-05,16,3,0.2,nan,nan,nan,0,0.0,nan,nan,nan,1.4041380882263184,inf
llasa1b,wr_quick_t5_k16,word_rep,t5,16,2048,16,attention,,3.0077731609344482,0.001362442970275879,4.678964614868164e-05,16,4,0.26666666666666666,nan,nan,nan,0,0.0,nan,nan,nan,1.7103135585784912,inf
llasa1b,wr_quick_t5_k16,word_rep,t5,16,2048,16,attention,,3.0077731609344482,0.001362442970275879,4.678964614868164e-05,16,5,0.3333333333333333,nan,nan,nan,0,0.0,132.5218608563197,1.577289174032919,4.935563339009992,1.9094266891479492,inf
llasa1b,wr_quick_t5_k16,word_rep,t5,16,2048,16,attention,,3.0077731609344482,0.001362442970275879,4.678964614868164e-05,16,6,0.4,nan,nan,nan,0,0.0,nan,nan,nan,2.0492557287216187,inf
llasa1b,wr_quick_t5_k16,word_rep,t5,16,2048,16,attention,,3.0077731609344482,0.001362442970275879,4.678964614868164e-05,16,7,0.4666666666666667,nan,nan,nan,0,0.0,nan,nan,nan,2.1699390411376953,inf
llasa1b,wr_quick_t5_k16,word_rep,t5,16,2048,16,attention,,3.0077731609344482,0.001362442970275879,4.678964614868164e-05,16,8,0.5333333333333333,nan,nan,nan,0,0.0,nan,nan,nan,2.3098803758621216,inf
llasa1b,wr_quick_t5_k16,word_rep,t5,16,2048,16,attention,,3.0077731609344482,0.001362442970275879,4.678964614868164e-05,16,9,0.6,nan,nan,nan,0,0.0,nan,nan,nan,2.5550127029418945,inf
llasa1b,wr_quick_t5_k16,word_rep,t5,16,2048,16,attention,,3.0077731609344482,0.001362442970275879,4.678964614868164e-05,16,10,0.6666666666666666,nan,nan,nan,0,0.0,118.33627867709238,1.5746433768720995,4.358914032280922,3.312368392944336,inf
llasa1b,wr_quick_t5_k16,word_rep,t5,16,2048,16,attention,,3.0077731609344482,0.001362442970275879,4.678964614868164e-05,16,11,0.7333333333333333,nan,nan,nan,0,0.0,nan,nan,nan,4.631035089492798,inf
llasa1b,wr_quick_t5_k16,word_rep,t5,16,2048,16,attention,,3.0077731609344482,0.001362442970275879,4.678964614868164e-05,16,12,0.8,nan,nan,nan,0,0.0,nan,nan,nan,7.191515922546387,inf
llasa1b,wr_quick_t5_k16,word_rep,t5,16,2048,16,attention,,3.0077731609344482,0.001362442970275879,4.678964614868164e-05,16,13,0.8666666666666667,nan,nan,nan,0,0.0,nan,nan,nan,12.059901237487793,inf
llasa1b,wr_quick_t5_k16,word_rep,t5,16,2048,16,attention,,3.0077731609344482,0.001362442970275879,4.678964614868164e-05,16,14,0.9333333333333333,nan,nan,nan,0,0.0,nan,nan,nan,18.040839672088623,inf
llasa1b,wr_quick_t5_k16,word_rep,t5,16,2048,16,attention,,3.0077731609344482,0.001362442970275879,4.678964614868164e-05,16,15,1.0,nan,nan,nan,0,0.0,99.80733758331037,1.8661361868093556,2.8267742612365057,38.12021255493164,inf
llasa1b,wr_quick_t5_k24,word_rep,t5,24,544,24,attention,,3.3085107803344727,0.003607809543609619,9.399652481079102e-05,24,0,0.0,2.7427819788065326,1.0006097039700657,0.00015456495100441003,13,1.561638593673706,224.24490268848763,0.885256884985543,4.187563033677341,0.684734433889389,inf
llasa1b,wr_quick_t5_k24,word_rep,t5,24,544,24,attention,,3.3085107803344727,0.003607809543609619,9.399652481079102e-05,24,1,0.06666666666666667,3.6049611702799176,0.9981847805229282,0.0014078290276683392,13,2.12447452545166,nan,nan,nan,1.0784475207328796,664.2132612777461
llasa1b,wr_quick_t5_k24,word_rep,t5,24,544,24,attention,,3.3085107803344727,0.003607809543609619,9.399652481079102e-05,24,2,0.13333333333333333,4.147663457449189,0.9972057236215557,0.0029101491132473845,13,2.2470529079437256,nan,nan,nan,1.1806843876838684,449.0230991298322
llasa1b,wr_quick_t5_k24,word_rep,t5,24,544,24,attention,,3.3085107803344727,0.003607809543609619,9.399652481079102e-05,24,3,0.2,4.918432041177765,0.9955574691535396,0.006730551817100694,13,2.536177635192871,nan,nan,nan,1.4041380882263184,281.54662477485925
llasa1b,wr_quick_t5_k24,word_rep,t5,24,544,24,attention,,3.3085107803344727,0.003607809543609619,9.399652481079102e-05,24,4,0.26666666666666666,5.9848465496418966,0.9930875834465672,0.01629390010389342,13,2.9760923385620117,nan,nan,nan,1.7103135585784912,180.57648529008682
llasa1b,wr_quick_t5_k24,word_rep,t5,24,544,24,attention,,3.3085107803344727,0.003607809543609619,9.399652481079102e-05,24,5,0.3333333333333333,7.008242862987833,0.9896183731569925,0.03669246367670376,13,3.2053375244140625,254.76511545832489,0.8697265678474321,2.9163112239300353,1.9094266891479492,124.59730275463427
llasa1b,wr_quick_t5_k24,word_rep,t5,24,544,24,attention,,3.3085107803344727,0.003607809543609619,9.399652481079102e-05,24,6,0.4,7.977599269635794,0.9868023861334794,0.06138036054123108,13,3.561709403991699,nan,nan,nan,2.0492557287216187,102.30426266071277
llasa1b,wr_quick_t5_k24,word_rep,t5,24,544,24,attention,,3.3085107803344727,0.003607809543609619,9.399652481079102e-05,24,7,0.4666666666666667,9.56070687717897,0.9827987261322434,0.08795915837815238,13,3.886240005493164,nan,nan,nan,2.1699390411376953,85.468744645335
llasa1b,wr_quick_t5_k24,word_rep,t5,24,544,24,attention,,3.3085107803344727,0.003607809543609619,9.399652481079102e-05,24,8,0.5333333333333333,11.129887220141619,0.980057948540717,0.1055210935841121,13,4.149402141571045,nan,nan,nan,2.3098803758621216,78.06151926418208
llasa1b,wr_quick_t5_k24,word_rep,t5,24,544,24,attention,,3.3085107803344727,0.003607809543609619,9.399652481079102e-05,24,9,0.6,12.402136080020767,0.9814029412048599,0.09067531119255778,13,4.6716532707214355,nan,nan,nan,2.5550127029418945,84.15715948283291
llasa1b,wr_quick_t5_k24,word_rep,t5,24,544,24,attention,,3.3085107803344727,0.003607809543609619,9.399652481079102e-05,24,10,0.6666666666666666,14.90978370515179,0.9838101969290088,0.0662180498815087,13,5.290732383728027,213.09741658132896,1.0250109806256114,2.675662411688002,3.312368392944336,92.16563221655589
llasa1b,wr_quick_t5_k24,word_rep,t5,24,544,24,attention,,3.3085107803344727,0.003607809543609619,9.399652481079102e-05,24,11,0.7333333333333333,19.99058548481218,0.9861393217283934,0.05269053476829977,13,7.3260178565979,nan,nan,nan,4.631035089492798,104.78000690764294
llasa1b,wr_quick_t5_k24,word_rep,t5,24,544,24,attention,,3.3085107803344727,0.003607809543609619,9.399652481079102e-05,24,12,0.8,29.323170449323232,0.9894528633644221,0.03717664503597584,13,11.896997451782227,nan,nan,nan,7.191515922546387,132.55266268164834
llasa1b,wr_quick_t5_k24,word_rep,t5,24,544,24,attention,,3.3085107803344727,0.003607809543609619,9.399652481079102e-05,24,13,0.8666666666666667,44.6881643133813,0.9911122252474397,0.030708951713718347,13,21.40591812133789,nan,nan,nan,12.059901237487793,146.71763801287278
llasa1b,wr_quick_t5_k24,word_rep,t5,24,544,24,attention,,3.3085107803344727,0.003607809543609619,9.399652481079102e-05,24,14,0.9333333333333333,67.21888698653402,0.9966321050874478,0.0050165033338618326,13,34.30112838745117,nan,nan,nan,18.040839672088623,389.8874730852113
llasa1b,wr_quick_t5_k24,word_rep,t5,24,544,24,attention,,3.3085107803344727,0.003607809543609619,9.399652481079102e-05,24,15,1.0,168.18759686649778,0.986733136666241,0.06639455152737017,13,86.58985900878906,180.43702106816198,1.208713204114686,1.136623059500205,38.12021255493164,111.13909583744139
llasa1b,wr_quick_t5_k32,word_rep,t5,32,1919,32,attention,,3.4416096210479736,0.0017347335815429688,3.0234456062316895e-05,32,0,0.0,1.715815972383138,1.0048661752178443,0.014448977462493517,13,0.0,199.86251752519908,0.9760548397951802,4.792967509041818,0.684734433889389,inf
llasa1b,wr_quick_t5_k32,word_rep,t5,32,1919,32,attention,,3.4416096210479736,0.0017347335815429688,3.0234456062316895e-05,32,1,0.06666666666666667,2.473227505863829,0.9998822775409597,9.32773652473351e-06,13,0.0,nan,nan,nan,1.0784475207328796,7050.07867609943
llasa1b,wr_quick_t5_k32,word_rep,t5,32,1919,32,attention,,3.4416096210479736,0.0017347335815429688,3.0234456062316895e-05,32,2,0.13333333333333333,3.767155395055912,0.9878444865570523,0.10556360471716197,13,0.0,nan,nan,nan,1.1806843876838684,94.86723705596557
llasa1b,wr_quick_t5_k32,word_rep,t5,32,1919,32,attention,,3.4416096210479736,0.0017347335815429688,3.0234456062316895e-05,32,3,0.2,5.375937659462137,0.9809807156744403,0.2327633028701399,13,0.0,nan,nan,nan,1.4041380882263184,69.91334099811543
llasa1b,wr_quick_t5_k32,word_rep,t5,32,1919,32,attention,,3.4416096210479736,0.0017347335815429688,3.0234456062316895e-05,32,4,0.26666666666666666,6.903218752022833,0.972644050826753,0.35285321386438573,13,0.0,nan,nan,nan,1.7103135585784912,50.30488261395506
llasa1b,wr_quick_t5_k32,word_rep,t5,32,1919,32,attention,,3.4416096210479736,0.0017347335815429688,3.0234456062316895e-05,32,5,0.3333333333333333,8.725697236494405,0.965674477960332,0.42917570681712014,13,0.0,219.90355081316727,0.9963531433121485,3.587716416257635,1.9094266891479492,43.502302536881686
llasa1b,wr_quick_t5_k32,word_rep,t5,32,1919,32,attention,,3.4416096210479736,0.0017347335815429688,3.0234456062316895e-05,32,6,0.4,11.193973821312264,0.9586523637643232,0.5091932964008157,13,0.0,nan,nan,nan,2.0492557287216187,40.20906581588721
llasa1b,wr_quick_t5_k32,word_rep,t5,32,1919,32,attention,,3.4416096210479736,0.0017347335815429688,3.0234456062316895e-05,32,7,0.4666666666666667,12.09342655552165,0.9575006605416883,0.4496157237166951,13,0.0,nan,nan,nan,2.1699390411376953,39.55808765152636
llasa1b,wr_quick_t5_k32,word_rep,t5,32,1919,32,attention,,3.4416096210479736,0.0017347335815429688,3.0234456062316895e-05,32,8,0.5333333333333333,14.345590822186523,0.9530597773601304,0.47799072562397305,13,0.0,nan,nan,nan,2.3098803758621216,37.985359673897776
llasa1b,wr_quick_t5_k32,word_rep,t5,32,1919,32,attention,,3.4416096210479736,0.0017347335815429688,3.0234456062316895e-05,32,9,0.6,16.019738590796166,0.9520590539002313,0.47879519653443203,13,0.0,nan,nan,nan,2.5550127029418945,37.366805192150494
llasa1b,wr_quick_t5_k32,word_rep,t5,32,1919,32,attention,,3.4416096210479736,0.0017347335815429688,3.0234456062316895e-05,32,10,0.6666666666666666,17.84656389494655,0.9542738262609147,0.421403805377078,13,0.0,184.7941277128981,1.1880070273826489,3.444743344602114,3.312368392944336,35.9825069250094
llasa1b,wr_quick_t5_k32,word_rep,t5,32,1919,32,attention,,3.4416096210479736,0.0017347335815429688,3.0234456062316895e-05,32,11,0.7333333333333333,21.194184801632773,0.9602388514591467,0.3530215993601431,13,0.0,nan,nan,nan,4.631035089492798,37.48645948801901
llasa1b,wr_quick_t5_k32,word_rep,t5,32,1919,32,attention,,3.4416096210479736,0.0017347335815429688,3.0234456062316895e-05,32,12,0.8,23.83415334142507,0.9764278921435241,0.17507457181928332,13,0.0,nan,nan,nan,7.191515922546387,50.23051751260442
llasa1b,wr_quick_t5_k32,word_rep,t5,32,1919,32,attention,,3.4416096210479736,0.0017347335815429688,3.0234456062316895e-05,32,13,0.8666666666666667,28.09682083437175,0.994389510001682,0.011818405174508495,13,0.0,nan,nan,nan,12.059901237487793,150.32476887725653
llasa1b,wr_quick_t5_k32,word_rep,t5,32,1919,32,attention,,3.4416096210479736,0.0017347335815429688,3.0234456062316895e-05,32,14,0.9333333333333333,30.966935915322615,1.0128967682948016,0.060172406530137446,13,0.0,nan,nan,nan,18.040839672088623,inf
llasa1b,wr_quick_t5_k32,word_rep,t5,32,1919,32,attention,,3.4416096210479736,0.0017347335815429688,3.0234456062316895e-05,32,15,1.0,68.96653125657733,1.0143991489248836,0.060370140944435935,13,0.0,164.9279091597638,1.353315326411372,1.81107391475548,38.12021255493164,inf
llasa1b,wr_really_t6_k03,word_rep,t6,3,223,3,attention,,2.280449151992798,0.0029554367065429688,0.0002311070760091146,3,0,0.0,nan,nan,nan,0,0.0,122.19953006359673,0.8434655181713432,3.252448324971297,0.684734433889389,inf
llasa1b,wr_really_t6_k03,word_rep,t6,3,223,3,attention,,2.280449151992798,0.0029554367065429688,0.0002311070760091146,3,1,0.06666666666666667,nan,nan,nan,0,0.0,nan,nan,nan,1.0784475207328796,inf
llasa1b,wr_really_t6_k03,word_rep,t6,3,223,3,attention,,2.280449151992798,0.0029554367065429688,0.0002311070760091146,3,2,0.13333333333333333,nan,nan,nan,0,0.0,nan,nan,nan,1.1806843876838684,inf
llasa1b,wr_really_t6_k03,word_rep,t6,3,223,3,attention,,2.280449151992798,0.0029554367065429688,0.0002311070760091146,3,3,0.2,nan,nan,nan,0,0.0,nan,nan,nan,1.4041380882263184,inf
llasa1b,wr_really_t6_k03,word_rep,t6,3,223,3,attention,,2.280449151992798,0.0029554367065429688,0.0002311070760091146,3,4,0.26666666666666666,nan,nan,nan,0,0.0,nan,nan,nan,1.7103135585784912,inf
llasa1b,wr_really_t6_k03,word_rep,t6,3,223,3,attention,,2.280449151992798,0.0029554367065429688,0.0002311070760091146,3,5,0.3333333333333333,nan,nan,nan,0,0.0,148.3541246978276,0.7400921506721037,2.0176194436957178,1.9094266891479492,inf
llasa1b,wr_really_t6_k03,word_rep,t6,3,223,3,attention,,2.280449151992798,0.0029554367065429688,0.0002311070760091146,3,6,0.4,nan,nan,nan,0,0.0,nan,nan,nan,2.0492557287216187,inf
llasa1b,wr_really_t6_k03,word_rep,t6,3,223,3,attention,,2.280449151992798,0.0029554367065429688,0.0002311070760091146,3,7,0.4666666666666667,nan,nan,nan,0,0.0,nan,nan,nan,2.1699390411376953,inf
llasa1b,wr_really_t6_k03,word_rep,t6,3,223,3,attention,,2.280449151992798,0.0029554367065429688,0.0002311070760091146,3,8,0.5333333333333333,nan,nan,nan,0,0.0,nan,nan,nan,2.3098803758621216,inf
llasa1b,wr_really_t6_k03,word_rep,t6,3,223,3,attention,,2.280449151992798,0.0029554367065429688,0.0002311070760091146,3,9,0.6,nan,nan,nan,0,0.0,nan,nan,nan,2.5550127029418945,inf
llasa1b,wr_really_t6_k03,word_rep,t6,3,223,3,attention,,2.280449151992798,0.0029554367065429688,0.0002311070760091146,3,10,0.6666666666666666,nan,nan,nan,0,0.0,131.83212174791964,0.8703917794860794,1.7455870918290315,3.312368392944336,inf
llasa1b,wr_really_t6_k03,word_rep,t6,3,223,3,attention,,2.280449151992798,0.0029554367065429688,0.0002311070760091146,3,11,0.7333333333333333,nan,nan,nan,0,0.0,nan,nan,nan,4.631035089492798,inf
llasa1b,wr_really_t6_k03,word_rep,t6,3,223,3,attention,,2.280449151992798,0.0029554367065429688,0.0002311070760091146,3,12,0.8,nan,nan,nan,0,0.0,nan,nan,nan,7.191515922546387,inf
llasa1b,wr_really_t6_k03,word_rep,t6,3,223,3,attention,,2.280449151992798,0.0029554367065429688,0.0002311070760091146,3,13,0.8666666666666667,nan,nan,nan,0,0.0,nan,nan,nan,12.059901237487793,inf
llasa1b,wr_really_t6_k03,word_rep,t6,3,223,3,attention,,2.280449151992798,0.0029554367065429688,0.0002311070760091146,3,14,0.9333333333333333,nan,nan,nan,0,0.0,nan,nan,nan,18.040839672088623,inf
llasa1b,wr_really_t6_k03,word_rep,t6,3,223,3,attention,,2.280449151992798,0.0029554367065429688,0.0002311070760091146,3,15,1.0,nan,nan,nan,0,0.0,116.18678556737224,0.9830700104172472,-0.046276941427649744,38.12021255493164,inf
llasa1b,wr_really_t6_k04,word_rep,t6,4,351,4,attention,,2.366231918334961,0.0019981861114501953,0.00014162063598632812,4,0,0.0,nan,nan,nan,0,0.0,174.24907748294575,0.863232808215422,3.773116614515859,0.684734433889389,inf
llasa1b,wr_really_t6_k04,word_rep,t6,4,351,4,attention,,2.366231918334961,0.0019981861114501953,0.00014162063598632812,4,1,0.06666666666666667,nan,nan,nan,0,0.0,nan,nan,nan,1.0784475207328796,inf
llasa1b,wr_really_t6_k04,word_rep,t6,4,351,4,attention,,2.366231918334961,0.0019981861114501953,0.00014162063598632812,4,2,0.13333333333333333,nan,nan,nan,0,0.0,nan,nan,nan,1.1806843876838684,inf
llasa1b,wr_really_t6_k04,word_rep,t6,4,351,4,attention,,2.366231918334961,0.0019981861114501953,0.00014162063598632812,4,3,0.2,nan,nan,nan,0,0.0,nan,nan,nan,1.4041380882263184,inf
llasa1b,wr_really_t6_k04,word_rep,t6,4,351,4,attention,,2.366231918334961,0.0019981861114501953,0.00014162063598632812,4,4,0.26666666666666666,nan,nan,nan,0,0.0,nan,nan,nan,1.7103135585784912,inf
llasa1b,wr_really_t6_k04,word_rep,t6,4,351,4,attention,,2.366231918334961,0.0019981861114501953,0.00014162063598632812,4,5,0.3333333333333333,nan,nan,nan,0,0.0,216.37235849252295,0.7715860949678568,2.397711249992869,1.9094266891479492,inf
llasa1b,wr_really_t6_k04,word_rep,t6,4,351,4,attention,,2.366231918334961,0.0019981861114501953,0.00014162063598632812,4,6,0.4,nan,nan,nan,0,0.0,nan,nan,nan,2.0492557287216187,inf
llasa1b,wr_really_t6_k04,word_rep,t6,4,351,4,attention,,2.366231918334961,0.0019981861114501953,0.00014162063598632812,4,7,0.4666666666666667,nan,nan,nan,0,0.0,nan,nan,nan,2.1699390411376953,inf
llasa1b,wr_really_t6_k04,word_rep,t6,4,351,4,attention,,2.366231918334961,0.0019981861114501953,0.00014162063598632812,4,8,0.5333333333333333,nan,nan,nan,0,0.0,nan,nan,nan,2.3098803758621216,inf
llasa1b,wr_really_t6_k04,word_rep,t6,4,351,4,attention,,2.366231918334961,0.0019981861114501953,0.00014162063598632812,4,9,0.6,nan,nan,nan,0,0.0,nan,nan,nan,2.5550127029418945,inf
llasa1b,wr_really_t6_k04,word_rep,t6,4,351,4,attention,,2.366231918334961,0.0019981861114501953,0.00014162063598632812,4,10,0.6666666666666666,nan,nan,nan,0,0.0,180.55199968828742,0.9507028608512025,2.2130857864683446,3.312368392944336,inf
llasa1b,wr_really_t6_k04,word_rep,t6,4,351,4,attention,,2.366231918334961,0.0019981861114501953,0.00014162063598632812,4,11,0.7333333333333333,nan,nan,nan,0,0.0,nan,nan,nan,4.631035089492798,inf
llasa1b,wr_really_t6_k04,word_rep,t6,4,351,4,attention,,2.366231918334961,0.0019981861114501953,0.00014162063598632812,4,12,0.8,nan,nan,nan,0,0.0,nan,nan,nan,7.191515922546387,inf
llasa1b,wr_really_t6_k04,word_rep,t6,4,351,4,attention,,2.366231918334961,0.0019981861114501953,0.00014162063598632812,4,13,0.8666666666666667,nan,nan,nan,0,0.0,nan,nan,nan,12.059901237487793,inf
llasa1b,wr_really_t6_k04,word_rep,t6,4,351,4,attention,,2.366231918334961,0.0019981861114501953,0.00014162063598632812,4,14,0.9333333333333333,nan,nan,nan,0,0.0,nan,nan,nan,18.040839672088623,inf
llasa1b,wr_really_t6_k04,word_rep,t6,4,351,4,attention,,2.366231918334961,0.0019981861114501953,0.00014162063598632812,4,15,1.0,nan,nan,nan,0,0.0,156.68385546446788,1.076812386632664,0.540341345599063,38.12021255493164,inf
llasa1b,wr_really_t6_k06,word_rep,t6,6,2048,6,attention,,2.523104190826416,0.000996232032775879,6.37968381245931e-05,6,0,0.0,nan,nan,nan,1,0.0,62.963011097935464,1.6533842866304673,6.834117146703177,0.684734433889389,inf
llasa1b,wr_really_t6_k06,word_rep,t6,6,2048,6,attention,,2.523104190826416,0.000996232032775879,6.37968381245931e-05,6,1,0.06666666666666667,nan,nan,nan,1,0.0,nan,nan,nan,1.0784475207328796,inf
llasa1b,wr_really_t6_k06,word_rep,t6,6,2048,6,attention,,2.523104190826416,0.000996232032775879,6.37968381245931e-05,6,2,0.13333333333333333,nan,nan,nan,1,0.0,nan,nan,nan,1.1806843876838684,inf
llasa1b,wr_really_t6_k06,word_rep,t6,6,2048,6,attention,,2.523104190826416,0.000996232032775879,6.37968381245931e-05,6,3,0.2,nan,nan,nan,1,0.0,nan,nan,nan,1.4041380882263184,inf
llasa1b,wr_really_t6_k06,word_rep,t6,6,2048,6,attention,,2.523104190826416,0.000996232032775879,6.37968381245931e-05,6,4,0.26666666666666666,nan,nan,nan,1,0.0,nan,nan,nan,1.7103135585784912,inf
llasa1b,wr_really_t6_k06,word_rep,t6,6,2048,6,attention,,2.523104190826416,0.000996232032775879,6.37968381245931e-05,6,5,0.3333333333333333,nan,nan,nan,1,0.0,81.70187512880672,1.463995961852726,5.155343738489936,1.9094266891479492,inf
llasa1b,wr_really_t6_k06,word_rep,t6,6,2048,6,attention,,2.523104190826416,0.000996232032775879,6.37968381245931e-05,6,6,0.4,nan,nan,nan,1,0.0,nan,nan,nan,2.0492557287216187,inf
llasa1b,wr_really_t6_k06,word_rep,t6,6,2048,6,attention,,2.523104190826416,0.000996232032775879,6.37968381245931e-05,6,7,0.4666666666666667,nan,nan,nan,1,0.0,nan,nan,nan,2.1699390411376953,inf
llasa1b,wr_really_t6_k06,word_rep,t6,6,2048,6,attention,,2.523104190826416,0.000996232032775879,6.37968381245931e-05,6,8,0.5333333333333333,nan,nan,nan,1,0.0,nan,nan,nan,2.3098803758621216,inf
llasa1b,wr_really_t6_k06,word_rep,t6,6,2048,6,attention,,2.523104190826416,0.000996232032775879,6.37968381245931e-05,6,9,0.6,nan,nan,nan,1,0.0,nan,nan,nan,2.5550127029418945,inf
llasa1b,wr_really_t6_k06,word_rep,t6,6,2048,6,attention,,2.523104190826416,0.000996232032775879,6.37968381245931e-05,6,10,0.6666666666666666,nan,nan,nan,1,0.0,87.51729110974684,1.4242959284093197,4.505408965806881,3.312368392944336,inf
llasa1b,wr_really_t6_k06,word_rep,t6,6,2048,6,attention,,2.523104190826416,0.000996232032775879,6.37968381245931e-05,6,11,0.7333333333333333,nan,nan,nan,1,0.0,nan,nan,nan,4.631035089492798,inf
llasa1b,wr_really_t6_k06,word_rep,t6,6,2048,6,attention,,2.523104190826416,0.000996232032775879,6.37968381245931e-05,6,12,0.8,nan,nan,nan,1,0.0,nan,nan,nan,7.191515922546387,inf
llasa1b,wr_really_t6_k06,word_rep,t6,6,2048,6,attention,,2.523104190826416,0.000996232032775879,6.37968381245931e-05,6,13,0.8666666666666667,nan,nan,nan,1,0.0,nan,nan,nan,12.059901237487793,inf
llasa1b,wr_really_t6_k06,word_rep,t6,6,2048,6,attention,,2.523104190826416,0.000996232032775879,6.37968381245931e-05,6,14,0.9333333333333333,nan,nan,nan,1,0.0,nan,nan,nan,18.040839672088623,inf
llasa1b,wr_really_t6_k06,word_rep,t6,6,2048,6,attention,,2.523104190826416,0.000996232032775879,6.37968381245931e-05,6,15,1.0,nan,nan,nan,1,0.0,66.40863048586932,1.5628391823609713,3.032070276334891,38.12021255493164,inf
llasa1b,wr_really_t6_k08,word_rep,t6,8,2048,8,attention,,2.6381702423095703,0.0010708868503570557,5.513429641723633e-05,8,0,0.0,nan,nan,nan,1,0.0,64.99906065284294,1.636359785829213,6.9036679828592655,0.684734433889389,inf
llasa1b,wr_really_t6_k08,word_rep,t6,8,2048,8,attention,,2.6381702423095703,0.0010708868503570557,5.513429641723633e-05,8,1,0.06666666666666667,nan,nan,nan,1,0.0,nan,nan,nan,1.0784475207328796,inf
llasa1b,wr_really_t6_k08,word_rep,t6,8,2048,8,attention,,2.6381702423095703,0.0010708868503570557,5.513429641723633e-05,8,2,0.13333333333333333,nan,nan,nan,1,0.0,nan,nan,nan,1.1806843876838684,inf
llasa1b,wr_really_t6_k08,word_rep,t6,8,2048,8,attention,,2.6381702423095703,0.0010708868503570557,5.513429641723633e-05,8,3,0.2,nan,nan,nan,1,0.0,nan,nan,nan,1.4041380882263184,inf
llasa1b,wr_really_t6_k08,word_rep,t6,8,2048,8,attention,,2.6381702423095703,0.0010708868503570557,5.513429641723633e-05,8,4,0.26666666666666666,nan,nan,nan,1,0.0,nan,nan,nan,1.7103135585784912,inf
llasa1b,wr_really_t6_k08,word_rep,t6,8,2048,8,attention,,2.6381702423095703,0.0010708868503570557,5.513429641723633e-05,8,5,0.3333333333333333,nan,nan,nan,1,0.0,86.4992743669994,1.4677832434350133,5.207946604697901,1.9094266891479492,inf
llasa1b,wr_really_t6_k08,word_rep,t6,8,2048,8,attention,,2.6381702423095703,0.0010708868503570557,5.513429641723633e-05,8,6,0.4,nan,nan,nan,1,0.0,nan,nan,nan,2.0492557287216187,inf
llasa1b,wr_really_t6_k08,word_rep,t6,8,2048,8,attention,,2.6381702423095703,0.0010708868503570557,5.513429641723633e-05,8,7,0.4666666666666667,nan,nan,nan,1,0.0,nan,nan,nan,2.1699390411376953,inf
llasa1b,wr_really_t6_k08,word_rep,t6,8,2048,8,attention,,2.6381702423095703,0.0010708868503570557,5.513429641723633e-05,8,8,0.5333333333333333,nan,nan,nan,1,0.0,nan,nan,nan,2.3098803758621216,inf
llasa1b,wr_really_t6_k08,word_rep,t6,8,2048,8,attention,,2.6381702423095703,0.0010708868503570557,5.513429641723633e-05,8,9,0.6,nan,nan,nan,1,0.0,nan,nan,nan,2.5550127029418945,inf
llasa1b,wr_really_t6_k08,word_rep,t6,8,2048,8,attention,,2.6381702423095703,0.0010708868503570557,5.513429641723633e-05,8,10,0.6666666666666666,nan,nan,nan,1,0.0,92.53459612016907,1.4344726534926644,4.584448648682082,3.312368392944336,inf
llasa1b,wr_really_t6_k08,word_rep,t6,8,2048,8,attention,,2.6381702423095703,0.0010708868503570557,5.513429641723633e-05,8,11,0.7333333333333333,nan,nan,nan,1,0.0,nan,nan,nan,4.631035089492798,inf
llasa1b,wr_really_t6_k08,word_rep,t6,8,2048,8,attention,,2.6381702423095703,0.0010708868503570557,5.513429641723633e-05,8,12,0.8,nan,nan,nan,1,0.0,nan,nan,nan,7.191515922546387,inf
llasa1b,wr_really_t6_k08,word_rep,t6,8,2048,8,attention,,2.6381702423095703,0.0010708868503570557,5.513429641723633e-05,8,13,0.8666666666666667,nan,nan,nan,1,0.0,nan,nan,nan,12.059901237487793,inf
llasa1b,wr_really_t6_k08,word_rep,t6,8,2048,8,attention,,2.6381702423095703,0.0010708868503570557,5.513429641723633e-05,8,14,0.9333333333333333,nan,nan,nan,1,0.0,nan,nan,nan,18.040839672088623,inf
llasa1b,wr_really_t6_k08,word_rep,t6,8,2048,8,attention,,2.6381702423095703,0.0010708868503570557,5.513429641723633e-05,8,15,1.0,nan,nan,nan,1,0.0,71.55005708644757,1.564496785099675,3.0850169099027007,38.12021255493164,inf
llasa1b,wr_really_t6_k12,word_rep,t6,12,2048,12,attention,,2.861159086227417,0.0009802579879760742,4.1772921880086265e-05,12,0,0.0,nan,nan,nan,0,0.0,65.94770581708929,1.7211027670081591,6.7482920467994765,0.684734433889389,inf
llasa1b,wr_really_t6_k12,word_rep,t6,12,2048,12,attention,,2.861159086227417,0.0009802579879760742,4.1772921880086265e-05,12,1,0.06666666666666667,nan,nan,nan,0,0.0,nan,nan,nan,1.0784475207328796,inf
llasa1b,wr_really_t6_k12,word_rep,t6,12,2048,12,attention,,2.861159086227417,0.0009802579879760742,4.1772921880086265e-05,12,2,0.13333333333333333,nan,nan,nan,0,0.0,nan,nan,nan,1.1806843876838684,inf
llasa1b,wr_really_t6_k12,word_rep,t6,12,2048,12,attention,,2.861159086227417,0.0009802579879760742,4.1772921880086265e-05,12,3,0.2,nan,nan,nan,0,0.0,nan,nan,nan,1.4041380882263184,inf
llasa1b,wr_really_t6_k12,word_rep,t6,12,2048,12,attention,,2.861159086227417,0.0009802579879760742,4.1772921880086265e-05,12,4,0.26666666666666666,nan,nan,nan,0,0.0,nan,nan,nan,1.7103135585784912,inf
llasa1b,wr_really_t6_k12,word_rep,t6,12,2048,12,attention,,2.861159086227417,0.0009802579879760742,4.1772921880086265e-05,12,5,0.3333333333333333,nan,nan,nan,0,0.0,93.60380350235813,1.481985624406411,5.015965427993045,1.9094266891479492,inf
llasa1b,wr_really_t6_k12,word_rep,t6,12,2048,12,attention,,2.861159086227417,0.0009802579879760742,4.1772921880086265e-05,12,6,0.4,nan,nan,nan,0,0.0,nan,nan,nan,2.0492557287216187,inf
llasa1b,wr_really_t6_k12,word_rep,t6,12,2048,12,attention,,2.861159086227417,0.0009802579879760742,4.1772921880086265e-05,12,7,0.4666666666666667,nan,nan,nan,0,0.0,nan,nan,nan,2.1699390411376953,inf
llasa1b,wr_really_t6_k12,word_rep,t6,12,2048,12,attention,,2.861159086227417,0.0009802579879760742,4.1772921880086265e-05,12,8,0.5333333333333333,nan,nan,nan,0,0.0,nan,nan,nan,2.3098803758621216,inf
llasa1b,wr_really_t6_k12,word_rep,t6,12,2048,12,attention,,2.861159086227417,0.0009802579879760742,4.1772921880086265e-05,12,9,0.6,nan,nan,nan,0,0.0,nan,nan,nan,2.5550127029418945,inf
llasa1b,wr_really_t6_k12,word_rep,t6,12,2048,12,attention,,2.861159086227417,0.0009802579879760742,4.1772921880086265e-05,12,10,0.6666666666666666,nan,nan,nan,0,0.0,99.64365641412705,1.4521924708773615,4.408329468078569,3.312368392944336,inf
llasa1b,wr_really_t6_k12,word_rep,t6,12,2048,12,attention,,2.861159086227417,0.0009802579879760742,4.1772921880086265e-05,12,11,0.7333333333333333,nan,nan,nan,0,0.0,nan,nan,nan,4.631035089492798,inf
llasa1b,wr_really_t6_k12,word_rep,t6,12,2048,12,attention,,2.861159086227417,0.0009802579879760742,4.1772921880086265e-05,12,12,0.8,nan,nan,nan,0,0.0,nan,nan,nan,7.191515922546387,inf
llasa1b,wr_really_t6_k12,word_rep,t6,12,2048,12,attention,,2.861159086227417,0.0009802579879760742,4.1772921880086265e-05,12,13,0.8666666666666667,nan,nan,nan,0,0.0,nan,nan,nan,12.059901237487793,inf
llasa1b,wr_really_t6_k12,word_rep,t6,12,2048,12,attention,,2.861159086227417,0.0009802579879760742,4.1772921880086265e-05,12,14,0.9333333333333333,nan,nan,nan,0,0.0,nan,nan,nan,18.040839672088623,inf
llasa1b,wr_really_t6_k12,word_rep,t6,12,2048,12,attention,,2.861159086227417,0.0009802579879760742,4.1772921880086265e-05,12,15,1.0,nan,nan,nan,0,0.0,62.43329367682582,1.5893929110622964,2.8415207059021492,38.12021255493164,inf
llasa1b,wr_really_t6_k16,word_rep,t6,16,1321,16,attention,,3.033285140991211,0.0016355514526367188,5.4545700550079346e-05,16,0,0.0,1.9410306835051396,0.9879039286037368,0.02935274252594766,4,0.0,158.42275769814376,1.2363625212082368,5.670050507805771,0.684734433889389,85.61695692319425
llasa1b,wr_really_t6_k16,word_rep,t6,16,1321,16,attention,,3.033285140991211,0.0016355514526367188,5.4545700550079346e-05,16,1,0.06666666666666667,2.888257166033988,0.9903178241991141,0.02900900580423782,4,0.0,nan,nan,nan,1.0784475207328796,101.25347025373001
llasa1b,wr_really_t6_k16,word_rep,t6,16,1321,16,attention,,3.033285140991211,0.0016355514526367188,5.4545700550079346e-05,16,2,0.13333333333333333,4.03448488511485,0.9789469801949602,0.1518033006493703,4,0.0,nan,nan,nan,1.1806843876838684,57.74961036544553
llasa1b,wr_really_t6_k16,word_rep,t6,16,1321,16,attention,,3.033285140991211,0.0016355514526367188,5.4545700550079346e-05,16,3,0.2,6.979745285862625,0.9559456965115253,0.5116214056230335,4,0.0,nan,nan,nan,1.4041380882263184,35.592460303357
llasa1b,wr_really_t6_k16,word_rep,t6,16,1321,16,attention,,3.033285140991211,0.0016355514526367188,5.4545700550079346e-05,16,4,0.26666666666666666,8.129236102847576,0.9557560507763263,0.5583873200503446,4,0.0,nan,nan,nan,1.7103135585784912,34.44644244281227
llasa1b,wr_really_t6_k16,word_rep,t6,16,1321,16,attention,,3.033285140991211,0.0016355514526367188,5.4545700550079346e-05,16,5,0.3333333333333333,9.197112753506268,0.9566298323605785,0.5141094309807548,4,0.0,218.48770003743266,0.9951778368393448,3.84006655562026,1.9094266891479492,35.45625733390686
llasa1b,wr_really_t6_k16,word_rep,t6,16,1321,16,attention,,3.033285140991211,0.0016355514526367188,5.4545700550079346e-05,16,6,0.4,10.023748816353466,0.9618396692174426,0.49399127301114054,4,0.0,nan,nan,nan,2.0492557287216187,40.801394002149834
llasa1b,wr_really_t6_k16,word_rep,t6,16,1321,16,attention,,3.033285140991211,0.0016355514526367188,5.4545700550079346e-05,16,7,0.4666666666666667,10.985735822964326,0.9645813572578708,0.44901957333209774,4,0.0,nan,nan,nan,2.1699390411376953,44.976406215471386
llasa1b,wr_really_t6_k16,word_rep,t6,16,1321,16,attention,,3.033285140991211,0.0016355514526367188,5.4545700550079346e-05,16,8,0.5333333333333333,12.426444813832811,0.964455614399517,0.44104469955518066,4,0.0,nan,nan,nan,2.3098803758621216,46.492481531251656
llasa1b,wr_really_t6_k16,word_rep,t6,16,1321,16,attention,,3.033285140991211,0.0016355514526367188,5.4545700550079346e-05,16,9,0.6,14.571449126951194,0.9617056264821431,0.44934414908923936,4,0.0,nan,nan,nan,2.5550127029418945,44.587609191982445
llasa1b,wr_really_t6_k16,word_rep,t6,16,1321,16,attention,,3.033285140991211,0.0016355514526367188,5.4545700550079346e-05,16,10,0.6666666666666666,18.023139245963744,0.9601795210722238,0.45772574161838475,4,0.0,202.7151690070236,1.0591881793133595,3.192394889179375,3.312368392944336,41.68801604758123
llasa1b,wr_really_t6_k16,word_rep,t6,16,1321,16,attention,,3.033285140991211,0.0016355514526367188,5.4545700550079346e-05,16,11,0.7333333333333333,23.18427717527557,0.9627553705357479,0.430094595174653,4,0.0,nan,nan,nan,4.631035089492798,42.43589927506806
llasa1b,wr_really_t6_k16,word_rep,t6,16,1321,16,attention,,3.033285140991211,0.0016355514526367188,5.4545700550079346e-05,16,12,0.8,28.55899436995187,0.9756760802637582,0.26863826219347786,4,0.0,nan,nan,nan,7.191515922546387,56.00367563890136
llasa1b,wr_really_t6_k16,word_rep,t6,16,1321,16,attention,,3.033285140991211,0.0016355514526367188,5.4545700550079346e-05,16,13,0.8666666666666667,36.31585503960131,0.9862493205653756,0.1276450857531144,4,0.0,nan,nan,nan,12.059901237487793,79.61583130754792
llasa1b,wr_really_t6_k16,word_rep,t6,16,1321,16,attention,,3.033285140991211,0.0016355514526367188,5.4545700550079346e-05,16,14,0.9333333333333333,47.26847007208758,0.9924369922766456,0.05064590728290741,4,0.0,nan,nan,nan,18.040839672088623,126.87524347723554
llasa1b,wr_really_t6_k16,word_rep,t6,16,1321,16,attention,,3.033285140991211,0.0016355514526367188,5.4545700550079346e-05,16,15,1.0,142.9834523383138,0.9638903084267717,0.6428736226501294,4,0.0,157.31867531128168,1.3755651508196851,1.994105313003737,38.12021255493164,35.94519012870947
llasa1b,wr_really_t6_k24,word_rep,t6,24,2048,24,attention,,3.1970229148864746,0.0015019774436950684,3.299117088317871e-05,24,0,0.0,5.0503828712511725,0.8088326482925361,0.6265794007964453,16,0.06417853385210037,150.59125133228014,1.1968294034349094,5.465282446517003,0.684734433889389,9.418164079450833
llasa1b,wr_really_t6_k24,word_rep,t6,24,2048,24,attention,,3.1970229148864746,0.0015019774436950684,3.299117088317871e-05,24,1,0.06666666666666667,7.027562246749067,0.8141728227952945,0.6874574217533465,16,0.10212840884923935,nan,nan,nan,1.0784475207328796,9.117100134286158
llasa1b,wr_really_t6_k24,word_rep,t6,24,2048,24,attention,,3.1970229148864746,0.0015019774436950684,3.299117088317871e-05,24,2,0.13333333333333333,8.888765276243747,0.806819213272141,0.7079717729404633,16,0.11182108521461487,nan,nan,nan,1.1806843876838684,9.404335763436036
llasa1b,wr_really_t6_k24,word_rep,t6,24,2048,24,attention,,3.1970229148864746,0.0015019774436950684,3.299117088317871e-05,24,3,0.2,11.760310191021203,0.8005149474379003,0.7299822315399092,16,0.12314449995756149,nan,nan,nan,1.4041380882263184,9.551936885287232
llasa1b,wr_really_t6_k24,word_rep,t6,24,2048,24,attention,,3.1970229148864746,0.0015019774436950684,3.299117088317871e-05,24,4,0.26666666666666666,14.012616851022688,0.7967047734698863,0.7414636215078024,16,0.1296597421169281,nan,nan,nan,1.7103135585784912,9.254504813188584
llasa1b,wr_really_t6_k24,word_rep,t6,24,2048,24,attention,,3.1970229148864746,0.0015019774436950684,3.299117088317871e-05,24,5,0.3333333333333333,15.644889039867525,0.7965618557692566,0.7465905128221746,16,0.14956848323345184,183.37497294363226,1.081733107610138,3.8748157471840505,1.9094266891479492,9.247468409974118
llasa1b,wr_really_t6_k24,word_rep,t6,24,2048,24,attention,,3.1970229148864746,0.0015019774436950684,3.299117088317871e-05,24,6,0.4,17.009343615583624,0.802031695956343,0.7458741693680851,16,0.1927855759859085,nan,nan,nan,2.0492557287216187,9.593007942910683
llasa1b,wr_really_t6_k24,word_rep,t6,24,2048,24,attention,,3.1970229148864746,0.0015019774436950684,3.299117088317871e-05,24,7,0.4666666666666667,19.177460919072118,0.7976854248825792,0.751706881162168,16,0.20155629515647888,nan,nan,nan,2.1699390411376953,9.640007581838894
llasa1b,wr_really_t6_k24,word_rep,t6,24,2048,24,attention,,3.1970229148864746,0.0015019774436950684,3.299117088317871e-05,24,8,0.5333333333333333,21.930952750821213,0.7921377090826967,0.766732616614286,16,0.20654384791851044,nan,nan,nan,2.3098803758621216,9.658840469564934
llasa1b,wr_really_t6_k24,word_rep,t6,24,2048,24,attention,,3.1970229148864746,0.0015019774436950684,3.299117088317871e-05,24,9,0.6,24.7144771940026,0.7961113446759833,0.764336963492511,16,0.2579461932182312,nan,nan,nan,2.5550127029418945,9.952502375025794
llasa1b,wr_really_t6_k24,word_rep,t6,24,2048,24,attention,,3.1970229148864746,0.0015019774436950684,3.299117088317871e-05,24,10,0.6666666666666666,31.061698845973545,0.7937910231330509,0.7697233212058685,16,0.30692699551582336,163.90462489060437,1.1857769526497757,3.545130646986665,3.312368392944336,9.69238786718279
llasa1b,wr_really_t6_k24,word_rep,t6,24,2048,24,attention,,3.1970229148864746,0.0015019774436950684,3.299117088317871e-05,24,11,0.7333333333333333,43.401893551498006,0.7904275848930138,0.7731523670017499,16,0.3942529261112213,nan,nan,nan,4.631035089492798,9.51488617933744
llasa1b,wr_really_t6_k24,word_rep,t6,24,2048,24,attention,,3.1970229148864746,0.0015019774436950684,3.299117088317871e-05,24,12,0.8,64.25870055493296,0.7883981189183591,0.752661318535783,16,0.5522007942199707,nan,nan,nan,7.191515922546387,9.211339205670775
llasa1b,wr_really_t6_k24,word_rep,t6,24,2048,24,attention,,3.1970229148864746,0.0015019774436950684,3.299117088317871e-05,24,13,0.8666666666666667,97.35133200009031,0.7907187357020204,0.7325320270448721,16,0.8161191344261169,nan,nan,nan,12.059901237487793,8.894059577737258
llasa1b,wr_really_t6_k24,word_rep,t6,24,2048,24,attention,,3.1970229148864746,0.0015019774436950684,3.299117088317871e-05,24,14,0.9333333333333333,154.0019449940175,0.7879416577092083,0.7132022092251246,16,1.1711254119873047,nan,nan,nan,18.040839672088623,8.997256342992639
llasa1b,wr_really_t6_k24,word_rep,t6,24,2048,24,attention,,3.1970229148864746,0.0015019774436950684,3.299117088317871e-05,24,15,1.0,376.36459985158797,0.7851917459475543,0.7458733916971874,16,2.7446608543395996,122.89197895647477,1.4915977844828616,2.2404392244863773,38.12021255493164,9.468796235142667
llasa1b,wr_really_t6_k32,word_rep,t6,32,2048,32,attention,,3.3725314140319824,0.0017864108085632324,3.09208407998085e-05,32,0,0.0,13.62388754858982,0.7956716958197456,0.5861857918161757,20,0.02839547209441662,107.06973169898639,1.762328148248733,6.484761401006987,0.684734433889389,13.083812137050053
llasa1b,wr_really_t6_k32,word_rep,t6,32,2048,32,attention,,3.3725314140319824,0.0017864108085632324,3.09208407998085e-05,32,1,0.06666666666666667,13.528203787623138,0.8217872140596992,0.513289309898374,20,0.06399494409561157,nan,nan,nan,1.0784475207328796,12.886357694498896
llasa1b,wr_really_t6_k32,word_rep,t6,32,2048,32,attention,,3.3725314140319824,0.0017864108085632324,3.09208407998085e-05,32,2,0.13333333333333333,15.888364354227512,0.8230134422044935,0.5000655959893023,20,0.0743117406964302,nan,nan,nan,1.1806843876838684,13.345600896549714
llasa1b,wr_really_t6_k32,word_rep,t6,32,2048,32,attention,,3.3725314140319824,0.0017864108085632324,3.09208407998085e-05,32,3,0.2,21.642105186935613,0.819121043714942,0.5290807260544914,20,0.08916763961315155,nan,nan,nan,1.4041380882263184,13.70875255354797
llasa1b,wr_really_t6_k32,word_rep,t6,32,2048,32,attention,,3.3725314140319824,0.0017864108085632324,3.09208407998085e-05,32,4,0.26666666666666666,24.004933467317397,0.8204076618479079,0.5252164120335961,20,0.10539620369672775,nan,nan,nan,1.7103135585784912,13.344432550702422
llasa1b,wr_really_t6_k32,word_rep,t6,32,2048,32,attention,,3.3725314140319824,0.0017864108085632324,3.09208407998085e-05,32,5,0.3333333333333333,28.423658181613984,0.817894317318591,0.5356833169407088,20,0.12210997939109802,142.66290660147163,1.4286204554688897,4.627636828445304,1.9094266891479492,13.433439234816253
llasa1b,wr_really_t6_k32,word_rep,t6,32,2048,32,attention,,3.3725314140319824,0.0017864108085632324,3.09208407998085e-05,32,6,0.4,32.70364752691667,0.8214291733274246,0.542203692376162,20,0.15757405757904053,nan,nan,nan,2.0492557287216187,14.081724994244718
llasa1b,wr_really_t6_k32,word_rep,t6,32,2048,32,attention,,3.3725314140319824,0.0017864108085632324,3.09208407998085e-05,32,7,0.4666666666666667,38.31709181756194,0.8176594649934739,0.5466490939148199,20,0.17778435349464417,nan,nan,nan,2.1699390411376953,14.262612508408104
llasa1b,wr_really_t6_k32,word_rep,t6,32,2048,32,attention,,3.3725314140319824,0.0017864108085632324,3.09208407998085e-05,32,8,0.5333333333333333,46.33950891555093,0.8118042371796549,0.5697375015604138,20,0.18526296317577362,nan,nan,nan,2.3098803758621216,14.383002029380672
llasa1b,wr_really_t6_k32,word_rep,t6,32,2048,32,attention,,3.3725314140319824,0.0017864108085632324,3.09208407998085e-05,32,9,0.6,52.105469078288145,0.8129738833605968,0.5767270168746212,20,0.21798399090766907,nan,nan,nan,2.5550127029418945,14.56228480712873
llasa1b,wr_really_t6_k32,word_rep,t6,32,2048,32,attention,,3.3725314140319824,0.0017864108085632324,3.09208407998085e-05,32,10,0.6666666666666666,68.62208024864601,0.810758621459034,0.6076253781468526,20,0.2672519087791443,133.67038085099608,1.4162413825358224,4.02992398384589,3.312368392944336,14.44789826869554
llasa1b,wr_really_t6_k32,word_rep,t6,32,2048,32,attention,,3.3725314140319824,0.0017864108085632324,3.09208407998085e-05,32,11,0.7333333333333333,95.98855585857856,0.8066834730367523,0.6161869353186222,20,0.34618815779685974,nan,nan,nan,4.631035089492798,14.11131800125235
llasa1b,wr_really_t6_k32,word_rep,t6,32,2048,32,attention,,3.3725314140319824,0.0017864108085632324,3.09208407998085e-05,32,12,0.8,142.1969938178863,0.800737299458746,0.6198958216816642,20,0.416431725025177,nan,nan,nan,7.191515922546387,13.429393444628907
llasa1b,wr_really_t6_k32,word_rep,t6,32,2048,32,attention,,3.3725314140319824,0.0017864108085632324,3.09208407998085e-05,32,13,0.8666666666666667,200.94252406279685,0.7986838749121601,0.5999531726153955,20,0.5584279894828796,nan,nan,nan,12.059901237487793,12.514489674593063
llasa1b,wr_really_t6_k32,word_rep,t6,32,2048,32,attention,,3.3725314140319824,0.0017864108085632324,3.09208407998085e-05,32,14,0.9333333333333333,307.9168837597724,0.7957786786031058,0.5938057239313743,20,0.7593127489089966,nan,nan,nan,18.040839672088623,12.420172443702043
llasa1b,wr_really_t6_k32,word_rep,t6,32,2048,32,attention,,3.3725314140319824,0.0017864108085632324,3.09208407998085e-05,32,15,1.0,493.48103695946764,0.825663419403827,0.4809958936981513,20,2.4483773708343506,106.86312157774998,1.731103876993939,2.5860726302729398,38.12021255493164,13.367257724888212
llasa1b,wr_very_t1_k03,word_rep,t1,3,310,3,attention,,2.517566442489624,0.0025652050971984863,0.00015974044799804688,3,0,0.0,nan,nan,nan,0,0.0,149.16008301654387,0.9016191589647629,4.498904018035111,0.684734433889389,inf
llasa1b,wr_very_t1_k03,word_rep,t1,3,310,3,attention,,2.517566442489624,0.0025652050971984863,0.00015974044799804688,3,1,0.06666666666666667,nan,nan,nan,0,0.0,nan,nan,nan,1.0784475207328796,inf
llasa1b,wr_very_t1_k03,word_rep,t1,3,310,3,attention,,2.517566442489624,0.0025652050971984863,0.00015974044799804688,3,2,0.13333333333333333,nan,nan,nan,0,0.0,nan,nan,nan,1.1806843876838684,inf
llasa1b,wr_very_t1_k03,word_rep,t1,3,310,3,attention,,2.517566442489624,0.0025652050971984863,0.00015974044799804688,3,3,0.2,nan,nan,nan,0,0.0,nan,nan,nan,1.4041380882263184,inf
llasa1b,wr_very_t1_k03,word_rep,t1,3,310,3,attention,,2.517566442489624,0.0025652050971984863,0.00015974044799804688,3,4,0.26666666666666666,nan,nan,nan,0,0.0,nan,nan,nan,1.7103135585784912,inf
llasa1b,wr_very_t1_k03,word_rep,t1,3,310,3,attention,,2.517566442489624,0.0025652050971984863,0.00015974044799804688,3,5,0.3333333333333333,nan,nan,nan,0,0.0,182.68198475243634,0.8020932919888331,2.672087039543403,1.9094266891479492,inf
llasa1b,wr_very_t1_k03,word_rep,t1,3,310,3,attention,,2.517566442489624,0.0025652050971984863,0.00015974044799804688,3,6,0.4,nan,nan,nan,0,0.0,nan,nan,nan,2.0492557287216187,inf
llasa1b,wr_very_t1_k03,word_rep,t1,3,310,3,attention,,2.517566442489624,0.0025652050971984863,0.00015974044799804688,3,7,0.4666666666666667,nan,nan,nan,0,0.0,nan,nan,nan,2.1699390411376953,inf
llasa1b,wr_very_t1_k03,word_rep,t1,3,310,3,attention,,2.517566442489624,0.0025652050971984863,0.00015974044799804688,3,8,0.5333333333333333,nan,nan,nan,0,0.0,nan,nan,nan,2.3098803758621216,inf
llasa1b,wr_very_t1_k03,word_rep,t1,3,310,3,attention,,2.517566442489624,0.0025652050971984863,0.00015974044799804688,3,9,0.6,nan,nan,nan,0,0.0,nan,nan,nan,2.5550127029418945,inf
llasa1b,wr_very_t1_k03,word_rep,t1,3,310,3,attention,,2.517566442489624,0.0025652050971984863,0.00015974044799804688,3,10,0.6666666666666666,nan,nan,nan,0,0.0,158.45273264606,0.9543140092694364,2.3201360488481777,3.312368392944336,inf
llasa1b,wr_very_t1_k03,word_rep,t1,3,310,3,attention,,2.517566442489624,0.0025652050971984863,0.00015974044799804688,3,11,0.7333333333333333,nan,nan,nan,0,0.0,nan,nan,nan,4.631035089492798,inf
llasa1b,wr_very_t1_k03,word_rep,t1,3,310,3,attention,,2.517566442489624,0.0025652050971984863,0.00015974044799804688,3,12,0.8,nan,nan,nan,0,0.0,nan,nan,nan,7.191515922546387,inf
llasa1b,wr_very_t1_k03,word_rep,t1,3,310,3,attention,,2.517566442489624,0.0025652050971984863,0.00015974044799804688,3,13,0.8666666666666667,nan,nan,nan,0,0.0,nan,nan,nan,12.059901237487793,inf
llasa1b,wr_very_t1_k03,word_rep,t1,3,310,3,attention,,2.517566442489624,0.0025652050971984863,0.00015974044799804688,3,14,0.9333333333333333,nan,nan,nan,0,0.0,nan,nan,nan,18.040839672088623,inf
llasa1b,wr_very_t1_k03,word_rep,t1,3,310,3,attention,,2.517566442489624,0.0025652050971984863,0.00015974044799804688,3,15,1.0,nan,nan,nan,0,0.0,130.55395818051036,1.1159184137850873,0.658310106670406,38.12021255493164,inf
llasa1b,wr_very_t1_k04,word_rep,t1,4,432,4,attention,,2.5900747776031494,0.0020753145217895508,0.00012320280075073242,4,0,0.0,nan,nan,nan,0,0.0,200.3423018217998,0.8838011673138735,3.9269389329406406,0.684734433889389,inf
llasa1b,wr_very_t1_k04,word_rep,t1,4,432,4,attention,,2.5900747776031494,0.0020753145217895508,0.00012320280075073242,4,1,0.06666666666666667,nan,nan,nan,0,0.0,nan,nan,nan,1.0784475207328796,inf
llasa1b,wr_very_t1_k04,word_rep,t1,4,432,4,attention,,2.5900747776031494,0.0020753145217895508,0.00012320280075073242,4,2,0.13333333333333333,nan,nan,nan,0,0.0,nan,nan,nan,1.1806843876838684,inf
llasa1b,wr_very_t1_k04,word_rep,t1,4,432,4,attention,,2.5900747776031494,0.0020753145217895508,0.00012320280075073242,4,3,0.2,nan,nan,nan,0,0.0,nan,nan,nan,1.4041380882263184,inf
llasa1b,wr_very_t1_k04,word_rep,t1,4,432,4,attention,,2.5900747776031494,0.0020753145217895508,0.00012320280075073242,4,4,0.26666666666666666,nan,nan,nan,0,0.0,nan,nan,nan,1.7103135585784912,inf
llasa1b,wr_very_t1_k04,word_rep,t1,4,432,4,attention,,2.5900747776031494,0.0020753145217895508,0.00012320280075073242,4,5,0.3333333333333333,nan,nan,nan,0,0.0,251.19193938342121,0.7961579969723829,2.5884802983341997,1.9094266891479492,inf
llasa1b,wr_very_t1_k04,word_rep,t1,4,432,4,attention,,2.5900747776031494,0.0020753145217895508,0.00012320280075073242,4,6,0.4,nan,nan,nan,0,0.0,nan,nan,nan,2.0492557287216187,inf
llasa1b,wr_very_t1_k04,word_rep,t1,4,432,4,attention,,2.5900747776031494,0.0020753145217895508,0.00012320280075073242,4,7,0.4666666666666667,nan,nan,nan,0,0.0,nan,nan,nan,2.1699390411376953,inf
llasa1b,wr_very_t1_k04,word_rep,t1,4,432,4,attention,,2.5900747776031494,0.0020753145217895508,0.00012320280075073242,4,8,0.5333333333333333,nan,nan,nan,0,0.0,nan,nan,nan,2.3098803758621216,inf
llasa1b,wr_very_t1_k04,word_rep,t1,4,432,4,attention,,2.5900747776031494,0.0020753145217895508,0.00012320280075073242,4,9,0.6,nan,nan,nan,0,0.0,nan,nan,nan,2.5550127029418945,inf
llasa1b,wr_very_t1_k04,word_rep,t1,4,432,4,attention,,2.5900747776031494,0.0020753145217895508,0.00012320280075073242,4,10,0.6666666666666666,nan,nan,nan,0,0.0,207.13879495553266,0.9796934041222166,2.4507456170884816,3.312368392944336,inf
llasa1b,wr_very_t1_k04,word_rep,t1,4,432,4,attention,,2.5900747776031494,0.0020753145217895508,0.00012320280075073242,4,11,0.7333333333333333,nan,nan,nan,0,0.0,nan,nan,nan,4.631035089492798,inf
llasa1b,wr_very_t1_k04,word_rep,t1,4,432,4,attention,,2.5900747776031494,0.0020753145217895508,0.00012320280075073242,4,12,0.8,nan,nan,nan,0,0.0,nan,nan,nan,7.191515922546387,inf
llasa1b,wr_very_t1_k04,word_rep,t1,4,432,4,attention,,2.5900747776031494,0.0020753145217895508,0.00012320280075073242,4,13,0.8666666666666667,nan,nan,nan,0,0.0,nan,nan,nan,12.059901237487793,inf
llasa1b,wr_very_t1_k04,word_rep,t1,4,432,4,attention,,2.5900747776031494,0.0020753145217895508,0.00012320280075073242,4,14,0.9333333333333333,nan,nan,nan,0,0.0,nan,nan,nan,18.040839672088623,inf
llasa1b,wr_very_t1_k04,word_rep,t1,4,432,4,attention,,2.5900747776031494,0.0020753145217895508,0.00012320280075073242,4,15,1.0,nan,nan,nan,0,0.0,176.04611540104514,1.113302903655022,0.6859675196199033,38.12021255493164,inf
llasa1b,wr_very_t1_k06,word_rep,t1,6,504,6,attention,,2.7344398498535156,0.0023419857025146484,0.0001312096913655599,6,0,0.0,nan,nan,nan,1,0.0,217.70763461683882,0.8847631524124113,5.6848925086688755,0.684734433889389,inf
llasa1b,wr_very_t1_k06,word_rep,t1,6,504,6,attention,,2.7344398498535156,0.0023419857025146484,0.0001312096913655599,6,1,0.06666666666666667,nan,nan,nan,1,0.0,nan,nan,nan,1.0784475207328796,inf
llasa1b,wr_very_t1_k06,word_rep,t1,6,504,6,attention,,2.7344398498535156,0.0023419857025146484,0.0001312096913655599,6,2,0.13333333333333333,nan,nan,nan,1,0.0,nan,nan,nan,1.1806843876838684,inf
llasa1b,wr_very_t1_k06,word_rep,t1,6,504,6,attention,,2.7344398498535156,0.0023419857025146484,0.0001312096913655599,6,3,0.2,nan,nan,nan,1,0.0,nan,nan,nan,1.4041380882263184,inf
llasa1b,wr_very_t1_k06,word_rep,t1,6,504,6,attention,,2.7344398498535156,0.0023419857025146484,0.0001312096913655599,6,4,0.26666666666666666,nan,nan,nan,1,0.0,nan,nan,nan,1.7103135585784912,inf
llasa1b,wr_very_t1_k06,word_rep,t1,6,504,6,attention,,2.7344398498535156,0.0023419857025146484,0.0001312096913655599,6,5,0.3333333333333333,nan,nan,nan,1,0.0,258.61036103838956,0.8460883042580655,3.8314777685828716,1.9094266891479492,inf
llasa1b,wr_very_t1_k06,word_rep,t1,6,504,6,attention,,2.7344398498535156,0.0023419857025146484,0.0001312096913655599,6,6,0.4,nan,nan,nan,1,0.0,nan,nan,nan,2.0492557287216187,inf
llasa1b,wr_very_t1_k06,word_rep,t1,6,504,6,attention,,2.7344398498535156,0.0023419857025146484,0.0001312096913655599,6,7,0.4666666666666667,nan,nan,nan,1,0.0,nan,nan,nan,2.1699390411376953,inf
llasa1b,wr_very_t1_k06,word_rep,t1,6,504,6,attention,,2.7344398498535156,0.0023419857025146484,0.0001312096913655599,6,8,0.5333333333333333,nan,nan,nan,1,0.0,nan,nan,nan,2.3098803758621216,inf
llasa1b,wr_very_t1_k06,word_rep,t1,6,504,6,attention,,2.7344398498535156,0.0023419857025146484,0.0001312096913655599,6,9,0.6,nan,nan,nan,1,0.0,nan,nan,nan,2.5550127029418945,inf
llasa1b,wr_very_t1_k06,word_rep,t1,6,504,6,attention,,2.7344398498535156,0.0023419857025146484,0.0001312096913655599,6,10,0.6666666666666666,nan,nan,nan,1,0.0,217.97085858826486,1.0093969280165975,3.0332777840220553,3.312368392944336,inf
llasa1b,wr_very_t1_k06,word_rep,t1,6,504,6,attention,,2.7344398498535156,0.0023419857025146484,0.0001312096913655599,6,11,0.7333333333333333,nan,nan,nan,1,0.0,nan,nan,nan,4.631035089492798,inf
llasa1b,wr_very_t1_k06,word_rep,t1,6,504,6,attention,,2.7344398498535156,0.0023419857025146484,0.0001312096913655599,6,12,0.8,nan,nan,nan,1,0.0,nan,nan,nan,7.191515922546387,inf
llasa1b,wr_very_t1_k06,word_rep,t1,6,504,6,attention,,2.7344398498535156,0.0023419857025146484,0.0001312096913655599,6,13,0.8666666666666667,nan,nan,nan,1,0.0,nan,nan,nan,12.059901237487793,inf
llasa1b,wr_very_t1_k06,word_rep,t1,6,504,6,attention,,2.7344398498535156,0.0023419857025146484,0.0001312096913655599,6,14,0.9333333333333333,nan,nan,nan,1,0.0,nan,nan,nan,18.040839672088623,inf
llasa1b,wr_very_t1_k06,word_rep,t1,6,504,6,attention,,2.7344398498535156,0.0023419857025146484,0.0001312096913655599,6,15,1.0,nan,nan,nan,1,0.0,188.3714433071128,1.1289788758096884,1.5702054984951561,38.12021255493164,inf
llasa1b,wr_very_t1_k08,word_rep,t1,8,2048,8,attention,,2.8333911895751953,0.001289963722229004,6.841123104095459e-05,8,0,0.0,nan,nan,nan,1,0.0,102.00854098955637,1.857960755963075,6.64762813336627,0.684734433889389,inf
llasa1b,wr_very_t1_k08,word_rep,t1,8,2048,8,attention,,2.8333911895751953,0.001289963722229004,6.841123104095459e-05,8,1,0.06666666666666667,nan,nan,nan,1,0.0,nan,nan,nan,1.0784475207328796,inf
llasa1b,wr_very_t1_k08,word_rep,t1,8,2048,8,attention,,2.8333911895751953,0.001289963722229004,6.841123104095459e-05,8,2,0.13333333333333333,nan,nan,nan,1,0.0,nan,nan,nan,1.1806843876838684,inf
llasa1b,wr_very_t1_k08,word_rep,t1,8,2048,8,attention,,2.8333911895751953,0.001289963722229004,6.841123104095459e-05,8,3,0.2,nan,nan,nan,1,0.0,nan,nan,nan,1.4041380882263184,inf
llasa1b,wr_very_t1_k08,word_rep,t1,8,2048,8,attention,,2.8333911895751953,0.001289963722229004,6.841123104095459e-05,8,4,0.26666666666666666,nan,nan,nan,1,0.0,nan,nan,nan,1.7103135585784912,inf
llasa1b,wr_very_t1_k08,word_rep,t1,8,2048,8,attention,,2.8333911895751953,0.001289963722229004,6.841123104095459e-05,8,5,0.3333333333333333,nan,nan,nan,1,0.0,133.37706545274415,1.489776348230295,4.78771085402712,1.9094266891479492,inf
llasa1b,wr_very_t1_k08,word_rep,t1,8,2048,8,attention,,2.8333911895751953,0.001289963722229004,6.841123104095459e-05,8,6,0.4,nan,nan,nan,1,0.0,nan,nan,nan,2.0492557287216187,inf
llasa1b,wr_very_t1_k08,word_rep,t1,8,2048,8,attention,,2.8333911895751953,0.001289963722229004,6.841123104095459e-05,8,7,0.4666666666666667,nan,nan,nan,1,0.0,nan,nan,nan,2.1699390411376953,inf
llasa1b,wr_very_t1_k08,word_rep,t1,8,2048,8,attention,,2.8333911895751953,0.001289963722229004,6.841123104095459e-05,8,8,0.5333333333333333,nan,nan,nan,1,0.0,nan,nan,nan,2.3098803758621216,inf
llasa1b,wr_very_t1_k08,word_rep,t1,8,2048,8,attention,,2.8333911895751953,0.001289963722229004,6.841123104095459e-05,8,9,0.6,nan,nan,nan,1,0.0,nan,nan,nan,2.5550127029418945,inf
llasa1b,wr_very_t1_k08,word_rep,t1,8,2048,8,attention,,2.8333911895751953,0.001289963722229004,6.841123104095459e-05,8,10,0.6666666666666666,nan,nan,nan,1,0.0,125.5723868495396,1.4886845113101848,4.219598791654315,3.312368392944336,inf
llasa1b,wr_very_t1_k08,word_rep,t1,8,2048,8,attention,,2.8333911895751953,0.001289963722229004,6.841123104095459e-05,8,11,0.7333333333333333,nan,nan,nan,1,0.0,nan,nan,nan,4.631035089492798,inf
llasa1b,wr_very_t1_k08,word_rep,t1,8,2048,8,attention,,2.8333911895751953,0.001289963722229004,6.841123104095459e-05,8,12,0.8,nan,nan,nan,1,0.0,nan,nan,nan,7.191515922546387,inf
llasa1b,wr_very_t1_k08,word_rep,t1,8,2048,8,attention,,2.8333911895751953,0.001289963722229004,6.841123104095459e-05,8,13,0.8666666666666667,nan,nan,nan,1,0.0,nan,nan,nan,12.059901237487793,inf
llasa1b,wr_very_t1_k08,word_rep,t1,8,2048,8,attention,,2.8333911895751953,0.001289963722229004,6.841123104095459e-05,8,14,0.9333333333333333,nan,nan,nan,1,0.0,nan,nan,nan,18.040839672088623,inf
llasa1b,wr_very_t1_k08,word_rep,t1,8,2048,8,attention,,2.8333911895751953,0.001289963722229004,6.841123104095459e-05,8,15,1.0,nan,nan,nan,1,0.0,106.92502220621796,1.8480369398501648,2.774368782427696,38.12021255493164,inf
llasa1b,wr_very_t1_k12,word_rep,t1,12,1253,12,attention,,3.0278544425964355,0.002089560031890869,8.817513783772786e-05,12,0,0.0,1.9398309343217415,1.0051296766495066,0.0034112177201059968,5,0.0,217.0571078864425,0.8959974679975014,4.020884336267592,0.684734433889389,inf
llasa1b,wr_very_t1_k12,word_rep,t1,12,1253,12,attention,,3.0278544425964355,0.002089560031890869,8.817513783772786e-05,12,1,0.06666666666666667,2.5324827689391007,1.0078403712097874,0.00744325321056627,5,0.0,nan,nan,nan,1.0784475207328796,inf
llasa1b,wr_very_t1_k12,word_rep,t1,12,1253,12,attention,,3.0278544425964355,0.002089560031890869,8.817513783772786e-05,12,2,0.13333333333333333,2.784798133923382,1.0175039202818477,0.03522808865498128,5,0.0,nan,nan,nan,1.1806843876838684,inf
llasa1b,wr_very_t1_k12,word_rep,t1,12,1253,12,attention,,3.0278544425964355,0.002089560031890869,8.817513783772786e-05,12,3,0.2,3.246059784527937,1.020283796514561,0.045606782245107724,5,0.0,nan,nan,nan,1.4041380882263184,inf
llasa1b,wr_very_t1_k12,word_rep,t1,12,1253,12,attention,,3.0278544425964355,0.002089560031890869,8.817513783772786e-05,12,4,0.26666666666666666,3.464327180146412,1.0292715353645092,0.10633531228568582,5,0.0,nan,nan,nan,1.7103135585784912,inf
llasa1b,wr_very_t1_k12,word_rep,t1,12,1253,12,attention,,3.0278544425964355,0.002089560031890869,8.817513783772786e-05,12,5,0.3333333333333333,4.0188521420817915,1.0282177775344448,0.09004405713647756,5,0.0,248.783654409515,0.8875339334535033,2.9892035972077515,1.9094266891479492,inf
llasa1b,wr_very_t1_k12,word_rep,t1,12,1253,12,attention,,3.0278544425964355,0.002089560031890869,8.817513783772786e-05,12,6,0.4,4.636501043584693,1.020571097632717,0.04648388859297048,5,0.0,nan,nan,nan,2.0492557287216187,inf
llasa1b,wr_very_t1_k12,word_rep,t1,12,1253,12,attention,,3.0278544425964355,0.002089560031890869,8.817513783772786e-05,12,7,0.4666666666666667,5.0731760984162335,1.0209437111244268,0.039057829994436744,5,0.0,nan,nan,nan,2.1699390411376953,inf
llasa1b,wr_very_t1_k12,word_rep,t1,12,1253,12,attention,,3.0278544425964355,0.002089560031890869,8.817513783772786e-05,12,8,0.5333333333333333,5.181231314894757,1.0306158734278767,0.0743804297967171,5,0.0,nan,nan,nan,2.3098803758621216,inf
llasa1b,wr_very_t1_k12,word_rep,t1,12,1253,12,attention,,3.0278544425964355,0.002089560031890869,8.817513783772786e-05,12,9,0.6,5.846139869484436,1.0237357364986097,0.04863258260230563,5,0.0,nan,nan,nan,2.5550127029418945,inf
llasa1b,wr_very_t1_k12,word_rep,t1,12,1253,12,attention,,3.0278544425964355,0.002089560031890869,8.817513783772786e-05,12,10,0.6666666666666666,6.687693159933889,1.036747209373844,0.0982175611448931,5,0.0,205.93210384767943,1.0563281667908715,2.877675681200055,3.312368392944336,inf
llasa1b,wr_very_t1_k12,word_rep,t1,12,1253,12,attention,,3.0278544425964355,0.002089560031890869,8.817513783772786e-05,12,11,0.7333333333333333,9.44114326798967,1.0345471472212748,0.0902240324918,5,0.0,nan,nan,nan,4.631035089492798,inf
llasa1b,wr_very_t1_k12,word_rep,t1,12,1253,12,attention,,3.0278544425964355,0.002089560031890869,8.817513783772786e-05,12,12,0.8,15.058050633463857,1.037941239533576,0.09498751450139853,5,0.0,nan,nan,nan,7.191515922546387,inf
llasa1b,wr_very_t1_k12,word_rep,t1,12,1253,12,attention,,3.0278544425964355,0.002089560031890869,8.817513783772786e-05,12,13,0.8666666666666667,26.133755981965006,1.030481126763797,0.07404428076260317,5,0.0,nan,nan,nan,12.059901237487793,inf
llasa1b,wr_very_t1_k12,word_rep,t1,12,1253,12,attention,,3.0278544425964355,0.002089560031890869,8.817513783772786e-05,12,14,0.9333333333333333,41.6728239648059,1.0374544606221914,0.11384944005575826,5,0.0,nan,nan,nan,18.040839672088623,inf
llasa1b,wr_very_t1_k12,word_rep,t1,12,1253,12,attention,,3.0278544425964355,0.002089560031890869,8.817513783772786e-05,12,15,1.0,96.46856022048796,1.0223966873829884,0.041312745438432774,5,0.0,186.98759015624677,1.1951917926867714,0.9466376935142624,38.12021255493164,inf
llasa1b,wr_very_t1_k16,word_rep,t1,16,1231,16,attention,,3.1996774673461914,0.002462625503540039,8.29845666885376e-05,16,0,0.0,5.46585963099855,0.8268353914321528,0.5037666852294611,7,0.0,180.8493029943036,1.0265593803065696,5.898078718993987,0.684734433889389,10.924267520999567
llasa1b,wr_very_t1_k16,word_rep,t1,16,1231,16,attention,,3.1996774673461914,0.002462625503540039,8.29845666885376e-05,16,1,0.06666666666666667,5.7236049855452835,0.867163469173477,0.47864919217989566,7,0.0,nan,nan,nan,1.0784475207328796,11.710533838975037
llasa1b,wr_very_t1_k16,word_rep,t1,16,1231,16,attention,,3.1996774673461914,0.002462625503540039,8.29845666885376e-05,16,2,0.13333333333333333,7.460078579758332,0.8603671814702226,0.49307541760494056,7,0.0,nan,nan,nan,1.1806843876838684,12.257449488353764
llasa1b,wr_very_t1_k16,word_rep,t1,16,1231,16,attention,,3.1996774673461914,0.002462625503540039,8.29845666885376e-05,16,3,0.2,10.482152986274599,0.8484831010028265,0.5419841024985823,7,0.0,nan,nan,nan,1.4041380882263184,12.234862513448345
llasa1b,wr_very_t1_k16,word_rep,t1,16,1231,16,attention,,3.1996774673461914,0.002462625503540039,8.29845666885376e-05,16,4,0.26666666666666666,12.024927466744348,0.8587885411525381,0.5103970998871638,7,0.0,nan,nan,nan,1.7103135585784912,12.811353333378472
llasa1b,wr_very_t1_k16,word_rep,t1,16,1231,16,attention,,3.1996774673461914,0.002462625503540039,8.29845666885376e-05,16,5,0.3333333333333333,14.317967730420522,0.8607354293825179,0.4766543918234917,7,0.0,215.888548443604,0.9761445327211231,4.147538750854188,1.9094266891479492,13.43427125834474
llasa1b,wr_very_t1_k16,word_rep,t1,16,1231,16,attention,,3.1996774673461914,0.002462625503540039,8.29845666885376e-05,16,6,0.4,14.148762246585541,0.8802684425043102,0.4404046748282645,7,0.0,nan,nan,nan,2.0492557287216187,15.150750241589309
llasa1b,wr_very_t1_k16,word_rep,t1,16,1231,16,attention,,3.1996774673461914,0.002462625503540039,8.29845666885376e-05,16,7,0.4666666666666667,15.343194953021866,0.8833769313445358,0.37875634932900604,7,0.0,nan,nan,nan,2.1699390411376953,15.77355663005122
llasa1b,wr_very_t1_k16,word_rep,t1,16,1231,16,attention,,3.1996774673461914,0.002462625503540039,8.29845666885376e-05,16,8,0.5333333333333333,17.466452735535256,0.8787224395396129,0.4050085364803675,7,0.0,nan,nan,nan,2.3098803758621216,15.648122715036282
llasa1b,wr_very_t1_k16,word_rep,t1,16,1231,16,attention,,3.1996774673461914,0.002462625503540039,8.29845666885376e-05,16,9,0.6,18.968401125278373,0.8815860394718763,0.42594846445572565,7,0.0,nan,nan,nan,2.5550127029418945,15.906329705547416
llasa1b,wr_very_t1_k16,word_rep,t1,16,1231,16,attention,,3.1996774673461914,0.002462625503540039,8.29845666885376e-05,16,10,0.6666666666666666,22.947729743010747,0.8796903311335639,0.4180049426316089,7,0.0,182.30099367993074,1.141096211778488,3.5466069965761515,3.312368392944336,15.099665082382728
llasa1b,wr_very_t1_k16,word_rep,t1,16,1231,16,attention,,3.1996774673461914,0.002462625503540039,8.29845666885376e-05,16,11,0.7333333333333333,31.888358666825035,0.8724437482626063,0.44406733029967493,7,0.0,nan,nan,nan,4.631035089492798,14.139686555409247
llasa1b,wr_very_t1_k16,word_rep,t1,16,1231,16,attention,,3.1996774673461914,0.002462625503540039,8.29845666885376e-05,16,12,0.8,46.02569807406734,0.8737335533644407,0.4174141564247579,7,0.0,nan,nan,nan,7.191515922546387,13.752411754216425
llasa1b,wr_very_t1_k16,word_rep,t1,16,1231,16,attention,,3.1996774673461914,0.002462625503540039,8.29845666885376e-05,16,13,0.8666666666666667,65.36989403068758,0.8802183895035128,0.37531470214199414,7,0.0,nan,nan,nan,12.059901237487793,13.247425134115009
llasa1b,wr_very_t1_k16,word_rep,t1,16,1231,16,attention,,3.1996774673461914,0.002462625503540039,8.29845666885376e-05,16,14,0.9333333333333333,89.9199868762664,0.8929456760029172,0.2967168934957094,7,0.0,nan,nan,nan,18.040839672088623,14.186070874441171
llasa1b,wr_very_t1_k16,word_rep,t1,16,1231,16,attention,,3.1996774673461914,0.002462625503540039,8.29845666885376e-05,16,15,1.0,192.40137485948893,0.8956703195693724,0.32137915666342665,7,0.0,158.4219229201066,1.3317335416697267,2.0704309815540465,38.12021255493164,14.692291762049482
llasa1b,wr_very_t1_k24,word_rep,t1,24,1178,24,attention,,3.443678379058838,0.003003448247909546,7.326900959014893e-05,24,0,0.0,1.606541787069854,0.9891267038931225,0.03207753021477522,13,0.7598080635070801,193.8466772797106,0.965816040905632,5.221285515630932,0.684734433889389,78.00424452980259
llasa1b,wr_very_t1_k24,word_rep,t1,24,1178,24,attention,,3.443678379058838,0.003003448247909546,7.326900959014893e-05,24,1,0.06666666666666667,2.1644290305193055,0.9942407725643442,0.011630813184243971,13,1.3032097816467285,nan,nan,nan,1.0784475207328796,120.61098695745932
llasa1b,wr_very_t1_k24,word_rep,t1,24,1178,24,attention,,3.443678379058838,0.003003448247909546,7.326900959014893e-05,24,2,0.13333333333333333,2.6899673300196554,0.9944007230206717,0.011393503962841334,13,1.6278835535049438,nan,nan,nan,1.1806843876838684,146.64881100893774
llasa1b,wr_very_t1_k24,word_rep,t1,24,1178,24,attention,,3.443678379058838,0.003003448247909546,7.326900959014893e-05,24,3,0.2,3.41003135053066,0.991320500680815,0.02847328579651731,13,2.0047357082366943,nan,nan,nan,1.4041380882263184,101.78485569403544
llasa1b,wr_very_t1_k24,word_rep,t1,24,1178,24,attention,,3.443678379058838,0.003003448247909546,7.326900959014893e-05,24,4,0.26666666666666666,3.9510420026885336,0.9947271744212882,0.010696660575032824,13,2.541269063949585,nan,nan,nan,1.7103135585784912,158.37679212101253
llasa1b,wr_very_t1_k24,word_rep,t1,24,1178,24,attention,,3.443678379058838,0.003003448247909546,7.326900959014893e-05,24,5,0.3333333333333333,4.6679609471631345,0.9932960532300745,0.014981484351865748,13,2.881593704223633,238.5831936759544,0.8895855678331664,3.4914340893515257,1.9094266891479492,132.89478447192243
llasa1b,wr_very_t1_k24,word_rep,t1,24,1178,24,attention,,3.443678379058838,0.003003448247909546,7.326900959014893e-05,24,6,0.4,5.21649084857296,0.9944591099795609,0.010077019592861114,13,3.21329402923584,nan,nan,nan,2.0492557287216187,168.16022254485875
llasa1b,wr_very_t1_k24,word_rep,t1,24,1178,24,attention,,3.443678379058838,0.003003448247909546,7.326900959014893e-05,24,7,0.4666666666666667,5.586338728471613,0.9943769459327746,0.008507702187149468,13,3.3327243328094482,nan,nan,nan,2.1699390411376953,167.6960364836684
llasa1b,wr_very_t1_k24,word_rep,t1,24,1178,24,attention,,3.443678379058838,0.003003448247909546,7.326900959014893e-05,24,8,0.5333333333333333,6.098858509908841,0.9943513986677478,0.007868099720344635,13,3.587063789367676,nan,nan,nan,2.3098803758621216,171.39838879645586
llasa1b,wr_very_t1_k24,word_rep,t1,24,1178,24,attention,,3.443678379058838,0.003003448247909546,7.326900959014893e-05,24,9,0.6,6.743235004878291,0.9961600206192078,0.0035712400476340944,13,4.001172065734863,nan,nan,nan,2.5550127029418945,252.2456445624857
llasa1b,wr_very_t1_k24,word_rep,t1,24,1178,24,attention,,3.443678379058838,0.003003448247909546,7.326900959014893e-05,24,10,0.6666666666666666,8.03821555345555,0.9970504148162699,0.0019169707731463426,13,4.950367450714111,196.8516149141761,1.0469640956795763,3.0199515066860747,3.312368392944336,300.12204616185653
llasa1b,wr_very_t1_k24,word_rep,t1,24,1178,24,attention,,3.443678379058838,0.003003448247909546,7.326900959014893e-05,24,11,0.7333333333333333,10.90680893767295,0.9958546085166488,0.004058830407442038,13,6.374288558959961,nan,nan,nan,4.631035089492798,206.21216395079077
llasa1b,wr_very_t1_k24,word_rep,t1,24,1178,24,attention,,3.443678379058838,0.003003448247909546,7.326900959014893e-05,24,12,0.8,16.573591718811937,0.9938517864283858,0.010235199931595385,13,8.887365341186523,nan,nan,nan,7.191515922546387,135.37905526616984
llasa1b,wr_very_t1_k24,word_rep,t1,24,1178,24,attention,,3.443678379058838,0.003003448247909546,7.326900959014893e-05,24,13,0.8666666666666667,29.12103982643143,0.987769719680178,0.04489072712847908,13,14.035624504089355,nan,nan,nan,12.059901237487793,71.63964318990263
llasa1b,wr_very_t1_k24,word_rep,t1,24,1178,24,attention,,3.443678379058838,0.003003448247909546,7.326900959014893e-05,24,14,0.9333333333333333,46.80572236697916,0.9838780873899302,0.073144067501691,13,18.963916778564453,nan,nan,nan,18.040839672088623,58.656907633710425
llasa1b,wr_very_t1_k24,word_rep,t1,24,1178,24,attention,,3.443678379058838,0.003003448247909546,7.326900959014893e-05,24,15,1.0,91.19083254617559,0.9877123436552186,0.030036349378994798,13,38.2596435546875,166.22672198548128,1.2504849527394497,1.5031242143339185,38.12021255493164,70.54559012357524
llasa1b,wr_very_t1_k32,word_rep,t1,32,1078,32,attention,,3.6374714374542236,0.0029282867908477783,5.934387445449829e-05,32,0,0.0,5.556268149398944,0.9440827418954594,0.5848167599368859,9,0.0,222.83733593281065,0.8853305839590819,4.080382805285636,0.684734433889389,36.38508058051648
llasa1b,wr_very_t1_k32,word_rep,t1,32,1078,32,attention,,3.6374714374542236,0.0029282867908477783,5.934387445449829e-05,32,1,0.06666666666666667,6.924728534007121,0.9483032709442241,0.5600522460474762,9,0.0,nan,nan,nan,1.0784475207328796,35.0328566323582
llasa1b,wr_very_t1_k32,word_rep,t1,32,1078,32,attention,,3.6374714374542236,0.0029282867908477783,5.934387445449829e-05,32,2,0.13333333333333333,8.770767690070736,0.9460976341627857,0.6343585203636295,9,0.0,nan,nan,nan,1.1806843876838684,36.191082626984176
llasa1b,wr_very_t1_k32,word_rep,t1,32,1078,32,attention,,3.6374714374542236,0.0029282867908477783,5.934387445449829e-05,32,3,0.2,9.344594809494406,0.9574825588569718,0.5195537700798015,9,0.0,nan,nan,nan,1.4041380882263184,43.624201632721416
llasa1b,wr_very_t1_k32,word_rep,t1,32,1078,32,attention,,3.6374714374542236,0.0029282867908477783,5.934387445449829e-05,32,4,0.26666666666666666,12.47575356917917,0.9504825243167503,0.5067370600145298,9,0.0,nan,nan,nan,1.7103135585784912,39.12751095105653
llasa1b,wr_very_t1_k32,word_rep,t1,32,1078,32,attention,,3.6374714374542236,0.0029282867908477783,5.934387445449829e-05,32,5,0.3333333333333333,19.10880542888946,0.9345175428432196,0.6226060467750614,9,0.0,255.79094408199902,0.8776195711472056,2.9140955804198945,1.9094266891479492,34.010340331990896
llasa1b,wr_very_t1_k32,word_rep,t1,32,1078,32,attention,,3.6374714374542236,0.0029282867908477783,5.934387445449829e-05,32,6,0.4,16.375182014142105,0.9511921226771292,0.4422573327321694,9,0.0,nan,nan,nan,2.0492557287216187,41.53322998159699
llasa1b,wr_very_t1_k32,word_rep,t1,32,1078,32,attention,,3.6374714374542236,0.0029282867908477783,5.934387445449829e-05,32,7,0.4666666666666667,20.018748853141076,0.9469172419679392,0.46687417996306924,9,0.0,nan,nan,nan,2.1699390411376953,40.73752089760575
llasa1b,wr_very_t1_k32,word_rep,t1,32,1078,32,attention,,3.6374714374542236,0.0029282867908477783,5.934387445449829e-05,32,8,0.5333333333333333,22.389404348206384,0.9466777722173835,0.43111815695200717,9,0.0,nan,nan,nan,2.3098803758621216,41.45140414511375
llasa1b,wr_very_t1_k32,word_rep,t1,32,1078,32,attention,,3.6374714374542236,0.0029282867908477783,5.934387445449829e-05,32,9,0.6,28.091371589059435,0.9410965717860539,0.4350866321684309,9,0.0,nan,nan,nan,2.5550127029418945,39.489776165138665
llasa1b,wr_very_t1_k32,word_rep,t1,32,1078,32,attention,,3.6374714374542236,0.0029282867908477783,5.934387445449829e-05,32,10,0.6666666666666666,36.32153166039122,0.9391259372183073,0.31827648723181623,9,0.0,208.44084637598937,1.0494225604007204,2.7295215599687728,3.312368392944336,38.129463296724396
llasa1b,wr_very_t1_k32,word_rep,t1,32,1078,32,attention,,3.6374714374542236,0.0029282867908477783,5.934387445449829e-05,32,11,0.7333333333333333,51.50696555833859,0.9343529820896238,0.35336799508537,9,0.0,nan,nan,nan,4.631035089492798,35.477196340945774
llasa1b,wr_very_t1_k32,word_rep,t1,32,1078,32,attention,,3.6374714374542236,0.0029282867908477783,5.934387445449829e-05,32,12,0.8,84.06610533187802,0.9228160412527725,0.4032852813276009,9,0.0,nan,nan,nan,7.191515922546387,30.609276780763206
llasa1b,wr_very_t1_k32,word_rep,t1,32,1078,32,attention,,3.6374714374542236,0.0029282867908477783,5.934387445449829e-05,32,13,0.8666666666666667,167.49046543464115,0.9044371027961247,0.4784046573168035,9,0.0,nan,nan,nan,12.059901237487793,26.194489792169414
llasa1b,wr_very_t1_k32,word_rep,t1,32,1078,32,attention,,3.6374714374542236,0.0029282867908477783,5.934387445449829e-05,32,14,0.9333333333333333,262.94097085163753,0.8991206547549073,0.5228519326170176,9,0.0,nan,nan,nan,18.040839672088623,25.195982673919094
llasa1b,wr_very_t1_k32,word_rep,t1,32,1078,32,attention,,3.6374714374542236,0.0029282867908477783,5.934387445449829e-05,32,15,1.0,291.78095752887384,0.9527205468830167,0.16551948406997719,9,0.0,192.72002196505755,1.1934965836131655,0.8892152545229586,38.12021255493164,42.02158155624082
