dataset,model,view,feature,class_label,n,spearman_rho,spearman_p,partial_n,partial_spearman_rho,partial_spearman_p,orientation,analysis_stage,spearman_q,partial_spearman_q
ASVspoof2019_LA,AASIST,deterministic_crop,crest_factor_db,0,5000,0.06943330066099682,8.906399336080909e-07,5000,-0.18162878048828227,7.753802035069942e-38,negated_raw_is_spoof,screen,1.5268113147567273e-06,4.3970927996346e-37
ASVspoof2019_LA,AASIST,deterministic_crop,peak_dbfs,0,5000,0.08836758110396484,3.8691589209979813e-10,5000,0.04511091723321551,0.001532028847331483,negated_raw_is_spoof,screen,7.726819598545746e-10,0.00237765216029274
ASVspoof2019_LA,AASIST,deterministic_crop,rms_dbfs,0,5000,-0.07077861893903557,5.447631691706219e-07,5000,0.17867247532743638,1.1881195031125317e-36,negated_raw_is_spoof,screen,9.447247733746012e-07,6.46490936106576e-36
ASVspoof2019_LA,AASIST,deterministic_crop,integrated_lufs,0,5000,-0.1910352371455034,2.6352817515692696e-42,5000,-0.2756811568809921,9.892733974107734e-87,negated_raw_is_spoof,screen,1.6026328842122616e-41,1.4144504745958291e-85
ASVspoof2019_LA,AASIST,deterministic_crop,silence_fraction,0,5000,-0.13537173250214388,6.9704111050483555e-22,5000,-0.1792383177417446,7.072454499157893e-37,negated_raw_is_spoof,screen,2.2147121808947966e-21,3.8956470683886105e-36
ASVspoof2019_LA,AASIST,deterministic_crop,clipping_fraction,0,5000,0.24778035049127073,7.792790930232055e-71,5000,0.16639006560148656,6.039037433998969e-32,negated_raw_is_spoof,screen,8.801269756497381e-70,2.8379252836694453e-31
ASVspoof2019_LA,AASIST,deterministic_crop,frame_rms_cv,0,5000,-0.15814289137628365,2.303936521631772e-29,5000,-0.23356214757486568,4.420015984495986e-62,negated_raw_is_spoof,screen,9.270930194829646e-29,4.213121619264259e-61
ASVspoof2019_LA,AASIST,deterministic_crop,frame_rms_range_db,0,5000,-0.10936427935294438,8.8651832408736e-15,5000,-0.11348727463988435,1.3168074265140642e-15,negated_raw_is_spoof,screen,2.1429507690169282e-14,3.619200779621477e-15
ASVspoof2019_LA,AASIST,deterministic_crop,spectral_centroid_hz,0,5000,0.05910325451805952,2.8915680977337626e-05,5000,0.05806760489656925,4.503980199407062e-05,negated_raw_is_spoof,screen,4.62650895637402e-05,7.944028068245528e-05
ASVspoof2019_LA,AASIST,deterministic_crop,spectral_centroid_std_hz,0,5000,0.029395346956752295,0.037663852019296,5000,0.005136980995105864,0.7183721149162011,negated_raw_is_spoof,screen,0.04695752979029112,0.7537018910596208
ASVspoof2019_LA,AASIST,deterministic_crop,spectral_bandwidth_hz,0,5000,-0.018078861174191694,0.20119535904066527,5000,0.006404063584128574,0.6530054825863065,negated_raw_is_spoof,screen,0.2297421941806747,0.6943349435094904
ASVspoof2019_LA,AASIST,deterministic_crop,spectral_rolloff85_hz,0,5000,0.0659302379728859,3.0729430700432923e-06,5000,0.06732865297116222,2.222504791077432e-06,negated_raw_is_spoof,screen,5.169005614691095e-06,4.242963692056915e-06
ASVspoof2019_LA,AASIST,deterministic_crop,spectral_flatness,0,5000,-0.09862418263590318,2.7668837280453867e-12,5000,-0.13539916154466214,1.3036233962850185e-21,negated_raw_is_spoof,screen,5.988231450069243e-12,4.3475678526229896e-21
ASVspoof2019_LA,AASIST,deterministic_crop,spectral_slope_db_per_khz,0,5000,-0.061459548116707126,1.3684013247238057e-05,5000,-0.130350405992735,3.918931602338837e-20,negated_raw_is_spoof,screen,2.2238589847990265e-05,1.2451640835799992e-19
ASVspoof2019_LA,AASIST,deterministic_crop,low_high_energy_ratio_db,0,5000,0.01683950429281336,0.23384228714714544,5000,0.0584441786257953,4.017289440399349e-05,negated_raw_is_spoof,screen,0.26366110228671436,7.09492379487086e-05
ASVspoof2019_LA,AASIST,deterministic_crop,spectral_flux,0,5000,0.1473617066835185,1.1292853451876583e-25,5000,0.09052172787519312,1.915107147648836e-10,negated_raw_is_spoof,screen,4.0258872783347822e-25,4.384844985417437e-10
ASVspoof2019_LA,AASIST,deterministic_crop,f0_median_hz,0,4997,0.13883106340328466,6.253616379351586e-23,4997,0.159344426047547,2.1863588497267279e-29,negated_raw_is_spoof,screen,2.0350751607381434e-22,9.328464425500706e-29
ASVspoof2019_LA,AASIST,deterministic_crop,f0_iqr_hz,0,4997,-0.016913454247514753,0.23193494062713735,4997,-0.13440782841425872,2.6415869233998017e-21,negated_raw_is_spoof,screen,0.2620678251859826,8.744563608495895e-21
ASVspoof2019_LA,AASIST,deterministic_crop,voiced_fraction,0,5000,-0.038472373503414155,0.006513702492704265,5000,-0.015425831796995495,0.2788047092629811,negated_raw_is_spoof,screen,0.008763179329524055,0.32220092865226246
ASVspoof2019_LA,AASIST,deterministic_crop,hnr_db,0,4997,-0.07760561052104095,3.955852134322309e-08,4997,-0.0429073460878968,0.002589289872195276,negated_raw_is_spoof,screen,7.19440496418022e-08,0.00391011863846118
ASVspoof2019_LA,AASIST,deterministic_crop,cpp_proxy_db,0,4997,0.009640030432617472,0.4956855377631781,4997,0.09327987390949305,5.3495537590160705e-11,negated_raw_is_spoof,screen,0.5291512015517962,1.2439100782210378e-10
ASVspoof2019_LA,AASIST,deterministic_crop,jitter_proxy,0,4997,0.03758024271095619,0.00788860035007488,4997,-0.08050711572596465,1.5196463274923728e-08,negated_raw_is_spoof,screen,0.010549531214428497,3.211328088285769e-08
ASVspoof2019_LA,AASIST,deterministic_crop,shimmer_proxy_db,0,4997,0.12092437391523131,9.701471332397518e-18,4997,-0.015336602252246312,0.28174156731375355,negated_raw_is_spoof,screen,2.634096458735811e-17,0.32503061499543756
ASVspoof2019_LA,AASIST,deterministic_crop,f0_delta_hz,0,4997,0.11008728377965969,6.007398177223307e-15,4997,0.0001317031853519341,0.9926251138376255,negated_raw_is_spoof,screen,1.4653254356058302e-14,0.9941044359148798
ASVspoof2019_LA,AASIST,deterministic_crop,group_delay_var,0,5000,-0.17411777667396283,2.493254748608757e-35,5000,-0.19625474281080682,5.264319360403266e-44,negated_raw_is_spoof,screen,1.1799064725810455e-34,3.4179928600879177e-43
ASVspoof2019_LA,AASIST,deterministic_crop,inst_freq_dispersion,0,5000,0.018048971766373087,0.2019414267525347,5000,-0.00687132295101638,0.6295253162381668,negated_raw_is_spoof,screen,0.2302029495804976,0.6714936706540445
ASVspoof2019_LA,AASIST,deterministic_crop,modulation_centroid_hz,0,5000,0.053031272754160155,0.0001757239794532196,5000,0.04407346361909771,0.001964113481858657,negated_raw_is_spoof,screen,0.00026656098011865366,0.003013434383125611
ASVspoof2019_LA,AASIST,deterministic_crop,modulation_entropy,0,5000,0.043434939088694634,0.002126327137127654,5000,0.052473520226425874,0.00022749101837165304,negated_raw_is_spoof,screen,0.0029583681907863015,0.0003812318312861617
ASVspoof2019_LA,AASIST,deterministic_crop,crest_factor_db,1,5000,-0.08091574154062964,1.0068380874937051e-08,5000,0.0989084130408822,3.076768554422528e-12,negated_raw_is_spoof,screen,1.8872948250928028e-08,7.518503522079778e-12
ASVspoof2019_LA,AASIST,deterministic_crop,peak_dbfs,1,5000,0.04937349898615502,0.0004785382870057259,5000,0.02972512541700558,0.03650280553020357,negated_raw_is_spoof,screen,0.0007013690924053387,0.04886431337907729
ASVspoof2019_LA,AASIST,deterministic_crop,rms_dbfs,1,5000,0.09376815091872602,3.0654394371644645e-11,5000,-0.11656890667008404,1.9141778877763201e-16,negated_raw_is_spoof,screen,6.437422818045376e-11,5.416115960360788e-16
ASVspoof2019_LA,AASIST,deterministic_crop,integrated_lufs,1,5000,0.18303474184938967,6.383109858495459e-39,5000,0.17444935757207378,3.9585441347062045e-35,negated_raw_is_spoof,screen,3.4732387246226304e-38,2.0782356707207575e-34
ASVspoof2019_LA,AASIST,deterministic_crop,silence_fraction,1,5000,0.17907424156636584,2.652437879377673e-37,5000,0.18056290182264603,1.5193910917349002e-37,negated_raw_is_spoof,screen,1.3764001968662519e-36,8.508590113715442e-37
ASVspoof2019_LA,AASIST,deterministic_crop,clipping_fraction,1,5000,0.11457907898998253,4.410823610902501e-16,5000,0.018770538948201052,0.18669907914159956,negated_raw_is_spoof,screen,1.1291708443910404e-15,0.22484190176192634
ASVspoof2019_LA,AASIST,deterministic_crop,frame_rms_cv,1,5000,0.13894427768577108,5.599842609330272e-23,5000,0.18691913113005815,3.7103405398421086e-40,negated_raw_is_spoof,screen,1.8267447735290983e-22,2.1967831213866935e-39
ASVspoof2019_LA,AASIST,deterministic_crop,frame_rms_range_db,1,5000,0.26504391757775664,3.777213051475893e-81,5000,0.25699628978457534,1.6886539021658294e-75,negated_raw_is_spoof,screen,5.34376246440379e-80,2.0632280404644316e-74
ASVspoof2019_LA,AASIST,deterministic_crop,spectral_centroid_hz,1,5000,-0.018159526806381072,0.1991919056920961,5000,-0.044523659355156286,0.001728646197322309,negated_raw_is_spoof,screen,0.22784163510653377,0.0026643354233958525
ASVspoof2019_LA,AASIST,deterministic_crop,spectral_centroid_std_hz,1,5000,-0.0090480650659226,0.5224015070388992,5000,-0.018107039478499717,0.20276060107199662,negated_raw_is_spoof,screen,0.5532763005991179,0.24309567157962841
ASVspoof2019_LA,AASIST,deterministic_crop,spectral_bandwidth_hz,1,5000,-0.050650152682006094,0.0003397865877129743,5000,-0.050979648639163044,0.00033301542199757706,negated_raw_is_spoof,screen,0.0005051694401396431,0.0005498436451655326
ASVspoof2019_LA,AASIST,deterministic_crop,spectral_rolloff85_hz,1,5000,-0.006366458927028534,0.6526609543309709,5000,-0.031521405884319405,0.026574036388275556,negated_raw_is_spoof,screen,0.6784039618103828,0.03603986367895292
ASVspoof2019_LA,AASIST,deterministic_crop,spectral_flatness,1,5000,-0.11822624220104967,4.97873188688275e-17,5000,-0.09206036828167455,8.631127132473148e-11,negated_raw_is_spoof,screen,1.3094746880568328e-16,1.996598083656439e-10
ASVspoof2019_LA,AASIST,deterministic_crop,spectral_slope_db_per_khz,1,5000,-0.0360326277133051,0.010831703935648508,5000,-0.024625019631146463,0.08321147511269673,negated_raw_is_spoof,screen,0.014216611415538667,0.10540643030298248
ASVspoof2019_LA,AASIST,deterministic_crop,low_high_energy_ratio_db,1,5000,0.016797372241910573,0.23501453707359635,5000,0.024088604365114365,0.09015106297169387,negated_raw_is_spoof,screen,0.26476071905022086,0.1138750269116133
ASVspoof2019_LA,AASIST,deterministic_crop,spectral_flux,1,5000,0.1945817886979514,7.435976865138394e-44,5000,0.1642663022435374,2.789485482057397e-31,negated_raw_is_spoof,screen,4.648350189184188e-43,1.2751933632262386e-30
ASVspoof2019_LA,AASIST,deterministic_crop,f0_median_hz,1,4976,0.036877630630298044,0.009278791736478692,4976,-0.1282243250740335,1.6472993065632564e-19,negated_raw_is_spoof,screen,0.012322822227102136,5.101313981615246e-19
ASVspoof2019_LA,AASIST,deterministic_crop,f0_iqr_hz,1,4976,0.09382352374757678,3.32625308601369e-11,4976,0.032136198189543046,0.02410169660976548,negated_raw_is_spoof,screen,6.974234239629328e-11,0.03288596979038052
ASVspoof2019_LA,AASIST,deterministic_crop,voiced_fraction,1,5000,0.033680604679955914,0.017234867553847635,5000,0.016760240564660352,0.23840914979506345,negated_raw_is_spoof,screen,0.02223000191206451,0.2796002594455195
ASVspoof2019_LA,AASIST,deterministic_crop,hnr_db,1,4976,0.0373593296895039,0.00839852678508333,4976,-0.01802402263258079,0.20594082119133122,negated_raw_is_spoof,screen,0.011186937561102077,0.24646880114082742
ASVspoof2019_LA,AASIST,deterministic_crop,cpp_proxy_db,1,4976,0.11382504937893097,8.047624337693667e-16,4976,0.03255028081135282,0.022337333975672224,negated_raw_is_spoof,screen,2.0407560584642053e-15,0.03063405802377905
ASVspoof2019_LA,AASIST,deterministic_crop,jitter_proxy,1,4976,0.006246048569427392,0.6595788737362794,4976,0.023715772985513958,0.09604964130148104,negated_raw_is_spoof,screen,0.6850649198621017,0.12087145871647052
ASVspoof2019_LA,AASIST,deterministic_crop,shimmer_proxy_db,1,4976,0.12197556367102663,5.906456803480826e-18,4976,0.160646576859717,7.767266603430635e-30,negated_raw_is_spoof,screen,1.620056723240455e-17,3.3458994599393505e-29
ASVspoof2019_LA,AASIST,deterministic_crop,f0_delta_hz,1,4976,0.004752715178851311,0.7374909340622251,4976,-0.05057840171354605,0.00038341940374964783,negated_raw_is_spoof,screen,0.7549031343333059,0.0006299702672854849
ASVspoof2019_LA,AASIST,deterministic_crop,group_delay_var,1,5000,-0.13079110958364437,1.6030355958512736e-20,5000,-0.11915963336886846,4.048352286790666e-17,negated_raw_is_spoof,screen,4.863385645201155e-20,1.165093249132046e-16
ASVspoof2019_LA,AASIST,deterministic_crop,inst_freq_dispersion,1,5000,-0.1953962008619038,3.245070914177403e-44,5000,-0.17997819607717563,2.6132045978633704e-37,negated_raw_is_spoof,screen,2.047594041621798e-43,1.4513004047637892e-36
ASVspoof2019_LA,AASIST,deterministic_crop,modulation_centroid_hz,1,5000,-0.03285792304231692,0.02015486008552391,5000,-0.020752517307056798,0.14432925083057352,negated_raw_is_spoof,screen,0.025773674552753697,0.17731125513372104
ASVspoof2019_LA,AASIST,deterministic_crop,modulation_entropy,1,5000,-0.08340633674425346,3.4937278962448013e-09,5000,-0.04615982807797827,0.0011599762619483238,negated_raw_is_spoof,screen,6.695484291246224e-09,0.0018106946527973833
ASVspoof2019_LA,RawBMamba,deterministic_crop,crest_factor_db,0,5000,0.1416418454416738,7.980447832201424e-24,5000,0.12849564004747555,1.3239219828597609e-19,negated_raw_is_spoof,screen,2.661469450739135e-23,4.1476716665816285e-19
ASVspoof2019_LA,RawBMamba,deterministic_crop,peak_dbfs,0,5000,0.07384950726534394,1.7155529728287877e-07,5000,0.016814891434149527,0.2377839502262834,negated_raw_is_spoof,screen,3.0061319367430126e-07,0.2791105931040392
ASVspoof2019_LA,RawBMamba,deterministic_crop,rms_dbfs,0,5000,-0.14308876018755037,2.7626308619370056e-24,5000,-0.13142235241687952,1.9236113516151698e-20,negated_raw_is_spoof,screen,9.447775772120447e-24,6.185008747777006e-20
ASVspoof2019_LA,RawBMamba,deterministic_crop,integrated_lufs,0,5000,-0.08340403629616143,3.4971949199812867e-09,5000,-0.07092031322382529,6.176285598044007e-07,negated_raw_is_spoof,screen,6.695484291246224e-09,1.1960991129353235e-06
ASVspoof2019_LA,RawBMamba,deterministic_crop,silence_fraction,0,5000,0.04760479415155995,0.0007592605406430625,5000,0.016106106211398585,0.25814990319421566,negated_raw_is_spoof,screen,0.0011019937004581816,0.30091367727062085
ASVspoof2019_LA,RawBMamba,deterministic_crop,clipping_fraction,0,5000,0.00620766205084226,0.6607756836676895,5000,-0.04328994330854165,0.0023616909586268746,negated_raw_is_spoof,screen,0.685778006833494,0.003582519919181173
ASVspoof2019_LA,RawBMamba,deterministic_crop,frame_rms_cv,0,5000,0.18759085719963425,7.882004221907889e-41,5000,0.15500050553681688,6.810609193926584e-28,negated_raw_is_spoof,screen,4.605832032280088e-40,2.799222861356981e-27
ASVspoof2019_LA,RawBMamba,deterministic_crop,frame_rms_range_db,0,5000,-0.004122297092891883,0.7707310532390542,5000,-0.04879100978592645,0.0006095479526739635,negated_raw_is_spoof,screen,0.7856445066474326,0.0009834723270033697
ASVspoof2019_LA,RawBMamba,deterministic_crop,spectral_centroid_hz,0,5000,-0.10323556214542247,2.5246444820363347e-13,5000,-0.06143930872101302,1.5793540902709202e-05,negated_raw_is_spoof,screen,5.70272635942325e-13,2.849197177616264e-05
ASVspoof2019_LA,RawBMamba,deterministic_crop,spectral_centroid_std_hz,0,5000,-0.07616990330279612,6.947872070433947e-08,5000,-0.04224367800172656,0.003007513030250013,negated_raw_is_spoof,screen,1.2450586750217633e-07,0.004506240259371257
ASVspoof2019_LA,RawBMamba,deterministic_crop,spectral_bandwidth_hz,0,5000,-0.04726644438665777,0.0008279573288225283,5000,-0.019549846058385473,0.1698784692562317,negated_raw_is_spoof,screen,0.0011952466701798904,0.20578613032280743
ASVspoof2019_LA,RawBMamba,deterministic_crop,spectral_rolloff85_hz,0,5000,-0.0983231362389676,3.222898793051531e-12,5000,-0.05705980811054974,6.096303560646307e-05,negated_raw_is_spoof,screen,6.952770429953865e-12,0.00010627019436457376
ASVspoof2019_LA,RawBMamba,deterministic_crop,spectral_flatness,0,5000,0.07774891146382243,3.699291408348333e-08,5000,0.08699314531016525,9.427899751675308e-10,negated_raw_is_spoof,screen,6.736920938780704e-08,2.090940142945811e-09
ASVspoof2019_LA,RawBMamba,deterministic_crop,spectral_slope_db_per_khz,0,5000,0.07829198117967924,2.969852712575648e-08,5000,0.0794523055605356,2.3149790759106164e-08,negated_raw_is_spoof,screen,5.4379864382856554e-08,4.861456059412294e-08
ASVspoof2019_LA,RawBMamba,deterministic_crop,low_high_energy_ratio_db,0,5000,0.013704583988512271,0.3326132342702976,5000,0.0015464997382500468,0.9135440217369557,negated_raw_is_spoof,screen,0.36792772581010696,0.9259450718057831
ASVspoof2019_LA,RawBMamba,deterministic_crop,spectral_flux,0,5000,-0.0363703598617975,0.010111853135947323,5000,-0.03189067931193547,0.025129918877045077,negated_raw_is_spoof,screen,0.013363156946620651,0.03418482891776172
ASVspoof2019_LA,RawBMamba,deterministic_crop,f0_median_hz,0,4997,-0.2007577107150722,1.340282875099642e-46,4997,-0.13832267205579088,1.761689345183864e-22,negated_raw_is_spoof,screen,9.190511143540402e-46,6.024708600323444e-22
ASVspoof2019_LA,RawBMamba,deterministic_crop,f0_iqr_hz,0,4997,-0.1452625672001786,5.6778700515285145e-25,4997,-0.05527755214855739,0.00010340821308840742,negated_raw_is_spoof,screen,1.9718494442517633e-24,0.00017749762246592536
ASVspoof2019_LA,RawBMamba,deterministic_crop,voiced_fraction,0,5000,0.04471807516971028,0.0015623980996245972,5000,0.07324526046419313,2.6191501913222067e-07,negated_raw_is_spoof,screen,0.002196509462233743,5.20730452239208e-07
ASVspoof2019_LA,RawBMamba,deterministic_crop,hnr_db,0,4997,-0.021471041709315828,0.12912243226288359,4997,0.010698651922444687,0.4527289234104216,negated_raw_is_spoof,screen,0.151621531584026,0.5007964387354787
ASVspoof2019_LA,RawBMamba,deterministic_crop,cpp_proxy_db,0,4997,-0.18054976180215715,7.025928747112435e-38,4997,-0.1402138973966295,4.6294463602407537e-23,negated_raw_is_spoof,screen,3.7189710242220248e-37,1.6160976384840449e-22
ASVspoof2019_LA,RawBMamba,deterministic_crop,jitter_proxy,0,4997,0.01674064932973242,0.23674006198036676,4997,0.022576062202112206,0.11304973412433812,negated_raw_is_spoof,screen,0.2662582789134836,0.140814497370816
ASVspoof2019_LA,RawBMamba,deterministic_crop,shimmer_proxy_db,0,4997,0.03621975110640457,0.010450533753602269,4997,-0.022855133033021627,0.10866416987499447,negated_raw_is_spoof,screen,0.013743167675970107,0.13572922333828305
ASVspoof2019_LA,RawBMamba,deterministic_crop,f0_delta_hz,0,4997,-0.06862353225075354,1.201007798751359e-06,4997,0.007926422600985613,0.5780056576871417,negated_raw_is_spoof,screen,2.0536316558801865e-06,0.6213646331792269
ASVspoof2019_LA,RawBMamba,deterministic_crop,group_delay_var,0,5000,0.17273208086128322,8.669504307757437e-35,5000,0.15608591877664385,2.8829871626842e-28,negated_raw_is_spoof,screen,3.990347188228081e-34,1.2033337722507967e-27
ASVspoof2019_LA,RawBMamba,deterministic_crop,inst_freq_dispersion,0,5000,-0.011104403418557784,0.43243728422695654,5000,-0.01810424634267276,0.20369962889349003,negated_raw_is_spoof,screen,0.4675749879332499,0.24400383354086508
ASVspoof2019_LA,RawBMamba,deterministic_crop,modulation_centroid_hz,0,5000,-0.09293802371752093,4.569665315532843e-11,5000,-0.10735355728226854,4.0798607346537286e-14,negated_raw_is_spoof,screen,9.434147748196838e-11,1.0709634428466038e-13
ASVspoof2019_LA,RawBMamba,deterministic_crop,modulation_entropy,0,5000,-0.03497130331885213,0.013399063574617447,5000,-0.054858070144807355,0.0001161473266224182,negated_raw_is_spoof,screen,0.01743305076891176,0.000198603062316196
ASVspoof2019_LA,RawBMamba,deterministic_crop,crest_factor_db,1,5000,-0.36160250521610016,2.560716163760955e-154,5000,-0.4743448785119388,3.2097545662192375e-276,negated_raw_is_spoof,screen,8.194291724035057e-153,3.594925114165546e-274
ASVspoof2019_LA,RawBMamba,deterministic_crop,peak_dbfs,1,5000,-0.06263937778258528,9.31387287246317e-06,5000,-0.08814562705657304,5.227364806946601e-10,negated_raw_is_spoof,screen,1.526566480559817e-05,1.176813785684461e-09
ASVspoof2019_LA,RawBMamba,deterministic_crop,rms_dbfs,1,5000,0.3507948440797937,9.823478483926659e-145,5000,0.491141609179813,5.885489067593767e-299,negated_raw_is_spoof,screen,2.870164148347267e-143,1.1300139009780032e-296
ASVspoof2019_LA,RawBMamba,deterministic_crop,integrated_lufs,1,5000,0.13099998111199923,1.3927907780387153e-20,5000,0.12186229268979008,7.661108336719443e-18,negated_raw_is_spoof,screen,4.244695704498942e-20,2.2530699353503134e-17
ASVspoof2019_LA,RawBMamba,deterministic_crop,silence_fraction,1,5000,-0.07596038969791606,7.546930035516931e-08,5000,-0.06671190521844002,2.6317606493880963e-06,negated_raw_is_spoof,screen,1.3506090502975706e-07,5.002950937450639e-06
ASVspoof2019_LA,RawBMamba,deterministic_crop,clipping_fraction,1,5000,0.14376685705043746,1.6740376088163664e-24,5000,0.05757803571096578,5.049725336174531e-05,negated_raw_is_spoof,screen,5.739557515941827e-24,8.860092495846695e-05
ASVspoof2019_LA,RawBMamba,deterministic_crop,frame_rms_cv,1,5000,-0.4246358534334341,4.2376667401979383e-218,5000,-0.4336909042892552,3.488003212105428e-226,negated_raw_is_spoof,screen,4.0681600705900205e-216,1.4649613490842798e-224
ASVspoof2019_LA,RawBMamba,deterministic_crop,frame_rms_range_db,1,5000,-0.0961773224710929,9.435179576582411e-12,5000,-0.10445109100286348,1.7439520908580473e-13,negated_raw_is_spoof,screen,2.0160383705765914e-11,4.4391507767295754e-13
ASVspoof2019_LA,RawBMamba,deterministic_crop,spectral_centroid_hz,1,5000,0.13166269419450774,8.902426012254413e-21,5000,0.19591795571284878,5.090837086734131e-44,negated_raw_is_spoof,screen,2.7192864910158935e-20,3.3214005070731414e-43
ASVspoof2019_LA,RawBMamba,deterministic_crop,spectral_centroid_std_hz,1,5000,0.16389251263570048,1.9238077569469767e-31,5000,0.2179847628581702,2.5522784555517832e-54,negated_raw_is_spoof,screen,8.260695288615773e-31,2.078946814703998e-53
ASVspoof2019_LA,RawBMamba,deterministic_crop,spectral_bandwidth_hz,1,5000,-0.2571868194394727,2.340590648421968e-76,5000,-0.24518467122176904,1.1222891842779904e-68,negated_raw_is_spoof,screen,3.0247632994991586e-75,1.1971084632298566e-67
ASVspoof2019_LA,RawBMamba,deterministic_crop,spectral_rolloff85_hz,1,5000,0.09946978632249802,1.7981336472463818e-12,5000,0.16487409585527998,1.6711591856598024e-31,negated_raw_is_spoof,screen,3.935979840226608e-12,7.718343455418469e-31
ASVspoof2019_LA,RawBMamba,deterministic_crop,spectral_flatness,1,5000,-0.40953267894130707,1.5742394075093186e-201,5000,-0.42681537288490184,2.2419964739169415e-218,negated_raw_is_spoof,screen,1.1754320909402912e-199,8.609266459841055e-217
ASVspoof2019_LA,RawBMamba,deterministic_crop,spectral_slope_db_per_khz,1,5000,-0.2424678826587153,8.09756381941563e-68,5000,-0.24686121562565316,1.2697271618681052e-69,negated_raw_is_spoof,screen,8.37163521022662e-67,1.3874091915046613e-68
ASVspoof2019_LA,RawBMamba,deterministic_crop,low_high_energy_ratio_db,1,5000,0.23903803059820578,6.563826331183428e-66,5000,0.24886137816083537,9.22899168419681e-71,negated_raw_is_spoof,screen,6.5834198426197956e-65,1.0251045308727696e-69
ASVspoof2019_LA,RawBMamba,deterministic_crop,spectral_flux,1,5000,0.19742906702011587,4.0301144722765656e-45,5000,0.27808733014054376,1.3529769507413467e-88,negated_raw_is_spoof,screen,2.64218236621449e-44,1.9982428810949123e-87
ASVspoof2019_LA,RawBMamba,deterministic_crop,f0_median_hz,1,4976,0.0016025869256701528,0.9100151873578238,4976,0.14048725171830714,3.887924018108758e-23,negated_raw_is_spoof,screen,0.914824409299869,1.3607734063380655e-22
ASVspoof2019_LA,RawBMamba,deterministic_crop,f0_iqr_hz,1,4976,-0.08856504955632362,3.895026315188475e-10,4976,-0.04405153198553509,0.001984823013388021,negated_raw_is_spoof,screen,7.766936747200757e-10,0.003038271218671412
ASVspoof2019_LA,RawBMamba,deterministic_crop,voiced_fraction,1,5000,0.27152676545918414,3.15245660066844e-85,5000,0.29338617743401524,7.5601091175227e-99,negated_raw_is_spoof,screen,4.707668523664871e-84,1.336945612361909e-97
ASVspoof2019_LA,RawBMamba,deterministic_crop,hnr_db,1,4976,0.00796027461753626,0.5745305361455321,4976,0.019430079245915943,0.17272755674159607,negated_raw_is_spoof,screen,0.6060981480216602,0.2087642412416413
ASVspoof2019_LA,RawBMamba,deterministic_crop,cpp_proxy_db,1,4976,0.17505350666159392,1.5557896118792576e-35,4976,0.23622919242438473,1.9218212955462306e-63,negated_raw_is_spoof,screen,7.441214371408264e-35,1.8992116332456868e-62
ASVspoof2019_LA,RawBMamba,deterministic_crop,jitter_proxy,1,4976,-0.09965662715321175,1.8461964434938076e-12,4976,-0.10911695243822639,1.598106102113614e-14,negated_raw_is_spoof,screen,4.021536499279866e-12,4.27859482318864e-14
ASVspoof2019_LA,RawBMamba,deterministic_crop,shimmer_proxy_db,1,4976,0.11345396911234974,9.984584872101133e-16,4976,0.16746948267460907,2.585419211195028e-32,negated_raw_is_spoof,screen,2.5129741700569147e-15,1.2410012213736136e-31
ASVspoof2019_LA,RawBMamba,deterministic_crop,f0_delta_hz,1,4976,-0.09381004894172375,3.347882184704191e-11,4976,-0.05096314574654558,0.000345849945846557,negated_raw_is_spoof,screen,6.997750631792275e-11,0.0005703341438254879
ASVspoof2019_LA,RawBMamba,deterministic_crop,group_delay_var,1,5000,-0.245227125713085,2.242232950954806e-69,5000,-0.2769988254642167,6.860575101281513e-88,negated_raw_is_spoof,screen,2.372882744947448e-68,9.91463756572296e-87
ASVspoof2019_LA,RawBMamba,deterministic_crop,inst_freq_dispersion,1,5000,-0.1853738974473635,6.783503596035061e-40,5000,-0.19913381107705697,1.9026547350562807e-45,negated_raw_is_spoof,screen,3.8146564155109297e-39,1.298054804018092e-44
ASVspoof2019_LA,RawBMamba,deterministic_crop,modulation_centroid_hz,1,5000,0.3893106182604246,1.2090071442908337e-180,5000,0.44107108568135783,9.071812184781485e-235,negated_raw_is_spoof,screen,6.499622407707523e-179,4.064171858782105e-233
ASVspoof2019_LA,RawBMamba,deterministic_crop,modulation_entropy,1,5000,0.32530587787623505,1.3986249723513884e-123,5000,0.41386227699763334,3.765287120167838e-204,negated_raw_is_spoof,screen,3.2409516600694244e-122,1.234279485245262e-202
ASVspoof2019_LA,RawTFNet,deterministic_crop,crest_factor_db,0,5000,-0.05841991448780697,3.574215203619061e-05,5000,0.011895269494049359,0.4036521532513223,negated_raw_is_spoof,screen,5.6714819759905756e-05,0.4539820033219893
ASVspoof2019_LA,RawTFNet,deterministic_crop,peak_dbfs,0,5000,-0.026964285099561218,0.056581115625040874,5000,-0.006174628143505669,0.664663725998342,negated_raw_is_spoof,screen,0.0697021259395554,0.7061723697563412
ASVspoof2019_LA,RawTFNet,deterministic_crop,rms_dbfs,0,5000,0.05705636009710117,5.419129334728831e-05,5000,-0.01566323753781561,0.27147242219139206,negated_raw_is_spoof,screen,8.508539516209753e-05,0.3152376924398491
ASVspoof2019_LA,RawTFNet,deterministic_crop,integrated_lufs,0,5000,0.10941159443759317,8.632473083872701e-15,5000,-0.03320941602032813,0.01968546162619096,negated_raw_is_spoof,screen,2.0904583467972812e-14,0.02713565171856477
ASVspoof2019_LA,RawTFNet,deterministic_crop,silence_fraction,0,5000,-0.17095402206887264,4.225051956354585e-34,5000,-0.04853772130009824,0.0006507811450374316,negated_raw_is_spoof,screen,1.9119427034816705e-33,0.001047484860994381
ASVspoof2019_LA,RawTFNet,deterministic_crop,clipping_fraction,0,5000,0.2754044945114212,1.010883470151114e-87,5000,0.13688325712277605,4.675626895143064e-22,negated_raw_is_spoof,screen,1.5983851575095262e-86,1.586879431078858e-21
ASVspoof2019_LA,RawTFNet,deterministic_crop,frame_rms_cv,0,5000,0.0813664781764231,8.332268443261348e-09,5000,-0.0015814367917393788,0.9115988109320563,negated_raw_is_spoof,screen,1.575044836532103e-08,0.9259450718057831
ASVspoof2019_LA,RawTFNet,deterministic_crop,frame_rms_range_db,0,5000,-0.16754367129785208,8.400093160378048e-33,5000,-0.07851319728259147,3.382161767703129e-08,negated_raw_is_spoof,screen,3.738319605148376e-32,7.058424558684791e-08
ASVspoof2019_LA,RawTFNet,deterministic_crop,spectral_centroid_hz,0,5000,-0.10235502050648342,4.0212668050833906e-13,5000,0.026149153672391717,0.06634727517127603,negated_raw_is_spoof,screen,9.022675435779762e-13,0.08541258412853925
ASVspoof2019_LA,RawTFNet,deterministic_crop,spectral_centroid_std_hz,0,5000,-0.07626368043569887,6.694904225525787e-08,5000,0.028050552775427045,0.048880991627553966,negated_raw_is_spoof,screen,1.2029346629821735e-07,0.06415630151116458
ASVspoof2019_LA,RawTFNet,deterministic_crop,spectral_bandwidth_hz,0,5000,-0.03256563087453311,0.021291628253028366,5000,0.04267623441395871,0.0027231373813064604,negated_raw_is_spoof,screen,0.027149856140483986,0.004098428488774785
ASVspoof2019_LA,RawTFNet,deterministic_crop,spectral_rolloff85_hz,0,5000,-0.10535180047356013,8.116003492196893e-14,5000,0.021386834160737975,0.1332010730142577,negated_raw_is_spoof,screen,1.8871814348637757e-13,0.16424058911115813
ASVspoof2019_LA,RawTFNet,deterministic_crop,spectral_flatness,0,5000,0.10685891056174414,3.5671092898818725e-14,5000,0.07843066536057984,3.49602609808283e-08,negated_raw_is_spoof,screen,8.410868220353046e-14,7.284742753214455e-08
ASVspoof2019_LA,RawTFNet,deterministic_crop,spectral_slope_db_per_khz,0,5000,0.16685522666223168,1.5243553084395446e-32,5000,0.08772667985858444,6.803154383207271e-10,negated_raw_is_spoof,screen,6.739255047837987e-32,1.5138144852699624e-09
ASVspoof2019_LA,RawTFNet,deterministic_crop,low_high_energy_ratio_db,0,5000,-0.014165635000665254,0.31660376551415004,5000,-0.06238342108581236,1.1663190373730121e-05,negated_raw_is_spoof,screen,0.35108536373846344,2.118287548958552e-05
ASVspoof2019_LA,RawTFNet,deterministic_crop,spectral_flux,0,5000,0.06436808318680619,5.236145466190548e-06,5000,0.035344996975776484,0.013060691517554799,negated_raw_is_spoof,screen,8.688122847605056e-06,0.018399967924102357
ASVspoof2019_LA,RawTFNet,deterministic_crop,f0_median_hz,0,4997,-0.10403427040899625,1.6771130512411835e-13,4997,-0.030313717827535856,0.03334010888910933,negated_raw_is_spoof,screen,3.8204066794375436e-13,0.04480910634696293
ASVspoof2019_LA,RawTFNet,deterministic_crop,f0_iqr_hz,0,4997,-0.06810435378246152,1.4453224478900501e-06,4997,-0.04806677704368524,0.000737167684529063,negated_raw_is_spoof,screen,2.4682507877563242e-06,0.001180874097743815
ASVspoof2019_LA,RawTFNet,deterministic_crop,voiced_fraction,0,5000,-0.021461840941724823,0.12917161730930787,5000,-0.010836227776043744,0.44679981571169897,negated_raw_is_spoof,screen,0.151621531584026,0.49650266371057983
ASVspoof2019_LA,RawTFNet,deterministic_crop,hnr_db,0,4997,-0.03959116911794887,0.0051249129945897445,4997,-0.0601354238079828,2.3974653643609942e-05,negated_raw_is_spoof,screen,0.006915545245711463,4.267805893643942e-05
ASVspoof2019_LA,RawTFNet,deterministic_crop,cpp_proxy_db,0,4997,-0.23562555155974907,5.291554267238578e-64,4997,-0.14825733877865788,1.2794724842170046e-25,negated_raw_is_spoof,screen,5.079892096549035e-63,4.843974700810294e-25
ASVspoof2019_LA,RawTFNet,deterministic_crop,jitter_proxy,0,4997,0.10391590260056406,1.786610803151876e-13,4997,0.050346605855283645,0.000406753186313123,negated_raw_is_spoof,screen,4.062952486355535e-13,0.0006674924083087147
ASVspoof2019_LA,RawTFNet,deterministic_crop,shimmer_proxy_db,0,4997,0.06596342388561385,3.058740783359426e-06,4997,0.09088199619906916,1.6426451299417016e-10,negated_raw_is_spoof,screen,5.151563424605349e-06,3.77387188827632e-10
ASVspoof2019_LA,RawTFNet,deterministic_crop,f0_delta_hz,0,4997,0.03831140625134307,0.006758211160867787,4997,0.06310524403803726,9.281659030859612e-06,negated_raw_is_spoof,screen,0.009083035800206305,1.699529936985738e-05
ASVspoof2019_LA,RawTFNet,deterministic_crop,group_delay_var,0,5000,0.12834362934114643,8.185475318098728e-20,5000,0.02225066336312223,0.11822607551819757,negated_raw_is_spoof,screen,2.423189169058302e-19,0.14685383132759475
ASVspoof2019_LA,RawTFNet,deterministic_crop,inst_freq_dispersion,0,5000,0.02230945982009421,0.11472216521638737,5000,-0.011200626128118571,0.4316652105273068,negated_raw_is_spoof,screen,0.13560825861989853,0.48026328058667245
ASVspoof2019_LA,RawTFNet,deterministic_crop,modulation_centroid_hz,0,5000,-0.2065372699502753,2.6467421060132856e-49,5000,-0.038539552436137964,0.006797439960502324,negated_raw_is_spoof,screen,1.9124846185386325e-48,0.009919391212720003
ASVspoof2019_LA,RawTFNet,deterministic_crop,modulation_entropy,0,5000,-0.20566004649108105,6.829443450802547e-49,5000,-0.022983336510364934,0.10658846273098371,negated_raw_is_spoof,screen,4.8309326304624334e-48,0.13326036642831826
ASVspoof2019_LA,RawTFNet,deterministic_crop,crest_factor_db,1,5000,-0.09160001425819897,8.633619699501955e-11,5000,-0.13288688006628616,6.073126304524416e-21,negated_raw_is_spoof,screen,1.7581189206258528e-10,1.985956630968568e-20
ASVspoof2019_LA,RawTFNet,deterministic_crop,peak_dbfs,1,5000,-0.028589466864787926,0.04322924116691746,5000,-0.04786896140983508,0.0007545219820049499,negated_raw_is_spoof,screen,0.053548479380955825,0.0012072351712079197
ASVspoof2019_LA,RawTFNet,deterministic_crop,rms_dbfs,1,5000,0.09473775019178371,1.91453154376403e-11,5000,0.1416067701733344,1.3652356946790053e-23,negated_raw_is_spoof,screen,4.0521738501084354e-11,4.867047144956454e-23
ASVspoof2019_LA,RawTFNet,deterministic_crop,integrated_lufs,1,5000,0.03419925472879097,0.015590847932674363,5000,0.028505002125509108,0.04489805608564207,negated_raw_is_spoof,screen,0.020128818080225114,0.05927601903644689
ASVspoof2019_LA,RawTFNet,deterministic_crop,silence_fraction,1,5000,-0.021139303041497994,0.13502729840753286,5000,-0.022404334992848114,0.11500635278775799,negated_raw_is_spoof,screen,0.15808073959906285,0.1429866217823744
ASVspoof2019_LA,RawTFNet,deterministic_crop,clipping_fraction,1,5000,0.09858394630757039,2.823955396487186e-12,5000,0.049609455357875434,0.00048013140626748224,negated_raw_is_spoof,screen,6.1019229145961055e-12,0.0007840785054963501
ASVspoof2019_LA,RawTFNet,deterministic_crop,frame_rms_cv,1,5000,-0.11696258047331032,1.06839840599299e-16,5000,-0.1229027219184543,4.038363577950318e-18,negated_raw_is_spoof,screen,2.7720607290628934e-16,1.2196765502843208e-17
ASVspoof2019_LA,RawTFNet,deterministic_crop,frame_rms_range_db,1,5000,-0.018432006113722612,0.19253226996705666,5000,-0.02658696586904669,0.06142592678047767,negated_raw_is_spoof,screen,0.22078785907485,0.07961084435194019
ASVspoof2019_LA,RawTFNet,deterministic_crop,spectral_centroid_hz,1,5000,0.05600648830560369,7.42073294028773e-05,5000,0.045543985893239596,0.0013498869226468441,negated_raw_is_spoof,screen,0.00011543362351558692,0.0020998241018950906
ASVspoof2019_LA,RawTFNet,deterministic_crop,spectral_centroid_std_hz,1,5000,0.08568811576558115,1.2893869973762616e-09,5000,0.08988631099075965,2.368915022550958e-10,negated_raw_is_spoof,screen,2.5261459540432877e-09,5.387177310166645e-10
ASVspoof2019_LA,RawTFNet,deterministic_crop,spectral_bandwidth_hz,1,5000,-0.11173808324020504,2.301292532402363e-15,5000,-0.1444697900063752,1.6915284768701252e-24,negated_raw_is_spoof,screen,5.685546256523485e-15,6.161014289738342e-24
ASVspoof2019_LA,RawTFNet,deterministic_crop,spectral_rolloff85_hz,1,5000,0.04360731738383805,0.0020410096624290637,5000,0.02769136690130138,0.05139799027282602,negated_raw_is_spoof,screen,0.0028485119276268553,0.06719737249676866
ASVspoof2019_LA,RawTFNet,deterministic_crop,spectral_flatness,1,5000,-0.1617144237044581,1.2037649173340448e-30,5000,-0.17397823706948481,6.128316474126377e-35,negated_raw_is_spoof,screen,5.0088546405478514e-30,3.1800993595466605e-34
ASVspoof2019_LA,RawTFNet,deterministic_crop,spectral_slope_db_per_khz,1,5000,-0.09247942426139648,5.688902140307169e-11,5000,-0.1023051700498703,5.396345509038939e-13,negated_raw_is_spoof,screen,1.1655311702092734e-10,1.3581813416008118e-12
ASVspoof2019_LA,RawTFNet,deterministic_crop,low_high_energy_ratio_db,1,5000,0.06551638871008993,3.5430379620383855e-06,5000,0.09328925579786558,4.8272732041697114e-11,negated_raw_is_spoof,screen,5.952303776224488e-06,1.1263637476395995e-10
ASVspoof2019_LA,RawTFNet,deterministic_crop,spectral_flux,1,5000,0.10749176365656958,2.5170959418327333e-14,5000,0.12920034297453994,7.105963662939708e-20,negated_raw_is_spoof,screen,5.998186074154598e-14,2.247156508939051e-19
ASVspoof2019_LA,RawTFNet,deterministic_crop,f0_median_hz,1,4976,-0.03008936997528615,0.033797906324840844,4976,-0.0948672610773475,2.5291885065346315e-11,negated_raw_is_spoof,screen,0.042334003821608665,5.995113496970978e-11
ASVspoof2019_LA,RawTFNet,deterministic_crop,f0_iqr_hz,1,4976,0.10262803659036719,3.963280838894943e-13,4976,0.10837470261214201,2.4051997919370447e-14,negated_raw_is_spoof,screen,8.907440547616729e-13,6.401165386858193e-14
ASVspoof2019_LA,RawTFNet,deterministic_crop,voiced_fraction,1,5000,0.07469446568093822,1.2382101605520748e-07,5000,0.09456132524035125,2.624397287944965e-11,negated_raw_is_spoof,screen,2.192561865325413e-07,6.198927864671411e-11
ASVspoof2019_LA,RawTFNet,deterministic_crop,hnr_db,1,4976,-0.007648466112555972,0.5896101796019508,4976,-0.01351989730748098,0.3427717556378519,negated_raw_is_spoof,screen,0.6183218211464866,0.3904112199807398
ASVspoof2019_LA,RawTFNet,deterministic_crop,cpp_proxy_db,1,4976,0.0642971644762866,5.648707980528758e-06,4976,0.0520509612889864,0.0002574111885856576,negated_raw_is_spoof,screen,9.361114088570469e-06,0.00042869967467053753
ASVspoof2019_LA,RawTFNet,deterministic_crop,jitter_proxy,1,4976,0.11781239644200976,7.585308173975939e-17,4976,0.11335030137773178,1.4722260555884648e-15,negated_raw_is_spoof,screen,1.9757081755472215e-16,4.029881504502844e-15
ASVspoof2019_LA,RawTFNet,deterministic_crop,shimmer_proxy_db,1,4976,0.07750386732054844,4.3988018991159516e-08,4976,0.07672116736517581,6.995297870999618e-08,negated_raw_is_spoof,screen,7.9783937279512e-08,1.4375658010127655e-07
ASVspoof2019_LA,RawTFNet,deterministic_crop,f0_delta_hz,1,4976,0.1046329580827489,1.3685019292789377e-13,4976,0.10410610934135327,2.392698206184647e-13,negated_raw_is_spoof,screen,3.138680192748963e-13,6.067521488890878e-13
ASVspoof2019_LA,RawTFNet,deterministic_crop,group_delay_var,1,5000,-0.03422172621769037,0.015522845908569716,5000,-0.02926776525958016,0.03948553796997267,negated_raw_is_spoof,screen,0.020060293174151634,0.05259520617605874
ASVspoof2019_LA,RawTFNet,deterministic_crop,inst_freq_dispersion,1,5000,-0.12218619246630234,4.313191947518949e-18,5000,-0.13336568387645764,4.389748352216808e-21,negated_raw_is_spoof,screen,1.2026825679388938e-17,1.4424992140291907e-20
ASVspoof2019_LA,RawTFNet,deterministic_crop,modulation_centroid_hz,1,5000,0.18049607762417502,7.028412501133887e-38,5000,0.19546603609856023,8.042493924313165e-44,negated_raw_is_spoof,screen,3.7189710242220248e-37,5.1966883818638915e-43
ASVspoof2019_LA,RawTFNet,deterministic_crop,modulation_entropy,1,5000,0.14582467601248683,3.6065665762990127e-25,5000,0.18214214612247465,3.4798555125055567e-38,negated_raw_is_spoof,screen,1.2590196048171098e-24,1.981748224070961e-37
ASVspoof2019_LA,Res2TCNGuard,deterministic_crop,crest_factor_db,0,5000,-0.12121730573160146,7.906126428690096e-18,5000,-0.16314122487617932,9.273950069107737e-31,negated_raw_is_spoof,screen,2.1553415659552716e-17,4.140926542485315e-30
ASVspoof2019_LA,Res2TCNGuard,deterministic_crop,peak_dbfs,0,5000,0.00786637844293981,0.5781380641200223,5000,0.0035497162670577926,0.8032041476522156,negated_raw_is_spoof,screen,0.6084710713996163,0.8303895188035213
ASVspoof2019_LA,Res2TCNGuard,deterministic_crop,rms_dbfs,0,5000,0.1202640013574464,1.4283767908585474e-17,5000,0.160399784874794,8.899527257331909e-30,negated_raw_is_spoof,screen,3.86265273020903e-17,3.821394451710571e-29
ASVspoof2019_LA,Res2TCNGuard,deterministic_crop,integrated_lufs,0,5000,0.06520796766588369,3.937423694807105e-06,5000,-0.029507164924319335,0.03825043221230239,negated_raw_is_spoof,screen,6.5983758676069195e-06,0.05105122233697559
ASVspoof2019_LA,Res2TCNGuard,deterministic_crop,silence_fraction,0,5000,-0.22532016250708778,1.4135812240233103e-58,5000,-0.21213675461964449,2.7742022721683984e-51,negated_raw_is_spoof,screen,1.1948762044574396e-57,2.1065129117482076e-50
ASVspoof2019_LA,Res2TCNGuard,deterministic_crop,clipping_fraction,0,5000,0.2803228890109747,6.058874539245521e-91,5000,0.14639875510184192,4.976929356441785e-25,negated_raw_is_spoof,screen,9.694199262792834e-90,1.852906663450903e-24
ASVspoof2019_LA,Res2TCNGuard,deterministic_crop,frame_rms_cv,0,5000,-0.16197288077080257,9.696624346739308e-31,5000,-0.22260098681730595,2.0496796285180426e-56,negated_raw_is_spoof,screen,4.059895053588047e-30,1.732559384105817e-55
ASVspoof2019_LA,Res2TCNGuard,deterministic_crop,frame_rms_range_db,0,5000,-0.1567027582878712,7.429922782364619e-29,5000,-0.14919608626780903,6.082749179439516e-26,negated_raw_is_spoof,screen,2.9631502135009046e-28,2.322504232149633e-25
ASVspoof2019_LA,Res2TCNGuard,deterministic_crop,spectral_centroid_hz,0,5000,0.07624777860374109,6.737162836466628e-08,5000,0.14210844661998345,1.1551104882350587e-23,negated_raw_is_spoof,screen,1.2089114622444792e-07,4.128905574967869e-23
ASVspoof2019_LA,Res2TCNGuard,deterministic_crop,spectral_centroid_std_hz,0,5000,0.05657457989634098,6.26415585197366e-05,5000,0.08411312472620582,3.3086515102797914e-09,negated_raw_is_spoof,screen,9.789564494247209e-05,7.172302628735548e-09
ASVspoof2019_LA,Res2TCNGuard,deterministic_crop,spectral_bandwidth_hz,0,5000,0.0053255143411483855,0.7065606415937079,5000,0.09265703870941445,7.08462085979449e-11,negated_raw_is_spoof,screen,0.730358944390528,1.6445130285947835e-10
ASVspoof2019_LA,Res2TCNGuard,deterministic_crop,spectral_rolloff85_hz,0,5000,0.07086291911717547,5.280819604436092e-07,5000,0.146964927306576,3.2631155684988118e-25,negated_raw_is_spoof,screen,9.169795282121586e-07,1.2319177876579783e-24
ASVspoof2019_LA,Res2TCNGuard,deterministic_crop,spectral_flatness,0,5000,-0.05707166604560609,5.394139885533342e-05,5000,-0.038778654267505,0.006461124836107923,negated_raw_is_spoof,screen,8.489138180511489e-05,0.009449131425167626
ASVspoof2019_LA,Res2TCNGuard,deterministic_crop,spectral_slope_db_per_khz,0,5000,0.026613073785161666,0.059877950237027,5000,-0.0200667114266451,0.15886747824897912,negated_raw_is_spoof,screen,0.07329322870543195,0.19322886042228773
ASVspoof2019_LA,Res2TCNGuard,deterministic_crop,low_high_energy_ratio_db,0,5000,-0.0545921118023049,0.00011238881459951875,5000,-0.06772874551800159,1.933568585806006e-06,negated_raw_is_spoof,screen,0.0001726292192248608,3.696609074428552e-06
ASVspoof2019_LA,Res2TCNGuard,deterministic_crop,spectral_flux,0,5000,0.15335722883941433,1.080771697451715e-27,5000,0.021875452239150463,0.12455991629113185,negated_raw_is_spoof,screen,4.126582844815639e-27,0.15415149861443941
ASVspoof2019_LA,Res2TCNGuard,deterministic_crop,f0_median_hz,0,4997,0.1865566407864571,2.277211537683252e-40,4997,0.1707309552632052,1.5038910702213123e-33,negated_raw_is_spoof,screen,1.2968526723077502e-39,7.486035549546089e-33
ASVspoof2019_LA,Res2TCNGuard,deterministic_crop,f0_iqr_hz,0,4997,0.13256718220840066,4.946414135683422e-21,4997,-0.036583451292636314,0.010218214065214703,negated_raw_is_spoof,screen,1.524766192284064e-20,0.014625430994300918
ASVspoof2019_LA,Res2TCNGuard,deterministic_crop,voiced_fraction,0,5000,-0.0431080255147114,0.002297170136498286,5000,-0.07332234270177068,2.5443418975552833e-07,negated_raw_is_spoof,screen,0.003179605214679399,5.066067422687853e-07
ASVspoof2019_LA,Res2TCNGuard,deterministic_crop,hnr_db,0,4997,-0.016069331127395916,0.2560731371466235,4997,-0.05177973008414682,0.0002764324380582467,negated_raw_is_spoof,screen,0.28656311101170856,0.0004592400454268029
ASVspoof2019_LA,Res2TCNGuard,deterministic_crop,cpp_proxy_db,0,4997,0.046633022023371905,0.0009757316978511878,4997,0.08759108536916448,7.313657669844523e-10,negated_raw_is_spoof,screen,0.0013980633282643887,1.6247199848381884e-09
ASVspoof2019_LA,Res2TCNGuard,deterministic_crop,jitter_proxy,0,4997,0.1285800261436046,7.181708691879316e-20,4997,-0.009068445835642544,0.5244806159985572,negated_raw_is_spoof,screen,2.1449369959746222e-19,0.568011239244207
ASVspoof2019_LA,Res2TCNGuard,deterministic_crop,shimmer_proxy_db,0,4997,0.037540354468182796,0.00795487778460259,4997,0.022219757898164723,0.11885029637807584,negated_raw_is_spoof,screen,0.010617036487096207,0.14749288857999437
ASVspoof2019_LA,Res2TCNGuard,deterministic_crop,f0_delta_hz,0,4997,0.21953580143677243,1.3549617229202046e-55,4997,0.08835016969185268,5.207020418350618e-10,negated_raw_is_spoof,screen,1.1036779124877303e-54,1.1742005775609449e-09
ASVspoof2019_LA,Res2TCNGuard,deterministic_crop,group_delay_var,0,5000,-0.12193627342437739,5.045244524438205e-18,5000,-0.1810200640746967,1.365402886368167e-37,negated_raw_is_spoof,screen,1.39810487440102e-17,7.678248867275382e-37
ASVspoof2019_LA,Res2TCNGuard,deterministic_crop,inst_freq_dispersion,0,5000,0.03000988280322259,0.03384055231593094,5000,-0.02353784557333725,0.09839950378129668,negated_raw_is_spoof,screen,0.042347953736137034,0.123366542054163
ASVspoof2019_LA,Res2TCNGuard,deterministic_crop,modulation_centroid_hz,0,5000,-0.049152259727270046,0.00050739438457884,5000,0.08587767510491573,1.5406197315638e-09,negated_raw_is_spoof,screen,0.0007412370139934358,3.3668177548321094e-09
ASVspoof2019_LA,Res2TCNGuard,deterministic_crop,modulation_entropy,0,5000,-0.056826273234414755,5.808251325382421e-05,5000,0.09487358118142351,2.463945919482159e-11,negated_raw_is_spoof,screen,9.098239838361275e-05,5.861138612007119e-11
ASVspoof2019_LA,Res2TCNGuard,deterministic_crop,crest_factor_db,1,5000,-0.10712835591970532,3.075793319380162e-14,5000,0.03598449177609436,0.011344182170100048,negated_raw_is_spoof,screen,7.277933488110807e-14,0.016116893061960322
ASVspoof2019_LA,Res2TCNGuard,deterministic_crop,peak_dbfs,1,5000,0.022523017299493433,0.11129000315590362,5000,0.02436630531457049,0.08650245626476509,negated_raw_is_spoof,screen,0.13178305219518455,0.10947203504693434
ASVspoof2019_LA,Res2TCNGuard,deterministic_crop,rms_dbfs,1,5000,0.11772242947972253,6.757073010224713e-17,5000,-0.033905071783661804,0.017055152422140087,negated_raw_is_spoof,screen,1.7668299855529211e-16,0.02372890771776012
ASVspoof2019_LA,Res2TCNGuard,deterministic_crop,integrated_lufs,1,5000,0.16464814714987744,1.0122477900021623e-31,5000,0.21269166108555165,9.45920609078138e-52,negated_raw_is_spoof,screen,4.374472764510952e-31,7.306421256327686e-51
ASVspoof2019_LA,Res2TCNGuard,deterministic_crop,silence_fraction,1,5000,0.10778144689036072,2.1443435508682813e-14,5000,0.11480915230558691,5.392839439348721e-16,negated_raw_is_spoof,screen,5.119001300829432e-14,1.5037295034200581e-15
ASVspoof2019_LA,Res2TCNGuard,deterministic_crop,clipping_fraction,1,5000,-0.007796625552821901,0.5815135691921767,5000,-0.0068232181781423,0.6312698463373115,negated_raw_is_spoof,screen,0.611544786380505,0.672820518221528
ASVspoof2019_LA,Res2TCNGuard,deterministic_crop,frame_rms_cv,1,5000,-0.01660662925666373,0.24037364971637712,5000,0.03140520341561472,0.027137182665568797,negated_raw_is_spoof,screen,0.2701188839622164,0.03676650554689966
ASVspoof2019_LA,Res2TCNGuard,deterministic_crop,frame_rms_range_db,1,5000,0.12910129289515015,4.9577408028865755e-20,5000,0.13610638179181117,6.692627380046358e-22,negated_raw_is_spoof,screen,1.4840097191713936e-19,2.2600229142669107e-21
ASVspoof2019_LA,Res2TCNGuard,deterministic_crop,spectral_centroid_hz,1,5000,-0.010164336358817397,0.4724083843948505,5000,0.024231503166097648,0.08825839961646084,negated_raw_is_spoof,screen,0.5059098554794256,0.11158917129306056
ASVspoof2019_LA,Res2TCNGuard,deterministic_crop,spectral_centroid_std_hz,1,5000,0.010277611803351135,0.46748672589037366,5000,0.03762774489263101,0.00810616703315111,negated_raw_is_spoof,screen,0.5014382758153729,0.011739966048011951
ASVspoof2019_LA,Res2TCNGuard,deterministic_crop,spectral_bandwidth_hz,1,5000,-0.08354588863984065,3.289549559109476e-09,5000,-0.0376117226715318,0.008133255989015648,negated_raw_is_spoof,screen,6.3159351534901936e-09,0.011766518890459666
ASVspoof2019_LA,Res2TCNGuard,deterministic_crop,spectral_rolloff85_hz,1,5000,-0.006403772209145799,0.6507600984722812,5000,0.029802745433763003,0.036016140773522345,negated_raw_is_spoof,screen,0.6769516813829304,0.048260910468209406
ASVspoof2019_LA,Res2TCNGuard,deterministic_crop,spectral_flatness,1,5000,-0.1764274260053313,3.051862529709032e-36,5000,-0.13596878424290498,7.362224917684091e-22,negated_raw_is_spoof,screen,1.5304862835555744e-35,2.4799073406935884e-21
ASVspoof2019_LA,Res2TCNGuard,deterministic_crop,spectral_slope_db_per_khz,1,5000,-0.08422565381904756,2.449869531565609e-09,5000,-0.052139659407798494,0.00024262641123536235,negated_raw_is_spoof,screen,4.7512621218242115e-09,0.0004060895351187136
ASVspoof2019_LA,Res2TCNGuard,deterministic_crop,low_high_energy_ratio_db,1,5000,0.05307251435454302,0.00017368700557935786,5000,0.0036898460848411928,0.7952193928527457,negated_raw_is_spoof,screen,0.00026376874067644856,0.8246719629584028
ASVspoof2019_LA,Res2TCNGuard,deterministic_crop,spectral_flux,1,5000,0.10166778081491137,5.767118039826823e-13,5000,0.1312720535972133,1.7991613088611692e-20,negated_raw_is_spoof,screen,1.2875426321473838e-12,5.798735729279165e-20
ASVspoof2019_LA,Res2TCNGuard,deterministic_crop,f0_median_hz,1,4976,-0.09502214887999524,1.862015571616824e-11,4976,-0.07244815396801585,3.576731487862034e-07,negated_raw_is_spoof,screen,3.947238057181406e-11,7.048573489276501e-07
ASVspoof2019_LA,Res2TCNGuard,deterministic_crop,f0_iqr_hz,1,4976,0.036773842632565376,0.009478902693995329,4976,0.08637936287177837,1.26020787598299e-09,negated_raw_is_spoof,screen,0.012563752683165405,2.772044820492862e-09
ASVspoof2019_LA,Res2TCNGuard,deterministic_crop,voiced_fraction,1,5000,0.028354205321399185,0.04497942246748438,5000,0.0052694001639020105,0.7109026266380213,negated_raw_is_spoof,screen,0.05561393173532568,0.7482013548954586
ASVspoof2019_LA,Res2TCNGuard,deterministic_crop,hnr_db,1,4976,-0.05500785419198428,0.00010348976418615638,4976,-0.07631045748131665,8.214798503040337e-08,negated_raw_is_spoof,screen,0.00015932444795669438,1.6804701960557401e-07
ASVspoof2019_LA,Res2TCNGuard,deterministic_crop,cpp_proxy_db,1,4976,0.05136608570500015,0.00028908922035542284,4976,0.04055450908740921,0.004416304603345675,negated_raw_is_spoof,screen,0.0004317065690640981,0.006529717697355981
ASVspoof2019_LA,Res2TCNGuard,deterministic_crop,jitter_proxy,1,4976,0.04699483650703194,0.0009129912732188765,4976,0.07301470240456452,2.89559540705264e-07,negated_raw_is_spoof,screen,0.001313769026987334,5.73994133787426e-07
ASVspoof2019_LA,Res2TCNGuard,deterministic_crop,shimmer_proxy_db,1,4976,0.056253666136868996,7.177500743925902e-05,4976,0.1306358720749248,3.3885996484446646e-20,negated_raw_is_spoof,screen,0.00011190906032292821,1.0817762298122634e-19
ASVspoof2019_LA,Res2TCNGuard,deterministic_crop,f0_delta_hz,1,4976,-0.03440052049811606,0.015234846385946882,4976,0.037585551602918994,0.008334195018853414,negated_raw_is_spoof,screen,0.019707058270175753,0.01203131912496132
ASVspoof2019_LA,Res2TCNGuard,deterministic_crop,group_delay_var,1,5000,-0.11306087444514845,1.0718993143946858e-15,5000,-0.12205920202859086,6.831479474680447e-18,negated_raw_is_spoof,screen,2.69277136176908e-15,2.0223586814913044e-17
ASVspoof2019_LA,Res2TCNGuard,deterministic_crop,inst_freq_dispersion,1,5000,-0.16601287773108722,3.1494318084745506e-32,5000,-0.14486182388642707,1.2666223996661745e-24,negated_raw_is_spoof,screen,1.3832798531339201e-31,4.663946589455722e-24
ASVspoof2019_LA,Res2TCNGuard,deterministic_crop,modulation_centroid_hz,1,5000,0.07752272820676967,4.051891906086374e-08,5000,0.08775655317406525,6.22618123162283e-10,negated_raw_is_spoof,screen,7.359111786189307e-08,1.394664595883514e-09
ASVspoof2019_LA,Res2TCNGuard,deterministic_crop,modulation_entropy,1,5000,0.04679961945710798,0.0009322295943680405,5000,0.06617392656226301,3.1670076348921276e-06,negated_raw_is_spoof,screen,0.001338586084220776,5.9950116356267884e-06
ASVspoof2019_LA,Spectra-AASIST,deterministic_crop,crest_factor_db,0,5000,-0.09386676715071551,2.922768207712245e-11,5000,0.15305088323406885,3.140729011971078e-27,negated_raw_is_spoof,screen,6.147418577723407e-11,1.2600417289818297e-26
ASVspoof2019_LA,Spectra-AASIST,deterministic_crop,peak_dbfs,0,5000,-0.05624195070878229,6.91877876300209e-05,5000,0.029148844621974337,0.04067976128681456,negated_raw_is_spoof,screen,0.00010800044898344726,0.05397196364213107
ASVspoof2019_LA,Spectra-AASIST,deterministic_crop,rms_dbfs,0,5000,0.0930331917250524,4.365989495480201e-11,5000,-0.15578271467694588,3.667795265127532e-28,negated_raw_is_spoof,screen,9.055385620255231e-11,1.5261662031985768e-27
ASVspoof2019_LA,Spectra-AASIST,deterministic_crop,integrated_lufs,0,5000,0.1916374410830864,1.4449937588626896e-42,5000,0.11840501846822181,7.265939095015128e-17,negated_raw_is_spoof,screen,8.827598235961158e-42,2.0777493922766664e-16
ASVspoof2019_LA,Spectra-AASIST,deterministic_crop,silence_fraction,0,5000,-0.1354498455371695,6.601231793000721e-22,5000,0.02015118588364793,0.1571204215164857,negated_raw_is_spoof,screen,2.1023828269651587e-21,0.19127703488963477
ASVspoof2019_LA,Spectra-AASIST,deterministic_crop,clipping_fraction,0,5000,0.03191640695211747,0.024017985328834823,5000,0.009770187655464859,0.49276636094615456,negated_raw_is_spoof,screen,0.030510559812810967,0.5371273228804799
ASVspoof2019_LA,Spectra-AASIST,deterministic_crop,frame_rms_cv,0,5000,0.16513682054088533,6.671529623385128e-32,5000,0.18889386701346617,7.745771449304642e-41,negated_raw_is_spoof,screen,2.8924309076869717e-31,4.6683035102535595e-40
ASVspoof2019_LA,Spectra-AASIST,deterministic_crop,frame_rms_range_db,0,5000,-0.15661826653287206,7.955527421624369e-29,5000,-0.04654041563562902,0.0010790502844730944,negated_raw_is_spoof,screen,3.163381317947678e-28,0.0016902605854683438
ASVspoof2019_LA,Spectra-AASIST,deterministic_crop,spectral_centroid_hz,0,5000,-0.2900327276646817,1.678563073081948e-97,5000,-0.11823936144257621,8.082510292238977e-17,negated_raw_is_spoof,screen,2.8556819876229596e-96,2.3063468859382556e-16
ASVspoof2019_LA,Spectra-AASIST,deterministic_crop,spectral_centroid_std_hz,0,5000,-0.17508765035073967,1.0357403322484372e-35,5000,-0.09489436005733097,2.4393895089666135e-11,negated_raw_is_spoof,screen,4.9893727833043e-35,5.823338365987795e-11
ASVspoof2019_LA,Spectra-AASIST,deterministic_crop,spectral_bandwidth_hz,0,5000,-0.2636116956856947,2.9038727933080537e-80,5000,-0.03375976754552088,0.01775337769865138,negated_raw_is_spoof,screen,3.982454116536759e-79,0.024623879904011825
ASVspoof2019_LA,Spectra-AASIST,deterministic_crop,spectral_rolloff85_hz,0,5000,-0.30762790176132515,4.636453061652975e-110,5000,-0.12371769409818713,2.8091443963326883e-18,negated_raw_is_spoof,screen,9.441504416456967e-109,8.50335601052057e-18
ASVspoof2019_LA,Spectra-AASIST,deterministic_crop,spectral_flatness,0,5000,0.011041993598184878,0.4350287129890308,5000,0.1511666333417987,1.3501499662292423e-26,negated_raw_is_spoof,screen,0.4692444544600782,5.305852498865794e-26
ASVspoof2019_LA,Spectra-AASIST,deterministic_crop,spectral_slope_db_per_khz,0,5000,0.20499532682253127,1.3966051020967106e-48,5000,0.16638350669391622,6.072775492011901e-32,negated_raw_is_spoof,screen,9.776235714676974e-48,2.843836327966549e-31
ASVspoof2019_LA,Spectra-AASIST,deterministic_crop,low_high_energy_ratio_db,0,5000,0.18364650454078796,3.561843029268515e-39,5000,-0.022498406274391283,0.11418434599581305,negated_raw_is_spoof,screen,1.9700070087806108e-38,0.1420960750170118
ASVspoof2019_LA,Spectra-AASIST,deterministic_crop,spectral_flux,0,5000,0.15122362856804994,5.777658631174885e-27,5000,-0.009944006486063518,0.48510271715939296,negated_raw_is_spoof,screen,2.151017507008046e-26,0.5313594554704353
ASVspoof2019_LA,Spectra-AASIST,deterministic_crop,f0_median_hz,0,4997,-0.25318053604941726,6.2095507723647145e-74,4997,-0.16786164075831164,1.7962018037465752e-32,negated_raw_is_spoof,screen,7.656547007392822e-73,8.746721826939844e-32
ASVspoof2019_LA,Spectra-AASIST,deterministic_crop,f0_iqr_hz,0,4997,-0.1268717808761257,2.203257723999391e-19,4997,-0.030734901411336717,0.030963329574048827,negated_raw_is_spoof,screen,6.437344306641699e-19,0.04178184231678878
ASVspoof2019_LA,Spectra-AASIST,deterministic_crop,voiced_fraction,0,5000,0.24030118576616288,1.3113189538620986e-66,5000,0.08647123654929405,1.1872342745555277e-09,negated_raw_is_spoof,screen,1.3251223112711733e-65,2.6158079754141462e-09
ASVspoof2019_LA,Spectra-AASIST,deterministic_crop,hnr_db,0,4997,0.10225166977876217,4.3147123120338625e-13,4997,-0.0018771325855985591,0.8951892655518633,negated_raw_is_spoof,screen,9.664955578955852e-13,0.9149310820545279
ASVspoof2019_LA,Spectra-AASIST,deterministic_crop,cpp_proxy_db,0,4997,-0.2591693134574189,1.6637832738190111e-77,4997,-0.16275522611684906,1.331102479463457e-30,negated_raw_is_spoof,screen,2.1922791372674028e-76,5.884874119733178e-30
ASVspoof2019_LA,Spectra-AASIST,deterministic_crop,jitter_proxy,0,4997,-0.0585037217129108,3.501839522355315e-05,4997,0.0282809769538588,0.04712111950522316,negated_raw_is_spoof,screen,5.563206049699224e-05,0.06208900452452933
ASVspoof2019_LA,Spectra-AASIST,deterministic_crop,shimmer_proxy_db,0,4997,-0.05821891457209271,3.8229572148682615e-05,4997,0.04436828573396058,0.001837049710965125,negated_raw_is_spoof,screen,6.059026529225169e-05,0.002828172750901636
ASVspoof2019_LA,Spectra-AASIST,deterministic_crop,f0_delta_hz,0,4997,-0.1563719537319559,1.0077843437894593e-28,4997,-0.029299013312062732,0.03971488803433502,negated_raw_is_spoof,screen,3.9954635930767947e-28,0.0527960529358519
ASVspoof2019_LA,Spectra-AASIST,deterministic_crop,group_delay_var,0,5000,0.3119971387916924,2.5696585103032214e-113,5000,0.23417992550198577,2.0754382464427673e-62,negated_raw_is_spoof,screen,5.396282871636765e-112,2.0067546785748772e-61
ASVspoof2019_LA,Spectra-AASIST,deterministic_crop,inst_freq_dispersion,0,5000,-0.021004420625710618,0.13753606503153057,5000,-0.016992223804247718,0.2328709751742925,negated_raw_is_spoof,screen,0.1608776948671689,0.27406181316484163
ASVspoof2019_LA,Spectra-AASIST,deterministic_crop,modulation_centroid_hz,0,5000,-0.18789517733195882,5.853212821181004e-41,5000,-0.09389692464584701,3.9358842977871476e-11,negated_raw_is_spoof,screen,3.450314926169855e-40,9.215729087501614e-11
ASVspoof2019_LA,Spectra-AASIST,deterministic_crop,modulation_entropy,0,5000,-0.15347627347798581,9.83567630919781e-28,5000,-0.06281286464323944,1.0146490478900092e-05,negated_raw_is_spoof,screen,3.766139304718478e-27,1.850323365487344e-05
ASVspoof2019_LA,Spectra-AASIST,deterministic_crop,crest_factor_db,1,5000,-0.26166564445630563,4.5476627820133295e-79,5000,-0.4447977467496459,3.4766397721797722e-239,negated_raw_is_spoof,screen,6.112058779025915e-78,1.8690415415238455e-237
ASVspoof2019_LA,Spectra-AASIST,deterministic_crop,peak_dbfs,1,5000,-0.02987902047280937,0.034625664428955406,5000,-0.04768563085718212,0.0007906617625664889,negated_raw_is_spoof,screen,0.043290133016294016,0.0012605568314227296
ASVspoof2019_LA,Spectra-AASIST,deterministic_crop,rms_dbfs,1,5000,0.2483559207700001,3.634537636381814e-71,5000,0.46493906255010264,4.945509511793608e-264,negated_raw_is_spoof,screen,4.1750586182026994e-70,3.4982972546582157e-262
ASVspoof2019_LA,Spectra-AASIST,deterministic_crop,integrated_lufs,1,5000,0.020144652664686936,0.15437978486877238,5000,-0.010365120154453362,0.4659038387337037,negated_raw_is_spoof,screen,0.17917653787878246,0.5132579993918834
ASVspoof2019_LA,Spectra-AASIST,deterministic_crop,silence_fraction,1,5000,-0.19969190474994755,3.846906498074493e-46,5000,-0.19850438489340447,3.6366779504879024e-45,negated_raw_is_spoof,screen,2.6112335017232926e-45,2.4685329118463335e-44
ASVspoof2019_LA,Spectra-AASIST,deterministic_crop,clipping_fraction,1,5000,0.15419669350799176,5.5515099455449e-28,5000,0.12210923533359787,6.622419787494933e-18,negated_raw_is_spoof,screen,2.1502101921649408e-27,1.9735104643887336e-17
ASVspoof2019_LA,Spectra-AASIST,deterministic_crop,frame_rms_cv,1,5000,-0.32817873871040726,7.25859043482806e-126,5000,-0.34540215960185117,1.0398259654393054e-138,negated_raw_is_spoof,screen,1.7420617043587345e-124,2.0858598470901887e-137
ASVspoof2019_LA,Spectra-AASIST,deterministic_crop,frame_rms_range_db,1,5000,-0.16812922841337974,5.0499165960591126e-33,5000,-0.17444084639194396,4.051365235044789e-35,negated_raw_is_spoof,screen,2.2623626350344824e-32,2.1186906131907383e-34
ASVspoof2019_LA,Spectra-AASIST,deterministic_crop,spectral_centroid_hz,1,5000,-0.007918452029878339,0.5756241233365341,5000,0.02313585055440509,0.10361861813996866,negated_raw_is_spoof,screen,0.6067755464818053,0.12966799141537977
ASVspoof2019_LA,Spectra-AASIST,deterministic_crop,spectral_centroid_std_hz,1,5000,0.018192466282318364,0.19837800821867294,5000,0.05350783840815065,0.00016564654848239343,negated_raw_is_spoof,screen,0.22710395489428994,0.0002789836606019258
ASVspoof2019_LA,Spectra-AASIST,deterministic_crop,spectral_bandwidth_hz,1,5000,-0.250755679762336,1.4792659342286293e-72,5000,-0.2720061752268843,1.069747417443282e-84,negated_raw_is_spoof,screen,1.7594101023037857e-71,1.497646384420595e-83
ASVspoof2019_LA,Spectra-AASIST,deterministic_crop,spectral_rolloff85_hz,1,5000,-0.022387390973337844,0.11346018192781969,5000,0.005938052695569898,0.6761831377313242,negated_raw_is_spoof,screen,0.13423458143573033,0.7161466801504333
ASVspoof2019_LA,Spectra-AASIST,deterministic_crop,spectral_flatness,1,5000,-0.26455104092413695,7.63181389779761e-81,5000,-0.26762924428186874,5.9339724327282e-82,negated_raw_is_spoof,screen,1.0574389565608235e-79,7.896295989689803e-81
ASVspoof2019_LA,Spectra-AASIST,deterministic_crop,spectral_slope_db_per_khz,1,5000,-0.30167221873432953,1.0374083886279416e-105,5000,-0.29810517010573445,3.846949831680518e-102,negated_raw_is_spoof,screen,1.9918241061656478e-104,6.9868926672684e-101
ASVspoof2019_LA,Spectra-AASIST,deterministic_crop,low_high_energy_ratio_db,1,5000,0.3437857477141894,1.0219601931625466e-138,5000,0.37967589768613497,1.6665362664399086e-169,negated_raw_is_spoof,screen,2.803090815531556e-137,3.929517091395153e-168
ASVspoof2019_LA,Spectra-AASIST,deterministic_crop,spectral_flux,1,5000,0.08742099500582085,5.943977460388721e-10,5000,0.13314822104611088,5.087802824256933e-21,negated_raw_is_spoof,screen,1.1782751779885606e-09,1.667806584341785e-20
ASVspoof2019_LA,Spectra-AASIST,deterministic_crop,f0_median_hz,1,4976,-0.023143530095230565,0.10260138385488428,4976,0.0750815797578243,1.3221707442838448e-07,negated_raw_is_spoof,screen,0.1224655949386896,2.67217666213156e-07
ASVspoof2019_LA,Spectra-AASIST,deterministic_crop,f0_iqr_hz,1,4976,-0.11986182417913431,2.1829222084101878e-17,4976,-0.09832643088188298,4.6424916809543176e-12,negated_raw_is_spoof,screen,5.84431762570377e-17,1.1303458005801817e-11
ASVspoof2019_LA,Spectra-AASIST,deterministic_crop,voiced_fraction,1,5000,0.38842213755146343,9.267683678144987e-180,5000,0.4079475050741477,7.340782723213274e-198,negated_raw_is_spoof,screen,4.7906795628564856e-178,2.242275449999691e-196
ASVspoof2019_LA,Spectra-AASIST,deterministic_crop,hnr_db,1,4976,0.12857555359376394,8.598470228512876e-20,4976,0.19088472778914267,1.2177361184469505e-41,negated_raw_is_spoof,screen,2.539855821345342e-19,7.473229877592244e-41
ASVspoof2019_LA,Spectra-AASIST,deterministic_crop,cpp_proxy_db,1,4976,0.020680709982429806,0.14466899742949224,4976,0.05697826202356493,6.300026968932415e-05,negated_raw_is_spoof,screen,0.1686422223121452,0.00010967922598763169
ASVspoof2019_LA,Spectra-AASIST,deterministic_crop,jitter_proxy,1,4976,-0.22481565300392434,4.811011551292026e-58,4976,-0.25176814725165564,4.3092675328863243e-72,negated_raw_is_spoof,screen,4.0412497030853014e-57,4.950132960854034e-71
ASVspoof2019_LA,Spectra-AASIST,deterministic_crop,shimmer_proxy_db,1,4976,0.05038308849208107,0.00037736585194469974,4976,0.05410685569126538,0.00014508523160629137,negated_raw_is_spoof,screen,0.0005585679570635204,0.0002458947683213816
ASVspoof2019_LA,Spectra-AASIST,deterministic_crop,f0_delta_hz,1,4976,-0.2105699935071375,5.536035940320059e-51,4976,-0.21333945042827634,8.27625803733577e-52,negated_raw_is_spoof,screen,4.1107360794420767e-50,6.429647862531373e-51
ASVspoof2019_LA,Spectra-AASIST,deterministic_crop,group_delay_var,1,5000,-0.08099165965132919,9.753172339450153e-09,5000,-0.08181149089001369,8.206601495494416e-09,negated_raw_is_spoof,screen,1.8307630760085203e-08,1.761928499991133e-08
ASVspoof2019_LA,Spectra-AASIST,deterministic_crop,inst_freq_dispersion,1,5000,-0.11480473085669934,3.8615749133154204e-16,5000,-0.11372630095885054,1.0121036741108634e-15,negated_raw_is_spoof,screen,9.9234353412924e-16,2.7931567515503085e-15
ASVspoof2019_LA,Spectra-AASIST,deterministic_crop,modulation_centroid_hz,1,5000,0.2260305972497723,6.057332226892254e-59,5000,0.24938047992413268,4.655594520977118e-71,negated_raw_is_spoof,screen,5.218624687784096e-58,5.258083223691804e-70
ASVspoof2019_LA,Spectra-AASIST,deterministic_crop,modulation_entropy,1,5000,0.2018449485508636,4.006984102865041e-47,5000,0.24877396762123644,1.035445140663023e-70,negated_raw_is_spoof,screen,2.7617367355131363e-46,1.1406871057795925e-69
ASVspoof2019_LA,W2V2-AASIST,deterministic_crop,crest_factor_db,0,5000,-0.18739888358443346,9.507184177856572e-41,5000,-0.20809442206970113,2.257197529990483e-49,negated_raw_is_spoof,screen,5.531452612571096e-40,1.6577450712061254e-48
ASVspoof2019_LA,W2V2-AASIST,deterministic_crop,peak_dbfs,0,5000,-0.036264295642430236,0.010333194360440794,5000,-0.011866204015978347,0.4048020212872619,negated_raw_is_spoof,screen,0.013615503157286693,0.4548945791054181
ASVspoof2019_LA,W2V2-AASIST,deterministic_crop,rms_dbfs,0,5000,0.18703936923397527,1.3498405318750406e-40,5000,0.20725519167469109,5.561728858461153e-49,negated_raw_is_spoof,screen,7.786204613047445e-40,4.0405208571739405e-48
ASVspoof2019_LA,W2V2-AASIST,deterministic_crop,integrated_lufs,0,5000,0.09455551522664461,2.0923858513571783e-11,5000,0.07447521985378995,1.6390968569304486e-07,negated_raw_is_spoof,screen,4.4216455726793204e-11,3.3077269905623466e-07
ASVspoof2019_LA,W2V2-AASIST,deterministic_crop,silence_fraction,0,5000,-0.2419638356346591,1.5515780354854726e-67,5000,-0.2309427047965216,1.063764395921383e-60,negated_raw_is_spoof,screen,1.5918479997652482e-66,9.859995504264406e-60
ASVspoof2019_LA,W2V2-AASIST,deterministic_crop,clipping_fraction,0,5000,0.25007327681152774,3.6894234384256355e-72,5000,0.15517882689153328,5.916087889737011e-28,negated_raw_is_spoof,screen,4.311813131516569e-71,2.4390251913517003e-27
ASVspoof2019_LA,W2V2-AASIST,deterministic_crop,frame_rms_cv,0,5000,-0.21351514636272514,1.2035596294475728e-52,5000,-0.23039540339290382,2.0573180354202876e-60,negated_raw_is_spoof,screen,9.24333795415736e-52,1.8938598901403196e-59
ASVspoof2019_LA,W2V2-AASIST,deterministic_crop,frame_rms_range_db,0,5000,-0.16396030825782776,1.816333195329671e-31,5000,-0.16745273170160488,2.4414549567671814e-32,negated_raw_is_spoof,screen,7.824204533727814e-31,1.1760987318620402e-31
ASVspoof2019_LA,W2V2-AASIST,deterministic_crop,spectral_centroid_hz,0,5000,0.16002138317141995,4.9195643738103035e-30,5000,0.2287601125169523,1.4612952794274694e-59,negated_raw_is_spoof,screen,2.003604399515469e-29,1.3181079567453147e-58
ASVspoof2019_LA,W2V2-AASIST,deterministic_crop,spectral_centroid_std_hz,0,5000,0.19915402204117813,6.741351906034258e-46,5000,0.19741997660068494,1.6144615314456834e-44,negated_raw_is_spoof,screen,4.530188480855021e-45,1.0584567308599994e-43
ASVspoof2019_LA,W2V2-AASIST,deterministic_crop,spectral_bandwidth_hz,0,5000,0.02055787541875552,0.14609845231378368,5000,0.15316836505649176,2.8659823886852882e-27,negated_raw_is_spoof,screen,0.17000547178331193,1.1532575839500081e-26
ASVspoof2019_LA,W2V2-AASIST,deterministic_crop,spectral_rolloff85_hz,0,5000,0.12694913384655898,2.0438584352501828e-19,5000,0.21090768606679497,1.067131402787197e-50,negated_raw_is_spoof,screen,5.984631235242366e-19,7.967914474144404e-50
ASVspoof2019_LA,W2V2-AASIST,deterministic_crop,spectral_flatness,0,5000,-0.03190690481993386,0.024060038196447038,5000,0.026149699513910666,0.06634160580138654,negated_raw_is_spoof,screen,0.03053511929747386,0.08541258412853925
ASVspoof2019_LA,W2V2-AASIST,deterministic_crop,spectral_slope_db_per_khz,0,5000,0.14196111441310816,6.320947014083414e-24,5000,0.06671332774119162,2.7492186981538167e-06,negated_raw_is_spoof,screen,2.1238381967320273e-23,5.218855833783516e-06
ASVspoof2019_LA,W2V2-AASIST,deterministic_crop,low_high_energy_ratio_db,0,5000,-0.09003893685516684,1.7932169424838576e-10,5000,-0.13636733441617652,6.686603466038366e-22,negated_raw_is_spoof,screen,3.613318696699107e-10,2.2600229142669107e-21
ASVspoof2019_LA,W2V2-AASIST,deterministic_crop,spectral_flux,0,5000,0.23242435519980334,2.585205815600528e-62,5000,0.10716661170300631,4.516488030112815e-14,negated_raw_is_spoof,screen,2.3798059014843216e-61,1.1832670394681527e-13
ASVspoof2019_LA,W2V2-AASIST,deterministic_crop,f0_median_hz,0,4997,0.1637956375771084,2.1760188969192868e-31,4997,0.17680786082919175,6.804050971261351e-36,negated_raw_is_spoof,screen,9.313915278533508e-31,3.672547994126609e-35
ASVspoof2019_LA,W2V2-AASIST,deterministic_crop,f0_iqr_hz,0,4997,0.05707549466335603,5.4158108483751305e-05,4997,-0.10170379175063614,8.286665485792051e-13,negated_raw_is_spoof,screen,8.508539516209753e-05,2.0510641644391375e-12
ASVspoof2019_LA,W2V2-AASIST,deterministic_crop,voiced_fraction,0,5000,-0.05001472812447099,0.00040331476739814746,5000,-0.12420500851146421,2.0681361305152017e-18,negated_raw_is_spoof,screen,0.0005950110289606039,6.288631129892378e-18
ASVspoof2019_LA,W2V2-AASIST,deterministic_crop,hnr_db,0,4997,-0.1266684288804996,2.5152506837695935e-19,4997,-0.17281456522037977,2.4157653301172624e-34,negated_raw_is_spoof,screen,7.332965117107014e-19,1.2345203816264642e-33
ASVspoof2019_LA,W2V2-AASIST,deterministic_crop,cpp_proxy_db,0,4997,0.03644609410431991,0.00997870967451625,4997,0.06217967092977418,1.2532360098667447e-05,negated_raw_is_spoof,screen,0.013200182876525433,2.2669571968518232e-05
ASVspoof2019_LA,W2V2-AASIST,deterministic_crop,jitter_proxy,0,4997,0.03539613116656502,0.012339226444482434,4997,-0.05782815876942751,4.867708595166747e-05,negated_raw_is_spoof,screen,0.016088590899206997,8.551895884841971e-05
ASVspoof2019_LA,W2V2-AASIST,deterministic_crop,shimmer_proxy_db,0,4997,0.1442418970139028,1.214934819371905e-24,4997,0.16501858468294212,2.008371035534339e-31,negated_raw_is_spoof,screen,4.186852300604719e-24,9.244009149856683e-31
ASVspoof2019_LA,W2V2-AASIST,deterministic_crop,f0_delta_hz,0,4997,0.16149319378177487,1.5071434256081746e-30,4997,0.09145101139735415,1.261953692187153e-10,negated_raw_is_spoof,screen,6.232617735438113e-30,2.9092037089185824e-10
ASVspoof2019_LA,W2V2-AASIST,deterministic_crop,group_delay_var,0,5000,-0.257506314803874,1.5054362787579095e-76,5000,-0.29471588876895904,2.1504977227234156e-99,negated_raw_is_spoof,screen,1.964375105486049e-75,3.853691919120361e-98
ASVspoof2019_LA,W2V2-AASIST,deterministic_crop,inst_freq_dispersion,0,5000,0.04444459767698436,0.0016695459729617376,5000,0.028122542522333937,0.0483038883274718,negated_raw_is_spoof,screen,0.0023422440372239824,0.06346082689357
ASVspoof2019_LA,W2V2-AASIST,deterministic_crop,modulation_centroid_hz,0,5000,0.07879203441670045,2.422956323102524e-08,5000,0.22069666593047862,1.8433748335343618e-55,negated_raw_is_spoof,screen,4.4670141265429246e-08,1.5106681562623064e-54
ASVspoof2019_LA,W2V2-AASIST,deterministic_crop,modulation_entropy,0,5000,0.055221751116797946,9.35372467799979e-05,5000,0.22126412621373379,9.600538941011999e-56,negated_raw_is_spoof,screen,0.00014466520100381723,7.916027200441796e-55
ASVspoof2019_LA,W2V2-AASIST,deterministic_crop,crest_factor_db,1,5000,-0.11993984233774357,1.744727021757576e-17,5000,-0.16280601762534408,9.475937503782107e-31,negated_raw_is_spoof,screen,4.6898262344843645e-17,4.2171059619480634e-30
ASVspoof2019_LA,W2V2-AASIST,deterministic_crop,peak_dbfs,1,5000,-0.030080271488280456,0.0334245829159849,5000,-0.02591085211962655,0.06832828684139906,negated_raw_is_spoof,screen,0.04190544723795121,0.08771080946976155
ASVspoof2019_LA,W2V2-AASIST,deterministic_crop,rms_dbfs,1,5000,0.11259447433069486,1.4047302861199906e-15,5000,0.17429927257199923,4.598973916939024e-35,negated_raw_is_spoof,screen,3.5027040900654312e-15,2.3957445520798636e-34
ASVspoof2019_LA,W2V2-AASIST,deterministic_crop,integrated_lufs,1,5000,0.06043072269938127,1.9033503901551665e-05,5000,0.13904263797408803,8.461210607235723e-23,negated_raw_is_spoof,screen,3.070951889998252e-05,2.915863347724311e-22
ASVspoof2019_LA,W2V2-AASIST,deterministic_crop,silence_fraction,1,5000,0.10925146195759272,9.445245816533093e-15,5000,0.10551330868724307,9.885230944681456e-14,negated_raw_is_spoof,screen,2.27498393860582e-14,2.5500480594341414e-13
ASVspoof2019_LA,W2V2-AASIST,deterministic_crop,clipping_fraction,1,5000,-0.10924461468391139,9.48162940357178e-15,5000,-0.035796124304094644,0.01178051341538433,negated_raw_is_spoof,screen,2.2766639673915004e-14,0.016719123580017467
ASVspoof2019_LA,W2V2-AASIST,deterministic_crop,frame_rms_cv,1,5000,-0.175061318135863,1.0608121733093309e-35,5000,-0.17605981238149213,9.432555568983206e-36,negated_raw_is_spoof,screen,5.091898431884788e-35,5.03069630345771e-35
ASVspoof2019_LA,W2V2-AASIST,deterministic_crop,frame_rms_range_db,1,5000,0.0493051483324892,0.00048728563009686483,5000,0.05250685808250985,0.00021919432816748207,negated_raw_is_spoof,screen,0.0007126353502178306,0.0003677867378989962
ASVspoof2019_LA,W2V2-AASIST,deterministic_crop,spectral_centroid_hz,1,5000,0.13204651581604443,6.862411800314765e-21,5000,0.13024236652278542,3.570842895884394e-20,negated_raw_is_spoof,screen,2.1009297174539967e-20,1.1372542303480157e-19
ASVspoof2019_LA,W2V2-AASIST,deterministic_crop,spectral_centroid_std_hz,1,5000,0.1215583080827541,6.3911963408394235e-18,5000,0.12067458150775441,1.606406280710958e-17,negated_raw_is_spoof,screen,1.7458877809122325e-17,4.703725580120975e-17
ASVspoof2019_LA,W2V2-AASIST,deterministic_crop,spectral_bandwidth_hz,1,5000,-0.06888969934316144,1.0836154022102722e-06,5000,-0.08962885916657837,2.6656288726275085e-10,negated_raw_is_spoof,screen,1.8552600007268862e-06,6.051697981100289e-10
ASVspoof2019_LA,W2V2-AASIST,deterministic_crop,spectral_rolloff85_hz,1,5000,0.11914146084171601,2.849151604302898e-17,5000,0.11284683371523903,1.6802697599365947e-15,negated_raw_is_spoof,screen,7.597737611474395e-17,4.590005197875576e-15
ASVspoof2019_LA,W2V2-AASIST,deterministic_crop,spectral_flatness,1,5000,-0.26020105798775606,3.550864750523857e-78,5000,-0.2634247196823184,2.2973265529124702e-79,negated_raw_is_spoof,screen,4.72511111356838e-77,2.9128366859569434e-78
ASVspoof2019_LA,W2V2-AASIST,deterministic_crop,spectral_slope_db_per_khz,1,5000,-0.1659338057212291,3.3707755526136233e-32,5000,-0.17615258279317172,8.673062575979171e-36,negated_raw_is_spoof,screen,1.4756750301995797e-31,4.6440621920780903e-35
ASVspoof2019_LA,W2V2-AASIST,deterministic_crop,low_high_energy_ratio_db,1,5000,0.021578570357357444,0.127101671671559,5000,0.030090487720483915,0.034260006260013874,negated_raw_is_spoof,screen,0.149452884275219,0.04595354133079705
ASVspoof2019_LA,W2V2-AASIST,deterministic_crop,spectral_flux,1,5000,0.1554898763726444,1.9747933931469663e-28,5000,0.14615439219690987,4.852392742822822e-25,negated_raw_is_spoof,screen,7.737965948657501e-28,1.81155995732052e-24
ASVspoof2019_LA,W2V2-AASIST,deterministic_crop,f0_median_hz,1,4976,0.08708078277954273,7.608233231455079e-10,4976,0.12971370405527416,6.225298004429617e-20,negated_raw_is_spoof,screen,1.5059595674632732e-09,1.9733020089512749e-19
ASVspoof2019_LA,W2V2-AASIST,deterministic_crop,f0_iqr_hz,1,4976,0.057422675574506615,5.057229073622254e-05,4976,0.019030310832755703,0.18173459262535122,negated_raw_is_spoof,screen,7.968248387981606e-05,0.2190594551466117
ASVspoof2019_LA,W2V2-AASIST,deterministic_crop,voiced_fraction,1,5000,0.11391626575225824,6.508933545913247e-16,5000,0.11369478568992798,1.0307267378803874e-15,negated_raw_is_spoof,screen,1.6599633179710443e-15,2.8387228190804114e-15
ASVspoof2019_LA,W2V2-AASIST,deterministic_crop,hnr_db,1,4976,0.01633295935579378,0.24935112320757444,4976,-0.017681552061235277,0.21469070433291693,negated_raw_is_spoof,screen,0.27927325799248337,0.25512317119667577
ASVspoof2019_LA,W2V2-AASIST,deterministic_crop,cpp_proxy_db,1,4976,0.23736031927110443,1.1042358642052321e-64,4976,0.23227358932597517,2.4409745167498738e-61,negated_raw_is_spoof,screen,1.083279563132724e-63,2.310330810219599e-60
ASVspoof2019_LA,W2V2-AASIST,deterministic_crop,jitter_proxy,1,4976,-0.03634432194955495,0.010348567246153089,4976,-0.02358458698556036,0.09790312039616031,negated_raw_is_spoof,screen,0.0136224038969929,0.12294668349197946
ASVspoof2019_LA,W2V2-AASIST,deterministic_crop,shimmer_proxy_db,1,4976,0.12445041042804446,1.2415219565272117e-18,4976,0.16013670837413269,1.1779486118933925e-29,negated_raw_is_spoof,screen,3.52026478812779e-18,5.041920173199744e-29
ASVspoof2019_LA,W2V2-AASIST,deterministic_crop,f0_delta_hz,1,4976,0.004358673467748314,0.7585477643856229,4976,-0.013088178524088011,0.3584062727091017,negated_raw_is_spoof,screen,0.7746870785214872,0.40683955280492623
ASVspoof2019_LA,W2V2-AASIST,deterministic_crop,group_delay_var,1,5000,-0.2807290799963257,3.2606616987976846e-91,5000,-0.2877335347199402,5.518522511961449e-95,negated_raw_is_spoof,screen,5.279914847209744e-90,9.156659575402701e-94
ASVspoof2019_LA,W2V2-AASIST,deterministic_crop,inst_freq_dispersion,1,5000,-0.10496777700307605,9.988789584386181e-14,5000,-0.10761972385393401,3.1533637402256244e-14,negated_raw_is_spoof,screen,2.3106597592796946e-13,8.326367125468053e-14
ASVspoof2019_LA,W2V2-AASIST,deterministic_crop,modulation_centroid_hz,1,5000,0.2665772230118739,4.195178471557159e-82,5000,0.26166335861396356,2.7002826298810713e-78,negated_raw_is_spoof,screen,6.062709533089056e-81,3.360351717185333e-77
ASVspoof2019_LA,W2V2-AASIST,deterministic_crop,modulation_entropy,1,5000,0.2318760617299976,5.076217701017421e-62,5000,0.2217575955945895,3.360409438736143e-56,negated_raw_is_spoof,screen,4.6411133266445e-61,2.8227439285383603e-55
ASVspoof2019_LA,WhisperMFCCMesoNet,deterministic_crop,crest_factor_db,0,5000,-0.011972779870911193,0.39731734570832355,5000,0.017490076745366217,0.2194640068881297,negated_raw_is_spoof,screen,0.4348489516547124,0.26010548964519076
ASVspoof2019_LA,WhisperMFCCMesoNet,deterministic_crop,peak_dbfs,0,5000,-0.04320977563891013,0.002242694537023015,5000,0.008722785791428605,0.540286509054453,negated_raw_is_spoof,screen,0.0031074035646999304,0.5840021355156088
ASVspoof2019_LA,WhisperMFCCMesoNet,deterministic_crop,rms_dbfs,0,5000,0.011644851729794067,0.41037300746950234,5000,-0.017968526842392123,0.20711029040787124,negated_raw_is_spoof,screen,0.44659216359434095,0.24742776027393687
ASVspoof2019_LA,WhisperMFCCMesoNet,deterministic_crop,integrated_lufs,0,5000,0.014936782677471307,0.2909751325945177,5000,-0.03804328446508239,0.007540034064947748,negated_raw_is_spoof,screen,0.32346615236313625,0.010967322276287633
ASVspoof2019_LA,WhisperMFCCMesoNet,deterministic_crop,silence_fraction,0,5000,-0.0536406437399542,0.0001477923228333246,5000,-0.006059742937851228,0.6705321949020334,negated_raw_is_spoof,screen,0.00022546297603630904,0.7110241971644903
ASVspoof2019_LA,WhisperMFCCMesoNet,deterministic_crop,clipping_fraction,0,5000,0.09706562919352686,6.065340032980635e-12,5000,0.02906382446100579,0.041270035660686426,negated_raw_is_spoof,screen,1.3022071891894526e-11,0.05464721963346065
ASVspoof2019_LA,WhisperMFCCMesoNet,deterministic_crop,frame_rms_cv,0,5000,0.029361603190464124,0.03788402420572786,5000,0.03968568073383056,0.005317176710293329,negated_raw_is_spoof,screen,0.04718825628591125,0.007818693105726733
ASVspoof2019_LA,WhisperMFCCMesoNet,deterministic_crop,frame_rms_range_db,0,5000,-0.0552388452495538,9.306968225902434e-05,5000,-0.021714472762468524,0.1273571797755799,negated_raw_is_spoof,screen,0.00014427410952263983,0.1573235750168928
ASVspoof2019_LA,WhisperMFCCMesoNet,deterministic_crop,spectral_centroid_hz,0,5000,0.043524208524968334,0.002081743960100016,5000,0.03640820410711516,0.01056329927157394,negated_raw_is_spoof,screen,0.002899340810750696,0.015087220213597636
ASVspoof2019_LA,WhisperMFCCMesoNet,deterministic_crop,spectral_centroid_std_hz,0,5000,0.04064448700177947,0.004047082860387171,5000,0.03937557107488004,0.005685887568084558,negated_raw_is_spoof,screen,0.0055165105115216615,0.008342612326971229
ASVspoof2019_LA,WhisperMFCCMesoNet,deterministic_crop,spectral_bandwidth_hz,0,5000,0.05115980902239235,0.00029573200571139814,5000,0.046980792314632515,0.000966752836242955,negated_raw_is_spoof,screen,0.0004411363104063475,0.0015214470865462899
ASVspoof2019_LA,WhisperMFCCMesoNet,deterministic_crop,spectral_rolloff85_hz,0,5000,0.04292090407725177,0.002400526432646655,5000,0.03510778819452395,0.013684442506484025,negated_raw_is_spoof,screen,0.0033192464253879676,0.01925852432326129
ASVspoof2019_LA,WhisperMFCCMesoNet,deterministic_crop,spectral_flatness,0,5000,0.08755798876842094,5.587432525049267e-10,5000,0.08191731212716474,8.384187079532547e-09,negated_raw_is_spoof,screen,1.1092332811914646e-09,1.7971845988663064e-08
ASVspoof2019_LA,WhisperMFCCMesoNet,deterministic_crop,spectral_slope_db_per_khz,0,5000,0.09223619111344764,6.38711790771889e-11,5000,0.0798208765586399,1.9925832965955028e-08,negated_raw_is_spoof,screen,1.3065885034968322e-10,4.190973318660964e-08
ASVspoof2019_LA,WhisperMFCCMesoNet,deterministic_crop,low_high_energy_ratio_db,0,5000,-0.063643113843252,6.678407369013579e-06,5000,-0.06062689386084527,2.0431213849603957e-05,negated_raw_is_spoof,screen,1.1040319193055658e-05,3.651536092269644e-05
ASVspoof2019_LA,WhisperMFCCMesoNet,deterministic_crop,spectral_flux,0,5000,0.05082514841076436,0.0003240107903118514,5000,0.011916085356466957,0.40282985351080625,negated_raw_is_spoof,screen,0.0004822486181385695,0.45343661902723925
ASVspoof2019_LA,WhisperMFCCMesoNet,deterministic_crop,f0_median_hz,0,4997,0.07809053536711323,3.253105636461785e-08,4997,-0.027130251429703715,0.056857681122553204,negated_raw_is_spoof,screen,5.948536020958693e-08,0.07399635547519623
ASVspoof2019_LA,WhisperMFCCMesoNet,deterministic_crop,f0_iqr_hz,0,4997,0.09352212465079426,3.498532677220208e-11,4997,-0.019160553242488068,0.178674452557638,negated_raw_is_spoof,screen,7.301285587242173e-11,0.21556415102106416
ASVspoof2019_LA,WhisperMFCCMesoNet,deterministic_crop,voiced_fraction,0,5000,-0.012769971680204592,0.3666403348697964,5000,0.0200129882681235,0.1599861741948251,negated_raw_is_spoof,screen,0.4039054180860708,0.19441357876839507
ASVspoof2019_LA,WhisperMFCCMesoNet,deterministic_crop,hnr_db,0,4997,-0.01173784727999649,0.4067858483032294,4997,-0.0607790365491357,1.9588002535622604e-05,negated_raw_is_spoof,screen,0.4430471475847166,3.514856529756579e-05
ASVspoof2019_LA,WhisperMFCCMesoNet,deterministic_crop,cpp_proxy_db,0,4997,-0.059054191820255376,2.95235955969881e-05,4997,-0.09477924384576376,2.614412252109721e-11,negated_raw_is_spoof,screen,4.718158440232105e-05,6.186214906400468e-11
ASVspoof2019_LA,WhisperMFCCMesoNet,deterministic_crop,jitter_proxy,0,4997,0.08017118297471706,1.3870801143208559e-08,4997,0.011260487805658949,0.4293481738473218,negated_raw_is_spoof,screen,2.5856250674718868e-08,0.4788746436936104
ASVspoof2019_LA,WhisperMFCCMesoNet,deterministic_crop,shimmer_proxy_db,0,4997,0.08497606433300792,1.7845600004982765e-09,4997,0.09614569409598463,1.34826851794961e-11,negated_raw_is_spoof,screen,3.470982113849036e-09,3.264996194818515e-11
ASVspoof2019_LA,WhisperMFCCMesoNet,deterministic_crop,f0_delta_hz,0,4997,0.11785772118873838,6.359675013934054e-17,4997,0.015962673520058444,0.26255942953282774,negated_raw_is_spoof,screen,1.6661604714868164e-16,0.3057822052615473
ASVspoof2019_LA,WhisperMFCCMesoNet,deterministic_crop,group_delay_var,0,5000,0.011764343222573727,0.4055865015582556,5000,0.025519702374025212,0.07315563182751382,negated_raw_is_spoof,screen,0.442099154983208,0.09346118742982754
ASVspoof2019_LA,WhisperMFCCMesoNet,deterministic_crop,inst_freq_dispersion,0,5000,0.00561565473599062,0.6913743914452775,5000,-0.002110420705182827,0.8822175931722996,negated_raw_is_spoof,screen,0.7153250054676311,0.9044244433436848
ASVspoof2019_LA,WhisperMFCCMesoNet,deterministic_crop,modulation_centroid_hz,0,5000,0.032019030272761206,0.023567858040199147,5000,0.0839418413929512,3.560571425633421e-09,negated_raw_is_spoof,screen,0.02996707777296845,7.705971008134167e-09
ASVspoof2019_LA,WhisperMFCCMesoNet,deterministic_crop,modulation_entropy,0,5000,0.018063395666535826,0.201581141310609,5000,0.08693687871760572,9.66578223116573e-10,negated_raw_is_spoof,screen,0.2299873123272143,2.1401666093388375e-09
ASVspoof2019_LA,WhisperMFCCMesoNet,deterministic_crop,crest_factor_db,1,5000,0.1421242087512013,5.6101245656097046e-24,5000,0.15883986664512428,2.47876059638974e-29,negated_raw_is_spoof,screen,1.8944742251707146e-23,1.0542576713758894e-28
ASVspoof2019_LA,WhisperMFCCMesoNet,deterministic_crop,peak_dbfs,1,5000,-0.028066193694015203,0.04720299246197157,5000,0.010758898325408784,0.4491778882786199,negated_raw_is_spoof,screen,0.058256034774003485,0.497687618999559
ASVspoof2019_LA,WhisperMFCCMesoNet,deterministic_crop,rms_dbfs,1,5000,-0.14669752418246318,1.8680288420329124e-25,5000,-0.1587605340139416,2.643749656991307e-29,negated_raw_is_spoof,screen,6.589582056934998e-25,1.1208831353300685e-28
ASVspoof2019_LA,WhisperMFCCMesoNet,deterministic_crop,integrated_lufs,1,5000,-0.07787623900865664,3.5140821859352356e-08,5000,0.0029179601897596657,0.837364285838686,negated_raw_is_spoof,screen,6.417019643881734e-08,0.8630503068766825
ASVspoof2019_LA,WhisperMFCCMesoNet,deterministic_crop,silence_fraction,1,5000,0.05286855347676955,0.00018398205432360674,5000,0.052760734627012564,0.00020425428334505544,negated_raw_is_spoof,screen,0.00027845932546275614,0.00034357666685325974
ASVspoof2019_LA,WhisperMFCCMesoNet,deterministic_crop,clipping_fraction,1,5000,-0.22732678623263303,1.2808783719771029e-59,5000,-0.05717632762293974,5.69782159147668e-05,negated_raw_is_spoof,screen,1.1251637463642001e-58,9.958221351033366e-05
ASVspoof2019_LA,WhisperMFCCMesoNet,deterministic_crop,frame_rms_cv,1,5000,0.1259017318611342,4.037013678870348e-19,5000,0.13729637330494282,2.92192816833436e-22,negated_raw_is_spoof,screen,1.1643232584553107e-18,9.941953058838938e-22
ASVspoof2019_LA,WhisperMFCCMesoNet,deterministic_crop,frame_rms_range_db,1,5000,-0.006626146057522924,0.6394790671960844,5000,0.012999349509696433,0.36051040170448223,negated_raw_is_spoof,screen,0.6662479583810368,0.4076980019889712
ASVspoof2019_LA,WhisperMFCCMesoNet,deterministic_crop,spectral_centroid_hz,1,5000,-0.05204095355738509,0.00023193344873226763,5000,-0.020169201893457882,0.15595293915612427,negated_raw_is_spoof,screen,0.0003486784732619325,0.1903358663781304
ASVspoof2019_LA,WhisperMFCCMesoNet,deterministic_crop,spectral_centroid_std_hz,1,5000,-0.0256774330769461,0.06944494812232666,5000,-0.010428250447865476,0.46323700550968366,negated_raw_is_spoof,screen,0.08461832300671535,0.5107387493068211
ASVspoof2019_LA,WhisperMFCCMesoNet,deterministic_crop,spectral_bandwidth_hz,1,5000,0.05892302376916341,3.058482357243465e-05,5000,0.09228550991497787,7.763834705818786e-11,negated_raw_is_spoof,screen,4.881948085671279e-05,1.799067904244905e-10
ASVspoof2019_LA,WhisperMFCCMesoNet,deterministic_crop,spectral_rolloff85_hz,1,5000,-0.047514516703824984,0.0007770531346215101,5000,-0.01644351774047972,0.24739902180196194,negated_raw_is_spoof,screen,0.0011253872984173594,0.28938580095895283
ASVspoof2019_LA,WhisperMFCCMesoNet,deterministic_crop,spectral_flatness,1,5000,0.19555531681229263,2.758538892569827e-44,5000,0.21369368240079187,3.1843119650728056e-52,negated_raw_is_spoof,screen,1.7488095620820034e-43,2.502757474302837e-51
ASVspoof2019_LA,WhisperMFCCMesoNet,deterministic_crop,spectral_slope_db_per_khz,1,5000,0.11859410227230287,3.980275058013109e-17,5000,0.1408521203680835,2.3505554036497887e-23,negated_raw_is_spoof,screen,1.0530491492066178e-16,8.270016917553183e-23
ASVspoof2019_LA,WhisperMFCCMesoNet,deterministic_crop,low_high_energy_ratio_db,1,5000,-0.041937265541542576,0.0030172420208862986,5000,-0.10982816760406618,9.291523182044684e-15,negated_raw_is_spoof,screen,0.004146393942813073,2.4975614313336112e-14
ASVspoof2019_LA,WhisperMFCCMesoNet,deterministic_crop,spectral_flux,1,5000,-0.24705333584363842,2.0363811502545422e-70,5000,-0.2374880162677739,2.005926337696217e-64,negated_raw_is_spoof,screen,2.2433575950345122e-69,2.0270413517772297e-63
ASVspoof2019_LA,WhisperMFCCMesoNet,deterministic_crop,f0_median_hz,1,4976,-0.15236873587416372,3.1316816328415097e-27,4976,-0.049146915918492656,0.0005593230709639083,negated_raw_is_spoof,screen,1.1789860264815096e-26,0.0009046091544831441
ASVspoof2019_LA,WhisperMFCCMesoNet,deterministic_crop,f0_iqr_hz,1,4976,-0.02953934934652396,0.037191145704001394,4976,0.057214107775623885,5.872629405963526e-05,negated_raw_is_spoof,screen,0.04641123475039728,0.00010250407690409063
ASVspoof2019_LA,WhisperMFCCMesoNet,deterministic_crop,voiced_fraction,1,5000,-0.10483963944270498,1.0703547698339004e-13,5000,-0.11159048080092175,3.442897727949104e-15,negated_raw_is_spoof,screen,2.4717470973483885e-13,9.366912037173271e-15
ASVspoof2019_LA,WhisperMFCCMesoNet,deterministic_crop,hnr_db,1,4976,-0.13759447009572046,1.844925600504943e-22,4976,-0.12275204264568011,5.3365361307379566e-18,negated_raw_is_spoof,screen,5.917852045533755e-22,1.5973952248801368e-17
ASVspoof2019_LA,WhisperMFCCMesoNet,deterministic_crop,cpp_proxy_db,1,4976,-0.30024462852037986,3.4423866022461654e-104,4976,-0.2814510164396689,2.3082972705196552e-90,negated_raw_is_spoof,screen,6.516292385096966e-103,3.485788237728558e-89
ASVspoof2019_LA,WhisperMFCCMesoNet,deterministic_crop,jitter_proxy,1,4976,0.056924654037278206,5.875450662474747e-05,4976,0.07372017345709556,2.2209919583679904e-07,negated_raw_is_spoof,screen,9.192788929413341e-05,4.4419839167359814e-07
ASVspoof2019_LA,WhisperMFCCMesoNet,deterministic_crop,shimmer_proxy_db,1,4976,0.004126677590294632,0.7710305835327109,4976,0.035552860415171916,0.012579756471599876,negated_raw_is_spoof,screen,0.7856445066474326,0.017759656195199824
ASVspoof2019_LA,WhisperMFCCMesoNet,deterministic_crop,f0_delta_hz,1,4976,-0.02459883369719387,0.08273244477299717,4976,0.07322144912601591,2.679713822584324e-07,negated_raw_is_spoof,screen,0.10008317351476885,5.31984546167405e-07
ASVspoof2019_LA,WhisperMFCCMesoNet,deterministic_crop,group_delay_var,1,5000,0.18061430178157634,6.290442543764645e-38,5000,0.16675118745388162,3.391796152137288e-32,negated_raw_is_spoof,screen,3.3549026900078105e-37,1.616515612933516e-31
ASVspoof2019_LA,WhisperMFCCMesoNet,deterministic_crop,inst_freq_dispersion,1,5000,0.06218684305027476,1.0803477337002427e-05,5000,0.06841379223785696,1.4517415963775638e-06,negated_raw_is_spoof,screen,1.757853939580056e-05,2.7873438650449226e-06
ASVspoof2019_LA,WhisperMFCCMesoNet,deterministic_crop,modulation_centroid_hz,1,5000,-0.03575546144879286,0.011456112887156877,5000,-0.06399724609713965,6.603381680603636e-06,negated_raw_is_spoof,screen,0.014992225628372777,1.2292167560569649e-05
ASVspoof2019_LA,WhisperMFCCMesoNet,deterministic_crop,modulation_entropy,1,5000,-0.0019140003646978228,0.8923695076037815,5000,-0.07494199557881707,1.3008290552004587e-07,negated_raw_is_spoof,screen,0.9004088725371489,2.633003388839483e-07
ASVspoof2019_LA,XLSR-SLS,deterministic_crop,crest_factor_db,0,5000,0.051275446323530774,0.0002865102014462499,5000,-0.10508923196882938,1.3814615738581534e-13,negated_raw_is_spoof,screen,0.00042833115766825346,3.529818165903723e-13
ASVspoof2019_LA,XLSR-SLS,deterministic_crop,peak_dbfs,0,5000,0.0770183606523609,4.959419952431552e-08,5000,0.018233585684228296,0.20048750946771404,negated_raw_is_spoof,screen,8.983100291196774e-08,0.24058501136125687
ASVspoof2019_LA,XLSR-SLS,deterministic_crop,rms_dbfs,0,5000,-0.051666843960611594,0.000257256939184045,5000,0.10349564428592939,3.2094619988158174e-13,negated_raw_is_spoof,screen,0.00038545521322559255,8.108114523324171e-13
ASVspoof2019_LA,XLSR-SLS,deterministic_crop,integrated_lufs,0,5000,-0.08401303810628703,2.6871009801828956e-09,5000,-0.13452842698325487,2.3448539498365936e-21,negated_raw_is_spoof,screen,5.188884651387661e-09,7.781441255754028e-21
ASVspoof2019_LA,XLSR-SLS,deterministic_crop,silence_fraction,0,5000,0.12621810987106669,3.288735425551566e-19,5000,-0.0012925425355218626,0.9276985833235921,negated_raw_is_spoof,screen,9.52599226711488e-19,0.9381692219615559
ASVspoof2019_LA,XLSR-SLS,deterministic_crop,clipping_fraction,0,5000,0.2866781420913009,3.311645773440324e-95,5000,0.1451816737170789,1.2263127327869425e-24,negated_raw_is_spoof,screen,5.49487891296765e-94,4.5279239364440955e-24
ASVspoof2019_LA,XLSR-SLS,deterministic_crop,frame_rms_cv,0,5000,-0.047537631845884235,0.0007724609285829552,5000,-0.14186133405283316,1.3804386293212096e-23,negated_raw_is_spoof,screen,0.0011199433527675207,4.9082262375865227e-23
ASVspoof2019_LA,XLSR-SLS,deterministic_crop,frame_rms_range_db,0,5000,0.14996293041849343,1.5380968356237448e-26,5000,0.01686194285559872,0.23647331913809375,negated_raw_is_spoof,screen,5.663567526241953e-26,0.2780578660731391
ASVspoof2019_LA,XLSR-SLS,deterministic_crop,spectral_centroid_hz,0,5000,-0.01576468971254266,0.2650551240167814,5000,-0.028273709550629404,0.04711066911003755,negated_raw_is_spoof,screen,0.29587548727454666,0.06208900452452933
ASVspoof2019_LA,XLSR-SLS,deterministic_crop,spectral_centroid_std_hz,0,5000,-0.010246598727930614,0.46883136878241444,5000,-0.015268963091284438,0.28372285109875794,negated_raw_is_spoof,screen,0.5024795531447886,0.3270356019525992
ASVspoof2019_LA,XLSR-SLS,deterministic_crop,spectral_bandwidth_hz,0,5000,-0.05191940728199922,0.00023989250246066288,5000,-0.07122916161163648,5.531916793486653e-07,negated_raw_is_spoof,screen,0.0003602408081643921,1.0759618191673026e-06
ASVspoof2019_LA,XLSR-SLS,deterministic_crop,spectral_rolloff85_hz,0,5000,-0.028926019992328373,0.04082578048942703,5000,-0.041683769440829986,0.003415786877697271,negated_raw_is_spoof,screen,0.050664680496574264,0.005089598185837175
ASVspoof2019_LA,XLSR-SLS,deterministic_crop,spectral_flatness,0,5000,-0.06313180161901435,7.91637972259549e-06,5000,-0.10209969853225805,6.646373354179977e-13,negated_raw_is_spoof,screen,1.3038743072510219e-05,1.6696683715921287e-12
ASVspoof2019_LA,XLSR-SLS,deterministic_crop,spectral_slope_db_per_khz,0,5000,0.018290470515592787,0.19597081565297214,5000,-0.036131642249985864,0.011168305423157757,negated_raw_is_spoof,screen,0.22453945118294508,0.015916296756768995
ASVspoof2019_LA,XLSR-SLS,deterministic_crop,low_high_energy_ratio_db,0,5000,-0.009308622771961846,0.5104939802800597,5000,0.07081682716658237,6.430324171230993e-07,negated_raw_is_spoof,screen,0.5419462160319117,1.2435044152711446e-06
ASVspoof2019_LA,XLSR-SLS,deterministic_crop,spectral_flux,0,5000,0.12527524963075554,6.049124390561748e-19,5000,0.10882689276563695,1.819624873916725e-14,negated_raw_is_spoof,screen,1.7409043213950727e-18,4.852332997111267e-14
ASVspoof2019_LA,XLSR-SLS,deterministic_crop,f0_median_hz,0,4997,0.07032138879923988,6.494582077225521e-07,4997,0.05384097191635395,0.00015594581685523577,negated_raw_is_spoof,screen,1.1219432277366453e-06,0.00026330549981587546
ASVspoof2019_LA,XLSR-SLS,deterministic_crop,f0_iqr_hz,0,4997,0.026523675080762168,0.060819548177101945,4997,-0.048233990026017075,0.0007062924857472781,negated_raw_is_spoof,screen,0.07437804617836671,0.0011327650368070903
ASVspoof2019_LA,XLSR-SLS,deterministic_crop,voiced_fraction,0,5000,0.04338428802937097,0.00215201096546971,5000,0.050668171444163856,0.00037176268697664526,negated_raw_is_spoof,screen,0.002991005933393268,0.000611565546262682
ASVspoof2019_LA,XLSR-SLS,deterministic_crop,hnr_db,0,4997,-0.0169026179794649,0.23223421115811405,4997,0.009404741020023243,0.5092170894461899,negated_raw_is_spoof,screen,0.2620678251859826,0.5528172602711464
ASVspoof2019_LA,XLSR-SLS,deterministic_crop,cpp_proxy_db,0,4997,0.043973738014890094,0.001875907944153664,4997,0.04198535662272499,0.003199279217297564,negated_raw_is_spoof,screen,0.0026208110986928527,0.004777590297831028
ASVspoof2019_LA,XLSR-SLS,deterministic_crop,jitter_proxy,0,4997,0.07414507057055188,1.5443896810221344e-07,4997,-0.02575815532942595,0.0705977199073267,negated_raw_is_spoof,screen,2.7132806945016325e-07,0.09036508148137819
ASVspoof2019_LA,XLSR-SLS,deterministic_crop,shimmer_proxy_db,0,4997,0.12839386553608972,8.120851235048921e-20,4997,0.020192802093657765,0.15639118791837264,negated_raw_is_spoof,screen,2.4146955884747233e-19,0.1905618826494042
ASVspoof2019_LA,XLSR-SLS,deterministic_crop,f0_delta_hz,0,4997,0.07877700557426957,2.461434908981415e-08,4997,-0.003663939865409317,0.7970682692656822,negated_raw_is_spoof,screen,4.525538327867334e-08,0.825705620266622
ASVspoof2019_LA,XLSR-SLS,deterministic_crop,group_delay_var,0,5000,-0.044983013900003366,0.0014646669319789735,5000,-0.05147943405759192,0.00029870230590371146,negated_raw_is_spoof,screen,0.002065595337439392,0.000494403816668212
ASVspoof2019_LA,XLSR-SLS,deterministic_crop,inst_freq_dispersion,0,5000,-0.01403099331781939,0.32122591080051915,5000,-0.001677023540042733,0.9062795115800238,negated_raw_is_spoof,screen,0.3559172498894458,0.9220587914939834
ASVspoof2019_LA,XLSR-SLS,deterministic_crop,modulation_centroid_hz,0,5000,-0.06642074944108331,2.5930519097727076e-06,5000,0.0015557985736232938,0.9130262339754325,negated_raw_is_spoof,screen,4.378218299917738e-06,0.9259450718057831
ASVspoof2019_LA,XLSR-SLS,deterministic_crop,modulation_entropy,0,5000,-0.08614623862959536,1.0522215354110302e-09,5000,-0.009514125132179781,0.5041732508598167,negated_raw_is_spoof,screen,2.0735861342997427e-09,0.547784033270488
ASVspoof2019_LA,XLSR-SLS,deterministic_crop,crest_factor_db,1,5000,-0.3822261184662181,1.1478378502753429e-173,5000,-0.4435070186119143,1.1942071543869722e-237,negated_raw_is_spoof,screen,5.319634726793314e-172,5.944497835170707e-236
ASVspoof2019_LA,XLSR-SLS,deterministic_crop,peak_dbfs,1,5000,-0.07699486798706381,5.006173493593736e-08,5000,-0.07271757532743316,3.0291545406402557e-07,negated_raw_is_spoof,screen,9.055581662705223e-08,5.995852286628135e-07
ASVspoof2019_LA,XLSR-SLS,deterministic_crop,rms_dbfs,1,5000,0.36795690983110735,3.95470680239433e-160,5000,0.46719900656614755,6.318411271838331e-267,negated_raw_is_spoof,screen,1.3987173532678893e-158,4.717747082972621e-265
ASVspoof2019_LA,XLSR-SLS,deterministic_crop,integrated_lufs,1,5000,0.18275543800260366,8.325433686643393e-39,5000,0.19279736340585044,1.1479290975255794e-42,negated_raw_is_spoof,screen,4.5118479334067425e-38,7.209423864833546e-42
ASVspoof2019_LA,XLSR-SLS,deterministic_crop,silence_fraction,1,5000,-0.07021871805869402,6.691591227367219e-07,5000,-0.062196039923178126,1.1921753658567432e-05,negated_raw_is_spoof,screen,1.1544927611786319e-06,2.1594119834386294e-05
ASVspoof2019_LA,XLSR-SLS,deterministic_crop,clipping_fraction,1,5000,0.01237419806038895,0.3816812931524392,5000,0.027068139063512905,0.05687368690913519,negated_raw_is_spoof,screen,0.41910102777522734,0.07399635547519623
ASVspoof2019_LA,XLSR-SLS,deterministic_crop,frame_rms_cv,1,5000,-0.511009042420626,0.0,5000,-0.49787202341453657,1.979810756707624e-308,negated_raw_is_spoof,screen,0.0,4.4347760950250775e-306
ASVspoof2019_LA,XLSR-SLS,deterministic_crop,frame_rms_range_db,1,5000,-0.07896114680834095,2.2611612901525458e-08,5000,-0.0782519746539877,3.5361511164636837e-08,negated_raw_is_spoof,screen,4.174451612589315e-08,7.356945976048284e-08
ASVspoof2019_LA,XLSR-SLS,deterministic_crop,spectral_centroid_hz,1,5000,0.1656643463105498,4.2475744600124413e-32,5000,0.2108949515697027,7.010107641751778e-51,negated_raw_is_spoof,screen,1.84748869717046e-31,5.263455123192397e-50
ASVspoof2019_LA,XLSR-SLS,deterministic_crop,spectral_centroid_std_hz,1,5000,0.17342357930910535,4.6609522284066304e-35,5000,0.19952335900111298,1.272795991391908e-45,negated_raw_is_spoof,screen,2.175111039923094e-34,8.772501602208844e-45
ASVspoof2019_LA,XLSR-SLS,deterministic_crop,spectral_bandwidth_hz,1,5000,-0.18771639242516086,6.971878452771138e-41,5000,-0.17199588859355203,3.563557205285112e-34,negated_raw_is_spoof,screen,4.0917924194429736e-40,1.8073286354351662e-33
ASVspoof2019_LA,XLSR-SLS,deterministic_crop,spectral_rolloff85_hz,1,5000,0.1375182221920594,1.5444844529029926e-22,5000,0.18118658833181991,8.503088174262057e-38,negated_raw_is_spoof,screen,4.965997858137851e-22,4.8017439101715144e-37
ASVspoof2019_LA,XLSR-SLS,deterministic_crop,spectral_flatness,1,5000,-0.5041913803877558,0.0,5000,-0.5056447791295056,0.0,negated_raw_is_spoof,screen,0.0,0.0
ASVspoof2019_LA,XLSR-SLS,deterministic_crop,spectral_slope_db_per_khz,1,5000,-0.23581419612622737,3.834412146671702e-64,5000,-0.26411465065109635,8.705421953614857e-80,negated_raw_is_spoof,screen,3.7343840037150493e-63,1.1142940100627016e-78
ASVspoof2019_LA,XLSR-SLS,deterministic_crop,low_high_energy_ratio_db,1,5000,0.17608970314894506,4.1565987199580215e-36,5000,0.1725310092027225,2.220271770651255e-34,negated_raw_is_spoof,screen,2.0767541559938962e-35,1.1389485724256819e-33
ASVspoof2019_LA,XLSR-SLS,deterministic_crop,spectral_flux,1,5000,0.23513269956152394,8.989193926913645e-64,5000,0.22587188324184096,2.7247854339686225e-58,negated_raw_is_spoof,screen,8.568423147355985e-63,2.4092839626669927e-57
ASVspoof2019_LA,XLSR-SLS,deterministic_crop,f0_median_hz,1,4976,0.17636744575129276,4.7220282664578294e-36,4976,0.2844142647548193,2.5695696632714898e-92,negated_raw_is_spoof,screen,2.3505207370812307e-35,3.969542100502163e-91
ASVspoof2019_LA,XLSR-SLS,deterministic_crop,f0_iqr_hz,1,4976,-0.053794201221431456,0.0001467652702009888,4976,-0.10204992879353118,7.004180481002596e-13,negated_raw_is_spoof,screen,0.00022415059448878285,1.7562721206096062e-12
ASVspoof2019_LA,XLSR-SLS,deterministic_crop,voiced_fraction,1,5000,0.37179801272414476,1.0470613208259611e-163,5000,0.36157419616195163,9.064414513975465e-153,negated_raw_is_spoof,screen,4.0207154719716906e-162,1.9337417629814326e-151
ASVspoof2019_LA,XLSR-SLS,deterministic_crop,hnr_db,1,4976,0.22871833613771625,4.564707451630309e-60,4976,0.19031702688273971,2.1229848822527993e-41,negated_raw_is_spoof,screen,4.089977876660756e-59,1.291082208935639e-40
ASVspoof2019_LA,XLSR-SLS,deterministic_crop,cpp_proxy_db,1,4976,0.4533227620549005,8.477715348838713e-251,4976,0.47528098752788045,4.054276967822489e-276,negated_raw_is_spoof,screen,1.4242561786049038e-248,4.1914986498103267e-274
ASVspoof2019_LA,XLSR-SLS,deterministic_crop,jitter_proxy,1,4976,-0.2468159714958723,5.934161752108885e-70,4976,-0.2297040369227626,5.409546955083594e-60,negated_raw_is_spoof,screen,6.431865640995438e-69,4.945871501790715e-59
ASVspoof2019_LA,XLSR-SLS,deterministic_crop,shimmer_proxy_db,1,4976,-0.007620120531166696,0.5909900224369894,4976,0.06359680402488989,7.9338647964392e-06,negated_raw_is_spoof,screen,0.6190885348053887,1.4567096019691648e-05
ASVspoof2019_LA,XLSR-SLS,deterministic_crop,f0_delta_hz,1,4976,-0.15088238503052998,9.959946261283548e-27,4976,-0.18716246780899842,4.512139735488473e-40,negated_raw_is_spoof,screen,3.687649524838867e-26,2.6597876335511e-39
ASVspoof2019_LA,XLSR-SLS,deterministic_crop,group_delay_var,1,5000,-0.3746472844028829,2.161958731043784e-166,5000,-0.40491353320487805,1.1043274343797528e-194,negated_raw_is_spoof,screen,8.670332771846427e-165,3.2982579373475283e-193
ASVspoof2019_LA,XLSR-SLS,deterministic_crop,inst_freq_dispersion,1,5000,-0.1614373337700725,1.517262554307027e-30,5000,-0.1540608879107686,1.133130602610349e-27,negated_raw_is_spoof,screen,6.2552174018056576e-30,4.6289590574720635e-27
ASVspoof2019_LA,XLSR-SLS,deterministic_crop,modulation_centroid_hz,1,5000,0.38662964790646503,5.536094426906793e-178,5000,0.4126574138325825,7.369037826599566e-203,negated_raw_is_spoof,screen,2.7557447813936037e-176,2.3032527532441433e-201
ASVspoof2019_LA,XLSR-SLS,deterministic_crop,modulation_entropy,1,5000,0.34788360355569337,3.2378445692993282e-142,5000,0.38973718755547615,2.803601156046275e-179,negated_raw_is_spoof,screen,9.258857661996376e-141,6.977851766159617e-178
ASVspoof2019_LA,AASIST,full_waveform,crest_factor_db,0,5000,0.155289832845682,2.3185368562807787e-28,5000,-0.041472930479837966,0.0035821683802111973,negated_raw_is_spoof,screen,9.058469578027229e-28,0.005331599449616665
ASVspoof2019_LA,AASIST,full_waveform,peak_dbfs,0,5000,0.0929304360882711,4.586298401391478e-11,5000,0.043189916122967485,0.002417434761109955,negated_raw_is_spoof,screen,9.453964802868322e-11,0.003658820178977229
ASVspoof2019_LA,AASIST,full_waveform,rms_dbfs,0,5000,-0.15550244146222206,1.9549743811869111e-28,5000,0.04105759491787432,0.003931658574219835,negated_raw_is_spoof,screen,7.68270634010295e-28,0.005832394176326113
ASVspoof2019_LA,AASIST,full_waveform,integrated_lufs,0,5000,-0.21589024923187955,8.228725601227873e-54,5000,-0.30047483633687305,1.898260270025411e-103,negated_raw_is_spoof,screen,6.392720929508821e-53,3.494879182074181e-102
ASVspoof2019_LA,AASIST,full_waveform,silence_fraction,0,5000,-0.10131081387889675,6.948447948525554e-13,5000,-0.10640095700198611,6.836737482079676e-14,negated_raw_is_spoof,screen,1.5461447090758847e-12,1.770438376862251e-13
ASVspoof2019_LA,AASIST,full_waveform,clipping_fraction,0,5000,0.16007765581456126,4.695836481552139e-30,5000,0.0021395621789048187,0.8806033174665402,negated_raw_is_spoof,screen,1.9182991584212993e-29,0.9034586707442978
ASVspoof2019_LA,AASIST,full_waveform,frame_rms_cv,0,5000,-0.06511612130358435,4.062777853339456e-06,5000,-0.08773000635936404,6.793054313567644e-10,negated_raw_is_spoof,screen,6.79150924737342e-06,1.5138144852699624e-09
ASVspoof2019_LA,AASIST,full_waveform,frame_rms_range_db,0,5000,-0.11761851515650051,7.195248714463e-17,5000,-0.10188157279185733,7.440519895195477e-13,negated_raw_is_spoof,screen,1.877750344123936e-16,1.8587469775358217e-12
ASVspoof2019_LA,AASIST,full_waveform,spectral_centroid_hz,0,5000,0.02504513068601281,0.07659510951119267,5000,-0.013258075866658506,0.3519563719084016,negated_raw_is_spoof,screen,0.09290959132043587,0.40019404724610136
ASVspoof2019_LA,AASIST,full_waveform,spectral_centroid_std_hz,0,5000,0.005950206431007892,0.6740167701102899,5000,-0.037914308687040314,0.007752431999454732,negated_raw_is_spoof,screen,0.6979033428568795,0.011251909943053088
ASVspoof2019_LA,AASIST,full_waveform,spectral_bandwidth_hz,0,5000,-0.024195960155903324,0.08712996870073712,5000,-0.014370696709003965,0.31301200124388096,negated_raw_is_spoof,screen,0.1049307149944361,0.3589489161021979
ASVspoof2019_LA,AASIST,full_waveform,spectral_rolloff85_hz,0,5000,0.03494043261271157,0.013481181769250327,5000,-0.0007769231083613048,0.9565029042502832,negated_raw_is_spoof,screen,0.017522928721346653,0.9643960264909082
ASVspoof2019_LA,AASIST,full_waveform,spectral_flatness,0,5000,-0.052875870928994075,0.00018360298922046557,5000,-0.04505374760225345,0.0015533495612533627,negated_raw_is_spoof,screen,0.00027819889234758255,0.002407960565541545
ASVspoof2019_LA,AASIST,full_waveform,spectral_slope_db_per_khz,0,5000,-0.0255760481953387,0.07055308345426041,5000,-0.060408797337217005,2.188155765261209e-05,negated_raw_is_spoof,screen,0.08581298114255745,3.900373141261359e-05
ASVspoof2019_LA,AASIST,full_waveform,low_high_energy_ratio_db,0,5000,0.00851131815029117,0.5473728526079735,5000,0.048489647589599304,0.0006588941797588914,negated_raw_is_spoof,screen,0.5792670188229263,0.0010592748535836723
ASVspoof2019_LA,AASIST,full_waveform,spectral_flux,0,5000,0.13217000821452116,6.310134123308202e-21,5000,0.056630338504046786,6.925571001461707e-05,negated_raw_is_spoof,screen,1.9362603337274483e-20,0.00012025797707964515
ASVspoof2019_LA,AASIST,full_waveform,f0_median_hz,0,4998,0.08369804650450542,3.1024802406522853e-09,4998,0.04956959244502678,0.0004988339296347272,negated_raw_is_spoof,screen,5.965283896189801e-09,0.0008136320405692638
ASVspoof2019_LA,AASIST,full_waveform,f0_iqr_hz,0,4998,-0.011898809989757193,0.40033449362947693,4998,-0.09593568574352039,1.4865816200576944e-11,negated_raw_is_spoof,screen,0.43743866620976996,3.5934634844560096e-11
ASVspoof2019_LA,AASIST,full_waveform,voiced_fraction,0,5000,-0.030463423406462745,0.031236201082072385,5000,0.015932406564818542,0.26332015589923774,negated_raw_is_spoof,screen,0.03923500397598625,0.3061438490731622
ASVspoof2019_LA,AASIST,full_waveform,hnr_db,0,4998,-0.05684607427313383,5.793515965615096e-05,4998,-0.013192890659513358,0.35442700968746277,negated_raw_is_spoof,screen,9.085747325305355e-05,0.4026626382248098
ASVspoof2019_LA,AASIST,full_waveform,cpp_proxy_db,0,4998,-0.04157685808886969,0.0032834390937263105,4998,-0.01743674646804167,0.2209667984344905,negated_raw_is_spoof,screen,0.004493831101800571,0.2614255080070028
ASVspoof2019_LA,AASIST,full_waveform,jitter_proxy,0,4998,0.031753805577877825,0.02477528740128587,4998,-0.0548483745642228,0.00011684426787424642,negated_raw_is_spoof,screen,0.031413194591819064,0.00019954090981319847
ASVspoof2019_LA,AASIST,full_waveform,shimmer_proxy_db,0,4998,0.11710589815248265,9.939950524586144e-17,4998,-0.019431208097521475,0.1725718372125211,negated_raw_is_spoof,screen,2.584002612194154e-16,0.20876377066933244
ASVspoof2019_LA,AASIST,full_waveform,f0_delta_hz,0,4998,0.08419493375692355,2.5010422100804437e-09,4998,-0.020991046490294575,0.1406153087655246,negated_raw_is_spoof,screen,4.8435169025189e-09,0.1730649954037226
ASVspoof2019_LA,AASIST,full_waveform,group_delay_var,0,5000,-0.10124264014671437,7.199656431606134e-13,5000,-0.06387646374883857,7.158466509279489e-06,negated_raw_is_spoof,screen,1.5993947510873792e-12,1.3233808787443787e-05
ASVspoof2019_LA,AASIST,full_waveform,inst_freq_dispersion,0,5000,0.016540315702957907,0.2422568068274253,5000,-0.020411387868892236,0.15183052102415817,negated_raw_is_spoof,screen,0.2717805912988811,0.18567808940533995
ASVspoof2019_LA,AASIST,full_waveform,modulation_centroid_hz,0,5000,0.17741860499855053,1.2280610425650854e-36,5000,0.05503213351939225,0.00011046907968556556,negated_raw_is_spoof,screen,6.25194712578589e-36,0.0001891343224170702
ASVspoof2019_LA,AASIST,full_waveform,modulation_entropy,0,5000,0.11253487263230075,1.454004391562896e-15,5000,0.051509190488597374,0.00029629718496046106,negated_raw_is_spoof,screen,3.612166177930743e-15,0.0004910276406743029
ASVspoof2019_LA,AASIST,full_waveform,crest_factor_db,1,5000,-0.09942557159302286,1.839278621770543e-12,5000,0.14460847551817652,1.5271288139491763e-24,negated_raw_is_spoof,screen,4.012971538408457e-12,5.592537127922869e-24
ASVspoof2019_LA,AASIST,full_waveform,peak_dbfs,1,5000,0.03773993943595003,0.007610005388267096,5000,0.06036046238102203,2.1421254781959623e-05,negated_raw_is_spoof,screen,0.010197255475404763,3.823395275823869e-05
ASVspoof2019_LA,AASIST,full_waveform,rms_dbfs,1,5000,0.09944514359380571,1.820952816637346e-12,5000,-0.1445637011955617,1.5783963311496106e-24,negated_raw_is_spoof,screen,3.9794481066025905e-12,5.764577905068143e-24
ASVspoof2019_LA,AASIST,full_waveform,integrated_lufs,1,5000,0.19753666486146654,3.6065237685899285e-45,5000,0.19249070401406654,1.5576380220908115e-42,negated_raw_is_spoof,screen,2.376062718129835e-44,9.737048845070003e-42
ASVspoof2019_LA,AASIST,full_waveform,silence_fraction,1,5000,0.14608142188412465,2.9732717354346928e-25,5000,0.17059883137620685,1.2166903262218759e-33,negated_raw_is_spoof,screen,1.0433621964554117e-24,6.078928618744243e-33
ASVspoof2019_LA,AASIST,full_waveform,clipping_fraction,1,5000,0.13396481092342052,1.847380197914593e-21,5000,0.07264360044763028,3.114222732552696e-07,negated_raw_is_spoof,screen,5.801119126161712e-21,6.155169636104151e-07
ASVspoof2019_LA,AASIST,full_waveform,frame_rms_cv,1,5000,0.12517065870282634,6.47035666601371e-19,5000,0.19758986409247825,9.285000828897967e-45,negated_raw_is_spoof,screen,1.8581537092141934e-18,6.147310893615205e-44
ASVspoof2019_LA,AASIST,full_waveform,frame_rms_range_db,1,5000,0.23847971273918847,1.3335401243072039e-65,5000,0.25622601457326005,4.825359938498768e-75,negated_raw_is_spoof,screen,1.327613279310283e-64,5.739189165789685e-74
ASVspoof2019_LA,AASIST,full_waveform,spectral_centroid_hz,1,5000,-0.01004636027385441,0.4775644637071745,5000,-0.0348859791941549,0.014105185815507302,negated_raw_is_spoof,screen,0.5106178514100577,0.019788486154532162
ASVspoof2019_LA,AASIST,full_waveform,spectral_centroid_std_hz,1,5000,-0.0018108686164347444,0.8981364399031664,5000,-0.010759307799812497,0.44916062882961816,negated_raw_is_spoof,screen,0.9048690968739547,0.497687618999559
ASVspoof2019_LA,AASIST,full_waveform,spectral_bandwidth_hz,1,5000,-0.05450006243600249,0.00011542799490875211,5000,-0.044859415041380545,0.0015943868761975186,negated_raw_is_spoof,screen,0.00017709500588740048,0.0024687280663703514
ASVspoof2019_LA,AASIST,full_waveform,spectral_rolloff85_hz,1,5000,0.01992838698557079,0.15885369867430355,5000,-0.0013012232921657478,0.9270745755171481,negated_raw_is_spoof,screen,0.18420998362231575,0.9381692219615559
ASVspoof2019_LA,AASIST,full_waveform,spectral_flatness,1,5000,-0.1047868405139885,1.1012471563323919e-13,5000,-0.06613414437106346,3.2104844640604917e-06,negated_raw_is_spoof,screen,2.538724147702804e-13,6.0687638814308035e-06
ASVspoof2019_LA,AASIST,full_waveform,spectral_slope_db_per_khz,1,5000,-0.03269219813968791,0.02079271065603694,5000,-0.0138521500635111,0.32986504035706954,negated_raw_is_spoof,screen,0.02656407140847305,0.37666832135930456
ASVspoof2019_LA,AASIST,full_waveform,low_high_energy_ratio_db,1,5000,0.007946429118047878,0.5742756170088544,5000,0.007901236288658053,0.5783684197226285,negated_raw_is_spoof,screen,0.6060981480216602,0.6213646331792269
ASVspoof2019_LA,AASIST,full_waveform,spectral_flux,1,5000,0.17549006003181417,7.182951599642849e-36,5000,0.13933385530667103,6.95024559188054e-23,negated_raw_is_spoof,screen,3.536222325978018e-35,2.40750775141429e-22
ASVspoof2019_LA,AASIST,full_waveform,f0_median_hz,1,4973,0.047377345349873264,0.000831580260640109,4973,-0.10600202559552892,8.874107667065491e-14,negated_raw_is_spoof,screen,0.0011991887020389553,2.2936155201030807e-13
ASVspoof2019_LA,AASIST,full_waveform,f0_iqr_hz,1,4973,0.09274539337318875,5.645229377381606e-11,4973,0.036552383442130826,0.010321427789866775,negated_raw_is_spoof,screen,1.1601205325995226e-10,0.01475744569104356
ASVspoof2019_LA,AASIST,full_waveform,voiced_fraction,1,5000,0.04011112698309774,0.004557993702624561,5000,0.0017463722435358587,0.9022359833967675,negated_raw_is_spoof,screen,0.00618782175386607,0.9193367412321877
ASVspoof2019_LA,AASIST,full_waveform,hnr_db,1,4973,0.03456482145076376,0.014784734117441549,4973,-0.03886454708502901,0.006386781518428156,negated_raw_is_spoof,screen,0.019143239550906976,0.00935058209233926
ASVspoof2019_LA,AASIST,full_waveform,cpp_proxy_db,1,4973,0.12364380008625811,2.120280932583469e-18,4973,0.03775307654135942,0.008068684288959013,negated_raw_is_spoof,screen,5.949180737770735e-18,0.011698286606646076
ASVspoof2019_LA,AASIST,full_waveform,jitter_proxy,1,4973,-0.005331732116547862,0.7069918055447,4973,0.029517518920067015,0.03835923946896697,negated_raw_is_spoof,screen,0.730358944390528,0.0511456526252893
ASVspoof2019_LA,AASIST,full_waveform,shimmer_proxy_db,1,4973,0.12969400806470646,4.2134250123192687e-20,4973,0.1766911166701386,8.189794387478498e-36,negated_raw_is_spoof,screen,1.2640275036957805e-19,4.40283346270844e-35
ASVspoof2019_LA,AASIST,full_waveform,f0_delta_hz,1,4973,-0.004608899364730849,0.7452285234841632,4973,-0.032910268550714654,0.020934801890092992,negated_raw_is_spoof,screen,0.7622428733353999,0.028798744872349007
ASVspoof2019_LA,AASIST,full_waveform,group_delay_var,1,5000,-0.13032717622108703,2.188805421032747e-20,5000,-0.12034634702225636,1.9645399182142748e-17,negated_raw_is_spoof,screen,6.625573166369397e-20,5.715025216623345e-17
ASVspoof2019_LA,AASIST,full_waveform,inst_freq_dispersion,1,5000,-0.20782820281917036,6.507961303097291e-50,5000,-0.186484177306341,5.639239874348902e-40,negated_raw_is_spoof,screen,4.753641299653673e-49,3.309667419705207e-39
ASVspoof2019_LA,AASIST,full_waveform,modulation_centroid_hz,1,5000,0.06982919693716788,7.713936836742975e-07,5000,0.042243134705356684,0.002952464541030257,negated_raw_is_spoof,screen,1.325771241506721e-06,0.004428696811545386
ASVspoof2019_LA,AASIST,full_waveform,modulation_entropy,1,5000,-0.10461597500063897,1.2073465606313432e-13,5000,-0.03827204289081799,0.007081578972858586,negated_raw_is_spoof,screen,2.773801329040214e-13,0.010322822277138762
ASVspoof2019_LA,RawBMamba,full_waveform,crest_factor_db,0,5000,0.14992116388484653,1.5885788300456333e-26,5000,0.14403271897295308,2.852626824824359e-24,negated_raw_is_spoof,screen,5.81757478904995e-26,1.0361974196118752e-23
ASVspoof2019_LA,RawBMamba,full_waveform,peak_dbfs,0,5000,0.07875709826141469,2.4577538077848375e-08,5000,0.020600334895422276,0.14807499983750488,negated_raw_is_spoof,screen,4.5249604351545505e-08,0.18158102169854612
ASVspoof2019_LA,RawBMamba,full_waveform,rms_dbfs,0,5000,-0.15013463323738532,1.3467410284513014e-26,5000,-0.1450601633399668,1.3412742858143193e-24,negated_raw_is_spoof,screen,4.972582258897113e-26,4.92533508233455e-24
ASVspoof2019_LA,RawBMamba,full_waveform,integrated_lufs,0,5000,-0.0933807528872301,3.694853864272726e-11,5000,-0.07097800896786455,6.047689037776795e-07,negated_raw_is_spoof,screen,7.687126305855331e-11,1.172885146720348e-06
ASVspoof2019_LA,RawBMamba,full_waveform,silence_fraction,0,5000,0.051066531030386775,0.0003033724533355624,5000,0.034960125994312176,0.01408587939709538,negated_raw_is_spoof,screen,0.00045203168213192444,0.019782050062378466
ASVspoof2019_LA,RawBMamba,full_waveform,clipping_fraction,0,5000,0.02257942122778794,0.1103971739884118,5000,-0.019718241253560292,0.1662299716048944,negated_raw_is_spoof,screen,0.13084109509737693,0.20163635544853614
ASVspoof2019_LA,RawBMamba,full_waveform,frame_rms_cv,0,5000,0.19025671442626854,5.713450494038274e-42,5000,0.15247825015055924,4.9019008813680205e-27,negated_raw_is_spoof,screen,3.4128344284388626e-41,1.9376925836937116e-26
ASVspoof2019_LA,RawBMamba,full_waveform,frame_rms_range_db,0,5000,-0.0021234237009369475,0.8806767594979262,5000,-0.030456831034806352,0.03246277362382593,negated_raw_is_spoof,screen,0.8899470411768517,0.04367364139181386
ASVspoof2019_LA,RawBMamba,full_waveform,spectral_centroid_hz,0,5000,-0.09593489154939563,1.0637037365602209e-11,5000,-0.05460963806609771,0.00012472987761552077,negated_raw_is_spoof,screen,2.269234637995138e-11,0.0002121986778674176
ASVspoof2019_LA,RawBMamba,full_waveform,spectral_centroid_std_hz,0,5000,-0.06451206891648274,4.987628720160005e-06,5000,-0.031804076833386416,0.025528157689121006,negated_raw_is_spoof,screen,8.285998763776323e-06,0.03469144988289043
ASVspoof2019_LA,RawBMamba,full_waveform,spectral_bandwidth_hz,0,5000,-0.04801612300864492,0.000682878124958461,5000,-0.016374879997611898,0.25028916800758766,negated_raw_is_spoof,screen,0.0009932772726668523,0.29251186243669375
ASVspoof2019_LA,RawBMamba,full_waveform,spectral_rolloff85_hz,0,5000,-0.09207655628337047,6.890193364283546e-11,5000,-0.05212034935282114,0.00025073506966715635,negated_raw_is_spoof,screen,1.4052230472833212e-10,0.0004186185510964697
ASVspoof2019_LA,RawBMamba,full_waveform,spectral_flatness,0,5000,0.07504399246496392,1.0808581096527933e-07,5000,0.08815278840347378,5.621670085030015e-10,negated_raw_is_spoof,screen,1.9215255282716328e-07,1.263465651217448e-09
ASVspoof2019_LA,RawBMamba,full_waveform,spectral_slope_db_per_khz,0,5000,0.07141204941648197,4.3087348153453107e-07,5000,0.0804577611218741,1.5352945803459452e-08,negated_raw_is_spoof,screen,7.501217087855049e-07,3.239302850839797e-08
ASVspoof2019_LA,RawBMamba,full_waveform,low_high_energy_ratio_db,0,5000,0.01917844046405818,0.17512902839574906,5000,0.003380779781424236,0.812391096848444,negated_raw_is_spoof,screen,0.20134594881427437,0.8392418402492765
ASVspoof2019_LA,RawBMamba,full_waveform,spectral_flux,0,5000,-0.038004170962903136,0.007196762296699008,5000,-0.037428575331659865,0.008575489474609016,negated_raw_is_spoof,screen,0.00965314224227891,0.012339890635839955
ASVspoof2019_LA,RawBMamba,full_waveform,f0_median_hz,0,4998,-0.1779480040995099,7.78336375844709e-37,4998,-0.11487289877907418,5.985681717208191e-16,negated_raw_is_spoof,screen,4.0079850158440184e-36,1.665580999570975e-15
ASVspoof2019_LA,RawBMamba,full_waveform,f0_iqr_hz,0,4998,-0.11402036935507745,6.205832212714461e-16,4998,0.011342503335307466,0.4259478063000688,negated_raw_is_spoof,screen,1.5856727174692463e-15,0.4754766209861233
ASVspoof2019_LA,RawBMamba,full_waveform,voiced_fraction,0,5000,0.03285914123078921,0.02015023537127979,5000,0.06274417128649395,1.037574723537517e-05,negated_raw_is_spoof,screen,0.025773674552753697,1.889566976198405e-05
ASVspoof2019_LA,RawBMamba,full_waveform,hnr_db,0,4998,-0.026825238436306263,0.05791797300154683,4998,0.0011556422290113484,0.9353517413667043,negated_raw_is_spoof,screen,0.07107354586767967,0.9444874082620965
ASVspoof2019_LA,RawBMamba,full_waveform,cpp_proxy_db,0,4998,-0.17713817451712635,1.6415016934361692e-36,4998,-0.13232397254311276,1.0713865294727094e-20,negated_raw_is_spoof,screen,8.325201041427212e-36,3.4781243855345934e-20
ASVspoof2019_LA,RawBMamba,full_waveform,jitter_proxy,0,4998,0.03477130151211088,0.013958135258814721,4998,0.04470940974756394,0.0016913243022811469,negated_raw_is_spoof,screen,0.018103813141944074,0.002615811118832982
ASVspoof2019_LA,RawBMamba,full_waveform,shimmer_proxy_db,0,4998,0.03715683260390185,0.008611364470629861,4998,-0.02470368450207715,0.08288396822928218,negated_raw_is_spoof,screen,0.011447748613775009,0.10520506592837948
ASVspoof2019_LA,RawBMamba,full_waveform,f0_delta_hz,0,4998,-0.06312589342775023,7.965089606962335e-06,4998,0.026867617323258146,0.0592744097074473,negated_raw_is_spoof,screen,1.310291362516203e-05,0.07704526755010557
ASVspoof2019_LA,RawBMamba,full_waveform,group_delay_var,0,5000,0.17003685953747438,9.499941315673353e-34,5000,0.16230383388521843,1.8581837637784485e-30,negated_raw_is_spoof,screen,4.284537291364089e-33,8.161434570321029e-30
ASVspoof2019_LA,RawBMamba,full_waveform,inst_freq_dispersion,0,5000,-0.012736650677003357,0.3678922352109614,5000,-0.029575935185046098,0.03782169934446354,negated_raw_is_spoof,screen,0.4049526323698052,0.05052918878624155
ASVspoof2019_LA,RawBMamba,full_waveform,modulation_centroid_hz,0,5000,-0.07688060937922436,5.239721006267061e-08,5000,-0.09486172474446834,2.4780660483594195e-11,negated_raw_is_spoof,screen,9.452597358956952e-08,5.88431231271212e-11
ASVspoof2019_LA,RawBMamba,full_waveform,modulation_entropy,0,5000,-0.03969066581162663,0.005001173284801948,5000,-0.06551155930259465,4.14308545447403e-06,negated_raw_is_spoof,screen,0.0067553536630892645,7.787841749388946e-06
ASVspoof2019_LA,RawBMamba,full_waveform,crest_factor_db,1,5000,-0.3406425189057007,4.5493158509537646e-136,5000,-0.4818922074921709,2.7999804845519558e-286,negated_raw_is_spoof,screen,1.1758231737849729e-134,3.763173771237828e-284
ASVspoof2019_LA,RawBMamba,full_waveform,peak_dbfs,1,5000,-0.03722035639808802,0.008485124172617367,5000,-0.01925976851914635,0.17547228078533336,negated_raw_is_spoof,screen,0.011291095928710634,0.2118910560426667
ASVspoof2019_LA,RawBMamba,full_waveform,rms_dbfs,1,5000,0.34060426972017077,4.89763437104711e-136,5000,0.48182333852122955,3.4681064810789076e-286,negated_raw_is_spoof,screen,1.241966149941003e-134,4.237395555063684e-284
ASVspoof2019_LA,RawBMamba,full_waveform,integrated_lufs,1,5000,0.14233712662148507,4.800031144721325e-24,5000,0.13257294116682217,7.441694620517427e-21,negated_raw_is_spoof,screen,1.6249979492457082e-23,2.4275819344600542e-20
ASVspoof2019_LA,RawBMamba,full_waveform,silence_fraction,1,5000,-0.08229126256489051,5.6330884133639076e-09,5000,-0.05604782399769451,7.966041064851991e-05,negated_raw_is_spoof,screen,1.0693320377911146e-08,0.00013779098058122364
ASVspoof2019_LA,RawBMamba,full_waveform,clipping_fraction,1,5000,0.1033311135894732,2.3997162506840554e-13,5000,-0.05437690339928544,0.00012938832223665525,negated_raw_is_spoof,screen,5.429661011648771e-13,0.00021956806197735436
ASVspoof2019_LA,RawBMamba,full_waveform,frame_rms_cv,1,5000,-0.4305968855438753,7.078075932934191e-225,5000,-0.42626323725330956,9.328817230242763e-218,negated_raw_is_spoof,screen,7.927445044886293e-223,3.482758432623965e-216
ASVspoof2019_LA,RawBMamba,full_waveform,frame_rms_range_db,1,5000,-0.06671411527656461,2.341331261331619e-06,5000,-0.0493545240290955,0.000513452365949711,negated_raw_is_spoof,screen,3.958175113496473e-06,0.0008364605816198929
ASVspoof2019_LA,RawBMamba,full_waveform,spectral_centroid_hz,1,5000,0.1280464777298591,9.956222562740813e-20,5000,0.19387376766052136,3.992336372113903e-43,negated_raw_is_spoof,screen,2.9280444473355915e-19,2.519108020714125e-42
ASVspoof2019_LA,RawBMamba,full_waveform,spectral_centroid_std_hz,1,5000,0.15845479123419162,1.7852677235566835e-29,5000,0.21445224076568598,1.3670333839639878e-52,negated_raw_is_spoof,screen,7.205404866246795e-29,1.080760510616235e-51
ASVspoof2019_LA,RawBMamba,full_waveform,spectral_bandwidth_hz,1,5000,-0.2507943356637734,1.4045136559521875e-72,5000,-0.2308493308164471,7.063107414698141e-61,negated_raw_is_spoof,screen,1.7006003185583245e-71,6.592233587051598e-60
ASVspoof2019_LA,RawBMamba,full_waveform,spectral_rolloff85_hz,1,5000,0.11667348488374364,1.270859290879211e-16,5000,0.18647856694513457,5.669734387830423e-40,negated_raw_is_spoof,screen,3.291011342854835e-16,3.313096964019169e-39
ASVspoof2019_LA,RawBMamba,full_waveform,spectral_flatness,1,5000,-0.39240777802572885,9.496064876958921e-184,5000,-0.39815084973376597,1.0169838921293239e-187,negated_raw_is_spoof,screen,5.549004867231648e-182,2.9081411723868323e-186
ASVspoof2019_LA,RawBMamba,full_waveform,spectral_slope_db_per_khz,1,5000,-0.21658897442355896,3.7144319660114696e-54,5000,-0.21176206817084345,2.7025518472504195e-51,negated_raw_is_spoof,screen,2.9365862131290676e-53,2.0637668651730476e-50
ASVspoof2019_LA,RawBMamba,full_waveform,low_high_energy_ratio_db,1,5000,0.2174200063820183,1.4370010716469117e-54,5000,0.2174203235104009,4.844369747678418e-54,negated_raw_is_spoof,screen,1.142798485380739e-53,3.922188518602286e-53
ASVspoof2019_LA,RawBMamba,full_waveform,spectral_flux,1,5000,0.15097929157879517,6.989607130090798e-27,5000,0.22584821374870548,2.8020955967874164e-58,negated_raw_is_spoof,screen,2.595036459348628e-26,2.4614486810995346e-57
ASVspoof2019_LA,RawBMamba,full_waveform,f0_median_hz,1,4973,-0.005037742869139919,0.7224606957866585,4973,0.14249105313559585,9.517064403106654e-24,negated_raw_is_spoof,screen,0.742945222809257,3.410915882073425e-23
ASVspoof2019_LA,RawBMamba,full_waveform,f0_iqr_hz,1,4973,-0.0826213851288172,5.381252144333889e-09,4973,-0.02763480531104801,0.052519735679842264,negated_raw_is_spoof,screen,1.0229707046654522e-08,0.06859720578591642
ASVspoof2019_LA,RawBMamba,full_waveform,voiced_fraction,1,5000,0.27449673778156247,3.9101181678363224e-87,5000,0.2799597333409536,8.14573015541982e-90,negated_raw_is_spoof,screen,6.110696299502346e-86,1.216429036542693e-88
ASVspoof2019_LA,RawBMamba,full_waveform,hnr_db,1,4973,0.028674171261863127,0.04317680113657978,4973,0.03140193297114408,0.027575585250158106,negated_raw_is_spoof,screen,0.053532860449781575,0.03728529836641096
ASVspoof2019_LA,RawBMamba,full_waveform,cpp_proxy_db,1,4973,0.1781339996973792,9.832107453746486e-37,4973,0.23612560847607536,2.3812944678543144e-63,negated_raw_is_spoof,screen,5.0436459610058314e-36,2.336102018099415e-62
ASVspoof2019_LA,RawBMamba,full_waveform,jitter_proxy,1,4973,-0.11861208966637549,4.779344529991079e-17,4973,-0.10692233895040885,5.4037795806313155e-14,negated_raw_is_spoof,screen,1.2594978526094138e-16,1.4047736472666322e-13
ASVspoof2019_LA,RawBMamba,full_waveform,shimmer_proxy_db,1,4973,0.1043715054195737,1.600405825151815e-13,4973,0.16418159789681072,4.343560274562569e-31,negated_raw_is_spoof,screen,3.6518598115518496e-13,1.9788966132244384e-30
ASVspoof2019_LA,RawBMamba,full_waveform,f0_delta_hz,1,4973,-0.11061880701028724,5.164493268597732e-15,4973,-0.04924129993578148,0.0005478681941624838,negated_raw_is_spoof,screen,1.262014355090064e-14,0.000889293300669539
ASVspoof2019_LA,RawBMamba,full_waveform,group_delay_var,1,5000,-0.21938840000753596,1.4916888650214448e-55,5000,-0.2564909907003978,3.36390623236254e-75,negated_raw_is_spoof,screen,1.2004969069394141e-54,4.036687478835048e-74
ASVspoof2019_LA,RawBMamba,full_waveform,inst_freq_dispersion,1,5000,-0.19639877310832296,1.163326345723194e-44,5000,-0.21094595833555974,6.628659045155962e-51,negated_raw_is_spoof,screen,7.553191346144795e-44,5.005009975668322e-50
ASVspoof2019_LA,RawBMamba,full_waveform,modulation_centroid_hz,1,5000,0.42660724231228964,2.517184109287715e-220,5000,0.4440442464470571,2.7453992078773908e-238,negated_raw_is_spoof,screen,2.6023811099097606e-218,1.419160205918159e-236
ASVspoof2019_LA,RawBMamba,full_waveform,modulation_entropy,1,5000,0.22182693239307724,8.739412122846893e-57,5000,0.3731062977587703,2.6311471151727993e-163,negated_raw_is_spoof,screen,7.2504752426581635e-56,5.893769537987071e-162
ASVspoof2019_LA,RawTFNet,full_waveform,crest_factor_db,0,5000,0.010799040193257493,0.4452017535375405,5000,0.17146967541084934,7.537695506106035e-34,negated_raw_is_spoof,screen,0.47944804227119747,3.79425571543315e-33
ASVspoof2019_LA,RawTFNet,full_waveform,peak_dbfs,0,5000,-0.022760111845140887,0.10757502429259864,5000,-0.009545706162843382,0.5027589131152511,negated_raw_is_spoof,screen,0.12783451162621803,0.547131966985342
ASVspoof2019_LA,RawTFNet,full_waveform,rms_dbfs,0,5000,-0.010976630360382409,0.4377523584460147,5000,-0.17238944353575564,3.358339034956518e-34,negated_raw_is_spoof,screen,0.47180366459618583,1.7096998723415e-33
ASVspoof2019_LA,RawTFNet,full_waveform,integrated_lufs,0,5000,0.07833964773498667,2.9129469580980226e-08,5000,-0.06232660332665481,1.1855170539841664e-05,negated_raw_is_spoof,screen,5.3410650909737276e-08,2.15024955540448e-05
ASVspoof2019_LA,RawTFNet,full_waveform,silence_fraction,0,5000,-0.1637198414938291,2.2268980356847097e-31,5000,0.0027032401293430606,0.84948414547809,negated_raw_is_spoof,screen,9.501431618921427e-31,0.8742011420540222
ASVspoof2019_LA,RawTFNet,full_waveform,clipping_fraction,0,5000,0.216255104888697,5.433812932513074e-54,5000,-0.010189070928206227,0.4744084110323418,negated_raw_is_spoof,screen,4.245956151917193e-53,0.5217716075511191
ASVspoof2019_LA,RawTFNet,full_waveform,frame_rms_cv,0,5000,0.1758616847515708,5.118870406677995e-36,5000,0.1622549388846992,1.934916278505177e-30,negated_raw_is_spoof,screen,2.538657500581264e-35,8.470773544986835e-30
ASVspoof2019_LA,RawTFNet,full_waveform,frame_rms_range_db,0,5000,-0.20783691253041692,6.446446822349896e-50,5000,-0.1043836655535197,2.0095997184252848e-13,negated_raw_is_spoof,screen,4.73443963346353e-49,5.105674898985979e-13
ASVspoof2019_LA,RawTFNet,full_waveform,spectral_centroid_hz,0,5000,-0.12468151969022256,8.857840285146199e-19,5000,-0.02572681179990759,0.07085503172079367,negated_raw_is_spoof,screen,2.5329653921779767e-18,0.09060814712915956
ASVspoof2019_LA,RawTFNet,full_waveform,spectral_centroid_std_hz,0,5000,-0.09007967444599656,1.759610058783972e-10,5000,-0.008685705987457855,0.5420098575512636,negated_raw_is_spoof,screen,3.550924803311799e-10,0.5851094365854604
ASVspoof2019_LA,RawTFNet,full_waveform,spectral_bandwidth_hz,0,5000,-0.04251344695363949,0.0026404607548144,5000,0.036126739064469955,0.01117930367439727,negated_raw_is_spoof,screen,0.003639773594328773,0.015916296756768995
ASVspoof2019_LA,RawTFNet,full_waveform,spectral_rolloff85_hz,0,5000,-0.1285035234774863,7.365404224685107e-20,5000,-0.02914207429327188,0.040726502425150427,negated_raw_is_spoof,screen,2.194923121502613e-19,0.05398068960493311
ASVspoof2019_LA,RawTFNet,full_waveform,spectral_flatness,0,5000,0.1403574622846157,2.0275529045210457e-23,5000,0.16585996762008756,9.466597234029121e-32,negated_raw_is_spoof,screen,6.711899270138635e-23,4.402459059700739e-31
ASVspoof2019_LA,RawTFNet,full_waveform,spectral_slope_db_per_khz,0,5000,0.19395368558942186,1.4059597387158516e-43,5000,0.15568320320001955,3.9689589975034214e-28,negated_raw_is_spoof,screen,8.74819392978752e-43,1.6413171977367993e-27
ASVspoof2019_LA,RawTFNet,full_waveform,low_high_energy_ratio_db,0,5000,-0.01229256322976768,0.3848301837962038,5000,-0.07828280679023059,3.7093796796114894e-08,negated_raw_is_spoof,screen,0.4222136873649779,7.705419303551533e-08
ASVspoof2019_LA,RawTFNet,full_waveform,spectral_flux,0,5000,0.061341662801444125,1.421499725080599e-05,5000,0.005928532333832057,0.6772592318225693,negated_raw_is_spoof,screen,2.3073618725945953e-05,0.716721580763412
ASVspoof2019_LA,RawTFNet,full_waveform,f0_median_hz,0,4998,-0.13942637760762402,4.043751922073908e-23,4998,-0.13238288224775127,1.0298550217613351e-20,negated_raw_is_spoof,screen,1.3255616056749592e-22,3.35139261318943e-20
ASVspoof2019_LA,RawTFNet,full_waveform,f0_iqr_hz,0,4998,-0.08009106285799288,1.4291927730469558e-08,4998,-0.017602421527090333,0.21661002737356436,negated_raw_is_spoof,screen,2.660436408552782e-08,0.25717656960253577
ASVspoof2019_LA,RawTFNet,full_waveform,voiced_fraction,0,5000,-0.03914309066830939,0.005636628493213407,5000,-0.011533893090822655,0.41808731410728855,negated_raw_is_spoof,screen,0.007590810315509839,0.4682577918001632
ASVspoof2019_LA,RawTFNet,full_waveform,hnr_db,0,4998,-0.024968936525693538,0.07755520966479003,4998,-0.04724092921378807,0.0009077904531673924,negated_raw_is_spoof,screen,0.09398936139718467,0.0014303286858815655
ASVspoof2019_LA,RawTFNet,full_waveform,cpp_proxy_db,0,4998,-0.27352302716842203,1.7935998547887907e-86,4998,-0.2466206345705384,3.365306684807692e-69,negated_raw_is_spoof,screen,2.739316141859244e-85,3.6183777475052306e-68
ASVspoof2019_LA,RawTFNet,full_waveform,jitter_proxy,0,4998,0.09106686499987848,1.1191904801069407e-10,4998,0.08063046602886778,1.4396464413845727e-08,negated_raw_is_spoof,screen,2.2721933614255713e-10,3.051868796878337e-08
ASVspoof2019_LA,RawTFNet,full_waveform,shimmer_proxy_db,0,4998,0.0581565566408544,3.889952375104969e-05,4998,0.08057880091828834,1.4705787118066266e-08,negated_raw_is_spoof,screen,6.15794580935345e-05,3.112531950658435e-08
ASVspoof2019_LA,RawTFNet,full_waveform,f0_delta_hz,0,4998,0.0172715494787944,0.22215253896030926,4998,0.06306208732405241,9.393771249345006e-06,negated_raw_is_spoof,screen,0.2517479024980233,1.7177181713088012e-05
ASVspoof2019_LA,RawTFNet,full_waveform,group_delay_var,0,5000,0.1955977019273798,2.641660736904433e-44,5000,0.1510558507804576,1.4701704998720645e-26,negated_raw_is_spoof,screen,1.6826502513741983e-43,5.760668081131355e-26
ASVspoof2019_LA,RawTFNet,full_waveform,inst_freq_dispersion,0,5000,0.020456163834504288,0.14810460533714565,5000,-0.021111391345849374,0.13827271662591817,negated_raw_is_spoof,screen,0.17219082143003786,0.1703377920671256
ASVspoof2019_LA,RawTFNet,full_waveform,modulation_centroid_hz,0,5000,-0.04964760098386175,0.0004449095474904833,5000,-0.00916484496194222,0.519954427363605,negated_raw_is_spoof,screen,0.0006542214790232052,0.5635635083682944
ASVspoof2019_LA,RawTFNet,full_waveform,modulation_entropy,0,5000,-0.1353174371089356,7.2389823188446175e-22,5000,-0.009576294961733749,0.5013910133023358,negated_raw_is_spoof,screen,2.2946208105016903e-21,0.5460855120570011
ASVspoof2019_LA,RawTFNet,full_waveform,crest_factor_db,1,5000,-0.09904500612417733,2.2337810595111485e-12,5000,-0.143388971874284,3.739691086215891e-24,negated_raw_is_spoof,screen,4.8579316245679345e-12,1.3547560161385867e-23
ASVspoof2019_LA,RawTFNet,full_waveform,peak_dbfs,1,5000,-0.035710972252693145,0.01155926064076348,5000,-0.03212173099711165,0.02382271032811047,negated_raw_is_spoof,screen,0.01511249640193202,0.03253833605790698
ASVspoof2019_LA,RawTFNet,full_waveform,rms_dbfs,1,5000,0.09898191280965209,2.3067538560290802e-12,5000,0.14327513119019566,4.064181608201839e-24,negated_raw_is_spoof,screen,5.008525335223076e-12,1.4683494842535678e-23
ASVspoof2019_LA,RawTFNet,full_waveform,integrated_lufs,1,5000,0.04542209404197389,0.0013150174511852456,5000,0.04194709192437348,0.003156292692181554,negated_raw_is_spoof,screen,0.0018623640193814227,0.004718640020347061
ASVspoof2019_LA,RawTFNet,full_waveform,silence_fraction,1,5000,-0.051372525760793014,0.000278977027679694,5000,-0.04054618761156808,0.0043290919027243555,negated_raw_is_spoof,screen,0.0004175335469949986,0.006407818851609619
ASVspoof2019_LA,RawTFNet,full_waveform,clipping_fraction,1,5000,0.10781600579438325,2.1036724182098396e-14,5000,0.08934095245130091,3.0404883555007245e-10,negated_raw_is_spoof,screen,5.030846494793638e-14,6.89108996592407e-10
ASVspoof2019_LA,RawTFNet,full_waveform,frame_rms_cv,1,5000,-0.13228324215850448,5.842476280453151e-21,5000,-0.12818503335302636,1.38190789842298e-19,negated_raw_is_spoof,screen,1.7968622702354772e-20,4.319265617396477e-19
ASVspoof2019_LA,RawTFNet,full_waveform,frame_rms_range_db,1,5000,-0.02931737267739852,0.03817427725559185,5000,-0.02149141930946103,0.13057250949417698,negated_raw_is_spoof,screen,0.047505767251403194,0.16114733954102284
ASVspoof2019_LA,RawTFNet,full_waveform,spectral_centroid_hz,1,5000,0.0698362508271261,7.694152211163343e-07,5000,0.06348236755239288,7.830700184874163e-06,negated_raw_is_spoof,screen,1.3240640937008364e-06,1.4397347535527874e-05
ASVspoof2019_LA,RawTFNet,full_waveform,spectral_centroid_std_hz,1,5000,0.09208189957348595,6.872744448069314e-11,5000,0.09912862092006654,2.7532491247436262e-12,negated_raw_is_spoof,screen,1.4037946106694769e-10,6.740194578607347e-12
ASVspoof2019_LA,RawTFNet,full_waveform,spectral_bandwidth_hz,1,5000,-0.102124599991435,4.5392375517618006e-13,5000,-0.12811241528604875,1.4489411236078013e-19,negated_raw_is_spoof,screen,1.015097382623604e-12,4.518275800763075e-19
ASVspoof2019_LA,RawTFNet,full_waveform,spectral_rolloff85_hz,1,5000,0.0679119462484848,1.5363499797110405e-06,5000,0.058422352713669544,3.9080129702505706e-05,negated_raw_is_spoof,screen,2.617052436922229e-06,6.911012410548378e-05
ASVspoof2019_LA,RawTFNet,full_waveform,spectral_flatness,1,5000,-0.16239040221541087,6.832309232167176e-31,5000,-0.16648848924912635,4.2447206924544427e-32,negated_raw_is_spoof,screen,2.887617486802731e-30,2.0158673535896716e-31
ASVspoof2019_LA,RawTFNet,full_waveform,spectral_slope_db_per_khz,1,5000,-0.09045990779656736,1.474187050455786e-10,5000,-0.09543124823147515,1.721921426594564e-11,negated_raw_is_spoof,screen,2.983896680440627e-10,4.1400042886280753e-11
ASVspoof2019_LA,RawTFNet,full_waveform,low_high_energy_ratio_db,1,5000,0.05351789547128469,0.00015305856027390905,5000,0.07403689313327728,1.8401629324848921e-07,negated_raw_is_spoof,screen,0.00023323209184595664,3.6968295684001426e-07
ASVspoof2019_LA,RawTFNet,full_waveform,spectral_flux,1,5000,0.09249001805604025,5.66025222530645e-11,5000,0.10993819885946536,8.737086720520408e-15,negated_raw_is_spoof,screen,1.1614319069941784e-10,2.3627051413238285e-14
ASVspoof2019_LA,RawTFNet,full_waveform,f0_median_hz,1,4973,-0.019412960560852534,0.17106895514996215,4973,-0.07253562066984003,3.4908090767299744e-07,negated_raw_is_spoof,screen,0.19718411296873853,6.88935007213669e-07
ASVspoof2019_LA,RawTFNet,full_waveform,f0_iqr_hz,1,4973,0.11161978345128905,2.9248555777535355e-15,4973,0.12316594308712493,4.22102867389864e-18,negated_raw_is_spoof,screen,7.212854855964682e-15,1.2691415073198595e-17
ASVspoof2019_LA,RawTFNet,full_waveform,voiced_fraction,1,5000,0.0713644340537243,4.3856730401572205e-07,5000,0.07738483301627119,5.0001198531964215e-08,negated_raw_is_spoof,screen,7.625284043947354e-07,1.0338709357993832e-07
ASVspoof2019_LA,RawTFNet,full_waveform,hnr_db,1,4973,-0.0016456714873990528,0.9076344430831871,4973,-0.016523239351398714,0.2464061214634467,negated_raw_is_spoof,screen,0.9137533269691412,0.2884754592742791
ASVspoof2019_LA,RawTFNet,full_waveform,cpp_proxy_db,1,4973,0.07520151463168653,1.100113701919279e-07,4973,0.06067968756392468,2.040795404063391e-05,negated_raw_is_spoof,screen,1.9531741286387198e-07,3.651536092269644e-05
ASVspoof2019_LA,RawTFNet,full_waveform,jitter_proxy,1,4973,0.11066510943888758,5.031002386715944e-15,4973,0.118067038906714,9.486225297409668e-17,negated_raw_is_spoof,screen,1.2316333711741764e-14,2.7011624575674985e-16
ASVspoof2019_LA,RawTFNet,full_waveform,shimmer_proxy_db,1,4973,0.06347197701229398,7.485179708733725e-06,4973,0.06865488097089449,1.4243003256892642e-06,negated_raw_is_spoof,screen,1.2343658317224695e-05,2.7385688665613324e-06
ASVspoof2019_LA,RawTFNet,full_waveform,f0_delta_hz,1,4973,0.10611914723472632,6.247792529645863e-14,4973,0.12047497994706617,2.217753269750022e-17,negated_raw_is_spoof,screen,1.4628977630390314e-13,6.437711435300279e-17
ASVspoof2019_LA,RawTFNet,full_waveform,group_delay_var,1,5000,-0.02621862061737407,0.06376898692961004,5000,-0.024879758075570246,0.08007087830623105,negated_raw_is_spoof,screen,0.07784334099309345,0.10212496850578355
ASVspoof2019_LA,RawTFNet,full_waveform,inst_freq_dispersion,1,5000,-0.12437390830175425,1.0785287808958675e-18,5000,-0.1347493158878578,1.706746031324132e-21,negated_raw_is_spoof,screen,3.071065003228911e-18,5.67788778737533e-21
ASVspoof2019_LA,RawTFNet,full_waveform,modulation_centroid_hz,1,5000,0.20590333049707488,5.25295504207089e-49,5000,0.19963895067510395,1.1294797495431785e-45,negated_raw_is_spoof,screen,3.7553040300762106e-48,7.824849398897072e-45
ASVspoof2019_LA,RawTFNet,full_waveform,modulation_entropy,1,5000,0.08859243349782356,3.491712346950941e-10,5000,0.16027558788710236,7.678172902734603e-30,negated_raw_is_spoof,screen,6.993832182268353e-10,3.3181557496062075e-29
ASVspoof2019_LA,Res2TCNGuard,full_waveform,crest_factor_db,0,5000,-0.06108594138890372,1.543514993867863e-05,5000,-0.03350241618207352,0.018640682718961313,negated_raw_is_spoof,screen,2.5023934279353535e-05,0.025827915025035054
ASVspoof2019_LA,Res2TCNGuard,full_waveform,peak_dbfs,0,5000,0.01105051667161043,0.4346742839180039,5000,0.0028600220845860828,0.8408679969146264,negated_raw_is_spoof,screen,0.4692387450488331,0.865997385328167
ASVspoof2019_LA,Res2TCNGuard,full_waveform,rms_dbfs,0,5000,0.06091185243793598,1.632222674216522e-05,5000,0.03324654532761154,0.019561096565581405,negated_raw_is_spoof,screen,2.6430208122253077e-05,0.02699190326913902
ASVspoof2019_LA,Res2TCNGuard,full_waveform,integrated_lufs,0,5000,0.044898191445005224,0.0014953258164269356,5000,-0.04667754052531129,0.0010416236113041453,negated_raw_is_spoof,screen,0.00210441664636419,0.0016354464177485645
ASVspoof2019_LA,Res2TCNGuard,full_waveform,silence_fraction,0,5000,-0.21943465850293623,1.4139769529449637e-55,5000,-0.16492537784983125,2.0835617253002477e-31,negated_raw_is_spoof,screen,1.1448102558783321e-54,9.55736163414175e-31
ASVspoof2019_LA,Res2TCNGuard,full_waveform,clipping_fraction,0,5000,0.21466845592826017,3.2843506336518153e-53,5000,-0.020470156777604293,0.15065473763012197,negated_raw_is_spoof,screen,2.5368777308207127e-52,0.18457608694155325
ASVspoof2019_LA,Res2TCNGuard,full_waveform,frame_rms_cv,0,5000,-0.11644237109248945,1.459527485121914e-16,5000,-0.1082186721505303,2.542826887376089e-14,negated_raw_is_spoof,screen,3.7723171923151005e-16,6.727479009120991e-14
ASVspoof2019_LA,Res2TCNGuard,full_waveform,frame_rms_range_db,0,5000,-0.19064293099029264,3.893675649439718e-42,5000,-0.17105236278672548,1.086164400041276e-33,negated_raw_is_spoof,screen,2.3466816470165837e-41,5.4470334091622196e-33
ASVspoof2019_LA,Res2TCNGuard,full_waveform,spectral_centroid_hz,0,5000,0.06061129912990664,1.7969144014832076e-05,5000,0.08249328861149137,6.584654541517344e-09,negated_raw_is_spoof,screen,2.9062009092580398e-05,1.422793521511143e-08
ASVspoof2019_LA,Res2TCNGuard,full_waveform,spectral_centroid_std_hz,0,5000,0.04580629210535103,0.0011957804185880729,5000,0.047368281284585076,0.0008769940258731316,negated_raw_is_spoof,screen,0.001700665484214148,0.0013866823185570457
ASVspoof2019_LA,Res2TCNGuard,full_waveform,spectral_bandwidth_hz,0,5000,0.000524049668974564,0.970447813945233,5000,0.07709290146407358,5.9518421713955835e-08,negated_raw_is_spoof,screen,0.9711704109772102,1.225003962994742e-07
ASVspoof2019_LA,Res2TCNGuard,full_waveform,spectral_rolloff85_hz,0,5000,0.05739076234415903,4.897364430849501e-05,5000,0.09150173721348358,1.2167423923316045e-10,negated_raw_is_spoof,screen,7.725419947255551e-05,2.8097968647657673e-10
ASVspoof2019_LA,Res2TCNGuard,full_waveform,spectral_flatness,0,5000,-0.036529388233559064,0.009787888354392272,5000,0.03867572286889615,0.006604027186438406,negated_raw_is_spoof,screen,0.01296051423478149,0.009647622324536106
ASVspoof2019_LA,Res2TCNGuard,full_waveform,spectral_slope_db_per_khz,0,5000,0.0504778059403237,0.0003560234116461718,5000,0.04363914110281892,0.002176184863481528,negated_raw_is_spoof,screen,0.0005287242709971877,0.003316091220543281
ASVspoof2019_LA,Res2TCNGuard,full_waveform,low_high_energy_ratio_db,0,5000,-0.05437648057897433,0.00011963026791187571,5000,-0.07152593472033386,4.961513498439369e-07,negated_raw_is_spoof,screen,0.00018312423698583252,9.6781917879572e-07
ASVspoof2019_LA,Res2TCNGuard,full_waveform,spectral_flux,0,5000,0.14994508983619834,1.5594626981511603e-26,5000,-0.0071162835652349415,0.6173618654624017,negated_raw_is_spoof,screen,5.726551547309179e-26,0.6595662537213577
ASVspoof2019_LA,Res2TCNGuard,full_waveform,f0_median_hz,0,4998,0.17180601451114674,2.0430043245855163e-34,4998,0.07039151662419388,7.5424373416972e-07,negated_raw_is_spoof,screen,9.33944834096236e-34,1.454381031168011e-06
ASVspoof2019_LA,Res2TCNGuard,full_waveform,f0_iqr_hz,0,4998,0.10134852353128734,6.885247669695949e-13,4998,-0.04543995006579767,0.0014176446257252154,negated_raw_is_spoof,screen,1.5346223661809876e-12,0.00220267558031756
ASVspoof2019_LA,Res2TCNGuard,full_waveform,voiced_fraction,0,5000,-0.04539956253142377,0.0013223397061532403,5000,-0.04385385099907902,0.0020688539421614837,negated_raw_is_spoof,screen,0.0018707627000736369,0.0031597042025739023
ASVspoof2019_LA,Res2TCNGuard,full_waveform,hnr_db,0,4998,0.019202891726181663,0.1746657470497822,4998,-0.014082727486205565,0.322906852630265,negated_raw_is_spoof,screen,0.2009852431805713,0.3690364030060171
ASVspoof2019_LA,Res2TCNGuard,full_waveform,cpp_proxy_db,0,4998,0.022022079847687684,0.11954551157423285,4998,-0.002507995720470493,0.8602671800366734,negated_raw_is_spoof,screen,0.141061604526575,0.8839442583863065
ASVspoof2019_LA,Res2TCNGuard,full_waveform,jitter_proxy,0,4998,0.060388776957635296,1.9363332309944066e-05,4998,-0.034578068376243755,0.015193773612920802,negated_raw_is_spoof,screen,3.120421897429835e-05,0.021271283058089122
ASVspoof2019_LA,Res2TCNGuard,full_waveform,shimmer_proxy_db,0,4998,0.026701203809964765,0.059086801253069414,4998,0.013014222523037175,0.3609826059277349,negated_raw_is_spoof,screen,0.07239075741488175,0.4076980019889712
ASVspoof2019_LA,Res2TCNGuard,full_waveform,f0_delta_hz,0,4998,0.16089023242679398,2.457429030442437e-30,4998,0.024872403483733017,0.080804004059665,negated_raw_is_spoof,screen,1.0100258767323043e-29,0.10293893976890024
ASVspoof2019_LA,Res2TCNGuard,full_waveform,group_delay_var,0,5000,-0.08049448459771125,1.2005600703011581e-08,5000,-0.0717261109466569,4.6092601473884014e-07,negated_raw_is_spoof,screen,2.2410454645621618e-08,9.004136101875017e-07
ASVspoof2019_LA,Res2TCNGuard,full_waveform,inst_freq_dispersion,0,5000,0.031174840809352938,0.02749772056498363,5000,-0.03243922457278523,0.022730193427553176,negated_raw_is_spoof,screen,0.034668795909322696,0.031077700881618993
ASVspoof2019_LA,Res2TCNGuard,full_waveform,modulation_centroid_hz,0,5000,0.0910095742025672,1.1399382562050116e-10,5000,0.0776115589963049,4.847435343958102e-08,negated_raw_is_spoof,screen,2.3108250623522406e-10,1.0038448539722172e-07
ASVspoof2019_LA,Res2TCNGuard,full_waveform,modulation_entropy,0,5000,-0.009359735510614055,0.5081748763522638,5000,0.06287272767151209,9.950655170374868e-06,negated_raw_is_spoof,screen,0.540495665416552,1.817076161546715e-05
ASVspoof2019_LA,Res2TCNGuard,full_waveform,crest_factor_db,1,5000,-0.12940952029948666,4.039478791241622e-20,5000,0.043294815391393064,0.0023135349373121163,negated_raw_is_spoof,screen,1.2172779137732602e-19,0.0035134361081892475
ASVspoof2019_LA,Res2TCNGuard,full_waveform,peak_dbfs,1,5000,0.015363374062540187,0.27741392791116937,5000,0.0363288039301558,0.010583561963740344,negated_raw_is_spoof,screen,0.30915781020946237,0.015100113884572212
ASVspoof2019_LA,Res2TCNGuard,full_waveform,rms_dbfs,1,5000,0.12936446164168322,4.1623945408554156e-20,5000,-0.043375682549880244,0.0022700756201036267,negated_raw_is_spoof,screen,1.2515119156397492e-19,0.0034518841499059584
ASVspoof2019_LA,Res2TCNGuard,full_waveform,integrated_lufs,1,5000,0.1794366727977734,1.8926778519373813e-37,5000,0.22862394589691476,1.0030246962707564e-59,negated_raw_is_spoof,screen,9.936558722671253e-37,9.108548593161463e-59
ASVspoof2019_LA,Res2TCNGuard,full_waveform,silence_fraction,1,5000,0.10530995048935787,8.302036235928008e-14,5000,0.11310351472620832,1.4497761928248343e-15,negated_raw_is_spoof,screen,1.927104784298315e-13,3.9765289860338315e-15
ASVspoof2019_LA,Res2TCNGuard,full_waveform,clipping_fraction,1,5000,0.007998454297018233,0.5717719665796629,5000,0.05383971102391132,0.00015079806957356618,negated_raw_is_spoof,screen,0.6041364175181344,0.00025525517066356793
ASVspoof2019_LA,Res2TCNGuard,full_waveform,frame_rms_cv,1,5000,-0.014437546561848364,0.3074029219361345,5000,0.04015929481142269,0.004715045520771982,negated_raw_is_spoof,screen,0.3414458901505494,0.006940877524553717
ASVspoof2019_LA,Res2TCNGuard,full_waveform,frame_rms_range_db,1,5000,0.1468228991724397,1.699028845877824e-25,5000,0.15054647905579763,1.7444604495565755e-26,negated_raw_is_spoof,screen,6.025052160579936e-25,6.795811142620399e-26
ASVspoof2019_LA,Res2TCNGuard,full_waveform,spectral_centroid_hz,1,5000,-0.0061386787256944774,0.6643133533672089,5000,0.032604789741901175,0.021791600850372614,negated_raw_is_spoof,screen,0.6883863893026436,0.029916150707763836
ASVspoof2019_LA,Res2TCNGuard,full_waveform,spectral_centroid_std_hz,1,5000,0.01431148410880284,0.31164634659680585,5000,0.0440964852279892,0.0019144758174592246,negated_raw_is_spoof,screen,0.34587340200339145,0.0029406348556173688
ASVspoof2019_LA,Res2TCNGuard,full_waveform,spectral_bandwidth_hz,1,5000,-0.08452326885495931,2.1517411511702966e-09,5000,-0.03165288169902308,0.025949066952921183,negated_raw_is_spoof,screen,4.1791042011168765e-09,0.035227824226996024
ASVspoof2019_LA,Res2TCNGuard,full_waveform,spectral_rolloff85_hz,1,5000,0.017762123425994796,0.20920415155628758,5000,0.05595539391069993,8.18551095191842e-05,negated_raw_is_spoof,screen,0.23807822158480144,0.00014122370628213553
ASVspoof2019_LA,Res2TCNGuard,full_waveform,spectral_flatness,1,5000,-0.15773842231710836,3.204614120044849e-29,5000,-0.11607711244152168,2.5608546199726695e-16,negated_raw_is_spoof,screen,1.285672052937396e-28,7.215489746841232e-16
ASVspoof2019_LA,Res2TCNGuard,full_waveform,spectral_slope_db_per_khz,1,5000,-0.07578791021733532,8.077353882129961e-08,5000,-0.04337500671435664,0.0022704357057417167,negated_raw_is_spoof,screen,1.4436121831891844e-07,0.0034518841499059584
ASVspoof2019_LA,Res2TCNGuard,full_waveform,low_high_energy_ratio_db,1,5000,0.041950583952037,0.003008005927605642,5000,-0.010472593962948746,0.46133740397406503,negated_raw_is_spoof,screen,0.0041379324121821725,0.5094802554980636
ASVspoof2019_LA,Res2TCNGuard,full_waveform,spectral_flux,1,5000,0.0857375995456194,1.2614502706773383e-09,5000,0.11559511126761327,3.4021409348316796e-16,negated_raw_is_spoof,screen,2.4750206770661936e-09,9.525994617528705e-16
ASVspoof2019_LA,Res2TCNGuard,full_waveform,f0_median_hz,1,4973,-0.08545032523918908,1.585296130479877e-09,4973,-0.04771455638927992,0.0008113136502173048,negated_raw_is_spoof,screen,3.092362843780776e-09,0.001287373725964649
ASVspoof2019_LA,Res2TCNGuard,full_waveform,f0_iqr_hz,1,4973,0.04036720702257779,0.004411671525697893,4973,0.10178495708544437,8.160445663110002e-13,negated_raw_is_spoof,screen,0.006001302156414948,2.023549625686318e-12
ASVspoof2019_LA,Res2TCNGuard,full_waveform,voiced_fraction,1,5000,0.00910800808142281,0.5196495197491632,5000,-0.014206097429103098,0.3176563858089342,negated_raw_is_spoof,screen,0.5507957054754538,0.3639643499805691
ASVspoof2019_LA,Res2TCNGuard,full_waveform,hnr_db,1,4973,-0.06312465839765297,8.395444328990724e-06,4973,-0.08905016906443182,3.8751579553503175e-10,negated_raw_is_spoof,screen,1.3777139411677085e-05,8.768034161600718e-10
ASVspoof2019_LA,Res2TCNGuard,full_waveform,cpp_proxy_db,1,4973,0.059951401681351726,2.3318752460933314e-05,4973,0.04772143078201008,0.0008099003739262331,negated_raw_is_spoof,screen,3.7399049292952714e-05,0.0012866502394289093
ASVspoof2019_LA,Res2TCNGuard,full_waveform,jitter_proxy,1,4973,0.052226848984711874,0.0002290620146062412,4973,0.08503551311759451,2.2903352686653945e-09,negated_raw_is_spoof,screen,0.0003451337977923634,4.988996111971297e-09
ASVspoof2019_LA,Res2TCNGuard,full_waveform,shimmer_proxy_db,1,4973,0.05456832822062462,0.00011810215044187009,4973,0.12670932666944465,4.490246056785997e-19,negated_raw_is_spoof,screen,0.00018099120888697082,1.3746903645376721e-18
ASVspoof2019_LA,Res2TCNGuard,full_waveform,f0_delta_hz,1,4973,-0.013174463137001642,0.35295992433129136,4973,0.06787254168041777,1.8745097383563438e-06,negated_raw_is_spoof,screen,0.3897930470840227,3.5888049691608634e-06
ASVspoof2019_LA,Res2TCNGuard,full_waveform,group_delay_var,1,5000,-0.11344731473261532,8.560167528400568e-16,5000,-0.12202608104603106,6.97344113526114e-18,negated_raw_is_spoof,screen,2.1625686387538276e-15,2.0598472276463677e-17
ASVspoof2019_LA,Res2TCNGuard,full_waveform,inst_freq_dispersion,1,5000,-0.18030688744646475,8.392328834198682e-38,5000,-0.15545363143990312,3.766207451132769e-28,negated_raw_is_spoof,screen,4.423250962024717e-37,1.5622786463958152e-27
ASVspoof2019_LA,Res2TCNGuard,full_waveform,modulation_centroid_hz,1,5000,0.10414132348015233,1.5576289021256228e-13,5000,0.12213839180913535,6.503516778310342e-18,negated_raw_is_spoof,screen,3.5602946334299947e-13,1.942383677788689e-17
ASVspoof2019_LA,Res2TCNGuard,full_waveform,modulation_entropy,1,5000,0.04748071946836832,0.0007838131342845421,5000,0.08051558150037905,1.406844248284881e-08,negated_raw_is_spoof,screen,0.0011339557077270448,2.987043711998231e-08
ASVspoof2019_LA,Spectra-AASIST,full_waveform,crest_factor_db,0,5000,-0.05529671700110262,9.150308264975176e-05,5000,0.23693899702910448,6.903479642195107e-64,negated_raw_is_spoof,screen,0.00014200940309615052,6.924087044112108e-63
ASVspoof2019_LA,Spectra-AASIST,full_waveform,peak_dbfs,0,5000,-0.052379015221699715,0.00021107970831856112,5000,0.03286881447282074,0.020992347628786108,negated_raw_is_spoof,screen,0.00031875407638218663,0.028848379563485203
ASVspoof2019_LA,Spectra-AASIST,full_waveform,rms_dbfs,0,5000,0.05511256048166564,9.657659425604828e-05,5000,-0.23801830682956024,1.80153331691777e-64,negated_raw_is_spoof,screen,0.0001491941869886539,1.8342884681344567e-63
ASVspoof2019_LA,Spectra-AASIST,full_waveform,integrated_lufs,0,5000,0.17924390019858563,2.2650278320502533e-37,5000,0.11567155171479461,3.6782513352408546e-16,negated_raw_is_spoof,screen,1.1829591276640722e-36,1.027769188058983e-15
ASVspoof2019_LA,Spectra-AASIST,full_waveform,silence_fraction,0,5000,-0.10465069709885896,1.1850028248563064e-13,5000,0.06400358292207202,6.863662389660266e-06,negated_raw_is_spoof,screen,2.7271297887104033e-13,1.274138432555718e-05
ASVspoof2019_LA,Spectra-AASIST,full_waveform,clipping_fraction,0,5000,0.000970959570242746,0.9452761311442407,5000,-0.009915666944334978,0.48634778394512396,negated_raw_is_spoof,screen,0.9466848884186732,0.5322894312884745
ASVspoof2019_LA,Spectra-AASIST,full_waveform,frame_rms_cv,0,5000,0.2507874848638018,1.4174815492841963e-72,5000,0.2662592599617375,8.432172550802296e-81,negated_raw_is_spoof,screen,1.7009778591410358e-71,1.0896961450267583e-79
ASVspoof2019_LA,Spectra-AASIST,full_waveform,frame_rms_range_db,0,5000,-0.15244506860434165,2.2195461560768248e-27,5000,-0.014400216804292303,0.3120189104938939,negated_raw_is_spoof,screen,8.403014179626063e-27,0.3581156410792429
ASVspoof2019_LA,Spectra-AASIST,full_waveform,spectral_centroid_hz,0,5000,-0.29854780440855455,1.8080903914046491e-103,5000,-0.11929742275098909,4.2749486972782044e-17,negated_raw_is_spoof,screen,3.3288677891066418e-102,1.2276775746029715e-16
ASVspoof2019_LA,Spectra-AASIST,full_waveform,spectral_centroid_std_hz,0,5000,-0.18104283102323368,4.205111435834109e-38,5000,-0.09549602760528324,1.8235565665720685e-11,negated_raw_is_spoof,screen,2.2516612628530053e-37,4.3765357597729644e-11
ASVspoof2019_LA,Spectra-AASIST,full_waveform,spectral_bandwidth_hz,0,5000,-0.2564362388519211,6.584621376784968e-76,5000,-0.017233235505375994,0.22630980784549712,negated_raw_is_spoof,screen,8.27077675738224e-75,0.2675113295904557
ASVspoof2019_LA,Spectra-AASIST,full_waveform,spectral_rolloff85_hz,0,5000,-0.3160126878532838,2.333637435193596e-116,5000,-0.12280737970171848,4.9613820299616035e-18,negated_raw_is_spoof,screen,5.058723730484182e-115,1.488414608988481e-17
ASVspoof2019_LA,Spectra-AASIST,full_waveform,spectral_flatness,0,5000,0.06501539543182322,4.204645096557496e-06,5000,0.1988126259174221,3.8927872019556455e-45,negated_raw_is_spoof,screen,7.019929204687298e-06,2.6290984921750695e-44
ASVspoof2019_LA,Spectra-AASIST,full_waveform,spectral_slope_db_per_khz,0,5000,0.23565253302059186,4.694422412422642e-64,5000,0.19049763712271034,1.621364703956805e-41,negated_raw_is_spoof,screen,4.5390674261122524e-63,9.905064373263392e-41
ASVspoof2019_LA,Spectra-AASIST,full_waveform,low_high_energy_ratio_db,0,5000,0.16229626352196252,7.394119957494915e-31,5000,-0.042183175223957814,0.0030493797548399692,negated_raw_is_spoof,screen,3.105530382147864e-30,0.004563882394771624
ASVspoof2019_LA,Spectra-AASIST,full_waveform,spectral_flux,0,5000,0.1329411628822677,3.730071535141382e-21,5000,-0.029257328287492747,0.039936987217436604,negated_raw_is_spoof,screen,1.1577866381593574e-20,0.05303884468402648
ASVspoof2019_LA,Spectra-AASIST,full_waveform,f0_median_hz,0,4998,-0.2566427246192379,5.3061483567646216e-76,4998,-0.1844230113763697,5.826045769444185e-39,negated_raw_is_spoof,screen,6.727795652350614e-75,3.360603224949779e-38
ASVspoof2019_LA,Spectra-AASIST,full_waveform,f0_iqr_hz,0,4998,-0.09453996498681903,2.127712348403522e-11,4998,0.024931209901913783,0.08008907500379156,negated_raw_is_spoof,screen,4.486548643085603e-11,0.10212496850578355
ASVspoof2019_LA,Spectra-AASIST,full_waveform,voiced_fraction,0,5000,0.22067621258826578,3.3481180710772743e-56,5000,0.06894740881917202,1.2591118796286443e-06,negated_raw_is_spoof,screen,2.74382358995601e-55,2.424421728110169e-06
ASVspoof2019_LA,Spectra-AASIST,full_waveform,hnr_db,0,4998,0.10670223372958802,3.932993466612624e-14,4998,4.101962940622722e-05,0.9977027913721189,negated_raw_is_spoof,screen,9.241159473998893e-14,0.9984456825049352
ASVspoof2019_LA,Spectra-AASIST,full_waveform,cpp_proxy_db,0,4998,-0.29536438558997574,3.564409686305354e-101,4998,-0.19808432546527122,8.538468960768222e-45,negated_raw_is_spoof,screen,6.30337712946631e-100,5.681040734293312e-44
ASVspoof2019_LA,Spectra-AASIST,full_waveform,jitter_proxy,0,4998,-0.0295162471621969,0.036921680096414784,4998,0.06817201601688744,1.6636518480055371e-06,negated_raw_is_spoof,screen,0.046117786291432594,3.189654898315894e-06
ASVspoof2019_LA,Spectra-AASIST,full_waveform,shimmer_proxy_db,0,4998,-0.05486588292622504,0.00010412167694665735,4998,0.04639211325531522,0.0011221164928116147,negated_raw_is_spoof,screen,0.00016011388308502,0.0017556746988810362
ASVspoof2019_LA,Spectra-AASIST,full_waveform,f0_delta_hz,0,4998,-0.14777246738080904,8.44871432500006e-26,4998,-0.00432817453627167,0.7612865158499893,negated_raw_is_spoof,screen,3.036115522139059e-25,0.7943859295825976
ASVspoof2019_LA,Spectra-AASIST,full_waveform,group_delay_var,0,5000,0.3754176097848647,4.0201554217637885e-167,5000,0.287277863568947,2.54448170904343e-94,negated_raw_is_spoof,screen,1.6884652771407913e-165,4.071170734469488e-93
ASVspoof2019_LA,Spectra-AASIST,full_waveform,inst_freq_dispersion,0,5000,-0.024348598484290013,0.0851545777342791,5000,-0.023645448752019665,0.09687018697749394,negated_raw_is_spoof,screen,0.10282816933950685,0.12179001992306067
ASVspoof2019_LA,Spectra-AASIST,full_waveform,modulation_centroid_hz,0,5000,-0.23272600664640702,1.7821550808008223e-62,5000,-0.12029459741692498,2.3333127857670205e-17,negated_raw_is_spoof,screen,1.6518733990319346e-61,6.744026632410485e-17
ASVspoof2019_LA,Spectra-AASIST,full_waveform,modulation_entropy,0,5000,-0.19809761811197418,2.0192807609942e-45,5000,-0.09498730164088282,2.332451402553224e-11,negated_raw_is_spoof,screen,1.336903124520298e-44,5.577962073009845e-11
ASVspoof2019_LA,Spectra-AASIST,full_waveform,crest_factor_db,1,5000,-0.22729907899669424,1.3242690626178405e-59,5000,-0.453884780070683,3.4508430884144524e-250,negated_raw_is_spoof,screen,1.1482694323602435e-58,2.0164926568821843e-248
ASVspoof2019_LA,Spectra-AASIST,full_waveform,peak_dbfs,1,5000,0.00653430396674517,0.644128313305914,5000,0.01417074864968934,0.318862185498641,negated_raw_is_spoof,screen,0.6705720008389996,0.36503473365432154
ASVspoof2019_LA,Spectra-AASIST,full_waveform,rms_dbfs,1,5000,0.22731758328543702,1.295131187198636e-59,5000,0.45394627864601134,2.899431802706059e-250,negated_raw_is_spoof,screen,1.1302963088279004e-58,1.7712892467440651e-248
ASVspoof2019_LA,Spectra-AASIST,full_waveform,integrated_lufs,1,5000,0.020615144363574357,0.1449780683993093,5000,-0.011179254188759742,0.4316123077677677,negated_raw_is_spoof,screen,0.16884794101271378,0.48026328058667245
ASVspoof2019_LA,Spectra-AASIST,full_waveform,silence_fraction,1,5000,-0.21630483304686618,5.134696345870511e-54,5000,-0.2032206515144368,2.687332448956053e-47,negated_raw_is_spoof,screen,4.0356911630701554e-53,1.9211568145728377e-46
ASVspoof2019_LA,Spectra-AASIST,full_waveform,clipping_fraction,1,5000,0.09820952626057032,3.4134914034852825e-12,5000,-0.010762109414136849,0.4490425501727778,negated_raw_is_spoof,screen,7.352135330583686e-12,0.497687618999559
ASVspoof2019_LA,Spectra-AASIST,full_waveform,frame_rms_cv,1,5000,-0.3407657906877019,3.586360534282079e-136,5000,-0.3513107184589343,9.454953275008324e-144,negated_raw_is_spoof,screen,9.451114819755126e-135,1.9549934156324906e-142
ASVspoof2019_LA,Spectra-AASIST,full_waveform,frame_rms_range_db,1,5000,-0.16672276653291873,1.7090447961004626e-32,5000,-0.15371320055499355,1.4893930644894948e-27,negated_raw_is_spoof,screen,7.531003953964005e-32,6.029350236969521e-27
ASVspoof2019_LA,Spectra-AASIST,full_waveform,spectral_centroid_hz,1,5000,-0.019822678491761607,0.1610758827354578,5000,0.008216844472700923,0.5632843704305571,negated_raw_is_spoof,screen,0.18662585034177182,0.6066139373867538
ASVspoof2019_LA,Spectra-AASIST,full_waveform,spectral_centroid_std_hz,1,5000,0.0032543366266420894,0.8180455948649185,5000,0.03746138816158634,0.008391400999687994,negated_raw_is_spoof,screen,0.8310304455770601,0.012096980679576519
ASVspoof2019_LA,Spectra-AASIST,full_waveform,spectral_bandwidth_hz,1,5000,-0.2472406457652285,1.590417275190248e-70,5000,-0.2677691613143537,4.85756287119666e-82,negated_raw_is_spoof,screen,1.781267348213078e-69,6.5285644988883105e-81
ASVspoof2019_LA,Spectra-AASIST,full_waveform,spectral_rolloff85_hz,1,5000,-0.03170679887662278,0.024960574583369265,5000,-0.0037705878514765136,0.7908412872925389,negated_raw_is_spoof,screen,0.03158852376652381,0.8207650116765808
ASVspoof2019_LA,Spectra-AASIST,full_waveform,spectral_flatness,1,5000,-0.27011783856209337,2.4813403992733203e-84,5000,-0.26686766695302594,1.7602745793487938e-81,negated_raw_is_spoof,screen,3.624914670242764e-83,2.2969019753832806e-80
ASVspoof2019_LA,Spectra-AASIST,full_waveform,spectral_slope_db_per_khz,1,5000,-0.29582423853156825,1.5427178572613167e-101,5000,-0.28893153294064505,8.52017672267384e-96,negated_raw_is_spoof,screen,2.764550400212279e-100,1.4495085462371697e-94
ASVspoof2019_LA,Spectra-AASIST,full_waveform,low_high_energy_ratio_db,1,5000,0.34185153893149267,4.3938702322010125e-137,5000,0.3755401483169497,1.3822050513165796e-165,negated_raw_is_spoof,screen,1.181072318415632e-135,3.1486162524906493e-164
ASVspoof2019_LA,Spectra-AASIST,full_waveform,spectral_flux,1,5000,0.05041343218500675,0.00036227201294015835,5000,0.0931067111984369,5.26496866942669e-11,negated_raw_is_spoof,screen,0.0005374101384012944,1.2263635860848304e-10
ASVspoof2019_LA,Spectra-AASIST,full_waveform,f0_median_hz,1,4973,-0.039427115257837965,0.005423135936241453,4973,0.050285142476280464,0.00041626961138317806,negated_raw_is_spoof,screen,0.00731062657804264,0.0006806160069330795
ASVspoof2019_LA,Spectra-AASIST,full_waveform,f0_iqr_hz,1,4973,-0.1265077925179346,3.396662304250348e-19,4973,-0.10411145745084108,2.425996356348908e-13,negated_raw_is_spoof,screen,9.817449756801006e-19,6.140374958442434e-13
ASVspoof2019_LA,Spectra-AASIST,full_waveform,voiced_fraction,1,5000,0.4170015715167828,1.285947088711674e-209,5000,0.42911855707158003,5.6915542836279e-221,negated_raw_is_spoof,screen,1.0801955545178062e-207,2.3180148355139082e-219
ASVspoof2019_LA,Spectra-AASIST,full_waveform,hnr_db,1,4973,0.1477712336138878,1.1171847806225137e-25,4973,0.20600126411522596,2.528535249459537e-48,negated_raw_is_spoof,screen,3.9933413435017507e-25,1.8270706318675365e-47
ASVspoof2019_LA,Spectra-AASIST,full_waveform,cpp_proxy_db,1,4973,0.016093781057955562,0.2564953436660569,4973,0.04940325796275336,0.0005251831878825538,negated_raw_is_spoof,screen,0.2867967902555578,0.0008535020610812
ASVspoof2019_LA,Spectra-AASIST,full_waveform,jitter_proxy,1,4973,-0.24776910499910515,1.8654020747307386e-70,4973,-0.2562668100251535,1.1451506523725836e-74,negated_raw_is_spoof,screen,2.0719837920976137e-69,1.3500723480603092e-73
ASVspoof2019_LA,Spectra-AASIST,full_waveform,shimmer_proxy_db,1,4973,0.05624413511811565,7.234082260353748e-05,4973,0.06526545456130914,4.583187695388428e-06,negated_raw_is_spoof,screen,0.00011266056266414181,8.603078579053138e-06
ASVspoof2019_LA,Spectra-AASIST,full_waveform,f0_delta_hz,1,4973,-0.2439780321940204,2.6257812147055228e-68,4973,-0.23675264299108856,1.09663407577408e-63,negated_raw_is_spoof,screen,2.757070275440799e-67,1.0917601465484176e-62
ASVspoof2019_LA,Spectra-AASIST,full_waveform,group_delay_var,1,5000,-0.042782822533473625,0.0024795054750837656,5000,-0.04780856133876056,0.0007662556534225729,negated_raw_is_spoof,screen,0.0034249284260149857,0.0012245512463732913
ASVspoof2019_LA,Spectra-AASIST,full_waveform,inst_freq_dispersion,1,5000,-0.10359983847533723,2.0800159015103503e-13,5000,-0.10544316635605375,1.0264631761840251e-13,negated_raw_is_spoof,screen,4.722198262888362e-13,2.637794471876348e-13
ASVspoof2019_LA,Spectra-AASIST,full_waveform,modulation_centroid_hz,1,5000,0.26325917597627635,4.788101452432771e-80,5000,0.2491460204066082,6.3428808909296226e-71,negated_raw_is_spoof,screen,6.500210456636005e-79,7.104026597841177e-70
ASVspoof2019_LA,Spectra-AASIST,full_waveform,modulation_entropy,1,5000,0.12386933287661049,1.4880698945813088e-18,5000,0.2119582927336223,2.1769235846982933e-51,negated_raw_is_spoof,screen,4.210454606983746e-18,1.6718773130482892e-50
ASVspoof2019_LA,W2V2-AASIST,full_waveform,crest_factor_db,0,5000,-0.12161954087505145,6.151285145503253e-18,5000,-0.10097248183527122,1.1879213914263606e-12,negated_raw_is_spoof,screen,1.6837733677304222e-17,2.9241141942802724e-12
ASVspoof2019_LA,W2V2-AASIST,full_waveform,peak_dbfs,0,5000,-0.03594311652982803,0.01102996882862545,5000,-0.016833883539020482,0.2372543036409077,negated_raw_is_spoof,screen,0.014448614138082462,0.27873232875295445
ASVspoof2019_LA,W2V2-AASIST,full_waveform,rms_dbfs,0,5000,0.12184429992409035,5.344444314988716e-18,5000,0.10177682921094733,7.854258495884373e-13,negated_raw_is_spoof,screen,1.4779697858734227e-17,1.9512242917686873e-12
ASVspoof2019_LA,W2V2-AASIST,full_waveform,integrated_lufs,0,5000,0.07446727552277595,1.3521357888984685e-07,5000,0.05757023096314066,5.223740861086562e-05,negated_raw_is_spoof,screen,2.3817437749404215e-07,9.153465081225997e-05
ASVspoof2019_LA,W2V2-AASIST,full_waveform,silence_fraction,0,5000,-0.2234415984330689,1.3103140392531e-57,5000,-0.17849688416256668,1.3951441591058642e-36,negated_raw_is_spoof,screen,1.09382737189824e-56,7.560781249347908e-36
ASVspoof2019_LA,W2V2-AASIST,full_waveform,clipping_fraction,0,5000,0.16164939646521137,1.2710056883236995e-30,5000,0.01274380589964484,0.3709510844573859,negated_raw_is_spoof,screen,5.272319892305717e-30,0.4182535717371868
ASVspoof2019_LA,W2V2-AASIST,full_waveform,frame_rms_cv,0,5000,-0.14238890670231227,4.621227157765813e-24,5000,-0.11664506134409512,2.0878281477069455e-16,negated_raw_is_spoof,screen,1.5684164899083972e-23,5.895044181760788e-16
ASVspoof2019_LA,W2V2-AASIST,full_waveform,frame_rms_range_db,0,5000,-0.18160921387959614,2.465684204335952e-38,5000,-0.16779232068679617,1.8256077910185138e-32,negated_raw_is_spoof,screen,1.3272489290107662e-37,8.857822639454449e-32
ASVspoof2019_LA,W2V2-AASIST,full_waveform,spectral_centroid_hz,0,5000,0.13989208354590002,2.8364095438356654e-23,5000,0.17621750481464024,1.1056576468139237e-35,negated_raw_is_spoof,screen,9.320622070697151e-23,5.873533111928512e-35
ASVspoof2019_LA,W2V2-AASIST,full_waveform,spectral_centroid_std_hz,0,5000,0.1768822556734968,2.0111265719733095e-36,5000,0.15480477755592112,7.947360393315712e-28,negated_raw_is_spoof,screen,1.0161481626812512e-35,3.256479380675707e-27
ASVspoof2019_LA,W2V2-AASIST,full_waveform,spectral_bandwidth_hz,0,5000,0.029009422958642953,0.040247985123716024,5000,0.15275803790648293,3.9445287044123795e-27,negated_raw_is_spoof,screen,0.0499938003754846,1.5731295485846405e-26
ASVspoof2019_LA,W2V2-AASIST,full_waveform,spectral_rolloff85_hz,0,5000,0.1132562528886131,9.567845447428656e-16,5000,0.16748704821958968,2.37084834278141e-32,negated_raw_is_spoof,screen,2.412604930833792e-15,1.1461943067259767e-31
ASVspoof2019_LA,W2V2-AASIST,full_waveform,spectral_flatness,0,5000,0.023028919936341822,0.10348263131933148,5000,0.11449479658366674,7.357149610535645e-16,negated_raw_is_spoof,screen,0.12329845433792688,2.042977081933865e-15
ASVspoof2019_LA,W2V2-AASIST,full_waveform,spectral_slope_db_per_khz,0,5000,0.17121968219777073,3.338380147754554e-34,5000,0.12033686862660749,2.2739317199666143e-17,negated_raw_is_spoof,screen,1.5209433622312275e-33,6.586560844041228e-17
ASVspoof2019_LA,W2V2-AASIST,full_waveform,low_high_energy_ratio_db,0,5000,-0.1050250945007304,9.684453202887283e-14,5000,-0.14965074379842774,4.3057907058790186e-26,negated_raw_is_spoof,screen,2.2441215697725014e-13,1.6581612345849286e-25
ASVspoof2019_LA,W2V2-AASIST,full_waveform,spectral_flux,0,5000,0.20533433732850978,9.699660526051106e-49,5000,0.06711604210420866,2.392474636572668e-06,negated_raw_is_spoof,screen,6.825310862310308e-48,4.560972924189597e-06
ASVspoof2019_LA,W2V2-AASIST,full_waveform,f0_median_hz,0,4998,0.11299476900377041,1.12847978460936e-15,4998,0.08444849694380809,2.8857784217513766e-09,negated_raw_is_spoof,screen,2.8296209524533206e-15,6.275867635653479e-09
ASVspoof2019_LA,W2V2-AASIST,full_waveform,f0_iqr_hz,0,4998,0.04589642084162436,0.0011719656255480566,4998,-0.07794204682347441,4.277053105569934e-08,negated_raw_is_spoof,screen,0.0016685612295938431,8.870924959700603e-08
ASVspoof2019_LA,W2V2-AASIST,full_waveform,voiced_fraction,0,5000,-0.058722728212255236,3.254707272176603e-05,5000,-0.1200878313747863,2.6465381195330215e-17,negated_raw_is_spoof,screen,5.188999494431025e-05,7.632933975648886e-17
ASVspoof2019_LA,W2V2-AASIST,full_waveform,hnr_db,0,4998,-0.11360352577937521,7.918298097561563e-16,4998,-0.1579756903203575,6.523213550841371e-29,negated_raw_is_spoof,screen,2.0117566433124273e-15,2.7397496913533757e-28
ASVspoof2019_LA,W2V2-AASIST,full_waveform,cpp_proxy_db,0,4998,-0.009389616354673268,0.5069067124865958,4998,-0.03347319857217951,0.018767869553443395,negated_raw_is_spoof,screen,0.539843598717896,0.02595063444426741
ASVspoof2019_LA,W2V2-AASIST,full_waveform,jitter_proxy,0,4998,0.01771146529798868,0.21059748053576574,4998,-0.03753747671011696,0.008397680784259592,negated_raw_is_spoof,screen,0.23946109461934784,0.012096980679576519
ASVspoof2019_LA,W2V2-AASIST,full_waveform,shimmer_proxy_db,0,4998,0.1330476904987392,3.5311202346475284e-21,4998,0.1496513949145701,4.403126333203259e-26,negated_raw_is_spoof,screen,1.0985707396681199e-20,1.6908005119500516e-25
ASVspoof2019_LA,W2V2-AASIST,full_waveform,f0_delta_hz,0,4998,0.13019628376051956,2.4310388249814482e-20,4998,0.0636215614879471,7.819600029146159e-06,negated_raw_is_spoof,screen,7.34228355230352e-20,1.4396633478318407e-05
ASVspoof2019_LA,W2V2-AASIST,full_waveform,group_delay_var,0,5000,-0.19673180231176615,8.263620697093753e-45,5000,-0.2026792038949261,7.089856435888469e-47,negated_raw_is_spoof,screen,5.391410784900002e-44,5.0416756877429106e-46
ASVspoof2019_LA,W2V2-AASIST,full_waveform,inst_freq_dispersion,0,5000,0.03564826645150869,0.011706042223796453,5000,0.013845655552340347,0.33102220533510884,negated_raw_is_spoof,screen,0.01528952453720353,0.37766879793750957
ASVspoof2019_LA,W2V2-AASIST,full_waveform,modulation_centroid_hz,0,5000,0.2125907949175514,3.389467586551146e-52,5000,0.22511211365867184,1.0965985814847988e-57,negated_raw_is_spoof,screen,2.573697421652396e-51,9.5085709259069e-57
ASVspoof2019_LA,W2V2-AASIST,full_waveform,modulation_entropy,0,5000,0.1009469444916823,8.396398792969349e-13,5000,0.19555370780344444,1.0680691529098061e-43,negated_raw_is_spoof,screen,1.8560460489721716e-12,6.83564257862276e-43
ASVspoof2019_LA,W2V2-AASIST,full_waveform,crest_factor_db,1,5000,-0.11485549114151536,3.7476309989112865e-16,5000,-0.16810054573983263,1.065382476197316e-32,negated_raw_is_spoof,screen,9.649072916737106e-16,5.225817693464207e-32
ASVspoof2019_LA,W2V2-AASIST,full_waveform,peak_dbfs,1,5000,-0.00517446666030715,0.7145135646230025,5000,-0.010154367809404393,0.47506575128489814,negated_raw_is_spoof,screen,0.7369963398720762,0.5220673505534776
ASVspoof2019_LA,W2V2-AASIST,full_waveform,rms_dbfs,1,5000,0.11479732545917895,3.8784809637497053e-16,5000,0.16801791506838676,1.1439966515828093e-32,negated_raw_is_spoof,screen,9.947859571144281e-16,5.591023635371984e-32
ASVspoof2019_LA,W2V2-AASIST,full_waveform,integrated_lufs,1,5000,0.06962237732459166,8.316290283010449e-07,5000,0.15218062920239966,4.8744693739198046e-27,negated_raw_is_spoof,screen,1.427470516010989e-06,1.932532990722188e-26
ASVspoof2019_LA,W2V2-AASIST,full_waveform,silence_fraction,1,5000,0.1424126817798221,4.5413533688139595e-24,5000,0.12683087545263763,3.3277865509775636e-19,negated_raw_is_spoof,screen,1.54520985511037e-23,1.0234657035500791e-18
ASVspoof2019_LA,W2V2-AASIST,full_waveform,clipping_fraction,1,5000,-0.11848921642919173,4.2428688665474825e-17,5000,-0.04113863074056984,0.003793353134751967,negated_raw_is_spoof,screen,1.120317437453795e-16,0.0056334437713885565
ASVspoof2019_LA,W2V2-AASIST,full_waveform,frame_rms_cv,1,5000,-0.15193577554295623,3.3107402925429145e-27,5000,-0.16331039416528637,6.219288916734049e-31,negated_raw_is_spoof,screen,1.2394526331971247e-26,2.8143852875725795e-30
ASVspoof2019_LA,W2V2-AASIST,full_waveform,frame_rms_range_db,1,5000,0.11353749897657424,8.121581759865159e-16,5000,0.09572022330095555,1.495737849651632e-11,negated_raw_is_spoof,screen,2.055631993457396e-15,3.609105332013992e-11
ASVspoof2019_LA,W2V2-AASIST,full_waveform,spectral_centroid_hz,1,5000,0.12626237187170694,3.195621154445552e-19,5000,0.12807725052044525,1.4825459827061923e-19,negated_raw_is_spoof,screen,9.276273934286874e-19,4.612365279530376e-19
ASVspoof2019_LA,W2V2-AASIST,full_waveform,spectral_centroid_std_hz,1,5000,0.12114510121815643,8.269730929775864e-18,5000,0.1220686873376222,6.791351889307597e-18,negated_raw_is_spoof,screen,2.2499025039714092e-17,2.014917646629009e-17
ASVspoof2019_LA,W2V2-AASIST,full_waveform,spectral_bandwidth_hz,1,5000,-0.06984795482165265,7.661432812963521e-07,5000,-0.08795931103028934,5.684448769324662e-10,negated_raw_is_spoof,screen,1.320123807772176e-06,1.2754422614311096e-09
ASVspoof2019_LA,W2V2-AASIST,full_waveform,spectral_rolloff85_hz,1,5000,0.1359557041219051,4.637029777775138e-22,5000,0.13033188148559777,3.364996208179232e-20,negated_raw_is_spoof,screen,1.4803249456840344e-21,1.0767987866173542e-19
ASVspoof2019_LA,W2V2-AASIST,full_waveform,spectral_flatness,1,5000,-0.22970297564822204,7.235356007467198e-61,5000,-0.23979299849823776,1.1085228028524434e-65,negated_raw_is_spoof,screen,6.526388237607996e-60,1.154926082971848e-64
ASVspoof2019_LA,W2V2-AASIST,full_waveform,spectral_slope_db_per_khz,1,5000,-0.14433049112546717,1.1018689352221427e-24,5000,-0.15793940647163435,5.140841871942244e-29,negated_raw_is_spoof,screen,3.806971334032288e-24,2.165922092755604e-28
ASVspoof2019_LA,W2V2-AASIST,full_waveform,low_high_energy_ratio_db,1,5000,0.004989245144527742,0.7243081903863695,5000,0.013002135475733445,0.3604074662534069,negated_raw_is_spoof,screen,0.7442432781951687,0.4076980019889712
ASVspoof2019_LA,W2V2-AASIST,full_waveform,spectral_flux,1,5000,0.13783993682006276,1.2296685865872148e-22,5000,0.12443188925891092,1.5427120634185668e-18,negated_raw_is_spoof,screen,3.9632483941803756e-22,4.7015986694661084e-18
ASVspoof2019_LA,W2V2-AASIST,full_waveform,f0_median_hz,1,4973,0.08828724371646468,4.472173013453566e-10,4973,0.13844726243858843,1.6950012870781688e-22,negated_raw_is_spoof,screen,8.891420902487563e-10,5.811432984268008e-22
ASVspoof2019_LA,W2V2-AASIST,full_waveform,f0_iqr_hz,1,4973,0.07476209711868358,1.3042478541684547e-07,4973,0.03612940792731872,0.011239242864453765,negated_raw_is_spoof,screen,2.3004056640451485e-07,0.015984700962778688
ASVspoof2019_LA,W2V2-AASIST,full_waveform,voiced_fraction,1,5000,0.08807003394162143,4.430348107674247e-10,5000,0.1010014979280961,1.0597909164161089e-12,negated_raw_is_spoof,screen,8.821315343280279e-10,2.6135027369967895e-12
ASVspoof2019_LA,W2V2-AASIST,full_waveform,hnr_db,1,4973,0.009350771718318796,0.5097285678476349,4973,-0.01796617981569559,0.20753868649101664,negated_raw_is_spoof,screen,0.5415614191203331,0.24771935581165752
ASVspoof2019_LA,W2V2-AASIST,full_waveform,cpp_proxy_db,1,4973,0.23544668510360842,1.3150055448186373e-63,4973,0.23172177337167066,5.1762214844823184e-61,negated_raw_is_spoof,screen,1.2446249663635552e-62,4.864924248352613e-60
ASVspoof2019_LA,W2V2-AASIST,full_waveform,jitter_proxy,1,4973,-0.016821312301291844,0.23561588185750745,4973,-0.01756029484076784,0.2179923202166691,negated_raw_is_spoof,screen,0.2652158670154858,0.25858930129850244
ASVspoof2019_LA,W2V2-AASIST,full_waveform,shimmer_proxy_db,1,4973,0.13561102276023035,7.599666017113647e-22,4973,0.1663322138636914,7.102181810351056e-32,negated_raw_is_spoof,screen,2.397641109624587e-21,3.3143515114971593e-31
ASVspoof2019_LA,W2V2-AASIST,full_waveform,f0_delta_hz,1,4973,0.02399945729178382,0.0905986955303258,4973,0.0006111230426706117,0.9658067499588889,negated_raw_is_spoof,screen,0.10871843463639097,0.9715900239107386
ASVspoof2019_LA,W2V2-AASIST,full_waveform,group_delay_var,1,5000,-0.28764008393792684,7.3303312695340656e-96,5000,-0.29056685453000636,6.553527248586715e-97,negated_raw_is_spoof,screen,1.231495653281723e-94,1.129223156679557e-95
ASVspoof2019_LA,W2V2-AASIST,full_waveform,inst_freq_dispersion,1,5000,-0.11888701292086332,3.3288648973621424e-17,5000,-0.11596399151505525,2.7376888881226466e-16,negated_raw_is_spoof,screen,8.85939489515786e-17,7.697602229365767e-16
ASVspoof2019_LA,W2V2-AASIST,full_waveform,modulation_centroid_hz,1,5000,0.1752799912646467,8.696127818684852e-36,5000,0.22101647121879858,7.917450744173434e-56,negated_raw_is_spoof,screen,4.2397342364341743e-35,6.609350186440432e-55
ASVspoof2019_LA,W2V2-AASIST,full_waveform,modulation_entropy,1,5000,0.20576446594514708,6.102127729516783e-49,5000,0.1917717606025745,3.239835907352667e-42,negated_raw_is_spoof,screen,4.339290829878601e-48,2.0066080458442326e-41
ASVspoof2019_LA,WhisperMFCCMesoNet,full_waveform,crest_factor_db,0,5000,-0.012119376868775072,0.3915628587716611,5000,0.04731538514972251,0.0008887742920586968,negated_raw_is_spoof,screen,0.42890014848338426,0.0014036576363418197
ASVspoof2019_LA,WhisperMFCCMesoNet,full_waveform,peak_dbfs,0,5000,-0.044207606452298084,0.0017678214984089137,5000,0.009052124127116045,0.5251011986378026,negated_raw_is_spoof,screen,0.0024723747074522164,0.5682254516660279
ASVspoof2019_LA,WhisperMFCCMesoNet,full_waveform,rms_dbfs,0,5000,0.011920695164827804,0.3993740806778161,5000,-0.04775108218930641,0.0007959602965042305,negated_raw_is_spoof,screen,0.4367443160545035,0.0012675007565185852
ASVspoof2019_LA,WhisperMFCCMesoNet,full_waveform,integrated_lufs,0,5000,0.01802375457695018,0.20257243792666368,5000,-0.035459294710530706,0.012760143153705345,negated_raw_is_spoof,screen,0.2307265733673186,0.017995416997460635
ASVspoof2019_LA,WhisperMFCCMesoNet,full_waveform,silence_fraction,0,5000,-0.0534933616773627,0.00015413208467027613,5000,0.010005399800942175,0.48241139787571546,negated_raw_is_spoof,screen,0.00023460194993980875,0.5292742193836422
ASVspoof2019_LA,WhisperMFCCMesoNet,full_waveform,clipping_fraction,0,5000,0.09986431551079518,1.4687846683887991e-12,5000,0.0005392346948671843,0.9698024588277739,negated_raw_is_spoof,screen,3.2255663305793238e-12,0.9741513487776742
ASVspoof2019_LA,WhisperMFCCMesoNet,full_waveform,frame_rms_cv,0,5000,0.03636259748650389,0.010127907813503718,5000,0.07744135275067135,5.1859395060210376e-08,negated_raw_is_spoof,screen,0.013371226032759328,1.0706455754366014e-07
ASVspoof2019_LA,WhisperMFCCMesoNet,full_waveform,frame_rms_range_db,0,5000,-0.05942157520886301,2.6177035064836563e-05,5000,-0.022173949810736993,0.11950008719604757,negated_raw_is_spoof,screen,4.193317655201471e-05,0.14816246973384495
ASVspoof2019_LA,WhisperMFCCMesoNet,full_waveform,spectral_centroid_hz,0,5000,0.045684998499399936,0.0012322999128336087,5000,0.026217431018249072,0.0656412041224364,negated_raw_is_spoof,screen,0.0017489029385938438,0.08482863301976397
ASVspoof2019_LA,WhisperMFCCMesoNet,full_waveform,spectral_centroid_std_hz,0,5000,0.04326834787473391,0.0022118750018926925,5000,0.036845120115088774,0.009666770389960364,negated_raw_is_spoof,screen,0.0030678637797149416,0.013880490816353345
ASVspoof2019_LA,WhisperMFCCMesoNet,full_waveform,spectral_bandwidth_hz,0,5000,0.055054947834197905,9.821759034821795e-05,5000,0.048544755818634794,0.000649601802352579,negated_raw_is_spoof,screen,0.00015138124016973042,0.0010468403145825734
ASVspoof2019_LA,WhisperMFCCMesoNet,full_waveform,spectral_rolloff85_hz,0,5000,0.046169627266973864,0.0010922827454448905,5000,0.024744251776411666,0.08231773035091837,negated_raw_is_spoof,screen,0.0015617319254020562,0.10466890216805515
ASVspoof2019_LA,WhisperMFCCMesoNet,full_waveform,spectral_flatness,0,5000,0.09661788555399073,7.582184310319062e-12,5000,0.10886079303122942,1.785901846532032e-14,negated_raw_is_spoof,screen,1.625272043551646e-11,4.771872925922567e-14
ASVspoof2019_LA,WhisperMFCCMesoNet,full_waveform,spectral_slope_db_per_khz,0,5000,0.094824325392973,1.8353084222885774e-11,5000,0.10008411969541695,1.8689919128908364e-12,negated_raw_is_spoof,screen,3.896768593295178e-11,4.5838049834403e-12
ASVspoof2019_LA,WhisperMFCCMesoNet,full_waveform,low_high_energy_ratio_db,0,5000,-0.06807884989442177,1.4479486413749077e-06,5000,-0.06486139636268189,5.157358930965327e-06,negated_raw_is_spoof,screen,2.4695976827511114e-06,9.653886355455988e-06
ASVspoof2019_LA,WhisperMFCCMesoNet,full_waveform,spectral_flux,0,5000,0.05509727111985785,9.700954424439988e-05,5000,0.010681153521933915,0.4533309790392321,negated_raw_is_spoof,screen,0.0001496909614976733,0.5010500294644145
ASVspoof2019_LA,WhisperMFCCMesoNet,full_waveform,f0_median_hz,0,4998,0.0926983761360681,5.1700153556103856e-11,4998,-0.043287646733804454,0.002367803002793137,negated_raw_is_spoof,screen,1.0640889185207287e-10,0.0035877420921690824
ASVspoof2019_LA,WhisperMFCCMesoNet,full_waveform,f0_iqr_hz,0,4998,0.0989547728241803,2.3624417890426216e-12,4998,-0.0017774383334271707,0.9007161107060979,negated_raw_is_spoof,screen,5.121164136247231e-12,0.9184844103103154
ASVspoof2019_LA,WhisperMFCCMesoNet,full_waveform,voiced_fraction,0,5000,-0.011071322657626885,0.43380977465990517,5000,0.038282453445707465,0.007176542075508625,negated_raw_is_spoof,screen,0.4686819430409265,0.010449916088281247
ASVspoof2019_LA,WhisperMFCCMesoNet,full_waveform,hnr_db,0,4998,-0.004764503708297021,0.7363041915143653,4998,-0.05611565075847408,8.086929906073985e-05,negated_raw_is_spoof,screen,0.7542628303317889,0.00013970223385300045
ASVspoof2019_LA,WhisperMFCCMesoNet,full_waveform,cpp_proxy_db,0,4998,-0.06361751711188035,6.764323627710428e-06,4998,-0.12906813260776753,9.265619905366491e-20,negated_raw_is_spoof,screen,1.1168612967620166e-05,2.923237829298724e-19
ASVspoof2019_LA,WhisperMFCCMesoNet,full_waveform,jitter_proxy,0,4998,0.07550323448758607,9.086184846864656e-08,4998,0.02867871910616285,0.04407828643597029,negated_raw_is_spoof,screen,1.6196064236321085e-07,0.058250950806238024
ASVspoof2019_LA,WhisperMFCCMesoNet,full_waveform,shimmer_proxy_db,0,4998,0.0838299064466009,2.9303901658392612e-09,4998,0.10192896051291557,7.33809824416606e-13,negated_raw_is_spoof,screen,5.642470462590211e-09,1.8365743091544104e-12
ASVspoof2019_LA,WhisperMFCCMesoNet,full_waveform,f0_delta_hz,0,4998,0.1119354498856377,2.0809908419094593e-15,4998,0.026597612964756268,0.06187492364083771,negated_raw_is_spoof,screen,5.150739763400209e-15,0.08003839978179583
ASVspoof2019_LA,WhisperMFCCMesoNet,full_waveform,group_delay_var,0,5000,0.023123495004939796,0.1020725755789418,5000,0.06488387448932449,5.118633819676477e-06,negated_raw_is_spoof,screen,0.12194270362497579,9.59476130215507e-06
ASVspoof2019_LA,WhisperMFCCMesoNet,full_waveform,inst_freq_dispersion,0,5000,0.0047711308396622834,0.7359002085860307,5000,-0.0012237092515714216,0.9315392092802511,negated_raw_is_spoof,screen,0.7542628303317889,0.9413448851674115
ASVspoof2019_LA,WhisperMFCCMesoNet,full_waveform,modulation_centroid_hz,0,5000,0.07536903248676129,9.520136801298854e-08,5000,0.06143984271417267,1.5790852040478546e-05,negated_raw_is_spoof,screen,1.6947104451583655e-07,2.849197177616264e-05
ASVspoof2019_LA,WhisperMFCCMesoNet,full_waveform,modulation_entropy,0,5000,0.03239329655973185,0.02198769663996225,5000,0.06473480706916646,5.380737195817224e-06,negated_raw_is_spoof,screen,0.027984341178133774,1.0044042765525483e-05
ASVspoof2019_LA,WhisperMFCCMesoNet,full_waveform,crest_factor_db,1,5000,0.13816056664037024,9.792463539436046e-23,5000,0.14821863800112212,1.0294859399914664e-25,negated_raw_is_spoof,screen,3.1637189896639533e-22,3.9085567891201435e-25
ASVspoof2019_LA,WhisperMFCCMesoNet,full_waveform,peak_dbfs,1,5000,-0.01656771044516234,0.24147760333637197,5000,-0.026679953197995883,0.06052342376048801,negated_raw_is_spoof,screen,0.271132747605751,0.07851687406766013
ASVspoof2019_LA,WhisperMFCCMesoNet,full_waveform,rms_dbfs,1,5000,-0.1382109277623883,9.447940268487716e-23,5000,-0.14831322832766505,9.583710655552923e-26,negated_raw_is_spoof,screen,3.059766679722287e-22,3.6488688728224163e-25
ASVspoof2019_LA,WhisperMFCCMesoNet,full_waveform,integrated_lufs,1,5000,-0.08123811186337361,8.794614223834658e-09,5000,-0.0007028965915192603,0.9605641320418046,negated_raw_is_spoof,screen,1.660106954611486e-08,0.9670398452915245
ASVspoof2019_LA,WhisperMFCCMesoNet,full_waveform,silence_fraction,1,5000,0.06513087472121903,4.042387452899692e-06,5000,0.02892107604824283,0.041882100205850877,negated_raw_is_spoof,screen,6.765839024529498e-06,0.0554030931856925
ASVspoof2019_LA,WhisperMFCCMesoNet,full_waveform,clipping_fraction,1,5000,-0.2210832301494247,2.0838027520055514e-56,5000,-0.0018409671567353632,0.896969210489908,negated_raw_is_spoof,screen,1.718178465457338e-55,0.9160536617769273
ASVspoof2019_LA,WhisperMFCCMesoNet,full_waveform,frame_rms_cv,1,5000,0.1532468288129069,1.1794030183175732e-27,5000,0.13966030329340418,5.510672632349705e-23,negated_raw_is_spoof,screen,4.490418290704868e-27,1.9137839839478043e-22
ASVspoof2019_LA,WhisperMFCCMesoNet,full_waveform,frame_rms_range_db,1,5000,0.02690805266225949,0.05709858532652361,5000,-0.0008581052890228835,0.951870650398296,negated_raw_is_spoof,screen,0.07027518194033675,0.9604460616631455
ASVspoof2019_LA,WhisperMFCCMesoNet,full_waveform,spectral_centroid_hz,1,5000,-0.04490946381561204,0.001491217663283549,5000,-0.006909870436976129,0.6269419966262625,negated_raw_is_spoof,screen,0.002100834947015817,0.6692692958424915
ASVspoof2019_LA,WhisperMFCCMesoNet,full_waveform,spectral_centroid_std_hz,1,5000,-0.01730035370125977,0.22128988710070485,5000,0.00207025134267581,0.8842225919567468,negated_raw_is_spoof,screen,0.2511939258980974,0.9054291689597785
ASVspoof2019_LA,WhisperMFCCMesoNet,full_waveform,spectral_bandwidth_hz,1,5000,0.062339073986051374,1.0278664147208213e-05,5000,0.09022990034007843,2.0226914632860998e-10,negated_raw_is_spoof,screen,1.674487831981556e-05,4.6232947732253713e-10
ASVspoof2019_LA,WhisperMFCCMesoNet,full_waveform,spectral_rolloff85_hz,1,5000,-0.03754829994406562,0.007922892364674061,5000,-0.005372565572317847,0.7055043204276106,negated_raw_is_spoof,screen,0.01058485818898801,0.7436845542389872
ASVspoof2019_LA,WhisperMFCCMesoNet,full_waveform,spectral_flatness,1,5000,0.21218170633163774,5.351334273518568e-52,5000,0.21468735010252948,1.0511620050878307e-52,negated_raw_is_spoof,screen,4.0405580132634574e-51,8.409296040702646e-52
ASVspoof2019_LA,WhisperMFCCMesoNet,full_waveform,spectral_slope_db_per_khz,1,5000,0.12180185571284395,5.488360376282991e-18,5000,0.13407646221947947,2.705319690469937e-21,negated_raw_is_spoof,screen,1.5146522270481192e-17,8.933537257964609e-21
ASVspoof2019_LA,WhisperMFCCMesoNet,full_waveform,low_high_energy_ratio_db,1,5000,-0.04421921884501381,0.0017628848126155254,5000,-0.10550104288213351,9.950567965090748e-14,negated_raw_is_spoof,screen,0.0024680387376617356,2.561985315149802e-13
ASVspoof2019_LA,WhisperMFCCMesoNet,full_waveform,spectral_flux,1,5000,-0.24811136962827351,5.026842888902783e-71,5000,-0.23900928784829992,2.977459693722127e-65,negated_raw_is_spoof,screen,5.725488849733339e-70,3.0547372735591895e-64
ASVspoof2019_LA,WhisperMFCCMesoNet,full_waveform,f0_median_hz,1,4973,-0.14773145536197343,1.1513606870268115e-25,4973,-0.041811751403261724,0.003343852227020337,negated_raw_is_spoof,screen,4.0937268872064406e-25,0.00498794383253644
ASVspoof2019_LA,WhisperMFCCMesoNet,full_waveform,f0_iqr_hz,1,4973,-0.01963906488774238,0.1661373561731617,4973,0.06630598241330439,3.2203311159665707e-06,negated_raw_is_spoof,screen,0.1919936429034646,6.078827275082965e-06
ASVspoof2019_LA,WhisperMFCCMesoNet,full_waveform,voiced_fraction,1,5000,-0.14015334854963868,2.349519527800168e-23,5000,-0.11421430074570922,7.626593858967166e-16,negated_raw_is_spoof,screen,7.758609939467876e-23,2.113431370402448e-15
ASVspoof2019_LA,WhisperMFCCMesoNet,full_waveform,hnr_db,1,4973,-0.14883197676986973,4.9868107784398155e-26,4973,-0.11164957158128164,3.954089866647756e-15,negated_raw_is_spoof,screen,1.8065427725668764e-25,1.0735953092473907e-14
ASVspoof2019_LA,WhisperMFCCMesoNet,full_waveform,cpp_proxy_db,1,4973,-0.3076429753696143,1.7344361052877028e-109,4973,-0.28427729141041924,3.595090816623921e-92,negated_raw_is_spoof,screen,3.4792270529950335e-108,5.490684156298351e-91
ASVspoof2019_LA,WhisperMFCCMesoNet,full_waveform,jitter_proxy,1,4973,0.09800226783983032,4.328731578479073e-12,4973,0.08787382543304988,6.575797914767023e-10,negated_raw_is_spoof,screen,9.308504386361398e-12,1.4705278531525588e-09
ASVspoof2019_LA,WhisperMFCCMesoNet,full_waveform,shimmer_proxy_db,1,4973,0.015251061547545524,0.2822451740396228,4973,0.032493045155201024,0.022615513923213967,negated_raw_is_spoof,screen,0.3140211207858055,0.03098394568073351
ASVspoof2019_LA,WhisperMFCCMesoNet,full_waveform,f0_delta_hz,1,4973,0.01645094558137875,0.24608980010177647,4973,0.08185629720980257,8.84195035957126e-09,negated_raw_is_spoof,screen,0.2758504514902315,1.8922900132585625e-08
ASVspoof2019_LA,WhisperMFCCMesoNet,full_waveform,group_delay_var,1,5000,0.17514573389843985,9.824990123775019e-36,5000,0.16849128407737496,7.604695653588385e-33,negated_raw_is_spoof,screen,4.767071020344269e-35,3.743850167920436e-32
ASVspoof2019_LA,WhisperMFCCMesoNet,full_waveform,inst_freq_dispersion,1,5000,0.06025216865666302,2.0144791611929865e-05,5000,0.061264309328738956,1.608433307464932e-05,negated_raw_is_spoof,screen,3.242467057057933e-05,2.8938880391336927e-05
ASVspoof2019_LA,WhisperMFCCMesoNet,full_waveform,modulation_centroid_hz,1,5000,-0.12212757498989618,4.474866154491438e-18,5000,-0.0645836787950003,5.42960009060717e-06,negated_raw_is_spoof,screen,1.245180147336748e-17,1.0121196285403657e-05
ASVspoof2019_LA,WhisperMFCCMesoNet,full_waveform,modulation_entropy,1,5000,0.051787254395218855,0.0002488364049215267,5000,-0.07701301702730745,5.794296547096015e-08,negated_raw_is_spoof,screen,0.0003732546073822901,1.194407140996479e-07
ASVspoof2019_LA,XLSR-SLS,full_waveform,crest_factor_db,0,5000,0.13344036632624964,2.649694724249406e-21,5000,0.027847747401323102,0.050537963690067626,negated_raw_is_spoof,screen,8.262621135478426e-21,0.06620177699751549
ASVspoof2019_LA,XLSR-SLS,full_waveform,peak_dbfs,0,5000,0.0805351401378283,1.1803882252695394e-08,5000,0.014461476775439911,0.3099646840939895,negated_raw_is_spoof,screen,2.2064558758863158e-08,0.3560619960874546
ASVspoof2019_LA,XLSR-SLS,full_waveform,rms_dbfs,0,5000,-0.13360007835339954,2.374431119457314e-21,5000,-0.02817428759898303,0.04789261919820285,negated_raw_is_spoof,screen,7.421477731513093e-21,0.0629820745620202
ASVspoof2019_LA,XLSR-SLS,full_waveform,integrated_lufs,0,5000,-0.1126281883212723,1.3775901435824064e-15,5000,-0.16219583506612234,2.0047722487821373e-30,negated_raw_is_spoof,screen,3.4457965009741418e-15,8.748097085594782e-30
ASVspoof2019_LA,XLSR-SLS,full_waveform,silence_fraction,0,5000,0.14443989299481083,1.0157574767189065e-24,5000,0.05853982984373998,3.9018607753103436e-05,negated_raw_is_spoof,screen,3.518500125541779e-24,6.909223823474443e-05
ASVspoof2019_LA,XLSR-SLS,full_waveform,clipping_fraction,0,5000,0.21328986677828032,1.5497206616469103e-52,5000,-0.0073101446155823795,0.6078093557848436,negated_raw_is_spoof,screen,1.1834230507121861e-51,0.6514320368220333
ASVspoof2019_LA,XLSR-SLS,full_waveform,frame_rms_cv,0,5000,0.04824322300191093,0.0006438291561556013,5000,-0.003833146016940011,0.7878524241493909,negated_raw_is_spoof,screen,0.0009374933758105397,0.8182949444024585
ASVspoof2019_LA,XLSR-SLS,full_waveform,frame_rms_range_db,0,5000,0.12366020834388597,1.6997817734129039e-18,5000,0.00999038758444583,0.4830687431214196,negated_raw_is_spoof,screen,4.799383830812905e-18,0.5295631245964013
ASVspoof2019_LA,XLSR-SLS,full_waveform,spectral_centroid_hz,0,5000,-0.03173432642752428,0.024834986803579186,5000,-0.0822003716998957,7.44703061603436e-09,negated_raw_is_spoof,screen,0.03145921042790804,1.6039758249920157e-08
ASVspoof2019_LA,XLSR-SLS,full_waveform,spectral_centroid_std_hz,0,5000,-0.0260067834809617,0.0659433589620147,5000,-0.05085367579399078,0.0003537163428218082,negated_raw_is_spoof,screen,0.08042456846184007,0.0005825916234712135
ASVspoof2019_LA,XLSR-SLS,full_waveform,spectral_bandwidth_hz,0,5000,-0.0493989083669375,0.0004753239590768883,5000,-0.08502520017809956,2.2330445219806028e-09,negated_raw_is_spoof,screen,0.0006974185600429453,4.8720971388667694e-09
ASVspoof2019_LA,XLSR-SLS,full_waveform,spectral_rolloff85_hz,0,5000,-0.04177809474373526,0.003129643389747038,5000,-0.0940238120771485,3.7045145223425716e-11,negated_raw_is_spoof,screen,0.00429646651258429,8.689123068112419e-11
ASVspoof2019_LA,XLSR-SLS,full_waveform,spectral_flatness,0,5000,-0.024113496595411774,0.08821246896248855,5000,-0.026187699055618213,0.06594790402380594,negated_raw_is_spoof,screen,0.10604432762574652,0.0851431152814555
ASVspoof2019_LA,XLSR-SLS,full_waveform,spectral_slope_db_per_khz,0,5000,0.03986729730576813,0.004810458047112678,5000,0.01498567921249595,0.29275236317652964,negated_raw_is_spoof,screen,0.006504281303138269,0.3365775672448724
ASVspoof2019_LA,XLSR-SLS,full_waveform,low_high_energy_ratio_db,0,5000,-0.024013927921473686,0.08953392600514318,5000,0.0547554685052246,0.0001196221187140253,negated_raw_is_spoof,screen,0.1075367261402256,0.00020376695507179978
ASVspoof2019_LA,XLSR-SLS,full_waveform,spectral_flux,0,5000,0.10043343996959951,1.0954897024939708e-12,5000,0.0734939021422618,2.38517699117954e-07,negated_raw_is_spoof,screen,2.409718756386083e-12,4.763265789220359e-07
ASVspoof2019_LA,XLSR-SLS,full_waveform,f0_median_hz,0,4998,0.031127731419215217,0.027763962335003594,4998,-0.045918258369553315,0.001261228391749014,negated_raw_is_spoof,screen,0.03497166389713667,0.001966462828898695
ASVspoof2019_LA,XLSR-SLS,full_waveform,f0_iqr_hz,0,4998,0.021667961708271337,0.12560970374742245,4998,-0.013034635366983136,0.36022980447798564,negated_raw_is_spoof,screen,0.14795744245095158,0.4076980019889712
ASVspoof2019_LA,XLSR-SLS,full_waveform,voiced_fraction,0,5000,0.043552230042445024,0.0020679271568731367,5000,0.07434420066005297,1.7280487564326164e-07,negated_raw_is_spoof,screen,0.0028830851647691862,3.4820052903229935e-07
ASVspoof2019_LA,XLSR-SLS,full_waveform,hnr_db,0,4998,-0.0019434507978765634,0.8907454565082745,4998,0.027762786919637416,0.051293184925789714,negated_raw_is_spoof,screen,0.8994454496973111,0.06712564804309773
ASVspoof2019_LA,XLSR-SLS,full_waveform,cpp_proxy_db,0,4998,0.013875192326340692,0.32672597387342095,4998,-0.050334865410050174,0.0004074723374639128,negated_raw_is_spoof,screen,0.3617131045188449,0.0006678570994530474
ASVspoof2019_LA,XLSR-SLS,full_waveform,jitter_proxy,0,4998,0.05023147748433661,0.00038152264674864224,4998,-0.012718397666318737,0.3720027943903142,negated_raw_is_spoof,screen,0.0005640994909022829,0.41908780860065575
ASVspoof2019_LA,XLSR-SLS,full_waveform,shimmer_proxy_db,0,4998,0.11885008291732115,3.454264283850805e-17,4998,0.010472821968370592,0.46228019008920873,negated_raw_is_spoof,screen,9.174962840900162e-17,0.510102278719127
ASVspoof2019_LA,XLSR-SLS,full_waveform,f0_delta_hz,0,4998,0.049815835617357515,0.000426508805040999,4998,-0.026111072308319584,0.06679909785923162,negated_raw_is_spoof,screen,0.000628539291639367,0.08582981598738747
ASVspoof2019_LA,XLSR-SLS,full_waveform,group_delay_var,0,5000,0.015684669030077866,0.2674886461626035,5000,0.06653628068210755,2.9217235375034417e-06,negated_raw_is_spoof,screen,0.2983441829398664,5.538499907481842e-06
ASVspoof2019_LA,XLSR-SLS,full_waveform,inst_freq_dispersion,0,5000,-0.026242090691728136,0.06353176709646736,5000,-0.018404099805510908,0.19630951935696572,negated_raw_is_spoof,screen,0.07762426816150195,0.2359928390123094
ASVspoof2019_LA,XLSR-SLS,full_waveform,modulation_centroid_hz,0,5000,0.10343734920036711,2.2679394995095817e-13,5000,0.03424754134154064,0.0161726840812429,negated_raw_is_spoof,screen,5.140152929748529e-13,0.02261819709176947
ASVspoof2019_LA,XLSR-SLS,full_waveform,modulation_entropy,0,5000,-0.006160264247224335,0.6632055750842197,5000,0.0017028300613673851,0.9048441166293332,negated_raw_is_spoof,screen,0.6877687445317835,0.9212958278407757
ASVspoof2019_LA,XLSR-SLS,full_waveform,crest_factor_db,1,5000,-0.3571174282932679,2.698163854980474e-150,5000,-0.4566245078716142,1.4266606094115815e-253,negated_raw_is_spoof,screen,8.433330746729667e-149,9.587159295245827e-252
ASVspoof2019_LA,XLSR-SLS,full_waveform,peak_dbfs,1,5000,-0.04075008379844407,0.003952316924411338,5000,-0.017039610905506843,0.2306729628114966,negated_raw_is_spoof,screen,0.005392806036963288,0.27171293779022915
ASVspoof2019_LA,XLSR-SLS,full_waveform,rms_dbfs,1,5000,0.3570691219553346,2.978803421898904e-150,5000,0.4565598262215926,1.716172344424317e-253,negated_raw_is_spoof,screen,9.098890452345743e-149,1.098350300431563e-251
ASVspoof2019_LA,XLSR-SLS,full_waveform,integrated_lufs,1,5000,0.18718088582772774,1.1759709061462584e-40,5000,0.1998554239933042,8.84582730536183e-46,negated_raw_is_spoof,screen,6.81252111146798e-40,6.159995802283056e-45
ASVspoof2019_LA,XLSR-SLS,full_waveform,silence_fraction,1,5000,-0.011865012200831332,0.40157997260906064,5000,-0.0015449093419887465,0.913466917974284,negated_raw_is_spoof,screen,0.4384431220037185,0.9259450718057831
ASVspoof2019_LA,XLSR-SLS,full_waveform,clipping_fraction,1,5000,-0.032917295757755066,0.019930532578001633,5000,-0.0735700129082905,2.1972543240743957e-07,negated_raw_is_spoof,screen,0.025535401129489224,4.4010578413651084e-07
ASVspoof2019_LA,XLSR-SLS,full_waveform,frame_rms_cv,1,5000,-0.48295308699371436,1.3399164070681633e-290,5000,-0.4731995009185915,1.0259026409972985e-274,negated_raw_is_spoof,screen,4.502119127749028e-288,9.848665353574066e-273
ASVspoof2019_LA,XLSR-SLS,full_waveform,frame_rms_range_db,1,5000,0.0013320456053137932,0.9249770230050124,5000,0.0015757611394588912,0.9117458480570955,negated_raw_is_spoof,screen,0.927046322832764,0.9259450718057831
ASVspoof2019_LA,XLSR-SLS,full_waveform,spectral_centroid_hz,1,5000,0.1540532906138289,6.2222954321143455e-28,5000,0.19914590055188056,1.8790866501019994e-45,negated_raw_is_spoof,screen,2.3962077537999085e-27,1.2885165600699425e-44
ASVspoof2019_LA,XLSR-SLS,full_waveform,spectral_centroid_std_hz,1,5000,0.16832469673702766,4.259235274412774e-33,5000,0.19418215253233587,2.9304527024402035e-43,negated_raw_is_spoof,screen,1.914519133381528e-32,1.8666011526443758e-42
ASVspoof2019_LA,XLSR-SLS,full_waveform,spectral_bandwidth_hz,1,5000,-0.18160785861267292,2.4688410137849075e-38,5000,-0.1617536194493192,2.271521443947203e-30,negated_raw_is_spoof,screen,1.3272489290107662e-37,9.880015600857738e-30
ASVspoof2019_LA,XLSR-SLS,full_waveform,spectral_rolloff85_hz,1,5000,0.14671864822781963,1.8384310201299677e-25,5000,0.18897289778168364,5.068528646458749e-41,negated_raw_is_spoof,screen,6.502240239617569e-25,3.068514640018269e-40
ASVspoof2019_LA,XLSR-SLS,full_waveform,spectral_flatness,1,5000,-0.46765654061670925,3.3912453138972007e-270,5000,-0.47119332477888964,4.292889759238704e-272,negated_raw_is_spoof,screen,7.59638950312973e-268,3.846429224277879e-270
ASVspoof2019_LA,XLSR-SLS,full_waveform,spectral_slope_db_per_khz,1,5000,-0.195992954516422,1.7633270700846414e-44,5000,-0.2225136683055978,1.3972861190919646e-56,negated_raw_is_spoof,screen,1.1339289866955781e-43,1.1885775595313926e-55
ASVspoof2019_LA,XLSR-SLS,full_waveform,low_high_energy_ratio_db,1,5000,0.14816239082960747,6.136966320701708e-26,5000,0.14111044508787013,1.9522832835122474e-23,negated_raw_is_spoof,screen,2.217226541672875e-25,6.904917718527527e-23
ASVspoof2019_LA,XLSR-SLS,full_waveform,spectral_flux,1,5000,0.19869963478952302,1.0814678815131129e-45,5000,0.1845001435607907,3.756937297516154e-39,negated_raw_is_spoof,screen,7.195509073037741e-45,2.1858544276457623e-38
ASVspoof2019_LA,XLSR-SLS,full_waveform,f0_median_hz,1,4973,0.17166569860816489,3.3724951600942333e-34,4973,0.28803579747582897,1.1128904731057504e-94,negated_raw_is_spoof,screen,1.5312950997184627e-33,1.8240546290904007e-93
ASVspoof2019_LA,XLSR-SLS,full_waveform,f0_iqr_hz,1,4973,-0.03172895723447956,0.025252957122612676,4973,-0.07614671297462731,8.835573986461917e-08,negated_raw_is_spoof,screen,0.031928480124921395,1.8047129844688172e-07
ASVspoof2019_LA,XLSR-SLS,full_waveform,voiced_fraction,1,5000,0.35656302577888305,8.391058940664366e-150,5000,0.34944362795788436,3.806018023859724e-142,negated_raw_is_spoof,screen,2.506129603611757e-148,7.750436703132529e-141
ASVspoof2019_LA,XLSR-SLS,full_waveform,hnr_db,1,4973,0.23125282539392347,2.296744484106316e-61,4973,0.19460123968131912,3.2477874517755224e-43,negated_raw_is_spoof,screen,2.0856922882695194e-60,2.058974686408633e-42
ASVspoof2019_LA,XLSR-SLS,full_waveform,cpp_proxy_db,1,4973,0.4487154273606468,5.18185840470616e-245,4973,0.47008531700562484,3.4551871981351836e-269,negated_raw_is_spoof,screen,7.738241884361199e-243,2.731630349584522e-267
ASVspoof2019_LA,XLSR-SLS,full_waveform,jitter_proxy,1,4973,-0.23855382760119262,2.6845683955580457e-65,4973,-0.22156511373366375,8.30790397155277e-56,negated_raw_is_spoof,screen,2.652985237963245e-64,6.892483294917854e-55
ASVspoof2019_LA,XLSR-SLS,full_waveform,shimmer_proxy_db,1,4973,-0.005152680874117497,0.7163990560681384,4973,0.06397557787887635,7.047440287728498e-06,negated_raw_is_spoof,screen,0.7383744872358727,1.3064496202354623e-05
ASVspoof2019_LA,XLSR-SLS,full_waveform,f0_delta_hz,1,4973,-0.14827276906125472,7.635152190037212e-26,4973,-0.17635351691463952,1.1105834828746788e-35,negated_raw_is_spoof,screen,2.7511111376434353e-25,5.876473232218773e-35
ASVspoof2019_LA,XLSR-SLS,full_waveform,group_delay_var,1,5000,-0.37039636511274415,2.1426796624850564e-162,5000,-0.3977829195393746,2.4075464636930554e-187,negated_raw_is_spoof,screen,7.783139098324097e-161,6.741130098340555e-186
ASVspoof2019_LA,XLSR-SLS,full_waveform,inst_freq_dispersion,1,5000,-0.17545496492307217,7.416182907995403e-36,5000,-0.16287102025553524,8.97606443607726e-31,negated_raw_is_spoof,screen,3.6377189154546793e-35,4.0212768673626125e-30
ASVspoof2019_LA,XLSR-SLS,full_waveform,modulation_centroid_hz,1,5000,0.3617345809740648,1.9449808314486802e-154,5000,0.39674320328180845,2.7328311601071515e-186,negated_raw_is_spoof,screen,6.375742042602503e-153,7.495765467722473e-185
ASVspoof2019_LA,XLSR-SLS,full_waveform,modulation_entropy,1,5000,0.29814125350080556,3.522172081023569e-103,5000,0.37213585586429887,2.106752664482566e-162,negated_raw_is_spoof,screen,6.397026049859022e-102,4.641763247646834e-161
ASVspoof2019_LA,AASIST,preemphasized_crop,crest_factor_db,0,5000,0.03489039898547755,0.013615219046436998,5000,0.0195462379455843,0.1699572951326758,negated_raw_is_spoof,screen,0.017680052558851522,0.20578613032280743
ASVspoof2019_LA,AASIST,preemphasized_crop,peak_dbfs,0,5000,-0.024629725231100148,0.08161116321461344,5000,0.09425188791212488,3.321627347526354e-11,negated_raw_is_spoof,screen,0.09881567870309951,7.818331269834361e-11
ASVspoof2019_LA,AASIST,preemphasized_crop,rms_dbfs,0,5000,-0.059919137958831935,2.2384561666375693e-05,5000,0.13068784495117858,3.1344244654058515e-20,negated_raw_is_spoof,screen,3.5943668912316526e-05,1.0054096614571514e-19
ASVspoof2019_LA,AASIST,preemphasized_crop,integrated_lufs,0,5000,-0.15199778021744684,3.153657456960303e-27,5000,-0.1667500876291341,4.3836952485360053e-32,negated_raw_is_spoof,screen,1.183942911216382e-26,2.0745374697297153e-31
ASVspoof2019_LA,AASIST,preemphasized_crop,silence_fraction,0,5000,-0.17924113880181783,2.270859039712281e-37,5000,-0.16297373886265773,1.0660106636090428e-30,negated_raw_is_spoof,screen,1.1829591276640722e-36,4.7284433395727836e-30
ASVspoof2019_LA,AASIST,preemphasized_crop,clipping_fraction,0,5000,0.03631788627865678,0.010220825108808368,5000,0.032443512724113215,0.02271224679992882,negated_raw_is_spoof,screen,0.013480656473246758,0.031077700881618993
ASVspoof2019_LA,AASIST,preemphasized_crop,frame_rms_cv,0,5000,-0.12015130548223764,1.5313535323332586e-17,5000,-0.13571646807419388,1.047990079628943e-21,negated_raw_is_spoof,screen,4.132809533043975e-17,3.512465503793764e-21
ASVspoof2019_LA,AASIST,preemphasized_crop,frame_rms_range_db,0,5000,-0.05563986458694208,8.271367151562551e-05,5000,-0.015453168393711289,0.27795362138174673,negated_raw_is_spoof,screen,0.00012851696475953836,0.3217654325039342
ASVspoof2019_LA,AASIST,preemphasized_crop,spectral_centroid_hz,0,5000,-0.10677869324908655,3.727743023794302e-14,5000,-0.10031698417437038,1.6602785256254681e-12,negated_raw_is_spoof,screen,8.774232266163821e-14,4.079368077587987e-12
ASVspoof2019_LA,AASIST,preemphasized_crop,spectral_centroid_std_hz,0,5000,0.10925534675656877,9.424664704030463e-15,5000,0.08232611182800408,7.0641683322147825e-09,negated_raw_is_spoof,screen,2.274102219428535e-14,1.5239554154890317e-08
ASVspoof2019_LA,AASIST,preemphasized_crop,spectral_bandwidth_hz,0,5000,-0.09533368059736329,1.4301992460925214e-11,5000,-0.1874846433915156,3.0256792126087492e-40,negated_raw_is_spoof,screen,3.041436371437261e-11,1.799341974223964e-39
ASVspoof2019_LA,AASIST,preemphasized_crop,spectral_rolloff85_hz,0,5000,-0.11863938953332347,3.8719093436934923e-17,5000,-0.14116689786386846,2.273902876597886e-23,negated_raw_is_spoof,screen,1.0263996366714109e-16,8.021326682801992e-23
ASVspoof2019_LA,AASIST,preemphasized_crop,spectral_flatness,0,5000,-0.10964859715615426,7.554292263086715e-15,5000,-0.17393370073838066,8.554369347889948e-35,negated_raw_is_spoof,screen,1.8359798917881636e-14,4.405008583741031e-34
ASVspoof2019_LA,AASIST,preemphasized_crop,spectral_slope_db_per_khz,0,5000,-0.06255193340858606,9.585495553119328e-06,5000,-0.08035650931428444,1.600478333997107e-08,negated_raw_is_spoof,screen,1.5653591765968866e-05,3.3715405656616177e-08
ASVspoof2019_LA,AASIST,preemphasized_crop,low_high_energy_ratio_db,0,5000,0.06492177644777791,4.340748424127696e-06,5000,0.033829941025188943,0.017517944595252466,negated_raw_is_spoof,screen,7.229201836465457e-06,0.024322435471094334
ASVspoof2019_LA,AASIST,preemphasized_crop,spectral_flux,0,5000,0.14557831421007136,4.3392972726887495e-25,5000,0.15415458552454703,1.3252143926305522e-27,negated_raw_is_spoof,screen,1.510884853495772e-24,5.397236799077159e-27
ASVspoof2019_LA,AASIST,preemphasized_crop,f0_median_hz,0,4109,0.025330453723678228,0.10448553723088126,4109,0.005709656956073887,0.716752702578599,negated_raw_is_spoof,screen,0.12438313732356458,0.7531787586126951
ASVspoof2019_LA,AASIST,preemphasized_crop,f0_iqr_hz,0,4109,-0.022758480698895907,0.14467595411153528,4109,-0.059433965072048026,0.00015692008502577902,negated_raw_is_spoof,screen,0.1686422223121452,0.0002646180605704479
ASVspoof2019_LA,AASIST,preemphasized_crop,voiced_fraction,0,5000,0.043327298275857136,0.0021812487277764574,5000,0.0072526242838756175,0.6106367956076226,negated_raw_is_spoof,screen,0.0030285106303011974,0.65394091896147
ASVspoof2019_LA,AASIST,preemphasized_crop,hnr_db,0,4109,0.00802328537142871,0.6071427322926073,4109,-0.018903970553490444,0.22963846420029352,negated_raw_is_spoof,screen,0.6355138880072151,0.27073166305718815
ASVspoof2019_LA,AASIST,preemphasized_crop,cpp_proxy_db,0,4109,-0.04591775508759341,0.0032394405514119535,4109,-0.06785569450783188,1.5843914237262257e-05,negated_raw_is_spoof,screen,0.004442661327650679,2.8544531816193666e-05
ASVspoof2019_LA,AASIST,preemphasized_crop,jitter_proxy,0,4109,0.026695065472197996,0.08708526348349022,4109,0.005562140809354649,0.7237671983583417,negated_raw_is_spoof,screen,0.1049307149944361,0.7587699801822241
ASVspoof2019_LA,AASIST,preemphasized_crop,shimmer_proxy_db,0,4109,0.09539958061172892,8.934196086030632e-10,4109,0.038763025531956645,0.013740377058550121,negated_raw_is_spoof,screen,1.763224602000759e-09,0.01931701544632988
ASVspoof2019_LA,AASIST,preemphasized_crop,f0_delta_hz,0,4109,0.041458376627801406,0.007863446863384926,4109,0.0047213850659875356,0.7641735426223335,negated_raw_is_spoof,screen,0.010526367115925637,0.7967798613533097
ASVspoof2019_LA,AASIST,preemphasized_crop,group_delay_var,0,5000,-0.17375861977953624,3.447326661321946e-35,5000,-0.20362982855857747,2.614690332706797e-47,negated_raw_is_spoof,screen,1.6200024590268167e-34,1.8792212872502328e-46
ASVspoof2019_LA,AASIST,preemphasized_crop,inst_freq_dispersion,0,5000,0.009543697651507537,0.49987403134167346,5000,-0.008585383535168417,0.5466862175674663,negated_raw_is_spoof,screen,0.5331989667644517,0.589684009960413
ASVspoof2019_LA,AASIST,preemphasized_crop,modulation_centroid_hz,0,5000,0.045300274891621445,0.001355056243709622,5000,0.0809623090546044,1.2470433990352612e-08,negated_raw_is_spoof,screen,0.0019130205793547606,2.6519403928851122e-08
ASVspoof2019_LA,AASIST,preemphasized_crop,modulation_entropy,0,5000,0.05223252406607602,0.0002198902513604609,5000,0.11270119224185303,2.0664419184187995e-15,negated_raw_is_spoof,screen,0.0003316863050824461,5.6334643780017576e-15
ASVspoof2019_LA,AASIST,preemphasized_crop,crest_factor_db,1,5000,-0.05207116067484642,0.0002299942325583144,5000,-0.002602737123609699,0.8547408575809166,negated_raw_is_spoof,screen,0.0003461503343318864,0.8789378061122815
ASVspoof2019_LA,AASIST,preemphasized_crop,peak_dbfs,1,5000,0.09358736315795549,3.344896939660997e-11,5000,-0.004422206207569388,0.7557605366149486,negated_raw_is_spoof,screen,6.997750631792275e-11,0.79046082584474
ASVspoof2019_LA,AASIST,preemphasized_crop,rms_dbfs,1,5000,0.14269379428375176,3.6945111848623014e-24,5000,-0.015452644870771005,0.27704553605828375,negated_raw_is_spoof,screen,1.2602596529073435e-23,0.32099069005373565
ASVspoof2019_LA,AASIST,preemphasized_crop,integrated_lufs,1,5000,0.15449324374772974,4.383437720674028e-28,5000,0.12206293240832179,6.764038893454648e-18,negated_raw_is_spoof,screen,1.702699507683784e-27,2.0112540426555414e-17
ASVspoof2019_LA,AASIST,preemphasized_crop,silence_fraction,1,5000,0.2002585611459841,2.126572438708946e-46,5000,0.19542429333942563,8.389003237218837e-44,negated_raw_is_spoof,screen,1.4508189632613316e-45,5.394650885560822e-43
ASVspoof2019_LA,AASIST,preemphasized_crop,clipping_fraction,1,5000,-0.01532360842586831,0.27865956597839125,5000,-0.055652739716097355,8.944807107332992e-05,negated_raw_is_spoof,screen,0.3102886964995508,0.00015392856276895699
ASVspoof2019_LA,AASIST,preemphasized_crop,frame_rms_cv,1,5000,0.15563303019332117,1.7603214025462237e-28,5000,0.16233495202022422,1.4024723006643435e-30,negated_raw_is_spoof,screen,6.938040953144061e-28,6.180074662599599e-30
ASVspoof2019_LA,AASIST,preemphasized_crop,frame_rms_range_db,1,5000,0.27249957345998294,7.530634967911983e-86,5000,0.2576731403540532,6.692283216213995e-76,negated_raw_is_spoof,screen,1.1372104940307534e-84,8.251769396873036e-75
ASVspoof2019_LA,AASIST,preemphasized_crop,spectral_centroid_hz,1,5000,0.03829481221979249,0.006765567985491953,5000,0.003648849325317077,0.7974448624301155,negated_raw_is_spoof,screen,0.009083839532968216,0.825705620266622
ASVspoof2019_LA,AASIST,preemphasized_crop,spectral_centroid_std_hz,1,5000,-0.005298316819932672,0.707990306277297,5000,-0.030776470605250534,0.030366045057078163,negated_raw_is_spoof,screen,0.730828703253984,0.04101704980574176
ASVspoof2019_LA,AASIST,preemphasized_crop,spectral_bandwidth_hz,1,5000,-0.04123380683335227,0.00354344165951389,5000,-0.027110495637151632,0.05648676551542048,negated_raw_is_spoof,screen,0.004844746277097323,0.07363551198130468
ASVspoof2019_LA,AASIST,preemphasized_crop,spectral_rolloff85_hz,1,5000,0.05522641039859178,9.340958514352864e-05,5000,0.03323120785754654,0.019383204893407464,negated_raw_is_spoof,screen,0.00014463419635127016,0.026773923306001677
ASVspoof2019_LA,AASIST,preemphasized_crop,spectral_flatness,1,5000,-0.19942564090981182,5.0793092751136845e-46,5000,-0.1613436906473344,3.188032213235445e-30,negated_raw_is_spoof,screen,3.4304480732426087e-45,1.3821662240607866e-29
ASVspoof2019_LA,AASIST,preemphasized_crop,spectral_slope_db_per_khz,1,5000,-0.04459160923966436,0.0016111349732702786,5000,-0.0752289301608775,1.1644023949528396e-07,negated_raw_is_spoof,screen,0.0022626597743733066,2.3639831099948888e-07
ASVspoof2019_LA,AASIST,preemphasized_crop,low_high_energy_ratio_db,1,5000,0.019235383777415346,0.1738512015582065,5000,0.06307406690739238,8.956038740573192e-06,negated_raw_is_spoof,screen,0.20021937865829437,1.6421440746699006e-05
ASVspoof2019_LA,AASIST,preemphasized_crop,spectral_flux,1,5000,0.1635431407415757,2.5861256975257642e-31,5000,0.1339444169703072,2.9604539329066747e-21,negated_raw_is_spoof,screen,1.0999218156565275e-30,9.752083543692575e-21
ASVspoof2019_LA,AASIST,preemphasized_crop,f0_median_hz,1,4217,0.02539696661139934,0.09914431024247564,4217,-0.05102782142289457,0.000983790012783647,negated_raw_is_spoof,screen,0.11854978021876089,0.001546448862200259
ASVspoof2019_LA,AASIST,preemphasized_crop,f0_iqr_hz,1,4217,0.04364980802177151,0.004581694083354384,4217,0.01735170604371438,0.2627815826466422,negated_raw_is_spoof,screen,0.0062137203310073585,0.3057822052615473
ASVspoof2019_LA,AASIST,preemphasized_crop,voiced_fraction,1,5000,0.15144260390634456,4.8698784500607446e-27,5000,0.14273339367962834,6.033078189394059e-24,negated_raw_is_spoof,screen,1.8180879546893446e-26,2.1680366541565817e-23
ASVspoof2019_LA,AASIST,preemphasized_crop,hnr_db,1,4217,-0.0790885725144357,2.712195211762872e-07,4217,-0.08268436300269985,9.040762989238626e-08,negated_raw_is_spoof,screen,4.7340134605315587e-07,1.8438217689737044e-07
ASVspoof2019_LA,AASIST,preemphasized_crop,cpp_proxy_db,1,4217,0.10149672664958992,3.9444447306455557e-11,4217,0.03797058561440127,0.014236604423214182,negated_raw_is_spoof,screen,8.193715174633117e-11,0.019952029556621335
ASVspoof2019_LA,AASIST,preemphasized_crop,jitter_proxy,1,4217,-0.008974806350413816,0.5601297408457663,4217,0.0005688969995476419,0.9707141640468855,negated_raw_is_spoof,screen,0.5923008431917465,0.974338936877531
ASVspoof2019_LA,AASIST,preemphasized_crop,shimmer_proxy_db,1,4217,0.229592182381402,1.4523339733219918e-51,4217,0.21525735244855404,7.049923529935713e-45,negated_raw_is_spoof,screen,1.0844093667470872e-50,4.737548612116799e-44
ASVspoof2019_LA,AASIST,preemphasized_crop,f0_delta_hz,1,4217,-0.008598771157585018,0.5766835836537622,4217,-0.04398301063148188,0.004515215014924131,negated_raw_is_spoof,screen,0.6074159376415802,0.0066613051372755566
ASVspoof2019_LA,AASIST,preemphasized_crop,group_delay_var,1,5000,-0.1348056926562277,1.0330039333747134e-21,5000,-0.10810381990290603,2.4174717664624425e-14,negated_raw_is_spoof,screen,3.251422216523688e-21,6.421110778904195e-14
ASVspoof2019_LA,AASIST,preemphasized_crop,inst_freq_dispersion,1,5000,-0.18911145932409104,1.7726630483804227e-41,5000,-0.17993927198259918,2.7090834916086332e-37,negated_raw_is_spoof,screen,1.054185458859862e-40,1.4983572891860095e-36
ASVspoof2019_LA,AASIST,preemphasized_crop,modulation_centroid_hz,1,5000,-0.03316522971060918,0.019017149109280908,5000,-0.02812920950049876,0.04782084195346602,negated_raw_is_spoof,screen,0.0244584195242809,0.0629492767732207
ASVspoof2019_LA,AASIST,preemphasized_crop,modulation_entropy,1,5000,-0.10121271044850841,7.312737521887976e-13,5000,-0.07222527336770389,3.6404194439973897e-07,negated_raw_is_spoof,screen,1.6218348563395113e-12,7.16357793957905e-07
ASVspoof2019_LA,RawBMamba,preemphasized_crop,crest_factor_db,0,5000,0.15919415619176622,9.732490191132383e-30,5000,0.10516987311487307,1.323324273500565e-13,negated_raw_is_spoof,screen,3.9518026637105506e-29,3.3877101401614467e-13
ASVspoof2019_LA,RawBMamba,preemphasized_crop,peak_dbfs,0,5000,-0.01699009858482723,0.22968615431558564,5000,0.03144688066995651,0.027228930078982232,negated_raw_is_spoof,screen,0.2598469624580363,0.036853657629559035
ASVspoof2019_LA,RawBMamba,preemphasized_crop,rms_dbfs,0,5000,-0.15889171864366872,1.2478258666297718e-29,5000,-0.1405552565314917,3.521958284810003e-23,negated_raw_is_spoof,screen,5.051439652862691e-29,1.2359038994215781e-22
ASVspoof2019_LA,RawBMamba,preemphasized_crop,integrated_lufs,0,5000,-0.09533858925354355,1.4267568802725079e-11,5000,-0.05578401685194123,8.867021379016675e-05,negated_raw_is_spoof,screen,3.0389243218482576e-11,0.00015278559914613349
ASVspoof2019_LA,RawBMamba,preemphasized_crop,silence_fraction,0,5000,0.09298951297039197,4.458342468256607e-11,5000,0.08440727735896993,2.9159188199280792e-09,negated_raw_is_spoof,screen,9.232684556759444e-11,6.331171072670983e-09
ASVspoof2019_LA,RawBMamba,preemphasized_crop,clipping_fraction,0,5000,0.012378901484343542,0.3815003513376294,5000,0.006762716764030167,0.6349507020817773,negated_raw_is_spoof,screen,0.41910102777522734,0.6762074038018293
ASVspoof2019_LA,RawBMamba,preemphasized_crop,frame_rms_cv,0,5000,0.19306332100253282,3.4552477010349813e-43,5000,0.16715429287121839,3.15044665635675e-32,negated_raw_is_spoof,screen,2.1302077569683553e-42,1.506832849161378e-31
ASVspoof2019_LA,RawBMamba,preemphasized_crop,frame_rms_range_db,0,5000,-0.054234312153372474,0.0001246428425989156,5000,-0.047279172055742565,0.0008969235275103746,negated_raw_is_spoof,screen,0.0001905801825403215,0.001414865282833267
ASVspoof2019_LA,RawBMamba,preemphasized_crop,spectral_centroid_hz,0,5000,0.08855383938215357,3.5538389934688845e-10,5000,0.09908343209560166,3.0993091602475787e-12,negated_raw_is_spoof,screen,7.107677986937769e-10,7.559839403580301e-12
ASVspoof2019_LA,RawBMamba,preemphasized_crop,spectral_centroid_std_hz,0,5000,-0.08099451203978046,9.741518226579218e-09,5000,-0.06386467163477061,7.186419165749142e-06,negated_raw_is_spoof,screen,1.8307630760085203e-08,1.3267235382921493e-05
ASVspoof2019_LA,RawBMamba,preemphasized_crop,spectral_bandwidth_hz,0,5000,0.15258816187952645,1.9831876252043987e-27,5000,0.09376742455572887,4.186579376260007e-11,negated_raw_is_spoof,screen,7.529390305860768e-27,9.785674229032086e-11
ASVspoof2019_LA,RawBMamba,preemphasized_crop,spectral_rolloff85_hz,0,5000,0.13090606857776813,1.483715332756526e-20,5000,0.11035025727717147,7.805919305132529e-15,negated_raw_is_spoof,screen,4.511568794626178e-20,2.1151523278423626e-14
ASVspoof2019_LA,RawBMamba,preemphasized_crop,spectral_flatness,0,5000,0.1867112866633379,1.857517825692745e-40,5000,0.15028998531166776,2.644203488807626e-26,negated_raw_is_spoof,screen,1.0668820332183972e-39,1.0212096232636347e-25
ASVspoof2019_LA,RawBMamba,preemphasized_crop,spectral_slope_db_per_khz,0,5000,0.07995552924622117,1.5017686805405e-08,5000,0.09754320777178407,6.685256922325733e-12,negated_raw_is_spoof,screen,2.7916695804238338e-08,1.6218385024559178e-11
ASVspoof2019_LA,RawBMamba,preemphasized_crop,low_high_energy_ratio_db,0,5000,-0.04571031552441262,0.0012245933976543428,5000,-0.06562611471844224,3.985434713702424e-06,negated_raw_is_spoof,screen,0.001739802882079743,7.501994755204563e-06
ASVspoof2019_LA,RawBMamba,preemphasized_crop,spectral_flux,0,5000,-0.1835203731460284,4.017764459133635e-39,5000,-0.13950945198655154,7.408372653571801e-23,negated_raw_is_spoof,screen,2.204030789010451e-38,2.5596022741389463e-22
ASVspoof2019_LA,RawBMamba,preemphasized_crop,f0_median_hz,0,4109,-0.0043319668309693745,0.7813176588326827,4109,0.035309052949884026,0.02481414753367643,negated_raw_is_spoof,screen,0.7955234344478224,0.03378947749266578
ASVspoof2019_LA,RawBMamba,preemphasized_crop,f0_iqr_hz,0,4109,-0.07359374463915655,2.3303496245369286e-06,4109,-0.004798643441179676,0.7604317139493215,negated_raw_is_spoof,screen,3.944571656646892e-06,0.7941105078072169
ASVspoof2019_LA,RawBMamba,preemphasized_crop,voiced_fraction,0,5000,-0.08059862451846143,1.1495463436395858e-08,5000,-0.042656177384263784,0.0027357604897549864,negated_raw_is_spoof,screen,2.1517970555036257e-08,0.004112821138960517
ASVspoof2019_LA,RawBMamba,preemphasized_crop,hnr_db,0,4109,-0.010427838639415946,0.503971021712186,4109,0.02051253524929219,0.19239360279959786,negated_raw_is_spoof,screen,0.5371427860278969,0.2314923922673765
ASVspoof2019_LA,RawBMamba,preemphasized_crop,cpp_proxy_db,0,4109,-0.11496750316745465,1.4478239731802094e-13,4109,-0.04723916292235604,0.0026705528646861947,negated_raw_is_spoof,screen,3.314949608099151e-13,0.004023792657105656
ASVspoof2019_LA,RawBMamba,preemphasized_crop,jitter_proxy,0,4109,0.008425958572003048,0.5892234565187483,4109,0.0249874609096877,0.11228988752382185,negated_raw_is_spoof,screen,0.6183218211464866,0.1399977818478818
ASVspoof2019_LA,RawBMamba,preemphasized_crop,shimmer_proxy_db,0,4109,-0.024555625375996402,0.11553129838785256,4109,-0.01657917638337765,0.29209574997709087,negated_raw_is_spoof,screen,0.13644469686579425,0.3361101780558306
ASVspoof2019_LA,RawBMamba,preemphasized_crop,f0_delta_hz,0,4109,-0.011181791674323104,0.4736371530870749,4109,0.032728740494016195,0.037508586538463694,negated_raw_is_spoof,screen,0.5068219217747043,0.05016073662457234
ASVspoof2019_LA,RawBMamba,preemphasized_crop,group_delay_var,0,5000,0.17333436885337475,5.050204096778417e-35,5000,0.15321653792629258,2.7603380430407745e-27,negated_raw_is_spoof,screen,2.348607026321866e-34,1.1140823813353757e-26
ASVspoof2019_LA,RawBMamba,preemphasized_crop,inst_freq_dispersion,0,5000,-0.013062830134101902,0.355751894660821,5000,-0.019841141522166546,0.1636045920298808,negated_raw_is_spoof,screen,0.3925538147981473,0.19863104940213172
ASVspoof2019_LA,RawBMamba,preemphasized_crop,modulation_centroid_hz,0,5000,-0.08531947406877895,1.517353670115187e-09,5000,-0.06408272275554426,6.6860303372375464e-06,negated_raw_is_spoof,screen,2.9641327509226904e-09,1.242880328249967e-05
ASVspoof2019_LA,RawBMamba,preemphasized_crop,modulation_entropy,0,5000,-0.030646678633867143,0.030233742615609818,5000,-0.017990006068765305,0.20656777042561916,negated_raw_is_spoof,screen,0.038046956999419096,0.2469991845658649
ASVspoof2019_LA,RawBMamba,preemphasized_crop,crest_factor_db,1,5000,-0.2527823661432946,9.63935091820515e-74,5000,-0.262525395905107,8.103415737907864e-79,negated_raw_is_spoof,screen,1.1777534212788836e-72,1.0178496029671185e-77
ASVspoof2019_LA,RawBMamba,preemphasized_crop,peak_dbfs,1,5000,0.07424420002758661,1.4738265210354626e-07,5000,0.035790735111451095,0.011793212873691849,negated_raw_is_spoof,screen,2.592700057947201e-07,0.016719491669031483
ASVspoof2019_LA,RawBMamba,preemphasized_crop,rms_dbfs,1,5000,0.2992580949783238,5.625282123366601e-104,5000,0.48540548943871026,4.760843965151709e-291,negated_raw_is_spoof,screen,1.0500526630284323e-102,7.1095269879598855e-289
ASVspoof2019_LA,RawBMamba,preemphasized_crop,integrated_lufs,1,5000,0.08605530392221214,1.0956344443540804e-09,5000,0.09001185494110582,2.226883763578742e-10,negated_raw_is_spoof,screen,2.1559775888900205e-09,5.072765725847167e-10
ASVspoof2019_LA,RawBMamba,preemphasized_crop,silence_fraction,1,5000,-0.2279064804977436,6.373146440686566e-60,5000,-0.24060673665679258,3.9586275051236877e-66,negated_raw_is_spoof,screen,5.6725223948892355e-59,4.189287690461604e-65
ASVspoof2019_LA,RawBMamba,preemphasized_crop,clipping_fraction,1,5000,0.0333730379373682,0.01827998842204988,5000,0.004151774678123761,0.7702631305604604,negated_raw_is_spoof,screen,0.023532858658271115,0.8006447389584368
ASVspoof2019_LA,RawBMamba,preemphasized_crop,frame_rms_cv,1,5000,-0.3746406665376266,2.1933877547825785e-166,5000,-0.39940282877087774,5.3731494307470515e-189,negated_raw_is_spoof,screen,8.670332771846427e-165,1.5698940945487035e-187
ASVspoof2019_LA,RawBMamba,preemphasized_crop,frame_rms_range_db,1,5000,-0.07309483943579356,2.288704803676528e-07,5000,-0.09398727011777509,3.458624141148606e-11,negated_raw_is_spoof,screen,4.005233406433924e-07,8.126557422558961e-11
ASVspoof2019_LA,RawBMamba,preemphasized_crop,spectral_centroid_hz,1,5000,-0.37134352221374084,2.791124754191714e-163,5000,-0.41337825617911594,1.2453920793090353e-203,negated_raw_is_spoof,screen,1.0420199082315733e-161,3.985254653788913e-202
ASVspoof2019_LA,RawBMamba,preemphasized_crop,spectral_centroid_std_hz,1,5000,0.06754654657386186,1.7483531128095454e-06,5000,0.12035178954567446,1.9580037414423082e-17,negated_raw_is_spoof,screen,2.970653076632148e-06,5.708366656178877e-17
ASVspoof2019_LA,RawBMamba,preemphasized_crop,spectral_bandwidth_hz,1,5000,-0.4446376607295064,2.1788234624543106e-241,5000,-0.5074897127723437,0.0,negated_raw_is_spoof,screen,2.9283387335385933e-239,0.0
ASVspoof2019_LA,RawBMamba,preemphasized_crop,spectral_rolloff85_hz,1,5000,-0.39439626706508996,9.256136332217817e-186,5000,-0.441828995185465,1.1586441884965473e-235,negated_raw_is_spoof,screen,5.923927252619403e-184,5.369716514963309e-234
ASVspoof2019_LA,RawBMamba,preemphasized_crop,spectral_flatness,1,5000,-0.4599018686631124,3.0449724578531852e-260,5000,-0.5176683276497254,0.0,negated_raw_is_spoof,screen,5.846347119078115e-258,0.0
ASVspoof2019_LA,RawBMamba,preemphasized_crop,spectral_slope_db_per_khz,1,5000,-0.2507259898050396,1.539360989321243e-72,5000,-0.2870533633008422,1.5875303103298712e-94,negated_raw_is_spoof,screen,1.8148255874103078e-71,2.5706514904618636e-93
ASVspoof2019_LA,RawBMamba,preemphasized_crop,low_high_energy_ratio_db,1,5000,0.3276720224188809,1.843565468286245e-125,5000,0.39419766764606734,1.0085752740612059e-183,negated_raw_is_spoof,screen,4.346933314695988e-124,2.7110503366765215e-182
ASVspoof2019_LA,RawBMamba,preemphasized_crop,spectral_flux,1,5000,0.32216069336589137,4.1568785032330406e-121,5000,0.4281922408641815,6.3314588282514115e-220,negated_raw_is_spoof,screen,9.311407847242012e-120,2.5027884309323223e-218
ASVspoof2019_LA,RawBMamba,preemphasized_crop,f0_median_hz,1,4217,-0.12088798196142937,3.357353013884961e-15,4217,-0.05679353266525118,0.0002444416651067205,negated_raw_is_spoof,screen,8.264253572639904e-15,0.0004086189028649656
ASVspoof2019_LA,RawBMamba,preemphasized_crop,f0_iqr_hz,1,4217,0.0038278214839763632,0.8037476125496944,4217,0.09667868250569381,4.0106547278749715e-10,negated_raw_is_spoof,screen,0.817741704214072,9.059361267670524e-10
ASVspoof2019_LA,RawBMamba,preemphasized_crop,voiced_fraction,1,5000,0.2407694142257948,7.200965226760062e-67,5000,0.3213452321357547,2.758631902369991e-119,negated_raw_is_spoof,screen,7.331891867246609e-66,5.221973629275025e-118
ASVspoof2019_LA,RawBMamba,preemphasized_crop,hnr_db,1,4217,-0.12023699315418089,4.7212896022246516e-15,4217,-0.11048766906511452,8.552283789070345e-13,negated_raw_is_spoof,screen,1.1579221214215205e-14,2.1129171714173792e-12
ASVspoof2019_LA,RawBMamba,preemphasized_crop,cpp_proxy_db,1,4217,-0.01218105767055187,0.42905276000812925,4217,0.04036611907131336,0.009160476608135468,negated_raw_is_spoof,screen,0.46503783020235945,0.013167572792870662
ASVspoof2019_LA,RawBMamba,preemphasized_crop,jitter_proxy,1,4217,0.025102546585886107,0.10312399163624265,4217,0.05636858065612823,0.00027208299863970786,negated_raw_is_spoof,screen,0.12298016393887323,0.00045257370070763287
ASVspoof2019_LA,RawBMamba,preemphasized_crop,shimmer_proxy_db,1,4217,0.20106031579375064,1.034838960441334e-39,4217,0.23338035607442045,1.1736611054659778e-52,negated_raw_is_spoof,screen,5.79509817847147e-39,9.333730921575586e-52
ASVspoof2019_LA,RawBMamba,preemphasized_crop,f0_delta_hz,1,4217,-0.07070514591947447,4.3094195594383405e-06,4217,0.018979229029631627,0.22061451287823308,negated_raw_is_spoof,screen,7.185930381991477e-06,0.26123868309105314
ASVspoof2019_LA,RawBMamba,preemphasized_crop,group_delay_var,1,5000,-0.24702402748096106,2.11664256205724e-70,5000,-0.2700257315398341,1.893420004634123e-83,negated_raw_is_spoof,screen,2.3128191897601063e-69,2.5966902920696543e-82
ASVspoof2019_LA,RawBMamba,preemphasized_crop,inst_freq_dispersion,1,5000,-0.19054503621622101,4.2914746343379814e-42,5000,-0.20969743631369733,2.596430957736104e-50,negated_raw_is_spoof,screen,2.574884780602789e-41,1.9279575730371953e-49
ASVspoof2019_LA,RawBMamba,preemphasized_crop,modulation_centroid_hz,1,5000,0.3391015800280632,8.813864607033111e-135,5000,0.3700853605384751,1.6688087224378418e-160,negated_raw_is_spoof,screen,2.1936729688615744e-133,3.617546649929773e-159
ASVspoof2019_LA,RawBMamba,preemphasized_crop,modulation_entropy,1,5000,0.24529254952370197,2.058293716171374e-69,5000,0.31217516452389255,2.4629254449827176e-112,negated_raw_is_spoof,screen,2.195513297249466e-68,4.5974608306344056e-111
ASVspoof2019_LA,RawTFNet,preemphasized_crop,crest_factor_db,0,5000,0.004127997285615251,0.7704229155467818,5000,0.023712097778777988,0.09593250341774476,negated_raw_is_spoof,screen,0.7856445066474326,0.12087145871647052
ASVspoof2019_LA,RawTFNet,preemphasized_crop,peak_dbfs,0,5000,-0.0026368598019806695,0.8521249370405948,5000,0.010082156515752137,0.47905803257745555,negated_raw_is_spoof,screen,0.8630413831066762,0.526024506359559
ASVspoof2019_LA,RawTFNet,preemphasized_crop,rms_dbfs,0,5000,0.002546025126146528,0.8571632121784007,5000,-0.03416494453084721,0.01643132315232564,negated_raw_is_spoof,screen,0.8674904797950079,0.022932189321625815
ASVspoof2019_LA,RawTFNet,preemphasized_crop,integrated_lufs,0,5000,0.04934433831569486,0.0004822521328554772,5000,0.04284960889190551,0.002613591263032964,negated_raw_is_spoof,screen,0.000706042338298215,0.0039423868210059524
ASVspoof2019_LA,RawTFNet,preemphasized_crop,silence_fraction,0,5000,-0.010405293720913927,0.46197335635630515,5000,-0.0055923451866404135,0.694611966373112,negated_raw_is_spoof,screen,0.49631669939478346,0.7327774590309752
ASVspoof2019_LA,RawTFNet,preemphasized_crop,clipping_fraction,0,5000,0.10548409008912314,7.554479224022581e-14,5000,0.05561000219625977,9.34384330099851e-05,negated_raw_is_spoof,screen,1.7627118189386023e-13,0.00016058983883046032
ASVspoof2019_LA,RawTFNet,preemphasized_crop,frame_rms_cv,0,5000,0.09295713756944037,4.528026304416381e-11,5000,0.00985758408691294,0.4889049792813897,negated_raw_is_spoof,screen,9.362565158670178e-11,0.5342181237025917
ASVspoof2019_LA,RawTFNet,preemphasized_crop,frame_rms_range_db,0,5000,-0.18664111516804152,1.9886325279696415e-40,5000,-0.057307667419383895,5.6614401933633366e-05,negated_raw_is_spoof,screen,1.1373285606771057e-39,9.907520338385839e-05
ASVspoof2019_LA,RawTFNet,preemphasized_crop,spectral_centroid_hz,0,5000,0.11937618560537255,2.4674305282604523e-17,5000,0.07529285802818925,1.201155493058202e-07,negated_raw_is_spoof,screen,6.592895884656159e-17,2.434921542489025e-07
ASVspoof2019_LA,RawTFNet,preemphasized_crop,spectral_centroid_std_hz,0,5000,-0.041617652005700195,0.0032467926870404537,5000,-0.0042147681063362565,0.7673126793587584,negated_raw_is_spoof,screen,0.004448205271541662,0.7981952330171604
ASVspoof2019_LA,RawTFNet,preemphasized_crop,spectral_bandwidth_hz,0,5000,0.17455294722706424,1.682133329313787e-35,5000,0.037922868857684186,0.007738584468481476,negated_raw_is_spoof,screen,8.016975867367835e-35,0.011243954081772003
ASVspoof2019_LA,RawTFNet,preemphasized_crop,spectral_rolloff85_hz,0,5000,0.14932749720932736,2.5114580750829774e-26,5000,0.06693379903385394,2.548034914133646e-06,negated_raw_is_spoof,screen,9.147424533635561e-26,4.850650034837989e-06
ASVspoof2019_LA,RawTFNet,preemphasized_crop,spectral_flatness,0,5000,0.2079700347577055,5.575142699401774e-50,5000,0.06569714420636358,3.890588517996115e-06,negated_raw_is_spoof,screen,4.117028454942849e-49,7.333732073193238e-06
ASVspoof2019_LA,RawTFNet,preemphasized_crop,spectral_slope_db_per_khz,0,5000,0.16784851033408224,6.446630566760944e-33,5000,0.08160632656481716,9.545986403242727e-09,negated_raw_is_spoof,screen,2.8784955088793047e-32,2.0397147418057592e-08
ASVspoof2019_LA,RawTFNet,preemphasized_crop,low_high_energy_ratio_db,0,5000,-0.10116429218671141,7.499373329845535e-13,5000,-0.07656517877559575,7.32426462163505e-08,negated_raw_is_spoof,screen,1.6604872743513013e-12,1.5028720078591612e-07
ASVspoof2019_LA,RawTFNet,preemphasized_crop,spectral_flux,0,5000,-0.1359590310164654,4.626250957931198e-22,5000,-0.04565208347570144,0.001343147290525416,negated_raw_is_spoof,screen,1.4803249456840344e-21,0.0020917612496711
ASVspoof2019_LA,RawTFNet,preemphasized_crop,f0_median_hz,0,4109,0.01263532852622983,0.4180958445381668,4109,0.04929350919163773,0.001723937704933577,negated_raw_is_spoof,screen,0.4542609660948231,0.002660128904053648
ASVspoof2019_LA,RawTFNet,preemphasized_crop,f0_iqr_hz,0,4109,-0.11711815127569966,5.0317378003980364e-14,4109,-0.07057953208278829,7.1117129129986835e-06,negated_raw_is_spoof,screen,1.1802191280514766e-13,1.3165485062080209e-05
ASVspoof2019_LA,RawTFNet,preemphasized_crop,voiced_fraction,0,5000,-0.10924377514145359,9.486099864131253e-15,5000,-0.07877560701704271,3.043521150535004e-08,negated_raw_is_spoof,screen,2.2766639673915004e-14,6.361574535488406e-08
ASVspoof2019_LA,RawTFNet,preemphasized_crop,hnr_db,0,4109,-0.011735630461488959,0.4520099736926233,4109,-0.033382658468054154,0.03385708275005415,negated_raw_is_spoof,screen,0.48639023590303104,0.045458460755317454
ASVspoof2019_LA,RawTFNet,preemphasized_crop,cpp_proxy_db,0,4109,-0.15254331871146043,8.126628267977598e-23,4109,-0.11241330445974822,7.74396204482372e-13,negated_raw_is_spoof,screen,2.6382097565608434e-22,1.930961964423577e-12
ASVspoof2019_LA,RawTFNet,preemphasized_crop,jitter_proxy,0,4109,0.021596589269564113,0.16632367417523575,4109,-0.0008165098496404059,0.958622615937365,negated_raw_is_spoof,screen,0.19204382997552993,0.9658086925186047
ASVspoof2019_LA,RawTFNet,preemphasized_crop,shimmer_proxy_db,0,4109,-0.03595789160007998,0.021166672910422252,4109,0.009631022202102239,0.5405495956706974,negated_raw_is_spoof,screen,0.027016152318715583,0.5840021355156088
ASVspoof2019_LA,RawTFNet,preemphasized_crop,f0_delta_hz,0,4109,0.0075846249235637835,0.626935427340607,4109,0.016791729645331016,0.2859519759770651,negated_raw_is_spoof,screen,0.6541934893988942,0.32932258415867655
ASVspoof2019_LA,RawTFNet,preemphasized_crop,group_delay_var,0,5000,0.12834434247717502,8.181624623345329e-20,5000,0.01833823130848073,0.19791582726695903,negated_raw_is_spoof,screen,2.423189169058302e-19,0.2377112348943637
ASVspoof2019_LA,RawTFNet,preemphasized_crop,inst_freq_dispersion,0,5000,0.018097033052273902,0.2007427555205739,5000,-0.01720023239686237,0.2272003911117823,negated_raw_is_spoof,screen,0.22942029202351305,0.2683280541777113
ASVspoof2019_LA,RawTFNet,preemphasized_crop,modulation_centroid_hz,0,5000,-0.15707036727766313,5.516181827148331e-29,5000,-0.03671684763399902,0.009922673774359975,negated_raw_is_spoof,screen,2.2064727308593324e-28,0.01423273591541068
ASVspoof2019_LA,RawTFNet,preemphasized_crop,modulation_entropy,0,5000,-0.1536294345316129,8.711570030166453e-28,5000,-0.023567709684655297,0.09797313840767113,negated_raw_is_spoof,screen,3.3452428915839185e-27,0.12294668349197946
ASVspoof2019_LA,RawTFNet,preemphasized_crop,crest_factor_db,1,5000,-0.107284829157968,2.8216847661927018e-14,5000,-0.09558812329788025,1.5952736585745607e-11,negated_raw_is_spoof,screen,6.688437964308627e-14,3.8423795647387266e-11
ASVspoof2019_LA,RawTFNet,preemphasized_crop,peak_dbfs,1,5000,0.08580584279888646,1.2238883605192456e-09,5000,-0.0020644452756314957,0.8845450140209741,negated_raw_is_spoof,screen,2.4048332697922016e-09,0.9054291689597785
ASVspoof2019_LA,RawTFNet,preemphasized_crop,rms_dbfs,1,5000,0.17301423754872186,6.732196579126854e-35,5000,0.1283517569916319,1.2393790950990871e-19,negated_raw_is_spoof,screen,3.109303162318382e-34,3.8918820182550773e-19
ASVspoof2019_LA,RawTFNet,preemphasized_crop,integrated_lufs,1,5000,0.12454404052075069,9.673150648335287e-19,5000,0.10662835831675316,5.382654705905347e-14,negated_raw_is_spoof,screen,2.7602366181236996e-18,1.4019937838637182e-13
ASVspoof2019_LA,RawTFNet,preemphasized_crop,silence_fraction,1,5000,-0.0014861858049527944,0.9163258274021581,5000,-0.010183261598613309,0.4738100860280639,negated_raw_is_spoof,screen,0.919061128379478,0.5215403403945273
ASVspoof2019_LA,RawTFNet,preemphasized_crop,clipping_fraction,1,5000,0.07932317641124742,1.9492681966667966e-08,5000,0.04735386187027288,0.000860176384595817,negated_raw_is_spoof,screen,3.60856261201126e-08,0.0013616926512329541
ASVspoof2019_LA,RawTFNet,preemphasized_crop,frame_rms_cv,1,5000,-0.07463217821907829,1.268485654198119e-07,5000,-0.08762136876667363,6.615012690020025e-10,negated_raw_is_spoof,screen,2.2432167358450948e-07,1.4768400424230753e-09
ASVspoof2019_LA,RawTFNet,preemphasized_crop,frame_rms_range_db,1,5000,0.03033387044608283,0.031961979103362445,5000,0.012990716852888605,0.36082947691059825,negated_raw_is_spoof,screen,0.0401091502473568,0.4076980019889712
ASVspoof2019_LA,RawTFNet,preemphasized_crop,spectral_centroid_hz,1,5000,-0.08103713791543041,9.568963784537329e-09,5000,-0.11893780975617037,4.6305141325983675e-17,negated_raw_is_spoof,screen,1.8037429630320013e-08,1.3269533036699798e-16
ASVspoof2019_LA,RawTFNet,preemphasized_crop,spectral_centroid_std_hz,1,5000,-0.011551872558352147,0.4141206097641615,5000,-0.011452660166876759,0.42047987975065837,negated_raw_is_spoof,screen,0.45030590576297175,0.4701538755281904
ASVspoof2019_LA,RawTFNet,preemphasized_crop,spectral_bandwidth_hz,1,5000,-0.1282338896604332,8.799880575486016e-20,5000,-0.1353133044143104,1.1579845153854998e-21,negated_raw_is_spoof,screen,2.5936490117221943e-19,3.871470618602268e-21
ASVspoof2019_LA,RawTFNet,preemphasized_crop,spectral_rolloff85_hz,1,5000,-0.07784692579466315,3.5559071457402735e-08,5000,-0.10801703063102862,2.5356569868949707e-14,negated_raw_is_spoof,screen,6.484585079884569e-08,6.721741598396135e-14
ASVspoof2019_LA,RawTFNet,preemphasized_crop,spectral_flatness,1,5000,-0.20305878755609835,1.1066958241687319e-47,5000,-0.19160235516358587,3.8312901295127e-42,negated_raw_is_spoof,screen,7.667006122076163e-47,2.362043089020674e-41
ASVspoof2019_LA,RawTFNet,preemphasized_crop,spectral_slope_db_per_khz,1,5000,-0.09640556512253634,8.4257670678246e-12,5000,-0.1268712832987829,3.242093438581516e-19,negated_raw_is_spoof,screen,1.8032214871267933e-11,1.0016950761962202e-18
ASVspoof2019_LA,RawTFNet,preemphasized_crop,low_high_energy_ratio_db,1,5000,0.08335511080820496,3.571728807992505e-09,5000,0.13150072932998233,1.5439519103353947e-20,negated_raw_is_spoof,screen,6.82845450631853e-09,4.9881523256989676e-20
ASVspoof2019_LA,RawTFNet,preemphasized_crop,spectral_flux,1,5000,0.10833579357323192,1.576076917768251e-14,5000,0.11672300706253372,1.7468875904589954e-16,negated_raw_is_spoof,screen,3.775842027594527e-14,4.953200256491329e-16
ASVspoof2019_LA,RawTFNet,preemphasized_crop,f0_median_hz,1,4217,-0.013356162877271054,0.3858818377991703,4217,-0.012777542544760411,0.4095953054155612,negated_raw_is_spoof,screen,0.4230221778157299,0.45989648327361254
ASVspoof2019_LA,RawTFNet,preemphasized_crop,f0_iqr_hz,1,4217,0.014887185031460411,0.3337853382417464,4217,0.029130842199084094,0.060067498147958545,negated_raw_is_spoof,screen,0.3689206370040355,0.07800069324720414
ASVspoof2019_LA,RawTFNet,preemphasized_crop,voiced_fraction,1,5000,0.03125215756661785,0.027115680074147375,5000,0.04307406086864993,0.0024360787890079314,negated_raw_is_spoof,screen,0.03425138535681774,0.003682890767634038
ASVspoof2019_LA,RawTFNet,preemphasized_crop,hnr_db,1,4217,-0.12257025133402794,1.3793441350625658e-15,4217,-0.11966704255824914,9.165426313254178e-15,negated_raw_is_spoof,screen,3.4457965009741418e-15,2.471759247482186e-14
ASVspoof2019_LA,RawTFNet,preemphasized_crop,cpp_proxy_db,1,4217,0.027769232341133484,0.07137196069561708,4217,0.0025519301927993767,0.8691928529250789,negated_raw_is_spoof,screen,0.08673048388328151,0.892433303538049
ASVspoof2019_LA,RawTFNet,preemphasized_crop,jitter_proxy,1,4217,0.05111116212015777,0.0008993207184092173,4217,0.07050646386835596,5.222152027505149e-06,negated_raw_is_spoof,screen,0.0012954845075476829,9.761574860871933e-06
ASVspoof2019_LA,RawTFNet,preemphasized_crop,shimmer_proxy_db,1,4217,0.1443297170273384,4.548758460380034e-21,4217,0.137360376169905,5.266196893213323e-19,negated_raw_is_spoof,screen,1.4054095105174174e-20,1.608583778290615e-18
ASVspoof2019_LA,RawTFNet,preemphasized_crop,f0_delta_hz,1,4217,0.026545020750311003,0.08478284353371639,4217,0.050679012464669215,0.0010657506283107074,negated_raw_is_spoof,screen,0.10247135045801693,0.0016713755477824864
ASVspoof2019_LA,RawTFNet,preemphasized_crop,group_delay_var,1,5000,-0.036150301062879656,0.01057588158563835,5000,-0.020238759954693215,0.15453067758315323,negated_raw_is_spoof,screen,0.013894413344181764,0.18880839151977993
ASVspoof2019_LA,RawTFNet,preemphasized_crop,inst_freq_dispersion,1,5000,-0.12345868694131418,1.9318336269176704e-18,5000,-0.12839582244684097,1.2042008146458722e-19,negated_raw_is_spoof,screen,5.4317665158521946e-18,3.7902714165902864e-19
ASVspoof2019_LA,RawTFNet,preemphasized_crop,modulation_centroid_hz,1,5000,0.1730297773093438,6.638990310933676e-35,5000,0.1826055687125185,2.2521970621621565e-38,negated_raw_is_spoof,screen,3.076828613067193e-34,1.2880650432110377e-37
ASVspoof2019_LA,RawTFNet,preemphasized_crop,modulation_entropy,1,5000,0.12226243631743175,4.111500950500673e-18,5000,0.15660277248590743,1.506087719631332e-28,negated_raw_is_spoof,screen,1.1488268768134939e-17,6.305862601820904e-28
ASVspoof2019_LA,Res2TCNGuard,preemphasized_crop,crest_factor_db,0,5000,-0.08166573754058948,7.34426095240382e-09,5000,-0.039407740808876345,0.005646594700656836,negated_raw_is_spoof,screen,1.3902375662015117e-08,0.00829401451112873
ASVspoof2019_LA,Res2TCNGuard,preemphasized_crop,peak_dbfs,0,5000,0.11095967244903904,3.592661734527188e-15,5000,0.058728211636213834,3.683667018740661e-05,negated_raw_is_spoof,screen,8.827307808417808e-15,6.54009045335198e-05
ASVspoof2019_LA,Res2TCNGuard,preemphasized_crop,rms_dbfs,0,5000,0.19090699719286164,2.994235808342639e-42,5000,0.15889790193773287,3.020531782183231e-29,negated_raw_is_spoof,screen,1.8127265434290573e-41,1.2766021117151769e-28
ASVspoof2019_LA,Res2TCNGuard,preemphasized_crop,integrated_lufs,0,5000,0.12212120581577914,4.4927893333729e-18,5000,0.051627637723827516,0.0002864936893556345,negated_raw_is_spoof,screen,1.247584476044045e-17,0.00047536730678268246
ASVspoof2019_LA,Res2TCNGuard,preemphasized_crop,silence_fraction,0,5000,-0.14178273853352166,7.200731421564256e-24,5000,-0.20076740184636613,5.19134900403938e-46,negated_raw_is_spoof,screen,2.4134122270778952e-23,3.633944302827566e-45
ASVspoof2019_LA,Res2TCNGuard,preemphasized_crop,clipping_fraction,0,5000,0.11788414759446524,6.126952896192189e-17,5000,0.033472299161964425,0.018747014924009965,negated_raw_is_spoof,screen,1.6083251352504496e-16,0.02594849439533408
ASVspoof2019_LA,Res2TCNGuard,preemphasized_crop,frame_rms_cv,0,5000,-0.09981697628307466,1.504938997232317e-12,5000,-0.1788696168412874,9.918671582161905e-37,negated_raw_is_spoof,screen,3.2995726138339872e-12,5.41898154732748e-36
ASVspoof2019_LA,Res2TCNGuard,preemphasized_crop,frame_rms_range_db,0,5000,-0.05275675286353628,0.0001898658899936843,5000,-0.07591763182048446,9.430444146126171e-08,negated_raw_is_spoof,screen,0.00028704134550226285,1.920381353392966e-07
ASVspoof2019_LA,Res2TCNGuard,preemphasized_crop,spectral_centroid_hz,0,5000,-0.02269596897238346,0.10857024019390182,5000,-0.07206652574798995,4.064883533387702e-07,negated_raw_is_spoof,screen,0.12890318270371384,7.975479516603024e-07
ASVspoof2019_LA,Res2TCNGuard,preemphasized_crop,spectral_centroid_std_hz,0,5000,0.08099763050584916,9.728792474321672e-09,5000,0.06069750931527841,1.998156619512648e-05,negated_raw_is_spoof,screen,1.8307630760085203e-08,3.580696662166665e-05
ASVspoof2019_LA,Res2TCNGuard,preemphasized_crop,spectral_bandwidth_hz,0,5000,-0.046401312705166134,0.0010306787441902352,5000,-0.15291181324773612,3.4998738236235654e-27,negated_raw_is_spoof,screen,0.0014752206945598254,1.3999495294494262e-26
ASVspoof2019_LA,Res2TCNGuard,preemphasized_crop,spectral_rolloff85_hz,0,5000,-0.04025225535156138,0.004417409953129416,5000,-0.1099441857987432,9.792580138336502e-15,negated_raw_is_spoof,screen,0.006003032332665253,2.6269915580687143e-14
ASVspoof2019_LA,Res2TCNGuard,preemphasized_crop,spectral_flatness,0,5000,-0.0903415600608398,1.5577947370544832e-10,5000,-0.1459950509072498,6.717990249830791e-25,negated_raw_is_spoof,screen,3.1483851527837975e-10,2.4941930651305475e-24
ASVspoof2019_LA,Res2TCNGuard,preemphasized_crop,spectral_slope_db_per_khz,0,5000,0.025231413313862087,0.07442882474845247,5000,-0.03200905451906213,0.024594277881509717,negated_raw_is_spoof,screen,0.09036345118511302,0.03352404611840675
ASVspoof2019_LA,Res2TCNGuard,preemphasized_crop,low_high_energy_ratio_db,0,5000,-0.02294031735016326,0.10481764263952313,5000,0.00036912926936507793,0.9793258655916527,negated_raw_is_spoof,screen,0.1246680634579815,0.9822492263844637
ASVspoof2019_LA,Res2TCNGuard,preemphasized_crop,spectral_flux,0,5000,0.14202866662278146,6.016313211390261e-24,5000,0.13179958433070896,1.495370194122702e-20,negated_raw_is_spoof,screen,2.026547608047246e-23,4.8428374479540034e-20
ASVspoof2019_LA,Res2TCNGuard,preemphasized_crop,f0_median_hz,0,4109,0.19327229369353882,7.158430563125437e-36,4109,0.05433784687604895,0.0005497796124055538,negated_raw_is_spoof,screen,3.536222325978018e-35,0.0008913194198710065
ASVspoof2019_LA,Res2TCNGuard,preemphasized_crop,f0_iqr_hz,0,4109,0.03644732013780715,0.019470787200818542,4109,-0.010521586265331354,0.5037672365693132,negated_raw_is_spoof,screen,0.024980066471168023,0.547784033270488
ASVspoof2019_LA,Res2TCNGuard,preemphasized_crop,voiced_fraction,0,5000,0.04086412037749931,0.0038522430617815183,5000,0.006089665574150689,0.6690017574219856,negated_raw_is_spoof,screen,0.005261600279506464,0.7102198751778426
ASVspoof2019_LA,Res2TCNGuard,preemphasized_crop,hnr_db,0,4109,0.023881259019179982,0.12587406693513956,4109,-0.002247586322630304,0.8864364527634444,negated_raw_is_spoof,screen,0.1481390069709523,0.906674727940692
ASVspoof2019_LA,Res2TCNGuard,preemphasized_crop,cpp_proxy_db,0,4109,0.0440720862767211,0.004719224512757885,4109,-0.02892423786566541,0.06602277810060636,negated_raw_is_spoof,screen,0.006387349189472908,0.08515797866335408
ASVspoof2019_LA,Res2TCNGuard,preemphasized_crop,jitter_proxy,0,4109,0.03973326752035995,0.010859359489092313,4109,-0.0001714776368624558,0.9913064885466321,negated_raw_is_spoof,screen,0.014239004052039091,0.9935241764404724
ASVspoof2019_LA,Res2TCNGuard,preemphasized_crop,shimmer_proxy_db,0,4109,0.08442672482513722,5.962902526583419e-08,4109,0.028458521858024232,0.07050407501024582,negated_raw_is_spoof,screen,1.0742816348161012e-07,0.09033124577099179
ASVspoof2019_LA,Res2TCNGuard,preemphasized_crop,f0_delta_hz,0,4109,0.12523669782466926,7.809098978410685e-16,4109,0.022554825749111346,0.15175902633902208,negated_raw_is_spoof,screen,1.9877706490499924e-15,0.18567808940533995
ASVspoof2019_LA,Res2TCNGuard,preemphasized_crop,group_delay_var,0,5000,-0.12177213074580777,5.59141942908118e-18,5000,-0.18402540935148445,8.193899917306036e-39,negated_raw_is_spoof,screen,1.539931908337112e-17,4.70623995250398e-38
ASVspoof2019_LA,Res2TCNGuard,preemphasized_crop,inst_freq_dispersion,0,5000,0.023496131646033005,0.09666499044409142,5000,-0.026621678047980744,0.061586609892262244,negated_raw_is_spoof,screen,0.11575176162437702,0.07974220009171527
ASVspoof2019_LA,Res2TCNGuard,preemphasized_crop,modulation_centroid_hz,0,5000,-0.004496692019975601,0.75057122384556,5000,0.07060695584834957,6.940029487827943e-07,negated_raw_is_spoof,screen,0.767123745131888,1.3401436252357408e-06
ASVspoof2019_LA,Res2TCNGuard,preemphasized_crop,modulation_entropy,0,5000,-0.005023522569061468,0.7224921177170378,5000,0.08588415669984414,1.5362568964004726e-09,negated_raw_is_spoof,screen,0.742945222809257,3.3627512520557574e-09
ASVspoof2019_LA,Res2TCNGuard,preemphasized_crop,crest_factor_db,1,5000,0.011235805361701873,0.4270104200915855,5000,0.003575259795177326,0.8014437197055967,negated_raw_is_spoof,screen,0.4631977438281606,0.8292073589563679
ASVspoof2019_LA,Res2TCNGuard,preemphasized_crop,peak_dbfs,1,5000,0.1765417885482786,2.7483298433136626e-36,5000,0.05268651403426896,0.0002085200159960907,negated_raw_is_spoof,screen,1.3834289548365404e-35,0.00035031362687343233
ASVspoof2019_LA,Res2TCNGuard,preemphasized_crop,rms_dbfs,1,5000,0.1658239403649374,3.7041667205616014e-32,5000,0.04365300835987564,0.002126653309674495,negated_raw_is_spoof,screen,1.616363659881426e-31,0.003244292903748605
ASVspoof2019_LA,Res2TCNGuard,preemphasized_crop,integrated_lufs,1,5000,0.1834052846366131,4.4841614508071296e-39,5000,0.20727235843351818,3.512666519692686e-49,negated_raw_is_spoof,screen,2.449883329221456e-38,2.565773805688571e-48
ASVspoof2019_LA,Res2TCNGuard,preemphasized_crop,silence_fraction,1,5000,0.127536478168549,1.3918818412011923e-19,5000,0.10985032849939079,9.177141848910795e-15,negated_raw_is_spoof,screen,4.0844742239615776e-19,2.471759247482186e-14
ASVspoof2019_LA,Res2TCNGuard,preemphasized_crop,clipping_fraction,1,5000,0.047887815247509395,0.00070590195146525,5000,-0.01562861623707713,0.27161104750397713,negated_raw_is_spoof,screen,0.0010256564570478876,0.3152376924398491
ASVspoof2019_LA,Res2TCNGuard,preemphasized_crop,frame_rms_cv,1,5000,0.06410869518988642,5.7140502615018754e-06,5000,0.047595680087236025,0.0008089750688425701,negated_raw_is_spoof,screen,9.457738363865174e-06,0.0012866502394289093
ASVspoof2019_LA,Res2TCNGuard,preemphasized_crop,frame_rms_range_db,1,5000,0.16065162398192062,2.9182113489604553e-30,5000,0.14633998600083956,4.224872682574471e-25,negated_raw_is_spoof,screen,1.1957548942081864e-29,1.590540304028036e-24
ASVspoof2019_LA,Res2TCNGuard,preemphasized_crop,spectral_centroid_hz,1,5000,-0.019587051951952168,0.16611354829299552,5000,-0.05775931324862172,4.78072055311206e-05,negated_raw_is_spoof,screen,0.1919936429034646,8.410063381390849e-05
ASVspoof2019_LA,Res2TCNGuard,preemphasized_crop,spectral_centroid_std_hz,1,5000,-0.027506238956909707,0.05179105239134517,5000,-0.013265238061648204,0.35076959419598897,negated_raw_is_spoof,screen,0.06385979304033754,0.3991823324296437
ASVspoof2019_LA,Res2TCNGuard,preemphasized_crop,spectral_bandwidth_hz,1,5000,-0.08305816100431984,4.058402643841388e-09,5000,-0.08603416167681287,1.338097996214672e-09,negated_raw_is_spoof,screen,7.725910982043661e-09,2.938568148549868e-09
ASVspoof2019_LA,Res2TCNGuard,preemphasized_crop,spectral_rolloff85_hz,1,5000,-0.009128074321693068,0.5187299509130338,5000,-0.04124805809158739,0.003701257346755938,negated_raw_is_spoof,screen,0.5502549755541574,0.0055027542854424565
ASVspoof2019_LA,Res2TCNGuard,preemphasized_crop,spectral_flatness,1,5000,-0.2187321786957863,3.182185891654577e-55,5000,-0.20228211399311327,7.206998042995821e-47,negated_raw_is_spoof,screen,2.545748713323662e-54,5.09800282620336e-46
ASVspoof2019_LA,Res2TCNGuard,preemphasized_crop,spectral_slope_db_per_khz,1,5000,-0.09002241019505694,1.807028818021039e-10,5000,-0.12064104937276146,1.6398178564672384e-17,negated_raw_is_spoof,screen,3.6356986997309523e-10,4.7911199980260184e-17
ASVspoof2019_LA,Res2TCNGuard,preemphasized_crop,low_high_energy_ratio_db,1,5000,0.04942733007427946,0.0004717524278541337,5000,0.10507013944898298,1.253571582849102e-13,negated_raw_is_spoof,screen,0.000692934713700498,3.2152675712770865e-13
ASVspoof2019_LA,Res2TCNGuard,preemphasized_crop,spectral_flux,1,5000,0.12056173107114969,1.1880498127150213e-17,5000,0.153764392284995,1.4306901820173725e-27,negated_raw_is_spoof,screen,3.219231750582638e-17,5.8092072647472775e-27
ASVspoof2019_LA,Res2TCNGuard,preemphasized_crop,f0_median_hz,1,4217,-0.10952468003499824,9.912550235454295e-13,4217,-0.047899510266851936,0.0019823003485516556,negated_raw_is_spoof,screen,2.1875972933416373e-12,0.003037869633356243
ASVspoof2019_LA,Res2TCNGuard,preemphasized_crop,f0_iqr_hz,1,4217,-0.051607320752178325,0.000800739641979276,4217,0.012747602340532814,0.41069360391181803,negated_raw_is_spoof,screen,0.0011571979342152117,0.46074474428838347
ASVspoof2019_LA,Res2TCNGuard,preemphasized_crop,voiced_fraction,1,5000,0.02027622122537921,0.15170522234616418,5000,0.07412755277195386,1.7776492197035502e-07,negated_raw_is_spoof,screen,0.1762245625179297,3.576587651619119e-07
ASVspoof2019_LA,Res2TCNGuard,preemphasized_crop,hnr_db,1,4217,-0.10288271143880307,2.1297753231314097e-11,4217,-0.06932540360248375,7.493687919700328e-06,negated_raw_is_spoof,screen,4.486548643085603e-11,1.3815523407513361e-05
ASVspoof2019_LA,Res2TCNGuard,preemphasized_crop,cpp_proxy_db,1,4217,0.02057593612130058,0.18157727566814516,4217,0.012234386213641785,0.42979036810350063,negated_raw_is_spoof,screen,0.20840295345686344,0.47897036047355296
ASVspoof2019_LA,Res2TCNGuard,preemphasized_crop,jitter_proxy,1,4217,-0.002031660475479967,0.8950682375054477,4217,0.030382022313618407,0.0498680777454998,negated_raw_is_spoof,screen,0.9024543970047425,0.06538799657556266
ASVspoof2019_LA,Res2TCNGuard,preemphasized_crop,shimmer_proxy_db,1,4217,0.1616980977463764,4.2422043958694596e-26,4217,0.16581734271885534,4.500536915481336e-27,negated_raw_is_spoof,screen,1.540952083256366e-25,1.789562607812697e-26
ASVspoof2019_LA,Res2TCNGuard,preemphasized_crop,f0_delta_hz,1,4217,-0.09048695221257333,3.946571427290227e-09,4217,-0.012683503365968836,0.413050821947084,negated_raw_is_spoof,screen,7.52367659330222e-09,0.46300275621090986
ASVspoof2019_LA,Res2TCNGuard,preemphasized_crop,group_delay_var,1,5000,-0.1150780311818831,3.2859562486843363e-16,5000,-0.10158739310690236,7.833293716735483e-13,negated_raw_is_spoof,screen,8.476631858410265e-16,1.949619769498609e-12
ASVspoof2019_LA,Res2TCNGuard,preemphasized_crop,inst_freq_dispersion,1,5000,-0.16195896744509397,9.810260169190526e-31,5000,-0.15052322592471692,1.775920242787531e-26,negated_raw_is_spoof,screen,4.094717288009959e-30,6.89837227256197e-26
ASVspoof2019_LA,Res2TCNGuard,preemphasized_crop,modulation_centroid_hz,1,5000,0.07924751189180242,2.0107918294859178e-08,5000,0.07119600021159746,5.325979449869782e-07,negated_raw_is_spoof,screen,3.717337302378368e-08,1.0374081711050705e-06
ASVspoof2019_LA,Res2TCNGuard,preemphasized_crop,modulation_entropy,1,5000,0.04226696607569305,0.0027960427447940622,5000,0.033983593582048624,0.016800517084548664,negated_raw_is_spoof,screen,0.003850288369880348,0.02339885488252166
ASVspoof2019_LA,Spectra-AASIST,preemphasized_crop,crest_factor_db,0,5000,0.01050144042409017,0.457845758371568,5000,0.00519493773673564,0.7153322897166285,negated_raw_is_spoof,screen,0.4922757594011099,0.7522743328475342
ASVspoof2019_LA,Spectra-AASIST,preemphasized_crop,peak_dbfs,0,5000,-0.11980835371096676,1.891923033915263e-17,5000,-0.05633733027773317,7.551390904976097e-05,negated_raw_is_spoof,screen,5.075338438287652e-17,0.0001307869764985551
ASVspoof2019_LA,Spectra-AASIST,preemphasized_crop,rms_dbfs,0,5000,-0.13272945132814618,4.31056615635141e-21,5000,-0.12677088110889337,4.04231381845683e-19,negated_raw_is_spoof,screen,1.3348850032572108e-20,1.2403812264853834e-18
ASVspoof2019_LA,Spectra-AASIST,preemphasized_crop,integrated_lufs,0,5000,-0.06305257339431512,8.126824933091478e-06,5000,-0.006053554157870323,0.6708174717295935,negated_raw_is_spoof,screen,1.3352631674908247e-05,0.7110241971644903
ASVspoof2019_LA,Spectra-AASIST,preemphasized_crop,silence_fraction,0,5000,0.1410251115938064,1.2500964726985019e-23,5000,0.12219105071738905,7.274651755188012e-18,negated_raw_is_spoof,screen,4.1587367804623427e-23,2.1441078857396245e-17
ASVspoof2019_LA,Spectra-AASIST,preemphasized_crop,clipping_fraction,0,5000,0.016902444082853123,0.23209882576655266,5000,-0.0018276735497752738,0.8979046181801216,negated_raw_is_spoof,screen,0.2620678251859826,0.916312685523222
ASVspoof2019_LA,Spectra-AASIST,preemphasized_crop,frame_rms_cv,0,5000,0.1401263279948616,2.395770178121859e-23,5000,0.12709209133332114,3.287384361876428e-19,negated_raw_is_spoof,screen,7.891948822048476e-23,1.0133588491655778e-18
ASVspoof2019_LA,Spectra-AASIST,preemphasized_crop,frame_rms_range_db,0,5000,-0.1959587745055991,1.826115612891849e-44,5000,-0.13873695316264706,1.2784585663702186e-22,negated_raw_is_spoof,screen,1.1687139922507835e-43,4.394496964709907e-22
ASVspoof2019_LA,Spectra-AASIST,preemphasized_crop,spectral_centroid_hz,0,5000,0.08959950707438649,2.1980224213970832e-10,5000,0.1688448619013265,7.3863765083817e-33,negated_raw_is_spoof,screen,4.415758048367234e-10,3.649738980612134e-32
ASVspoof2019_LA,Spectra-AASIST,preemphasized_crop,spectral_centroid_std_hz,0,5000,-0.083330254469209,3.610185284600123e-09,5000,-0.08210516615694387,7.750263436551038e-09,negated_raw_is_spoof,screen,6.8921719069638714e-09,1.6666166493959352e-08
ASVspoof2019_LA,Spectra-AASIST,preemphasized_crop,spectral_bandwidth_hz,0,5000,0.3380399478434052,6.725640977614449e-134,5000,0.22448457614246767,2.2871857674914236e-57,negated_raw_is_spoof,screen,1.643502086166149e-132,1.9704985073772264e-56
ASVspoof2019_LA,Spectra-AASIST,preemphasized_crop,spectral_rolloff85_hz,0,5000,0.21168778911817612,9.276111612603094e-52,5000,0.21601147784467825,3.753578683850456e-53,negated_raw_is_spoof,screen,6.964856987339977e-51,3.020844162332343e-52
ASVspoof2019_LA,Spectra-AASIST,preemphasized_crop,spectral_flatness,0,5000,0.3114357825578694,6.781931256787587e-113,5000,0.240611524343019,6.946886709072951e-66,negated_raw_is_spoof,screen,1.402294709095772e-111,7.294231044526598e-65
ASVspoof2019_LA,Spectra-AASIST,preemphasized_crop,spectral_slope_db_per_khz,0,5000,0.2067319199006618,2.1434212111082246e-49,5000,0.1657513157633511,1.0378351163200103e-31,negated_raw_is_spoof,screen,1.5571665447186238e-48,4.8098289528761855e-31
ASVspoof2019_LA,Spectra-AASIST,preemphasized_crop,low_high_energy_ratio_db,0,5000,0.02122947085733095,0.13337002311134824,5000,-0.07930708598788087,2.455442439000996e-08,negated_raw_is_spoof,screen,0.15627664434320143,5.148384770697876e-08
ASVspoof2019_LA,Spectra-AASIST,preemphasized_crop,spectral_flux,0,5000,-0.2432681284816554,2.8749058593106073e-68,5000,-0.19764174913484417,1.2881392423413733e-44,negated_raw_is_spoof,screen,2.995250755746865e-67,8.486564420131402e-44
ASVspoof2019_LA,Spectra-AASIST,preemphasized_crop,f0_median_hz,0,4109,-0.1707382685103071,2.984341348747364e-28,4109,-0.037521917354249014,0.01707762696699794,negated_raw_is_spoof,screen,1.1625955862946253e-27,0.023735605629415957
ASVspoof2019_LA,Spectra-AASIST,preemphasized_crop,f0_iqr_hz,0,4109,-0.08167746331119201,1.581453265248012e-07,4109,-0.017042757621947627,0.27880928573108726,negated_raw_is_spoof,screen,2.774769175578757e-07,0.32220092865226246
ASVspoof2019_LA,Spectra-AASIST,preemphasized_crop,voiced_fraction,0,5000,0.0030907895274325816,0.8270413493838976,5000,-0.00797824515213547,0.5754058671839051,negated_raw_is_spoof,screen,0.8395344211268568,0.6191717257767562
ASVspoof2019_LA,Spectra-AASIST,preemphasized_crop,hnr_db,0,4109,0.01032167105678165,0.5083233043798525,4109,-0.026319675759632732,0.09439093443162029,negated_raw_is_spoof,screen,0.540495665416552,0.11911870035314334
ASVspoof2019_LA,Spectra-AASIST,preemphasized_crop,cpp_proxy_db,0,4109,-0.20425591965725773,5.981741922012611e-40,4109,-0.047079485121119584,0.002761116946846747,negated_raw_is_spoof,screen,3.3779248500777095e-39,0.004146302990572098
ASVspoof2019_LA,Spectra-AASIST,preemphasized_crop,jitter_proxy,0,4109,0.0956651429846897,8.021172944771238e-10,4109,0.03781393834599286,0.016234199214096374,negated_raw_is_spoof,screen,1.5853612408489033e-09,0.02268062759225107
ASVspoof2019_LA,Spectra-AASIST,preemphasized_crop,shimmer_proxy_db,0,4109,-0.12410169715688425,1.4217057117795037e-15,4109,-0.02290470885187285,0.14550696205361718,negated_raw_is_spoof,screen,3.538467549317876e-15,0.17859484657539862
ASVspoof2019_LA,Spectra-AASIST,preemphasized_crop,f0_delta_hz,0,4109,-0.02963732492896481,0.057480944539079135,4109,0.004698101199374109,0.7653023270728316,negated_raw_is_spoof,screen,0.07061644374819229,0.7973382384386711
ASVspoof2019_LA,Spectra-AASIST,preemphasized_crop,group_delay_var,0,5000,0.31253262042931734,1.0161725296418609e-113,5000,0.23979706788389687,1.9394606553767998e-65,negated_raw_is_spoof,screen,2.1678347299026365e-112,2.0051039390972454e-64
ASVspoof2019_LA,Spectra-AASIST,preemphasized_crop,inst_freq_dispersion,0,5000,-0.031193829509612976,0.027403465397333408,5000,-0.024803160016354922,0.08159054454912662,negated_raw_is_spoof,screen,0.03458240140283202,0.10384251124434296
ASVspoof2019_LA,Spectra-AASIST,preemphasized_crop,modulation_centroid_hz,0,5000,-0.19895331035453048,8.307670561288757e-46,5000,-0.14958174443604808,4.5378949994224074e-26,negated_raw_is_spoof,screen,5.554979718593079e-45,1.7375871450779815e-25
ASVspoof2019_LA,Spectra-AASIST,preemphasized_crop,modulation_entropy,0,5000,-0.17351370254317736,4.2979846912834445e-35,5000,-0.13620625059046373,7.47467525895681e-22,negated_raw_is_spoof,screen,2.0127147822595643e-34,2.511490887009488e-21
ASVspoof2019_LA,Spectra-AASIST,preemphasized_crop,crest_factor_db,1,5000,-0.3055191929047625,1.6518504107912662e-108,5000,-0.3265454268445235,2.450864327471506e-123,negated_raw_is_spoof,screen,3.264833753093326e-107,4.7056595087452915e-122
ASVspoof2019_LA,Spectra-AASIST,preemphasized_crop,peak_dbfs,1,5000,-0.18448196295411962,1.6004041384546022e-39,5000,-0.09012784806139346,2.120008203007361e-10,negated_raw_is_spoof,screen,8.925075361340188e-39,4.837505984451431e-10
ASVspoof2019_LA,Spectra-AASIST,preemphasized_crop,rms_dbfs,1,5000,0.07639289447471635,6.360910012854452e-08,5000,0.41501161340965526,2.1815015565988984e-205,negated_raw_is_spoof,screen,1.1444528858469053e-07,7.517789979663896e-204
ASVspoof2019_LA,Spectra-AASIST,preemphasized_crop,integrated_lufs,1,5000,-0.14754026109085625,9.859825718908737e-26,5000,-0.18713898978894508,2.948216303350793e-40,negated_raw_is_spoof,screen,3.533761537656891e-25,1.761067871868207e-39
ASVspoof2019_LA,Spectra-AASIST,preemphasized_crop,silence_fraction,1,5000,-0.26486296119971653,4.89095161272355e-81,5000,-0.25501038435521534,2.5119054904337957e-74,negated_raw_is_spoof,screen,6.84733225781297e-80,2.910345671675018e-73
ASVspoof2019_LA,Spectra-AASIST,preemphasized_crop,clipping_fraction,1,5000,-0.08499445909450812,1.7505668497575754e-09,5000,-0.03297451887310278,0.02034044535757464,negated_raw_is_spoof,screen,3.4097997769191036e-09,0.028009793607151962
ASVspoof2019_LA,Spectra-AASIST,preemphasized_crop,frame_rms_cv,1,5000,-0.3840273210323928,2.00555204722421e-175,5000,-0.3849979472190888,1.2431163957886087e-174,negated_raw_is_spoof,screen,9.626649826676208e-174,2.9834793498926607e-173
ASVspoof2019_LA,Spectra-AASIST,preemphasized_crop,frame_rms_range_db,1,5000,-0.16231195539585114,7.297386293075393e-31,5000,-0.16334516828775275,6.0410208221854715e-31,negated_raw_is_spoof,screen,3.074510087113896e-30,2.7429499949382678e-30
ASVspoof2019_LA,Spectra-AASIST,preemphasized_crop,spectral_centroid_hz,1,5000,-0.4031922261697487,7.993073602572834e-195,5000,-0.39410182906568436,1.2586863472703478e-183,negated_raw_is_spoof,screen,5.654047853609416e-193,3.317008726924211e-182
ASVspoof2019_LA,Spectra-AASIST,preemphasized_crop,spectral_centroid_std_hz,1,5000,0.017279309685660608,0.22185234258519143,5000,0.09102791120539573,1.3982126174723318e-10,negated_raw_is_spoof,screen,0.2516198720966222,3.217804379936325e-10
ASVspoof2019_LA,Spectra-AASIST,preemphasized_crop,spectral_bandwidth_hz,1,5000,-0.39354207711035316,6.792617564431898e-185,5000,-0.4337647465644523,2.869013941431157e-226,negated_raw_is_spoof,screen,4.149671821180214e-183,1.2438563668656372e-224
ASVspoof2019_LA,Spectra-AASIST,preemphasized_crop,spectral_rolloff85_hz,1,5000,-0.41838126279233634,3.91331467752254e-211,5000,-0.41876018793068837,1.863461238946357e-209,negated_raw_is_spoof,screen,3.506329951060196e-209,6.590768171431326e-208
ASVspoof2019_LA,Spectra-AASIST,preemphasized_crop,spectral_flatness,1,5000,-0.23324536762499995,9.381184661174278e-63,5000,-0.2884991031593388,1.6740945128434053e-95,negated_raw_is_spoof,screen,8.755772350429327e-62,2.812478781576921e-94
ASVspoof2019_LA,Spectra-AASIST,preemphasized_crop,spectral_slope_db_per_khz,1,5000,-0.30376497715434125,3.155861655454267e-107,5000,-0.2773288103866096,4.1971523040403665e-88,negated_raw_is_spoof,screen,6.147069659319616e-106,6.131492061554622e-87
ASVspoof2019_LA,Spectra-AASIST,preemphasized_crop,low_high_energy_ratio_db,1,5000,0.4009709248005768,1.6505909601979528e-192,5000,0.3909188793980579,1.8926980793620514e-180,negated_raw_is_spoof,screen,1.1091971252530243e-190,4.799596638986032e-179
ASVspoof2019_LA,Spectra-AASIST,preemphasized_crop,spectral_flux,1,5000,0.18554044470524156,5.776118662292963e-40,5000,0.250916547075448,6.088474926917074e-72,negated_raw_is_spoof,screen,3.275571089502845e-39,6.93466974726826e-71
ASVspoof2019_LA,Spectra-AASIST,preemphasized_crop,f0_median_hz,1,4217,-0.16574838040354478,2.3426338233096105e-27,4217,-0.11707522638900682,3.421309446637632e-14,negated_raw_is_spoof,screen,8.844100726202575e-27,9.016156659374465e-14
ASVspoof2019_LA,Spectra-AASIST,preemphasized_crop,f0_iqr_hz,1,4217,0.025581109377138124,0.09671817582155906,4217,0.1161975330348549,5.309826101627015e-14,negated_raw_is_spoof,screen,0.11575176162437702,1.3857099573954772e-13
ASVspoof2019_LA,Spectra-AASIST,preemphasized_crop,voiced_fraction,1,5000,0.3248883679744677,2.9901520431117338e-123,5000,0.3924683045237892,5.430685936448715e-182,negated_raw_is_spoof,screen,6.811464993122322e-122,1.4036234420359757e-180
ASVspoof2019_LA,Spectra-AASIST,preemphasized_crop,hnr_db,1,4217,-0.04360178358248963,0.00462667025031494,4217,-0.010143015836430326,0.5127411383363137,negated_raw_is_spoof,screen,0.006268391952039596,0.5561937771783743
ASVspoof2019_LA,Spectra-AASIST,preemphasized_crop,cpp_proxy_db,1,4217,-0.15868213871408016,3.4938654734116724e-25,4217,-0.08839906864702772,1.0916096078871108e-08,negated_raw_is_spoof,screen,1.2228529156940854e-24,2.32507656576906e-08
ASVspoof2019_LA,Spectra-AASIST,preemphasized_crop,jitter_proxy,1,4217,0.023787371481493277,0.12247325703295579,4217,0.01178311932742297,0.4470001659894357,negated_raw_is_spoof,screen,0.1443895240809584,0.49650266371057983
ASVspoof2019_LA,Spectra-AASIST,preemphasized_crop,shimmer_proxy_db,1,4217,0.09739596519791113,2.3285936348298713e-10,4217,0.10382071453427272,1.8421517522642476e-11,negated_raw_is_spoof,screen,4.671089321210966e-10,4.4132833423229036e-11
ASVspoof2019_LA,Spectra-AASIST,preemphasized_crop,f0_delta_hz,1,4217,-0.08649260433693053,1.8489270105766285e-08,4217,-0.02684383063360362,0.08316261912525157,negated_raw_is_spoof,screen,3.427528140986191e-08,0.10540643030298248
ASVspoof2019_LA,Spectra-AASIST,preemphasized_crop,group_delay_var,1,5000,-0.08181958125256528,6.8816629997122455e-09,5000,-0.10469964788796869,1.5277906620326056e-13,negated_raw_is_spoof,screen,1.3045070622867783e-08,3.8963010432102883e-13
ASVspoof2019_LA,Spectra-AASIST,preemphasized_crop,inst_freq_dispersion,1,5000,-0.12417681340235373,1.2232200124414923e-18,5000,-0.13978906431675628,5.027841956023038e-23,negated_raw_is_spoof,screen,3.475703375732274e-18,1.750626836501286e-22
ASVspoof2019_LA,Spectra-AASIST,preemphasized_crop,modulation_centroid_hz,1,5000,0.19605754372653406,1.6504817733988107e-44,5000,0.22337044417372132,5.148716521892802e-57,negated_raw_is_spoof,screen,1.0664651458884623e-43,4.407563697722247e-56
ASVspoof2019_LA,Spectra-AASIST,preemphasized_crop,modulation_entropy,1,5000,0.15607818175360252,1.230344972655651e-28,5000,0.21289948141228957,7.691162925147803e-52,negated_raw_is_spoof,screen,4.863481303674103e-28,6.009838936859679e-51
ASVspoof2019_LA,W2V2-AASIST,preemphasized_crop,crest_factor_db,0,5000,-0.14395619014134214,1.4548974445874692e-24,5000,-0.11728079016896283,1.4322575010383617e-16,negated_raw_is_spoof,screen,5.0009774054362115e-24,4.0696703623584737e-16
ASVspoof2019_LA,W2V2-AASIST,preemphasized_crop,peak_dbfs,0,5000,0.08389452025994244,2.8288976502969137e-09,5000,0.0059020684078848334,0.6786191567015472,negated_raw_is_spoof,screen,5.454861466282714e-09,0.7175957093681191
ASVspoof2019_LA,W2V2-AASIST,preemphasized_crop,rms_dbfs,0,5000,0.22570498291695157,8.9355940625732e-59,5000,0.25709443846683266,2.833303106601486e-75,negated_raw_is_spoof,screen,7.600910392467329e-58,3.4305940317769345e-74
ASVspoof2019_LA,W2V2-AASIST,preemphasized_crop,integrated_lufs,0,5000,0.11217041534304542,1.79452964372487e-15,5000,0.0861795748350391,1.3445392652377112e-09,negated_raw_is_spoof,screen,4.449903765989345e-15,2.94789685559459e-09
ASVspoof2019_LA,W2V2-AASIST,preemphasized_crop,silence_fraction,0,5000,-0.16738547109081936,9.635041969198204e-33,5000,-0.2339306319741254,2.8165075284902456e-62,negated_raw_is_spoof,screen,4.273761190297817e-32,2.7038472273506355e-61
ASVspoof2019_LA,W2V2-AASIST,preemphasized_crop,clipping_fraction,0,5000,0.07272485344183237,2.63341148268334e-07,5000,0.01143029599558709,0.422280879604187,negated_raw_is_spoof,screen,4.602477285730051e-07,0.47177514728846826
ASVspoof2019_LA,W2V2-AASIST,preemphasized_crop,frame_rms_cv,0,5000,-0.2258666918514549,7.367248924010331e-59,5000,-0.270046515385025,3.779593442316851e-83,negated_raw_is_spoof,screen,6.3067404801719016e-58,5.1310844307816644e-82
ASVspoof2019_LA,W2V2-AASIST,preemphasized_crop,frame_rms_range_db,0,5000,-0.07229543949943339,3.096473196789118e-07,5000,-0.17546150688877335,2.1832709267461913e-35,negated_raw_is_spoof,screen,5.397743160161576e-07,1.1507122060968161e-34
ASVspoof2019_LA,W2V2-AASIST,preemphasized_crop,spectral_centroid_hz,0,5000,0.05784314546221994,4.2668829650859114e-05,5000,0.0051396186497095426,0.7182336729460014,negated_raw_is_spoof,screen,6.746694947147606e-05,0.7537018910596208
ASVspoof2019_LA,W2V2-AASIST,preemphasized_crop,spectral_centroid_std_hz,0,5000,0.1938670583725576,1.53479747159463e-43,5000,0.16937981371644711,4.65283949990066e-33,negated_raw_is_spoof,screen,9.505842404715127e-43,2.307533685559589e-32
ASVspoof2019_LA,W2V2-AASIST,preemphasized_crop,spectral_bandwidth_hz,0,5000,-0.016040080869067892,0.2567969147081491,5000,-0.1456624708051749,8.595832786959515e-25,negated_raw_is_spoof,screen,0.28689530620760795,3.182589329386663e-24
ASVspoof2019_LA,W2V2-AASIST,preemphasized_crop,spectral_rolloff85_hz,0,5000,0.028356416222978187,0.04496270094529653,5000,-0.04748706926090895,0.0008510647403113461,negated_raw_is_spoof,screen,0.05561393173532568,0.001348857324267039
ASVspoof2019_LA,W2V2-AASIST,preemphasized_crop,spectral_flatness,0,5000,-0.08549072745040577,1.4069477094064757e-09,5000,-0.14650386733471876,4.602359660898717e-25,negated_raw_is_spoof,screen,2.7524566542100486e-09,1.7230003855843666e-24
ASVspoof2019_LA,W2V2-AASIST,preemphasized_crop,spectral_slope_db_per_khz,0,5000,0.14069306149811217,1.59047495898089e-23,5000,0.04429742270087051,0.0018623315765602907,negated_raw_is_spoof,screen,5.278020604618065e-23,0.0028638142321476324
ASVspoof2019_LA,W2V2-AASIST,preemphasized_crop,low_high_energy_ratio_db,0,5000,-0.08408304314148365,2.6066223159953774e-09,5000,-0.05477800265727989,0.00011885066358779753,negated_raw_is_spoof,screen,5.040719989493219e-09,0.00020270976124619276
ASVspoof2019_LA,W2V2-AASIST,preemphasized_crop,spectral_flux,0,5000,0.13898644543948593,5.433463374681792e-23,5000,0.16341056254651776,7.410424606877378e-31,negated_raw_is_spoof,screen,1.7767821838375495e-22,3.3421512320950324e-30
ASVspoof2019_LA,W2V2-AASIST,preemphasized_crop,f0_median_hz,0,4109,0.05159912515652047,0.0009370404116963001,4109,-0.017807376069118495,0.257805165886001,negated_raw_is_spoof,screen,0.001344057965122548,0.30077269353366787
ASVspoof2019_LA,W2V2-AASIST,preemphasized_crop,f0_iqr_hz,0,4109,0.037047551787319236,0.017553910735641602,4109,-0.005931617107477674,0.7062433672094184,negated_raw_is_spoof,screen,0.02261980443787374,0.7438801610732432
ASVspoof2019_LA,W2V2-AASIST,preemphasized_crop,voiced_fraction,0,5000,0.019529177716645005,0.1673688242530908,5000,0.0014921625992690326,0.9165704073344818,negated_raw_is_spoof,screen,0.19308472085506784,0.9283124547532355
ASVspoof2019_LA,W2V2-AASIST,preemphasized_crop,hnr_db,0,4109,-0.07418537010555977,1.931083556241804e-06,4109,-0.08979326238865394,1.0833541153883136e-08,negated_raw_is_spoof,screen,3.2769902772588185e-06,2.3111554461617358e-08
ASVspoof2019_LA,W2V2-AASIST,preemphasized_crop,cpp_proxy_db,0,4109,0.002722418894574757,0.8615052892183859,4109,-0.041603542778272204,0.008176597052678414,negated_raw_is_spoof,screen,0.8712288252140787,0.011816501547096547
ASVspoof2019_LA,W2V2-AASIST,preemphasized_crop,jitter_proxy,0,4109,0.11291674280362346,3.8951778938353203e-13,4109,0.06397976693338199,4.710831221770093e-05,negated_raw_is_spoof,screen,8.76904370069459e-13,8.297977931925302e-05
ASVspoof2019_LA,W2V2-AASIST,preemphasized_crop,shimmer_proxy_db,0,4109,0.06904950706789338,9.418195635492571e-06,4109,0.03373725929139727,0.03200721108119148,negated_raw_is_spoof,screen,1.5399093593798072e-05,0.043147133092398544
ASVspoof2019_LA,W2V2-AASIST,preemphasized_crop,f0_delta_hz,0,4109,0.11665324559349459,6.333679427825534e-14,4109,0.043291412928577584,0.005921734027786373,negated_raw_is_spoof,screen,1.480428721912612e-13,0.008679182697213616
ASVspoof2019_LA,W2V2-AASIST,preemphasized_crop,group_delay_var,0,5000,-0.25674652781331836,4.2954696939994165e-76,5000,-0.291900411227747,1.8656496516526416e-97,negated_raw_is_spoof,screen,5.498201208319253e-75,3.256406664702793e-96
ASVspoof2019_LA,W2V2-AASIST,preemphasized_crop,inst_freq_dispersion,0,5000,0.03538448139375433,0.012341768762710129,5000,0.022776809825730975,0.10977303325268198,negated_raw_is_spoof,screen,0.016088590899206997,0.1369869607164388
ASVspoof2019_LA,W2V2-AASIST,preemphasized_crop,modulation_centroid_hz,0,5000,0.07460143135217116,1.2836932262727518e-07,5000,0.12387888528053602,2.5388729183115482e-18,negated_raw_is_spoof,screen,2.2671270645342687e-07,7.702585106570476e-18
ASVspoof2019_LA,W2V2-AASIST,preemphasized_crop,modulation_entropy,0,5000,0.040387376344218726,0.004286503766022476,5000,0.10695977416953607,5.0531933789038266e-14,negated_raw_is_spoof,screen,0.005836941298413585,1.3213019263125958e-13
ASVspoof2019_LA,W2V2-AASIST,preemphasized_crop,crest_factor_db,1,5000,-0.011161454224333293,0.4300762133401371,5000,-0.05503592635543336,0.00010702870541280389,negated_raw_is_spoof,screen,0.4656179800702871,0.00018347778070766378
ASVspoof2019_LA,W2V2-AASIST,preemphasized_crop,peak_dbfs,1,5000,0.1888770860641453,2.232891971601774e-41,5000,0.10316775537800528,3.436509290459328e-13,negated_raw_is_spoof,screen,1.3220294316443984e-40,8.665419299019394e-13
ASVspoof2019_LA,W2V2-AASIST,preemphasized_crop,rms_dbfs,1,5000,0.19529962754079544,3.58105223257223e-44,5000,0.225039530926086,7.274047026627252e-58,negated_raw_is_spoof,screen,2.2490346731668587e-43,6.348259223238329e-57
ASVspoof2019_LA,W2V2-AASIST,preemphasized_crop,integrated_lufs,1,5000,0.12008598799161396,1.5943550057563694e-17,5000,0.15113871584202757,1.092658313676514e-26,negated_raw_is_spoof,screen,4.294214684842806e-17,4.3065477231121257e-26
ASVspoof2019_LA,W2V2-AASIST,preemphasized_crop,silence_fraction,1,5000,-0.01129093646371556,0.4247453889526704,5000,-0.040314515191131696,0.0045566087459067975,negated_raw_is_spoof,screen,0.46111292629433687,0.006715002362388965
ASVspoof2019_LA,W2V2-AASIST,preemphasized_crop,clipping_fraction,1,5000,0.06484681585202778,4.4527583473052204e-06,5000,0.020843324781330965,0.14258106344498858,negated_raw_is_spoof,screen,7.40656834007205e-06,0.17532383281799144
ASVspoof2019_LA,W2V2-AASIST,preemphasized_crop,frame_rms_cv,1,5000,-0.10047811531600494,1.0704870117910875e-12,5000,-0.13780499910734453,2.0457695604747235e-22,negated_raw_is_spoof,screen,2.3585812194216746e-12,6.978462663142203e-22
ASVspoof2019_LA,W2V2-AASIST,preemphasized_crop,frame_rms_range_db,1,5000,0.046859689354260006,0.0009181616241975336,5000,0.035675084595321274,0.012068680468861198,negated_raw_is_spoof,screen,0.0013197959603438343,0.017091998472233354
ASVspoof2019_LA,W2V2-AASIST,preemphasized_crop,spectral_centroid_hz,1,5000,-0.1265258816582916,2.6927946441966515e-19,5000,-0.1978390198344314,7.195746208510392e-45,negated_raw_is_spoof,screen,7.833584419481168e-19,4.811484031959187e-44
ASVspoof2019_LA,W2V2-AASIST,preemphasized_crop,spectral_centroid_std_hz,1,5000,0.07052535033686227,5.979911645817573e-07,5000,0.04900262759456457,0.0005629968361223211,negated_raw_is_spoof,screen,1.0356960376261365e-06,0.000909456427582211
ASVspoof2019_LA,W2V2-AASIST,preemphasized_crop,spectral_bandwidth_hz,1,5000,-0.22743646527966793,1.1225764490093078e-59,5000,-0.23516407510906737,3.602105324918369e-63,negated_raw_is_spoof,screen,9.9259391280823e-59,3.5081373599204984e-62
ASVspoof2019_LA,W2V2-AASIST,preemphasized_crop,spectral_rolloff85_hz,1,5000,-0.1462047815355351,2.709496368878842e-25,5000,-0.20219007132494854,7.936994438912002e-47,negated_raw_is_spoof,screen,9.532887748097286e-25,5.584984568532843e-46
ASVspoof2019_LA,W2V2-AASIST,preemphasized_crop,spectral_flatness,1,5000,-0.36668850696194455,5.85676816450226e-159,5000,-0.35672231831722545,1.8292817952593608e-148,negated_raw_is_spoof,screen,2.0183324136130867e-157,3.8414917700446575e-147
ASVspoof2019_LA,W2V2-AASIST,preemphasized_crop,spectral_slope_db_per_khz,1,5000,-0.17527866828859356,8.706597092677322e-36,5000,-0.22783169625226388,2.6570977404933176e-59,negated_raw_is_spoof,screen,4.2397342364341743e-35,2.3807595754820126e-58
ASVspoof2019_LA,W2V2-AASIST,preemphasized_crop,low_high_energy_ratio_db,1,5000,0.10742007460284955,2.6187655798482165e-14,5000,0.1803871360538314,1.7887434339215505e-37,negated_raw_is_spoof,screen,6.22823444580897e-14,9.975399067180762e-37
ASVspoof2019_LA,W2V2-AASIST,preemphasized_crop,spectral_flux,1,5000,0.2659158494780718,1.084433807200661e-81,5000,0.267524376125474,6.893874539949488e-82,negated_raw_is_spoof,screen,1.5505096136996686e-80,9.083693511462855e-81
ASVspoof2019_LA,W2V2-AASIST,preemphasized_crop,f0_median_hz,1,4217,0.033283024443591123,0.030671753219545496,4217,0.01419703282782805,0.3595502569390016,negated_raw_is_spoof,screen,0.03856205456227235,0.4076980019889712
ASVspoof2019_LA,W2V2-AASIST,preemphasized_crop,f0_iqr_hz,1,4217,0.07668098439907087,6.18312095607784e-07,4217,0.05933269797208857,0.000126956164878695,negated_raw_is_spoof,screen,1.0695128140242751e-06,0.00021571312970539326
ASVspoof2019_LA,W2V2-AASIST,preemphasized_crop,voiced_fraction,1,5000,0.15407450927685165,6.118197549766539e-28,5000,0.1842402826549838,4.808575048002348e-39,negated_raw_is_spoof,screen,2.3628900881856978e-27,2.7856572691875674e-38
ASVspoof2019_LA,W2V2-AASIST,preemphasized_crop,hnr_db,1,4217,-0.026269029324648908,0.08807174015276938,4217,-0.014897518449713962,0.33633400749523756,negated_raw_is_spoof,screen,0.10596993622678787,0.3834036523100927
ASVspoof2019_LA,W2V2-AASIST,preemphasized_crop,cpp_proxy_db,1,4217,0.15416434678333918,7.615521675761049e-24,4217,0.12399311463565525,9.538620878447933e-16,negated_raw_is_spoof,screen,2.546084858761903e-23,2.6378408355214033e-15
ASVspoof2019_LA,W2V2-AASIST,preemphasized_crop,jitter_proxy,1,4217,-0.0017400582262149813,0.9100596988347655,4217,0.004596300008409855,0.7667609859835267,negated_raw_is_spoof,screen,0.914824409299869,0.7981952330171604
ASVspoof2019_LA,W2V2-AASIST,preemphasized_crop,shimmer_proxy_db,1,4217,0.18729682054763175,1.347519776726809e-34,4217,0.1809592732873135,5.241081625170532e-32,negated_raw_is_spoof,screen,6.1811146072383316e-34,2.471583755869893e-31
ASVspoof2019_LA,W2V2-AASIST,preemphasized_crop,f0_delta_hz,1,4217,0.013810104810212605,0.36994123651225636,4217,-0.011685954098658895,0.45075633818052985,negated_raw_is_spoof,screen,0.4068748133162623,0.4990251388094169
ASVspoof2019_LA,W2V2-AASIST,preemphasized_crop,group_delay_var,1,5000,-0.28229532361123855,2.9612252181351554e-92,5000,-0.27405644920614736,5.323714458261895e-86,negated_raw_is_spoof,screen,4.85352035752884e-91,7.531654980951565e-85
ASVspoof2019_LA,W2V2-AASIST,preemphasized_crop,inst_freq_dispersion,1,5000,-0.1094452360089578,8.47067978266389e-15,5000,-0.11586418958204024,2.9036576242373194e-16,negated_raw_is_spoof,screen,2.0549807992599763e-14,8.147214711847509e-16
ASVspoof2019_LA,W2V2-AASIST,preemphasized_crop,modulation_centroid_hz,1,5000,0.20608765970212914,4.3047335562274394e-49,5000,0.1917732385462483,3.235097630248614e-42,negated_raw_is_spoof,screen,3.0938833687538387e-48,2.0066080458442326e-41
ASVspoof2019_LA,W2V2-AASIST,preemphasized_crop,modulation_entropy,1,5000,0.1782134811424791,5.895060226921022e-37,5000,0.15017945224367477,2.3122647812536727e-26,negated_raw_is_spoof,screen,3.047292671146867e-36,8.955861285316818e-26
ASVspoof2019_LA,WhisperMFCCMesoNet,preemphasized_crop,crest_factor_db,0,5000,-0.020829437729177506,0.14084404183796226,5000,0.00990111157285491,0.48698792901385196,negated_raw_is_spoof,screen,0.16460381933062718,0.5325563682625036
ASVspoof2019_LA,WhisperMFCCMesoNet,preemphasized_crop,peak_dbfs,0,5000,-0.009712754645209504,0.4923096510045548,5000,0.009794295630202456,0.4916995840727979,negated_raw_is_spoof,screen,0.5259651597377756,0.5363995462612341
ASVspoof2019_LA,WhisperMFCCMesoNet,preemphasized_crop,rms_dbfs,0,5000,-0.0003566500942660037,0.9798853346792518,5000,-0.02370632332163641,0.09601345566914479,negated_raw_is_spoof,screen,0.9798853346792518,0.12087145871647052
ASVspoof2019_LA,WhisperMFCCMesoNet,preemphasized_crop,integrated_lufs,0,5000,-0.0015850809274032367,0.9107804366015314,5000,0.017843642956497516,0.21023881897224497,negated_raw_is_spoof,screen,0.9148646538060226,0.25049731622224936
ASVspoof2019_LA,WhisperMFCCMesoNet,preemphasized_crop,silence_fraction,0,5000,-0.004823716837717975,0.7330998248329985,5000,0.017803702003392482,0.21130784832918423,negated_raw_is_spoof,screen,0.7521268431874427,0.2515480497381963
ASVspoof2019_LA,WhisperMFCCMesoNet,preemphasized_crop,clipping_fraction,0,5000,0.026891950608407683,0.05724748456872606,5000,0.02020260831609274,0.1560640809142111,negated_raw_is_spoof,screen,0.07039397919521301,0.1903358663781304
ASVspoof2019_LA,WhisperMFCCMesoNet,preemphasized_crop,frame_rms_cv,0,5000,0.021414956248598245,0.130010348266863,5000,0.036666848217928066,0.010024045446808627,negated_raw_is_spoof,screen,0.152472869171609,0.014362811386472062
ASVspoof2019_LA,WhisperMFCCMesoNet,preemphasized_crop,frame_rms_range_db,0,5000,-0.06240646876825874,1.0054177295139055e-05,5000,-0.00460144087470052,0.7466665123032089,negated_raw_is_spoof,screen,1.639904646197438e-05,0.7815574708220505
ASVspoof2019_LA,WhisperMFCCMesoNet,preemphasized_crop,spectral_centroid_hz,0,5000,0.066198974935959,2.8003730236035537e-06,5000,0.07197361793187419,4.206970106656544e-07,negated_raw_is_spoof,screen,4.722335437544763e-06,8.242227147735271e-07
ASVspoof2019_LA,WhisperMFCCMesoNet,preemphasized_crop,spectral_centroid_std_hz,0,5000,0.058607155720286214,3.3733107180257715e-05,5000,0.01769639720427796,0.21407339943247117,negated_raw_is_spoof,screen,5.3717175415007546e-05,0.2546147334842843
ASVspoof2019_LA,WhisperMFCCMesoNet,preemphasized_crop,spectral_bandwidth_hz,0,5000,0.022599210663968423,0.11008526675435919,5000,0.024697710900221867,0.0828959559658883,negated_raw_is_spoof,screen,0.13058658298134046,0.10520506592837948
ASVspoof2019_LA,WhisperMFCCMesoNet,preemphasized_crop,spectral_rolloff85_hz,0,5000,0.05027881702241,0.0003756715480991272,5000,0.05685468149478952,6.47991544238649e-05,negated_raw_is_spoof,screen,0.0005566731649892248,0.00011266502399181685
ASVspoof2019_LA,WhisperMFCCMesoNet,preemphasized_crop,spectral_flatness,0,5000,0.04972889052431658,0.0004353685722753561,5000,0.05952097805357345,2.886056157730483e-05,negated_raw_is_spoof,screen,0.0006408930571063292,5.130766502631969e-05
ASVspoof2019_LA,WhisperMFCCMesoNet,preemphasized_crop,spectral_slope_db_per_khz,0,5000,0.09123059932922396,1.027523728525274e-10,5000,0.07924506717713976,2.5179186383545568e-08,negated_raw_is_spoof,screen,2.0892464313736284e-10,5.2711567756207537e-08
ASVspoof2019_LA,WhisperMFCCMesoNet,preemphasized_crop,low_high_energy_ratio_db,0,5000,-0.06691676427667057,2.1813312624482023e-06,5000,-0.07335914718352278,2.5093550691827747e-07,negated_raw_is_spoof,screen,3.696985140895818e-06,5.00381782341491e-07
ASVspoof2019_LA,WhisperMFCCMesoNet,preemphasized_crop,spectral_flux,0,5000,0.007184189903884857,0.6115385682419523,5000,-0.040857442147745136,0.004110895401815721,negated_raw_is_spoof,screen,0.6396169927760186,0.006091558346240715
ASVspoof2019_LA,WhisperMFCCMesoNet,preemphasized_crop,f0_median_hz,0,4109,0.021745155941818268,0.16342712920986452,4109,-0.007934543070236407,0.6141353721870334,negated_raw_is_spoof,screen,0.1891869609457863,0.6566411616701455
ASVspoof2019_LA,WhisperMFCCMesoNet,preemphasized_crop,f0_iqr_hz,0,4109,-0.00843484028044074,0.5888309763386328,4109,-0.03934276181520267,0.012389234385106291,negated_raw_is_spoof,screen,0.6183218211464866,0.01750907572406189
ASVspoof2019_LA,WhisperMFCCMesoNet,preemphasized_crop,voiced_fraction,0,5000,0.04538938711951075,0.0013256588076425027,5000,-0.01623765410895211,0.25428143852379004,negated_raw_is_spoof,screen,0.0018734862644285211,0.29691942083055933
ASVspoof2019_LA,WhisperMFCCMesoNet,preemphasized_crop,hnr_db,0,4109,0.005647529320850428,0.717420974991492,4109,-0.06740037879665182,1.806258306072014e-05,negated_raw_is_spoof,screen,0.7388611420602033,3.245469469733672e-05
ASVspoof2019_LA,WhisperMFCCMesoNet,preemphasized_crop,cpp_proxy_db,0,4109,-0.0877415231147369,1.7657046615024146e-08,4109,-0.11884967124308657,3.489264832947916e-14,negated_raw_is_spoof,screen,3.27777218930835e-08,9.177244492136985e-14
ASVspoof2019_LA,WhisperMFCCMesoNet,preemphasized_crop,jitter_proxy,0,4109,0.05087644846146484,0.0011048240463228372,4109,0.04929993057240671,0.0017215376595419558,negated_raw_is_spoof,screen,0.0015779846102634359,0.002659478867154469
ASVspoof2019_LA,WhisperMFCCMesoNet,preemphasized_crop,shimmer_proxy_db,0,4109,0.026262181100377438,0.09233196241558288,4109,0.017134570908143586,0.2762274161825574,negated_raw_is_spoof,screen,0.11069951604508776,0.3203189364532849
ASVspoof2019_LA,WhisperMFCCMesoNet,preemphasized_crop,f0_delta_hz,0,4109,0.06666580071983769,1.8956951882114247e-05,4109,0.03947671200419396,0.01209430509690054,negated_raw_is_spoof,screen,3.062276842495379e-05,0.017110259000246656
ASVspoof2019_LA,WhisperMFCCMesoNet,preemphasized_crop,group_delay_var,0,5000,0.011156501150260045,0.43028090122566703,5000,0.02185480817184644,0.12491593752389774,negated_raw_is_spoof,screen,0.4656179800702871,0.1544498804343317
ASVspoof2019_LA,WhisperMFCCMesoNet,preemphasized_crop,inst_freq_dispersion,0,5000,0.006799551118342696,0.630739531617471,5000,-4.2000631122538615e-06,0.9997647372045378,negated_raw_is_spoof,screen,0.6576523898323359,0.999764737204538
ASVspoof2019_LA,WhisperMFCCMesoNet,preemphasized_crop,modulation_centroid_hz,0,5000,-0.011789412759576508,0.4045865320267564,5000,0.004393469134386609,0.7577495144295129,negated_raw_is_spoof,screen,0.4413671258473706,0.7919248424519948
ASVspoof2019_LA,WhisperMFCCMesoNet,preemphasized_crop,modulation_entropy,0,5000,-0.013034027081361081,0.35681365884196453,5000,0.015375164525192995,0.28038684846606565,negated_raw_is_spoof,screen,0.39340242615553755,0.3237456394659727
ASVspoof2019_LA,WhisperMFCCMesoNet,preemphasized_crop,crest_factor_db,1,5000,0.18428957221685174,1.9248100349535526e-39,5000,0.10649067886789491,5.833823454544069e-14,negated_raw_is_spoof,screen,1.068985407841973e-38,1.5136406800979207e-13
ASVspoof2019_LA,WhisperMFCCMesoNet,preemphasized_crop,peak_dbfs,1,5000,-0.004902818357642414,0.7288940900438395,5000,-0.0005548480663993017,0.9688687299725816,negated_raw_is_spoof,screen,0.7483832368364556,0.9739413411242704
ASVspoof2019_LA,WhisperMFCCMesoNet,preemphasized_crop,rms_dbfs,1,5000,-0.17512703232969046,9.993377900564316e-36,5000,-0.18751139161097558,2.0947463161865593e-40,negated_raw_is_spoof,screen,4.831330898690086e-35,1.2568477897119356e-39
ASVspoof2019_LA,WhisperMFCCMesoNet,preemphasized_crop,integrated_lufs,1,5000,-0.06544030212632379,3.6366559843843927e-06,5000,0.011460791122982303,0.4201030801531153,negated_raw_is_spoof,screen,6.101954610502651e-06,0.470123680038124
ASVspoof2019_LA,WhisperMFCCMesoNet,preemphasized_crop,silence_fraction,1,5000,0.10536374554259419,8.063660599044469e-14,5000,0.09778553570101993,5.401171093344786e-12,negated_raw_is_spoof,screen,1.8782599384949336e-13,1.3126896834458214e-11
ASVspoof2019_LA,WhisperMFCCMesoNet,preemphasized_crop,clipping_fraction,1,5000,0.04838910547482617,0.0006198514067428958,5000,0.05108286149657818,0.00032384679572188105,negated_raw_is_spoof,screen,0.0009035577989831366,0.0005353629685734418
ASVspoof2019_LA,WhisperMFCCMesoNet,preemphasized_crop,frame_rms_cv,1,5000,0.14951733551145865,2.16973143575444e-26,5000,0.14630307654385466,4.342906706180154e-25,negated_raw_is_spoof,screen,7.924236547972738e-26,1.6304096684653983e-24
ASVspoof2019_LA,WhisperMFCCMesoNet,preemphasized_crop,frame_rms_range_db,1,5000,-0.01035302604686646,0.4642259027180245,5000,0.007745648673898082,0.5858737243044463,negated_raw_is_spoof,screen,0.4983383492436302,0.6284232126617524
ASVspoof2019_LA,WhisperMFCCMesoNet,preemphasized_crop,spectral_centroid_hz,1,5000,0.13372810164675247,2.1743684505351136e-21,5000,0.15064837722095528,1.6129877167584537e-26,negated_raw_is_spoof,screen,6.812007453424692e-21,6.301905498033028e-26
ASVspoof2019_LA,WhisperMFCCMesoNet,preemphasized_crop,spectral_centroid_std_hz,1,5000,0.003308456484576468,0.8150739875575904,5000,0.02573499426143155,0.07022449973518131,negated_raw_is_spoof,screen,0.8286380024791237,0.09005890042374397
ASVspoof2019_LA,WhisperMFCCMesoNet,preemphasized_crop,spectral_bandwidth_hz,1,5000,0.12502977011419295,7.083878514383616e-19,5000,0.1228459971949854,4.184159726876896e-18,negated_raw_is_spoof,screen,2.0300069772562003e-18,1.2608768324938448e-17
ASVspoof2019_LA,WhisperMFCCMesoNet,preemphasized_crop,spectral_rolloff85_hz,1,5000,0.13526461560118516,7.510078991530212e-22,5000,0.14307679152809302,4.6974648140175495e-24,negated_raw_is_spoof,screen,2.374952038733319e-21,1.69259858178005e-23
ASVspoof2019_LA,WhisperMFCCMesoNet,preemphasized_crop,spectral_flatness,1,5000,0.23408427074584295,3.3162731922094493e-63,5000,0.22769974450802696,3.1100960354550957e-59,negated_raw_is_spoof,screen,3.1168329862444057e-62,2.7681914381799e-58
ASVspoof2019_LA,WhisperMFCCMesoNet,preemphasized_crop,spectral_slope_db_per_khz,1,5000,0.12172061326158841,5.7745771208236316e-18,5000,0.14132631389216824,1.6712856666145687e-23,negated_raw_is_spoof,screen,1.587123036888949e-17,5.926670015646386e-23
ASVspoof2019_LA,WhisperMFCCMesoNet,preemphasized_crop,low_high_energy_ratio_db,1,5000,-0.09338841652626063,3.681255895223549e-11,5000,-0.12802199712792225,1.5369099633252596e-19,negated_raw_is_spoof,screen,7.670709958419302e-11,4.770454943901037e-19
ASVspoof2019_LA,WhisperMFCCMesoNet,preemphasized_crop,spectral_flux,1,5000,-0.2903489264487989,1.0162062888791877e-97,5000,-0.2852847596243735,2.443428990047009e-93,negated_raw_is_spoof,screen,1.7510016054533695e-96,3.863492426615506e-92
ASVspoof2019_LA,WhisperMFCCMesoNet,preemphasized_crop,f0_median_hz,1,4217,-0.1344905236706728,1.7726271365528696e-18,4217,-0.0036595931749924997,0.8133045686125882,negated_raw_is_spoof,screen,4.9945720577087145e-18,0.8395401998581555
ASVspoof2019_LA,WhisperMFCCMesoNet,preemphasized_crop,f0_iqr_hz,1,4217,-0.11958874111309199,6.617717562453767e-15,4217,-0.04785839504382826,0.002000126551261208,negated_raw_is_spoof,screen,1.6112703630322216e-14,0.003058213975989834
ASVspoof2019_LA,WhisperMFCCMesoNet,preemphasized_crop,voiced_fraction,1,5000,-0.19281222986691407,4.448965335578712e-43,5000,-0.16292060951603513,8.612397308948168e-31,negated_raw_is_spoof,screen,2.7303239319715933e-42,3.871258188370012e-30
ASVspoof2019_LA,WhisperMFCCMesoNet,preemphasized_crop,hnr_db,1,4217,-0.049546371530771086,0.0012886902613044404,4217,-0.029817540280978376,0.054274239117918496,negated_raw_is_spoof,screen,0.0018270039147607257,0.07081997803347811
ASVspoof2019_LA,WhisperMFCCMesoNet,preemphasized_crop,cpp_proxy_db,1,4217,-0.2973321218490451,7.87768708914905e-87,4217,-0.26827180258677,1.2892266522259235e-69,negated_raw_is_spoof,screen,1.216966833082336e-85,1.3973553391868073e-68
ASVspoof2019_LA,WhisperMFCCMesoNet,preemphasized_crop,jitter_proxy,1,4217,0.03597531929849649,0.01947850421263697,4217,0.0566309108272735,0.00025469293180405,negated_raw_is_spoof,screen,0.024980066471168023,0.0004246988838022868
ASVspoof2019_LA,WhisperMFCCMesoNet,preemphasized_crop,shimmer_proxy_db,1,4217,-0.03529007799631819,0.021921993476536776,4217,-0.008527136997006938,0.5821196570138053,negated_raw_is_spoof,screen,0.027927165149256326,0.62489522286466
ASVspoof2019_LA,WhisperMFCCMesoNet,preemphasized_crop,f0_delta_hz,1,4217,-0.05348051701689917,0.0005120013365443355,4217,0.04406782903138413,0.00443823473425165,negated_raw_is_spoof,screen,0.0007471550448594863,0.0065549312998178216
ASVspoof2019_LA,WhisperMFCCMesoNet,preemphasized_crop,group_delay_var,1,5000,0.183558718715565,3.8733404770277006e-39,5000,0.17136643782028613,6.2047841242001805e-34,negated_raw_is_spoof,screen,2.1335121316087007e-38,3.1350488206485123e-33
ASVspoof2019_LA,WhisperMFCCMesoNet,preemphasized_crop,inst_freq_dispersion,1,5000,0.06768892479601787,1.6626019505640893e-06,5000,0.07179413723297921,4.2721064977766936e-07,negated_raw_is_spoof,screen,2.8285278753900457e-06,8.357658126654841e-07
ASVspoof2019_LA,WhisperMFCCMesoNet,preemphasized_crop,modulation_centroid_hz,1,5000,-0.03751749572740109,0.007974246650495979,5000,-0.07099607467474499,5.731095206752168e-07,negated_raw_is_spoof,screen,0.010632328867327973,1.1130913233923287e-06
ASVspoof2019_LA,WhisperMFCCMesoNet,preemphasized_crop,modulation_entropy,1,5000,0.029047569755994217,0.03998603296216808,5000,-0.05636379008671314,7.257057200322405e-05,negated_raw_is_spoof,screen,0.04971436475592405,0.0001258514177707524
ASVspoof2019_LA,XLSR-SLS,preemphasized_crop,crest_factor_db,0,5000,-0.02681550723934158,0.0579587844278102,5000,-0.016584228758430433,0.24428330995176015,negated_raw_is_spoof,screen,0.07107354586767967,0.2862395541195864
ASVspoof2019_LA,XLSR-SLS,preemphasized_crop,peak_dbfs,0,5000,0.020645940336192364,0.1443783165114551,5000,0.03046380224992049,0.03242310261042196,negated_raw_is_spoof,screen,0.1685877127640275,0.04366397786413538
ASVspoof2019_LA,XLSR-SLS,preemphasized_crop,rms_dbfs,0,5000,0.04264862862146605,0.002558531281520526,5000,0.07639719447911145,7.8221278224689e-08,negated_raw_is_spoof,screen,0.00353045794903859,1.6025822855789943e-07
ASVspoof2019_LA,XLSR-SLS,preemphasized_crop,integrated_lufs,0,5000,0.0029762221672078367,0.8333566360575116,5000,-0.06261472150460683,1.0799041623500127e-05,negated_raw_is_spoof,screen,0.845306655744374,1.9639934968855443e-05
ASVspoof2019_LA,XLSR-SLS,preemphasized_crop,silence_fraction,0,5000,0.07849213113004898,2.7379216569220698e-08,5000,-0.007227393934259237,0.6118788433308159,negated_raw_is_spoof,screen,5.027003697955276e-08,0.6547493355387074
ASVspoof2019_LA,XLSR-SLS,preemphasized_crop,clipping_fraction,0,5000,0.007097824970022729,0.6158273136909442,5000,0.005701996968197532,0.6889340042212071,negated_raw_is_spoof,screen,0.6436017959569433,0.7273584459334661
ASVspoof2019_LA,XLSR-SLS,preemphasized_crop,frame_rms_cv,0,5000,-0.024241371887757372,0.08653843996888827,5000,-0.09053329339634478,1.9049355644769632e-10,negated_raw_is_spoof,screen,0.10440544283499625,4.368998973817472e-10
ASVspoof2019_LA,XLSR-SLS,preemphasized_crop,frame_rms_range_db,0,5000,0.17754743280518168,1.0905964491204253e-36,5000,0.048333652586620514,0.0006858723773058615,negated_raw_is_spoof,screen,5.5732381278245305e-36,0.0011013291219821718
ASVspoof2019_LA,XLSR-SLS,preemphasized_crop,spectral_centroid_hz,0,5000,0.025582711212300546,0.07047981430925179,5000,-0.023427614008380237,0.0999861020103505,negated_raw_is_spoof,screen,0.08580151307213262,0.12523888266720512
ASVspoof2019_LA,XLSR-SLS,preemphasized_crop,spectral_centroid_std_hz,0,5000,0.0070794449689609495,0.616741737165718,5000,0.05392343863657427,0.0001516460173331932,negated_raw_is_spoof,screen,0.6440566392779526,0.00025636760666139833
ASVspoof2019_LA,XLSR-SLS,preemphasized_crop,spectral_bandwidth_hz,0,5000,0.05015557400208609,0.00038834387689754235,5000,-0.03406596925413475,0.01674602746660894,negated_raw_is_spoof,screen,0.0005735540335717549,0.023347158625645657
ASVspoof2019_LA,XLSR-SLS,preemphasized_crop,spectral_rolloff85_hz,0,5000,0.036763227797865256,0.009328311057254327,5000,-0.029298125000506638,0.03966064921831744,negated_raw_is_spoof,screen,0.01237635741456053,0.05277615103902836
ASVspoof2019_LA,XLSR-SLS,preemphasized_crop,spectral_flatness,0,5000,-0.03533209305520892,0.012471604175503097,5000,-0.07549047228558445,1.1128997206819721e-07,negated_raw_is_spoof,screen,0.016242089158794732,2.2628399766967783e-07
ASVspoof2019_LA,XLSR-SLS,preemphasized_crop,spectral_slope_db_per_khz,0,5000,0.017698704261340417,0.21083508548952226,5000,-0.017129165092680112,0.22912660416088335,negated_raw_is_spoof,screen,0.2395286178342501,0.2703653696156516
ASVspoof2019_LA,XLSR-SLS,preemphasized_crop,low_high_energy_ratio_db,0,5000,0.0027149071085506146,0.8478007368566717,5000,0.046342876200644485,0.0011332425960036852,negated_raw_is_spoof,screen,0.8593093441443188,0.0017710209872429685
ASVspoof2019_LA,XLSR-SLS,preemphasized_crop,spectral_flux,0,5000,0.04609492412646047,0.001112860544700076,5000,0.07403066638360178,1.9468986145020087e-07,negated_raw_is_spoof,screen,0.0015860918049595994,3.9054205043144775e-07
ASVspoof2019_LA,XLSR-SLS,preemphasized_crop,f0_median_hz,0,4109,0.00168994752681659,0.9137614830960991,4109,-0.054285996962862786,0.0005565516001566868,negated_raw_is_spoof,screen,0.9171735872152031,0.000901211265795888
ASVspoof2019_LA,XLSR-SLS,preemphasized_crop,f0_iqr_hz,0,4109,-0.031097073922834388,0.04623472817122561,4109,-0.0288565990725981,0.06665867914210676,negated_raw_is_spoof,screen,0.057113487740925756,0.08573135384401098
ASVspoof2019_LA,XLSR-SLS,preemphasized_crop,voiced_fraction,0,5000,0.034760582713229425,0.013968492729312504,5000,0.014119716201347407,0.3215392342322881,negated_raw_is_spoof,screen,0.018103813141944074,0.36778615387931507
ASVspoof2019_LA,XLSR-SLS,preemphasized_crop,hnr_db,0,4109,-0.08331496322049557,8.879014777498227e-08,4109,-0.0545353007648153,0.0005246869052722869,negated_raw_is_spoof,screen,1.5847803268204007e-07,0.0008535020610812
ASVspoof2019_LA,XLSR-SLS,preemphasized_crop,cpp_proxy_db,0,4109,0.04887081166118106,0.0017266976543781523,4109,-0.024410280506701344,0.12083155300354799,negated_raw_is_spoof,screen,0.0024198974426321547,0.1496752140431046
ASVspoof2019_LA,XLSR-SLS,preemphasized_crop,jitter_proxy,0,4109,0.036553730613151814,0.019118185362407447,4109,0.009381629237187763,0.5510855293721827,negated_raw_is_spoof,screen,0.02456485767406846,0.5939526475350551
ASVspoof2019_LA,XLSR-SLS,preemphasized_crop,shimmer_proxy_db,0,4109,0.058546379289530756,0.0001733491889248244,4109,-0.007162494200541843,0.6490227579015919,negated_raw_is_spoof,screen,0.0002635535180033529,0.690646545225447
ASVspoof2019_LA,XLSR-SLS,preemphasized_crop,f0_delta_hz,0,4109,0.020934146355771364,0.17970997998588242,4109,-0.01409923720616488,0.3702908193727124,negated_raw_is_spoof,screen,0.20643607957352647,0.41785966518633544
ASVspoof2019_LA,XLSR-SLS,preemphasized_crop,group_delay_var,0,5000,-0.04610818995558484,0.0011091803563576502,5000,-0.058591172482597584,3.841207277996437e-05,negated_raw_is_spoof,screen,0.001582524839644036,6.81079496256888e-05
ASVspoof2019_LA,XLSR-SLS,preemphasized_crop,inst_freq_dispersion,0,5000,-0.017219893638755118,0.22344591325500823,5000,-0.004819315350041451,0.7351117363340209,negated_raw_is_spoof,screen,0.25300025898460915,0.770062489191679
ASVspoof2019_LA,XLSR-SLS,preemphasized_crop,modulation_centroid_hz,0,5000,-0.10741721599464002,2.622902303815385e-14,5000,-0.003254881952319197,0.8192544602303504,negated_raw_is_spoof,screen,6.22823444580897e-14,0.8450329965844905
ASVspoof2019_LA,XLSR-SLS,preemphasized_crop,modulation_entropy,0,5000,-0.12324282962160106,2.2151275058974563e-18,5000,-0.00584323148710327,0.6816464067354049,negated_raw_is_spoof,screen,6.2023570165128775e-18,0.7202301656072202
ASVspoof2019_LA,XLSR-SLS,preemphasized_crop,crest_factor_db,1,5000,-0.2048956170167422,1.554476535425641e-48,5000,-0.2090396837253787,5.31159630370359e-50,negated_raw_is_spoof,screen,1.0824955770010682e-47,3.922409578119574e-49
ASVspoof2019_LA,XLSR-SLS,preemphasized_crop,peak_dbfs,1,5000,0.17379022626148968,3.3505138831658246e-35,5000,0.0943870681360294,2.854257845396628e-11,negated_raw_is_spoof,screen,1.5800318101666205e-34,6.730039551250997e-11
ASVspoof2019_LA,XLSR-SLS,preemphasized_crop,rms_dbfs,1,5000,0.36306013769911893,1.2217294335605969e-155,5000,0.48727729882549836,1.2994155987184308e-293,negated_raw_is_spoof,screen,4.105010896763605e-154,2.183018205846964e-291
ASVspoof2019_LA,XLSR-SLS,preemphasized_crop,integrated_lufs,1,5000,0.16285464877409447,4.62402618734518e-31,5000,0.1786000608881571,9.161788004756168e-37,negated_raw_is_spoof,screen,1.960470408767168e-30,5.0258951340376694e-36
ASVspoof2019_LA,XLSR-SLS,preemphasized_crop,silence_fraction,1,5000,-0.24984675776334717,4.993917004286187e-72,5000,-0.27165164865166797,1.7924920569457152e-84,negated_raw_is_spoof,screen,5.786055563586755e-71,2.4836178603454037e-83
ASVspoof2019_LA,XLSR-SLS,preemphasized_crop,clipping_fraction,1,5000,0.057520158475387766,4.7085443375992056e-05,5000,0.009798024120387836,0.4907008499080139,negated_raw_is_spoof,screen,7.436290939757148e-05,0.5357448759353133
ASVspoof2019_LA,XLSR-SLS,preemphasized_crop,frame_rms_cv,1,5000,-0.4146115729304136,5.2447846478104224e-207,5000,-0.44291015454512556,6.096508868306013e-237,negated_raw_is_spoof,screen,4.146465039210123e-205,2.9263242567868864e-235
ASVspoof2019_LA,XLSR-SLS,preemphasized_crop,frame_rms_range_db,1,5000,-0.07478064668902061,1.1974710541692728e-07,5000,-0.08651973470339572,1.0800929879807192e-09,negated_raw_is_spoof,screen,2.1232204443317976e-07,2.3836534907160698e-09
ASVspoof2019_LA,XLSR-SLS,preemphasized_crop,spectral_centroid_hz,1,5000,-0.34776803615906793,4.070626049871339e-142,5000,-0.4149395746409545,2.6087591962170995e-205,negated_raw_is_spoof,screen,1.139775293963975e-140,8.765430899289455e-204
ASVspoof2019_LA,XLSR-SLS,preemphasized_crop,spectral_centroid_std_hz,1,5000,0.10256190626493773,3.6059337581782435e-13,5000,0.09469351708353281,2.4622058089972293e-11,negated_raw_is_spoof,screen,8.131501629180468e-13,5.861138612007119e-11
ASVspoof2019_LA,XLSR-SLS,preemphasized_crop,spectral_bandwidth_hz,1,5000,-0.437523010839421,6.34377022462725e-233,5000,-0.47037982863474026,4.907216633512601e-271,negated_raw_is_spoof,screen,7.750933801726385e-231,4.122061972150585e-269
ASVspoof2019_LA,XLSR-SLS,preemphasized_crop,spectral_rolloff85_hz,1,5000,-0.3896879477148539,5.080936677066612e-181,5000,-0.44656013621881646,2.7115526354226063e-241,negated_raw_is_spoof,screen,2.845324539157303e-179,1.5184694758366594e-239
ASVspoof2019_LA,XLSR-SLS,preemphasized_crop,spectral_flatness,1,5000,-0.6121949567891838,0.0,5000,-0.6313118762115871,0.0,negated_raw_is_spoof,screen,0.0,0.0
ASVspoof2019_LA,XLSR-SLS,preemphasized_crop,spectral_slope_db_per_khz,1,5000,-0.24621460249449326,6.143551540821639e-70,5000,-0.3279040566649054,2.0778457254739747e-124,negated_raw_is_spoof,screen,6.605546616691427e-69,4.106800963289738e-123
ASVspoof2019_LA,XLSR-SLS,preemphasized_crop,low_high_energy_ratio_db,1,5000,0.29086561380160536,4.469165115563521e-98,5000,0.3757896974402587,8.048819183026389e-166,negated_raw_is_spoof,screen,7.800724565347236e-97,1.8651056865495634e-164
ASVspoof2019_LA,XLSR-SLS,preemphasized_crop,spectral_flux,1,5000,0.4806079375789213,2.1035805325537473e-287,5000,0.5152213843856077,0.0,negated_raw_is_spoof,screen,5.6544244715044734e-285,0.0
ASVspoof2019_LA,XLSR-SLS,preemphasized_crop,f0_median_hz,1,4217,0.008304470393236058,0.5897980466590743,4217,-0.019481366238790123,0.20864172962498279,negated_raw_is_spoof,screen,0.6183218211464866,0.24881498191302293
ASVspoof2019_LA,XLSR-SLS,preemphasized_crop,f0_iqr_hz,1,4217,0.0837704415798235,5.097204346853298e-08,4217,0.09428880030632471,1.0718702941035684e-09,negated_raw_is_spoof,screen,9.207853013670474e-08,2.36939749222894e-09
ASVspoof2019_LA,XLSR-SLS,preemphasized_crop,voiced_fraction,1,5000,0.3811007135227476,1.420543438368314e-172,5000,0.42042726599231767,2.781439033546117e-211,negated_raw_is_spoof,screen,6.364034603890047e-171,1.0103389354286435e-209
ASVspoof2019_LA,XLSR-SLS,preemphasized_crop,hnr_db,1,4217,0.06548685827120174,2.081893664232543e-05,4217,0.05472382853781712,0.0004091078869315278,negated_raw_is_spoof,screen,3.3469678046992076e-05,0.0006697210719073975
ASVspoof2019_LA,XLSR-SLS,preemphasized_crop,cpp_proxy_db,1,4217,0.2760030788156377,1.3335282878560957e-74,4217,0.2774440584760236,1.6015020169408104e-74,negated_raw_is_spoof,screen,1.65950186933203e-73,1.8716684441464777e-73
ASVspoof2019_LA,XLSR-SLS,preemphasized_crop,jitter_proxy,1,4217,-0.06818107246323178,9.36160625937614e-06,4217,-0.05201374317181713,0.0007826094572776478,negated_raw_is_spoof,screen,1.532521170840625e-05,0.0012492008439206161
ASVspoof2019_LA,XLSR-SLS,preemphasized_crop,shimmer_proxy_db,1,4217,0.11631062540287165,3.5495533925445175e-14,4217,0.13256478719153417,8.491791720377788e-18,negated_raw_is_spoof,screen,8.384182354270354e-14,2.4919144262418662e-17
ASVspoof2019_LA,XLSR-SLS,preemphasized_crop,f0_delta_hz,1,4217,-0.0637389967296048,3.441469630928122e-05,4217,-0.07855622047579919,3.828137963663608e-07,negated_raw_is_spoof,screen,5.4737694484821255e-05,7.521955297023229e-07
ASVspoof2019_LA,XLSR-SLS,preemphasized_crop,group_delay_var,1,5000,-0.3772360182504944,7.442182079339931e-169,5000,-0.38813906505824625,1.0549944725869539e-177,negated_raw_is_spoof,screen,3.226546036978344e-167,2.5780228566488475e-176
ASVspoof2019_LA,XLSR-SLS,preemphasized_crop,inst_freq_dispersion,1,5000,-0.1742388939524579,2.234831441005082e-35,5000,-0.17364530697972275,8.248711630553012e-35,negated_raw_is_spoof,screen,1.0613475112052403e-34,4.263949396716634e-34
ASVspoof2019_LA,XLSR-SLS,preemphasized_crop,modulation_centroid_hz,1,5000,0.3202867003711549,1.197487966729019e-119,5000,0.3270534931681545,9.754236840732214e-124,negated_raw_is_spoof,screen,2.638399716858691e-118,1.8999556976730572e-122
ASVspoof2019_LA,XLSR-SLS,preemphasized_crop,modulation_entropy,1,5000,0.2708800331937024,8.139910964125764e-85,5000,0.2838643610260831,2.164204694251946e-92,negated_raw_is_spoof,screen,1.2022022347016512e-83,3.382198964040251e-91
