dataset,sample_id,source_id,label,dataset_revision,selection_key_sha256,selection_rank,manifest_version,selection_seed,selection_method,source_input_csv_sha256
ASVspoof2019_LA,LA_E_4907030,LA_E_4907030,0,9492c4a85ad91508b6da03c92c98c58aeaa02424,00085a8aa3414b2f351881d24df9f09ef7ea7b5cdfdbeff254b964a79647f86a,1,h2_pre_score_pairs_v1,2609,"sha256(seed,dataset,label,sample_id)_within_dataset_label",4e76aef0a62d2eb6430168d20678474c5767fbe15279cf8f95c4153f37310e3a
ASVspoof2019_LA,LA_E_8008613,LA_E_8008613,0,9492c4a85ad91508b6da03c92c98c58aeaa02424,000e8266fd074ce2f30803392471cbd7d1b0d2ff3571336a25cde3d65322f937,2,h2_pre_score_pairs_v1,2609,"sha256(seed,dataset,label,sample_id)_within_dataset_label",4e76aef0a62d2eb6430168d20678474c5767fbe15279cf8f95c4153f37310e3a
ASVspoof2019_LA,LA_E_4595991,LA_E_4595991,0,9492c4a85ad91508b6da03c92c98c58aeaa02424,00482e5b7a49bc75145b97dccd1934e4ff5fce79762e7811934cff8dca67df66,3,h2_pre_score_pairs_v1,2609,"sha256(seed,dataset,label,sample_id)_within_dataset_label",4e76aef0a62d2eb6430168d20678474c5767fbe15279cf8f95c4153f37310e3a
ASVspoof2019_LA,LA_E_8053032,LA_E_8053032,0,9492c4a85ad91508b6da03c92c98c58aeaa02424,004cc032686c68a732df321064b117460f262d657c29012846a0df1ac010ff05,4,h2_pre_score_pairs_v1,2609,"sha256(seed,dataset,label,sample_id)_within_dataset_label",4e76aef0a62d2eb6430168d20678474c5767fbe15279cf8f95c4153f37310e3a
ASVspoof2019_LA,LA_E_8936464,LA_E_8936464,0,9492c4a85ad91508b6da03c92c98c58aeaa02424,004edbfb28308231a444898975a48caf0c0db15cdd7e33e3c7d58439892661c3,5,h2_pre_score_pairs_v1,2609,"sha256(seed,dataset,label,sample_id)_within_dataset_label",4e76aef0a62d2eb6430168d20678474c5767fbe15279cf8f95c4153f37310e3a
ASVspoof2019_LA,LA_E_7004519,LA_E_7004519,0,9492c4a85ad91508b6da03c92c98c58aeaa02424,005947a05df990613eb76fef6b46fc43706637389b23075c3b7e3732e515fe1a,6,h2_pre_score_pairs_v1,2609,"sha256(seed,dataset,label,sample_id)_within_dataset_label",4e76aef0a62d2eb6430168d20678474c5767fbe15279cf8f95c4153f37310e3a
ASVspoof2019_LA,LA_E_8706232,LA_E_8706232,0,9492c4a85ad91508b6da03c92c98c58aeaa02424,00749c083aeb2a6767a548fa4a41bc8bf36b4c192b652437755a427b05048dd1,7,h2_pre_score_pairs_v1,2609,"sha256(seed,dataset,label,sample_id)_within_dataset_label",4e76aef0a62d2eb6430168d20678474c5767fbe15279cf8f95c4153f37310e3a
ASVspoof2019_LA,LA_E_5263265,LA_E_5263265,0,9492c4a85ad91508b6da03c92c98c58aeaa02424,007a356e211281167e79c58fe53bf34ce85d176efcb0f4e2686c5e88dd926c34,8,h2_pre_score_pairs_v1,2609,"sha256(seed,dataset,label,sample_id)_within_dataset_label",4e76aef0a62d2eb6430168d20678474c5767fbe15279cf8f95c4153f37310e3a
ASVspoof2019_LA,LA_E_1380169,LA_E_1380169,0,9492c4a85ad91508b6da03c92c98c58aeaa02424,0087ce8b34e5915aaf0232cbc1aef71fc98a4f35110cee984e9ea1d86c496d5e,9,h2_pre_score_pairs_v1,2609,"sha256(seed,dataset,label,sample_id)_within_dataset_label",4e76aef0a62d2eb6430168d20678474c5767fbe15279cf8f95c4153f37310e3a
ASVspoof2019_LA,LA_E_3271830,LA_E_3271830,0,9492c4a85ad91508b6da03c92c98c58aeaa02424,008d63df2cabf4e2b07fe43b271b75aef38698debe3c98345f898ac26d3a1f24,10,h2_pre_score_pairs_v1,2609,"sha256(seed,dataset,label,sample_id)_within_dataset_label",4e76aef0a62d2eb6430168d20678474c5767fbe15279cf8f95c4153f37310e3a
ASVspoof2019_LA,LA_E_2441047,LA_E_2441047,0,9492c4a85ad91508b6da03c92c98c58aeaa02424,00996666207f0577b09250e7a766677a70ff7313e0d2807a4c373a27fd27227c,11,h2_pre_score_pairs_v1,2609,"sha256(seed,dataset,label,sample_id)_within_dataset_label",4e76aef0a62d2eb6430168d20678474c5767fbe15279cf8f95c4153f37310e3a
ASVspoof2019_LA,LA_E_9271614,LA_E_9271614,0,9492c4a85ad91508b6da03c92c98c58aeaa02424,009b0422d29296b5cc79f7166662fea116395dc095fd7d3ec513bd33d7f33a03,12,h2_pre_score_pairs_v1,2609,"sha256(seed,dataset,label,sample_id)_within_dataset_label",4e76aef0a62d2eb6430168d20678474c5767fbe15279cf8f95c4153f37310e3a
ASVspoof2019_LA,LA_E_4747853,LA_E_4747853,0,9492c4a85ad91508b6da03c92c98c58aeaa02424,009c3a01be170a2346462dff1cc049e905bfe2fd9aa014e89e91aa74614aaf5e,13,h2_pre_score_pairs_v1,2609,"sha256(seed,dataset,label,sample_id)_within_dataset_label",4e76aef0a62d2eb6430168d20678474c5767fbe15279cf8f95c4153f37310e3a
ASVspoof2019_LA,LA_E_8785717,LA_E_8785717,0,9492c4a85ad91508b6da03c92c98c58aeaa02424,00b83ec5c08eb660a4047a8cf7d5afb91066b4d4442c1fc6f9420092fb35e9de,14,h2_pre_score_pairs_v1,2609,"sha256(seed,dataset,label,sample_id)_within_dataset_label",4e76aef0a62d2eb6430168d20678474c5767fbe15279cf8f95c4153f37310e3a
ASVspoof2019_LA,LA_E_5216957,LA_E_5216957,0,9492c4a85ad91508b6da03c92c98c58aeaa02424,00b9fb8a01c205625ce6844098037787c3d3475c05d189f2b741f8d2dd561fef,15,h2_pre_score_pairs_v1,2609,"sha256(seed,dataset,label,sample_id)_within_dataset_label",4e76aef0a62d2eb6430168d20678474c5767fbe15279cf8f95c4153f37310e3a
ASVspoof2019_LA,LA_E_4906680,LA_E_4906680,0,9492c4a85ad91508b6da03c92c98c58aeaa02424,00be960705dceef7b8273af5c18375cfb462380f9d6e8f03180c234f4e311501,16,h2_pre_score_pairs_v1,2609,"sha256(seed,dataset,label,sample_id)_within_dataset_label",4e76aef0a62d2eb6430168d20678474c5767fbe15279cf8f95c4153f37310e3a
ASVspoof2019_LA,LA_E_3741943,LA_E_3741943,0,9492c4a85ad91508b6da03c92c98c58aeaa02424,00c3c4d95c1b4ee9be07d650bdab6411669020e75a746793c889bb1094827f7e,17,h2_pre_score_pairs_v1,2609,"sha256(seed,dataset,label,sample_id)_within_dataset_label",4e76aef0a62d2eb6430168d20678474c5767fbe15279cf8f95c4153f37310e3a
ASVspoof2019_LA,LA_E_3762579,LA_E_3762579,0,9492c4a85ad91508b6da03c92c98c58aeaa02424,00ca3132b2b14414a74f67ee92c31d7f24c347394e3ca3237e7e09d670bc9675,18,h2_pre_score_pairs_v1,2609,"sha256(seed,dataset,label,sample_id)_within_dataset_label",4e76aef0a62d2eb6430168d20678474c5767fbe15279cf8f95c4153f37310e3a
ASVspoof2019_LA,LA_E_5724635,LA_E_5724635,0,9492c4a85ad91508b6da03c92c98c58aeaa02424,00ce3c9089333d193ea19cd85c9ceaf530adfc7895034b791e14d568fce695fb,19,h2_pre_score_pairs_v1,2609,"sha256(seed,dataset,label,sample_id)_within_dataset_label",4e76aef0a62d2eb6430168d20678474c5767fbe15279cf8f95c4153f37310e3a
ASVspoof2019_LA,LA_E_6531513,LA_E_6531513,0,9492c4a85ad91508b6da03c92c98c58aeaa02424,00d468fcc0cb3205563c296e3cac328edd1a0f8bfadc21d3d8d3ce5b814517f7,20,h2_pre_score_pairs_v1,2609,"sha256(seed,dataset,label,sample_id)_within_dataset_label",4e76aef0a62d2eb6430168d20678474c5767fbe15279cf8f95c4153f37310e3a
ASVspoof2019_LA,LA_E_8749092,LA_E_8749092,0,9492c4a85ad91508b6da03c92c98c58aeaa02424,00e2144dca78625cabae735beee3ceb9b3de061645764e3dd2809e82f699f797,21,h2_pre_score_pairs_v1,2609,"sha256(seed,dataset,label,sample_id)_within_dataset_label",4e76aef0a62d2eb6430168d20678474c5767fbe15279cf8f95c4153f37310e3a
ASVspoof2019_LA,LA_E_9798640,LA_E_9798640,0,9492c4a85ad91508b6da03c92c98c58aeaa02424,00e987d6be250a6df715c8ba309953f6183ec6600f6f116e4b4a387ae3b252c8,22,h2_pre_score_pairs_v1,2609,"sha256(seed,dataset,label,sample_id)_within_dataset_label",4e76aef0a62d2eb6430168d20678474c5767fbe15279cf8f95c4153f37310e3a
ASVspoof2019_LA,LA_E_3430022,LA_E_3430022,0,9492c4a85ad91508b6da03c92c98c58aeaa02424,00f594fdc757ca4a765e003b0407114c29098f55ec812088c84b39f8f09bdf0b,23,h2_pre_score_pairs_v1,2609,"sha256(seed,dataset,label,sample_id)_within_dataset_label",4e76aef0a62d2eb6430168d20678474c5767fbe15279cf8f95c4153f37310e3a
ASVspoof2019_LA,LA_E_8563026,LA_E_8563026,0,9492c4a85ad91508b6da03c92c98c58aeaa02424,00f5bf0be274582ddcd6ebff47f3a2a5b6f12b8b1e06ecea6975122b8edc0e2e,24,h2_pre_score_pairs_v1,2609,"sha256(seed,dataset,label,sample_id)_within_dataset_label",4e76aef0a62d2eb6430168d20678474c5767fbe15279cf8f95c4153f37310e3a
ASVspoof2019_LA,LA_E_2667571,LA_E_2667571,0,9492c4a85ad91508b6da03c92c98c58aeaa02424,00f92334b53811417696b503b1a9d45022ff18d0e03e891532dbfede995018de,25,h2_pre_score_pairs_v1,2609,"sha256(seed,dataset,label,sample_id)_within_dataset_label",4e76aef0a62d2eb6430168d20678474c5767fbe15279cf8f95c4153f37310e3a
ASVspoof2019_LA,LA_E_6626476,LA_E_6626476,0,9492c4a85ad91508b6da03c92c98c58aeaa02424,01095fdb4c48ccf6cbba81ee88c4fdcbfa46ba70d3c84392e0b5e479d597125e,26,h2_pre_score_pairs_v1,2609,"sha256(seed,dataset,label,sample_id)_within_dataset_label",4e76aef0a62d2eb6430168d20678474c5767fbe15279cf8f95c4153f37310e3a
ASVspoof2019_LA,LA_E_5191393,LA_E_5191393,0,9492c4a85ad91508b6da03c92c98c58aeaa02424,011354f88ccb19cb726e1275c188e44d0d1403956a2f21e41aba96b2211bee13,27,h2_pre_score_pairs_v1,2609,"sha256(seed,dataset,label,sample_id)_within_dataset_label",4e76aef0a62d2eb6430168d20678474c5767fbe15279cf8f95c4153f37310e3a
ASVspoof2019_LA,LA_E_1304770,LA_E_1304770,0,9492c4a85ad91508b6da03c92c98c58aeaa02424,012e4cc38b768f26e66bc333c3c9266ac45546a3b8c8ac3a22bef5065fbc0e46,28,h2_pre_score_pairs_v1,2609,"sha256(seed,dataset,label,sample_id)_within_dataset_label",4e76aef0a62d2eb6430168d20678474c5767fbe15279cf8f95c4153f37310e3a
ASVspoof2019_LA,LA_E_7080591,LA_E_7080591,0,9492c4a85ad91508b6da03c92c98c58aeaa02424,0130f82170b673f70505d0392d45b079dc8ff44af7fc51378bb54567a95182c0,29,h2_pre_score_pairs_v1,2609,"sha256(seed,dataset,label,sample_id)_within_dataset_label",4e76aef0a62d2eb6430168d20678474c5767fbe15279cf8f95c4153f37310e3a
ASVspoof2019_LA,LA_E_3914043,LA_E_3914043,0,9492c4a85ad91508b6da03c92c98c58aeaa02424,013d730c27a4104f7a4a00a5a3ddad76f124e1e94de512278f97190e2c470dbe,30,h2_pre_score_pairs_v1,2609,"sha256(seed,dataset,label,sample_id)_within_dataset_label",4e76aef0a62d2eb6430168d20678474c5767fbe15279cf8f95c4153f37310e3a
ASVspoof2019_LA,LA_E_3387905,LA_E_3387905,0,9492c4a85ad91508b6da03c92c98c58aeaa02424,014711e5ce2b9efb5178de37140281a8c2c83b0f488e87e5a626d206d18a90af,31,h2_pre_score_pairs_v1,2609,"sha256(seed,dataset,label,sample_id)_within_dataset_label",4e76aef0a62d2eb6430168d20678474c5767fbe15279cf8f95c4153f37310e3a
ASVspoof2019_LA,LA_E_6728374,LA_E_6728374,0,9492c4a85ad91508b6da03c92c98c58aeaa02424,0150f0f4c53bfe4bf4384e6c742c1cc4772936fc3c14b2cb7e496564a391ae85,32,h2_pre_score_pairs_v1,2609,"sha256(seed,dataset,label,sample_id)_within_dataset_label",4e76aef0a62d2eb6430168d20678474c5767fbe15279cf8f95c4153f37310e3a
ASVspoof2019_LA,LA_E_7777537,LA_E_7777537,0,9492c4a85ad91508b6da03c92c98c58aeaa02424,0151ee06c6edbf6c5bada4d43b040bcd987ac8b5dcd34e6ca6039fcfee1f1145,33,h2_pre_score_pairs_v1,2609,"sha256(seed,dataset,label,sample_id)_within_dataset_label",4e76aef0a62d2eb6430168d20678474c5767fbe15279cf8f95c4153f37310e3a
ASVspoof2019_LA,LA_E_8784966,LA_E_8784966,0,9492c4a85ad91508b6da03c92c98c58aeaa02424,01584c6e3bd1641807b0aecb7309bceef533601af3a55a10ed1dad90326d230d,34,h2_pre_score_pairs_v1,2609,"sha256(seed,dataset,label,sample_id)_within_dataset_label",4e76aef0a62d2eb6430168d20678474c5767fbe15279cf8f95c4153f37310e3a
ASVspoof2019_LA,LA_E_9895989,LA_E_9895989,0,9492c4a85ad91508b6da03c92c98c58aeaa02424,015ab7fad3d928731f5f0d33153583235a92edfde51f9cf15cc2e360ef6d7438,35,h2_pre_score_pairs_v1,2609,"sha256(seed,dataset,label,sample_id)_within_dataset_label",4e76aef0a62d2eb6430168d20678474c5767fbe15279cf8f95c4153f37310e3a
ASVspoof2019_LA,LA_E_1632308,LA_E_1632308,0,9492c4a85ad91508b6da03c92c98c58aeaa02424,016b63d812a1813d38d29a1ae00ebc048177e7e8e7448b01ff6da4ede6ec74e1,36,h2_pre_score_pairs_v1,2609,"sha256(seed,dataset,label,sample_id)_within_dataset_label",4e76aef0a62d2eb6430168d20678474c5767fbe15279cf8f95c4153f37310e3a
ASVspoof2019_LA,LA_E_9793248,LA_E_9793248,0,9492c4a85ad91508b6da03c92c98c58aeaa02424,016e39afcfdd23fbc11cf878c332c05fc54bc2b1a877185d38c215ab6cd6c36f,37,h2_pre_score_pairs_v1,2609,"sha256(seed,dataset,label,sample_id)_within_dataset_label",4e76aef0a62d2eb6430168d20678474c5767fbe15279cf8f95c4153f37310e3a
ASVspoof2019_LA,LA_E_9548366,LA_E_9548366,0,9492c4a85ad91508b6da03c92c98c58aeaa02424,016ef2113eadc45e2152b15f9173c8306a17e31dbb06b3a081124351038e9b6a,38,h2_pre_score_pairs_v1,2609,"sha256(seed,dataset,label,sample_id)_within_dataset_label",4e76aef0a62d2eb6430168d20678474c5767fbe15279cf8f95c4153f37310e3a
ASVspoof2019_LA,LA_E_3817778,LA_E_3817778,0,9492c4a85ad91508b6da03c92c98c58aeaa02424,01788bc55308108f6ac35e97c99ea5aa8405916691de8185f4ddd386e2b2c9fa,39,h2_pre_score_pairs_v1,2609,"sha256(seed,dataset,label,sample_id)_within_dataset_label",4e76aef0a62d2eb6430168d20678474c5767fbe15279cf8f95c4153f37310e3a
ASVspoof2019_LA,LA_E_3095411,LA_E_3095411,0,9492c4a85ad91508b6da03c92c98c58aeaa02424,0179a848a719e3c36c0c93ab0e7451ce2d21e6e070a78e79a5c8cc4feb35fef4,40,h2_pre_score_pairs_v1,2609,"sha256(seed,dataset,label,sample_id)_within_dataset_label",4e76aef0a62d2eb6430168d20678474c5767fbe15279cf8f95c4153f37310e3a
ASVspoof2019_LA,LA_E_8130303,LA_E_8130303,0,9492c4a85ad91508b6da03c92c98c58aeaa02424,01904504f0224596b6453d8c98d4fb6daa002cfc5cc1de08a568d15dae299ae4,41,h2_pre_score_pairs_v1,2609,"sha256(seed,dataset,label,sample_id)_within_dataset_label",4e76aef0a62d2eb6430168d20678474c5767fbe15279cf8f95c4153f37310e3a
ASVspoof2019_LA,LA_E_9745111,LA_E_9745111,0,9492c4a85ad91508b6da03c92c98c58aeaa02424,0195c4c43f8073606c141a9780cb604d2ee6e3d30426c4fa5c991b90593ccc3d,42,h2_pre_score_pairs_v1,2609,"sha256(seed,dataset,label,sample_id)_within_dataset_label",4e76aef0a62d2eb6430168d20678474c5767fbe15279cf8f95c4153f37310e3a
ASVspoof2019_LA,LA_E_3248504,LA_E_3248504,0,9492c4a85ad91508b6da03c92c98c58aeaa02424,019e2ef258731eb6af97c65a2d0b1d5fc217d492805350e886ee6ca6a4b05b53,43,h2_pre_score_pairs_v1,2609,"sha256(seed,dataset,label,sample_id)_within_dataset_label",4e76aef0a62d2eb6430168d20678474c5767fbe15279cf8f95c4153f37310e3a
ASVspoof2019_LA,LA_E_5626172,LA_E_5626172,0,9492c4a85ad91508b6da03c92c98c58aeaa02424,01a9c3d11b678703665719c16635d7323243e0bf65d51681952ac67b5d9b3b85,44,h2_pre_score_pairs_v1,2609,"sha256(seed,dataset,label,sample_id)_within_dataset_label",4e76aef0a62d2eb6430168d20678474c5767fbe15279cf8f95c4153f37310e3a
ASVspoof2019_LA,LA_E_6594187,LA_E_6594187,0,9492c4a85ad91508b6da03c92c98c58aeaa02424,01aabc3a92d0322a317ccd74329a70791e22a22712a23d21c72c1cf9245ecc66,45,h2_pre_score_pairs_v1,2609,"sha256(seed,dataset,label,sample_id)_within_dataset_label",4e76aef0a62d2eb6430168d20678474c5767fbe15279cf8f95c4153f37310e3a
ASVspoof2019_LA,LA_E_6238566,LA_E_6238566,0,9492c4a85ad91508b6da03c92c98c58aeaa02424,01acb17d6b107aac2d0a1868949f56208af44d402ae21d98336bc7fdc67b8917,46,h2_pre_score_pairs_v1,2609,"sha256(seed,dataset,label,sample_id)_within_dataset_label",4e76aef0a62d2eb6430168d20678474c5767fbe15279cf8f95c4153f37310e3a
ASVspoof2019_LA,LA_E_3605070,LA_E_3605070,0,9492c4a85ad91508b6da03c92c98c58aeaa02424,01b4ee04bc720af3adcdf1effd2550fa94e1c4cf2705b00b2caacc5dce70e639,47,h2_pre_score_pairs_v1,2609,"sha256(seed,dataset,label,sample_id)_within_dataset_label",4e76aef0a62d2eb6430168d20678474c5767fbe15279cf8f95c4153f37310e3a
ASVspoof2019_LA,LA_E_9857578,LA_E_9857578,0,9492c4a85ad91508b6da03c92c98c58aeaa02424,01b5ba1567d2e850e19c610edd4d95215f95e2e88e7b4224f552bfde0dff862d,48,h2_pre_score_pairs_v1,2609,"sha256(seed,dataset,label,sample_id)_within_dataset_label",4e76aef0a62d2eb6430168d20678474c5767fbe15279cf8f95c4153f37310e3a
ASVspoof2019_LA,LA_E_3098275,LA_E_3098275,0,9492c4a85ad91508b6da03c92c98c58aeaa02424,01bd93d7ea883b5f2b0e283985bbd3e40ea8556129ec28d6f3ce37a798e18639,49,h2_pre_score_pairs_v1,2609,"sha256(seed,dataset,label,sample_id)_within_dataset_label",4e76aef0a62d2eb6430168d20678474c5767fbe15279cf8f95c4153f37310e3a
ASVspoof2019_LA,LA_E_7214407,LA_E_7214407,0,9492c4a85ad91508b6da03c92c98c58aeaa02424,01ca02334e08468cfd7e7b90908fa10897931db22bdf869488e3e4e97f015791,50,h2_pre_score_pairs_v1,2609,"sha256(seed,dataset,label,sample_id)_within_dataset_label",4e76aef0a62d2eb6430168d20678474c5767fbe15279cf8f95c4153f37310e3a
ASVspoof2019_LA,LA_E_6699737,LA_E_6699737,0,9492c4a85ad91508b6da03c92c98c58aeaa02424,01cd68f67d17c625830c7a5edeaeebfdae9d03c27150e56c187269f0b6c37d5c,51,h2_pre_score_pairs_v1,2609,"sha256(seed,dataset,label,sample_id)_within_dataset_label",4e76aef0a62d2eb6430168d20678474c5767fbe15279cf8f95c4153f37310e3a
ASVspoof2019_LA,LA_E_9784678,LA_E_9784678,0,9492c4a85ad91508b6da03c92c98c58aeaa02424,01d295e8581d203798d468cb82a8bdd27c2e165c1176980157ee7153c79930ef,52,h2_pre_score_pairs_v1,2609,"sha256(seed,dataset,label,sample_id)_within_dataset_label",4e76aef0a62d2eb6430168d20678474c5767fbe15279cf8f95c4153f37310e3a
ASVspoof2019_LA,LA_E_8326117,LA_E_8326117,0,9492c4a85ad91508b6da03c92c98c58aeaa02424,01d580e6d8608c13f4689a6a3910a70198387c7fcc3705f34ea00b08a00f0f26,53,h2_pre_score_pairs_v1,2609,"sha256(seed,dataset,label,sample_id)_within_dataset_label",4e76aef0a62d2eb6430168d20678474c5767fbe15279cf8f95c4153f37310e3a
ASVspoof2019_LA,LA_E_9124182,LA_E_9124182,0,9492c4a85ad91508b6da03c92c98c58aeaa02424,01e6bcd5a251460e86cba592b126a716d458d5fd72dac09761b984e00bf3eacb,54,h2_pre_score_pairs_v1,2609,"sha256(seed,dataset,label,sample_id)_within_dataset_label",4e76aef0a62d2eb6430168d20678474c5767fbe15279cf8f95c4153f37310e3a
ASVspoof2019_LA,LA_E_1802212,LA_E_1802212,0,9492c4a85ad91508b6da03c92c98c58aeaa02424,01f612cd44cedfc3a145c99a68354ba5bf170d81e080fb6ed879e348248be10d,55,h2_pre_score_pairs_v1,2609,"sha256(seed,dataset,label,sample_id)_within_dataset_label",4e76aef0a62d2eb6430168d20678474c5767fbe15279cf8f95c4153f37310e3a
ASVspoof2019_LA,LA_E_1172376,LA_E_1172376,0,9492c4a85ad91508b6da03c92c98c58aeaa02424,01fd019c53b46dca9b20646a2aae8c5a32d76f335ce7776b07f8c608bc2b6a4d,56,h2_pre_score_pairs_v1,2609,"sha256(seed,dataset,label,sample_id)_within_dataset_label",4e76aef0a62d2eb6430168d20678474c5767fbe15279cf8f95c4153f37310e3a
ASVspoof2019_LA,LA_E_9987562,LA_E_9987562,0,9492c4a85ad91508b6da03c92c98c58aeaa02424,01fef5e3346d065ddf402a687ea5c6a403ce115aef8a72763984cf862a682115,57,h2_pre_score_pairs_v1,2609,"sha256(seed,dataset,label,sample_id)_within_dataset_label",4e76aef0a62d2eb6430168d20678474c5767fbe15279cf8f95c4153f37310e3a
ASVspoof2019_LA,LA_E_4461152,LA_E_4461152,0,9492c4a85ad91508b6da03c92c98c58aeaa02424,020b1adf6669cf3d567195d39219144bba025e6dc80cb26a719f99340feb49ec,58,h2_pre_score_pairs_v1,2609,"sha256(seed,dataset,label,sample_id)_within_dataset_label",4e76aef0a62d2eb6430168d20678474c5767fbe15279cf8f95c4153f37310e3a
ASVspoof2019_LA,LA_E_6136505,LA_E_6136505,0,9492c4a85ad91508b6da03c92c98c58aeaa02424,0218149c703738a14e83690499983ef96a102dc05ce8173dc2210b32966331c8,59,h2_pre_score_pairs_v1,2609,"sha256(seed,dataset,label,sample_id)_within_dataset_label",4e76aef0a62d2eb6430168d20678474c5767fbe15279cf8f95c4153f37310e3a
ASVspoof2019_LA,LA_E_9005251,LA_E_9005251,0,9492c4a85ad91508b6da03c92c98c58aeaa02424,024222549e10eb6886102a16d74d7cfb6c8d0d8ea8d8d57619bfcab5cb1ed086,60,h2_pre_score_pairs_v1,2609,"sha256(seed,dataset,label,sample_id)_within_dataset_label",4e76aef0a62d2eb6430168d20678474c5767fbe15279cf8f95c4153f37310e3a
ASVspoof2019_LA,LA_E_8482194,LA_E_8482194,0,9492c4a85ad91508b6da03c92c98c58aeaa02424,02491a51f20a80007d7aa039bc33ec3f5ac43331c841144a304d7e30477abd3c,61,h2_pre_score_pairs_v1,2609,"sha256(seed,dataset,label,sample_id)_within_dataset_label",4e76aef0a62d2eb6430168d20678474c5767fbe15279cf8f95c4153f37310e3a
ASVspoof2019_LA,LA_E_3660514,LA_E_3660514,0,9492c4a85ad91508b6da03c92c98c58aeaa02424,025220955f435b8c69bba98064dfab8641cc0e98ca9b6504be2625595a188797,62,h2_pre_score_pairs_v1,2609,"sha256(seed,dataset,label,sample_id)_within_dataset_label",4e76aef0a62d2eb6430168d20678474c5767fbe15279cf8f95c4153f37310e3a
ASVspoof2019_LA,LA_E_4369288,LA_E_4369288,0,9492c4a85ad91508b6da03c92c98c58aeaa02424,025a4a4d2cdedcc6909199a528c663f55e42ba58f52f028b83db17dc3736c584,63,h2_pre_score_pairs_v1,2609,"sha256(seed,dataset,label,sample_id)_within_dataset_label",4e76aef0a62d2eb6430168d20678474c5767fbe15279cf8f95c4153f37310e3a
ASVspoof2019_LA,LA_E_8935079,LA_E_8935079,0,9492c4a85ad91508b6da03c92c98c58aeaa02424,026c3fe56bab839685c69c557444897ae765c47e7c0576b79a638be8c086442f,64,h2_pre_score_pairs_v1,2609,"sha256(seed,dataset,label,sample_id)_within_dataset_label",4e76aef0a62d2eb6430168d20678474c5767fbe15279cf8f95c4153f37310e3a
ASVspoof2019_LA,LA_E_9920367,LA_E_9920367,0,9492c4a85ad91508b6da03c92c98c58aeaa02424,0274db89e420caf8c53f79acadbed08c896540b9bd6426fa20d12652871ddfca,65,h2_pre_score_pairs_v1,2609,"sha256(seed,dataset,label,sample_id)_within_dataset_label",4e76aef0a62d2eb6430168d20678474c5767fbe15279cf8f95c4153f37310e3a
ASVspoof2019_LA,LA_E_8918745,LA_E_8918745,0,9492c4a85ad91508b6da03c92c98c58aeaa02424,027bfa078d40ed291a097a8b0bb49c5088ff561f203c8f4ce21a10dca240dead,66,h2_pre_score_pairs_v1,2609,"sha256(seed,dataset,label,sample_id)_within_dataset_label",4e76aef0a62d2eb6430168d20678474c5767fbe15279cf8f95c4153f37310e3a
ASVspoof2019_LA,LA_E_2959083,LA_E_2959083,0,9492c4a85ad91508b6da03c92c98c58aeaa02424,027f499bd7dd9e81a15543e612b15c55aed861241aa604678a983992b1155c44,67,h2_pre_score_pairs_v1,2609,"sha256(seed,dataset,label,sample_id)_within_dataset_label",4e76aef0a62d2eb6430168d20678474c5767fbe15279cf8f95c4153f37310e3a
ASVspoof2019_LA,LA_E_1583855,LA_E_1583855,0,9492c4a85ad91508b6da03c92c98c58aeaa02424,02834c3f842154a2471ca0db5db7693c91edb7164ad148e484592adf70d7cef5,68,h2_pre_score_pairs_v1,2609,"sha256(seed,dataset,label,sample_id)_within_dataset_label",4e76aef0a62d2eb6430168d20678474c5767fbe15279cf8f95c4153f37310e3a
ASVspoof2019_LA,LA_E_3957992,LA_E_3957992,0,9492c4a85ad91508b6da03c92c98c58aeaa02424,028371dddfb6e3811d733365fb5d23f54cd97140dead1b7f45213c3d85ca7891,69,h2_pre_score_pairs_v1,2609,"sha256(seed,dataset,label,sample_id)_within_dataset_label",4e76aef0a62d2eb6430168d20678474c5767fbe15279cf8f95c4153f37310e3a
ASVspoof2019_LA,LA_E_1164883,LA_E_1164883,0,9492c4a85ad91508b6da03c92c98c58aeaa02424,02844b596ea2c85b10f2447970fdd58477736416f1bad920276fe62f2cb620fb,70,h2_pre_score_pairs_v1,2609,"sha256(seed,dataset,label,sample_id)_within_dataset_label",4e76aef0a62d2eb6430168d20678474c5767fbe15279cf8f95c4153f37310e3a
ASVspoof2019_LA,LA_E_2391204,LA_E_2391204,0,9492c4a85ad91508b6da03c92c98c58aeaa02424,028bb807bc62568cde56f3b04ced4bb462d308ab879538636089fca86aa5000e,71,h2_pre_score_pairs_v1,2609,"sha256(seed,dataset,label,sample_id)_within_dataset_label",4e76aef0a62d2eb6430168d20678474c5767fbe15279cf8f95c4153f37310e3a
ASVspoof2019_LA,LA_E_6930614,LA_E_6930614,0,9492c4a85ad91508b6da03c92c98c58aeaa02424,028ca32df37a71ccdd452e23ef4ecbbdcca9b25bd1c8148119c582bb4eb237d4,72,h2_pre_score_pairs_v1,2609,"sha256(seed,dataset,label,sample_id)_within_dataset_label",4e76aef0a62d2eb6430168d20678474c5767fbe15279cf8f95c4153f37310e3a
ASVspoof2019_LA,LA_E_9922848,LA_E_9922848,0,9492c4a85ad91508b6da03c92c98c58aeaa02424,029206e3ccb4132ea42c02523f6878fb0ccf393d4bfeceaf29a04b27718582af,73,h2_pre_score_pairs_v1,2609,"sha256(seed,dataset,label,sample_id)_within_dataset_label",4e76aef0a62d2eb6430168d20678474c5767fbe15279cf8f95c4153f37310e3a
ASVspoof2019_LA,LA_E_9530919,LA_E_9530919,0,9492c4a85ad91508b6da03c92c98c58aeaa02424,02998b1cbc4c076a6320540cfbb06354d2e355aebffab02d0f626934501ba8ea,74,h2_pre_score_pairs_v1,2609,"sha256(seed,dataset,label,sample_id)_within_dataset_label",4e76aef0a62d2eb6430168d20678474c5767fbe15279cf8f95c4153f37310e3a
ASVspoof2019_LA,LA_E_3422999,LA_E_3422999,0,9492c4a85ad91508b6da03c92c98c58aeaa02424,02a066d68e5f8db1c99f76195ca6d95ee875fa278b21bf5d2eb85b2d0c326317,75,h2_pre_score_pairs_v1,2609,"sha256(seed,dataset,label,sample_id)_within_dataset_label",4e76aef0a62d2eb6430168d20678474c5767fbe15279cf8f95c4153f37310e3a
ASVspoof2019_LA,LA_E_7105936,LA_E_7105936,0,9492c4a85ad91508b6da03c92c98c58aeaa02424,02adea4d37ef71eac09b2e9cee6363de44e2bec9a60120b3f4357afa1d82b00b,76,h2_pre_score_pairs_v1,2609,"sha256(seed,dataset,label,sample_id)_within_dataset_label",4e76aef0a62d2eb6430168d20678474c5767fbe15279cf8f95c4153f37310e3a
ASVspoof2019_LA,LA_E_3355060,LA_E_3355060,0,9492c4a85ad91508b6da03c92c98c58aeaa02424,02b34151d2cbb46c1e51c6373109ad0da272d5216a9fdf7da407bb83d91bc46b,77,h2_pre_score_pairs_v1,2609,"sha256(seed,dataset,label,sample_id)_within_dataset_label",4e76aef0a62d2eb6430168d20678474c5767fbe15279cf8f95c4153f37310e3a
ASVspoof2019_LA,LA_E_3817897,LA_E_3817897,0,9492c4a85ad91508b6da03c92c98c58aeaa02424,02c2e6420d85b21254a1c29fc771571a4b61dd3e75af93e19dbecb81a4724a19,78,h2_pre_score_pairs_v1,2609,"sha256(seed,dataset,label,sample_id)_within_dataset_label",4e76aef0a62d2eb6430168d20678474c5767fbe15279cf8f95c4153f37310e3a
ASVspoof2019_LA,LA_E_3115484,LA_E_3115484,0,9492c4a85ad91508b6da03c92c98c58aeaa02424,02cfff075e519ddbfdb15652807d12593f7d5a9392047380330ac9bfe6a0854d,79,h2_pre_score_pairs_v1,2609,"sha256(seed,dataset,label,sample_id)_within_dataset_label",4e76aef0a62d2eb6430168d20678474c5767fbe15279cf8f95c4153f37310e3a
ASVspoof2019_LA,LA_E_9221051,LA_E_9221051,0,9492c4a85ad91508b6da03c92c98c58aeaa02424,02dbcf124096fa694b345498227b2b0e8bfa9a9ee27bfb91348e8c19a61678d6,80,h2_pre_score_pairs_v1,2609,"sha256(seed,dataset,label,sample_id)_within_dataset_label",4e76aef0a62d2eb6430168d20678474c5767fbe15279cf8f95c4153f37310e3a
ASVspoof2019_LA,LA_E_5097096,LA_E_5097096,0,9492c4a85ad91508b6da03c92c98c58aeaa02424,02e8dcdd7b7b5876406b61cad71198b2bf9dcf2839c7a41ac973a45767da8352,81,h2_pre_score_pairs_v1,2609,"sha256(seed,dataset,label,sample_id)_within_dataset_label",4e76aef0a62d2eb6430168d20678474c5767fbe15279cf8f95c4153f37310e3a
ASVspoof2019_LA,LA_E_5030474,LA_E_5030474,0,9492c4a85ad91508b6da03c92c98c58aeaa02424,02ed07376e1d418b4174bc60bf6ac8557ad8595f89a89f78ede90530f0380af5,82,h2_pre_score_pairs_v1,2609,"sha256(seed,dataset,label,sample_id)_within_dataset_label",4e76aef0a62d2eb6430168d20678474c5767fbe15279cf8f95c4153f37310e3a
ASVspoof2019_LA,LA_E_8626523,LA_E_8626523,0,9492c4a85ad91508b6da03c92c98c58aeaa02424,02edc89dd73bd0d1a25f9120c7fa2a1513afbdd4a6e05333f4aae26bdcd2a255,83,h2_pre_score_pairs_v1,2609,"sha256(seed,dataset,label,sample_id)_within_dataset_label",4e76aef0a62d2eb6430168d20678474c5767fbe15279cf8f95c4153f37310e3a
ASVspoof2019_LA,LA_E_2481337,LA_E_2481337,0,9492c4a85ad91508b6da03c92c98c58aeaa02424,02ef4007277219d763751f1fca4d44074acb197becc7200f1a86ed57cf5992a2,84,h2_pre_score_pairs_v1,2609,"sha256(seed,dataset,label,sample_id)_within_dataset_label",4e76aef0a62d2eb6430168d20678474c5767fbe15279cf8f95c4153f37310e3a
ASVspoof2019_LA,LA_E_3137385,LA_E_3137385,0,9492c4a85ad91508b6da03c92c98c58aeaa02424,0311d368f158307daa7e8a6ec2bce2ae1920907a151a910ca76b64e2d2a57fd4,85,h2_pre_score_pairs_v1,2609,"sha256(seed,dataset,label,sample_id)_within_dataset_label",4e76aef0a62d2eb6430168d20678474c5767fbe15279cf8f95c4153f37310e3a
ASVspoof2019_LA,LA_E_9318500,LA_E_9318500,0,9492c4a85ad91508b6da03c92c98c58aeaa02424,0318494d6032137adc278c736add15b52c2770fb204a03e6debd2e4307a5d448,86,h2_pre_score_pairs_v1,2609,"sha256(seed,dataset,label,sample_id)_within_dataset_label",4e76aef0a62d2eb6430168d20678474c5767fbe15279cf8f95c4153f37310e3a
ASVspoof2019_LA,LA_E_5425509,LA_E_5425509,0,9492c4a85ad91508b6da03c92c98c58aeaa02424,031a05d3e009eb9859e45ab2437f8b9907c4d26b3cdc84dddd8f99939ca640e3,87,h2_pre_score_pairs_v1,2609,"sha256(seed,dataset,label,sample_id)_within_dataset_label",4e76aef0a62d2eb6430168d20678474c5767fbe15279cf8f95c4153f37310e3a
ASVspoof2019_LA,LA_E_8217014,LA_E_8217014,0,9492c4a85ad91508b6da03c92c98c58aeaa02424,031bde3013c5b33b0c88d5ff9f9feb1566ceb33e8345467a8c6a7346a5484cdb,88,h2_pre_score_pairs_v1,2609,"sha256(seed,dataset,label,sample_id)_within_dataset_label",4e76aef0a62d2eb6430168d20678474c5767fbe15279cf8f95c4153f37310e3a
ASVspoof2019_LA,LA_E_1435423,LA_E_1435423,0,9492c4a85ad91508b6da03c92c98c58aeaa02424,03261f7f14a08cd9c4b5ef06c4110dda01ff3cd8a1547d30e389af60e0387bc4,89,h2_pre_score_pairs_v1,2609,"sha256(seed,dataset,label,sample_id)_within_dataset_label",4e76aef0a62d2eb6430168d20678474c5767fbe15279cf8f95c4153f37310e3a
ASVspoof2019_LA,LA_E_4948924,LA_E_4948924,0,9492c4a85ad91508b6da03c92c98c58aeaa02424,0336bdc5fff7e236cd1793b7c67e9635c76f92a971f84a222a43e14f3b9113f7,90,h2_pre_score_pairs_v1,2609,"sha256(seed,dataset,label,sample_id)_within_dataset_label",4e76aef0a62d2eb6430168d20678474c5767fbe15279cf8f95c4153f37310e3a
ASVspoof2019_LA,LA_E_3951370,LA_E_3951370,0,9492c4a85ad91508b6da03c92c98c58aeaa02424,0339f7fff83fc311545527db09474e983cf3bf698d56a1b5b61ac6051eaac056,91,h2_pre_score_pairs_v1,2609,"sha256(seed,dataset,label,sample_id)_within_dataset_label",4e76aef0a62d2eb6430168d20678474c5767fbe15279cf8f95c4153f37310e3a
ASVspoof2019_LA,LA_E_5957019,LA_E_5957019,0,9492c4a85ad91508b6da03c92c98c58aeaa02424,03445b2911f8e1211033d641e1e6a8ce3d2ad7474eb244e72b62960334d82cf6,92,h2_pre_score_pairs_v1,2609,"sha256(seed,dataset,label,sample_id)_within_dataset_label",4e76aef0a62d2eb6430168d20678474c5767fbe15279cf8f95c4153f37310e3a
ASVspoof2019_LA,LA_E_8736554,LA_E_8736554,0,9492c4a85ad91508b6da03c92c98c58aeaa02424,0345bd6bfc8ba9b2d04f2f71956d317fcc91a824da7bf3ee9ff68296c0e5a97b,93,h2_pre_score_pairs_v1,2609,"sha256(seed,dataset,label,sample_id)_within_dataset_label",4e76aef0a62d2eb6430168d20678474c5767fbe15279cf8f95c4153f37310e3a
ASVspoof2019_LA,LA_E_7745909,LA_E_7745909,0,9492c4a85ad91508b6da03c92c98c58aeaa02424,034a6add25bb208035e90bdd7ec3db31ac15d7500f2110aa201977fba289936e,94,h2_pre_score_pairs_v1,2609,"sha256(seed,dataset,label,sample_id)_within_dataset_label",4e76aef0a62d2eb6430168d20678474c5767fbe15279cf8f95c4153f37310e3a
ASVspoof2019_LA,LA_E_6140367,LA_E_6140367,0,9492c4a85ad91508b6da03c92c98c58aeaa02424,03531ec0f3733e4f20c4ba90f0799c53e40151cf9f627958d5ae22e2a1ed6bc3,95,h2_pre_score_pairs_v1,2609,"sha256(seed,dataset,label,sample_id)_within_dataset_label",4e76aef0a62d2eb6430168d20678474c5767fbe15279cf8f95c4153f37310e3a
ASVspoof2019_LA,LA_E_3688097,LA_E_3688097,0,9492c4a85ad91508b6da03c92c98c58aeaa02424,035a5cccf9a88fe6d83461c0649c52b7411d35411a9d888c9ee7cbef612ae612,96,h2_pre_score_pairs_v1,2609,"sha256(seed,dataset,label,sample_id)_within_dataset_label",4e76aef0a62d2eb6430168d20678474c5767fbe15279cf8f95c4153f37310e3a
ASVspoof2019_LA,LA_E_3141611,LA_E_3141611,0,9492c4a85ad91508b6da03c92c98c58aeaa02424,035b9c13a36a63c7145ed02b34cd9609925448379efc1a7aaf45ce3acdc9ef5d,97,h2_pre_score_pairs_v1,2609,"sha256(seed,dataset,label,sample_id)_within_dataset_label",4e76aef0a62d2eb6430168d20678474c5767fbe15279cf8f95c4153f37310e3a
ASVspoof2019_LA,LA_E_9090957,LA_E_9090957,0,9492c4a85ad91508b6da03c92c98c58aeaa02424,035c467bcc5a5a6b0999ec2fe8ce868afc4b4268b9f73fa3b1603af984f3eb68,98,h2_pre_score_pairs_v1,2609,"sha256(seed,dataset,label,sample_id)_within_dataset_label",4e76aef0a62d2eb6430168d20678474c5767fbe15279cf8f95c4153f37310e3a
ASVspoof2019_LA,LA_E_3372566,LA_E_3372566,0,9492c4a85ad91508b6da03c92c98c58aeaa02424,0362ab47ca261f916a322beb06ecddc079e50056b5b261a2438054ed84a1ba16,99,h2_pre_score_pairs_v1,2609,"sha256(seed,dataset,label,sample_id)_within_dataset_label",4e76aef0a62d2eb6430168d20678474c5767fbe15279cf8f95c4153f37310e3a
ASVspoof2019_LA,LA_E_3473577,LA_E_3473577,0,9492c4a85ad91508b6da03c92c98c58aeaa02424,0362dfeb4292fb94f0d8867e581d28fa210314785618773785d5821ff217f144,100,h2_pre_score_pairs_v1,2609,"sha256(seed,dataset,label,sample_id)_within_dataset_label",4e76aef0a62d2eb6430168d20678474c5767fbe15279cf8f95c4153f37310e3a
ASVspoof2019_LA,LA_E_6112712,LA_E_6112712,0,9492c4a85ad91508b6da03c92c98c58aeaa02424,03679683cae6ae6805f0c893cfe4c74d97905cb1ca13516436f6ece358e4cc9a,101,h2_pre_score_pairs_v1,2609,"sha256(seed,dataset,label,sample_id)_within_dataset_label",4e76aef0a62d2eb6430168d20678474c5767fbe15279cf8f95c4153f37310e3a
ASVspoof2019_LA,LA_E_8817379,LA_E_8817379,0,9492c4a85ad91508b6da03c92c98c58aeaa02424,036ad08298e08f4ea71f1ca37c1dfa3b8f8ef285a162e157e372bb8781f1f6dc,102,h2_pre_score_pairs_v1,2609,"sha256(seed,dataset,label,sample_id)_within_dataset_label",4e76aef0a62d2eb6430168d20678474c5767fbe15279cf8f95c4153f37310e3a
ASVspoof2019_LA,LA_E_3107677,LA_E_3107677,0,9492c4a85ad91508b6da03c92c98c58aeaa02424,036c60711ad2f86b959e5359f404c364cad2d6a392ee0e6d9a90f4f6d8fe4210,103,h2_pre_score_pairs_v1,2609,"sha256(seed,dataset,label,sample_id)_within_dataset_label",4e76aef0a62d2eb6430168d20678474c5767fbe15279cf8f95c4153f37310e3a
ASVspoof2019_LA,LA_E_2562511,LA_E_2562511,0,9492c4a85ad91508b6da03c92c98c58aeaa02424,03728b6fdb8b9ac3bf98e50de821be16f312bd9cbc939671d67efe1262ca5109,104,h2_pre_score_pairs_v1,2609,"sha256(seed,dataset,label,sample_id)_within_dataset_label",4e76aef0a62d2eb6430168d20678474c5767fbe15279cf8f95c4153f37310e3a
ASVspoof2019_LA,LA_E_9219334,LA_E_9219334,0,9492c4a85ad91508b6da03c92c98c58aeaa02424,03780d5cb6a7085db3c590765828b5b6dbb3448bbee54305145ca26e2627926c,105,h2_pre_score_pairs_v1,2609,"sha256(seed,dataset,label,sample_id)_within_dataset_label",4e76aef0a62d2eb6430168d20678474c5767fbe15279cf8f95c4153f37310e3a
ASVspoof2019_LA,LA_E_5977452,LA_E_5977452,0,9492c4a85ad91508b6da03c92c98c58aeaa02424,0384403a52953991db529665e8bb42ccf23bd517cf536ac3c3248dbec8771a95,106,h2_pre_score_pairs_v1,2609,"sha256(seed,dataset,label,sample_id)_within_dataset_label",4e76aef0a62d2eb6430168d20678474c5767fbe15279cf8f95c4153f37310e3a
ASVspoof2019_LA,LA_E_5303039,LA_E_5303039,0,9492c4a85ad91508b6da03c92c98c58aeaa02424,0387baac0ae651da8e25bd692787ccd5257c775b8fb5ea559170e98b4f5e37a6,107,h2_pre_score_pairs_v1,2609,"sha256(seed,dataset,label,sample_id)_within_dataset_label",4e76aef0a62d2eb6430168d20678474c5767fbe15279cf8f95c4153f37310e3a
ASVspoof2019_LA,LA_E_2683465,LA_E_2683465,0,9492c4a85ad91508b6da03c92c98c58aeaa02424,038af95972dcebd46c29764de550cc1878879de7c6356c328299b53aa9e708ba,108,h2_pre_score_pairs_v1,2609,"sha256(seed,dataset,label,sample_id)_within_dataset_label",4e76aef0a62d2eb6430168d20678474c5767fbe15279cf8f95c4153f37310e3a
ASVspoof2019_LA,LA_E_2004528,LA_E_2004528,0,9492c4a85ad91508b6da03c92c98c58aeaa02424,038d984441b144bb54b5f6b1b8d1b26e4264939b6232defb579baed609b69b04,109,h2_pre_score_pairs_v1,2609,"sha256(seed,dataset,label,sample_id)_within_dataset_label",4e76aef0a62d2eb6430168d20678474c5767fbe15279cf8f95c4153f37310e3a
ASVspoof2019_LA,LA_E_7314361,LA_E_7314361,0,9492c4a85ad91508b6da03c92c98c58aeaa02424,03a5d6b11325ae143d321a871d74ea1d2466db7e00b651cca2e4f1ea51fd10f4,110,h2_pre_score_pairs_v1,2609,"sha256(seed,dataset,label,sample_id)_within_dataset_label",4e76aef0a62d2eb6430168d20678474c5767fbe15279cf8f95c4153f37310e3a
ASVspoof2019_LA,LA_E_5017056,LA_E_5017056,0,9492c4a85ad91508b6da03c92c98c58aeaa02424,03aa942d201db17690495f2e9f1aab0d57cc6148d8d409522979e48596a9fcc8,111,h2_pre_score_pairs_v1,2609,"sha256(seed,dataset,label,sample_id)_within_dataset_label",4e76aef0a62d2eb6430168d20678474c5767fbe15279cf8f95c4153f37310e3a
ASVspoof2019_LA,LA_E_9440420,LA_E_9440420,0,9492c4a85ad91508b6da03c92c98c58aeaa02424,03ab2e62e886e7966d1bf945c43ed1de266b3499da6f3bf6075f450b1a426c19,112,h2_pre_score_pairs_v1,2609,"sha256(seed,dataset,label,sample_id)_within_dataset_label",4e76aef0a62d2eb6430168d20678474c5767fbe15279cf8f95c4153f37310e3a
ASVspoof2019_LA,LA_E_5873516,LA_E_5873516,0,9492c4a85ad91508b6da03c92c98c58aeaa02424,03b64b3c363016517dc7dfec5b889e8e41bdf72393d40203f1db8204ea45374a,113,h2_pre_score_pairs_v1,2609,"sha256(seed,dataset,label,sample_id)_within_dataset_label",4e76aef0a62d2eb6430168d20678474c5767fbe15279cf8f95c4153f37310e3a
ASVspoof2019_LA,LA_E_9918800,LA_E_9918800,0,9492c4a85ad91508b6da03c92c98c58aeaa02424,03ba23bef3d3284e9fb09497a1d08ddc6923ebac72927ae1ac1ffad9c127ffec,114,h2_pre_score_pairs_v1,2609,"sha256(seed,dataset,label,sample_id)_within_dataset_label",4e76aef0a62d2eb6430168d20678474c5767fbe15279cf8f95c4153f37310e3a
ASVspoof2019_LA,LA_E_3042796,LA_E_3042796,0,9492c4a85ad91508b6da03c92c98c58aeaa02424,03bc4210f5ce7b72026c844b874c39b4e35aad48720f60dd0ed3b4d5f4efcd59,115,h2_pre_score_pairs_v1,2609,"sha256(seed,dataset,label,sample_id)_within_dataset_label",4e76aef0a62d2eb6430168d20678474c5767fbe15279cf8f95c4153f37310e3a
ASVspoof2019_LA,LA_E_4285950,LA_E_4285950,0,9492c4a85ad91508b6da03c92c98c58aeaa02424,03bfd4c63bd879243f4f2d396dbe348678e6919ec2f3fada1d52294d93a3711b,116,h2_pre_score_pairs_v1,2609,"sha256(seed,dataset,label,sample_id)_within_dataset_label",4e76aef0a62d2eb6430168d20678474c5767fbe15279cf8f95c4153f37310e3a
ASVspoof2019_LA,LA_E_9398476,LA_E_9398476,0,9492c4a85ad91508b6da03c92c98c58aeaa02424,03c57ae7464f33efc8e910e7e8c5a697154ce4327d5558d517ef6fd526304a09,117,h2_pre_score_pairs_v1,2609,"sha256(seed,dataset,label,sample_id)_within_dataset_label",4e76aef0a62d2eb6430168d20678474c5767fbe15279cf8f95c4153f37310e3a
ASVspoof2019_LA,LA_E_3351742,LA_E_3351742,0,9492c4a85ad91508b6da03c92c98c58aeaa02424,03c6722702beb44ee97b667c702ba489e0b16055b74c60c1cac3617fba50e389,118,h2_pre_score_pairs_v1,2609,"sha256(seed,dataset,label,sample_id)_within_dataset_label",4e76aef0a62d2eb6430168d20678474c5767fbe15279cf8f95c4153f37310e3a
ASVspoof2019_LA,LA_E_7677304,LA_E_7677304,0,9492c4a85ad91508b6da03c92c98c58aeaa02424,03d63e36d4b725fec3abb6afae6459eca8b0fe0dad96ac46eb8ad3aa24bd8678,119,h2_pre_score_pairs_v1,2609,"sha256(seed,dataset,label,sample_id)_within_dataset_label",4e76aef0a62d2eb6430168d20678474c5767fbe15279cf8f95c4153f37310e3a
ASVspoof2019_LA,LA_E_5605777,LA_E_5605777,0,9492c4a85ad91508b6da03c92c98c58aeaa02424,03e7504fef2519e5bd0f4c4cbfb17b32b9cf38fb2d11fca99e157710eac842fe,120,h2_pre_score_pairs_v1,2609,"sha256(seed,dataset,label,sample_id)_within_dataset_label",4e76aef0a62d2eb6430168d20678474c5767fbe15279cf8f95c4153f37310e3a
ASVspoof2019_LA,LA_E_6226433,LA_E_6226433,0,9492c4a85ad91508b6da03c92c98c58aeaa02424,03efb6094f41171318ae7d0ea2ad847ef8c0bc1cae3686bdff5a826964cac1c8,121,h2_pre_score_pairs_v1,2609,"sha256(seed,dataset,label,sample_id)_within_dataset_label",4e76aef0a62d2eb6430168d20678474c5767fbe15279cf8f95c4153f37310e3a
ASVspoof2019_LA,LA_E_7647451,LA_E_7647451,0,9492c4a85ad91508b6da03c92c98c58aeaa02424,03fa67edee0e2ce4af165ea3eea9400c0a0cc1c4e8e684c4eb7d1b4454f927c4,122,h2_pre_score_pairs_v1,2609,"sha256(seed,dataset,label,sample_id)_within_dataset_label",4e76aef0a62d2eb6430168d20678474c5767fbe15279cf8f95c4153f37310e3a
ASVspoof2019_LA,LA_E_2313012,LA_E_2313012,0,9492c4a85ad91508b6da03c92c98c58aeaa02424,03fcb3b3ab6f83435e696dd6b6beb03c8611ff81ab396513b9333b6b397e8b68,123,h2_pre_score_pairs_v1,2609,"sha256(seed,dataset,label,sample_id)_within_dataset_label",4e76aef0a62d2eb6430168d20678474c5767fbe15279cf8f95c4153f37310e3a
ASVspoof2019_LA,LA_E_8724814,LA_E_8724814,0,9492c4a85ad91508b6da03c92c98c58aeaa02424,04053dded515b6b8331c8a344b1b5a460151f3344ef9359180086e58916c2f3f,124,h2_pre_score_pairs_v1,2609,"sha256(seed,dataset,label,sample_id)_within_dataset_label",4e76aef0a62d2eb6430168d20678474c5767fbe15279cf8f95c4153f37310e3a
ASVspoof2019_LA,LA_E_5604786,LA_E_5604786,0,9492c4a85ad91508b6da03c92c98c58aeaa02424,040bfc69e22005a13e676a3210ebe8869744b07a7746c95ae8706c5d44cdff45,125,h2_pre_score_pairs_v1,2609,"sha256(seed,dataset,label,sample_id)_within_dataset_label",4e76aef0a62d2eb6430168d20678474c5767fbe15279cf8f95c4153f37310e3a
ASVspoof2019_LA,LA_E_7847565,LA_E_7847565,0,9492c4a85ad91508b6da03c92c98c58aeaa02424,040d1531641c3c72f4f0d5deae8322a348db2aa46fd33913458fa735f67da6e6,126,h2_pre_score_pairs_v1,2609,"sha256(seed,dataset,label,sample_id)_within_dataset_label",4e76aef0a62d2eb6430168d20678474c5767fbe15279cf8f95c4153f37310e3a
ASVspoof2019_LA,LA_E_7605406,LA_E_7605406,0,9492c4a85ad91508b6da03c92c98c58aeaa02424,041019036e26a72a3347b578e0b678419c83b4c06afd6871aefe6209ffd9c82e,127,h2_pre_score_pairs_v1,2609,"sha256(seed,dataset,label,sample_id)_within_dataset_label",4e76aef0a62d2eb6430168d20678474c5767fbe15279cf8f95c4153f37310e3a
ASVspoof2019_LA,LA_E_6935365,LA_E_6935365,0,9492c4a85ad91508b6da03c92c98c58aeaa02424,04135893ec2d4529d4fc6ebb5145eb20e894d5558c034fb60b00768ea68ab439,128,h2_pre_score_pairs_v1,2609,"sha256(seed,dataset,label,sample_id)_within_dataset_label",4e76aef0a62d2eb6430168d20678474c5767fbe15279cf8f95c4153f37310e3a
ASVspoof2019_LA,LA_E_3812186,LA_E_3812186,0,9492c4a85ad91508b6da03c92c98c58aeaa02424,0421ce1834d2a3cdccd5f03a17796b714177b1f52a7b40a0cba2c6e07aa0ab5e,129,h2_pre_score_pairs_v1,2609,"sha256(seed,dataset,label,sample_id)_within_dataset_label",4e76aef0a62d2eb6430168d20678474c5767fbe15279cf8f95c4153f37310e3a
ASVspoof2019_LA,LA_E_4621980,LA_E_4621980,0,9492c4a85ad91508b6da03c92c98c58aeaa02424,042befd8ad6da7600b000b9c8dfafc0e805ed0be15979ad7959ad7476c540723,130,h2_pre_score_pairs_v1,2609,"sha256(seed,dataset,label,sample_id)_within_dataset_label",4e76aef0a62d2eb6430168d20678474c5767fbe15279cf8f95c4153f37310e3a
ASVspoof2019_LA,LA_E_3000121,LA_E_3000121,0,9492c4a85ad91508b6da03c92c98c58aeaa02424,042d6963c4670280f3d840f69da577531c376788cc4c9fdd4d3b928378c7e600,131,h2_pre_score_pairs_v1,2609,"sha256(seed,dataset,label,sample_id)_within_dataset_label",4e76aef0a62d2eb6430168d20678474c5767fbe15279cf8f95c4153f37310e3a
ASVspoof2019_LA,LA_E_5397934,LA_E_5397934,0,9492c4a85ad91508b6da03c92c98c58aeaa02424,042fbfeda530240e7f4c32b2ee9865697e5654ff6feebde909f4a4f211d207e4,132,h2_pre_score_pairs_v1,2609,"sha256(seed,dataset,label,sample_id)_within_dataset_label",4e76aef0a62d2eb6430168d20678474c5767fbe15279cf8f95c4153f37310e3a
ASVspoof2019_LA,LA_E_6372044,LA_E_6372044,0,9492c4a85ad91508b6da03c92c98c58aeaa02424,0459caff1f86a5fe3142f60686b284c7b7dc2d229814f194fbf209f5eda320b8,133,h2_pre_score_pairs_v1,2609,"sha256(seed,dataset,label,sample_id)_within_dataset_label",4e76aef0a62d2eb6430168d20678474c5767fbe15279cf8f95c4153f37310e3a
ASVspoof2019_LA,LA_E_3486569,LA_E_3486569,0,9492c4a85ad91508b6da03c92c98c58aeaa02424,046369a139922b5269a23226880e1257e223f5617a3bf5cea55df87f18d7f525,134,h2_pre_score_pairs_v1,2609,"sha256(seed,dataset,label,sample_id)_within_dataset_label",4e76aef0a62d2eb6430168d20678474c5767fbe15279cf8f95c4153f37310e3a
ASVspoof2019_LA,LA_E_8661993,LA_E_8661993,0,9492c4a85ad91508b6da03c92c98c58aeaa02424,046601f4bf8dc364465069fbb81a262d315635f0a47f2f65273bbd7497086018,135,h2_pre_score_pairs_v1,2609,"sha256(seed,dataset,label,sample_id)_within_dataset_label",4e76aef0a62d2eb6430168d20678474c5767fbe15279cf8f95c4153f37310e3a
ASVspoof2019_LA,LA_E_3420406,LA_E_3420406,0,9492c4a85ad91508b6da03c92c98c58aeaa02424,046ca43cfaaa25546e23190f9c206c0dd5959a245887e74ff4d79cbb2fc4fe30,136,h2_pre_score_pairs_v1,2609,"sha256(seed,dataset,label,sample_id)_within_dataset_label",4e76aef0a62d2eb6430168d20678474c5767fbe15279cf8f95c4153f37310e3a
ASVspoof2019_LA,LA_E_2986162,LA_E_2986162,0,9492c4a85ad91508b6da03c92c98c58aeaa02424,04740949b13c8f50b721168ae8492b6c0c6526ce439b3734e376c7644883c0fb,137,h2_pre_score_pairs_v1,2609,"sha256(seed,dataset,label,sample_id)_within_dataset_label",4e76aef0a62d2eb6430168d20678474c5767fbe15279cf8f95c4153f37310e3a
ASVspoof2019_LA,LA_E_1033230,LA_E_1033230,0,9492c4a85ad91508b6da03c92c98c58aeaa02424,04940ca787abf74fb4a45ccecae13a9a3d409f8dceac3f74c1c5d7b5b342685c,138,h2_pre_score_pairs_v1,2609,"sha256(seed,dataset,label,sample_id)_within_dataset_label",4e76aef0a62d2eb6430168d20678474c5767fbe15279cf8f95c4153f37310e3a
ASVspoof2019_LA,LA_E_3494134,LA_E_3494134,0,9492c4a85ad91508b6da03c92c98c58aeaa02424,04944e29fe82fccc4e24cfc55a58692857fb1bf52621fed6a8a62e92cc474712,139,h2_pre_score_pairs_v1,2609,"sha256(seed,dataset,label,sample_id)_within_dataset_label",4e76aef0a62d2eb6430168d20678474c5767fbe15279cf8f95c4153f37310e3a
ASVspoof2019_LA,LA_E_5887764,LA_E_5887764,0,9492c4a85ad91508b6da03c92c98c58aeaa02424,049468e42015a73abe21d7a47490fff288ee2640e31cc060a5918ed8eb1eac73,140,h2_pre_score_pairs_v1,2609,"sha256(seed,dataset,label,sample_id)_within_dataset_label",4e76aef0a62d2eb6430168d20678474c5767fbe15279cf8f95c4153f37310e3a
ASVspoof2019_LA,LA_E_4155900,LA_E_4155900,0,9492c4a85ad91508b6da03c92c98c58aeaa02424,0496dab20b65dd972b08552bb91392199253d4c9c4600c9675392b785de24785,141,h2_pre_score_pairs_v1,2609,"sha256(seed,dataset,label,sample_id)_within_dataset_label",4e76aef0a62d2eb6430168d20678474c5767fbe15279cf8f95c4153f37310e3a
ASVspoof2019_LA,LA_E_6290182,LA_E_6290182,0,9492c4a85ad91508b6da03c92c98c58aeaa02424,04a748b9883589c37f5339fb137f1b52b3faab85013f6671541eb416598dd58d,142,h2_pre_score_pairs_v1,2609,"sha256(seed,dataset,label,sample_id)_within_dataset_label",4e76aef0a62d2eb6430168d20678474c5767fbe15279cf8f95c4153f37310e3a
ASVspoof2019_LA,LA_E_8237320,LA_E_8237320,0,9492c4a85ad91508b6da03c92c98c58aeaa02424,04a8589f40f7538d8e60a5b3666ef726ff806db0218999f27d27adb9d1c45f2a,143,h2_pre_score_pairs_v1,2609,"sha256(seed,dataset,label,sample_id)_within_dataset_label",4e76aef0a62d2eb6430168d20678474c5767fbe15279cf8f95c4153f37310e3a
ASVspoof2019_LA,LA_E_1098563,LA_E_1098563,0,9492c4a85ad91508b6da03c92c98c58aeaa02424,04a97e96bd933596063d275c0908825493b1f320db7ff50767b2c01c8619e83f,144,h2_pre_score_pairs_v1,2609,"sha256(seed,dataset,label,sample_id)_within_dataset_label",4e76aef0a62d2eb6430168d20678474c5767fbe15279cf8f95c4153f37310e3a
ASVspoof2019_LA,LA_E_4168628,LA_E_4168628,0,9492c4a85ad91508b6da03c92c98c58aeaa02424,04ae5dc254829edc6214957edb383e3b8bd48a69a59cb8ebb428276c1950fdb2,145,h2_pre_score_pairs_v1,2609,"sha256(seed,dataset,label,sample_id)_within_dataset_label",4e76aef0a62d2eb6430168d20678474c5767fbe15279cf8f95c4153f37310e3a
ASVspoof2019_LA,LA_E_6113846,LA_E_6113846,0,9492c4a85ad91508b6da03c92c98c58aeaa02424,04b11200cdc89dbb8383f7e02756d30c4a0db861f7cfd4bb6c08142d65c4c2c4,146,h2_pre_score_pairs_v1,2609,"sha256(seed,dataset,label,sample_id)_within_dataset_label",4e76aef0a62d2eb6430168d20678474c5767fbe15279cf8f95c4153f37310e3a
ASVspoof2019_LA,LA_E_7455353,LA_E_7455353,0,9492c4a85ad91508b6da03c92c98c58aeaa02424,04b6e1394ccf2ed080ea3e4e73da8b4a8b9d53f41dfc78dc2e1758ce627e62ee,147,h2_pre_score_pairs_v1,2609,"sha256(seed,dataset,label,sample_id)_within_dataset_label",4e76aef0a62d2eb6430168d20678474c5767fbe15279cf8f95c4153f37310e3a
ASVspoof2019_LA,LA_E_4991842,LA_E_4991842,0,9492c4a85ad91508b6da03c92c98c58aeaa02424,04c683b1e2271aebc633bcdc1e0514e6c712c462b4b86353b54c7c833b7e396c,148,h2_pre_score_pairs_v1,2609,"sha256(seed,dataset,label,sample_id)_within_dataset_label",4e76aef0a62d2eb6430168d20678474c5767fbe15279cf8f95c4153f37310e3a
ASVspoof2019_LA,LA_E_4830979,LA_E_4830979,0,9492c4a85ad91508b6da03c92c98c58aeaa02424,04cc6a013914c8386aef9b16c1742dcf9d4872b840ac3d7a47b522e8e7c9d2f3,149,h2_pre_score_pairs_v1,2609,"sha256(seed,dataset,label,sample_id)_within_dataset_label",4e76aef0a62d2eb6430168d20678474c5767fbe15279cf8f95c4153f37310e3a
ASVspoof2019_LA,LA_E_2907615,LA_E_2907615,0,9492c4a85ad91508b6da03c92c98c58aeaa02424,04cf5d1bbc006bd9fcb8f635358403e7d136ca909d70278057967c06f1e58db9,150,h2_pre_score_pairs_v1,2609,"sha256(seed,dataset,label,sample_id)_within_dataset_label",4e76aef0a62d2eb6430168d20678474c5767fbe15279cf8f95c4153f37310e3a
ASVspoof2019_LA,LA_E_1465196,LA_E_1465196,0,9492c4a85ad91508b6da03c92c98c58aeaa02424,04d1bf365ed24ff7c30258d3cdc88f8878fde9549f0114183400a84630540be5,151,h2_pre_score_pairs_v1,2609,"sha256(seed,dataset,label,sample_id)_within_dataset_label",4e76aef0a62d2eb6430168d20678474c5767fbe15279cf8f95c4153f37310e3a
ASVspoof2019_LA,LA_E_2723894,LA_E_2723894,0,9492c4a85ad91508b6da03c92c98c58aeaa02424,04d851d8152fe639062a0f48dd4638a66ae08c28356ee4a9c735ed8cba064a30,152,h2_pre_score_pairs_v1,2609,"sha256(seed,dataset,label,sample_id)_within_dataset_label",4e76aef0a62d2eb6430168d20678474c5767fbe15279cf8f95c4153f37310e3a
ASVspoof2019_LA,LA_E_6228056,LA_E_6228056,0,9492c4a85ad91508b6da03c92c98c58aeaa02424,04da820f02d0abbe493fce3d5efb9254322a8e63d276046443cf9fcf4aeb1918,153,h2_pre_score_pairs_v1,2609,"sha256(seed,dataset,label,sample_id)_within_dataset_label",4e76aef0a62d2eb6430168d20678474c5767fbe15279cf8f95c4153f37310e3a
ASVspoof2019_LA,LA_E_4256659,LA_E_4256659,0,9492c4a85ad91508b6da03c92c98c58aeaa02424,04e0365b1e602d428d088d64b7dea5999c80ede6c54d039cf956d5ee80771db7,154,h2_pre_score_pairs_v1,2609,"sha256(seed,dataset,label,sample_id)_within_dataset_label",4e76aef0a62d2eb6430168d20678474c5767fbe15279cf8f95c4153f37310e3a
ASVspoof2019_LA,LA_E_1638693,LA_E_1638693,0,9492c4a85ad91508b6da03c92c98c58aeaa02424,04e685205c483a7aec55334ea2fcf062c38d66f4fd1bbeaa4d412afa42ac9e50,155,h2_pre_score_pairs_v1,2609,"sha256(seed,dataset,label,sample_id)_within_dataset_label",4e76aef0a62d2eb6430168d20678474c5767fbe15279cf8f95c4153f37310e3a
ASVspoof2019_LA,LA_E_8763795,LA_E_8763795,0,9492c4a85ad91508b6da03c92c98c58aeaa02424,04ef8de5336f9f8c8c606f8824ae70a99eaebb8511b155f11e6fb17c80eb0a11,156,h2_pre_score_pairs_v1,2609,"sha256(seed,dataset,label,sample_id)_within_dataset_label",4e76aef0a62d2eb6430168d20678474c5767fbe15279cf8f95c4153f37310e3a
ASVspoof2019_LA,LA_E_8448256,LA_E_8448256,0,9492c4a85ad91508b6da03c92c98c58aeaa02424,04fea626c0150066bf1669edcd02cf37b6e2de9272499d81fe35c5145547d80c,157,h2_pre_score_pairs_v1,2609,"sha256(seed,dataset,label,sample_id)_within_dataset_label",4e76aef0a62d2eb6430168d20678474c5767fbe15279cf8f95c4153f37310e3a
ASVspoof2019_LA,LA_E_6191006,LA_E_6191006,0,9492c4a85ad91508b6da03c92c98c58aeaa02424,0507f4b338537bf63686ca9a8137adf9eaf1c7a38041eb4de6ad31af90d0fd6b,158,h2_pre_score_pairs_v1,2609,"sha256(seed,dataset,label,sample_id)_within_dataset_label",4e76aef0a62d2eb6430168d20678474c5767fbe15279cf8f95c4153f37310e3a
ASVspoof2019_LA,LA_E_4573130,LA_E_4573130,0,9492c4a85ad91508b6da03c92c98c58aeaa02424,05104c3896af8a0cafa8b4c08027cebf822c24519c3351cf5c5f155c24f87782,159,h2_pre_score_pairs_v1,2609,"sha256(seed,dataset,label,sample_id)_within_dataset_label",4e76aef0a62d2eb6430168d20678474c5767fbe15279cf8f95c4153f37310e3a
ASVspoof2019_LA,LA_E_9458863,LA_E_9458863,0,9492c4a85ad91508b6da03c92c98c58aeaa02424,051c1852eb132de7822c361936377cbd40b43a21e649c140aff944f2a69062e8,160,h2_pre_score_pairs_v1,2609,"sha256(seed,dataset,label,sample_id)_within_dataset_label",4e76aef0a62d2eb6430168d20678474c5767fbe15279cf8f95c4153f37310e3a
ASVspoof2019_LA,LA_E_1462637,LA_E_1462637,0,9492c4a85ad91508b6da03c92c98c58aeaa02424,051f384b3af46fe967c715b6d93e91a95176321a966ec141b882e9b384328630,161,h2_pre_score_pairs_v1,2609,"sha256(seed,dataset,label,sample_id)_within_dataset_label",4e76aef0a62d2eb6430168d20678474c5767fbe15279cf8f95c4153f37310e3a
ASVspoof2019_LA,LA_E_6533114,LA_E_6533114,0,9492c4a85ad91508b6da03c92c98c58aeaa02424,051f3e31b1d0c7da1ed02c71b378069dc34aabeabcc301ab65eb120bc1e7e16a,162,h2_pre_score_pairs_v1,2609,"sha256(seed,dataset,label,sample_id)_within_dataset_label",4e76aef0a62d2eb6430168d20678474c5767fbe15279cf8f95c4153f37310e3a
ASVspoof2019_LA,LA_E_1234103,LA_E_1234103,0,9492c4a85ad91508b6da03c92c98c58aeaa02424,0523bcce9053ae8c44b48d0d2460613ff2c262101ae88fd020e53204715d12bd,163,h2_pre_score_pairs_v1,2609,"sha256(seed,dataset,label,sample_id)_within_dataset_label",4e76aef0a62d2eb6430168d20678474c5767fbe15279cf8f95c4153f37310e3a
ASVspoof2019_LA,LA_E_8113163,LA_E_8113163,0,9492c4a85ad91508b6da03c92c98c58aeaa02424,0532c4970b38bb24febb5ed705697f60a7d866cf15dae271cdb34d53d7e70f43,164,h2_pre_score_pairs_v1,2609,"sha256(seed,dataset,label,sample_id)_within_dataset_label",4e76aef0a62d2eb6430168d20678474c5767fbe15279cf8f95c4153f37310e3a
ASVspoof2019_LA,LA_E_8655542,LA_E_8655542,0,9492c4a85ad91508b6da03c92c98c58aeaa02424,0536cb4dd6a7a767a85c6dc0ce146e09f2d5d3a0409d03a30eda90200636ad3b,165,h2_pre_score_pairs_v1,2609,"sha256(seed,dataset,label,sample_id)_within_dataset_label",4e76aef0a62d2eb6430168d20678474c5767fbe15279cf8f95c4153f37310e3a
ASVspoof2019_LA,LA_E_7755162,LA_E_7755162,0,9492c4a85ad91508b6da03c92c98c58aeaa02424,0539113a3fe1a9636d6e7f021de9553875ca6970a600a2cf20fd13eff64f6d59,166,h2_pre_score_pairs_v1,2609,"sha256(seed,dataset,label,sample_id)_within_dataset_label",4e76aef0a62d2eb6430168d20678474c5767fbe15279cf8f95c4153f37310e3a
ASVspoof2019_LA,LA_E_2913990,LA_E_2913990,0,9492c4a85ad91508b6da03c92c98c58aeaa02424,053ad69cf6780dc80610c989a65f11c49cef0ce05bde96f02859841359176ff9,167,h2_pre_score_pairs_v1,2609,"sha256(seed,dataset,label,sample_id)_within_dataset_label",4e76aef0a62d2eb6430168d20678474c5767fbe15279cf8f95c4153f37310e3a
ASVspoof2019_LA,LA_E_2204121,LA_E_2204121,0,9492c4a85ad91508b6da03c92c98c58aeaa02424,05494267a5a55b148ce6eefe2e391e45b3ddf17c1353ed09d8ee6c2dbf9e2e6d,168,h2_pre_score_pairs_v1,2609,"sha256(seed,dataset,label,sample_id)_within_dataset_label",4e76aef0a62d2eb6430168d20678474c5767fbe15279cf8f95c4153f37310e3a
ASVspoof2019_LA,LA_E_8908430,LA_E_8908430,0,9492c4a85ad91508b6da03c92c98c58aeaa02424,054f6bf9e8b84c921dc6278f9ba366d15f3d0ad1e0046b40784711857b7128b0,169,h2_pre_score_pairs_v1,2609,"sha256(seed,dataset,label,sample_id)_within_dataset_label",4e76aef0a62d2eb6430168d20678474c5767fbe15279cf8f95c4153f37310e3a
ASVspoof2019_LA,LA_E_3997317,LA_E_3997317,0,9492c4a85ad91508b6da03c92c98c58aeaa02424,05608f28f5b53cced17c2fc95677a0574940faea6f152ee8704bad95bd490a6a,170,h2_pre_score_pairs_v1,2609,"sha256(seed,dataset,label,sample_id)_within_dataset_label",4e76aef0a62d2eb6430168d20678474c5767fbe15279cf8f95c4153f37310e3a
ASVspoof2019_LA,LA_E_6461870,LA_E_6461870,0,9492c4a85ad91508b6da03c92c98c58aeaa02424,056469085287c704d4f813ced82da062a1180a58589c4776d08cce301c6eb423,171,h2_pre_score_pairs_v1,2609,"sha256(seed,dataset,label,sample_id)_within_dataset_label",4e76aef0a62d2eb6430168d20678474c5767fbe15279cf8f95c4153f37310e3a
ASVspoof2019_LA,LA_E_4679751,LA_E_4679751,0,9492c4a85ad91508b6da03c92c98c58aeaa02424,05651583df8a3a79f7c06ef77bea5be19fe7193a55b0cccf271e1b1ee3500093,172,h2_pre_score_pairs_v1,2609,"sha256(seed,dataset,label,sample_id)_within_dataset_label",4e76aef0a62d2eb6430168d20678474c5767fbe15279cf8f95c4153f37310e3a
ASVspoof2019_LA,LA_E_3338123,LA_E_3338123,0,9492c4a85ad91508b6da03c92c98c58aeaa02424,059310578f7d717fc7faa70b16d02d9138483d895f4d452bac11873da9589f50,173,h2_pre_score_pairs_v1,2609,"sha256(seed,dataset,label,sample_id)_within_dataset_label",4e76aef0a62d2eb6430168d20678474c5767fbe15279cf8f95c4153f37310e3a
ASVspoof2019_LA,LA_E_6746524,LA_E_6746524,0,9492c4a85ad91508b6da03c92c98c58aeaa02424,05b385ee3f1958ea12ce10acc28deb280084000626bec1cc31704491636c4ccc,174,h2_pre_score_pairs_v1,2609,"sha256(seed,dataset,label,sample_id)_within_dataset_label",4e76aef0a62d2eb6430168d20678474c5767fbe15279cf8f95c4153f37310e3a
ASVspoof2019_LA,LA_E_4220286,LA_E_4220286,0,9492c4a85ad91508b6da03c92c98c58aeaa02424,05bb5f5820f4238a5efb76c80e59a16765f0af93cad2d779d224cf19969eb892,175,h2_pre_score_pairs_v1,2609,"sha256(seed,dataset,label,sample_id)_within_dataset_label",4e76aef0a62d2eb6430168d20678474c5767fbe15279cf8f95c4153f37310e3a
ASVspoof2019_LA,LA_E_9938062,LA_E_9938062,0,9492c4a85ad91508b6da03c92c98c58aeaa02424,05c40f1b95860ae61189159a81943da68099248e6005782baea1689c881c605e,176,h2_pre_score_pairs_v1,2609,"sha256(seed,dataset,label,sample_id)_within_dataset_label",4e76aef0a62d2eb6430168d20678474c5767fbe15279cf8f95c4153f37310e3a
ASVspoof2019_LA,LA_E_2295988,LA_E_2295988,0,9492c4a85ad91508b6da03c92c98c58aeaa02424,05e903d13dfe8a8a08f70c13869164739a185e1365acca75b3da5d30c12e7d83,177,h2_pre_score_pairs_v1,2609,"sha256(seed,dataset,label,sample_id)_within_dataset_label",4e76aef0a62d2eb6430168d20678474c5767fbe15279cf8f95c4153f37310e3a
ASVspoof2019_LA,LA_E_8921097,LA_E_8921097,0,9492c4a85ad91508b6da03c92c98c58aeaa02424,05e9eda856766d9fbdd8dda6c129292230a4c3dcce22c10528b0b685b2be0f50,178,h2_pre_score_pairs_v1,2609,"sha256(seed,dataset,label,sample_id)_within_dataset_label",4e76aef0a62d2eb6430168d20678474c5767fbe15279cf8f95c4153f37310e3a
ASVspoof2019_LA,LA_E_9309205,LA_E_9309205,0,9492c4a85ad91508b6da03c92c98c58aeaa02424,05f1cccc1c71a525d974b6bb69c7ebc523e302b23b5ddd57167a0f650a736755,179,h2_pre_score_pairs_v1,2609,"sha256(seed,dataset,label,sample_id)_within_dataset_label",4e76aef0a62d2eb6430168d20678474c5767fbe15279cf8f95c4153f37310e3a
ASVspoof2019_LA,LA_E_2497126,LA_E_2497126,0,9492c4a85ad91508b6da03c92c98c58aeaa02424,05f209c141229189bdbcd62d6737ed0efd389ab33a6ef41ef41d46d7d75a5450,180,h2_pre_score_pairs_v1,2609,"sha256(seed,dataset,label,sample_id)_within_dataset_label",4e76aef0a62d2eb6430168d20678474c5767fbe15279cf8f95c4153f37310e3a
ASVspoof2019_LA,LA_E_4627062,LA_E_4627062,0,9492c4a85ad91508b6da03c92c98c58aeaa02424,05f4ceb36cf33bdd99412e26a4a6099686e36896711971e57a12c84faf73c8f8,181,h2_pre_score_pairs_v1,2609,"sha256(seed,dataset,label,sample_id)_within_dataset_label",4e76aef0a62d2eb6430168d20678474c5767fbe15279cf8f95c4153f37310e3a
ASVspoof2019_LA,LA_E_8558711,LA_E_8558711,0,9492c4a85ad91508b6da03c92c98c58aeaa02424,05fbc3a44a4546a1884309aeff7edaa717fb3acd0abbb9cb66a0a7987cca4814,182,h2_pre_score_pairs_v1,2609,"sha256(seed,dataset,label,sample_id)_within_dataset_label",4e76aef0a62d2eb6430168d20678474c5767fbe15279cf8f95c4153f37310e3a
ASVspoof2019_LA,LA_E_9424280,LA_E_9424280,0,9492c4a85ad91508b6da03c92c98c58aeaa02424,05fd46fed265131af95c3c8b476b96c687abc3e7ca969985b83de483f3ae3118,183,h2_pre_score_pairs_v1,2609,"sha256(seed,dataset,label,sample_id)_within_dataset_label",4e76aef0a62d2eb6430168d20678474c5767fbe15279cf8f95c4153f37310e3a
ASVspoof2019_LA,LA_E_8488709,LA_E_8488709,0,9492c4a85ad91508b6da03c92c98c58aeaa02424,05fe8a2d44326424280a6522e42f196c4efd9696ef571ed47351dfc85713da5c,184,h2_pre_score_pairs_v1,2609,"sha256(seed,dataset,label,sample_id)_within_dataset_label",4e76aef0a62d2eb6430168d20678474c5767fbe15279cf8f95c4153f37310e3a
ASVspoof2019_LA,LA_E_6703263,LA_E_6703263,0,9492c4a85ad91508b6da03c92c98c58aeaa02424,06041581558accc969129bd29699229248163b5f26006cfcb987ef7d87fbe18a,185,h2_pre_score_pairs_v1,2609,"sha256(seed,dataset,label,sample_id)_within_dataset_label",4e76aef0a62d2eb6430168d20678474c5767fbe15279cf8f95c4153f37310e3a
ASVspoof2019_LA,LA_E_7979560,LA_E_7979560,0,9492c4a85ad91508b6da03c92c98c58aeaa02424,0605d828d3c0005fb70e8aa764564292d71cc5848bf434704ddf9ab4c0142af3,186,h2_pre_score_pairs_v1,2609,"sha256(seed,dataset,label,sample_id)_within_dataset_label",4e76aef0a62d2eb6430168d20678474c5767fbe15279cf8f95c4153f37310e3a
ASVspoof2019_LA,LA_E_2159953,LA_E_2159953,0,9492c4a85ad91508b6da03c92c98c58aeaa02424,06082566118760983139de86c2bba9d5352a132adca0e5cdf99787a248cdd6e5,187,h2_pre_score_pairs_v1,2609,"sha256(seed,dataset,label,sample_id)_within_dataset_label",4e76aef0a62d2eb6430168d20678474c5767fbe15279cf8f95c4153f37310e3a
ASVspoof2019_LA,LA_E_5882709,LA_E_5882709,0,9492c4a85ad91508b6da03c92c98c58aeaa02424,060e48acc174b9eaa164b071153e9491724bb3ec1b6038accbc3fafc4230f59a,188,h2_pre_score_pairs_v1,2609,"sha256(seed,dataset,label,sample_id)_within_dataset_label",4e76aef0a62d2eb6430168d20678474c5767fbe15279cf8f95c4153f37310e3a
ASVspoof2019_LA,LA_E_6885365,LA_E_6885365,0,9492c4a85ad91508b6da03c92c98c58aeaa02424,061456c7de14405b7d8c17e7d92df7e91bf9f14e303beb062aab0ffdd8e11cf4,189,h2_pre_score_pairs_v1,2609,"sha256(seed,dataset,label,sample_id)_within_dataset_label",4e76aef0a62d2eb6430168d20678474c5767fbe15279cf8f95c4153f37310e3a
ASVspoof2019_LA,LA_E_8183187,LA_E_8183187,0,9492c4a85ad91508b6da03c92c98c58aeaa02424,0620f8786bdcba3c6ca20e422d54a6d558f5397df2d849855401d916bd641fbe,190,h2_pre_score_pairs_v1,2609,"sha256(seed,dataset,label,sample_id)_within_dataset_label",4e76aef0a62d2eb6430168d20678474c5767fbe15279cf8f95c4153f37310e3a
ASVspoof2019_LA,LA_E_6890302,LA_E_6890302,0,9492c4a85ad91508b6da03c92c98c58aeaa02424,0623fc95991243e3aa5ae5300eed7532b365c10ad032b5753890f59cee935e56,191,h2_pre_score_pairs_v1,2609,"sha256(seed,dataset,label,sample_id)_within_dataset_label",4e76aef0a62d2eb6430168d20678474c5767fbe15279cf8f95c4153f37310e3a
ASVspoof2019_LA,LA_E_7277286,LA_E_7277286,0,9492c4a85ad91508b6da03c92c98c58aeaa02424,062901e5d90d55600f2d279b644f70b296bbcc825f51ffed3681564c52c15ed8,192,h2_pre_score_pairs_v1,2609,"sha256(seed,dataset,label,sample_id)_within_dataset_label",4e76aef0a62d2eb6430168d20678474c5767fbe15279cf8f95c4153f37310e3a
ASVspoof2019_LA,LA_E_4311043,LA_E_4311043,0,9492c4a85ad91508b6da03c92c98c58aeaa02424,062ccfe6dc2045fc9a5aba97219615ddfe01c3f9373f3b46c9814e95ebc0b85e,193,h2_pre_score_pairs_v1,2609,"sha256(seed,dataset,label,sample_id)_within_dataset_label",4e76aef0a62d2eb6430168d20678474c5767fbe15279cf8f95c4153f37310e3a
ASVspoof2019_LA,LA_E_1080821,LA_E_1080821,0,9492c4a85ad91508b6da03c92c98c58aeaa02424,063941ba764cf9039166ee43fda111062b2320d8b69701c8a0f98c5dec7428ed,194,h2_pre_score_pairs_v1,2609,"sha256(seed,dataset,label,sample_id)_within_dataset_label",4e76aef0a62d2eb6430168d20678474c5767fbe15279cf8f95c4153f37310e3a
ASVspoof2019_LA,LA_E_6166367,LA_E_6166367,0,9492c4a85ad91508b6da03c92c98c58aeaa02424,063f2fa689d3e9635009a63e639ea97302ba2141755a6d70cbeaa5c778b288d6,195,h2_pre_score_pairs_v1,2609,"sha256(seed,dataset,label,sample_id)_within_dataset_label",4e76aef0a62d2eb6430168d20678474c5767fbe15279cf8f95c4153f37310e3a
ASVspoof2019_LA,LA_E_7805494,LA_E_7805494,0,9492c4a85ad91508b6da03c92c98c58aeaa02424,065261765371b623010c13a56fa4f3ad7fcc8640cfa50cfc14cbbc85523f8a1f,196,h2_pre_score_pairs_v1,2609,"sha256(seed,dataset,label,sample_id)_within_dataset_label",4e76aef0a62d2eb6430168d20678474c5767fbe15279cf8f95c4153f37310e3a
ASVspoof2019_LA,LA_E_4448772,LA_E_4448772,0,9492c4a85ad91508b6da03c92c98c58aeaa02424,0667a0785706d56855f4e406826acd256710479ade1351861f57f1adeed1c9e0,197,h2_pre_score_pairs_v1,2609,"sha256(seed,dataset,label,sample_id)_within_dataset_label",4e76aef0a62d2eb6430168d20678474c5767fbe15279cf8f95c4153f37310e3a
ASVspoof2019_LA,LA_E_5594933,LA_E_5594933,0,9492c4a85ad91508b6da03c92c98c58aeaa02424,066ebad5c7996517dcd39e6f0087fef836916c53f71bb0cb94c3f7d3372a0c6b,198,h2_pre_score_pairs_v1,2609,"sha256(seed,dataset,label,sample_id)_within_dataset_label",4e76aef0a62d2eb6430168d20678474c5767fbe15279cf8f95c4153f37310e3a
ASVspoof2019_LA,LA_E_6390182,LA_E_6390182,0,9492c4a85ad91508b6da03c92c98c58aeaa02424,06733d0b8d0c6ff7e7490df3464027012216963794efbb036eedb4a8d04140db,199,h2_pre_score_pairs_v1,2609,"sha256(seed,dataset,label,sample_id)_within_dataset_label",4e76aef0a62d2eb6430168d20678474c5767fbe15279cf8f95c4153f37310e3a
ASVspoof2019_LA,LA_E_1256530,LA_E_1256530,0,9492c4a85ad91508b6da03c92c98c58aeaa02424,067a8d2995308061b848b416f2e0e02b7410508f3dccb077f7990399e9d42bdc,200,h2_pre_score_pairs_v1,2609,"sha256(seed,dataset,label,sample_id)_within_dataset_label",4e76aef0a62d2eb6430168d20678474c5767fbe15279cf8f95c4153f37310e3a
ASVspoof2019_LA,LA_E_4898645,LA_E_4898645,0,9492c4a85ad91508b6da03c92c98c58aeaa02424,0680e754da4abfd75448eae46b5dfa3442cca7062dfb104f8f9a98f1574e6fcd,201,h2_pre_score_pairs_v1,2609,"sha256(seed,dataset,label,sample_id)_within_dataset_label",4e76aef0a62d2eb6430168d20678474c5767fbe15279cf8f95c4153f37310e3a
ASVspoof2019_LA,LA_E_9608364,LA_E_9608364,0,9492c4a85ad91508b6da03c92c98c58aeaa02424,068249fb352d67b278b844b8b808eb20181d3c0c889526b9c1925fd8718485d8,202,h2_pre_score_pairs_v1,2609,"sha256(seed,dataset,label,sample_id)_within_dataset_label",4e76aef0a62d2eb6430168d20678474c5767fbe15279cf8f95c4153f37310e3a
ASVspoof2019_LA,LA_E_3966692,LA_E_3966692,0,9492c4a85ad91508b6da03c92c98c58aeaa02424,0699953efa48f2f005b7e02591a428e6e5725761be1a42ea0b1c129d2b5e564a,203,h2_pre_score_pairs_v1,2609,"sha256(seed,dataset,label,sample_id)_within_dataset_label",4e76aef0a62d2eb6430168d20678474c5767fbe15279cf8f95c4153f37310e3a
ASVspoof2019_LA,LA_E_9666509,LA_E_9666509,0,9492c4a85ad91508b6da03c92c98c58aeaa02424,06a0c7282badce989d88ef125157e50354a0463d50fe6d1b093ac915723d9255,204,h2_pre_score_pairs_v1,2609,"sha256(seed,dataset,label,sample_id)_within_dataset_label",4e76aef0a62d2eb6430168d20678474c5767fbe15279cf8f95c4153f37310e3a
ASVspoof2019_LA,LA_E_9192600,LA_E_9192600,0,9492c4a85ad91508b6da03c92c98c58aeaa02424,06a2f123efb8b847b4f1d9cffb513474601f374ae6359d10b1edd1c869eb52da,205,h2_pre_score_pairs_v1,2609,"sha256(seed,dataset,label,sample_id)_within_dataset_label",4e76aef0a62d2eb6430168d20678474c5767fbe15279cf8f95c4153f37310e3a
ASVspoof2019_LA,LA_E_7710028,LA_E_7710028,0,9492c4a85ad91508b6da03c92c98c58aeaa02424,06a66c012f6cd069d437b1e704273088571c359601355bba202b285f994fecb6,206,h2_pre_score_pairs_v1,2609,"sha256(seed,dataset,label,sample_id)_within_dataset_label",4e76aef0a62d2eb6430168d20678474c5767fbe15279cf8f95c4153f37310e3a
ASVspoof2019_LA,LA_E_6181214,LA_E_6181214,0,9492c4a85ad91508b6da03c92c98c58aeaa02424,06ac40f231dca058c59985001cf03589e6e87fc1cb1dd2c38b8da9d5550314c3,207,h2_pre_score_pairs_v1,2609,"sha256(seed,dataset,label,sample_id)_within_dataset_label",4e76aef0a62d2eb6430168d20678474c5767fbe15279cf8f95c4153f37310e3a
ASVspoof2019_LA,LA_E_7596545,LA_E_7596545,0,9492c4a85ad91508b6da03c92c98c58aeaa02424,06b716677c264e57a1b32b87bdd1fc9c1956f4013a832c10c8fb469a01790303,208,h2_pre_score_pairs_v1,2609,"sha256(seed,dataset,label,sample_id)_within_dataset_label",4e76aef0a62d2eb6430168d20678474c5767fbe15279cf8f95c4153f37310e3a
ASVspoof2019_LA,LA_E_2000270,LA_E_2000270,0,9492c4a85ad91508b6da03c92c98c58aeaa02424,06bbcbc50d6233a6a7843b59fb98cf4230e87195576130e6ec657a6a16a5bc85,209,h2_pre_score_pairs_v1,2609,"sha256(seed,dataset,label,sample_id)_within_dataset_label",4e76aef0a62d2eb6430168d20678474c5767fbe15279cf8f95c4153f37310e3a
ASVspoof2019_LA,LA_E_9017208,LA_E_9017208,0,9492c4a85ad91508b6da03c92c98c58aeaa02424,06bef59246b63963ebd6767fcb4b7050c48b011657eda485136bf70e9782ae49,210,h2_pre_score_pairs_v1,2609,"sha256(seed,dataset,label,sample_id)_within_dataset_label",4e76aef0a62d2eb6430168d20678474c5767fbe15279cf8f95c4153f37310e3a
ASVspoof2019_LA,LA_E_6122828,LA_E_6122828,0,9492c4a85ad91508b6da03c92c98c58aeaa02424,06c1991166dbc52801b1db20c8c32545b755484263a7df4e62d33a9dd233566b,211,h2_pre_score_pairs_v1,2609,"sha256(seed,dataset,label,sample_id)_within_dataset_label",4e76aef0a62d2eb6430168d20678474c5767fbe15279cf8f95c4153f37310e3a
ASVspoof2019_LA,LA_E_9826877,LA_E_9826877,0,9492c4a85ad91508b6da03c92c98c58aeaa02424,06c1e1805ad45935e2cecc81dd856d3de19bdf8573d76d9d40de764b2a0acde7,212,h2_pre_score_pairs_v1,2609,"sha256(seed,dataset,label,sample_id)_within_dataset_label",4e76aef0a62d2eb6430168d20678474c5767fbe15279cf8f95c4153f37310e3a
ASVspoof2019_LA,LA_E_5038620,LA_E_5038620,0,9492c4a85ad91508b6da03c92c98c58aeaa02424,06c71a44cfaf14734bf80482d2f55f6966836c7ed4e465a2bdd76da0d76fa7e6,213,h2_pre_score_pairs_v1,2609,"sha256(seed,dataset,label,sample_id)_within_dataset_label",4e76aef0a62d2eb6430168d20678474c5767fbe15279cf8f95c4153f37310e3a
ASVspoof2019_LA,LA_E_2195717,LA_E_2195717,0,9492c4a85ad91508b6da03c92c98c58aeaa02424,06e0a516d56321ab0c10b19c17bfbc0b3e23d270da22e5c0f09316fca14419b4,214,h2_pre_score_pairs_v1,2609,"sha256(seed,dataset,label,sample_id)_within_dataset_label",4e76aef0a62d2eb6430168d20678474c5767fbe15279cf8f95c4153f37310e3a
ASVspoof2019_LA,LA_E_4435947,LA_E_4435947,0,9492c4a85ad91508b6da03c92c98c58aeaa02424,06e331103704a8a9d1f2fcde20f089e7307a1e9d7d55fecc67bdce5c281177a3,215,h2_pre_score_pairs_v1,2609,"sha256(seed,dataset,label,sample_id)_within_dataset_label",4e76aef0a62d2eb6430168d20678474c5767fbe15279cf8f95c4153f37310e3a
ASVspoof2019_LA,LA_E_6230800,LA_E_6230800,0,9492c4a85ad91508b6da03c92c98c58aeaa02424,06eb92d02c93cd63f4a4b094f73ad666ce2f40f5cba93df55d253391257b27f2,216,h2_pre_score_pairs_v1,2609,"sha256(seed,dataset,label,sample_id)_within_dataset_label",4e76aef0a62d2eb6430168d20678474c5767fbe15279cf8f95c4153f37310e3a
ASVspoof2019_LA,LA_E_3998141,LA_E_3998141,0,9492c4a85ad91508b6da03c92c98c58aeaa02424,06ec0610eb8b7a7f1f75892b79b7ace787f198e0f823790761a8f6712ba3cbf6,217,h2_pre_score_pairs_v1,2609,"sha256(seed,dataset,label,sample_id)_within_dataset_label",4e76aef0a62d2eb6430168d20678474c5767fbe15279cf8f95c4153f37310e3a
ASVspoof2019_LA,LA_E_6426282,LA_E_6426282,0,9492c4a85ad91508b6da03c92c98c58aeaa02424,06edfb949f3df51c815d61659b21caeb06fb58028b57eec4f831b9de88b4e05c,218,h2_pre_score_pairs_v1,2609,"sha256(seed,dataset,label,sample_id)_within_dataset_label",4e76aef0a62d2eb6430168d20678474c5767fbe15279cf8f95c4153f37310e3a
ASVspoof2019_LA,LA_E_9559472,LA_E_9559472,0,9492c4a85ad91508b6da03c92c98c58aeaa02424,06fbc90de1f35be3cce0a349bf9fe672368cc6d2b3acbc58e2badc432ea1835d,219,h2_pre_score_pairs_v1,2609,"sha256(seed,dataset,label,sample_id)_within_dataset_label",4e76aef0a62d2eb6430168d20678474c5767fbe15279cf8f95c4153f37310e3a
ASVspoof2019_LA,LA_E_1211080,LA_E_1211080,0,9492c4a85ad91508b6da03c92c98c58aeaa02424,0703bbba446c65653339505243634f06ee01ab4605df4c705aab9366a528c1da,220,h2_pre_score_pairs_v1,2609,"sha256(seed,dataset,label,sample_id)_within_dataset_label",4e76aef0a62d2eb6430168d20678474c5767fbe15279cf8f95c4153f37310e3a
ASVspoof2019_LA,LA_E_4037537,LA_E_4037537,0,9492c4a85ad91508b6da03c92c98c58aeaa02424,070dca4339cf3a578bcbaaf5de01e0319e6c85fbd7020f355a24927ba27ddddf,221,h2_pre_score_pairs_v1,2609,"sha256(seed,dataset,label,sample_id)_within_dataset_label",4e76aef0a62d2eb6430168d20678474c5767fbe15279cf8f95c4153f37310e3a
ASVspoof2019_LA,LA_E_2777764,LA_E_2777764,0,9492c4a85ad91508b6da03c92c98c58aeaa02424,0713815536c040fef2e01384a3473618c20f884e788d267df4f39792b0461743,222,h2_pre_score_pairs_v1,2609,"sha256(seed,dataset,label,sample_id)_within_dataset_label",4e76aef0a62d2eb6430168d20678474c5767fbe15279cf8f95c4153f37310e3a
ASVspoof2019_LA,LA_E_1921207,LA_E_1921207,0,9492c4a85ad91508b6da03c92c98c58aeaa02424,071923290c0f020a96069cd58acd3ae7f1dbb0094ff183f06a268cb9e5737b78,223,h2_pre_score_pairs_v1,2609,"sha256(seed,dataset,label,sample_id)_within_dataset_label",4e76aef0a62d2eb6430168d20678474c5767fbe15279cf8f95c4153f37310e3a
ASVspoof2019_LA,LA_E_4596201,LA_E_4596201,0,9492c4a85ad91508b6da03c92c98c58aeaa02424,0722311590398edf7478acff19734dd7eb1834d8349e6f543168881b2a9f8cd2,224,h2_pre_score_pairs_v1,2609,"sha256(seed,dataset,label,sample_id)_within_dataset_label",4e76aef0a62d2eb6430168d20678474c5767fbe15279cf8f95c4153f37310e3a
ASVspoof2019_LA,LA_E_9138143,LA_E_9138143,0,9492c4a85ad91508b6da03c92c98c58aeaa02424,072a1294e5ecd0d4a21386c184ead9fb06c10af50aef917ab96db3003103614b,225,h2_pre_score_pairs_v1,2609,"sha256(seed,dataset,label,sample_id)_within_dataset_label",4e76aef0a62d2eb6430168d20678474c5767fbe15279cf8f95c4153f37310e3a
ASVspoof2019_LA,LA_E_3930852,LA_E_3930852,0,9492c4a85ad91508b6da03c92c98c58aeaa02424,072aa5e0969d6d636c2f9604062e4131eb13451e2c9b2dd351545620424138d4,226,h2_pre_score_pairs_v1,2609,"sha256(seed,dataset,label,sample_id)_within_dataset_label",4e76aef0a62d2eb6430168d20678474c5767fbe15279cf8f95c4153f37310e3a
ASVspoof2019_LA,LA_E_5483160,LA_E_5483160,0,9492c4a85ad91508b6da03c92c98c58aeaa02424,07335164a0a34a6d662bd9eb639b31a559c427c7414f1ff79d53bdd119815af4,227,h2_pre_score_pairs_v1,2609,"sha256(seed,dataset,label,sample_id)_within_dataset_label",4e76aef0a62d2eb6430168d20678474c5767fbe15279cf8f95c4153f37310e3a
ASVspoof2019_LA,LA_E_1489624,LA_E_1489624,0,9492c4a85ad91508b6da03c92c98c58aeaa02424,0741177f114789f61c4172c15d044a0fe61d7e81d25421229106a091a2367a67,228,h2_pre_score_pairs_v1,2609,"sha256(seed,dataset,label,sample_id)_within_dataset_label",4e76aef0a62d2eb6430168d20678474c5767fbe15279cf8f95c4153f37310e3a
ASVspoof2019_LA,LA_E_7418459,LA_E_7418459,0,9492c4a85ad91508b6da03c92c98c58aeaa02424,07442ed2bb642ec42fdcc1286c52d0269a8a070ab941944077bdb2ec21dcfd8d,229,h2_pre_score_pairs_v1,2609,"sha256(seed,dataset,label,sample_id)_within_dataset_label",4e76aef0a62d2eb6430168d20678474c5767fbe15279cf8f95c4153f37310e3a
ASVspoof2019_LA,LA_E_7881232,LA_E_7881232,0,9492c4a85ad91508b6da03c92c98c58aeaa02424,0744fdc4001bb11d9a2839a50ef0f04d37aa1cc22abe61f206bab3cc9bd90068,230,h2_pre_score_pairs_v1,2609,"sha256(seed,dataset,label,sample_id)_within_dataset_label",4e76aef0a62d2eb6430168d20678474c5767fbe15279cf8f95c4153f37310e3a
ASVspoof2019_LA,LA_E_6738492,LA_E_6738492,0,9492c4a85ad91508b6da03c92c98c58aeaa02424,074e7a68a610e8414a0fca8289f1806d84d8ef6cc7f7d9671c67a7044d38b26f,231,h2_pre_score_pairs_v1,2609,"sha256(seed,dataset,label,sample_id)_within_dataset_label",4e76aef0a62d2eb6430168d20678474c5767fbe15279cf8f95c4153f37310e3a
ASVspoof2019_LA,LA_E_9515939,LA_E_9515939,0,9492c4a85ad91508b6da03c92c98c58aeaa02424,075f1864a8eaa0238f396cde2da266b5972caa370795c3e865cd6b18797c815f,232,h2_pre_score_pairs_v1,2609,"sha256(seed,dataset,label,sample_id)_within_dataset_label",4e76aef0a62d2eb6430168d20678474c5767fbe15279cf8f95c4153f37310e3a
ASVspoof2019_LA,LA_E_3212084,LA_E_3212084,0,9492c4a85ad91508b6da03c92c98c58aeaa02424,076b2a6dbc28c29526850bb18c877132dab410513b7110c5477d62eb3de843ab,233,h2_pre_score_pairs_v1,2609,"sha256(seed,dataset,label,sample_id)_within_dataset_label",4e76aef0a62d2eb6430168d20678474c5767fbe15279cf8f95c4153f37310e3a
ASVspoof2019_LA,LA_E_5506759,LA_E_5506759,0,9492c4a85ad91508b6da03c92c98c58aeaa02424,078fc54316fa46e15effe09776ebe559949e131df55feea754059fe0c422ec43,234,h2_pre_score_pairs_v1,2609,"sha256(seed,dataset,label,sample_id)_within_dataset_label",4e76aef0a62d2eb6430168d20678474c5767fbe15279cf8f95c4153f37310e3a
ASVspoof2019_LA,LA_E_6321104,LA_E_6321104,0,9492c4a85ad91508b6da03c92c98c58aeaa02424,079cf22eb88eddbee4d72643f594e9f3b202010e313302467118b96f226a78ef,235,h2_pre_score_pairs_v1,2609,"sha256(seed,dataset,label,sample_id)_within_dataset_label",4e76aef0a62d2eb6430168d20678474c5767fbe15279cf8f95c4153f37310e3a
ASVspoof2019_LA,LA_E_7335424,LA_E_7335424,0,9492c4a85ad91508b6da03c92c98c58aeaa02424,07a09a9db028bc141d4a5d9cc36da0b02efba93de423253835861189a3747600,236,h2_pre_score_pairs_v1,2609,"sha256(seed,dataset,label,sample_id)_within_dataset_label",4e76aef0a62d2eb6430168d20678474c5767fbe15279cf8f95c4153f37310e3a
ASVspoof2019_LA,LA_E_6131407,LA_E_6131407,0,9492c4a85ad91508b6da03c92c98c58aeaa02424,07a1de40361bdc1a4137cbefc0f9680a4f46c4e4cacf4486685399113380c668,237,h2_pre_score_pairs_v1,2609,"sha256(seed,dataset,label,sample_id)_within_dataset_label",4e76aef0a62d2eb6430168d20678474c5767fbe15279cf8f95c4153f37310e3a
ASVspoof2019_LA,LA_E_8647656,LA_E_8647656,0,9492c4a85ad91508b6da03c92c98c58aeaa02424,07b6013d4972a2288e510ccf61fc879aaa2254b3f58ba1e239dfe7b45f16571e,238,h2_pre_score_pairs_v1,2609,"sha256(seed,dataset,label,sample_id)_within_dataset_label",4e76aef0a62d2eb6430168d20678474c5767fbe15279cf8f95c4153f37310e3a
ASVspoof2019_LA,LA_E_4007819,LA_E_4007819,0,9492c4a85ad91508b6da03c92c98c58aeaa02424,07bc5fe92a5bf4735fd42dbaca78b00e3e8192788a260b935ccadea2e5e43ec5,239,h2_pre_score_pairs_v1,2609,"sha256(seed,dataset,label,sample_id)_within_dataset_label",4e76aef0a62d2eb6430168d20678474c5767fbe15279cf8f95c4153f37310e3a
ASVspoof2019_LA,LA_E_4741108,LA_E_4741108,0,9492c4a85ad91508b6da03c92c98c58aeaa02424,07c197a9ba7cc2f1aca18ca4a2b47d15e5981ed5b93c38890cda683a296d9492,240,h2_pre_score_pairs_v1,2609,"sha256(seed,dataset,label,sample_id)_within_dataset_label",4e76aef0a62d2eb6430168d20678474c5767fbe15279cf8f95c4153f37310e3a
ASVspoof2019_LA,LA_E_5861457,LA_E_5861457,0,9492c4a85ad91508b6da03c92c98c58aeaa02424,07c2e6212713135d53bdef8c0f7343c4ba3e368586bdf43fb42d94ce2f038b7f,241,h2_pre_score_pairs_v1,2609,"sha256(seed,dataset,label,sample_id)_within_dataset_label",4e76aef0a62d2eb6430168d20678474c5767fbe15279cf8f95c4153f37310e3a
ASVspoof2019_LA,LA_E_2805188,LA_E_2805188,0,9492c4a85ad91508b6da03c92c98c58aeaa02424,07c54d4c6e1c311ec49c0d0d1eb6e4516b5dc1ca6a1a69bf1fd2fd653b966db8,242,h2_pre_score_pairs_v1,2609,"sha256(seed,dataset,label,sample_id)_within_dataset_label",4e76aef0a62d2eb6430168d20678474c5767fbe15279cf8f95c4153f37310e3a
ASVspoof2019_LA,LA_E_9305857,LA_E_9305857,0,9492c4a85ad91508b6da03c92c98c58aeaa02424,07d05f11981b696c68a6a04e2689d0ef3b2264f81f54e0fa85edaf26cf96f0b4,243,h2_pre_score_pairs_v1,2609,"sha256(seed,dataset,label,sample_id)_within_dataset_label",4e76aef0a62d2eb6430168d20678474c5767fbe15279cf8f95c4153f37310e3a
ASVspoof2019_LA,LA_E_9892674,LA_E_9892674,0,9492c4a85ad91508b6da03c92c98c58aeaa02424,07d0682a168c5c4470d97cd606a016c40c007e7d80e6c65d392c73c13a8394fb,244,h2_pre_score_pairs_v1,2609,"sha256(seed,dataset,label,sample_id)_within_dataset_label",4e76aef0a62d2eb6430168d20678474c5767fbe15279cf8f95c4153f37310e3a
ASVspoof2019_LA,LA_E_6822685,LA_E_6822685,0,9492c4a85ad91508b6da03c92c98c58aeaa02424,07d660d21da77fe18cf2cf2fb70f08e35afe9299393c9024aec584270dc727c2,245,h2_pre_score_pairs_v1,2609,"sha256(seed,dataset,label,sample_id)_within_dataset_label",4e76aef0a62d2eb6430168d20678474c5767fbe15279cf8f95c4153f37310e3a
ASVspoof2019_LA,LA_E_5564043,LA_E_5564043,0,9492c4a85ad91508b6da03c92c98c58aeaa02424,07f46c7c17a0a00df14834112624c8e7b53a961a7800d50a7de2f2f10e7e5e34,246,h2_pre_score_pairs_v1,2609,"sha256(seed,dataset,label,sample_id)_within_dataset_label",4e76aef0a62d2eb6430168d20678474c5767fbe15279cf8f95c4153f37310e3a
ASVspoof2019_LA,LA_E_7570712,LA_E_7570712,0,9492c4a85ad91508b6da03c92c98c58aeaa02424,080580e9b9fae68d5506cdf9894f9a2f3f6a8a486b170b762495bde2e7a47c8f,247,h2_pre_score_pairs_v1,2609,"sha256(seed,dataset,label,sample_id)_within_dataset_label",4e76aef0a62d2eb6430168d20678474c5767fbe15279cf8f95c4153f37310e3a
ASVspoof2019_LA,LA_E_8215734,LA_E_8215734,0,9492c4a85ad91508b6da03c92c98c58aeaa02424,080768edf222a6e3b77efff1503c2aa5f1a915dbdbd4d6ede48e27a64e92e116,248,h2_pre_score_pairs_v1,2609,"sha256(seed,dataset,label,sample_id)_within_dataset_label",4e76aef0a62d2eb6430168d20678474c5767fbe15279cf8f95c4153f37310e3a
ASVspoof2019_LA,LA_E_8564096,LA_E_8564096,0,9492c4a85ad91508b6da03c92c98c58aeaa02424,081a820471e9708d07d0828120c9562d4389266f7cff29f29d7a6516738d5b1f,249,h2_pre_score_pairs_v1,2609,"sha256(seed,dataset,label,sample_id)_within_dataset_label",4e76aef0a62d2eb6430168d20678474c5767fbe15279cf8f95c4153f37310e3a
ASVspoof2019_LA,LA_E_6001685,LA_E_6001685,0,9492c4a85ad91508b6da03c92c98c58aeaa02424,081dcc6a35c5da2b277786e9aeff790943499c07f714f28b104365d4e3b5e68a,250,h2_pre_score_pairs_v1,2609,"sha256(seed,dataset,label,sample_id)_within_dataset_label",4e76aef0a62d2eb6430168d20678474c5767fbe15279cf8f95c4153f37310e3a
ASVspoof2019_LA,LA_E_4461727,LA_E_4461727,0,9492c4a85ad91508b6da03c92c98c58aeaa02424,081f4c35073581c0da86ad3720c563fee1bcc1cce380daf913c1f28a0c5b8be2,251,h2_pre_score_pairs_v1,2609,"sha256(seed,dataset,label,sample_id)_within_dataset_label",4e76aef0a62d2eb6430168d20678474c5767fbe15279cf8f95c4153f37310e3a
ASVspoof2019_LA,LA_E_5809479,LA_E_5809479,0,9492c4a85ad91508b6da03c92c98c58aeaa02424,082c0907065a68fc586a07fbaae7f52125aa9d498bffbe89398bf38321dbe8cd,252,h2_pre_score_pairs_v1,2609,"sha256(seed,dataset,label,sample_id)_within_dataset_label",4e76aef0a62d2eb6430168d20678474c5767fbe15279cf8f95c4153f37310e3a
ASVspoof2019_LA,LA_E_9088475,LA_E_9088475,0,9492c4a85ad91508b6da03c92c98c58aeaa02424,08453f3e128a1ae3d552f5c517c44f2a452c8421e8d810ce94f1ba365a0789da,253,h2_pre_score_pairs_v1,2609,"sha256(seed,dataset,label,sample_id)_within_dataset_label",4e76aef0a62d2eb6430168d20678474c5767fbe15279cf8f95c4153f37310e3a
ASVspoof2019_LA,LA_E_1279438,LA_E_1279438,0,9492c4a85ad91508b6da03c92c98c58aeaa02424,08480d7d2cdd79d178ecf746eaa23ccbdfbdcb88b49dbf2dd53d71a66a336fcb,254,h2_pre_score_pairs_v1,2609,"sha256(seed,dataset,label,sample_id)_within_dataset_label",4e76aef0a62d2eb6430168d20678474c5767fbe15279cf8f95c4153f37310e3a
ASVspoof2019_LA,LA_E_9854962,LA_E_9854962,0,9492c4a85ad91508b6da03c92c98c58aeaa02424,086661de62c254edc45bec64b5b2f17b5e123b002f98a78f093384c5b93bb30a,255,h2_pre_score_pairs_v1,2609,"sha256(seed,dataset,label,sample_id)_within_dataset_label",4e76aef0a62d2eb6430168d20678474c5767fbe15279cf8f95c4153f37310e3a
ASVspoof2019_LA,LA_E_8436090,LA_E_8436090,0,9492c4a85ad91508b6da03c92c98c58aeaa02424,0869058bac688e962bdc7011c645b91c93a38df65d92cee2b76692804df16ab8,256,h2_pre_score_pairs_v1,2609,"sha256(seed,dataset,label,sample_id)_within_dataset_label",4e76aef0a62d2eb6430168d20678474c5767fbe15279cf8f95c4153f37310e3a
ASVspoof2019_LA,LA_E_6427745,LA_E_6427745,0,9492c4a85ad91508b6da03c92c98c58aeaa02424,0869428e2b0b689d9c34591b514b457407d32529232cf4bd24dbe829728ef2a2,257,h2_pre_score_pairs_v1,2609,"sha256(seed,dataset,label,sample_id)_within_dataset_label",4e76aef0a62d2eb6430168d20678474c5767fbe15279cf8f95c4153f37310e3a
ASVspoof2019_LA,LA_E_1140867,LA_E_1140867,0,9492c4a85ad91508b6da03c92c98c58aeaa02424,0869dceab33629473fb41bffaed4196e01fd43589efcf66ca06816b11ec6244a,258,h2_pre_score_pairs_v1,2609,"sha256(seed,dataset,label,sample_id)_within_dataset_label",4e76aef0a62d2eb6430168d20678474c5767fbe15279cf8f95c4153f37310e3a
ASVspoof2019_LA,LA_E_2408705,LA_E_2408705,0,9492c4a85ad91508b6da03c92c98c58aeaa02424,0870eda44e3c3b5a28ddc063d4b312ae037a97606617ad99a1019c2090230d79,259,h2_pre_score_pairs_v1,2609,"sha256(seed,dataset,label,sample_id)_within_dataset_label",4e76aef0a62d2eb6430168d20678474c5767fbe15279cf8f95c4153f37310e3a
ASVspoof2019_LA,LA_E_9165283,LA_E_9165283,0,9492c4a85ad91508b6da03c92c98c58aeaa02424,08714b5650ebe7a32bcca1a363417f0c0a7b1d18430821b83d68364724dc74f8,260,h2_pre_score_pairs_v1,2609,"sha256(seed,dataset,label,sample_id)_within_dataset_label",4e76aef0a62d2eb6430168d20678474c5767fbe15279cf8f95c4153f37310e3a
ASVspoof2019_LA,LA_E_6164877,LA_E_6164877,0,9492c4a85ad91508b6da03c92c98c58aeaa02424,0877149453d51bd03e4c05616bae017c17a5377fcf39cedff787d916d55785d2,261,h2_pre_score_pairs_v1,2609,"sha256(seed,dataset,label,sample_id)_within_dataset_label",4e76aef0a62d2eb6430168d20678474c5767fbe15279cf8f95c4153f37310e3a
ASVspoof2019_LA,LA_E_6587675,LA_E_6587675,0,9492c4a85ad91508b6da03c92c98c58aeaa02424,087a1a7db4dc5cb052b113091f0109fcc8b4e03f4c63a445c745ff48faa4fddd,262,h2_pre_score_pairs_v1,2609,"sha256(seed,dataset,label,sample_id)_within_dataset_label",4e76aef0a62d2eb6430168d20678474c5767fbe15279cf8f95c4153f37310e3a
ASVspoof2019_LA,LA_E_1860681,LA_E_1860681,0,9492c4a85ad91508b6da03c92c98c58aeaa02424,087d46ef5c5bca4de5c85c22b33dc15a08ab36fbf83c2d9664c309eb90d22af0,263,h2_pre_score_pairs_v1,2609,"sha256(seed,dataset,label,sample_id)_within_dataset_label",4e76aef0a62d2eb6430168d20678474c5767fbe15279cf8f95c4153f37310e3a
ASVspoof2019_LA,LA_E_3489004,LA_E_3489004,0,9492c4a85ad91508b6da03c92c98c58aeaa02424,088a51d15291691e033d43b77da061e6591ac496abe73b737bc4059fb839b2b7,264,h2_pre_score_pairs_v1,2609,"sha256(seed,dataset,label,sample_id)_within_dataset_label",4e76aef0a62d2eb6430168d20678474c5767fbe15279cf8f95c4153f37310e3a
ASVspoof2019_LA,LA_E_1136672,LA_E_1136672,0,9492c4a85ad91508b6da03c92c98c58aeaa02424,088ae5a5709b11b72a30f3296541008932bc28832c038faf545c580952485082,265,h2_pre_score_pairs_v1,2609,"sha256(seed,dataset,label,sample_id)_within_dataset_label",4e76aef0a62d2eb6430168d20678474c5767fbe15279cf8f95c4153f37310e3a
ASVspoof2019_LA,LA_E_7777055,LA_E_7777055,0,9492c4a85ad91508b6da03c92c98c58aeaa02424,0893e2b5582897c77630a53038e458ccdf3b265e8e65d34ee25af4cbf28c5ca2,266,h2_pre_score_pairs_v1,2609,"sha256(seed,dataset,label,sample_id)_within_dataset_label",4e76aef0a62d2eb6430168d20678474c5767fbe15279cf8f95c4153f37310e3a
ASVspoof2019_LA,LA_E_9740316,LA_E_9740316,0,9492c4a85ad91508b6da03c92c98c58aeaa02424,0896d415bef0a0ca55ab9ae1519bf37a63cdd5a9a0316dfb6fc4d11fb899a647,267,h2_pre_score_pairs_v1,2609,"sha256(seed,dataset,label,sample_id)_within_dataset_label",4e76aef0a62d2eb6430168d20678474c5767fbe15279cf8f95c4153f37310e3a
ASVspoof2019_LA,LA_E_3483333,LA_E_3483333,0,9492c4a85ad91508b6da03c92c98c58aeaa02424,0897023d80c5ce1616c1373b76292e2071aa73eeb3001c93354ffd47c85657ec,268,h2_pre_score_pairs_v1,2609,"sha256(seed,dataset,label,sample_id)_within_dataset_label",4e76aef0a62d2eb6430168d20678474c5767fbe15279cf8f95c4153f37310e3a
ASVspoof2019_LA,LA_E_3908433,LA_E_3908433,0,9492c4a85ad91508b6da03c92c98c58aeaa02424,089ce16e94d50bee6448c0ea52c0342ee5985e2a8c8fd6dcd45bc5a34f27e2cf,269,h2_pre_score_pairs_v1,2609,"sha256(seed,dataset,label,sample_id)_within_dataset_label",4e76aef0a62d2eb6430168d20678474c5767fbe15279cf8f95c4153f37310e3a
ASVspoof2019_LA,LA_E_4139560,LA_E_4139560,0,9492c4a85ad91508b6da03c92c98c58aeaa02424,08ab7fdda17f3a2288d96ac210046f670ee499251450e250c607d3d5d2664558,270,h2_pre_score_pairs_v1,2609,"sha256(seed,dataset,label,sample_id)_within_dataset_label",4e76aef0a62d2eb6430168d20678474c5767fbe15279cf8f95c4153f37310e3a
ASVspoof2019_LA,LA_E_9687356,LA_E_9687356,0,9492c4a85ad91508b6da03c92c98c58aeaa02424,08bf92ef016afd881feecfe058b4ce36ad65a394cc600a48a454489dd980c6ee,271,h2_pre_score_pairs_v1,2609,"sha256(seed,dataset,label,sample_id)_within_dataset_label",4e76aef0a62d2eb6430168d20678474c5767fbe15279cf8f95c4153f37310e3a
ASVspoof2019_LA,LA_E_7470257,LA_E_7470257,0,9492c4a85ad91508b6da03c92c98c58aeaa02424,08c6bb7ca705e2b66d1774b7eed3742a414d1ccd4b1226f1d5005ed31c56ac01,272,h2_pre_score_pairs_v1,2609,"sha256(seed,dataset,label,sample_id)_within_dataset_label",4e76aef0a62d2eb6430168d20678474c5767fbe15279cf8f95c4153f37310e3a
ASVspoof2019_LA,LA_E_4123318,LA_E_4123318,0,9492c4a85ad91508b6da03c92c98c58aeaa02424,08c8ec09c10825ad79b2079641cc457e8c3d98d8a628cb4645fceac19fd3667b,273,h2_pre_score_pairs_v1,2609,"sha256(seed,dataset,label,sample_id)_within_dataset_label",4e76aef0a62d2eb6430168d20678474c5767fbe15279cf8f95c4153f37310e3a
ASVspoof2019_LA,LA_E_5439039,LA_E_5439039,0,9492c4a85ad91508b6da03c92c98c58aeaa02424,08dcba22553251d1824fad54b09296e2631730cfa401fc66978fdadaf7e6cbe8,274,h2_pre_score_pairs_v1,2609,"sha256(seed,dataset,label,sample_id)_within_dataset_label",4e76aef0a62d2eb6430168d20678474c5767fbe15279cf8f95c4153f37310e3a
ASVspoof2019_LA,LA_E_1688061,LA_E_1688061,0,9492c4a85ad91508b6da03c92c98c58aeaa02424,08dfe1605c4ee199f133e38a3d19e5201662f9c0784312f9206e36b5737ead79,275,h2_pre_score_pairs_v1,2609,"sha256(seed,dataset,label,sample_id)_within_dataset_label",4e76aef0a62d2eb6430168d20678474c5767fbe15279cf8f95c4153f37310e3a
ASVspoof2019_LA,LA_E_9689975,LA_E_9689975,0,9492c4a85ad91508b6da03c92c98c58aeaa02424,08e10b4426204e85d30c77884a7e2faf6fe3115931ca66254767529ddf911c28,276,h2_pre_score_pairs_v1,2609,"sha256(seed,dataset,label,sample_id)_within_dataset_label",4e76aef0a62d2eb6430168d20678474c5767fbe15279cf8f95c4153f37310e3a
ASVspoof2019_LA,LA_E_9102181,LA_E_9102181,0,9492c4a85ad91508b6da03c92c98c58aeaa02424,08f1e87915451e8556a0f5a4dbf3efdbb12f5b48c0c306b843e3be48b3cfe125,277,h2_pre_score_pairs_v1,2609,"sha256(seed,dataset,label,sample_id)_within_dataset_label",4e76aef0a62d2eb6430168d20678474c5767fbe15279cf8f95c4153f37310e3a
ASVspoof2019_LA,LA_E_7789337,LA_E_7789337,0,9492c4a85ad91508b6da03c92c98c58aeaa02424,08f3a8c7df9694fbf45e23ca565e57c8458bc73f7a49819685da04be411edefa,278,h2_pre_score_pairs_v1,2609,"sha256(seed,dataset,label,sample_id)_within_dataset_label",4e76aef0a62d2eb6430168d20678474c5767fbe15279cf8f95c4153f37310e3a
ASVspoof2019_LA,LA_E_7141254,LA_E_7141254,0,9492c4a85ad91508b6da03c92c98c58aeaa02424,08f8f51b324565036ef49aec37e9305460226945b8ee70de425ef35e8918f316,279,h2_pre_score_pairs_v1,2609,"sha256(seed,dataset,label,sample_id)_within_dataset_label",4e76aef0a62d2eb6430168d20678474c5767fbe15279cf8f95c4153f37310e3a
ASVspoof2019_LA,LA_E_6210202,LA_E_6210202,0,9492c4a85ad91508b6da03c92c98c58aeaa02424,08f99e667d3e0bc3c38be2b84e35dc6735fe2ea5c245868b04f8aa6f4612d56a,280,h2_pre_score_pairs_v1,2609,"sha256(seed,dataset,label,sample_id)_within_dataset_label",4e76aef0a62d2eb6430168d20678474c5767fbe15279cf8f95c4153f37310e3a
ASVspoof2019_LA,LA_E_2519237,LA_E_2519237,0,9492c4a85ad91508b6da03c92c98c58aeaa02424,090904b2c03dd1c90b86e4f346e9ccd65e85fbf6797a3772ce96759e567fcda8,281,h2_pre_score_pairs_v1,2609,"sha256(seed,dataset,label,sample_id)_within_dataset_label",4e76aef0a62d2eb6430168d20678474c5767fbe15279cf8f95c4153f37310e3a
ASVspoof2019_LA,LA_E_6525488,LA_E_6525488,0,9492c4a85ad91508b6da03c92c98c58aeaa02424,090d9c00aff58b6056fd02f0fd7fd342cb927cf22c4d8de4fa38eb24ad12b003,282,h2_pre_score_pairs_v1,2609,"sha256(seed,dataset,label,sample_id)_within_dataset_label",4e76aef0a62d2eb6430168d20678474c5767fbe15279cf8f95c4153f37310e3a
ASVspoof2019_LA,LA_E_8395746,LA_E_8395746,0,9492c4a85ad91508b6da03c92c98c58aeaa02424,090fccc893b4cdbb554490529decb1b1b89c8492e8ae2eb4b18e03f69cf37b74,283,h2_pre_score_pairs_v1,2609,"sha256(seed,dataset,label,sample_id)_within_dataset_label",4e76aef0a62d2eb6430168d20678474c5767fbe15279cf8f95c4153f37310e3a
ASVspoof2019_LA,LA_E_4539224,LA_E_4539224,0,9492c4a85ad91508b6da03c92c98c58aeaa02424,091e1c24f193fd772d9875d3dea66fad8903058b0f17a217a46754ec16ca0ab7,284,h2_pre_score_pairs_v1,2609,"sha256(seed,dataset,label,sample_id)_within_dataset_label",4e76aef0a62d2eb6430168d20678474c5767fbe15279cf8f95c4153f37310e3a
ASVspoof2019_LA,LA_E_1893259,LA_E_1893259,0,9492c4a85ad91508b6da03c92c98c58aeaa02424,09235993434b8ca58a4451a3655821010ae0b9244ecb10f7e96330f03073a173,285,h2_pre_score_pairs_v1,2609,"sha256(seed,dataset,label,sample_id)_within_dataset_label",4e76aef0a62d2eb6430168d20678474c5767fbe15279cf8f95c4153f37310e3a
ASVspoof2019_LA,LA_E_2349764,LA_E_2349764,0,9492c4a85ad91508b6da03c92c98c58aeaa02424,09396b877d2836b25c6a3bb18fd473df677a0b34cfdbb3802414e1c40655c19b,286,h2_pre_score_pairs_v1,2609,"sha256(seed,dataset,label,sample_id)_within_dataset_label",4e76aef0a62d2eb6430168d20678474c5767fbe15279cf8f95c4153f37310e3a
ASVspoof2019_LA,LA_E_1377603,LA_E_1377603,0,9492c4a85ad91508b6da03c92c98c58aeaa02424,0939859e3ebb39497e309edd7a653048fde42a3709f7df9f570644eb1e589bd4,287,h2_pre_score_pairs_v1,2609,"sha256(seed,dataset,label,sample_id)_within_dataset_label",4e76aef0a62d2eb6430168d20678474c5767fbe15279cf8f95c4153f37310e3a
ASVspoof2019_LA,LA_E_3415631,LA_E_3415631,0,9492c4a85ad91508b6da03c92c98c58aeaa02424,0939a0a0a1f7b2a6ed2d77418c5839a604110dcfb4cc8821787870a47f745f6c,288,h2_pre_score_pairs_v1,2609,"sha256(seed,dataset,label,sample_id)_within_dataset_label",4e76aef0a62d2eb6430168d20678474c5767fbe15279cf8f95c4153f37310e3a
ASVspoof2019_LA,LA_E_3971555,LA_E_3971555,0,9492c4a85ad91508b6da03c92c98c58aeaa02424,093e831b114096dbb4ab4c5a8a68a7405c3c8d8bed54b01eac906ad851fa84ec,289,h2_pre_score_pairs_v1,2609,"sha256(seed,dataset,label,sample_id)_within_dataset_label",4e76aef0a62d2eb6430168d20678474c5767fbe15279cf8f95c4153f37310e3a
ASVspoof2019_LA,LA_E_8814997,LA_E_8814997,0,9492c4a85ad91508b6da03c92c98c58aeaa02424,0949343afd1f186442fdbcda5a7e57cdaa0a871882d4245f44f42bceb725f53f,290,h2_pre_score_pairs_v1,2609,"sha256(seed,dataset,label,sample_id)_within_dataset_label",4e76aef0a62d2eb6430168d20678474c5767fbe15279cf8f95c4153f37310e3a
ASVspoof2019_LA,LA_E_7566841,LA_E_7566841,0,9492c4a85ad91508b6da03c92c98c58aeaa02424,094ebb99ee6ce94bb900617b615e61e137d6831c60ae39fc2207426720f4db84,291,h2_pre_score_pairs_v1,2609,"sha256(seed,dataset,label,sample_id)_within_dataset_label",4e76aef0a62d2eb6430168d20678474c5767fbe15279cf8f95c4153f37310e3a
ASVspoof2019_LA,LA_E_5254282,LA_E_5254282,0,9492c4a85ad91508b6da03c92c98c58aeaa02424,0950cda94177fe4ef9dd0b31ad6ee5d7cc9bd7457634e87e15c416e4374efbbe,292,h2_pre_score_pairs_v1,2609,"sha256(seed,dataset,label,sample_id)_within_dataset_label",4e76aef0a62d2eb6430168d20678474c5767fbe15279cf8f95c4153f37310e3a
ASVspoof2019_LA,LA_E_5091210,LA_E_5091210,0,9492c4a85ad91508b6da03c92c98c58aeaa02424,09598ca216c828ed5a1b4fbf01fd86b55fd8b40ab580ba946f9b0c23c1d6d4af,293,h2_pre_score_pairs_v1,2609,"sha256(seed,dataset,label,sample_id)_within_dataset_label",4e76aef0a62d2eb6430168d20678474c5767fbe15279cf8f95c4153f37310e3a
ASVspoof2019_LA,LA_E_9641502,LA_E_9641502,0,9492c4a85ad91508b6da03c92c98c58aeaa02424,095b4305bb354f4edd89b43f41237b8728d01e2aa3b1e8fd8bcb6a0c508fa698,294,h2_pre_score_pairs_v1,2609,"sha256(seed,dataset,label,sample_id)_within_dataset_label",4e76aef0a62d2eb6430168d20678474c5767fbe15279cf8f95c4153f37310e3a
ASVspoof2019_LA,LA_E_7465490,LA_E_7465490,0,9492c4a85ad91508b6da03c92c98c58aeaa02424,095f42639447af58883453fc0064299cd28f4ad4eb43b3cd377d62b7cb714284,295,h2_pre_score_pairs_v1,2609,"sha256(seed,dataset,label,sample_id)_within_dataset_label",4e76aef0a62d2eb6430168d20678474c5767fbe15279cf8f95c4153f37310e3a
ASVspoof2019_LA,LA_E_5862506,LA_E_5862506,0,9492c4a85ad91508b6da03c92c98c58aeaa02424,096362e582e60764bce619674fccb8de5a792ac96a1f9fdd1fdebb2d9e769f26,296,h2_pre_score_pairs_v1,2609,"sha256(seed,dataset,label,sample_id)_within_dataset_label",4e76aef0a62d2eb6430168d20678474c5767fbe15279cf8f95c4153f37310e3a
ASVspoof2019_LA,LA_E_3489613,LA_E_3489613,0,9492c4a85ad91508b6da03c92c98c58aeaa02424,09638dfb2007fb27fdf62ba04abd6e88eb60db67d17d5f61d40e9a05786e7fa2,297,h2_pre_score_pairs_v1,2609,"sha256(seed,dataset,label,sample_id)_within_dataset_label",4e76aef0a62d2eb6430168d20678474c5767fbe15279cf8f95c4153f37310e3a
ASVspoof2019_LA,LA_E_5880298,LA_E_5880298,0,9492c4a85ad91508b6da03c92c98c58aeaa02424,0969bdf28518674080ce2ca60f0d5845a431fc95731a809f7219201f3c3f210e,298,h2_pre_score_pairs_v1,2609,"sha256(seed,dataset,label,sample_id)_within_dataset_label",4e76aef0a62d2eb6430168d20678474c5767fbe15279cf8f95c4153f37310e3a
ASVspoof2019_LA,LA_E_8407646,LA_E_8407646,0,9492c4a85ad91508b6da03c92c98c58aeaa02424,096ff3f23df5b3cb6df5df3f2d3d483844ba324b408e9678a07afdf09097a6eb,299,h2_pre_score_pairs_v1,2609,"sha256(seed,dataset,label,sample_id)_within_dataset_label",4e76aef0a62d2eb6430168d20678474c5767fbe15279cf8f95c4153f37310e3a
ASVspoof2019_LA,LA_E_7780744,LA_E_7780744,0,9492c4a85ad91508b6da03c92c98c58aeaa02424,097b2fb427cd6ea15d284fd833f27ab5d2ce6eee9e2b1af54375903473413150,300,h2_pre_score_pairs_v1,2609,"sha256(seed,dataset,label,sample_id)_within_dataset_label",4e76aef0a62d2eb6430168d20678474c5767fbe15279cf8f95c4153f37310e3a
ASVspoof2019_LA,LA_E_8114280,LA_E_8114280,0,9492c4a85ad91508b6da03c92c98c58aeaa02424,098453a1bb43f7142b789fa3a06c5cef2b951d9bbee315cd728793b129311e45,301,h2_pre_score_pairs_v1,2609,"sha256(seed,dataset,label,sample_id)_within_dataset_label",4e76aef0a62d2eb6430168d20678474c5767fbe15279cf8f95c4153f37310e3a
ASVspoof2019_LA,LA_E_1111393,LA_E_1111393,0,9492c4a85ad91508b6da03c92c98c58aeaa02424,098eef349844c9d97547e401eb916bdd97a37d625c662af4112121fd66ae4dbb,302,h2_pre_score_pairs_v1,2609,"sha256(seed,dataset,label,sample_id)_within_dataset_label",4e76aef0a62d2eb6430168d20678474c5767fbe15279cf8f95c4153f37310e3a
ASVspoof2019_LA,LA_E_4303472,LA_E_4303472,0,9492c4a85ad91508b6da03c92c98c58aeaa02424,09a0e2ded86fe8a7855d13ba0d297f7c81fbedd17c28bfb874891ce4dd639d9f,303,h2_pre_score_pairs_v1,2609,"sha256(seed,dataset,label,sample_id)_within_dataset_label",4e76aef0a62d2eb6430168d20678474c5767fbe15279cf8f95c4153f37310e3a
ASVspoof2019_LA,LA_E_8769684,LA_E_8769684,0,9492c4a85ad91508b6da03c92c98c58aeaa02424,09a1ae72eb1f1ce46163e9d4038345d2348090a07b5c8613506f525a6f20611f,304,h2_pre_score_pairs_v1,2609,"sha256(seed,dataset,label,sample_id)_within_dataset_label",4e76aef0a62d2eb6430168d20678474c5767fbe15279cf8f95c4153f37310e3a
ASVspoof2019_LA,LA_E_5839931,LA_E_5839931,0,9492c4a85ad91508b6da03c92c98c58aeaa02424,09a8bbcb5ada05a1a6bf2d26e061fc057f8bbb936c27792ba7ec306ebf0d4e95,305,h2_pre_score_pairs_v1,2609,"sha256(seed,dataset,label,sample_id)_within_dataset_label",4e76aef0a62d2eb6430168d20678474c5767fbe15279cf8f95c4153f37310e3a
ASVspoof2019_LA,LA_E_9050623,LA_E_9050623,0,9492c4a85ad91508b6da03c92c98c58aeaa02424,09ae1b17aa979fdd0e7799a0b094e6abc646ce093b21ee1170ba65713006957e,306,h2_pre_score_pairs_v1,2609,"sha256(seed,dataset,label,sample_id)_within_dataset_label",4e76aef0a62d2eb6430168d20678474c5767fbe15279cf8f95c4153f37310e3a
ASVspoof2019_LA,LA_E_8699385,LA_E_8699385,0,9492c4a85ad91508b6da03c92c98c58aeaa02424,09b20908962e45533078932813c449ec476dff5a8e5d5bff13c8091ba8c1d54c,307,h2_pre_score_pairs_v1,2609,"sha256(seed,dataset,label,sample_id)_within_dataset_label",4e76aef0a62d2eb6430168d20678474c5767fbe15279cf8f95c4153f37310e3a
ASVspoof2019_LA,LA_E_6384210,LA_E_6384210,0,9492c4a85ad91508b6da03c92c98c58aeaa02424,09b35169aa4908d2d0518615a142f7d84104667d84b3ff685f6e2701c5e174d3,308,h2_pre_score_pairs_v1,2609,"sha256(seed,dataset,label,sample_id)_within_dataset_label",4e76aef0a62d2eb6430168d20678474c5767fbe15279cf8f95c4153f37310e3a
ASVspoof2019_LA,LA_E_2384289,LA_E_2384289,0,9492c4a85ad91508b6da03c92c98c58aeaa02424,09b5347acea3577f32e436ff8e742540a76397d715cecde244172541d94853ec,309,h2_pre_score_pairs_v1,2609,"sha256(seed,dataset,label,sample_id)_within_dataset_label",4e76aef0a62d2eb6430168d20678474c5767fbe15279cf8f95c4153f37310e3a
ASVspoof2019_LA,LA_E_3687947,LA_E_3687947,0,9492c4a85ad91508b6da03c92c98c58aeaa02424,09ba215031235c461cf8b192096631fee358d6287e680786c162b31d7fee6078,310,h2_pre_score_pairs_v1,2609,"sha256(seed,dataset,label,sample_id)_within_dataset_label",4e76aef0a62d2eb6430168d20678474c5767fbe15279cf8f95c4153f37310e3a
ASVspoof2019_LA,LA_E_1614102,LA_E_1614102,0,9492c4a85ad91508b6da03c92c98c58aeaa02424,09bbe1d45c7b3b6c2f947fc511f1d82782186abbaec6e9eae229b27321cb21a1,311,h2_pre_score_pairs_v1,2609,"sha256(seed,dataset,label,sample_id)_within_dataset_label",4e76aef0a62d2eb6430168d20678474c5767fbe15279cf8f95c4153f37310e3a
ASVspoof2019_LA,LA_E_6794649,LA_E_6794649,0,9492c4a85ad91508b6da03c92c98c58aeaa02424,09cc963a183911c96f61eb3c201065277bdac3221714f86b65823bd81f736380,312,h2_pre_score_pairs_v1,2609,"sha256(seed,dataset,label,sample_id)_within_dataset_label",4e76aef0a62d2eb6430168d20678474c5767fbe15279cf8f95c4153f37310e3a
ASVspoof2019_LA,LA_E_2036646,LA_E_2036646,0,9492c4a85ad91508b6da03c92c98c58aeaa02424,09db1317421b24ccc304189ed9fff8caec1a3a7f0259dae24c6d7a9ee6e2e66b,313,h2_pre_score_pairs_v1,2609,"sha256(seed,dataset,label,sample_id)_within_dataset_label",4e76aef0a62d2eb6430168d20678474c5767fbe15279cf8f95c4153f37310e3a
ASVspoof2019_LA,LA_E_3805522,LA_E_3805522,0,9492c4a85ad91508b6da03c92c98c58aeaa02424,09ea25906d0c01fb9ef5e1ffb0d55f72b55fa7a80cf4270aad1eb18a00777c5f,314,h2_pre_score_pairs_v1,2609,"sha256(seed,dataset,label,sample_id)_within_dataset_label",4e76aef0a62d2eb6430168d20678474c5767fbe15279cf8f95c4153f37310e3a
ASVspoof2019_LA,LA_E_6097135,LA_E_6097135,0,9492c4a85ad91508b6da03c92c98c58aeaa02424,09fab38e6009fe0b21cfed807664781f68521eac7989bec7b0b742054d77ec4f,315,h2_pre_score_pairs_v1,2609,"sha256(seed,dataset,label,sample_id)_within_dataset_label",4e76aef0a62d2eb6430168d20678474c5767fbe15279cf8f95c4153f37310e3a
ASVspoof2019_LA,LA_E_4046118,LA_E_4046118,0,9492c4a85ad91508b6da03c92c98c58aeaa02424,0a1dc9678ec2d18635d5d391a91edcb3db4280602a689ae9b6edf9e14d09a6c3,316,h2_pre_score_pairs_v1,2609,"sha256(seed,dataset,label,sample_id)_within_dataset_label",4e76aef0a62d2eb6430168d20678474c5767fbe15279cf8f95c4153f37310e3a
ASVspoof2019_LA,LA_E_9266843,LA_E_9266843,0,9492c4a85ad91508b6da03c92c98c58aeaa02424,0a1e0382b58df0c5aecc3cd5cf22e8056490d532fe06b8575ed6d3e174c6e87b,317,h2_pre_score_pairs_v1,2609,"sha256(seed,dataset,label,sample_id)_within_dataset_label",4e76aef0a62d2eb6430168d20678474c5767fbe15279cf8f95c4153f37310e3a
ASVspoof2019_LA,LA_E_5318318,LA_E_5318318,0,9492c4a85ad91508b6da03c92c98c58aeaa02424,0a2b75e81448970c4ef4af0f623c31c1fc4d18e5f8784504839e7f1ae43b5017,318,h2_pre_score_pairs_v1,2609,"sha256(seed,dataset,label,sample_id)_within_dataset_label",4e76aef0a62d2eb6430168d20678474c5767fbe15279cf8f95c4153f37310e3a
ASVspoof2019_LA,LA_E_5818405,LA_E_5818405,0,9492c4a85ad91508b6da03c92c98c58aeaa02424,0a2f67edfe216764dc71992eddf43936aed5a5bd1a2ee1b70af95df9e894bcf7,319,h2_pre_score_pairs_v1,2609,"sha256(seed,dataset,label,sample_id)_within_dataset_label",4e76aef0a62d2eb6430168d20678474c5767fbe15279cf8f95c4153f37310e3a
ASVspoof2019_LA,LA_E_4751546,LA_E_4751546,0,9492c4a85ad91508b6da03c92c98c58aeaa02424,0a5189dbadc578387ec846102d2c67d99308b55c58685a2d4937a9b16fdf047b,320,h2_pre_score_pairs_v1,2609,"sha256(seed,dataset,label,sample_id)_within_dataset_label",4e76aef0a62d2eb6430168d20678474c5767fbe15279cf8f95c4153f37310e3a
ASVspoof2019_LA,LA_E_5124886,LA_E_5124886,0,9492c4a85ad91508b6da03c92c98c58aeaa02424,0a548a71118e9d4c9d135f0f4f3a3554e830de45add1b18c9e261f438cf0ce5a,321,h2_pre_score_pairs_v1,2609,"sha256(seed,dataset,label,sample_id)_within_dataset_label",4e76aef0a62d2eb6430168d20678474c5767fbe15279cf8f95c4153f37310e3a
ASVspoof2019_LA,LA_E_9203884,LA_E_9203884,0,9492c4a85ad91508b6da03c92c98c58aeaa02424,0a570b98123ec23660aa588b12a98e6dfaa2f1d0748afc363651770e3454f3a5,322,h2_pre_score_pairs_v1,2609,"sha256(seed,dataset,label,sample_id)_within_dataset_label",4e76aef0a62d2eb6430168d20678474c5767fbe15279cf8f95c4153f37310e3a
ASVspoof2019_LA,LA_E_4612507,LA_E_4612507,0,9492c4a85ad91508b6da03c92c98c58aeaa02424,0a5c423ce9b5ecd3549eb18d49e3cd52c2ae5d34a8a7fdd4a4a388ae548cefef,323,h2_pre_score_pairs_v1,2609,"sha256(seed,dataset,label,sample_id)_within_dataset_label",4e76aef0a62d2eb6430168d20678474c5767fbe15279cf8f95c4153f37310e3a
ASVspoof2019_LA,LA_E_8587908,LA_E_8587908,0,9492c4a85ad91508b6da03c92c98c58aeaa02424,0a644a65971602069d82c97071c33eff2f36daad0c13437a7098cb00232aa781,324,h2_pre_score_pairs_v1,2609,"sha256(seed,dataset,label,sample_id)_within_dataset_label",4e76aef0a62d2eb6430168d20678474c5767fbe15279cf8f95c4153f37310e3a
ASVspoof2019_LA,LA_E_9943339,LA_E_9943339,0,9492c4a85ad91508b6da03c92c98c58aeaa02424,0a6c63b53cee2f1ed1a792d1f9d3239835efdb1e6ccaf4e025279607d28d9186,325,h2_pre_score_pairs_v1,2609,"sha256(seed,dataset,label,sample_id)_within_dataset_label",4e76aef0a62d2eb6430168d20678474c5767fbe15279cf8f95c4153f37310e3a
ASVspoof2019_LA,LA_E_9566748,LA_E_9566748,0,9492c4a85ad91508b6da03c92c98c58aeaa02424,0a6cc6381458b54e7f022b8e56c18cf77f3298ab8bc991761b29c0caccec4674,326,h2_pre_score_pairs_v1,2609,"sha256(seed,dataset,label,sample_id)_within_dataset_label",4e76aef0a62d2eb6430168d20678474c5767fbe15279cf8f95c4153f37310e3a
ASVspoof2019_LA,LA_E_5862458,LA_E_5862458,0,9492c4a85ad91508b6da03c92c98c58aeaa02424,0a73b3f40cbe87949df47774b4084d97740377c6b94c0ee70e871ff4ad9fc652,327,h2_pre_score_pairs_v1,2609,"sha256(seed,dataset,label,sample_id)_within_dataset_label",4e76aef0a62d2eb6430168d20678474c5767fbe15279cf8f95c4153f37310e3a
ASVspoof2019_LA,LA_E_3716680,LA_E_3716680,0,9492c4a85ad91508b6da03c92c98c58aeaa02424,0a7eee782d88d46d2457d6f21773ef9bdcccb49a7622fffe214bea31522d85d1,328,h2_pre_score_pairs_v1,2609,"sha256(seed,dataset,label,sample_id)_within_dataset_label",4e76aef0a62d2eb6430168d20678474c5767fbe15279cf8f95c4153f37310e3a
ASVspoof2019_LA,LA_E_6089994,LA_E_6089994,0,9492c4a85ad91508b6da03c92c98c58aeaa02424,0a8420aacadaca7ada8546ef17844fea17702b98ebdfed9b306fa2677cde7e6f,329,h2_pre_score_pairs_v1,2609,"sha256(seed,dataset,label,sample_id)_within_dataset_label",4e76aef0a62d2eb6430168d20678474c5767fbe15279cf8f95c4153f37310e3a
ASVspoof2019_LA,LA_E_6969847,LA_E_6969847,0,9492c4a85ad91508b6da03c92c98c58aeaa02424,0a89aa9f574527dd0445221774f4c1ff129c09c8ee4aa8185c66e2f2ea02383e,330,h2_pre_score_pairs_v1,2609,"sha256(seed,dataset,label,sample_id)_within_dataset_label",4e76aef0a62d2eb6430168d20678474c5767fbe15279cf8f95c4153f37310e3a
ASVspoof2019_LA,LA_E_6589204,LA_E_6589204,0,9492c4a85ad91508b6da03c92c98c58aeaa02424,0a90fd0d6301161e8ec9bbcd7b84640d023640be676d073e2e7f218ef371ff5b,331,h2_pre_score_pairs_v1,2609,"sha256(seed,dataset,label,sample_id)_within_dataset_label",4e76aef0a62d2eb6430168d20678474c5767fbe15279cf8f95c4153f37310e3a
ASVspoof2019_LA,LA_E_3030272,LA_E_3030272,0,9492c4a85ad91508b6da03c92c98c58aeaa02424,0ac61a6e5c98dcf0dd95c98e7ba3a8af43c17861e78806946a8ade174004898d,332,h2_pre_score_pairs_v1,2609,"sha256(seed,dataset,label,sample_id)_within_dataset_label",4e76aef0a62d2eb6430168d20678474c5767fbe15279cf8f95c4153f37310e3a
ASVspoof2019_LA,LA_E_3289935,LA_E_3289935,0,9492c4a85ad91508b6da03c92c98c58aeaa02424,0adff6971f692418e55073bb50c6c172164c3edaf2dae12537d1b78c4c6f8424,333,h2_pre_score_pairs_v1,2609,"sha256(seed,dataset,label,sample_id)_within_dataset_label",4e76aef0a62d2eb6430168d20678474c5767fbe15279cf8f95c4153f37310e3a
ASVspoof2019_LA,LA_E_4317439,LA_E_4317439,0,9492c4a85ad91508b6da03c92c98c58aeaa02424,0ae3186ba2b0e4a44d7e52fe8ede844bb411ba9fc405faa9d5a5fa7e6006b01a,334,h2_pre_score_pairs_v1,2609,"sha256(seed,dataset,label,sample_id)_within_dataset_label",4e76aef0a62d2eb6430168d20678474c5767fbe15279cf8f95c4153f37310e3a
ASVspoof2019_LA,LA_E_4596132,LA_E_4596132,0,9492c4a85ad91508b6da03c92c98c58aeaa02424,0ae4ea0c76ce37f5890922766fcfa30604006141a224904e3c26e74bcf1f4c48,335,h2_pre_score_pairs_v1,2609,"sha256(seed,dataset,label,sample_id)_within_dataset_label",4e76aef0a62d2eb6430168d20678474c5767fbe15279cf8f95c4153f37310e3a
ASVspoof2019_LA,LA_E_5230288,LA_E_5230288,0,9492c4a85ad91508b6da03c92c98c58aeaa02424,0afb795f33f091bbff68f844f6b630ad2f3f8da6d0c85206ecc31ed91d50fbb1,336,h2_pre_score_pairs_v1,2609,"sha256(seed,dataset,label,sample_id)_within_dataset_label",4e76aef0a62d2eb6430168d20678474c5767fbe15279cf8f95c4153f37310e3a
ASVspoof2019_LA,LA_E_5923383,LA_E_5923383,0,9492c4a85ad91508b6da03c92c98c58aeaa02424,0b213cd97ede1f87359541bd1663cc85df1290dbc9970d456a4feef662c12940,337,h2_pre_score_pairs_v1,2609,"sha256(seed,dataset,label,sample_id)_within_dataset_label",4e76aef0a62d2eb6430168d20678474c5767fbe15279cf8f95c4153f37310e3a
ASVspoof2019_LA,LA_E_3170441,LA_E_3170441,0,9492c4a85ad91508b6da03c92c98c58aeaa02424,0b2253353490b2d1a7c282712f5bf72ebe62a7ab1520ba3de5275ef72e49a4a0,338,h2_pre_score_pairs_v1,2609,"sha256(seed,dataset,label,sample_id)_within_dataset_label",4e76aef0a62d2eb6430168d20678474c5767fbe15279cf8f95c4153f37310e3a
ASVspoof2019_LA,LA_E_5075675,LA_E_5075675,0,9492c4a85ad91508b6da03c92c98c58aeaa02424,0b2394f582b2c6dab3ec509f92ef63bb53932b54cfe3adf659e9b18af0644832,339,h2_pre_score_pairs_v1,2609,"sha256(seed,dataset,label,sample_id)_within_dataset_label",4e76aef0a62d2eb6430168d20678474c5767fbe15279cf8f95c4153f37310e3a
ASVspoof2019_LA,LA_E_5363385,LA_E_5363385,0,9492c4a85ad91508b6da03c92c98c58aeaa02424,0b24124eec588f470241b11688b7d008abe402c8100e63969ac2466a8953b53e,340,h2_pre_score_pairs_v1,2609,"sha256(seed,dataset,label,sample_id)_within_dataset_label",4e76aef0a62d2eb6430168d20678474c5767fbe15279cf8f95c4153f37310e3a
ASVspoof2019_LA,LA_E_2070872,LA_E_2070872,0,9492c4a85ad91508b6da03c92c98c58aeaa02424,0b28803e5e27330db8178c80d9aabddb3b66e1cd71bc7f72ca3e3521ba103e87,341,h2_pre_score_pairs_v1,2609,"sha256(seed,dataset,label,sample_id)_within_dataset_label",4e76aef0a62d2eb6430168d20678474c5767fbe15279cf8f95c4153f37310e3a
ASVspoof2019_LA,LA_E_3775722,LA_E_3775722,0,9492c4a85ad91508b6da03c92c98c58aeaa02424,0b297e487296f60ce8d6781aa070eb64121d22067e6bb7188214e476dd0fbebf,342,h2_pre_score_pairs_v1,2609,"sha256(seed,dataset,label,sample_id)_within_dataset_label",4e76aef0a62d2eb6430168d20678474c5767fbe15279cf8f95c4153f37310e3a
ASVspoof2019_LA,LA_E_9577795,LA_E_9577795,0,9492c4a85ad91508b6da03c92c98c58aeaa02424,0b33f2a4023dc0e9fdcac83b1d652dc86f9517ce0fd9ad09f267c6131f20fb18,343,h2_pre_score_pairs_v1,2609,"sha256(seed,dataset,label,sample_id)_within_dataset_label",4e76aef0a62d2eb6430168d20678474c5767fbe15279cf8f95c4153f37310e3a
ASVspoof2019_LA,LA_E_9008877,LA_E_9008877,0,9492c4a85ad91508b6da03c92c98c58aeaa02424,0b39b64e1414b28af44b053ce82099632b2c39fe1060bc21cf968667f4cc394a,344,h2_pre_score_pairs_v1,2609,"sha256(seed,dataset,label,sample_id)_within_dataset_label",4e76aef0a62d2eb6430168d20678474c5767fbe15279cf8f95c4153f37310e3a
ASVspoof2019_LA,LA_E_1204636,LA_E_1204636,0,9492c4a85ad91508b6da03c92c98c58aeaa02424,0b41a2c5eca02766c49f6803e095d70a3534ac51f55f56bce49cc2ac37a59762,345,h2_pre_score_pairs_v1,2609,"sha256(seed,dataset,label,sample_id)_within_dataset_label",4e76aef0a62d2eb6430168d20678474c5767fbe15279cf8f95c4153f37310e3a
ASVspoof2019_LA,LA_E_9618740,LA_E_9618740,0,9492c4a85ad91508b6da03c92c98c58aeaa02424,0b41cff3593ea0e6c6f0fbf5ca934805d29abfbb3a371163c507a4dc0ff1d315,346,h2_pre_score_pairs_v1,2609,"sha256(seed,dataset,label,sample_id)_within_dataset_label",4e76aef0a62d2eb6430168d20678474c5767fbe15279cf8f95c4153f37310e3a
ASVspoof2019_LA,LA_E_6440085,LA_E_6440085,0,9492c4a85ad91508b6da03c92c98c58aeaa02424,0b43af1543593cf86ec8f37d8dc59be1840bd21adba7d37b6c1a51483e5861a3,347,h2_pre_score_pairs_v1,2609,"sha256(seed,dataset,label,sample_id)_within_dataset_label",4e76aef0a62d2eb6430168d20678474c5767fbe15279cf8f95c4153f37310e3a
ASVspoof2019_LA,LA_E_5137050,LA_E_5137050,0,9492c4a85ad91508b6da03c92c98c58aeaa02424,0b56d500e631ff72d6f6f40f326d4d387778a7df625475cbaaae2683824d5687,348,h2_pre_score_pairs_v1,2609,"sha256(seed,dataset,label,sample_id)_within_dataset_label",4e76aef0a62d2eb6430168d20678474c5767fbe15279cf8f95c4153f37310e3a
ASVspoof2019_LA,LA_E_1299659,LA_E_1299659,0,9492c4a85ad91508b6da03c92c98c58aeaa02424,0b63b78f072e1abf957a43ba297faf83282409b12ec1b58b15293eafd53161fb,349,h2_pre_score_pairs_v1,2609,"sha256(seed,dataset,label,sample_id)_within_dataset_label",4e76aef0a62d2eb6430168d20678474c5767fbe15279cf8f95c4153f37310e3a
ASVspoof2019_LA,LA_E_1753743,LA_E_1753743,0,9492c4a85ad91508b6da03c92c98c58aeaa02424,0b7c510ce6fe3b8965b2f9b68b7de6b1226e3b4a15a99982019dbd763dbda772,350,h2_pre_score_pairs_v1,2609,"sha256(seed,dataset,label,sample_id)_within_dataset_label",4e76aef0a62d2eb6430168d20678474c5767fbe15279cf8f95c4153f37310e3a
ASVspoof2019_LA,LA_E_8493524,LA_E_8493524,0,9492c4a85ad91508b6da03c92c98c58aeaa02424,0b84bcc03a049a52233f9e04034cb1f61377d798d3f3361bcb9b2448d9835bbf,351,h2_pre_score_pairs_v1,2609,"sha256(seed,dataset,label,sample_id)_within_dataset_label",4e76aef0a62d2eb6430168d20678474c5767fbe15279cf8f95c4153f37310e3a
ASVspoof2019_LA,LA_E_3991360,LA_E_3991360,0,9492c4a85ad91508b6da03c92c98c58aeaa02424,0b8f6bfe382a54c702cd5c1c78ef52eaf6e0d7a356a855fb3813232d94f11efa,352,h2_pre_score_pairs_v1,2609,"sha256(seed,dataset,label,sample_id)_within_dataset_label",4e76aef0a62d2eb6430168d20678474c5767fbe15279cf8f95c4153f37310e3a
ASVspoof2019_LA,LA_E_5786977,LA_E_5786977,0,9492c4a85ad91508b6da03c92c98c58aeaa02424,0b90c36a9e440ea2f05b08e31d06807298929dc798e1e709a6cebf59249b7c5c,353,h2_pre_score_pairs_v1,2609,"sha256(seed,dataset,label,sample_id)_within_dataset_label",4e76aef0a62d2eb6430168d20678474c5767fbe15279cf8f95c4153f37310e3a
ASVspoof2019_LA,LA_E_7578678,LA_E_7578678,0,9492c4a85ad91508b6da03c92c98c58aeaa02424,0b91da25e52712b19d0aff2b0dd2e669a4be454c8ef7b3e75c971145d2ac4c32,354,h2_pre_score_pairs_v1,2609,"sha256(seed,dataset,label,sample_id)_within_dataset_label",4e76aef0a62d2eb6430168d20678474c5767fbe15279cf8f95c4153f37310e3a
ASVspoof2019_LA,LA_E_5319630,LA_E_5319630,0,9492c4a85ad91508b6da03c92c98c58aeaa02424,0b9b2bd4518d328ff3d07fe98cb53c7a5063d3be5b882b6b92adb3a778a01c45,355,h2_pre_score_pairs_v1,2609,"sha256(seed,dataset,label,sample_id)_within_dataset_label",4e76aef0a62d2eb6430168d20678474c5767fbe15279cf8f95c4153f37310e3a
ASVspoof2019_LA,LA_E_7498267,LA_E_7498267,0,9492c4a85ad91508b6da03c92c98c58aeaa02424,0ba428a348ba17f934d806140f941187946b8793cc3d9969a312814061593a29,356,h2_pre_score_pairs_v1,2609,"sha256(seed,dataset,label,sample_id)_within_dataset_label",4e76aef0a62d2eb6430168d20678474c5767fbe15279cf8f95c4153f37310e3a
ASVspoof2019_LA,LA_E_7253858,LA_E_7253858,0,9492c4a85ad91508b6da03c92c98c58aeaa02424,0bc00cb6a9ab6f073afa44465f50e080661cc4be9fb3f2ee5fa506d3f799b91f,357,h2_pre_score_pairs_v1,2609,"sha256(seed,dataset,label,sample_id)_within_dataset_label",4e76aef0a62d2eb6430168d20678474c5767fbe15279cf8f95c4153f37310e3a
ASVspoof2019_LA,LA_E_9452660,LA_E_9452660,0,9492c4a85ad91508b6da03c92c98c58aeaa02424,0bc828f95b14d084fec4841f3dfcdb87b08c5fc6d1bc269d158a305d9fd16412,358,h2_pre_score_pairs_v1,2609,"sha256(seed,dataset,label,sample_id)_within_dataset_label",4e76aef0a62d2eb6430168d20678474c5767fbe15279cf8f95c4153f37310e3a
ASVspoof2019_LA,LA_E_7187171,LA_E_7187171,0,9492c4a85ad91508b6da03c92c98c58aeaa02424,0bc837fa420987a42cecdf63f31a4a479f4e5917d72fa9c0cb0da7a2f847cd0c,359,h2_pre_score_pairs_v1,2609,"sha256(seed,dataset,label,sample_id)_within_dataset_label",4e76aef0a62d2eb6430168d20678474c5767fbe15279cf8f95c4153f37310e3a
ASVspoof2019_LA,LA_E_1541750,LA_E_1541750,0,9492c4a85ad91508b6da03c92c98c58aeaa02424,0bc8764b6ab23a1d873cf6c26de2df39b243569b82d1385f54aa8672ac1e2c15,360,h2_pre_score_pairs_v1,2609,"sha256(seed,dataset,label,sample_id)_within_dataset_label",4e76aef0a62d2eb6430168d20678474c5767fbe15279cf8f95c4153f37310e3a
ASVspoof2019_LA,LA_E_5980440,LA_E_5980440,0,9492c4a85ad91508b6da03c92c98c58aeaa02424,0bca8267296438749c546c43ec3c05db3c86c51db25a03bb25bb17df011b9787,361,h2_pre_score_pairs_v1,2609,"sha256(seed,dataset,label,sample_id)_within_dataset_label",4e76aef0a62d2eb6430168d20678474c5767fbe15279cf8f95c4153f37310e3a
ASVspoof2019_LA,LA_E_3852453,LA_E_3852453,0,9492c4a85ad91508b6da03c92c98c58aeaa02424,0bcce7c478fd70b89fa1a38abe990e657526aa9776f55662e69f442d740dad26,362,h2_pre_score_pairs_v1,2609,"sha256(seed,dataset,label,sample_id)_within_dataset_label",4e76aef0a62d2eb6430168d20678474c5767fbe15279cf8f95c4153f37310e3a
ASVspoof2019_LA,LA_E_4781833,LA_E_4781833,0,9492c4a85ad91508b6da03c92c98c58aeaa02424,0bd20b763329e7646faac4ccccd01c10cef8663fd77255cb456bc6cce66909e2,363,h2_pre_score_pairs_v1,2609,"sha256(seed,dataset,label,sample_id)_within_dataset_label",4e76aef0a62d2eb6430168d20678474c5767fbe15279cf8f95c4153f37310e3a
ASVspoof2019_LA,LA_E_2192896,LA_E_2192896,0,9492c4a85ad91508b6da03c92c98c58aeaa02424,0be0a70915fe345333002416e92ec23a43a140369cf4aa0c2a372241085d9c86,364,h2_pre_score_pairs_v1,2609,"sha256(seed,dataset,label,sample_id)_within_dataset_label",4e76aef0a62d2eb6430168d20678474c5767fbe15279cf8f95c4153f37310e3a
ASVspoof2019_LA,LA_E_7682962,LA_E_7682962,0,9492c4a85ad91508b6da03c92c98c58aeaa02424,0befa027ee02d9572df93dd4297fbd7c2423c63248a1cf8187ec5bf47b449320,365,h2_pre_score_pairs_v1,2609,"sha256(seed,dataset,label,sample_id)_within_dataset_label",4e76aef0a62d2eb6430168d20678474c5767fbe15279cf8f95c4153f37310e3a
ASVspoof2019_LA,LA_E_5996278,LA_E_5996278,0,9492c4a85ad91508b6da03c92c98c58aeaa02424,0bf9464b978c1078d8a1ba84ecf4c52bcecdcffe7861b1b051a00d10f0ed1008,366,h2_pre_score_pairs_v1,2609,"sha256(seed,dataset,label,sample_id)_within_dataset_label",4e76aef0a62d2eb6430168d20678474c5767fbe15279cf8f95c4153f37310e3a
ASVspoof2019_LA,LA_E_6362369,LA_E_6362369,0,9492c4a85ad91508b6da03c92c98c58aeaa02424,0c0f39044d18427ed191a47596f4e3ba41f4fdfe5352f693a9a88dfa7abbce2f,367,h2_pre_score_pairs_v1,2609,"sha256(seed,dataset,label,sample_id)_within_dataset_label",4e76aef0a62d2eb6430168d20678474c5767fbe15279cf8f95c4153f37310e3a
ASVspoof2019_LA,LA_E_4563115,LA_E_4563115,0,9492c4a85ad91508b6da03c92c98c58aeaa02424,0c20d07febe14f89e061839de0baf37632462544dfabbe14bf621504a8bed426,368,h2_pre_score_pairs_v1,2609,"sha256(seed,dataset,label,sample_id)_within_dataset_label",4e76aef0a62d2eb6430168d20678474c5767fbe15279cf8f95c4153f37310e3a
ASVspoof2019_LA,LA_E_8231152,LA_E_8231152,0,9492c4a85ad91508b6da03c92c98c58aeaa02424,0c227ddbc66a6da4f6c91f982cecd8646dc0e98e32b67c718321fe3424247cfe,369,h2_pre_score_pairs_v1,2609,"sha256(seed,dataset,label,sample_id)_within_dataset_label",4e76aef0a62d2eb6430168d20678474c5767fbe15279cf8f95c4153f37310e3a
ASVspoof2019_LA,LA_E_2779847,LA_E_2779847,0,9492c4a85ad91508b6da03c92c98c58aeaa02424,0c259521008a5d9307c2ab3070f89dce18db897596aeebe4551c26b6cb320ed2,370,h2_pre_score_pairs_v1,2609,"sha256(seed,dataset,label,sample_id)_within_dataset_label",4e76aef0a62d2eb6430168d20678474c5767fbe15279cf8f95c4153f37310e3a
ASVspoof2019_LA,LA_E_7507043,LA_E_7507043,0,9492c4a85ad91508b6da03c92c98c58aeaa02424,0c27fa72dfb9a6fe7ce7e0b37588e2b53929fc7b0f320df060da434dedc65b4e,371,h2_pre_score_pairs_v1,2609,"sha256(seed,dataset,label,sample_id)_within_dataset_label",4e76aef0a62d2eb6430168d20678474c5767fbe15279cf8f95c4153f37310e3a
ASVspoof2019_LA,LA_E_5422969,LA_E_5422969,0,9492c4a85ad91508b6da03c92c98c58aeaa02424,0c37a0d3ac9d5610524f1fc7dd69f52207cbf473f78771cedeb8c3a57d3fa77e,372,h2_pre_score_pairs_v1,2609,"sha256(seed,dataset,label,sample_id)_within_dataset_label",4e76aef0a62d2eb6430168d20678474c5767fbe15279cf8f95c4153f37310e3a
ASVspoof2019_LA,LA_E_4188988,LA_E_4188988,0,9492c4a85ad91508b6da03c92c98c58aeaa02424,0c481b20c212f02870edbd2048453874dee6ee19fcf7e3ccf5716b49689fb973,373,h2_pre_score_pairs_v1,2609,"sha256(seed,dataset,label,sample_id)_within_dataset_label",4e76aef0a62d2eb6430168d20678474c5767fbe15279cf8f95c4153f37310e3a
ASVspoof2019_LA,LA_E_6235489,LA_E_6235489,0,9492c4a85ad91508b6da03c92c98c58aeaa02424,0c4ff71f4c34a3124b55dbad89a8481ee0acc1391a987a0f7d4077258b527571,374,h2_pre_score_pairs_v1,2609,"sha256(seed,dataset,label,sample_id)_within_dataset_label",4e76aef0a62d2eb6430168d20678474c5767fbe15279cf8f95c4153f37310e3a
ASVspoof2019_LA,LA_E_2270210,LA_E_2270210,0,9492c4a85ad91508b6da03c92c98c58aeaa02424,0c51ea007976403796e360b78b862019cc4b66e683b32573dada124d99c9ef3d,375,h2_pre_score_pairs_v1,2609,"sha256(seed,dataset,label,sample_id)_within_dataset_label",4e76aef0a62d2eb6430168d20678474c5767fbe15279cf8f95c4153f37310e3a
ASVspoof2019_LA,LA_E_3206572,LA_E_3206572,0,9492c4a85ad91508b6da03c92c98c58aeaa02424,0c5ef063d00cdc42c743cd0de53a367b9df849fa3eaf1826161506a30d109e89,376,h2_pre_score_pairs_v1,2609,"sha256(seed,dataset,label,sample_id)_within_dataset_label",4e76aef0a62d2eb6430168d20678474c5767fbe15279cf8f95c4153f37310e3a
ASVspoof2019_LA,LA_E_4392900,LA_E_4392900,0,9492c4a85ad91508b6da03c92c98c58aeaa02424,0c5f4952ae1095a46fa30289dc03aff154ebb9943df1a32aa42c60e9eee6037c,377,h2_pre_score_pairs_v1,2609,"sha256(seed,dataset,label,sample_id)_within_dataset_label",4e76aef0a62d2eb6430168d20678474c5767fbe15279cf8f95c4153f37310e3a
ASVspoof2019_LA,LA_E_1653244,LA_E_1653244,0,9492c4a85ad91508b6da03c92c98c58aeaa02424,0c70a7e803b74ba81019bf5f185c5436b1517ae804dd2b7cbcc08261b6b2d60b,378,h2_pre_score_pairs_v1,2609,"sha256(seed,dataset,label,sample_id)_within_dataset_label",4e76aef0a62d2eb6430168d20678474c5767fbe15279cf8f95c4153f37310e3a
ASVspoof2019_LA,LA_E_7061991,LA_E_7061991,0,9492c4a85ad91508b6da03c92c98c58aeaa02424,0c7c5b7c0854d15d1aa0ff04cbe1679c251cb6204021381c535d622b66d3ca8a,379,h2_pre_score_pairs_v1,2609,"sha256(seed,dataset,label,sample_id)_within_dataset_label",4e76aef0a62d2eb6430168d20678474c5767fbe15279cf8f95c4153f37310e3a
ASVspoof2019_LA,LA_E_6085767,LA_E_6085767,0,9492c4a85ad91508b6da03c92c98c58aeaa02424,0c83e0df34856eb9a8e3fbdb7a8293c46790b076d77adbcd1237acd66257bbbc,380,h2_pre_score_pairs_v1,2609,"sha256(seed,dataset,label,sample_id)_within_dataset_label",4e76aef0a62d2eb6430168d20678474c5767fbe15279cf8f95c4153f37310e3a
ASVspoof2019_LA,LA_E_7017025,LA_E_7017025,0,9492c4a85ad91508b6da03c92c98c58aeaa02424,0c859101e9b8e90febb1024f318837d1774e82021228fd3f3db197e9495dbc9d,381,h2_pre_score_pairs_v1,2609,"sha256(seed,dataset,label,sample_id)_within_dataset_label",4e76aef0a62d2eb6430168d20678474c5767fbe15279cf8f95c4153f37310e3a
ASVspoof2019_LA,LA_E_1112971,LA_E_1112971,0,9492c4a85ad91508b6da03c92c98c58aeaa02424,0c877bcef4487dba0136c65323443b458f0312e406bf671f5ad49b544641bf1c,382,h2_pre_score_pairs_v1,2609,"sha256(seed,dataset,label,sample_id)_within_dataset_label",4e76aef0a62d2eb6430168d20678474c5767fbe15279cf8f95c4153f37310e3a
ASVspoof2019_LA,LA_E_7791871,LA_E_7791871,0,9492c4a85ad91508b6da03c92c98c58aeaa02424,0c8f7ea62ff6ffbca9f0423c371f829a6ea631ecbd8d5fafe33b3ea8a3e71f2b,383,h2_pre_score_pairs_v1,2609,"sha256(seed,dataset,label,sample_id)_within_dataset_label",4e76aef0a62d2eb6430168d20678474c5767fbe15279cf8f95c4153f37310e3a
ASVspoof2019_LA,LA_E_6676712,LA_E_6676712,0,9492c4a85ad91508b6da03c92c98c58aeaa02424,0ca97cf265ce9dcf8335a33cbf4703a6f976f107983b632907874632eea90823,384,h2_pre_score_pairs_v1,2609,"sha256(seed,dataset,label,sample_id)_within_dataset_label",4e76aef0a62d2eb6430168d20678474c5767fbe15279cf8f95c4153f37310e3a
ASVspoof2019_LA,LA_E_9108302,LA_E_9108302,0,9492c4a85ad91508b6da03c92c98c58aeaa02424,0caf06f546d10b8ddaf93a260090f605be4bb35100f1c2e6173b265b34e20f13,385,h2_pre_score_pairs_v1,2609,"sha256(seed,dataset,label,sample_id)_within_dataset_label",4e76aef0a62d2eb6430168d20678474c5767fbe15279cf8f95c4153f37310e3a
ASVspoof2019_LA,LA_E_8217952,LA_E_8217952,0,9492c4a85ad91508b6da03c92c98c58aeaa02424,0caf8f863314d17afad6baacee25425c4063a131595bf2d4afbda2a5f2d44e78,386,h2_pre_score_pairs_v1,2609,"sha256(seed,dataset,label,sample_id)_within_dataset_label",4e76aef0a62d2eb6430168d20678474c5767fbe15279cf8f95c4153f37310e3a
ASVspoof2019_LA,LA_E_2309477,LA_E_2309477,0,9492c4a85ad91508b6da03c92c98c58aeaa02424,0cb509da7152c94576f562de65c1032e312dc0bced7555a03b23fb1dc1f7820f,387,h2_pre_score_pairs_v1,2609,"sha256(seed,dataset,label,sample_id)_within_dataset_label",4e76aef0a62d2eb6430168d20678474c5767fbe15279cf8f95c4153f37310e3a
ASVspoof2019_LA,LA_E_1775062,LA_E_1775062,0,9492c4a85ad91508b6da03c92c98c58aeaa02424,0ccf8f829be9b2be6e70334e54e6f7decafa1459fea6af814e20108f5119d918,388,h2_pre_score_pairs_v1,2609,"sha256(seed,dataset,label,sample_id)_within_dataset_label",4e76aef0a62d2eb6430168d20678474c5767fbe15279cf8f95c4153f37310e3a
ASVspoof2019_LA,LA_E_7701924,LA_E_7701924,0,9492c4a85ad91508b6da03c92c98c58aeaa02424,0cd4764835e2425c6ed2e14c7e25290d7416458ecc5bcc27e2fef74b83ceb374,389,h2_pre_score_pairs_v1,2609,"sha256(seed,dataset,label,sample_id)_within_dataset_label",4e76aef0a62d2eb6430168d20678474c5767fbe15279cf8f95c4153f37310e3a
ASVspoof2019_LA,LA_E_2478039,LA_E_2478039,0,9492c4a85ad91508b6da03c92c98c58aeaa02424,0cd6b43126174ac1fcc7af289af46643ad596ef8856862ca1d3276fe224ff4a0,390,h2_pre_score_pairs_v1,2609,"sha256(seed,dataset,label,sample_id)_within_dataset_label",4e76aef0a62d2eb6430168d20678474c5767fbe15279cf8f95c4153f37310e3a
ASVspoof2019_LA,LA_E_8040206,LA_E_8040206,0,9492c4a85ad91508b6da03c92c98c58aeaa02424,0cea5c56cce48c2e14182b6d995b4b51fb4285b1d571f17a58747e139ed91eb3,391,h2_pre_score_pairs_v1,2609,"sha256(seed,dataset,label,sample_id)_within_dataset_label",4e76aef0a62d2eb6430168d20678474c5767fbe15279cf8f95c4153f37310e3a
ASVspoof2019_LA,LA_E_4560400,LA_E_4560400,0,9492c4a85ad91508b6da03c92c98c58aeaa02424,0cf3f8c15601b99cf0baabdafddd1aa9de9e874185f83a967a542870ec8e907c,392,h2_pre_score_pairs_v1,2609,"sha256(seed,dataset,label,sample_id)_within_dataset_label",4e76aef0a62d2eb6430168d20678474c5767fbe15279cf8f95c4153f37310e3a
ASVspoof2019_LA,LA_E_4968888,LA_E_4968888,0,9492c4a85ad91508b6da03c92c98c58aeaa02424,0cf9c42ad8fc4a4e3bbc89b899324b48c1cd07b3fac0c47ea4ae44c7c4897fb5,393,h2_pre_score_pairs_v1,2609,"sha256(seed,dataset,label,sample_id)_within_dataset_label",4e76aef0a62d2eb6430168d20678474c5767fbe15279cf8f95c4153f37310e3a
ASVspoof2019_LA,LA_E_2927167,LA_E_2927167,0,9492c4a85ad91508b6da03c92c98c58aeaa02424,0d027a4e397ef40d9d7ae342cdf80c85ffc17c66ed774dad89dd5b35442f29a8,394,h2_pre_score_pairs_v1,2609,"sha256(seed,dataset,label,sample_id)_within_dataset_label",4e76aef0a62d2eb6430168d20678474c5767fbe15279cf8f95c4153f37310e3a
ASVspoof2019_LA,LA_E_2821948,LA_E_2821948,0,9492c4a85ad91508b6da03c92c98c58aeaa02424,0d07a89ab7129f964686fc1f1c9074feaf9faf11082360d7fa3d3ac8f7ee2b73,395,h2_pre_score_pairs_v1,2609,"sha256(seed,dataset,label,sample_id)_within_dataset_label",4e76aef0a62d2eb6430168d20678474c5767fbe15279cf8f95c4153f37310e3a
ASVspoof2019_LA,LA_E_8393096,LA_E_8393096,0,9492c4a85ad91508b6da03c92c98c58aeaa02424,0d105a5fdec35dd2c9d9c0c82ad078d18d28d65d16f7f3f1c3faaf474e2d3ca7,396,h2_pre_score_pairs_v1,2609,"sha256(seed,dataset,label,sample_id)_within_dataset_label",4e76aef0a62d2eb6430168d20678474c5767fbe15279cf8f95c4153f37310e3a
ASVspoof2019_LA,LA_E_6610003,LA_E_6610003,0,9492c4a85ad91508b6da03c92c98c58aeaa02424,0d1de619372600c63f98ebbab54bf0abffb2f6aa6864f1e703e09a1ff16206e1,397,h2_pre_score_pairs_v1,2609,"sha256(seed,dataset,label,sample_id)_within_dataset_label",4e76aef0a62d2eb6430168d20678474c5767fbe15279cf8f95c4153f37310e3a
ASVspoof2019_LA,LA_E_6666104,LA_E_6666104,0,9492c4a85ad91508b6da03c92c98c58aeaa02424,0d23bbc2722e1a37f892159e66a7b45aad0ae1a4c52322329bb5a82707449dd9,398,h2_pre_score_pairs_v1,2609,"sha256(seed,dataset,label,sample_id)_within_dataset_label",4e76aef0a62d2eb6430168d20678474c5767fbe15279cf8f95c4153f37310e3a
ASVspoof2019_LA,LA_E_7012733,LA_E_7012733,0,9492c4a85ad91508b6da03c92c98c58aeaa02424,0d2473999dfcc405935aac3fd2534f3b163aa097891636d1815ea14cad4f4841,399,h2_pre_score_pairs_v1,2609,"sha256(seed,dataset,label,sample_id)_within_dataset_label",4e76aef0a62d2eb6430168d20678474c5767fbe15279cf8f95c4153f37310e3a
ASVspoof2019_LA,LA_E_6030759,LA_E_6030759,0,9492c4a85ad91508b6da03c92c98c58aeaa02424,0d265e3d504a04f38c1c2f6f77019ae3760b804e2cba91e82bed957e97fcd185,400,h2_pre_score_pairs_v1,2609,"sha256(seed,dataset,label,sample_id)_within_dataset_label",4e76aef0a62d2eb6430168d20678474c5767fbe15279cf8f95c4153f37310e3a
ASVspoof2019_LA,LA_E_1682154,LA_E_1682154,0,9492c4a85ad91508b6da03c92c98c58aeaa02424,0d2dd1e13b03c72474c1b311d102bd50244fb4761e58eb056336509f65b9fd6c,401,h2_pre_score_pairs_v1,2609,"sha256(seed,dataset,label,sample_id)_within_dataset_label",4e76aef0a62d2eb6430168d20678474c5767fbe15279cf8f95c4153f37310e3a
ASVspoof2019_LA,LA_E_6254578,LA_E_6254578,0,9492c4a85ad91508b6da03c92c98c58aeaa02424,0d4bf5f57276684c904cac1ef5be1c2399d6d7fb1cf4af799d7eff113319a465,402,h2_pre_score_pairs_v1,2609,"sha256(seed,dataset,label,sample_id)_within_dataset_label",4e76aef0a62d2eb6430168d20678474c5767fbe15279cf8f95c4153f37310e3a
ASVspoof2019_LA,LA_E_7789627,LA_E_7789627,0,9492c4a85ad91508b6da03c92c98c58aeaa02424,0d57c4b9d2fe9f1f51102fa1bf0bcd24d35681ec148ffb1ffc5c02df01cf6589,403,h2_pre_score_pairs_v1,2609,"sha256(seed,dataset,label,sample_id)_within_dataset_label",4e76aef0a62d2eb6430168d20678474c5767fbe15279cf8f95c4153f37310e3a
ASVspoof2019_LA,LA_E_8394624,LA_E_8394624,0,9492c4a85ad91508b6da03c92c98c58aeaa02424,0d5e94ca700745ed528aaddc760fe96e5f50a2fb362b2c97ce1d585941a4aa57,404,h2_pre_score_pairs_v1,2609,"sha256(seed,dataset,label,sample_id)_within_dataset_label",4e76aef0a62d2eb6430168d20678474c5767fbe15279cf8f95c4153f37310e3a
ASVspoof2019_LA,LA_E_6314733,LA_E_6314733,0,9492c4a85ad91508b6da03c92c98c58aeaa02424,0d60ef5092b3203be8c8f11639c289ba7975838b975383b6e2ecc288d99e8d92,405,h2_pre_score_pairs_v1,2609,"sha256(seed,dataset,label,sample_id)_within_dataset_label",4e76aef0a62d2eb6430168d20678474c5767fbe15279cf8f95c4153f37310e3a
ASVspoof2019_LA,LA_E_6796371,LA_E_6796371,0,9492c4a85ad91508b6da03c92c98c58aeaa02424,0d62a1d83bdb1160d43e7c4182de124ae69d6d7a662834a248b773d7954220a8,406,h2_pre_score_pairs_v1,2609,"sha256(seed,dataset,label,sample_id)_within_dataset_label",4e76aef0a62d2eb6430168d20678474c5767fbe15279cf8f95c4153f37310e3a
ASVspoof2019_LA,LA_E_6674091,LA_E_6674091,0,9492c4a85ad91508b6da03c92c98c58aeaa02424,0d6eba775dd66c1c8f8ba9ad443097528bc55e90627984dc29756f142c5dc39a,407,h2_pre_score_pairs_v1,2609,"sha256(seed,dataset,label,sample_id)_within_dataset_label",4e76aef0a62d2eb6430168d20678474c5767fbe15279cf8f95c4153f37310e3a
ASVspoof2019_LA,LA_E_7639704,LA_E_7639704,0,9492c4a85ad91508b6da03c92c98c58aeaa02424,0d8a973d0947f9d923dc31662a7f46b90e199bb863f99e712156b3d4fc65799e,408,h2_pre_score_pairs_v1,2609,"sha256(seed,dataset,label,sample_id)_within_dataset_label",4e76aef0a62d2eb6430168d20678474c5767fbe15279cf8f95c4153f37310e3a
ASVspoof2019_LA,LA_E_1708938,LA_E_1708938,0,9492c4a85ad91508b6da03c92c98c58aeaa02424,0d97631c281871a95c15224001c168c132b97c0ea70390fb433d8fcb4c5a0c40,409,h2_pre_score_pairs_v1,2609,"sha256(seed,dataset,label,sample_id)_within_dataset_label",4e76aef0a62d2eb6430168d20678474c5767fbe15279cf8f95c4153f37310e3a
ASVspoof2019_LA,LA_E_1615488,LA_E_1615488,0,9492c4a85ad91508b6da03c92c98c58aeaa02424,0da9838d359cb1faff92815be936b1c2ba3c1707da4b60266f7654f9baf3c268,410,h2_pre_score_pairs_v1,2609,"sha256(seed,dataset,label,sample_id)_within_dataset_label",4e76aef0a62d2eb6430168d20678474c5767fbe15279cf8f95c4153f37310e3a
ASVspoof2019_LA,LA_E_3759204,LA_E_3759204,0,9492c4a85ad91508b6da03c92c98c58aeaa02424,0dab175102f040887b9de1a8ca36f71774112cf7868ff6a9d7225d6fe6a9bb65,411,h2_pre_score_pairs_v1,2609,"sha256(seed,dataset,label,sample_id)_within_dataset_label",4e76aef0a62d2eb6430168d20678474c5767fbe15279cf8f95c4153f37310e3a
ASVspoof2019_LA,LA_E_1342706,LA_E_1342706,0,9492c4a85ad91508b6da03c92c98c58aeaa02424,0dabf7bb54b59572e26ee1540c45eef8cfde5f761b9b1e054179f09feccc269c,412,h2_pre_score_pairs_v1,2609,"sha256(seed,dataset,label,sample_id)_within_dataset_label",4e76aef0a62d2eb6430168d20678474c5767fbe15279cf8f95c4153f37310e3a
ASVspoof2019_LA,LA_E_1328064,LA_E_1328064,0,9492c4a85ad91508b6da03c92c98c58aeaa02424,0dada3129cae4b84ba0a818be15b2d1e45d5088fc08aba77035648dabcd63f33,413,h2_pre_score_pairs_v1,2609,"sha256(seed,dataset,label,sample_id)_within_dataset_label",4e76aef0a62d2eb6430168d20678474c5767fbe15279cf8f95c4153f37310e3a
ASVspoof2019_LA,LA_E_2928405,LA_E_2928405,0,9492c4a85ad91508b6da03c92c98c58aeaa02424,0db24af08630695a664e1d918fdd268b870cf4eabee11327a670a743b9dd5735,414,h2_pre_score_pairs_v1,2609,"sha256(seed,dataset,label,sample_id)_within_dataset_label",4e76aef0a62d2eb6430168d20678474c5767fbe15279cf8f95c4153f37310e3a
ASVspoof2019_LA,LA_E_7945842,LA_E_7945842,0,9492c4a85ad91508b6da03c92c98c58aeaa02424,0db2f779c2fa67ba57d59492dbc3a0dc79440f1f29d34532dea3596bccedc0d6,415,h2_pre_score_pairs_v1,2609,"sha256(seed,dataset,label,sample_id)_within_dataset_label",4e76aef0a62d2eb6430168d20678474c5767fbe15279cf8f95c4153f37310e3a
ASVspoof2019_LA,LA_E_2912752,LA_E_2912752,0,9492c4a85ad91508b6da03c92c98c58aeaa02424,0dbf82492b44d117195aadc0242678b99373a382c7007692997ed9cf913dea11,416,h2_pre_score_pairs_v1,2609,"sha256(seed,dataset,label,sample_id)_within_dataset_label",4e76aef0a62d2eb6430168d20678474c5767fbe15279cf8f95c4153f37310e3a
ASVspoof2019_LA,LA_E_4485099,LA_E_4485099,0,9492c4a85ad91508b6da03c92c98c58aeaa02424,0de53b2ba70f8ad1d3b9eff5505abff0aba76dc89ca72935e6968190caaf62d5,417,h2_pre_score_pairs_v1,2609,"sha256(seed,dataset,label,sample_id)_within_dataset_label",4e76aef0a62d2eb6430168d20678474c5767fbe15279cf8f95c4153f37310e3a
ASVspoof2019_LA,LA_E_4212609,LA_E_4212609,0,9492c4a85ad91508b6da03c92c98c58aeaa02424,0df2a80b062c115e5275aba339c2c90bad1b9885519d4660f1e62c53c24bccac,418,h2_pre_score_pairs_v1,2609,"sha256(seed,dataset,label,sample_id)_within_dataset_label",4e76aef0a62d2eb6430168d20678474c5767fbe15279cf8f95c4153f37310e3a
ASVspoof2019_LA,LA_E_1145965,LA_E_1145965,0,9492c4a85ad91508b6da03c92c98c58aeaa02424,0df4091c48d0d4617a997c57360c317fc83952ac2ed61ff1b2fca949c1af8d8d,419,h2_pre_score_pairs_v1,2609,"sha256(seed,dataset,label,sample_id)_within_dataset_label",4e76aef0a62d2eb6430168d20678474c5767fbe15279cf8f95c4153f37310e3a
ASVspoof2019_LA,LA_E_5201647,LA_E_5201647,0,9492c4a85ad91508b6da03c92c98c58aeaa02424,0e0616de0b91e8addf74ab945f2ac8808fd79e803dda0c6e29db3ea51a90fcab,420,h2_pre_score_pairs_v1,2609,"sha256(seed,dataset,label,sample_id)_within_dataset_label",4e76aef0a62d2eb6430168d20678474c5767fbe15279cf8f95c4153f37310e3a
ASVspoof2019_LA,LA_E_6708601,LA_E_6708601,0,9492c4a85ad91508b6da03c92c98c58aeaa02424,0e0dd9131f8210992476ec8ffea78210830036927e69c47c8f36478dae6e7a71,421,h2_pre_score_pairs_v1,2609,"sha256(seed,dataset,label,sample_id)_within_dataset_label",4e76aef0a62d2eb6430168d20678474c5767fbe15279cf8f95c4153f37310e3a
ASVspoof2019_LA,LA_E_6143803,LA_E_6143803,0,9492c4a85ad91508b6da03c92c98c58aeaa02424,0e179ce0efe57ac4cf96a4a582783382e0a005cd548d2a7d7d3407de159d29df,422,h2_pre_score_pairs_v1,2609,"sha256(seed,dataset,label,sample_id)_within_dataset_label",4e76aef0a62d2eb6430168d20678474c5767fbe15279cf8f95c4153f37310e3a
ASVspoof2019_LA,LA_E_3173578,LA_E_3173578,0,9492c4a85ad91508b6da03c92c98c58aeaa02424,0e27cec3ab61057f33c9b83a4df6cd8d1478ad588d603e670c41097ad4905547,423,h2_pre_score_pairs_v1,2609,"sha256(seed,dataset,label,sample_id)_within_dataset_label",4e76aef0a62d2eb6430168d20678474c5767fbe15279cf8f95c4153f37310e3a
ASVspoof2019_LA,LA_E_5728300,LA_E_5728300,0,9492c4a85ad91508b6da03c92c98c58aeaa02424,0e2dc5affb36156e1177969232d1bf59f770659f93fe75bc038e627b9ec1b067,424,h2_pre_score_pairs_v1,2609,"sha256(seed,dataset,label,sample_id)_within_dataset_label",4e76aef0a62d2eb6430168d20678474c5767fbe15279cf8f95c4153f37310e3a
ASVspoof2019_LA,LA_E_2383722,LA_E_2383722,0,9492c4a85ad91508b6da03c92c98c58aeaa02424,0e5b37bb2457e524a4b439d9a030573bba44092f06bd51e4ec3b5bdbfb5d942f,425,h2_pre_score_pairs_v1,2609,"sha256(seed,dataset,label,sample_id)_within_dataset_label",4e76aef0a62d2eb6430168d20678474c5767fbe15279cf8f95c4153f37310e3a
ASVspoof2019_LA,LA_E_3938341,LA_E_3938341,0,9492c4a85ad91508b6da03c92c98c58aeaa02424,0e5e246b252b40b1ebdb6e78e0f0a0edf711eb3b5bdc8072a406b10792eec642,426,h2_pre_score_pairs_v1,2609,"sha256(seed,dataset,label,sample_id)_within_dataset_label",4e76aef0a62d2eb6430168d20678474c5767fbe15279cf8f95c4153f37310e3a
ASVspoof2019_LA,LA_E_4522571,LA_E_4522571,0,9492c4a85ad91508b6da03c92c98c58aeaa02424,0e6273559c7e187ef72e8c4558825dcd879e7dd619429910d557775cad776c70,427,h2_pre_score_pairs_v1,2609,"sha256(seed,dataset,label,sample_id)_within_dataset_label",4e76aef0a62d2eb6430168d20678474c5767fbe15279cf8f95c4153f37310e3a
ASVspoof2019_LA,LA_E_5591261,LA_E_5591261,0,9492c4a85ad91508b6da03c92c98c58aeaa02424,0e699580e36c5ea6fef250d0fa53ab5ace7bc4f57a63f43375f5c2ea5167c5cc,428,h2_pre_score_pairs_v1,2609,"sha256(seed,dataset,label,sample_id)_within_dataset_label",4e76aef0a62d2eb6430168d20678474c5767fbe15279cf8f95c4153f37310e3a
ASVspoof2019_LA,LA_E_5207555,LA_E_5207555,0,9492c4a85ad91508b6da03c92c98c58aeaa02424,0e6af69aa5688a6695668e99667c9752602064acc298492570102b87eebdd369,429,h2_pre_score_pairs_v1,2609,"sha256(seed,dataset,label,sample_id)_within_dataset_label",4e76aef0a62d2eb6430168d20678474c5767fbe15279cf8f95c4153f37310e3a
ASVspoof2019_LA,LA_E_3367170,LA_E_3367170,0,9492c4a85ad91508b6da03c92c98c58aeaa02424,0e72a716710ac9f6cd5f86b230b92681fe3d40c0caeec337fa22e8ebab215ebc,430,h2_pre_score_pairs_v1,2609,"sha256(seed,dataset,label,sample_id)_within_dataset_label",4e76aef0a62d2eb6430168d20678474c5767fbe15279cf8f95c4153f37310e3a
ASVspoof2019_LA,LA_E_3165045,LA_E_3165045,0,9492c4a85ad91508b6da03c92c98c58aeaa02424,0e88624454fdbd80cd7d52689f565b299ff687b34c145fcd01e14b86d03557db,431,h2_pre_score_pairs_v1,2609,"sha256(seed,dataset,label,sample_id)_within_dataset_label",4e76aef0a62d2eb6430168d20678474c5767fbe15279cf8f95c4153f37310e3a
ASVspoof2019_LA,LA_E_1654130,LA_E_1654130,0,9492c4a85ad91508b6da03c92c98c58aeaa02424,0e9143ea8217dd0804357e74a2e4a8f75b0cd9b3017127b1d3dd061d33963d45,432,h2_pre_score_pairs_v1,2609,"sha256(seed,dataset,label,sample_id)_within_dataset_label",4e76aef0a62d2eb6430168d20678474c5767fbe15279cf8f95c4153f37310e3a
ASVspoof2019_LA,LA_E_5599612,LA_E_5599612,0,9492c4a85ad91508b6da03c92c98c58aeaa02424,0e9721e0453baf851fe056cb00e830912dc5efd506602c5d4b93eaf55fd2f4a5,433,h2_pre_score_pairs_v1,2609,"sha256(seed,dataset,label,sample_id)_within_dataset_label",4e76aef0a62d2eb6430168d20678474c5767fbe15279cf8f95c4153f37310e3a
ASVspoof2019_LA,LA_E_3519895,LA_E_3519895,0,9492c4a85ad91508b6da03c92c98c58aeaa02424,0ea702a64325a47bba50edd11f8d4ba64d80455563c5dba7b141d43ec14bd7a0,434,h2_pre_score_pairs_v1,2609,"sha256(seed,dataset,label,sample_id)_within_dataset_label",4e76aef0a62d2eb6430168d20678474c5767fbe15279cf8f95c4153f37310e3a
ASVspoof2019_LA,LA_E_2875855,LA_E_2875855,0,9492c4a85ad91508b6da03c92c98c58aeaa02424,0ec8b0cf1d6d90c7fd1929cd1e276b9d5fa55f8c157a8e21f740c3728b41c1a2,435,h2_pre_score_pairs_v1,2609,"sha256(seed,dataset,label,sample_id)_within_dataset_label",4e76aef0a62d2eb6430168d20678474c5767fbe15279cf8f95c4153f37310e3a
ASVspoof2019_LA,LA_E_3487276,LA_E_3487276,0,9492c4a85ad91508b6da03c92c98c58aeaa02424,0ee722761c1aa0aafb982bd7fc90de97407005742d11b5116bcd1de15ec8b31d,436,h2_pre_score_pairs_v1,2609,"sha256(seed,dataset,label,sample_id)_within_dataset_label",4e76aef0a62d2eb6430168d20678474c5767fbe15279cf8f95c4153f37310e3a
ASVspoof2019_LA,LA_E_7056770,LA_E_7056770,0,9492c4a85ad91508b6da03c92c98c58aeaa02424,0ee7607c0441c878326911fa2a162736be28fe0c6e3018c86f43c9e7c34a7770,437,h2_pre_score_pairs_v1,2609,"sha256(seed,dataset,label,sample_id)_within_dataset_label",4e76aef0a62d2eb6430168d20678474c5767fbe15279cf8f95c4153f37310e3a
ASVspoof2019_LA,LA_E_4524413,LA_E_4524413,0,9492c4a85ad91508b6da03c92c98c58aeaa02424,0efafdc725115e416c95b8c73534143e55d04ad39a629f36af6b7dfbedd32754,438,h2_pre_score_pairs_v1,2609,"sha256(seed,dataset,label,sample_id)_within_dataset_label",4e76aef0a62d2eb6430168d20678474c5767fbe15279cf8f95c4153f37310e3a
ASVspoof2019_LA,LA_E_9506630,LA_E_9506630,0,9492c4a85ad91508b6da03c92c98c58aeaa02424,0f0535cd6d3ed2570edd04982764224cacacffdfa0982fc7375c9d2944ed0149,439,h2_pre_score_pairs_v1,2609,"sha256(seed,dataset,label,sample_id)_within_dataset_label",4e76aef0a62d2eb6430168d20678474c5767fbe15279cf8f95c4153f37310e3a
ASVspoof2019_LA,LA_E_1409215,LA_E_1409215,0,9492c4a85ad91508b6da03c92c98c58aeaa02424,0f105188631079e330fca432eb900d1afed1ecee8b8b0dfd56b2ab1c6fd13e6f,440,h2_pre_score_pairs_v1,2609,"sha256(seed,dataset,label,sample_id)_within_dataset_label",4e76aef0a62d2eb6430168d20678474c5767fbe15279cf8f95c4153f37310e3a
ASVspoof2019_LA,LA_E_1426484,LA_E_1426484,0,9492c4a85ad91508b6da03c92c98c58aeaa02424,0f107239345adb2bf6b10a6b99dfcddd2c216c2e94528fb421036244f9dc7954,441,h2_pre_score_pairs_v1,2609,"sha256(seed,dataset,label,sample_id)_within_dataset_label",4e76aef0a62d2eb6430168d20678474c5767fbe15279cf8f95c4153f37310e3a
ASVspoof2019_LA,LA_E_9128043,LA_E_9128043,0,9492c4a85ad91508b6da03c92c98c58aeaa02424,0f109571a6e84c41ea6235c42d4ebd895a8a1b1924533a45ba11f301f23eb3f0,442,h2_pre_score_pairs_v1,2609,"sha256(seed,dataset,label,sample_id)_within_dataset_label",4e76aef0a62d2eb6430168d20678474c5767fbe15279cf8f95c4153f37310e3a
ASVspoof2019_LA,LA_E_9578484,LA_E_9578484,0,9492c4a85ad91508b6da03c92c98c58aeaa02424,0f1fd7f212b93bf4ccd5ee877b6b2c22277e08d9b59ff771c1cfa9b748c8b43e,443,h2_pre_score_pairs_v1,2609,"sha256(seed,dataset,label,sample_id)_within_dataset_label",4e76aef0a62d2eb6430168d20678474c5767fbe15279cf8f95c4153f37310e3a
ASVspoof2019_LA,LA_E_4847066,LA_E_4847066,0,9492c4a85ad91508b6da03c92c98c58aeaa02424,0f2535fb7e6ba66c4190dec311f996f1fd3c7bfd0672ea205123076df2b28ac8,444,h2_pre_score_pairs_v1,2609,"sha256(seed,dataset,label,sample_id)_within_dataset_label",4e76aef0a62d2eb6430168d20678474c5767fbe15279cf8f95c4153f37310e3a
ASVspoof2019_LA,LA_E_1083805,LA_E_1083805,0,9492c4a85ad91508b6da03c92c98c58aeaa02424,0f3158d5e49686a31940d045aca38d144f875e9458e28c2f2afecdcc24534aa4,445,h2_pre_score_pairs_v1,2609,"sha256(seed,dataset,label,sample_id)_within_dataset_label",4e76aef0a62d2eb6430168d20678474c5767fbe15279cf8f95c4153f37310e3a
ASVspoof2019_LA,LA_E_8962526,LA_E_8962526,0,9492c4a85ad91508b6da03c92c98c58aeaa02424,0f32d769ae944efa710a180e550c4a54a09ada71d95e53510748dcc7872af540,446,h2_pre_score_pairs_v1,2609,"sha256(seed,dataset,label,sample_id)_within_dataset_label",4e76aef0a62d2eb6430168d20678474c5767fbe15279cf8f95c4153f37310e3a
ASVspoof2019_LA,LA_E_8123735,LA_E_8123735,0,9492c4a85ad91508b6da03c92c98c58aeaa02424,0f348490ed5fb8508f897c9b14b1f3dace05030e895ac04eb0ca636468de46cb,447,h2_pre_score_pairs_v1,2609,"sha256(seed,dataset,label,sample_id)_within_dataset_label",4e76aef0a62d2eb6430168d20678474c5767fbe15279cf8f95c4153f37310e3a
ASVspoof2019_LA,LA_E_2557908,LA_E_2557908,0,9492c4a85ad91508b6da03c92c98c58aeaa02424,0f3d447e0f54386183057d96b94ce17b21568c93123fa649e3398b0a933ec424,448,h2_pre_score_pairs_v1,2609,"sha256(seed,dataset,label,sample_id)_within_dataset_label",4e76aef0a62d2eb6430168d20678474c5767fbe15279cf8f95c4153f37310e3a
ASVspoof2019_LA,LA_E_4047464,LA_E_4047464,0,9492c4a85ad91508b6da03c92c98c58aeaa02424,0f3d653f3ad85d8ac560c6cb34749ece9a3d7e8673a7fc6f2e935ff41956a649,449,h2_pre_score_pairs_v1,2609,"sha256(seed,dataset,label,sample_id)_within_dataset_label",4e76aef0a62d2eb6430168d20678474c5767fbe15279cf8f95c4153f37310e3a
ASVspoof2019_LA,LA_E_5321810,LA_E_5321810,0,9492c4a85ad91508b6da03c92c98c58aeaa02424,0f4af87185c1853e8bb9964f83217782ef8f9b95833d62a0dd9a970c0814caa5,450,h2_pre_score_pairs_v1,2609,"sha256(seed,dataset,label,sample_id)_within_dataset_label",4e76aef0a62d2eb6430168d20678474c5767fbe15279cf8f95c4153f37310e3a
ASVspoof2019_LA,LA_E_2689262,LA_E_2689262,0,9492c4a85ad91508b6da03c92c98c58aeaa02424,0f4b4b9631d5da3ea5cbc65f6bddd2e5d79d376908c0a10e191699c6761c8e82,451,h2_pre_score_pairs_v1,2609,"sha256(seed,dataset,label,sample_id)_within_dataset_label",4e76aef0a62d2eb6430168d20678474c5767fbe15279cf8f95c4153f37310e3a
ASVspoof2019_LA,LA_E_7100802,LA_E_7100802,0,9492c4a85ad91508b6da03c92c98c58aeaa02424,0f539d61c0c0ee7d9dc467f18aaaf4864d19e8521812f6b3c511284fc3c6cf47,452,h2_pre_score_pairs_v1,2609,"sha256(seed,dataset,label,sample_id)_within_dataset_label",4e76aef0a62d2eb6430168d20678474c5767fbe15279cf8f95c4153f37310e3a
ASVspoof2019_LA,LA_E_1557223,LA_E_1557223,0,9492c4a85ad91508b6da03c92c98c58aeaa02424,0f5437db4f51947faa0e91644fb6685f8cc83fd9727e7a6eb544dcb4f886cd9d,453,h2_pre_score_pairs_v1,2609,"sha256(seed,dataset,label,sample_id)_within_dataset_label",4e76aef0a62d2eb6430168d20678474c5767fbe15279cf8f95c4153f37310e3a
ASVspoof2019_LA,LA_E_7511708,LA_E_7511708,0,9492c4a85ad91508b6da03c92c98c58aeaa02424,0f55d407f0cf9f2494e6d2f4267409a6145e815fc5ab484e54bab6b09a9c5c00,454,h2_pre_score_pairs_v1,2609,"sha256(seed,dataset,label,sample_id)_within_dataset_label",4e76aef0a62d2eb6430168d20678474c5767fbe15279cf8f95c4153f37310e3a
ASVspoof2019_LA,LA_E_1351470,LA_E_1351470,0,9492c4a85ad91508b6da03c92c98c58aeaa02424,0f59d551359642e7c5cca45b85c89930daf363b35ccfeb4e93174953f82f1e87,455,h2_pre_score_pairs_v1,2609,"sha256(seed,dataset,label,sample_id)_within_dataset_label",4e76aef0a62d2eb6430168d20678474c5767fbe15279cf8f95c4153f37310e3a
ASVspoof2019_LA,LA_E_3007040,LA_E_3007040,0,9492c4a85ad91508b6da03c92c98c58aeaa02424,0f5c4175c62a62f0f72e2f8319167f0a7add65d8dec2e0ef2de63277a873c7e0,456,h2_pre_score_pairs_v1,2609,"sha256(seed,dataset,label,sample_id)_within_dataset_label",4e76aef0a62d2eb6430168d20678474c5767fbe15279cf8f95c4153f37310e3a
ASVspoof2019_LA,LA_E_8640454,LA_E_8640454,0,9492c4a85ad91508b6da03c92c98c58aeaa02424,0f68d37be7e9d4d919d03aeb020a20ed5662cb94fc3cdd0a32e333f6e11de4df,457,h2_pre_score_pairs_v1,2609,"sha256(seed,dataset,label,sample_id)_within_dataset_label",4e76aef0a62d2eb6430168d20678474c5767fbe15279cf8f95c4153f37310e3a
ASVspoof2019_LA,LA_E_3631189,LA_E_3631189,0,9492c4a85ad91508b6da03c92c98c58aeaa02424,0f6a8e5e9ab1420b9981e4775c0870e160bf146e70c166f6b6e0dea8d9a5d84d,458,h2_pre_score_pairs_v1,2609,"sha256(seed,dataset,label,sample_id)_within_dataset_label",4e76aef0a62d2eb6430168d20678474c5767fbe15279cf8f95c4153f37310e3a
ASVspoof2019_LA,LA_E_7492191,LA_E_7492191,0,9492c4a85ad91508b6da03c92c98c58aeaa02424,0f7a0d320f33c5c195b7c8dbd5e16eb413a5014d9a03503070f3c7beaaae1f16,459,h2_pre_score_pairs_v1,2609,"sha256(seed,dataset,label,sample_id)_within_dataset_label",4e76aef0a62d2eb6430168d20678474c5767fbe15279cf8f95c4153f37310e3a
ASVspoof2019_LA,LA_E_1203094,LA_E_1203094,0,9492c4a85ad91508b6da03c92c98c58aeaa02424,0f88754611f12d5f56558e14eb6f293f34542ca0d5ca9334f50800477f881dc7,460,h2_pre_score_pairs_v1,2609,"sha256(seed,dataset,label,sample_id)_within_dataset_label",4e76aef0a62d2eb6430168d20678474c5767fbe15279cf8f95c4153f37310e3a
ASVspoof2019_LA,LA_E_4776467,LA_E_4776467,0,9492c4a85ad91508b6da03c92c98c58aeaa02424,0f90d0ff9a6352e796a28198ad42464b3a86fe20f966d222aa62110223e2ec4a,461,h2_pre_score_pairs_v1,2609,"sha256(seed,dataset,label,sample_id)_within_dataset_label",4e76aef0a62d2eb6430168d20678474c5767fbe15279cf8f95c4153f37310e3a
ASVspoof2019_LA,LA_E_9502921,LA_E_9502921,0,9492c4a85ad91508b6da03c92c98c58aeaa02424,0fa7e29c5f0d27670dea433bdedf3fa9a6de996ebc5e8bbe951b64148fec86f3,462,h2_pre_score_pairs_v1,2609,"sha256(seed,dataset,label,sample_id)_within_dataset_label",4e76aef0a62d2eb6430168d20678474c5767fbe15279cf8f95c4153f37310e3a
ASVspoof2019_LA,LA_E_2911372,LA_E_2911372,0,9492c4a85ad91508b6da03c92c98c58aeaa02424,0fad60dd1f4baf94f647ba5a2568656154c3980e4da57f48afd4f0a50ab2d9f5,463,h2_pre_score_pairs_v1,2609,"sha256(seed,dataset,label,sample_id)_within_dataset_label",4e76aef0a62d2eb6430168d20678474c5767fbe15279cf8f95c4153f37310e3a
ASVspoof2019_LA,LA_E_4691018,LA_E_4691018,0,9492c4a85ad91508b6da03c92c98c58aeaa02424,0fb63ed80f98eb390fc065ce39d9489f845060fd996fb419f154153b3eec60c7,464,h2_pre_score_pairs_v1,2609,"sha256(seed,dataset,label,sample_id)_within_dataset_label",4e76aef0a62d2eb6430168d20678474c5767fbe15279cf8f95c4153f37310e3a
ASVspoof2019_LA,LA_E_1079546,LA_E_1079546,0,9492c4a85ad91508b6da03c92c98c58aeaa02424,0fb79c63358762bda07c5aef9f18a260f458577127b8c6741b72b22be5bb2752,465,h2_pre_score_pairs_v1,2609,"sha256(seed,dataset,label,sample_id)_within_dataset_label",4e76aef0a62d2eb6430168d20678474c5767fbe15279cf8f95c4153f37310e3a
ASVspoof2019_LA,LA_E_4517012,LA_E_4517012,0,9492c4a85ad91508b6da03c92c98c58aeaa02424,0fc8a4678c366b57de029823215464c020aeaa15e45b7a696a2316ec12abb14a,466,h2_pre_score_pairs_v1,2609,"sha256(seed,dataset,label,sample_id)_within_dataset_label",4e76aef0a62d2eb6430168d20678474c5767fbe15279cf8f95c4153f37310e3a
ASVspoof2019_LA,LA_E_9565775,LA_E_9565775,0,9492c4a85ad91508b6da03c92c98c58aeaa02424,0fd08fbb32764ee04a21c84714d4ea95d7f39bb7e6887d7395bbe96b6828355f,467,h2_pre_score_pairs_v1,2609,"sha256(seed,dataset,label,sample_id)_within_dataset_label",4e76aef0a62d2eb6430168d20678474c5767fbe15279cf8f95c4153f37310e3a
ASVspoof2019_LA,LA_E_8350195,LA_E_8350195,0,9492c4a85ad91508b6da03c92c98c58aeaa02424,0fd8142c103a807aa5f4d61292bb62fdfeb68c51116c7ce57422bcaef22d4017,468,h2_pre_score_pairs_v1,2609,"sha256(seed,dataset,label,sample_id)_within_dataset_label",4e76aef0a62d2eb6430168d20678474c5767fbe15279cf8f95c4153f37310e3a
ASVspoof2019_LA,LA_E_3899988,LA_E_3899988,0,9492c4a85ad91508b6da03c92c98c58aeaa02424,0fd88042da5362e8597dbedf8f24d745586f7564952312fed7b08049ab65335a,469,h2_pre_score_pairs_v1,2609,"sha256(seed,dataset,label,sample_id)_within_dataset_label",4e76aef0a62d2eb6430168d20678474c5767fbe15279cf8f95c4153f37310e3a
ASVspoof2019_LA,LA_E_2593919,LA_E_2593919,0,9492c4a85ad91508b6da03c92c98c58aeaa02424,0fda7288e68a346e2f80395a13b9814fbacfac563442f37e3c0553939236a2db,470,h2_pre_score_pairs_v1,2609,"sha256(seed,dataset,label,sample_id)_within_dataset_label",4e76aef0a62d2eb6430168d20678474c5767fbe15279cf8f95c4153f37310e3a
ASVspoof2019_LA,LA_E_7203953,LA_E_7203953,0,9492c4a85ad91508b6da03c92c98c58aeaa02424,0fddb6b581ef7bdb28bf803c9369de8fc79788b8fa0b5021d1481a31f8cb498e,471,h2_pre_score_pairs_v1,2609,"sha256(seed,dataset,label,sample_id)_within_dataset_label",4e76aef0a62d2eb6430168d20678474c5767fbe15279cf8f95c4153f37310e3a
ASVspoof2019_LA,LA_E_1254012,LA_E_1254012,0,9492c4a85ad91508b6da03c92c98c58aeaa02424,0fe41e7da0aa897ced312353be75cc701b9b36c9490da6828eb6195b11096e8f,472,h2_pre_score_pairs_v1,2609,"sha256(seed,dataset,label,sample_id)_within_dataset_label",4e76aef0a62d2eb6430168d20678474c5767fbe15279cf8f95c4153f37310e3a
ASVspoof2019_LA,LA_E_1750371,LA_E_1750371,0,9492c4a85ad91508b6da03c92c98c58aeaa02424,0febfcba28584113178702d8d70275089df2cc8792db06cac2b5946c02ea2dad,473,h2_pre_score_pairs_v1,2609,"sha256(seed,dataset,label,sample_id)_within_dataset_label",4e76aef0a62d2eb6430168d20678474c5767fbe15279cf8f95c4153f37310e3a
ASVspoof2019_LA,LA_E_8660530,LA_E_8660530,0,9492c4a85ad91508b6da03c92c98c58aeaa02424,0ff8c3fafac66e7c35be55f5bc2cf173c566e706fc5da509d92d93487da78335,474,h2_pre_score_pairs_v1,2609,"sha256(seed,dataset,label,sample_id)_within_dataset_label",4e76aef0a62d2eb6430168d20678474c5767fbe15279cf8f95c4153f37310e3a
ASVspoof2019_LA,LA_E_7434509,LA_E_7434509,0,9492c4a85ad91508b6da03c92c98c58aeaa02424,1000c9e0fcdc86b9944a4cad36d1a51edc0cb50f7bac22031801b1f2377a5832,475,h2_pre_score_pairs_v1,2609,"sha256(seed,dataset,label,sample_id)_within_dataset_label",4e76aef0a62d2eb6430168d20678474c5767fbe15279cf8f95c4153f37310e3a
ASVspoof2019_LA,LA_E_3201327,LA_E_3201327,0,9492c4a85ad91508b6da03c92c98c58aeaa02424,1007afb7b142bf5b0995f56d14416cf4d2734b499eb719609b0fbb9ae136b40f,476,h2_pre_score_pairs_v1,2609,"sha256(seed,dataset,label,sample_id)_within_dataset_label",4e76aef0a62d2eb6430168d20678474c5767fbe15279cf8f95c4153f37310e3a
ASVspoof2019_LA,LA_E_1089628,LA_E_1089628,0,9492c4a85ad91508b6da03c92c98c58aeaa02424,100881a9deabc2783a74f61410cf4a43a64154060019fc20ac53819fd0972544,477,h2_pre_score_pairs_v1,2609,"sha256(seed,dataset,label,sample_id)_within_dataset_label",4e76aef0a62d2eb6430168d20678474c5767fbe15279cf8f95c4153f37310e3a
ASVspoof2019_LA,LA_E_4743748,LA_E_4743748,0,9492c4a85ad91508b6da03c92c98c58aeaa02424,1026b91db1af6c19963d3714aca617def8862be9d6e71f8f21b91253d0897d2d,478,h2_pre_score_pairs_v1,2609,"sha256(seed,dataset,label,sample_id)_within_dataset_label",4e76aef0a62d2eb6430168d20678474c5767fbe15279cf8f95c4153f37310e3a
ASVspoof2019_LA,LA_E_5504343,LA_E_5504343,0,9492c4a85ad91508b6da03c92c98c58aeaa02424,102ab1930b7c87d4d8fdfae13e2eb541f178161fdcc2de536d68a17531c380fa,479,h2_pre_score_pairs_v1,2609,"sha256(seed,dataset,label,sample_id)_within_dataset_label",4e76aef0a62d2eb6430168d20678474c5767fbe15279cf8f95c4153f37310e3a
ASVspoof2019_LA,LA_E_9873134,LA_E_9873134,0,9492c4a85ad91508b6da03c92c98c58aeaa02424,10362ce4a748f550be6fd2c72b0b8f1f8a86bb5eda05f6112d971c49f69c9216,480,h2_pre_score_pairs_v1,2609,"sha256(seed,dataset,label,sample_id)_within_dataset_label",4e76aef0a62d2eb6430168d20678474c5767fbe15279cf8f95c4153f37310e3a
ASVspoof2019_LA,LA_E_7629534,LA_E_7629534,0,9492c4a85ad91508b6da03c92c98c58aeaa02424,1037127d53101438c175d74574677919155424787422918741642412cd856d95,481,h2_pre_score_pairs_v1,2609,"sha256(seed,dataset,label,sample_id)_within_dataset_label",4e76aef0a62d2eb6430168d20678474c5767fbe15279cf8f95c4153f37310e3a
ASVspoof2019_LA,LA_E_2224946,LA_E_2224946,0,9492c4a85ad91508b6da03c92c98c58aeaa02424,103e784be12324490483bcdcd6b2980130380b0bd71c53088f74bb7e7e7ebdd1,482,h2_pre_score_pairs_v1,2609,"sha256(seed,dataset,label,sample_id)_within_dataset_label",4e76aef0a62d2eb6430168d20678474c5767fbe15279cf8f95c4153f37310e3a
ASVspoof2019_LA,LA_E_5469240,LA_E_5469240,0,9492c4a85ad91508b6da03c92c98c58aeaa02424,10483d79776cf57c48065f0c608d5df4c5ddfe9f0eebb0a4a15427f864aa6b03,483,h2_pre_score_pairs_v1,2609,"sha256(seed,dataset,label,sample_id)_within_dataset_label",4e76aef0a62d2eb6430168d20678474c5767fbe15279cf8f95c4153f37310e3a
ASVspoof2019_LA,LA_E_2492310,LA_E_2492310,0,9492c4a85ad91508b6da03c92c98c58aeaa02424,104bac34bd156dd15986b60a4a3c1e4a85f44ea2638f78c7f83adedae9d31ea1,484,h2_pre_score_pairs_v1,2609,"sha256(seed,dataset,label,sample_id)_within_dataset_label",4e76aef0a62d2eb6430168d20678474c5767fbe15279cf8f95c4153f37310e3a
ASVspoof2019_LA,LA_E_9776915,LA_E_9776915,0,9492c4a85ad91508b6da03c92c98c58aeaa02424,105e65f9933c7521aeb90fbdeacf725890e069980382423c7897e5360b131fb3,485,h2_pre_score_pairs_v1,2609,"sha256(seed,dataset,label,sample_id)_within_dataset_label",4e76aef0a62d2eb6430168d20678474c5767fbe15279cf8f95c4153f37310e3a
ASVspoof2019_LA,LA_E_8819473,LA_E_8819473,0,9492c4a85ad91508b6da03c92c98c58aeaa02424,107804bebf4b1f8dae7ade92d6093552b8faf2e691b6dca6ae6bb71e3b1c1670,486,h2_pre_score_pairs_v1,2609,"sha256(seed,dataset,label,sample_id)_within_dataset_label",4e76aef0a62d2eb6430168d20678474c5767fbe15279cf8f95c4153f37310e3a
ASVspoof2019_LA,LA_E_9353452,LA_E_9353452,0,9492c4a85ad91508b6da03c92c98c58aeaa02424,108b64eab573638abe918e0884c52d73efa0d92df273a54963bd203f761e53a7,487,h2_pre_score_pairs_v1,2609,"sha256(seed,dataset,label,sample_id)_within_dataset_label",4e76aef0a62d2eb6430168d20678474c5767fbe15279cf8f95c4153f37310e3a
ASVspoof2019_LA,LA_E_7246435,LA_E_7246435,0,9492c4a85ad91508b6da03c92c98c58aeaa02424,109ae21c73be85d11ae5777493e01f5aa08bc6b97c37adb70074f3cd7783c230,488,h2_pre_score_pairs_v1,2609,"sha256(seed,dataset,label,sample_id)_within_dataset_label",4e76aef0a62d2eb6430168d20678474c5767fbe15279cf8f95c4153f37310e3a
ASVspoof2019_LA,LA_E_2394889,LA_E_2394889,0,9492c4a85ad91508b6da03c92c98c58aeaa02424,10b647aa6a39bcf9290bfa8859c9979370ab2e5c3583e9917cfb59ab60fb24f4,489,h2_pre_score_pairs_v1,2609,"sha256(seed,dataset,label,sample_id)_within_dataset_label",4e76aef0a62d2eb6430168d20678474c5767fbe15279cf8f95c4153f37310e3a
ASVspoof2019_LA,LA_E_6600788,LA_E_6600788,0,9492c4a85ad91508b6da03c92c98c58aeaa02424,10b7831a93c28dbb9b76933bd8edd6e5ba7dcae71c3e584824733814fe6aa052,490,h2_pre_score_pairs_v1,2609,"sha256(seed,dataset,label,sample_id)_within_dataset_label",4e76aef0a62d2eb6430168d20678474c5767fbe15279cf8f95c4153f37310e3a
ASVspoof2019_LA,LA_E_4921261,LA_E_4921261,0,9492c4a85ad91508b6da03c92c98c58aeaa02424,10b867825038344f26768eabc81a05882409e0812a47272efab30f8a694c9dc7,491,h2_pre_score_pairs_v1,2609,"sha256(seed,dataset,label,sample_id)_within_dataset_label",4e76aef0a62d2eb6430168d20678474c5767fbe15279cf8f95c4153f37310e3a
ASVspoof2019_LA,LA_E_7522372,LA_E_7522372,0,9492c4a85ad91508b6da03c92c98c58aeaa02424,10cc59ca192eaac31556a29daf11f16e5f577f68c036c79020df326a47d6416a,492,h2_pre_score_pairs_v1,2609,"sha256(seed,dataset,label,sample_id)_within_dataset_label",4e76aef0a62d2eb6430168d20678474c5767fbe15279cf8f95c4153f37310e3a
ASVspoof2019_LA,LA_E_2810656,LA_E_2810656,0,9492c4a85ad91508b6da03c92c98c58aeaa02424,10d3d141190605527557d8793670e6a5701c31e58d41a4d7a8c25f5fc5ccf276,493,h2_pre_score_pairs_v1,2609,"sha256(seed,dataset,label,sample_id)_within_dataset_label",4e76aef0a62d2eb6430168d20678474c5767fbe15279cf8f95c4153f37310e3a
ASVspoof2019_LA,LA_E_8923639,LA_E_8923639,0,9492c4a85ad91508b6da03c92c98c58aeaa02424,10d4015787b79de63248f5f8ea32dd37e9ac0c1bcf92815b9e2f0b3bacbaa21f,494,h2_pre_score_pairs_v1,2609,"sha256(seed,dataset,label,sample_id)_within_dataset_label",4e76aef0a62d2eb6430168d20678474c5767fbe15279cf8f95c4153f37310e3a
ASVspoof2019_LA,LA_E_5024945,LA_E_5024945,0,9492c4a85ad91508b6da03c92c98c58aeaa02424,10ec2b0698b47efc44fad7544aab9369109d4ee98b87f96147cdb7a6b2d3e1cb,495,h2_pre_score_pairs_v1,2609,"sha256(seed,dataset,label,sample_id)_within_dataset_label",4e76aef0a62d2eb6430168d20678474c5767fbe15279cf8f95c4153f37310e3a
ASVspoof2019_LA,LA_E_6245976,LA_E_6245976,0,9492c4a85ad91508b6da03c92c98c58aeaa02424,10f897cf65d9c77aab67373d90226321e39ff1c5a3bcc6fc46242df0b63c74be,496,h2_pre_score_pairs_v1,2609,"sha256(seed,dataset,label,sample_id)_within_dataset_label",4e76aef0a62d2eb6430168d20678474c5767fbe15279cf8f95c4153f37310e3a
ASVspoof2019_LA,LA_E_5681000,LA_E_5681000,0,9492c4a85ad91508b6da03c92c98c58aeaa02424,10fce936469e12421cbb6b88878dce4bb4f7ead5c312e9af7cbad49abae730d5,497,h2_pre_score_pairs_v1,2609,"sha256(seed,dataset,label,sample_id)_within_dataset_label",4e76aef0a62d2eb6430168d20678474c5767fbe15279cf8f95c4153f37310e3a
ASVspoof2019_LA,LA_E_1574894,LA_E_1574894,0,9492c4a85ad91508b6da03c92c98c58aeaa02424,111382d3a45238eed0443d350893a83ec92fe8934149e918bc77a83b5a7bef35,498,h2_pre_score_pairs_v1,2609,"sha256(seed,dataset,label,sample_id)_within_dataset_label",4e76aef0a62d2eb6430168d20678474c5767fbe15279cf8f95c4153f37310e3a
ASVspoof2019_LA,LA_E_4122086,LA_E_4122086,0,9492c4a85ad91508b6da03c92c98c58aeaa02424,111e35f1b8197b0caa6e0c32afa9398550a721e2e43704c11835307add27264d,499,h2_pre_score_pairs_v1,2609,"sha256(seed,dataset,label,sample_id)_within_dataset_label",4e76aef0a62d2eb6430168d20678474c5767fbe15279cf8f95c4153f37310e3a
ASVspoof2019_LA,LA_E_3111647,LA_E_3111647,0,9492c4a85ad91508b6da03c92c98c58aeaa02424,11221a4d447bb30ba273e4797efa37d4ca1da479285c7f860b54562515602dfd,500,h2_pre_score_pairs_v1,2609,"sha256(seed,dataset,label,sample_id)_within_dataset_label",4e76aef0a62d2eb6430168d20678474c5767fbe15279cf8f95c4153f37310e3a
ASVspoof2019_LA,LA_E_7780045,LA_E_7780045,1,9492c4a85ad91508b6da03c92c98c58aeaa02424,000084ce2be83bfe74b4ee39f28c865ffbc67c33171498609c941ec868f8ed4a,1,h2_pre_score_pairs_v1,2609,"sha256(seed,dataset,label,sample_id)_within_dataset_label",4e76aef0a62d2eb6430168d20678474c5767fbe15279cf8f95c4153f37310e3a
ASVspoof2019_LA,LA_E_8688127,LA_E_8688127,1,9492c4a85ad91508b6da03c92c98c58aeaa02424,0000e72f886c3dcd816608a043d92fed0bb1fa01868bd2c115d535783682299b,2,h2_pre_score_pairs_v1,2609,"sha256(seed,dataset,label,sample_id)_within_dataset_label",4e76aef0a62d2eb6430168d20678474c5767fbe15279cf8f95c4153f37310e3a
ASVspoof2019_LA,LA_E_1908974,LA_E_1908974,1,9492c4a85ad91508b6da03c92c98c58aeaa02424,00013b28d12e3b7e8e70be275810b688f055d5a7d50c752c9f11a32ced2db8ac,3,h2_pre_score_pairs_v1,2609,"sha256(seed,dataset,label,sample_id)_within_dataset_label",4e76aef0a62d2eb6430168d20678474c5767fbe15279cf8f95c4153f37310e3a
ASVspoof2019_LA,LA_E_8031846,LA_E_8031846,1,9492c4a85ad91508b6da03c92c98c58aeaa02424,00020b50fd1bf5e84f26f8f2e876a3f708418f3f7e3b47bba818a01deaa4d3ae,4,h2_pre_score_pairs_v1,2609,"sha256(seed,dataset,label,sample_id)_within_dataset_label",4e76aef0a62d2eb6430168d20678474c5767fbe15279cf8f95c4153f37310e3a
ASVspoof2019_LA,LA_E_1271753,LA_E_1271753,1,9492c4a85ad91508b6da03c92c98c58aeaa02424,00092478a76c9d8ca79168a158089be3d0bbe1a21ab47940c37ecd33524d4672,5,h2_pre_score_pairs_v1,2609,"sha256(seed,dataset,label,sample_id)_within_dataset_label",4e76aef0a62d2eb6430168d20678474c5767fbe15279cf8f95c4153f37310e3a
ASVspoof2019_LA,LA_E_2023503,LA_E_2023503,1,9492c4a85ad91508b6da03c92c98c58aeaa02424,000ad764e7dbbc361e682917242d372fd2fa4761680d7eeebd3bcd1d4128aa4d,6,h2_pre_score_pairs_v1,2609,"sha256(seed,dataset,label,sample_id)_within_dataset_label",4e76aef0a62d2eb6430168d20678474c5767fbe15279cf8f95c4153f37310e3a
ASVspoof2019_LA,LA_E_9310466,LA_E_9310466,1,9492c4a85ad91508b6da03c92c98c58aeaa02424,000b6b983420745e885a6e2b1a404ebf2b3e2bd0cbe37474f34ef93227048f82,7,h2_pre_score_pairs_v1,2609,"sha256(seed,dataset,label,sample_id)_within_dataset_label",4e76aef0a62d2eb6430168d20678474c5767fbe15279cf8f95c4153f37310e3a
ASVspoof2019_LA,LA_E_9557358,LA_E_9557358,1,9492c4a85ad91508b6da03c92c98c58aeaa02424,000b757e962b2b048f5a3845cc225236d6b90de10e0b3ce838e8d5d89d9716c7,8,h2_pre_score_pairs_v1,2609,"sha256(seed,dataset,label,sample_id)_within_dataset_label",4e76aef0a62d2eb6430168d20678474c5767fbe15279cf8f95c4153f37310e3a
ASVspoof2019_LA,LA_E_9563602,LA_E_9563602,1,9492c4a85ad91508b6da03c92c98c58aeaa02424,000bb7dccd970500977c61429da6f42d18a0308e4da4867f9310235dff18c33f,9,h2_pre_score_pairs_v1,2609,"sha256(seed,dataset,label,sample_id)_within_dataset_label",4e76aef0a62d2eb6430168d20678474c5767fbe15279cf8f95c4153f37310e3a
ASVspoof2019_LA,LA_E_7059509,LA_E_7059509,1,9492c4a85ad91508b6da03c92c98c58aeaa02424,000d4b6d7e8130b17070701739c85b0673b572c071c5e1555bb6c958f63db92c,10,h2_pre_score_pairs_v1,2609,"sha256(seed,dataset,label,sample_id)_within_dataset_label",4e76aef0a62d2eb6430168d20678474c5767fbe15279cf8f95c4153f37310e3a
ASVspoof2019_LA,LA_E_8572550,LA_E_8572550,1,9492c4a85ad91508b6da03c92c98c58aeaa02424,000d91668a7a36abe58993bb3f833704400e50e5369d86e801a6164720157673,11,h2_pre_score_pairs_v1,2609,"sha256(seed,dataset,label,sample_id)_within_dataset_label",4e76aef0a62d2eb6430168d20678474c5767fbe15279cf8f95c4153f37310e3a
ASVspoof2019_LA,LA_E_7421448,LA_E_7421448,1,9492c4a85ad91508b6da03c92c98c58aeaa02424,000e660fa770e37ebfb26b911bfdd34873f9289b7a307ecee681de617538cdd6,12,h2_pre_score_pairs_v1,2609,"sha256(seed,dataset,label,sample_id)_within_dataset_label",4e76aef0a62d2eb6430168d20678474c5767fbe15279cf8f95c4153f37310e3a
ASVspoof2019_LA,LA_E_8823805,LA_E_8823805,1,9492c4a85ad91508b6da03c92c98c58aeaa02424,000ea3bc2f074758eb64c7b33f25b44d2e6956dd7ee35ebf66755ee48ef57ef4,13,h2_pre_score_pairs_v1,2609,"sha256(seed,dataset,label,sample_id)_within_dataset_label",4e76aef0a62d2eb6430168d20678474c5767fbe15279cf8f95c4153f37310e3a
ASVspoof2019_LA,LA_E_6829219,LA_E_6829219,1,9492c4a85ad91508b6da03c92c98c58aeaa02424,000f1d768d4cdb1f5092ecbde93f0df379342accdc4b6b024369be4bfaa1360b,14,h2_pre_score_pairs_v1,2609,"sha256(seed,dataset,label,sample_id)_within_dataset_label",4e76aef0a62d2eb6430168d20678474c5767fbe15279cf8f95c4153f37310e3a
ASVspoof2019_LA,LA_E_9396342,LA_E_9396342,1,9492c4a85ad91508b6da03c92c98c58aeaa02424,0010ae9f5cd1f245d29599e3266a0a108982093e44f8b48af2d8ffa8fcefd8e7,15,h2_pre_score_pairs_v1,2609,"sha256(seed,dataset,label,sample_id)_within_dataset_label",4e76aef0a62d2eb6430168d20678474c5767fbe15279cf8f95c4153f37310e3a
ASVspoof2019_LA,LA_E_7735960,LA_E_7735960,1,9492c4a85ad91508b6da03c92c98c58aeaa02424,001236ff66a2b1fb25099d67163f5bb7def3c92ef3c402c1d41c58accfb1254b,16,h2_pre_score_pairs_v1,2609,"sha256(seed,dataset,label,sample_id)_within_dataset_label",4e76aef0a62d2eb6430168d20678474c5767fbe15279cf8f95c4153f37310e3a
ASVspoof2019_LA,LA_E_3038794,LA_E_3038794,1,9492c4a85ad91508b6da03c92c98c58aeaa02424,0013050057802674cdd5f8ba51e9f6f78740f5c30e710c05f9b3465836a5b30a,17,h2_pre_score_pairs_v1,2609,"sha256(seed,dataset,label,sample_id)_within_dataset_label",4e76aef0a62d2eb6430168d20678474c5767fbe15279cf8f95c4153f37310e3a
ASVspoof2019_LA,LA_E_4471060,LA_E_4471060,1,9492c4a85ad91508b6da03c92c98c58aeaa02424,0013d26c3a8a9c7bb769128694d554635cc66da8fb2f54fb24e2f6e18222b815,18,h2_pre_score_pairs_v1,2609,"sha256(seed,dataset,label,sample_id)_within_dataset_label",4e76aef0a62d2eb6430168d20678474c5767fbe15279cf8f95c4153f37310e3a
ASVspoof2019_LA,LA_E_8043978,LA_E_8043978,1,9492c4a85ad91508b6da03c92c98c58aeaa02424,00158193a646279d967073d964bb8cefd0df6b6f6a3da7cc65b301aae653d7fe,19,h2_pre_score_pairs_v1,2609,"sha256(seed,dataset,label,sample_id)_within_dataset_label",4e76aef0a62d2eb6430168d20678474c5767fbe15279cf8f95c4153f37310e3a
ASVspoof2019_LA,LA_E_2404691,LA_E_2404691,1,9492c4a85ad91508b6da03c92c98c58aeaa02424,001a3e3fbe9dcb051fa95a383450da8c0fb95c1883ca521d126d8b0ecf7fcdd0,20,h2_pre_score_pairs_v1,2609,"sha256(seed,dataset,label,sample_id)_within_dataset_label",4e76aef0a62d2eb6430168d20678474c5767fbe15279cf8f95c4153f37310e3a
ASVspoof2019_LA,LA_E_1781134,LA_E_1781134,1,9492c4a85ad91508b6da03c92c98c58aeaa02424,001b1f9f6ebc042ef9d5c55ab5a89d1b418116d52c2e9e0af0a4550304238983,21,h2_pre_score_pairs_v1,2609,"sha256(seed,dataset,label,sample_id)_within_dataset_label",4e76aef0a62d2eb6430168d20678474c5767fbe15279cf8f95c4153f37310e3a
ASVspoof2019_LA,LA_E_2461402,LA_E_2461402,1,9492c4a85ad91508b6da03c92c98c58aeaa02424,001b6d6aa8638379e3824330f4f0775c7e5819953ffed2ffc92067359e5b704a,22,h2_pre_score_pairs_v1,2609,"sha256(seed,dataset,label,sample_id)_within_dataset_label",4e76aef0a62d2eb6430168d20678474c5767fbe15279cf8f95c4153f37310e3a
ASVspoof2019_LA,LA_E_9655436,LA_E_9655436,1,9492c4a85ad91508b6da03c92c98c58aeaa02424,001baf92c5bc0524991a098857d2dfd15d17d4bcd0c6ffc685727485a0db9713,23,h2_pre_score_pairs_v1,2609,"sha256(seed,dataset,label,sample_id)_within_dataset_label",4e76aef0a62d2eb6430168d20678474c5767fbe15279cf8f95c4153f37310e3a
ASVspoof2019_LA,LA_E_9433614,LA_E_9433614,1,9492c4a85ad91508b6da03c92c98c58aeaa02424,001c19c76f32bb909058298f6890eaffd24b39abb26a54d9b40a79167f93d6e7,24,h2_pre_score_pairs_v1,2609,"sha256(seed,dataset,label,sample_id)_within_dataset_label",4e76aef0a62d2eb6430168d20678474c5767fbe15279cf8f95c4153f37310e3a
ASVspoof2019_LA,LA_E_7316604,LA_E_7316604,1,9492c4a85ad91508b6da03c92c98c58aeaa02424,001cad3a843e81f2d9e8bacd3c98ac91834115c30325ed224fc4b5a092284498,25,h2_pre_score_pairs_v1,2609,"sha256(seed,dataset,label,sample_id)_within_dataset_label",4e76aef0a62d2eb6430168d20678474c5767fbe15279cf8f95c4153f37310e3a
ASVspoof2019_LA,LA_E_7848530,LA_E_7848530,1,9492c4a85ad91508b6da03c92c98c58aeaa02424,001d816d79d3dd03ee73cc4b338552b961a4753549630eef9af4ffb560343c0c,26,h2_pre_score_pairs_v1,2609,"sha256(seed,dataset,label,sample_id)_within_dataset_label",4e76aef0a62d2eb6430168d20678474c5767fbe15279cf8f95c4153f37310e3a
ASVspoof2019_LA,LA_E_4532212,LA_E_4532212,1,9492c4a85ad91508b6da03c92c98c58aeaa02424,001d98ce519987a1f6b477fdf2847b7ce7644c349e665cdadd46c090636e64ad,27,h2_pre_score_pairs_v1,2609,"sha256(seed,dataset,label,sample_id)_within_dataset_label",4e76aef0a62d2eb6430168d20678474c5767fbe15279cf8f95c4153f37310e3a
ASVspoof2019_LA,LA_E_2498658,LA_E_2498658,1,9492c4a85ad91508b6da03c92c98c58aeaa02424,001e83f4fcb95504ae67bf31088b9b0ec42f7e1e2dd3c5436b178be0295996e9,28,h2_pre_score_pairs_v1,2609,"sha256(seed,dataset,label,sample_id)_within_dataset_label",4e76aef0a62d2eb6430168d20678474c5767fbe15279cf8f95c4153f37310e3a
ASVspoof2019_LA,LA_E_3285373,LA_E_3285373,1,9492c4a85ad91508b6da03c92c98c58aeaa02424,002292c3e09d17f029e5efdd78d75a9cc47061e706e899db6b6408ac6b11a23c,29,h2_pre_score_pairs_v1,2609,"sha256(seed,dataset,label,sample_id)_within_dataset_label",4e76aef0a62d2eb6430168d20678474c5767fbe15279cf8f95c4153f37310e3a
ASVspoof2019_LA,LA_E_5197244,LA_E_5197244,1,9492c4a85ad91508b6da03c92c98c58aeaa02424,0022f5386d9c7641b7bc7f6c347d6cdebd6f0554c144c1d50cfec4ff938fd475,30,h2_pre_score_pairs_v1,2609,"sha256(seed,dataset,label,sample_id)_within_dataset_label",4e76aef0a62d2eb6430168d20678474c5767fbe15279cf8f95c4153f37310e3a
ASVspoof2019_LA,LA_E_6434271,LA_E_6434271,1,9492c4a85ad91508b6da03c92c98c58aeaa02424,0023200666f294b5d9ecad88c1f8f1a839e6518e13d2ced8ca58094f67ae8b0b,31,h2_pre_score_pairs_v1,2609,"sha256(seed,dataset,label,sample_id)_within_dataset_label",4e76aef0a62d2eb6430168d20678474c5767fbe15279cf8f95c4153f37310e3a
ASVspoof2019_LA,LA_E_6367751,LA_E_6367751,1,9492c4a85ad91508b6da03c92c98c58aeaa02424,002322ab04a9eebb97a3d09a544dd7f909f06652373b17dbbc6d0aaa8d5201b5,32,h2_pre_score_pairs_v1,2609,"sha256(seed,dataset,label,sample_id)_within_dataset_label",4e76aef0a62d2eb6430168d20678474c5767fbe15279cf8f95c4153f37310e3a
ASVspoof2019_LA,LA_E_9427311,LA_E_9427311,1,9492c4a85ad91508b6da03c92c98c58aeaa02424,0024716e28c60f04db9a9fd7e1b71d1aa61304725b6f69b8ad044752c1a75b25,33,h2_pre_score_pairs_v1,2609,"sha256(seed,dataset,label,sample_id)_within_dataset_label",4e76aef0a62d2eb6430168d20678474c5767fbe15279cf8f95c4153f37310e3a
ASVspoof2019_LA,LA_E_9744564,LA_E_9744564,1,9492c4a85ad91508b6da03c92c98c58aeaa02424,0025e19909956b809be291ca61119b07bc75a16cd8f2a3b33d3e3faecf2fdae9,34,h2_pre_score_pairs_v1,2609,"sha256(seed,dataset,label,sample_id)_within_dataset_label",4e76aef0a62d2eb6430168d20678474c5767fbe15279cf8f95c4153f37310e3a
ASVspoof2019_LA,LA_E_3132064,LA_E_3132064,1,9492c4a85ad91508b6da03c92c98c58aeaa02424,0027827a6e06f80799e43baab23cce4f27ceb7099c9d268451646fb4481d8a64,35,h2_pre_score_pairs_v1,2609,"sha256(seed,dataset,label,sample_id)_within_dataset_label",4e76aef0a62d2eb6430168d20678474c5767fbe15279cf8f95c4153f37310e3a
ASVspoof2019_LA,LA_E_4489920,LA_E_4489920,1,9492c4a85ad91508b6da03c92c98c58aeaa02424,002923bbc60fbb52cd3cbfb06ac2efbc381519a972d947b16ed58a97f7aa220b,36,h2_pre_score_pairs_v1,2609,"sha256(seed,dataset,label,sample_id)_within_dataset_label",4e76aef0a62d2eb6430168d20678474c5767fbe15279cf8f95c4153f37310e3a
ASVspoof2019_LA,LA_E_9902953,LA_E_9902953,1,9492c4a85ad91508b6da03c92c98c58aeaa02424,0029414e776159afcaa373091cb00dcb08a35a00ff15115a3369799a3cd5b5f9,37,h2_pre_score_pairs_v1,2609,"sha256(seed,dataset,label,sample_id)_within_dataset_label",4e76aef0a62d2eb6430168d20678474c5767fbe15279cf8f95c4153f37310e3a
ASVspoof2019_LA,LA_E_7723368,LA_E_7723368,1,9492c4a85ad91508b6da03c92c98c58aeaa02424,002baba12a715a1b89ac7c7ec3f87f91d45418ae5a57faee174fa13d72be1c3d,38,h2_pre_score_pairs_v1,2609,"sha256(seed,dataset,label,sample_id)_within_dataset_label",4e76aef0a62d2eb6430168d20678474c5767fbe15279cf8f95c4153f37310e3a
ASVspoof2019_LA,LA_E_7160916,LA_E_7160916,1,9492c4a85ad91508b6da03c92c98c58aeaa02424,002bc4ced6a9fea570c96fbd07f4778f9d832dd4aedfcf77d84c241ba8100923,39,h2_pre_score_pairs_v1,2609,"sha256(seed,dataset,label,sample_id)_within_dataset_label",4e76aef0a62d2eb6430168d20678474c5767fbe15279cf8f95c4153f37310e3a
ASVspoof2019_LA,LA_E_1628649,LA_E_1628649,1,9492c4a85ad91508b6da03c92c98c58aeaa02424,002c32386b996f8c2effea5ce358cef5c25b8ca078abc9199f71f266cff40756,40,h2_pre_score_pairs_v1,2609,"sha256(seed,dataset,label,sample_id)_within_dataset_label",4e76aef0a62d2eb6430168d20678474c5767fbe15279cf8f95c4153f37310e3a
ASVspoof2019_LA,LA_E_7866939,LA_E_7866939,1,9492c4a85ad91508b6da03c92c98c58aeaa02424,00319d5821f0c1e963db2a5cef4f2dff1fe13a86def49bdece23c23294bd116a,41,h2_pre_score_pairs_v1,2609,"sha256(seed,dataset,label,sample_id)_within_dataset_label",4e76aef0a62d2eb6430168d20678474c5767fbe15279cf8f95c4153f37310e3a
ASVspoof2019_LA,LA_E_6579369,LA_E_6579369,1,9492c4a85ad91508b6da03c92c98c58aeaa02424,00326bcf53f00533fe6a0f9eaf1efe17d852997b4c6d2448f4cdaa4243ccf64d,42,h2_pre_score_pairs_v1,2609,"sha256(seed,dataset,label,sample_id)_within_dataset_label",4e76aef0a62d2eb6430168d20678474c5767fbe15279cf8f95c4153f37310e3a
ASVspoof2019_LA,LA_E_7655921,LA_E_7655921,1,9492c4a85ad91508b6da03c92c98c58aeaa02424,0032984998848a24a7ed613af028b5f7a2cd41f6aa100e656b5f765237f4d20f,43,h2_pre_score_pairs_v1,2609,"sha256(seed,dataset,label,sample_id)_within_dataset_label",4e76aef0a62d2eb6430168d20678474c5767fbe15279cf8f95c4153f37310e3a
ASVspoof2019_LA,LA_E_6947768,LA_E_6947768,1,9492c4a85ad91508b6da03c92c98c58aeaa02424,00337e170b80a49254aa50d14db5843c0eb7dc6e1fb58b887fc2ef8d40818f81,44,h2_pre_score_pairs_v1,2609,"sha256(seed,dataset,label,sample_id)_within_dataset_label",4e76aef0a62d2eb6430168d20678474c5767fbe15279cf8f95c4153f37310e3a
ASVspoof2019_LA,LA_E_7829129,LA_E_7829129,1,9492c4a85ad91508b6da03c92c98c58aeaa02424,00338e9ae20ec445598e35f0e26c24417ca6a6a04bfd452647dde6ff3d4c1a6f,45,h2_pre_score_pairs_v1,2609,"sha256(seed,dataset,label,sample_id)_within_dataset_label",4e76aef0a62d2eb6430168d20678474c5767fbe15279cf8f95c4153f37310e3a
ASVspoof2019_LA,LA_E_1740245,LA_E_1740245,1,9492c4a85ad91508b6da03c92c98c58aeaa02424,003627d3c54c3aa24bae589616f0489101e22e52bf71b07456d1b41ee548f4ca,46,h2_pre_score_pairs_v1,2609,"sha256(seed,dataset,label,sample_id)_within_dataset_label",4e76aef0a62d2eb6430168d20678474c5767fbe15279cf8f95c4153f37310e3a
ASVspoof2019_LA,LA_E_2944654,LA_E_2944654,1,9492c4a85ad91508b6da03c92c98c58aeaa02424,00364691ff43a9dfe2540a1b0898c5617baef04fea1508d8186dd9cb24c6f6c7,47,h2_pre_score_pairs_v1,2609,"sha256(seed,dataset,label,sample_id)_within_dataset_label",4e76aef0a62d2eb6430168d20678474c5767fbe15279cf8f95c4153f37310e3a
ASVspoof2019_LA,LA_E_7642638,LA_E_7642638,1,9492c4a85ad91508b6da03c92c98c58aeaa02424,0036ff4736dc3629da6579ae7582b451f8d03256072eea63805cc6d0785b34fc,48,h2_pre_score_pairs_v1,2609,"sha256(seed,dataset,label,sample_id)_within_dataset_label",4e76aef0a62d2eb6430168d20678474c5767fbe15279cf8f95c4153f37310e3a
ASVspoof2019_LA,LA_E_8033862,LA_E_8033862,1,9492c4a85ad91508b6da03c92c98c58aeaa02424,00375c302b5375bf24b5c7f178c8c74849bbf5a345365f6a76bae09b29bb9a20,49,h2_pre_score_pairs_v1,2609,"sha256(seed,dataset,label,sample_id)_within_dataset_label",4e76aef0a62d2eb6430168d20678474c5767fbe15279cf8f95c4153f37310e3a
ASVspoof2019_LA,LA_E_6873146,LA_E_6873146,1,9492c4a85ad91508b6da03c92c98c58aeaa02424,003890501c28051050b168a73ef2d7a6cd73ad926d1356fbcb21b07fb89e51fa,50,h2_pre_score_pairs_v1,2609,"sha256(seed,dataset,label,sample_id)_within_dataset_label",4e76aef0a62d2eb6430168d20678474c5767fbe15279cf8f95c4153f37310e3a
ASVspoof2019_LA,LA_E_2569165,LA_E_2569165,1,9492c4a85ad91508b6da03c92c98c58aeaa02424,0039b5d9bf89c22333d8f36619770829deda6d16a00ac54aa0011a0c15e7ca76,51,h2_pre_score_pairs_v1,2609,"sha256(seed,dataset,label,sample_id)_within_dataset_label",4e76aef0a62d2eb6430168d20678474c5767fbe15279cf8f95c4153f37310e3a
ASVspoof2019_LA,LA_E_1887395,LA_E_1887395,1,9492c4a85ad91508b6da03c92c98c58aeaa02424,0039fdb75d048cde334f022ca28929acf3140093b94a2f72262a9fdf4ee829e5,52,h2_pre_score_pairs_v1,2609,"sha256(seed,dataset,label,sample_id)_within_dataset_label",4e76aef0a62d2eb6430168d20678474c5767fbe15279cf8f95c4153f37310e3a
ASVspoof2019_LA,LA_E_6096530,LA_E_6096530,1,9492c4a85ad91508b6da03c92c98c58aeaa02424,003a4fc89f4f65eb53162714340f9de4944f0f2631dd3ca50fa5cfa51ffe4bab,53,h2_pre_score_pairs_v1,2609,"sha256(seed,dataset,label,sample_id)_within_dataset_label",4e76aef0a62d2eb6430168d20678474c5767fbe15279cf8f95c4153f37310e3a
ASVspoof2019_LA,LA_E_4271320,LA_E_4271320,1,9492c4a85ad91508b6da03c92c98c58aeaa02424,003afc5e85d1cdfd17781fc1d4f9fa4a5a793987f6273ac314a0ba9cf604cdf1,54,h2_pre_score_pairs_v1,2609,"sha256(seed,dataset,label,sample_id)_within_dataset_label",4e76aef0a62d2eb6430168d20678474c5767fbe15279cf8f95c4153f37310e3a
ASVspoof2019_LA,LA_E_1070406,LA_E_1070406,1,9492c4a85ad91508b6da03c92c98c58aeaa02424,003b3b17fd76e5b12a3a2d0dcacbcded07a528b4c5e0b052b6278cd74bbee1b1,55,h2_pre_score_pairs_v1,2609,"sha256(seed,dataset,label,sample_id)_within_dataset_label",4e76aef0a62d2eb6430168d20678474c5767fbe15279cf8f95c4153f37310e3a
ASVspoof2019_LA,LA_E_8214758,LA_E_8214758,1,9492c4a85ad91508b6da03c92c98c58aeaa02424,003b79f8b0120e8d93565a53bdfc5f4c115e3a36596e4d41aec8bfdedfcd2fa0,56,h2_pre_score_pairs_v1,2609,"sha256(seed,dataset,label,sample_id)_within_dataset_label",4e76aef0a62d2eb6430168d20678474c5767fbe15279cf8f95c4153f37310e3a
ASVspoof2019_LA,LA_E_5115695,LA_E_5115695,1,9492c4a85ad91508b6da03c92c98c58aeaa02424,003ca4ccc2e1b07840703b6b7816d01d2397453c66a8ab27dad8bdf3ddc417c4,57,h2_pre_score_pairs_v1,2609,"sha256(seed,dataset,label,sample_id)_within_dataset_label",4e76aef0a62d2eb6430168d20678474c5767fbe15279cf8f95c4153f37310e3a
ASVspoof2019_LA,LA_E_8664240,LA_E_8664240,1,9492c4a85ad91508b6da03c92c98c58aeaa02424,003f31113d32fa418fd98b09a598fe66edc1bb72840bdc3a89887ab694ba1759,58,h2_pre_score_pairs_v1,2609,"sha256(seed,dataset,label,sample_id)_within_dataset_label",4e76aef0a62d2eb6430168d20678474c5767fbe15279cf8f95c4153f37310e3a
ASVspoof2019_LA,LA_E_8495716,LA_E_8495716,1,9492c4a85ad91508b6da03c92c98c58aeaa02424,0040ab177dc9890a52c234780a573920c4716c61d332447afa768f145753e29e,59,h2_pre_score_pairs_v1,2609,"sha256(seed,dataset,label,sample_id)_within_dataset_label",4e76aef0a62d2eb6430168d20678474c5767fbe15279cf8f95c4153f37310e3a
ASVspoof2019_LA,LA_E_9116583,LA_E_9116583,1,9492c4a85ad91508b6da03c92c98c58aeaa02424,0040adff6e8c6068d01a8d0130523ce4ae9ffad909583ce426bf6593aca7e805,60,h2_pre_score_pairs_v1,2609,"sha256(seed,dataset,label,sample_id)_within_dataset_label",4e76aef0a62d2eb6430168d20678474c5767fbe15279cf8f95c4153f37310e3a
ASVspoof2019_LA,LA_E_2828512,LA_E_2828512,1,9492c4a85ad91508b6da03c92c98c58aeaa02424,0044289aa503a7e66c24d29a247ddf8e2d7be6d92a03aa4327e87f0aaca711de,61,h2_pre_score_pairs_v1,2609,"sha256(seed,dataset,label,sample_id)_within_dataset_label",4e76aef0a62d2eb6430168d20678474c5767fbe15279cf8f95c4153f37310e3a
ASVspoof2019_LA,LA_E_9610041,LA_E_9610041,1,9492c4a85ad91508b6da03c92c98c58aeaa02424,0044b50ca655133470e713898a0f1f90f2e8723f82703406c974c808b7c74376,62,h2_pre_score_pairs_v1,2609,"sha256(seed,dataset,label,sample_id)_within_dataset_label",4e76aef0a62d2eb6430168d20678474c5767fbe15279cf8f95c4153f37310e3a
ASVspoof2019_LA,LA_E_1879368,LA_E_1879368,1,9492c4a85ad91508b6da03c92c98c58aeaa02424,0047ef97f7acf605a32a7a577e2ab04ecf9c360ed6079edf32ca39d430b6dd6f,63,h2_pre_score_pairs_v1,2609,"sha256(seed,dataset,label,sample_id)_within_dataset_label",4e76aef0a62d2eb6430168d20678474c5767fbe15279cf8f95c4153f37310e3a
ASVspoof2019_LA,LA_E_6759167,LA_E_6759167,1,9492c4a85ad91508b6da03c92c98c58aeaa02424,004a9860da4da6cb6460bce3dd23f4fd7f525390b8f104f8fde0c8803ed86f15,64,h2_pre_score_pairs_v1,2609,"sha256(seed,dataset,label,sample_id)_within_dataset_label",4e76aef0a62d2eb6430168d20678474c5767fbe15279cf8f95c4153f37310e3a
ASVspoof2019_LA,LA_E_2983565,LA_E_2983565,1,9492c4a85ad91508b6da03c92c98c58aeaa02424,004a999beb7c85bd3f761a7859139ac8dcc97c84f5dc83335367da44b3affd68,65,h2_pre_score_pairs_v1,2609,"sha256(seed,dataset,label,sample_id)_within_dataset_label",4e76aef0a62d2eb6430168d20678474c5767fbe15279cf8f95c4153f37310e3a
ASVspoof2019_LA,LA_E_5186954,LA_E_5186954,1,9492c4a85ad91508b6da03c92c98c58aeaa02424,004bf6c0a62301a80bfd7112c88ab89d075f4fb21a97643fe2afb250ed97f279,66,h2_pre_score_pairs_v1,2609,"sha256(seed,dataset,label,sample_id)_within_dataset_label",4e76aef0a62d2eb6430168d20678474c5767fbe15279cf8f95c4153f37310e3a
ASVspoof2019_LA,LA_E_2410852,LA_E_2410852,1,9492c4a85ad91508b6da03c92c98c58aeaa02424,004c79e131fca10b49182267992ef512adaa569ab08131188561c526e2d41ca5,67,h2_pre_score_pairs_v1,2609,"sha256(seed,dataset,label,sample_id)_within_dataset_label",4e76aef0a62d2eb6430168d20678474c5767fbe15279cf8f95c4153f37310e3a
ASVspoof2019_LA,LA_E_8114839,LA_E_8114839,1,9492c4a85ad91508b6da03c92c98c58aeaa02424,004c9112c8c091a6909c2b5ec1143371ed406e00c65e2930d61a20ba4bdb2628,68,h2_pre_score_pairs_v1,2609,"sha256(seed,dataset,label,sample_id)_within_dataset_label",4e76aef0a62d2eb6430168d20678474c5767fbe15279cf8f95c4153f37310e3a
ASVspoof2019_LA,LA_E_4993819,LA_E_4993819,1,9492c4a85ad91508b6da03c92c98c58aeaa02424,004d1546ccbdc9c748d68e0e01b44190029f142b681c15137cd582490a621d67,69,h2_pre_score_pairs_v1,2609,"sha256(seed,dataset,label,sample_id)_within_dataset_label",4e76aef0a62d2eb6430168d20678474c5767fbe15279cf8f95c4153f37310e3a
ASVspoof2019_LA,LA_E_2004462,LA_E_2004462,1,9492c4a85ad91508b6da03c92c98c58aeaa02424,004d35ca93329a9aae487bd8c217ce563315d8957714ef281745c066387ede74,70,h2_pre_score_pairs_v1,2609,"sha256(seed,dataset,label,sample_id)_within_dataset_label",4e76aef0a62d2eb6430168d20678474c5767fbe15279cf8f95c4153f37310e3a
ASVspoof2019_LA,LA_E_8662832,LA_E_8662832,1,9492c4a85ad91508b6da03c92c98c58aeaa02424,004d6b002df2ff4f824fd181b796b15c37780ead7eed72b9ef6ffefeaa254daf,71,h2_pre_score_pairs_v1,2609,"sha256(seed,dataset,label,sample_id)_within_dataset_label",4e76aef0a62d2eb6430168d20678474c5767fbe15279cf8f95c4153f37310e3a
ASVspoof2019_LA,LA_E_9879814,LA_E_9879814,1,9492c4a85ad91508b6da03c92c98c58aeaa02424,004e2f328aacae1c5f9c627b280af6880d913550e65251a749e5e006123483e7,72,h2_pre_score_pairs_v1,2609,"sha256(seed,dataset,label,sample_id)_within_dataset_label",4e76aef0a62d2eb6430168d20678474c5767fbe15279cf8f95c4153f37310e3a
ASVspoof2019_LA,LA_E_5465657,LA_E_5465657,1,9492c4a85ad91508b6da03c92c98c58aeaa02424,005374e1ad30a23a5b072ed06058a19d7479ade326f6dc8e62ae4bad9362259e,73,h2_pre_score_pairs_v1,2609,"sha256(seed,dataset,label,sample_id)_within_dataset_label",4e76aef0a62d2eb6430168d20678474c5767fbe15279cf8f95c4153f37310e3a
ASVspoof2019_LA,LA_E_4978230,LA_E_4978230,1,9492c4a85ad91508b6da03c92c98c58aeaa02424,0054f7afe1769f82b187feaeeee5fae6a316674885e6b703e987d8a711e5ee47,74,h2_pre_score_pairs_v1,2609,"sha256(seed,dataset,label,sample_id)_within_dataset_label",4e76aef0a62d2eb6430168d20678474c5767fbe15279cf8f95c4153f37310e3a
ASVspoof2019_LA,LA_E_4978945,LA_E_4978945,1,9492c4a85ad91508b6da03c92c98c58aeaa02424,0056ff135535b70c37101f29607da1f33c4b1911be32f7f6756abf658e903a6d,75,h2_pre_score_pairs_v1,2609,"sha256(seed,dataset,label,sample_id)_within_dataset_label",4e76aef0a62d2eb6430168d20678474c5767fbe15279cf8f95c4153f37310e3a
ASVspoof2019_LA,LA_E_6230207,LA_E_6230207,1,9492c4a85ad91508b6da03c92c98c58aeaa02424,005710be31de67ac53cb012c70a6091cde5297cf2d0088b5117739f0ef4a286f,76,h2_pre_score_pairs_v1,2609,"sha256(seed,dataset,label,sample_id)_within_dataset_label",4e76aef0a62d2eb6430168d20678474c5767fbe15279cf8f95c4153f37310e3a
ASVspoof2019_LA,LA_E_1338499,LA_E_1338499,1,9492c4a85ad91508b6da03c92c98c58aeaa02424,0057ae25260f495800676af866651e89223cd88a4e98cc6804f630feea95e174,77,h2_pre_score_pairs_v1,2609,"sha256(seed,dataset,label,sample_id)_within_dataset_label",4e76aef0a62d2eb6430168d20678474c5767fbe15279cf8f95c4153f37310e3a
ASVspoof2019_LA,LA_E_4006450,LA_E_4006450,1,9492c4a85ad91508b6da03c92c98c58aeaa02424,005aad3fbb50bcb9fb7c66bbce66320873eb953658f782511c050440a532fda2,78,h2_pre_score_pairs_v1,2609,"sha256(seed,dataset,label,sample_id)_within_dataset_label",4e76aef0a62d2eb6430168d20678474c5767fbe15279cf8f95c4153f37310e3a
ASVspoof2019_LA,LA_E_4466468,LA_E_4466468,1,9492c4a85ad91508b6da03c92c98c58aeaa02424,005b0201155c538987738dc0b30dc52712e168120f005ddce12f436d561598d5,79,h2_pre_score_pairs_v1,2609,"sha256(seed,dataset,label,sample_id)_within_dataset_label",4e76aef0a62d2eb6430168d20678474c5767fbe15279cf8f95c4153f37310e3a
ASVspoof2019_LA,LA_E_4551099,LA_E_4551099,1,9492c4a85ad91508b6da03c92c98c58aeaa02424,005b35d91f8694a540693180af470b44fb38ce2a09213ffb5c3c0e6c9d3e0ffa,80,h2_pre_score_pairs_v1,2609,"sha256(seed,dataset,label,sample_id)_within_dataset_label",4e76aef0a62d2eb6430168d20678474c5767fbe15279cf8f95c4153f37310e3a
ASVspoof2019_LA,LA_E_7135931,LA_E_7135931,1,9492c4a85ad91508b6da03c92c98c58aeaa02424,005e04bade5085eee987d41ae88a4f71e41f280aa553142080fc4b0cba6cb869,81,h2_pre_score_pairs_v1,2609,"sha256(seed,dataset,label,sample_id)_within_dataset_label",4e76aef0a62d2eb6430168d20678474c5767fbe15279cf8f95c4153f37310e3a
ASVspoof2019_LA,LA_E_3001883,LA_E_3001883,1,9492c4a85ad91508b6da03c92c98c58aeaa02424,005e1585478f7c5666fb13bf394a6477a9041da90b0d7a5adb84f9dfd0085462,82,h2_pre_score_pairs_v1,2609,"sha256(seed,dataset,label,sample_id)_within_dataset_label",4e76aef0a62d2eb6430168d20678474c5767fbe15279cf8f95c4153f37310e3a
ASVspoof2019_LA,LA_E_6816952,LA_E_6816952,1,9492c4a85ad91508b6da03c92c98c58aeaa02424,005f1ef79677173c724e66ab57a90045697643fd1a14c6b60d55862033a9640a,83,h2_pre_score_pairs_v1,2609,"sha256(seed,dataset,label,sample_id)_within_dataset_label",4e76aef0a62d2eb6430168d20678474c5767fbe15279cf8f95c4153f37310e3a
ASVspoof2019_LA,LA_E_8586399,LA_E_8586399,1,9492c4a85ad91508b6da03c92c98c58aeaa02424,005fc99ef4bd9383b08174f44063df115ce181833d3aaa9738fdb438d51f273d,84,h2_pre_score_pairs_v1,2609,"sha256(seed,dataset,label,sample_id)_within_dataset_label",4e76aef0a62d2eb6430168d20678474c5767fbe15279cf8f95c4153f37310e3a
ASVspoof2019_LA,LA_E_2379049,LA_E_2379049,1,9492c4a85ad91508b6da03c92c98c58aeaa02424,00615ed55096efa819c2c686a8dbba80b736d8eaf653d4d871e53b6c4ad9ffe1,85,h2_pre_score_pairs_v1,2609,"sha256(seed,dataset,label,sample_id)_within_dataset_label",4e76aef0a62d2eb6430168d20678474c5767fbe15279cf8f95c4153f37310e3a
ASVspoof2019_LA,LA_E_8414195,LA_E_8414195,1,9492c4a85ad91508b6da03c92c98c58aeaa02424,00623a9f5507afa64dc62a42dd75a5bed9221fa92d73c7a60d0e84fd106c7c4c,86,h2_pre_score_pairs_v1,2609,"sha256(seed,dataset,label,sample_id)_within_dataset_label",4e76aef0a62d2eb6430168d20678474c5767fbe15279cf8f95c4153f37310e3a
ASVspoof2019_LA,LA_E_2862532,LA_E_2862532,1,9492c4a85ad91508b6da03c92c98c58aeaa02424,0063ce94b5c5702ca2927e5cfd2705030d20b1e6c9b16f3afc787f987c28bed0,87,h2_pre_score_pairs_v1,2609,"sha256(seed,dataset,label,sample_id)_within_dataset_label",4e76aef0a62d2eb6430168d20678474c5767fbe15279cf8f95c4153f37310e3a
ASVspoof2019_LA,LA_E_2940521,LA_E_2940521,1,9492c4a85ad91508b6da03c92c98c58aeaa02424,0064941e1d49d74656ff3d1729781f6fb5b35997b85c3b703c10d65fbd7b894b,88,h2_pre_score_pairs_v1,2609,"sha256(seed,dataset,label,sample_id)_within_dataset_label",4e76aef0a62d2eb6430168d20678474c5767fbe15279cf8f95c4153f37310e3a
ASVspoof2019_LA,LA_E_6085626,LA_E_6085626,1,9492c4a85ad91508b6da03c92c98c58aeaa02424,0064c0d0165bfc94dca1ff33ade8dc1c4584310868b235d588bf25c4eb345892,89,h2_pre_score_pairs_v1,2609,"sha256(seed,dataset,label,sample_id)_within_dataset_label",4e76aef0a62d2eb6430168d20678474c5767fbe15279cf8f95c4153f37310e3a
ASVspoof2019_LA,LA_E_2169641,LA_E_2169641,1,9492c4a85ad91508b6da03c92c98c58aeaa02424,006692a96b82a4f182b7b85ea1a42a19fde93fac74e4e94393ac46474f5ffe75,90,h2_pre_score_pairs_v1,2609,"sha256(seed,dataset,label,sample_id)_within_dataset_label",4e76aef0a62d2eb6430168d20678474c5767fbe15279cf8f95c4153f37310e3a
ASVspoof2019_LA,LA_E_1350146,LA_E_1350146,1,9492c4a85ad91508b6da03c92c98c58aeaa02424,006b4dd634f0d99c2c3a8898ac77d6883acce669831bba5fa3413a6569c7c99e,91,h2_pre_score_pairs_v1,2609,"sha256(seed,dataset,label,sample_id)_within_dataset_label",4e76aef0a62d2eb6430168d20678474c5767fbe15279cf8f95c4153f37310e3a
ASVspoof2019_LA,LA_E_8086478,LA_E_8086478,1,9492c4a85ad91508b6da03c92c98c58aeaa02424,006c0d1ea229e3d9b43e888af13fa44bd78e933a3f74a56525ba3bedb942e798,92,h2_pre_score_pairs_v1,2609,"sha256(seed,dataset,label,sample_id)_within_dataset_label",4e76aef0a62d2eb6430168d20678474c5767fbe15279cf8f95c4153f37310e3a
ASVspoof2019_LA,LA_E_7567877,LA_E_7567877,1,9492c4a85ad91508b6da03c92c98c58aeaa02424,006c2ccd5da3b7ef4925459a5cf02bad55b225d4365676567412ac76cb929dc7,93,h2_pre_score_pairs_v1,2609,"sha256(seed,dataset,label,sample_id)_within_dataset_label",4e76aef0a62d2eb6430168d20678474c5767fbe15279cf8f95c4153f37310e3a
ASVspoof2019_LA,LA_E_5786656,LA_E_5786656,1,9492c4a85ad91508b6da03c92c98c58aeaa02424,006c4c66a45846b157d5a3c4be5cb21c8f526ad99f43a39b23d9732b8e47c0dc,94,h2_pre_score_pairs_v1,2609,"sha256(seed,dataset,label,sample_id)_within_dataset_label",4e76aef0a62d2eb6430168d20678474c5767fbe15279cf8f95c4153f37310e3a
ASVspoof2019_LA,LA_E_4632914,LA_E_4632914,1,9492c4a85ad91508b6da03c92c98c58aeaa02424,006cbfbea3f7fbb70353ed7317d962b2042ae397193c9a45373b5ee271a9ae80,95,h2_pre_score_pairs_v1,2609,"sha256(seed,dataset,label,sample_id)_within_dataset_label",4e76aef0a62d2eb6430168d20678474c5767fbe15279cf8f95c4153f37310e3a
ASVspoof2019_LA,LA_E_2144263,LA_E_2144263,1,9492c4a85ad91508b6da03c92c98c58aeaa02424,006d375c0b6cff57689825983712bbbda4d237c6d6d944e25b8484991ee92654,96,h2_pre_score_pairs_v1,2609,"sha256(seed,dataset,label,sample_id)_within_dataset_label",4e76aef0a62d2eb6430168d20678474c5767fbe15279cf8f95c4153f37310e3a
ASVspoof2019_LA,LA_E_8781188,LA_E_8781188,1,9492c4a85ad91508b6da03c92c98c58aeaa02424,006e056921f6300f2999c019a9dc8357ea82dc4a76aa6a6cd9505f3873e1b431,97,h2_pre_score_pairs_v1,2609,"sha256(seed,dataset,label,sample_id)_within_dataset_label",4e76aef0a62d2eb6430168d20678474c5767fbe15279cf8f95c4153f37310e3a
ASVspoof2019_LA,LA_E_3951877,LA_E_3951877,1,9492c4a85ad91508b6da03c92c98c58aeaa02424,006e3b8a20cc022d31223a7ec0b09e9c73f0cc4d2279ce041b93ca422bee0a3e,98,h2_pre_score_pairs_v1,2609,"sha256(seed,dataset,label,sample_id)_within_dataset_label",4e76aef0a62d2eb6430168d20678474c5767fbe15279cf8f95c4153f37310e3a
ASVspoof2019_LA,LA_E_6076258,LA_E_6076258,1,9492c4a85ad91508b6da03c92c98c58aeaa02424,006ef8a540105d10be96442cb4422667824b922893167ec1c2556f653432a111,99,h2_pre_score_pairs_v1,2609,"sha256(seed,dataset,label,sample_id)_within_dataset_label",4e76aef0a62d2eb6430168d20678474c5767fbe15279cf8f95c4153f37310e3a
ASVspoof2019_LA,LA_E_9696680,LA_E_9696680,1,9492c4a85ad91508b6da03c92c98c58aeaa02424,006f744c905cd5aa66e10e1fc32e682f7c5f8b93f32148344687cf724e5f4bd4,100,h2_pre_score_pairs_v1,2609,"sha256(seed,dataset,label,sample_id)_within_dataset_label",4e76aef0a62d2eb6430168d20678474c5767fbe15279cf8f95c4153f37310e3a
ASVspoof2019_LA,LA_E_7062469,LA_E_7062469,1,9492c4a85ad91508b6da03c92c98c58aeaa02424,0072f1463e8c092bd48eae467aed1224a8e3714685c4d3bb9c92ad92e71872eb,101,h2_pre_score_pairs_v1,2609,"sha256(seed,dataset,label,sample_id)_within_dataset_label",4e76aef0a62d2eb6430168d20678474c5767fbe15279cf8f95c4153f37310e3a
ASVspoof2019_LA,LA_E_8909993,LA_E_8909993,1,9492c4a85ad91508b6da03c92c98c58aeaa02424,0074a4bff183e6ba1186683750f37d40ab4a7f3483a412ce1c7b20e40eed361b,102,h2_pre_score_pairs_v1,2609,"sha256(seed,dataset,label,sample_id)_within_dataset_label",4e76aef0a62d2eb6430168d20678474c5767fbe15279cf8f95c4153f37310e3a
ASVspoof2019_LA,LA_E_3081699,LA_E_3081699,1,9492c4a85ad91508b6da03c92c98c58aeaa02424,0079b22fb9d1e82253d88818803d2f8c65d2d017e52e033cc6b131ce49f10b7e,103,h2_pre_score_pairs_v1,2609,"sha256(seed,dataset,label,sample_id)_within_dataset_label",4e76aef0a62d2eb6430168d20678474c5767fbe15279cf8f95c4153f37310e3a
ASVspoof2019_LA,LA_E_3797876,LA_E_3797876,1,9492c4a85ad91508b6da03c92c98c58aeaa02424,007a4583592c6d2acd99e4916a87226604fb34e0c366c1673ab0bc73369734d7,104,h2_pre_score_pairs_v1,2609,"sha256(seed,dataset,label,sample_id)_within_dataset_label",4e76aef0a62d2eb6430168d20678474c5767fbe15279cf8f95c4153f37310e3a
ASVspoof2019_LA,LA_E_6506617,LA_E_6506617,1,9492c4a85ad91508b6da03c92c98c58aeaa02424,007cca0d02696f5d3ad42095f1005663dc42d236245a2aeb2d8e1cdd57a98ca0,105,h2_pre_score_pairs_v1,2609,"sha256(seed,dataset,label,sample_id)_within_dataset_label",4e76aef0a62d2eb6430168d20678474c5767fbe15279cf8f95c4153f37310e3a
ASVspoof2019_LA,LA_E_5090688,LA_E_5090688,1,9492c4a85ad91508b6da03c92c98c58aeaa02424,007ce22ab23d05a049e940fecc01f760e022714869c3a141ec92cb6c06e9bfe5,106,h2_pre_score_pairs_v1,2609,"sha256(seed,dataset,label,sample_id)_within_dataset_label",4e76aef0a62d2eb6430168d20678474c5767fbe15279cf8f95c4153f37310e3a
ASVspoof2019_LA,LA_E_1901116,LA_E_1901116,1,9492c4a85ad91508b6da03c92c98c58aeaa02424,007eae17c51df2b68e7d3838c2c03e53526bf8c777268e9bc1cc2a7b90365b73,107,h2_pre_score_pairs_v1,2609,"sha256(seed,dataset,label,sample_id)_within_dataset_label",4e76aef0a62d2eb6430168d20678474c5767fbe15279cf8f95c4153f37310e3a
ASVspoof2019_LA,LA_E_4849192,LA_E_4849192,1,9492c4a85ad91508b6da03c92c98c58aeaa02424,007efe60f75498180f92cd507d7d997e6ba8a1aedf09f6cb22585f275ac28dc1,108,h2_pre_score_pairs_v1,2609,"sha256(seed,dataset,label,sample_id)_within_dataset_label",4e76aef0a62d2eb6430168d20678474c5767fbe15279cf8f95c4153f37310e3a
ASVspoof2019_LA,LA_E_3166016,LA_E_3166016,1,9492c4a85ad91508b6da03c92c98c58aeaa02424,007f0841696249f5a93ab1d2659d122488147f1c15bbf9edb630056677aef92f,109,h2_pre_score_pairs_v1,2609,"sha256(seed,dataset,label,sample_id)_within_dataset_label",4e76aef0a62d2eb6430168d20678474c5767fbe15279cf8f95c4153f37310e3a
ASVspoof2019_LA,LA_E_6779378,LA_E_6779378,1,9492c4a85ad91508b6da03c92c98c58aeaa02424,007f7b434ba79965e882baf057a0af17ca3c620610b318fff11200e010a53c1b,110,h2_pre_score_pairs_v1,2609,"sha256(seed,dataset,label,sample_id)_within_dataset_label",4e76aef0a62d2eb6430168d20678474c5767fbe15279cf8f95c4153f37310e3a
ASVspoof2019_LA,LA_E_2054766,LA_E_2054766,1,9492c4a85ad91508b6da03c92c98c58aeaa02424,007fbb6e5d99ef7fdc2ae97eda677381997c449fea263075239de9127d603e91,111,h2_pre_score_pairs_v1,2609,"sha256(seed,dataset,label,sample_id)_within_dataset_label",4e76aef0a62d2eb6430168d20678474c5767fbe15279cf8f95c4153f37310e3a
ASVspoof2019_LA,LA_E_4489737,LA_E_4489737,1,9492c4a85ad91508b6da03c92c98c58aeaa02424,007ff5cd652f6982b69f2a9058214bb2a92a02f2ad972dfe71ee8044457dae57,112,h2_pre_score_pairs_v1,2609,"sha256(seed,dataset,label,sample_id)_within_dataset_label",4e76aef0a62d2eb6430168d20678474c5767fbe15279cf8f95c4153f37310e3a
ASVspoof2019_LA,LA_E_2042386,LA_E_2042386,1,9492c4a85ad91508b6da03c92c98c58aeaa02424,008009f48d847fead0d62fcc7ee463e7f73cd7d8c2aebeb36900b6ff50af9768,113,h2_pre_score_pairs_v1,2609,"sha256(seed,dataset,label,sample_id)_within_dataset_label",4e76aef0a62d2eb6430168d20678474c5767fbe15279cf8f95c4153f37310e3a
ASVspoof2019_LA,LA_E_1221087,LA_E_1221087,1,9492c4a85ad91508b6da03c92c98c58aeaa02424,0082374bbca10a9f5854368c303232ddfc5c4d3dc9d0b3165b10a8931c069b53,114,h2_pre_score_pairs_v1,2609,"sha256(seed,dataset,label,sample_id)_within_dataset_label",4e76aef0a62d2eb6430168d20678474c5767fbe15279cf8f95c4153f37310e3a
ASVspoof2019_LA,LA_E_9709234,LA_E_9709234,1,9492c4a85ad91508b6da03c92c98c58aeaa02424,008487a175d59110548c2020a594ba3090e6ed926db3dde76bb81e97c77c667b,115,h2_pre_score_pairs_v1,2609,"sha256(seed,dataset,label,sample_id)_within_dataset_label",4e76aef0a62d2eb6430168d20678474c5767fbe15279cf8f95c4153f37310e3a
ASVspoof2019_LA,LA_E_6456810,LA_E_6456810,1,9492c4a85ad91508b6da03c92c98c58aeaa02424,00852de267a6b503e2878c3fbc7f2ce798fe81cd68ab0fa9a91f60439568b1e8,116,h2_pre_score_pairs_v1,2609,"sha256(seed,dataset,label,sample_id)_within_dataset_label",4e76aef0a62d2eb6430168d20678474c5767fbe15279cf8f95c4153f37310e3a
ASVspoof2019_LA,LA_E_8203014,LA_E_8203014,1,9492c4a85ad91508b6da03c92c98c58aeaa02424,00860884ee72ed87127f94343ebd3096ef453d0c6f25c8ef782fa13dee6c29e5,117,h2_pre_score_pairs_v1,2609,"sha256(seed,dataset,label,sample_id)_within_dataset_label",4e76aef0a62d2eb6430168d20678474c5767fbe15279cf8f95c4153f37310e3a
ASVspoof2019_LA,LA_E_4380589,LA_E_4380589,1,9492c4a85ad91508b6da03c92c98c58aeaa02424,00869bb2f803068e9c3fbe5f86db100bbeaa136c91150aa61784999023deea31,118,h2_pre_score_pairs_v1,2609,"sha256(seed,dataset,label,sample_id)_within_dataset_label",4e76aef0a62d2eb6430168d20678474c5767fbe15279cf8f95c4153f37310e3a
ASVspoof2019_LA,LA_E_6588395,LA_E_6588395,1,9492c4a85ad91508b6da03c92c98c58aeaa02424,008929f197a6eedd685d0ca24203cace60ee1366f31a0cdd7e7bca41857fd9e3,119,h2_pre_score_pairs_v1,2609,"sha256(seed,dataset,label,sample_id)_within_dataset_label",4e76aef0a62d2eb6430168d20678474c5767fbe15279cf8f95c4153f37310e3a
ASVspoof2019_LA,LA_E_7496719,LA_E_7496719,1,9492c4a85ad91508b6da03c92c98c58aeaa02424,008ac9040b526c41d08408305b660f72f8955abf5127a9d5bb8954ca05fa6168,120,h2_pre_score_pairs_v1,2609,"sha256(seed,dataset,label,sample_id)_within_dataset_label",4e76aef0a62d2eb6430168d20678474c5767fbe15279cf8f95c4153f37310e3a
ASVspoof2019_LA,LA_E_9041914,LA_E_9041914,1,9492c4a85ad91508b6da03c92c98c58aeaa02424,008b8a92a7240a3a69b1aede43f94b94daf2c58830c34ec42eb5b8acfc50f42a,121,h2_pre_score_pairs_v1,2609,"sha256(seed,dataset,label,sample_id)_within_dataset_label",4e76aef0a62d2eb6430168d20678474c5767fbe15279cf8f95c4153f37310e3a
ASVspoof2019_LA,LA_E_3783922,LA_E_3783922,1,9492c4a85ad91508b6da03c92c98c58aeaa02424,008c2b6720873bfedd2f2af08fda9827f762d73a768599907c2b1d0b1de4e223,122,h2_pre_score_pairs_v1,2609,"sha256(seed,dataset,label,sample_id)_within_dataset_label",4e76aef0a62d2eb6430168d20678474c5767fbe15279cf8f95c4153f37310e3a
ASVspoof2019_LA,LA_E_8888975,LA_E_8888975,1,9492c4a85ad91508b6da03c92c98c58aeaa02424,008c710985e3a8bff1cf490bd2fb2303ed841ebba978ff82dca36fafa7e8dbed,123,h2_pre_score_pairs_v1,2609,"sha256(seed,dataset,label,sample_id)_within_dataset_label",4e76aef0a62d2eb6430168d20678474c5767fbe15279cf8f95c4153f37310e3a
ASVspoof2019_LA,LA_E_6471498,LA_E_6471498,1,9492c4a85ad91508b6da03c92c98c58aeaa02424,008cafadc6cdba55417a32bcd78de3f1e7a2be56b265316533cb65181acbedf2,124,h2_pre_score_pairs_v1,2609,"sha256(seed,dataset,label,sample_id)_within_dataset_label",4e76aef0a62d2eb6430168d20678474c5767fbe15279cf8f95c4153f37310e3a
ASVspoof2019_LA,LA_E_9658966,LA_E_9658966,1,9492c4a85ad91508b6da03c92c98c58aeaa02424,008cc2e0d2d8861eb2bb06c30518867edf81a56404731abc86ea501fbe3dedcd,125,h2_pre_score_pairs_v1,2609,"sha256(seed,dataset,label,sample_id)_within_dataset_label",4e76aef0a62d2eb6430168d20678474c5767fbe15279cf8f95c4153f37310e3a
ASVspoof2019_LA,LA_E_4199705,LA_E_4199705,1,9492c4a85ad91508b6da03c92c98c58aeaa02424,008cd7d39dd1e4e15b2228527f6e0009e3b15e6018b6c0f5afca3263117ae784,126,h2_pre_score_pairs_v1,2609,"sha256(seed,dataset,label,sample_id)_within_dataset_label",4e76aef0a62d2eb6430168d20678474c5767fbe15279cf8f95c4153f37310e3a
ASVspoof2019_LA,LA_E_1884674,LA_E_1884674,1,9492c4a85ad91508b6da03c92c98c58aeaa02424,008cf1cc603d496437061471dad05b8458bbc32e151dec010566b6a915a45452,127,h2_pre_score_pairs_v1,2609,"sha256(seed,dataset,label,sample_id)_within_dataset_label",4e76aef0a62d2eb6430168d20678474c5767fbe15279cf8f95c4153f37310e3a
ASVspoof2019_LA,LA_E_9351219,LA_E_9351219,1,9492c4a85ad91508b6da03c92c98c58aeaa02424,008e02ca9d0c48edb4448da697c76ddbe095d47a2f5043981c2a20d328f224ad,128,h2_pre_score_pairs_v1,2609,"sha256(seed,dataset,label,sample_id)_within_dataset_label",4e76aef0a62d2eb6430168d20678474c5767fbe15279cf8f95c4153f37310e3a
ASVspoof2019_LA,LA_E_8603125,LA_E_8603125,1,9492c4a85ad91508b6da03c92c98c58aeaa02424,008e2d3ad4260650a2398c4d393cd7dbdc0b013b72d07bd7cf9b7b920ffb0601,129,h2_pre_score_pairs_v1,2609,"sha256(seed,dataset,label,sample_id)_within_dataset_label",4e76aef0a62d2eb6430168d20678474c5767fbe15279cf8f95c4153f37310e3a
ASVspoof2019_LA,LA_E_5910677,LA_E_5910677,1,9492c4a85ad91508b6da03c92c98c58aeaa02424,008e6b73f217f0dd307eada7a58a80a3f1ecc310e793158a6a1a9f87ae8acb16,130,h2_pre_score_pairs_v1,2609,"sha256(seed,dataset,label,sample_id)_within_dataset_label",4e76aef0a62d2eb6430168d20678474c5767fbe15279cf8f95c4153f37310e3a
ASVspoof2019_LA,LA_E_4747417,LA_E_4747417,1,9492c4a85ad91508b6da03c92c98c58aeaa02424,008fb9310c52224899c512a8334c56f536d2d4087a2c646c963dc645cf1f37b5,131,h2_pre_score_pairs_v1,2609,"sha256(seed,dataset,label,sample_id)_within_dataset_label",4e76aef0a62d2eb6430168d20678474c5767fbe15279cf8f95c4153f37310e3a
ASVspoof2019_LA,LA_E_7829044,LA_E_7829044,1,9492c4a85ad91508b6da03c92c98c58aeaa02424,009034e56bfda4b76ad15888a24131abb8c2e44cc060b53fb8fff2aa451cd9ee,132,h2_pre_score_pairs_v1,2609,"sha256(seed,dataset,label,sample_id)_within_dataset_label",4e76aef0a62d2eb6430168d20678474c5767fbe15279cf8f95c4153f37310e3a
ASVspoof2019_LA,LA_E_5640647,LA_E_5640647,1,9492c4a85ad91508b6da03c92c98c58aeaa02424,0091bd050ad71474d87be87e834aa8d37e7e54040c4f115b2cd13670f50d4778,133,h2_pre_score_pairs_v1,2609,"sha256(seed,dataset,label,sample_id)_within_dataset_label",4e76aef0a62d2eb6430168d20678474c5767fbe15279cf8f95c4153f37310e3a
ASVspoof2019_LA,LA_E_2718677,LA_E_2718677,1,9492c4a85ad91508b6da03c92c98c58aeaa02424,0092a2c8e93d58ffe02a16a3595e0ff0f18a64bb617a4c4f37a6a55b02265855,134,h2_pre_score_pairs_v1,2609,"sha256(seed,dataset,label,sample_id)_within_dataset_label",4e76aef0a62d2eb6430168d20678474c5767fbe15279cf8f95c4153f37310e3a
ASVspoof2019_LA,LA_E_1851850,LA_E_1851850,1,9492c4a85ad91508b6da03c92c98c58aeaa02424,009330bacb822d96f8b2fbdd7c5938908a98ae603aa161fbc6217ed2d5366886,135,h2_pre_score_pairs_v1,2609,"sha256(seed,dataset,label,sample_id)_within_dataset_label",4e76aef0a62d2eb6430168d20678474c5767fbe15279cf8f95c4153f37310e3a
ASVspoof2019_LA,LA_E_6371758,LA_E_6371758,1,9492c4a85ad91508b6da03c92c98c58aeaa02424,009487e137c551186a31bee886efc8f5ad09388238d493260e9fc7bcccaa8f63,136,h2_pre_score_pairs_v1,2609,"sha256(seed,dataset,label,sample_id)_within_dataset_label",4e76aef0a62d2eb6430168d20678474c5767fbe15279cf8f95c4153f37310e3a
ASVspoof2019_LA,LA_E_1822235,LA_E_1822235,1,9492c4a85ad91508b6da03c92c98c58aeaa02424,0094cebfcd56ffc77157ccb83c6839258261f4f5eb4527ed3dd6963dfd10963c,137,h2_pre_score_pairs_v1,2609,"sha256(seed,dataset,label,sample_id)_within_dataset_label",4e76aef0a62d2eb6430168d20678474c5767fbe15279cf8f95c4153f37310e3a
ASVspoof2019_LA,LA_E_9339810,LA_E_9339810,1,9492c4a85ad91508b6da03c92c98c58aeaa02424,0094f856b2b2de8da870314a5bc723c38bcce9b68234a42af9419f0bcc88157e,138,h2_pre_score_pairs_v1,2609,"sha256(seed,dataset,label,sample_id)_within_dataset_label",4e76aef0a62d2eb6430168d20678474c5767fbe15279cf8f95c4153f37310e3a
ASVspoof2019_LA,LA_E_1669288,LA_E_1669288,1,9492c4a85ad91508b6da03c92c98c58aeaa02424,009534366e3aa510a716ea9465236aa0a5d4d9c6e5f4ac2e77fc795334ae292a,139,h2_pre_score_pairs_v1,2609,"sha256(seed,dataset,label,sample_id)_within_dataset_label",4e76aef0a62d2eb6430168d20678474c5767fbe15279cf8f95c4153f37310e3a
ASVspoof2019_LA,LA_E_4682170,LA_E_4682170,1,9492c4a85ad91508b6da03c92c98c58aeaa02424,00961143c15d2f812b27eee4a62205d2e740de29336b32221d4d5fd3995d86ca,140,h2_pre_score_pairs_v1,2609,"sha256(seed,dataset,label,sample_id)_within_dataset_label",4e76aef0a62d2eb6430168d20678474c5767fbe15279cf8f95c4153f37310e3a
ASVspoof2019_LA,LA_E_8757493,LA_E_8757493,1,9492c4a85ad91508b6da03c92c98c58aeaa02424,00969dfa2d19decd59f50883bb39dc9068fc7ab2f696576b1ee1504707b5392f,141,h2_pre_score_pairs_v1,2609,"sha256(seed,dataset,label,sample_id)_within_dataset_label",4e76aef0a62d2eb6430168d20678474c5767fbe15279cf8f95c4153f37310e3a
ASVspoof2019_LA,LA_E_7728913,LA_E_7728913,1,9492c4a85ad91508b6da03c92c98c58aeaa02424,009876960c052337142dec2cd9f0aa2c2586be6a2b2d9607187657ccca9bc3ca,142,h2_pre_score_pairs_v1,2609,"sha256(seed,dataset,label,sample_id)_within_dataset_label",4e76aef0a62d2eb6430168d20678474c5767fbe15279cf8f95c4153f37310e3a
ASVspoof2019_LA,LA_E_3449907,LA_E_3449907,1,9492c4a85ad91508b6da03c92c98c58aeaa02424,0099058a0cd1bf1e865ddb7b15c4ea986fe2d8f5fe4cd7f7c418af14c64de01c,143,h2_pre_score_pairs_v1,2609,"sha256(seed,dataset,label,sample_id)_within_dataset_label",4e76aef0a62d2eb6430168d20678474c5767fbe15279cf8f95c4153f37310e3a
ASVspoof2019_LA,LA_E_7047809,LA_E_7047809,1,9492c4a85ad91508b6da03c92c98c58aeaa02424,0099340147e19f234db54484364ac04979f00a965a68e798c808af8e89dcb09b,144,h2_pre_score_pairs_v1,2609,"sha256(seed,dataset,label,sample_id)_within_dataset_label",4e76aef0a62d2eb6430168d20678474c5767fbe15279cf8f95c4153f37310e3a
ASVspoof2019_LA,LA_E_8920958,LA_E_8920958,1,9492c4a85ad91508b6da03c92c98c58aeaa02424,00994670768a32c3cef4587aeab7a405376b7f78518cdf59725b68fcd0292f0f,145,h2_pre_score_pairs_v1,2609,"sha256(seed,dataset,label,sample_id)_within_dataset_label",4e76aef0a62d2eb6430168d20678474c5767fbe15279cf8f95c4153f37310e3a
ASVspoof2019_LA,LA_E_8848569,LA_E_8848569,1,9492c4a85ad91508b6da03c92c98c58aeaa02424,0099d28c381e9678e8ac34d1ec19f48e73e002afe8103f86218e5f9bfaa9de44,146,h2_pre_score_pairs_v1,2609,"sha256(seed,dataset,label,sample_id)_within_dataset_label",4e76aef0a62d2eb6430168d20678474c5767fbe15279cf8f95c4153f37310e3a
ASVspoof2019_LA,LA_E_2355806,LA_E_2355806,1,9492c4a85ad91508b6da03c92c98c58aeaa02424,009b532c00f1b82e3c36479fc83c9ec9cc6eeea47e9678c3c4a54099e83c179c,147,h2_pre_score_pairs_v1,2609,"sha256(seed,dataset,label,sample_id)_within_dataset_label",4e76aef0a62d2eb6430168d20678474c5767fbe15279cf8f95c4153f37310e3a
ASVspoof2019_LA,LA_E_3613015,LA_E_3613015,1,9492c4a85ad91508b6da03c92c98c58aeaa02424,009d5e73f4a73376c3cc960d27c479b838bb6c4be38f814fcc6fefc63f428a67,148,h2_pre_score_pairs_v1,2609,"sha256(seed,dataset,label,sample_id)_within_dataset_label",4e76aef0a62d2eb6430168d20678474c5767fbe15279cf8f95c4153f37310e3a
ASVspoof2019_LA,LA_E_8466939,LA_E_8466939,1,9492c4a85ad91508b6da03c92c98c58aeaa02424,009edd303c8710884c694dae23c4a32ad8927338de9eef056f586ae66ef444f2,149,h2_pre_score_pairs_v1,2609,"sha256(seed,dataset,label,sample_id)_within_dataset_label",4e76aef0a62d2eb6430168d20678474c5767fbe15279cf8f95c4153f37310e3a
ASVspoof2019_LA,LA_E_9013340,LA_E_9013340,1,9492c4a85ad91508b6da03c92c98c58aeaa02424,009ffc85bb2853dbc6f485aad04dee70dfdbc85ba950d7955373458aa7c77fb9,150,h2_pre_score_pairs_v1,2609,"sha256(seed,dataset,label,sample_id)_within_dataset_label",4e76aef0a62d2eb6430168d20678474c5767fbe15279cf8f95c4153f37310e3a
ASVspoof2019_LA,LA_E_6406644,LA_E_6406644,1,9492c4a85ad91508b6da03c92c98c58aeaa02424,00a13909626bb29e5c5fdff6ec504f745e670c7456373e4304adaaeb5e4b746b,151,h2_pre_score_pairs_v1,2609,"sha256(seed,dataset,label,sample_id)_within_dataset_label",4e76aef0a62d2eb6430168d20678474c5767fbe15279cf8f95c4153f37310e3a
ASVspoof2019_LA,LA_E_5131274,LA_E_5131274,1,9492c4a85ad91508b6da03c92c98c58aeaa02424,00a29c9608b7e97921fe26b295369b60b8827a9caf220daa4898d0ddebd6230d,152,h2_pre_score_pairs_v1,2609,"sha256(seed,dataset,label,sample_id)_within_dataset_label",4e76aef0a62d2eb6430168d20678474c5767fbe15279cf8f95c4153f37310e3a
ASVspoof2019_LA,LA_E_8610975,LA_E_8610975,1,9492c4a85ad91508b6da03c92c98c58aeaa02424,00a29d6cc8b5ddf8719d7e1cf21b6291398d4b0da90e2141f4831a65a0a7b193,153,h2_pre_score_pairs_v1,2609,"sha256(seed,dataset,label,sample_id)_within_dataset_label",4e76aef0a62d2eb6430168d20678474c5767fbe15279cf8f95c4153f37310e3a
ASVspoof2019_LA,LA_E_3775805,LA_E_3775805,1,9492c4a85ad91508b6da03c92c98c58aeaa02424,00a55c8722351c801e9f013ad7d42d1582e492a2ea276fb883927faccb1c8653,154,h2_pre_score_pairs_v1,2609,"sha256(seed,dataset,label,sample_id)_within_dataset_label",4e76aef0a62d2eb6430168d20678474c5767fbe15279cf8f95c4153f37310e3a
ASVspoof2019_LA,LA_E_8614561,LA_E_8614561,1,9492c4a85ad91508b6da03c92c98c58aeaa02424,00a770429c58b5f74fca072ceca6b69d5541023916278d2f1e901e3e81fb96ce,155,h2_pre_score_pairs_v1,2609,"sha256(seed,dataset,label,sample_id)_within_dataset_label",4e76aef0a62d2eb6430168d20678474c5767fbe15279cf8f95c4153f37310e3a
ASVspoof2019_LA,LA_E_1971916,LA_E_1971916,1,9492c4a85ad91508b6da03c92c98c58aeaa02424,00a7a8658cd36f3a90aa1e94a9739fac4e7a34fee110855e93c0f72eb7e994ac,156,h2_pre_score_pairs_v1,2609,"sha256(seed,dataset,label,sample_id)_within_dataset_label",4e76aef0a62d2eb6430168d20678474c5767fbe15279cf8f95c4153f37310e3a
ASVspoof2019_LA,LA_E_2649532,LA_E_2649532,1,9492c4a85ad91508b6da03c92c98c58aeaa02424,00a7d8739793343c205483aff7db46e0d2d831fd7e813d60ad9229853c7af8c0,157,h2_pre_score_pairs_v1,2609,"sha256(seed,dataset,label,sample_id)_within_dataset_label",4e76aef0a62d2eb6430168d20678474c5767fbe15279cf8f95c4153f37310e3a
ASVspoof2019_LA,LA_E_6406214,LA_E_6406214,1,9492c4a85ad91508b6da03c92c98c58aeaa02424,00a7fca1f211639dc0ea153947482d33427236712dfe35956bb30b9def3ba1b4,158,h2_pre_score_pairs_v1,2609,"sha256(seed,dataset,label,sample_id)_within_dataset_label",4e76aef0a62d2eb6430168d20678474c5767fbe15279cf8f95c4153f37310e3a
ASVspoof2019_LA,LA_E_6754909,LA_E_6754909,1,9492c4a85ad91508b6da03c92c98c58aeaa02424,00a8e8db7f23bf6409d61ecc513ad031ec771e148fb28d9261b25fd081873ff4,159,h2_pre_score_pairs_v1,2609,"sha256(seed,dataset,label,sample_id)_within_dataset_label",4e76aef0a62d2eb6430168d20678474c5767fbe15279cf8f95c4153f37310e3a
ASVspoof2019_LA,LA_E_8318576,LA_E_8318576,1,9492c4a85ad91508b6da03c92c98c58aeaa02424,00aaa233fd37462e67c72c71ffd845c23c6ac86d6eaf39cd25fd15ed86355810,160,h2_pre_score_pairs_v1,2609,"sha256(seed,dataset,label,sample_id)_within_dataset_label",4e76aef0a62d2eb6430168d20678474c5767fbe15279cf8f95c4153f37310e3a
ASVspoof2019_LA,LA_E_3853265,LA_E_3853265,1,9492c4a85ad91508b6da03c92c98c58aeaa02424,00aaffee08625a6a27066025d8e30cd06977cdaae97090b3ef8c420eb84866e0,161,h2_pre_score_pairs_v1,2609,"sha256(seed,dataset,label,sample_id)_within_dataset_label",4e76aef0a62d2eb6430168d20678474c5767fbe15279cf8f95c4153f37310e3a
ASVspoof2019_LA,LA_E_3506041,LA_E_3506041,1,9492c4a85ad91508b6da03c92c98c58aeaa02424,00abebfdc7c065572c23d2a0c764dcc30b4e3c8e6ffd045b588e002719012721,162,h2_pre_score_pairs_v1,2609,"sha256(seed,dataset,label,sample_id)_within_dataset_label",4e76aef0a62d2eb6430168d20678474c5767fbe15279cf8f95c4153f37310e3a
ASVspoof2019_LA,LA_E_4116006,LA_E_4116006,1,9492c4a85ad91508b6da03c92c98c58aeaa02424,00ae3601b9c4fc34d52e308afbff4c2eba739ccc649c868b5260cc85919562d4,163,h2_pre_score_pairs_v1,2609,"sha256(seed,dataset,label,sample_id)_within_dataset_label",4e76aef0a62d2eb6430168d20678474c5767fbe15279cf8f95c4153f37310e3a
ASVspoof2019_LA,LA_E_3792562,LA_E_3792562,1,9492c4a85ad91508b6da03c92c98c58aeaa02424,00ae7159fa7bc5bf0ce6c80f58f02ce2f9dc4260e2f62678bd18e82a9ac67409,164,h2_pre_score_pairs_v1,2609,"sha256(seed,dataset,label,sample_id)_within_dataset_label",4e76aef0a62d2eb6430168d20678474c5767fbe15279cf8f95c4153f37310e3a
ASVspoof2019_LA,LA_E_8782880,LA_E_8782880,1,9492c4a85ad91508b6da03c92c98c58aeaa02424,00aff3144293d5539ab6fe52a6569eac9cd76d0b62009dbec4cb15d31697894d,165,h2_pre_score_pairs_v1,2609,"sha256(seed,dataset,label,sample_id)_within_dataset_label",4e76aef0a62d2eb6430168d20678474c5767fbe15279cf8f95c4153f37310e3a
ASVspoof2019_LA,LA_E_7467393,LA_E_7467393,1,9492c4a85ad91508b6da03c92c98c58aeaa02424,00b01f6a9f85b6da62c6eb6332d89a4e99440e01dd7d24fb3522e2e7485f204f,166,h2_pre_score_pairs_v1,2609,"sha256(seed,dataset,label,sample_id)_within_dataset_label",4e76aef0a62d2eb6430168d20678474c5767fbe15279cf8f95c4153f37310e3a
ASVspoof2019_LA,LA_E_7089334,LA_E_7089334,1,9492c4a85ad91508b6da03c92c98c58aeaa02424,00b0ac7f203279993d02597ba94986c020f0c2375c10b2457e1ff3d1c2ba89e3,167,h2_pre_score_pairs_v1,2609,"sha256(seed,dataset,label,sample_id)_within_dataset_label",4e76aef0a62d2eb6430168d20678474c5767fbe15279cf8f95c4153f37310e3a
ASVspoof2019_LA,LA_E_1855598,LA_E_1855598,1,9492c4a85ad91508b6da03c92c98c58aeaa02424,00b101fe1e0eb11b6f037d951fe79d25252040b1688aaf2b61399fbe7ffcae54,168,h2_pre_score_pairs_v1,2609,"sha256(seed,dataset,label,sample_id)_within_dataset_label",4e76aef0a62d2eb6430168d20678474c5767fbe15279cf8f95c4153f37310e3a
ASVspoof2019_LA,LA_E_8763707,LA_E_8763707,1,9492c4a85ad91508b6da03c92c98c58aeaa02424,00b2546dfba2c470bde5c6a76c734709e846779b22735f2bcfbb3a635e3d1e7e,169,h2_pre_score_pairs_v1,2609,"sha256(seed,dataset,label,sample_id)_within_dataset_label",4e76aef0a62d2eb6430168d20678474c5767fbe15279cf8f95c4153f37310e3a
ASVspoof2019_LA,LA_E_1905982,LA_E_1905982,1,9492c4a85ad91508b6da03c92c98c58aeaa02424,00b3444552fa20c1ff5873157ca5243be2f69d3f60f578a94a00e641f90d8514,170,h2_pre_score_pairs_v1,2609,"sha256(seed,dataset,label,sample_id)_within_dataset_label",4e76aef0a62d2eb6430168d20678474c5767fbe15279cf8f95c4153f37310e3a
ASVspoof2019_LA,LA_E_8641773,LA_E_8641773,1,9492c4a85ad91508b6da03c92c98c58aeaa02424,00b3a31e61f2cc401dfc985e3f2246691d967383d3a10433b17e8ed8bb7a36c3,171,h2_pre_score_pairs_v1,2609,"sha256(seed,dataset,label,sample_id)_within_dataset_label",4e76aef0a62d2eb6430168d20678474c5767fbe15279cf8f95c4153f37310e3a
ASVspoof2019_LA,LA_E_9495969,LA_E_9495969,1,9492c4a85ad91508b6da03c92c98c58aeaa02424,00b438d2be888032b00bd90ab301b7094af966460d235a7eac4670a4b41104c4,172,h2_pre_score_pairs_v1,2609,"sha256(seed,dataset,label,sample_id)_within_dataset_label",4e76aef0a62d2eb6430168d20678474c5767fbe15279cf8f95c4153f37310e3a
ASVspoof2019_LA,LA_E_8636899,LA_E_8636899,1,9492c4a85ad91508b6da03c92c98c58aeaa02424,00b565d708519fe1e1653f906ea5b040c946d03b18f73303c2976aa8df4acc2c,173,h2_pre_score_pairs_v1,2609,"sha256(seed,dataset,label,sample_id)_within_dataset_label",4e76aef0a62d2eb6430168d20678474c5767fbe15279cf8f95c4153f37310e3a
ASVspoof2019_LA,LA_E_9061532,LA_E_9061532,1,9492c4a85ad91508b6da03c92c98c58aeaa02424,00b5f530c90083571b72427bab87e399fba43611677393d9ae49b066501d653f,174,h2_pre_score_pairs_v1,2609,"sha256(seed,dataset,label,sample_id)_within_dataset_label",4e76aef0a62d2eb6430168d20678474c5767fbe15279cf8f95c4153f37310e3a
ASVspoof2019_LA,LA_E_3439860,LA_E_3439860,1,9492c4a85ad91508b6da03c92c98c58aeaa02424,00b7d2e4cd18b304b9161675aff975ef698f5111e130c483684b261e3ab4ae4e,175,h2_pre_score_pairs_v1,2609,"sha256(seed,dataset,label,sample_id)_within_dataset_label",4e76aef0a62d2eb6430168d20678474c5767fbe15279cf8f95c4153f37310e3a
ASVspoof2019_LA,LA_E_2502839,LA_E_2502839,1,9492c4a85ad91508b6da03c92c98c58aeaa02424,00b7f699bf4c679e1491c57ee20ec2f72688e69d6c52fec2a8a2d19ba478ab31,176,h2_pre_score_pairs_v1,2609,"sha256(seed,dataset,label,sample_id)_within_dataset_label",4e76aef0a62d2eb6430168d20678474c5767fbe15279cf8f95c4153f37310e3a
ASVspoof2019_LA,LA_E_9980174,LA_E_9980174,1,9492c4a85ad91508b6da03c92c98c58aeaa02424,00b800177904fe3fe40e5eb3049a56a3720d2d28527440704e5a6400b594db16,177,h2_pre_score_pairs_v1,2609,"sha256(seed,dataset,label,sample_id)_within_dataset_label",4e76aef0a62d2eb6430168d20678474c5767fbe15279cf8f95c4153f37310e3a
ASVspoof2019_LA,LA_E_2179893,LA_E_2179893,1,9492c4a85ad91508b6da03c92c98c58aeaa02424,00b84bb6ce5fc44cc14aec1ec821e2d718e897f79b7815f58a1dfcf3c76dc3ca,178,h2_pre_score_pairs_v1,2609,"sha256(seed,dataset,label,sample_id)_within_dataset_label",4e76aef0a62d2eb6430168d20678474c5767fbe15279cf8f95c4153f37310e3a
ASVspoof2019_LA,LA_E_3069332,LA_E_3069332,1,9492c4a85ad91508b6da03c92c98c58aeaa02424,00b8692558064100f251fef30205c48880e6bc68425376acc3f262f8724149ca,179,h2_pre_score_pairs_v1,2609,"sha256(seed,dataset,label,sample_id)_within_dataset_label",4e76aef0a62d2eb6430168d20678474c5767fbe15279cf8f95c4153f37310e3a
ASVspoof2019_LA,LA_E_3841834,LA_E_3841834,1,9492c4a85ad91508b6da03c92c98c58aeaa02424,00b8893b93e7be57404fc2c58c4cf99d9a37158d37c733b40e6da845c9f69471,180,h2_pre_score_pairs_v1,2609,"sha256(seed,dataset,label,sample_id)_within_dataset_label",4e76aef0a62d2eb6430168d20678474c5767fbe15279cf8f95c4153f37310e3a
ASVspoof2019_LA,LA_E_5477512,LA_E_5477512,1,9492c4a85ad91508b6da03c92c98c58aeaa02424,00b8be84a2ff904b6a79fd992a462e116fe216950f948e73708e27f7277463d8,181,h2_pre_score_pairs_v1,2609,"sha256(seed,dataset,label,sample_id)_within_dataset_label",4e76aef0a62d2eb6430168d20678474c5767fbe15279cf8f95c4153f37310e3a
ASVspoof2019_LA,LA_E_8184952,LA_E_8184952,1,9492c4a85ad91508b6da03c92c98c58aeaa02424,00bb477f0dfe8ea9e7fdb1cea82fdf4b59a61f1f675a169e718718a12c8455c9,182,h2_pre_score_pairs_v1,2609,"sha256(seed,dataset,label,sample_id)_within_dataset_label",4e76aef0a62d2eb6430168d20678474c5767fbe15279cf8f95c4153f37310e3a
ASVspoof2019_LA,LA_E_8697279,LA_E_8697279,1,9492c4a85ad91508b6da03c92c98c58aeaa02424,00bb7019da436bb87e1b3d4a74801ad4e1557ca101e49f9e0fba0de5c3af0334,183,h2_pre_score_pairs_v1,2609,"sha256(seed,dataset,label,sample_id)_within_dataset_label",4e76aef0a62d2eb6430168d20678474c5767fbe15279cf8f95c4153f37310e3a
ASVspoof2019_LA,LA_E_3423170,LA_E_3423170,1,9492c4a85ad91508b6da03c92c98c58aeaa02424,00bcff97e6c13f99056e66aa790bdac4884475b95e874f7d51bb41cbca86fd63,184,h2_pre_score_pairs_v1,2609,"sha256(seed,dataset,label,sample_id)_within_dataset_label",4e76aef0a62d2eb6430168d20678474c5767fbe15279cf8f95c4153f37310e3a
ASVspoof2019_LA,LA_E_2165300,LA_E_2165300,1,9492c4a85ad91508b6da03c92c98c58aeaa02424,00bd9629379185df5e87324899381ed112aa3c437ad78c289f16960a230d2190,185,h2_pre_score_pairs_v1,2609,"sha256(seed,dataset,label,sample_id)_within_dataset_label",4e76aef0a62d2eb6430168d20678474c5767fbe15279cf8f95c4153f37310e3a
ASVspoof2019_LA,LA_E_2512831,LA_E_2512831,1,9492c4a85ad91508b6da03c92c98c58aeaa02424,00bdaaec451a2844c7bef30b37637ff20a517b0f8aace56378a28c8217250f2f,186,h2_pre_score_pairs_v1,2609,"sha256(seed,dataset,label,sample_id)_within_dataset_label",4e76aef0a62d2eb6430168d20678474c5767fbe15279cf8f95c4153f37310e3a
ASVspoof2019_LA,LA_E_9210527,LA_E_9210527,1,9492c4a85ad91508b6da03c92c98c58aeaa02424,00bea8d5d9145ca8c465052a320facb0aaa151951bcf69ae3378c48b36e699a9,187,h2_pre_score_pairs_v1,2609,"sha256(seed,dataset,label,sample_id)_within_dataset_label",4e76aef0a62d2eb6430168d20678474c5767fbe15279cf8f95c4153f37310e3a
ASVspoof2019_LA,LA_E_7235732,LA_E_7235732,1,9492c4a85ad91508b6da03c92c98c58aeaa02424,00bf8b874f677a3b98bbd054384cca890572cece89cb28b32971f6ad47121c71,188,h2_pre_score_pairs_v1,2609,"sha256(seed,dataset,label,sample_id)_within_dataset_label",4e76aef0a62d2eb6430168d20678474c5767fbe15279cf8f95c4153f37310e3a
ASVspoof2019_LA,LA_E_8999774,LA_E_8999774,1,9492c4a85ad91508b6da03c92c98c58aeaa02424,00bffc64b3661372e98666cdeda03425db9e64c72c22471b40f2af429310585e,189,h2_pre_score_pairs_v1,2609,"sha256(seed,dataset,label,sample_id)_within_dataset_label",4e76aef0a62d2eb6430168d20678474c5767fbe15279cf8f95c4153f37310e3a
ASVspoof2019_LA,LA_E_5810486,LA_E_5810486,1,9492c4a85ad91508b6da03c92c98c58aeaa02424,00c14a8ac6971889012549278b8c950298b4953faa856722ba6388becdbf2311,190,h2_pre_score_pairs_v1,2609,"sha256(seed,dataset,label,sample_id)_within_dataset_label",4e76aef0a62d2eb6430168d20678474c5767fbe15279cf8f95c4153f37310e3a
ASVspoof2019_LA,LA_E_7906673,LA_E_7906673,1,9492c4a85ad91508b6da03c92c98c58aeaa02424,00c3525bd27a3b7c60747af332bcd6f25fb5030b61fb9a4f0aedbd9ff86d23c5,191,h2_pre_score_pairs_v1,2609,"sha256(seed,dataset,label,sample_id)_within_dataset_label",4e76aef0a62d2eb6430168d20678474c5767fbe15279cf8f95c4153f37310e3a
ASVspoof2019_LA,LA_E_3527956,LA_E_3527956,1,9492c4a85ad91508b6da03c92c98c58aeaa02424,00c36413dcb9c1f6921ac3b64ded4c1cd75f02dd283dd6758e941493b9b36d5d,192,h2_pre_score_pairs_v1,2609,"sha256(seed,dataset,label,sample_id)_within_dataset_label",4e76aef0a62d2eb6430168d20678474c5767fbe15279cf8f95c4153f37310e3a
ASVspoof2019_LA,LA_E_6659839,LA_E_6659839,1,9492c4a85ad91508b6da03c92c98c58aeaa02424,00c58c50ef450c1d113d15c27b3ed81121429156bc44f431bf07c1206ec9d6f1,193,h2_pre_score_pairs_v1,2609,"sha256(seed,dataset,label,sample_id)_within_dataset_label",4e76aef0a62d2eb6430168d20678474c5767fbe15279cf8f95c4153f37310e3a
ASVspoof2019_LA,LA_E_5587153,LA_E_5587153,1,9492c4a85ad91508b6da03c92c98c58aeaa02424,00c65e74a0a953e1f13111a06049901a73221aee46dd534a5950f25d5c4683ee,194,h2_pre_score_pairs_v1,2609,"sha256(seed,dataset,label,sample_id)_within_dataset_label",4e76aef0a62d2eb6430168d20678474c5767fbe15279cf8f95c4153f37310e3a
ASVspoof2019_LA,LA_E_7513801,LA_E_7513801,1,9492c4a85ad91508b6da03c92c98c58aeaa02424,00c81ebd493be414ae3774e89476f90d5113540de2d9a257b4ea5ae96cc92a1b,195,h2_pre_score_pairs_v1,2609,"sha256(seed,dataset,label,sample_id)_within_dataset_label",4e76aef0a62d2eb6430168d20678474c5767fbe15279cf8f95c4153f37310e3a
ASVspoof2019_LA,LA_E_7834050,LA_E_7834050,1,9492c4a85ad91508b6da03c92c98c58aeaa02424,00c9ecff9cf3e86227d8f0d6ce235e48f18b8a300e1c854f2a759197fd13a27a,196,h2_pre_score_pairs_v1,2609,"sha256(seed,dataset,label,sample_id)_within_dataset_label",4e76aef0a62d2eb6430168d20678474c5767fbe15279cf8f95c4153f37310e3a
ASVspoof2019_LA,LA_E_8274765,LA_E_8274765,1,9492c4a85ad91508b6da03c92c98c58aeaa02424,00ca7ab2af357d90c0ae8f32290d7d7e69cdb531e16a5baf7e22295cb119c9d1,197,h2_pre_score_pairs_v1,2609,"sha256(seed,dataset,label,sample_id)_within_dataset_label",4e76aef0a62d2eb6430168d20678474c5767fbe15279cf8f95c4153f37310e3a
ASVspoof2019_LA,LA_E_4066276,LA_E_4066276,1,9492c4a85ad91508b6da03c92c98c58aeaa02424,00cbb45cc79cb6b260a3026833c247a71a1d9e90d31f07390bd7eded4d3775a0,198,h2_pre_score_pairs_v1,2609,"sha256(seed,dataset,label,sample_id)_within_dataset_label",4e76aef0a62d2eb6430168d20678474c5767fbe15279cf8f95c4153f37310e3a
ASVspoof2019_LA,LA_E_4459936,LA_E_4459936,1,9492c4a85ad91508b6da03c92c98c58aeaa02424,00cca55b66f9706ffa79e084b7d41919d35601d70f5a799d14c8cadd585bac5e,199,h2_pre_score_pairs_v1,2609,"sha256(seed,dataset,label,sample_id)_within_dataset_label",4e76aef0a62d2eb6430168d20678474c5767fbe15279cf8f95c4153f37310e3a
ASVspoof2019_LA,LA_E_2988006,LA_E_2988006,1,9492c4a85ad91508b6da03c92c98c58aeaa02424,00cd117f07fae28d331505c997021b1353302aa900ca30ca09dc940f55d1cd0a,200,h2_pre_score_pairs_v1,2609,"sha256(seed,dataset,label,sample_id)_within_dataset_label",4e76aef0a62d2eb6430168d20678474c5767fbe15279cf8f95c4153f37310e3a
ASVspoof2019_LA,LA_E_5707237,LA_E_5707237,1,9492c4a85ad91508b6da03c92c98c58aeaa02424,00cf027d08b0be6435bf0daa19973d0cfc9a0147a40ec6fe8d286a21476e8842,201,h2_pre_score_pairs_v1,2609,"sha256(seed,dataset,label,sample_id)_within_dataset_label",4e76aef0a62d2eb6430168d20678474c5767fbe15279cf8f95c4153f37310e3a
ASVspoof2019_LA,LA_E_7994602,LA_E_7994602,1,9492c4a85ad91508b6da03c92c98c58aeaa02424,00d39dc7dcc4edeef8ce32356521f666456be17931001d59a281944f70cf1f1c,202,h2_pre_score_pairs_v1,2609,"sha256(seed,dataset,label,sample_id)_within_dataset_label",4e76aef0a62d2eb6430168d20678474c5767fbe15279cf8f95c4153f37310e3a
ASVspoof2019_LA,LA_E_2994636,LA_E_2994636,1,9492c4a85ad91508b6da03c92c98c58aeaa02424,00d56f53b6e398540b77ed47ceb887a2974da858e8f21ac3f388e0d8af16353c,203,h2_pre_score_pairs_v1,2609,"sha256(seed,dataset,label,sample_id)_within_dataset_label",4e76aef0a62d2eb6430168d20678474c5767fbe15279cf8f95c4153f37310e3a
ASVspoof2019_LA,LA_E_5736212,LA_E_5736212,1,9492c4a85ad91508b6da03c92c98c58aeaa02424,00d7547f85b1b75fed0c67b01041eaa17f15917d7d22f82409c69330af35aa3e,204,h2_pre_score_pairs_v1,2609,"sha256(seed,dataset,label,sample_id)_within_dataset_label",4e76aef0a62d2eb6430168d20678474c5767fbe15279cf8f95c4153f37310e3a
ASVspoof2019_LA,LA_E_3369832,LA_E_3369832,1,9492c4a85ad91508b6da03c92c98c58aeaa02424,00d75f851f6510c4b1b81ffa9ba996aa419a505251aebf1bc60e38e25335f446,205,h2_pre_score_pairs_v1,2609,"sha256(seed,dataset,label,sample_id)_within_dataset_label",4e76aef0a62d2eb6430168d20678474c5767fbe15279cf8f95c4153f37310e3a
ASVspoof2019_LA,LA_E_5562720,LA_E_5562720,1,9492c4a85ad91508b6da03c92c98c58aeaa02424,00d902db287376399ef58a3d32942bb53ecccc62009437a53e75aaeb7078ebb9,206,h2_pre_score_pairs_v1,2609,"sha256(seed,dataset,label,sample_id)_within_dataset_label",4e76aef0a62d2eb6430168d20678474c5767fbe15279cf8f95c4153f37310e3a
ASVspoof2019_LA,LA_E_3454558,LA_E_3454558,1,9492c4a85ad91508b6da03c92c98c58aeaa02424,00d953197b50c5d965136f70f19640faf99ff2b5ef1aeeaa96557c0ad565cd1f,207,h2_pre_score_pairs_v1,2609,"sha256(seed,dataset,label,sample_id)_within_dataset_label",4e76aef0a62d2eb6430168d20678474c5767fbe15279cf8f95c4153f37310e3a
ASVspoof2019_LA,LA_E_2830770,LA_E_2830770,1,9492c4a85ad91508b6da03c92c98c58aeaa02424,00d98361a3847f283e4cb4846e135e763949fc9c2ad1a953d448625f2fa07a2b,208,h2_pre_score_pairs_v1,2609,"sha256(seed,dataset,label,sample_id)_within_dataset_label",4e76aef0a62d2eb6430168d20678474c5767fbe15279cf8f95c4153f37310e3a
ASVspoof2019_LA,LA_E_1359452,LA_E_1359452,1,9492c4a85ad91508b6da03c92c98c58aeaa02424,00da9ede42ef3704d80d397337fe79bfa626c084ab392b819bbef9fddb7de8ed,209,h2_pre_score_pairs_v1,2609,"sha256(seed,dataset,label,sample_id)_within_dataset_label",4e76aef0a62d2eb6430168d20678474c5767fbe15279cf8f95c4153f37310e3a
ASVspoof2019_LA,LA_E_3537056,LA_E_3537056,1,9492c4a85ad91508b6da03c92c98c58aeaa02424,00dd3fd38dd083c18977ea5d47ef83db4a38f154cd7c2782b771ffaf1030b8fa,210,h2_pre_score_pairs_v1,2609,"sha256(seed,dataset,label,sample_id)_within_dataset_label",4e76aef0a62d2eb6430168d20678474c5767fbe15279cf8f95c4153f37310e3a
ASVspoof2019_LA,LA_E_5148588,LA_E_5148588,1,9492c4a85ad91508b6da03c92c98c58aeaa02424,00de19f34521ee63efb8ae98479600c59979c77105e2fd0936ffb70043633673,211,h2_pre_score_pairs_v1,2609,"sha256(seed,dataset,label,sample_id)_within_dataset_label",4e76aef0a62d2eb6430168d20678474c5767fbe15279cf8f95c4153f37310e3a
ASVspoof2019_LA,LA_E_8702526,LA_E_8702526,1,9492c4a85ad91508b6da03c92c98c58aeaa02424,00ded8683dfad1af08e66d43e4fd1a437aef81e80c65b172e1f1ab6d0f9fbbdc,212,h2_pre_score_pairs_v1,2609,"sha256(seed,dataset,label,sample_id)_within_dataset_label",4e76aef0a62d2eb6430168d20678474c5767fbe15279cf8f95c4153f37310e3a
ASVspoof2019_LA,LA_E_9623151,LA_E_9623151,1,9492c4a85ad91508b6da03c92c98c58aeaa02424,00e156eb2b9cbb3fd6a8eea596e5183e0215f00c07b4c36b97279d904180be7f,213,h2_pre_score_pairs_v1,2609,"sha256(seed,dataset,label,sample_id)_within_dataset_label",4e76aef0a62d2eb6430168d20678474c5767fbe15279cf8f95c4153f37310e3a
ASVspoof2019_LA,LA_E_2569893,LA_E_2569893,1,9492c4a85ad91508b6da03c92c98c58aeaa02424,00e1c68a0badfbdd5c10fb9d04dbc16612f33cb78cd2c31b85065ce93a2d0da3,214,h2_pre_score_pairs_v1,2609,"sha256(seed,dataset,label,sample_id)_within_dataset_label",4e76aef0a62d2eb6430168d20678474c5767fbe15279cf8f95c4153f37310e3a
ASVspoof2019_LA,LA_E_7397109,LA_E_7397109,1,9492c4a85ad91508b6da03c92c98c58aeaa02424,00e496c652d0dabe5be57bf1361328de5dc2e4615025fdea661cc3f8b4d03d26,215,h2_pre_score_pairs_v1,2609,"sha256(seed,dataset,label,sample_id)_within_dataset_label",4e76aef0a62d2eb6430168d20678474c5767fbe15279cf8f95c4153f37310e3a
ASVspoof2019_LA,LA_E_6237111,LA_E_6237111,1,9492c4a85ad91508b6da03c92c98c58aeaa02424,00e5b002b25d61b231753d747a84892eb44827c02cf82a3903d20cdfe61bf01c,216,h2_pre_score_pairs_v1,2609,"sha256(seed,dataset,label,sample_id)_within_dataset_label",4e76aef0a62d2eb6430168d20678474c5767fbe15279cf8f95c4153f37310e3a
ASVspoof2019_LA,LA_E_7478858,LA_E_7478858,1,9492c4a85ad91508b6da03c92c98c58aeaa02424,00e6e5a45177da692fba6aea75b9a9bd489a2d7d93de446d979f2d728f324bf8,217,h2_pre_score_pairs_v1,2609,"sha256(seed,dataset,label,sample_id)_within_dataset_label",4e76aef0a62d2eb6430168d20678474c5767fbe15279cf8f95c4153f37310e3a
ASVspoof2019_LA,LA_E_5153132,LA_E_5153132,1,9492c4a85ad91508b6da03c92c98c58aeaa02424,00e74fe338da608ac57fb8628d8d1c863258d101fa2cf45adf8992748583fba1,218,h2_pre_score_pairs_v1,2609,"sha256(seed,dataset,label,sample_id)_within_dataset_label",4e76aef0a62d2eb6430168d20678474c5767fbe15279cf8f95c4153f37310e3a
ASVspoof2019_LA,LA_E_7204612,LA_E_7204612,1,9492c4a85ad91508b6da03c92c98c58aeaa02424,00e88ae00766e8e656fd2fa7869eaba17726bd38d3f8e37ebcd90efdba842354,219,h2_pre_score_pairs_v1,2609,"sha256(seed,dataset,label,sample_id)_within_dataset_label",4e76aef0a62d2eb6430168d20678474c5767fbe15279cf8f95c4153f37310e3a
ASVspoof2019_LA,LA_E_6489002,LA_E_6489002,1,9492c4a85ad91508b6da03c92c98c58aeaa02424,00e9f2c751b24a03dbc9f8b6a2f7f3fcbeceda417c23c5a3d4dabee4ed833167,220,h2_pre_score_pairs_v1,2609,"sha256(seed,dataset,label,sample_id)_within_dataset_label",4e76aef0a62d2eb6430168d20678474c5767fbe15279cf8f95c4153f37310e3a
ASVspoof2019_LA,LA_E_4853822,LA_E_4853822,1,9492c4a85ad91508b6da03c92c98c58aeaa02424,00eb0e256a80b9787255b3b3eb02bc7757ce5fe4827a16aeaf394de33c7e65d1,221,h2_pre_score_pairs_v1,2609,"sha256(seed,dataset,label,sample_id)_within_dataset_label",4e76aef0a62d2eb6430168d20678474c5767fbe15279cf8f95c4153f37310e3a
ASVspoof2019_LA,LA_E_2536094,LA_E_2536094,1,9492c4a85ad91508b6da03c92c98c58aeaa02424,00ebc2ca24db84ba1fa70c11ebb5ccdca44eb124d9da9291d3fe4f0a08524304,222,h2_pre_score_pairs_v1,2609,"sha256(seed,dataset,label,sample_id)_within_dataset_label",4e76aef0a62d2eb6430168d20678474c5767fbe15279cf8f95c4153f37310e3a
ASVspoof2019_LA,LA_E_1758403,LA_E_1758403,1,9492c4a85ad91508b6da03c92c98c58aeaa02424,00ec2002cf0b3a95ad56027bb77e3c791bb96cdfb2951cb420dcb7b5ba41896f,223,h2_pre_score_pairs_v1,2609,"sha256(seed,dataset,label,sample_id)_within_dataset_label",4e76aef0a62d2eb6430168d20678474c5767fbe15279cf8f95c4153f37310e3a
ASVspoof2019_LA,LA_E_5192628,LA_E_5192628,1,9492c4a85ad91508b6da03c92c98c58aeaa02424,00ecc5d0dbfcee88ea3744eccb9883efb3fd8dc241416b341d31adf9ccfc3750,224,h2_pre_score_pairs_v1,2609,"sha256(seed,dataset,label,sample_id)_within_dataset_label",4e76aef0a62d2eb6430168d20678474c5767fbe15279cf8f95c4153f37310e3a
ASVspoof2019_LA,LA_E_7049866,LA_E_7049866,1,9492c4a85ad91508b6da03c92c98c58aeaa02424,00ee0dfce824bc2fd4045d326144e5ae10fb2c19b28dc2df1fa1d87c49bd1a00,225,h2_pre_score_pairs_v1,2609,"sha256(seed,dataset,label,sample_id)_within_dataset_label",4e76aef0a62d2eb6430168d20678474c5767fbe15279cf8f95c4153f37310e3a
ASVspoof2019_LA,LA_E_9015750,LA_E_9015750,1,9492c4a85ad91508b6da03c92c98c58aeaa02424,00ef0337d8811ea06cdbea055a6cb734669c35679c112c2d6fbdbaf014d9e864,226,h2_pre_score_pairs_v1,2609,"sha256(seed,dataset,label,sample_id)_within_dataset_label",4e76aef0a62d2eb6430168d20678474c5767fbe15279cf8f95c4153f37310e3a
ASVspoof2019_LA,LA_E_6925226,LA_E_6925226,1,9492c4a85ad91508b6da03c92c98c58aeaa02424,00ef4ea323681d997890cfc0b54f2a681a51ee6de5ed9e52f2f07d927abec989,227,h2_pre_score_pairs_v1,2609,"sha256(seed,dataset,label,sample_id)_within_dataset_label",4e76aef0a62d2eb6430168d20678474c5767fbe15279cf8f95c4153f37310e3a
ASVspoof2019_LA,LA_E_8923247,LA_E_8923247,1,9492c4a85ad91508b6da03c92c98c58aeaa02424,00efec3b2377ff1f811764283ef589acca80abad022c0d88aff79de21eae230d,228,h2_pre_score_pairs_v1,2609,"sha256(seed,dataset,label,sample_id)_within_dataset_label",4e76aef0a62d2eb6430168d20678474c5767fbe15279cf8f95c4153f37310e3a
ASVspoof2019_LA,LA_E_3463086,LA_E_3463086,1,9492c4a85ad91508b6da03c92c98c58aeaa02424,00f251cc93f0bc53b7b2e63efe248c8b06eda291329c1a5d35db38955f5a3cba,229,h2_pre_score_pairs_v1,2609,"sha256(seed,dataset,label,sample_id)_within_dataset_label",4e76aef0a62d2eb6430168d20678474c5767fbe15279cf8f95c4153f37310e3a
ASVspoof2019_LA,LA_E_5014308,LA_E_5014308,1,9492c4a85ad91508b6da03c92c98c58aeaa02424,00f32283d1a66b2e53e5f5903182c6c3f989663500d091f2fb1645bb3537ea08,230,h2_pre_score_pairs_v1,2609,"sha256(seed,dataset,label,sample_id)_within_dataset_label",4e76aef0a62d2eb6430168d20678474c5767fbe15279cf8f95c4153f37310e3a
ASVspoof2019_LA,LA_E_1634883,LA_E_1634883,1,9492c4a85ad91508b6da03c92c98c58aeaa02424,00f3efe3f23892b43ae36b861058fbb7349220d9f2289eb70c3af3619482a4a5,231,h2_pre_score_pairs_v1,2609,"sha256(seed,dataset,label,sample_id)_within_dataset_label",4e76aef0a62d2eb6430168d20678474c5767fbe15279cf8f95c4153f37310e3a
ASVspoof2019_LA,LA_E_6297030,LA_E_6297030,1,9492c4a85ad91508b6da03c92c98c58aeaa02424,00f476812a77c58479b34e142293e6d4530183ce7e55cc101a6339e23e7be00e,232,h2_pre_score_pairs_v1,2609,"sha256(seed,dataset,label,sample_id)_within_dataset_label",4e76aef0a62d2eb6430168d20678474c5767fbe15279cf8f95c4153f37310e3a
ASVspoof2019_LA,LA_E_8410320,LA_E_8410320,1,9492c4a85ad91508b6da03c92c98c58aeaa02424,00f4d59714c3971710ea7139701f6191db69dd9fc48c650cf2e61bf96bf0a4e6,233,h2_pre_score_pairs_v1,2609,"sha256(seed,dataset,label,sample_id)_within_dataset_label",4e76aef0a62d2eb6430168d20678474c5767fbe15279cf8f95c4153f37310e3a
ASVspoof2019_LA,LA_E_5152040,LA_E_5152040,1,9492c4a85ad91508b6da03c92c98c58aeaa02424,00f7715e552b3cdaa6a24a20391babfa0503dca182a70c5aeb7e198200efec4a,234,h2_pre_score_pairs_v1,2609,"sha256(seed,dataset,label,sample_id)_within_dataset_label",4e76aef0a62d2eb6430168d20678474c5767fbe15279cf8f95c4153f37310e3a
ASVspoof2019_LA,LA_E_1876792,LA_E_1876792,1,9492c4a85ad91508b6da03c92c98c58aeaa02424,00f7b307b5a6aa9fffd6fabb165c2d637184e404aac7c33c7969f335a38ed203,235,h2_pre_score_pairs_v1,2609,"sha256(seed,dataset,label,sample_id)_within_dataset_label",4e76aef0a62d2eb6430168d20678474c5767fbe15279cf8f95c4153f37310e3a
ASVspoof2019_LA,LA_E_3973120,LA_E_3973120,1,9492c4a85ad91508b6da03c92c98c58aeaa02424,00f8104dd571f67d8f1b1268800098a6ff6019bcd965706d538ac9076acc9505,236,h2_pre_score_pairs_v1,2609,"sha256(seed,dataset,label,sample_id)_within_dataset_label",4e76aef0a62d2eb6430168d20678474c5767fbe15279cf8f95c4153f37310e3a
ASVspoof2019_LA,LA_E_1403808,LA_E_1403808,1,9492c4a85ad91508b6da03c92c98c58aeaa02424,00f94bd9b0555670b6f25e58c191fe24339e199d69c2f9486e0f742cfc689dbd,237,h2_pre_score_pairs_v1,2609,"sha256(seed,dataset,label,sample_id)_within_dataset_label",4e76aef0a62d2eb6430168d20678474c5767fbe15279cf8f95c4153f37310e3a
ASVspoof2019_LA,LA_E_8880475,LA_E_8880475,1,9492c4a85ad91508b6da03c92c98c58aeaa02424,00f9b181d461e7d9af67cd86147aa27fbea430e1395e29c1a4c96a5dda6b4ff6,238,h2_pre_score_pairs_v1,2609,"sha256(seed,dataset,label,sample_id)_within_dataset_label",4e76aef0a62d2eb6430168d20678474c5767fbe15279cf8f95c4153f37310e3a
ASVspoof2019_LA,LA_E_1935672,LA_E_1935672,1,9492c4a85ad91508b6da03c92c98c58aeaa02424,00fa62b42589cadb9c7d2c0fab8d24ddfd9dbba55499f97ba0d5ca1ea09ab19a,239,h2_pre_score_pairs_v1,2609,"sha256(seed,dataset,label,sample_id)_within_dataset_label",4e76aef0a62d2eb6430168d20678474c5767fbe15279cf8f95c4153f37310e3a
ASVspoof2019_LA,LA_E_8856893,LA_E_8856893,1,9492c4a85ad91508b6da03c92c98c58aeaa02424,00fa85f674dd7afe2f6770fa946026361e4b8f9108f5ae166f791a71825ac726,240,h2_pre_score_pairs_v1,2609,"sha256(seed,dataset,label,sample_id)_within_dataset_label",4e76aef0a62d2eb6430168d20678474c5767fbe15279cf8f95c4153f37310e3a
ASVspoof2019_LA,LA_E_8631084,LA_E_8631084,1,9492c4a85ad91508b6da03c92c98c58aeaa02424,00fb02598ff720a88a9a86cb92ea6cd007ac6182d8ee58c7ba1b47ec4bb93c17,241,h2_pre_score_pairs_v1,2609,"sha256(seed,dataset,label,sample_id)_within_dataset_label",4e76aef0a62d2eb6430168d20678474c5767fbe15279cf8f95c4153f37310e3a
ASVspoof2019_LA,LA_E_7460184,LA_E_7460184,1,9492c4a85ad91508b6da03c92c98c58aeaa02424,00fb990c6cad52e59801702ca479fa5df82e22f71b0f71e8660b6bcb4a2de9da,242,h2_pre_score_pairs_v1,2609,"sha256(seed,dataset,label,sample_id)_within_dataset_label",4e76aef0a62d2eb6430168d20678474c5767fbe15279cf8f95c4153f37310e3a
ASVspoof2019_LA,LA_E_8165918,LA_E_8165918,1,9492c4a85ad91508b6da03c92c98c58aeaa02424,00fc182430bf119e779fc00555cc2f8f9adeba90289f3ab03b2a0145b44e112d,243,h2_pre_score_pairs_v1,2609,"sha256(seed,dataset,label,sample_id)_within_dataset_label",4e76aef0a62d2eb6430168d20678474c5767fbe15279cf8f95c4153f37310e3a
ASVspoof2019_LA,LA_E_7129503,LA_E_7129503,1,9492c4a85ad91508b6da03c92c98c58aeaa02424,00fdb1e80a4deeadcb1d6d58c9709b01501afeb0e28d7fc6c7871424969e0b4f,244,h2_pre_score_pairs_v1,2609,"sha256(seed,dataset,label,sample_id)_within_dataset_label",4e76aef0a62d2eb6430168d20678474c5767fbe15279cf8f95c4153f37310e3a
ASVspoof2019_LA,LA_E_8010724,LA_E_8010724,1,9492c4a85ad91508b6da03c92c98c58aeaa02424,00fe582a704ffec3ba2fab79456427775a483b105973ff86a298833241c1425d,245,h2_pre_score_pairs_v1,2609,"sha256(seed,dataset,label,sample_id)_within_dataset_label",4e76aef0a62d2eb6430168d20678474c5767fbe15279cf8f95c4153f37310e3a
ASVspoof2019_LA,LA_E_7253392,LA_E_7253392,1,9492c4a85ad91508b6da03c92c98c58aeaa02424,010212c8eeac811f1a6e041a94beee0e67fb9be0a4c1c33d40857663cf88719e,246,h2_pre_score_pairs_v1,2609,"sha256(seed,dataset,label,sample_id)_within_dataset_label",4e76aef0a62d2eb6430168d20678474c5767fbe15279cf8f95c4153f37310e3a
ASVspoof2019_LA,LA_E_5451386,LA_E_5451386,1,9492c4a85ad91508b6da03c92c98c58aeaa02424,010292790c84295722b1c067a506573b1f6f7579365b25599a2c18b79dcda340,247,h2_pre_score_pairs_v1,2609,"sha256(seed,dataset,label,sample_id)_within_dataset_label",4e76aef0a62d2eb6430168d20678474c5767fbe15279cf8f95c4153f37310e3a
ASVspoof2019_LA,LA_E_4887491,LA_E_4887491,1,9492c4a85ad91508b6da03c92c98c58aeaa02424,0102bc9e10661d5471c3a4dae859a484c55d21de5212cd4ab332165611a88066,248,h2_pre_score_pairs_v1,2609,"sha256(seed,dataset,label,sample_id)_within_dataset_label",4e76aef0a62d2eb6430168d20678474c5767fbe15279cf8f95c4153f37310e3a
ASVspoof2019_LA,LA_E_2093168,LA_E_2093168,1,9492c4a85ad91508b6da03c92c98c58aeaa02424,0102fd2e8b0d58765cc0d8aa9ff03c282e8f4374fa19bed9385a1fcf709669b2,249,h2_pre_score_pairs_v1,2609,"sha256(seed,dataset,label,sample_id)_within_dataset_label",4e76aef0a62d2eb6430168d20678474c5767fbe15279cf8f95c4153f37310e3a
ASVspoof2019_LA,LA_E_9525309,LA_E_9525309,1,9492c4a85ad91508b6da03c92c98c58aeaa02424,010350ca649df221acc706a7f1f5b50d7812a8c7a075da7c9674b235bd018c98,250,h2_pre_score_pairs_v1,2609,"sha256(seed,dataset,label,sample_id)_within_dataset_label",4e76aef0a62d2eb6430168d20678474c5767fbe15279cf8f95c4153f37310e3a
ASVspoof2019_LA,LA_E_6730284,LA_E_6730284,1,9492c4a85ad91508b6da03c92c98c58aeaa02424,0104ba3de084f3a2de20a178ef47408a8679d2d3b1223798ddb395766a6054ca,251,h2_pre_score_pairs_v1,2609,"sha256(seed,dataset,label,sample_id)_within_dataset_label",4e76aef0a62d2eb6430168d20678474c5767fbe15279cf8f95c4153f37310e3a
ASVspoof2019_LA,LA_E_7447405,LA_E_7447405,1,9492c4a85ad91508b6da03c92c98c58aeaa02424,0104c5211e40591024bc393b7e69caced5946917231747dd23a0d323848ab47c,252,h2_pre_score_pairs_v1,2609,"sha256(seed,dataset,label,sample_id)_within_dataset_label",4e76aef0a62d2eb6430168d20678474c5767fbe15279cf8f95c4153f37310e3a
ASVspoof2019_LA,LA_E_4833680,LA_E_4833680,1,9492c4a85ad91508b6da03c92c98c58aeaa02424,01052b331e0a619327ed2ab8292cc0ee1a9c3f6ce9bee56a87df0add848a5270,253,h2_pre_score_pairs_v1,2609,"sha256(seed,dataset,label,sample_id)_within_dataset_label",4e76aef0a62d2eb6430168d20678474c5767fbe15279cf8f95c4153f37310e3a
ASVspoof2019_LA,LA_E_6447365,LA_E_6447365,1,9492c4a85ad91508b6da03c92c98c58aeaa02424,010559a80cabf707e7f40200abf87bf53783919cac7d9dc316a3c225593f9137,254,h2_pre_score_pairs_v1,2609,"sha256(seed,dataset,label,sample_id)_within_dataset_label",4e76aef0a62d2eb6430168d20678474c5767fbe15279cf8f95c4153f37310e3a
ASVspoof2019_LA,LA_E_6708968,LA_E_6708968,1,9492c4a85ad91508b6da03c92c98c58aeaa02424,010566314f219bebe5cc41ef1e2220babd8e8b6dbf5ac459697ce7390de7e60c,255,h2_pre_score_pairs_v1,2609,"sha256(seed,dataset,label,sample_id)_within_dataset_label",4e76aef0a62d2eb6430168d20678474c5767fbe15279cf8f95c4153f37310e3a
ASVspoof2019_LA,LA_E_7892614,LA_E_7892614,1,9492c4a85ad91508b6da03c92c98c58aeaa02424,01060932890bf9010423e6ab213329632b19d7975e7760dbd5ef7573e53b0176,256,h2_pre_score_pairs_v1,2609,"sha256(seed,dataset,label,sample_id)_within_dataset_label",4e76aef0a62d2eb6430168d20678474c5767fbe15279cf8f95c4153f37310e3a
ASVspoof2019_LA,LA_E_6390481,LA_E_6390481,1,9492c4a85ad91508b6da03c92c98c58aeaa02424,010627b0a1b59bb48cb8a1958a0dfc5f14498865d42848329ced5d35b4ed47b0,257,h2_pre_score_pairs_v1,2609,"sha256(seed,dataset,label,sample_id)_within_dataset_label",4e76aef0a62d2eb6430168d20678474c5767fbe15279cf8f95c4153f37310e3a
ASVspoof2019_LA,LA_E_9652405,LA_E_9652405,1,9492c4a85ad91508b6da03c92c98c58aeaa02424,01073c7db47c0ab961be16372f890b60327e1c7b2720c1b54d087bbccd39016a,258,h2_pre_score_pairs_v1,2609,"sha256(seed,dataset,label,sample_id)_within_dataset_label",4e76aef0a62d2eb6430168d20678474c5767fbe15279cf8f95c4153f37310e3a
ASVspoof2019_LA,LA_E_6971477,LA_E_6971477,1,9492c4a85ad91508b6da03c92c98c58aeaa02424,0107f60b8327f02d21d28fc553fa27ff7196106335def95e816ae0f862835b7e,259,h2_pre_score_pairs_v1,2609,"sha256(seed,dataset,label,sample_id)_within_dataset_label",4e76aef0a62d2eb6430168d20678474c5767fbe15279cf8f95c4153f37310e3a
ASVspoof2019_LA,LA_E_7208163,LA_E_7208163,1,9492c4a85ad91508b6da03c92c98c58aeaa02424,01084b0cefcb9c1366d9a8c2e271a06a5bd47d668cf308c064249fb0bad09f2d,260,h2_pre_score_pairs_v1,2609,"sha256(seed,dataset,label,sample_id)_within_dataset_label",4e76aef0a62d2eb6430168d20678474c5767fbe15279cf8f95c4153f37310e3a
ASVspoof2019_LA,LA_E_1102880,LA_E_1102880,1,9492c4a85ad91508b6da03c92c98c58aeaa02424,01088d1bcfcc1bfe7475d910a1c7bbcc5d82b2998316603196d1ef003dfc1485,261,h2_pre_score_pairs_v1,2609,"sha256(seed,dataset,label,sample_id)_within_dataset_label",4e76aef0a62d2eb6430168d20678474c5767fbe15279cf8f95c4153f37310e3a
ASVspoof2019_LA,LA_E_5306380,LA_E_5306380,1,9492c4a85ad91508b6da03c92c98c58aeaa02424,0109621b6b4ff76e4ff321be479f4239c388e36317b3deaa2eccd55869dbc073,262,h2_pre_score_pairs_v1,2609,"sha256(seed,dataset,label,sample_id)_within_dataset_label",4e76aef0a62d2eb6430168d20678474c5767fbe15279cf8f95c4153f37310e3a
ASVspoof2019_LA,LA_E_8370484,LA_E_8370484,1,9492c4a85ad91508b6da03c92c98c58aeaa02424,010975fc784dfb7d91fb2797e000c46d8087c2f35711edf122f7156e323818fb,263,h2_pre_score_pairs_v1,2609,"sha256(seed,dataset,label,sample_id)_within_dataset_label",4e76aef0a62d2eb6430168d20678474c5767fbe15279cf8f95c4153f37310e3a
ASVspoof2019_LA,LA_E_6238997,LA_E_6238997,1,9492c4a85ad91508b6da03c92c98c58aeaa02424,010a5bb3be0231e5262567601a9162bf4dbe76b841875b7222f95ebfaadcf873,264,h2_pre_score_pairs_v1,2609,"sha256(seed,dataset,label,sample_id)_within_dataset_label",4e76aef0a62d2eb6430168d20678474c5767fbe15279cf8f95c4153f37310e3a
ASVspoof2019_LA,LA_E_1906552,LA_E_1906552,1,9492c4a85ad91508b6da03c92c98c58aeaa02424,010a97e111e95b60b6a007b6ee2ed950ee55c3d4d38e9417160acab75f87b7ec,265,h2_pre_score_pairs_v1,2609,"sha256(seed,dataset,label,sample_id)_within_dataset_label",4e76aef0a62d2eb6430168d20678474c5767fbe15279cf8f95c4153f37310e3a
ASVspoof2019_LA,LA_E_2991587,LA_E_2991587,1,9492c4a85ad91508b6da03c92c98c58aeaa02424,010aba50340ed6a50e10f5c017c696c95e1826ece6ec66c63af553004b1fd23e,266,h2_pre_score_pairs_v1,2609,"sha256(seed,dataset,label,sample_id)_within_dataset_label",4e76aef0a62d2eb6430168d20678474c5767fbe15279cf8f95c4153f37310e3a
ASVspoof2019_LA,LA_E_6609406,LA_E_6609406,1,9492c4a85ad91508b6da03c92c98c58aeaa02424,010ca67dd36dd33be902f641a00e64a175c660337c27b77989f4a9eb7984a423,267,h2_pre_score_pairs_v1,2609,"sha256(seed,dataset,label,sample_id)_within_dataset_label",4e76aef0a62d2eb6430168d20678474c5767fbe15279cf8f95c4153f37310e3a
ASVspoof2019_LA,LA_E_2179946,LA_E_2179946,1,9492c4a85ad91508b6da03c92c98c58aeaa02424,010df7276a541ab8f3a9def7d13722e536067b74f528de5cc173435a0ab602cb,268,h2_pre_score_pairs_v1,2609,"sha256(seed,dataset,label,sample_id)_within_dataset_label",4e76aef0a62d2eb6430168d20678474c5767fbe15279cf8f95c4153f37310e3a
ASVspoof2019_LA,LA_E_4464602,LA_E_4464602,1,9492c4a85ad91508b6da03c92c98c58aeaa02424,010e0b6ffe2bd07f61e91f2301f0b5e0979571b7ff4cd54cc9f65d47f019f71c,269,h2_pre_score_pairs_v1,2609,"sha256(seed,dataset,label,sample_id)_within_dataset_label",4e76aef0a62d2eb6430168d20678474c5767fbe15279cf8f95c4153f37310e3a
ASVspoof2019_LA,LA_E_9474139,LA_E_9474139,1,9492c4a85ad91508b6da03c92c98c58aeaa02424,010f2aaa73a2eb886ed9bab59b9a62f57b82a96ad92d06004413b16b3229702d,270,h2_pre_score_pairs_v1,2609,"sha256(seed,dataset,label,sample_id)_within_dataset_label",4e76aef0a62d2eb6430168d20678474c5767fbe15279cf8f95c4153f37310e3a
ASVspoof2019_LA,LA_E_8380304,LA_E_8380304,1,9492c4a85ad91508b6da03c92c98c58aeaa02424,010f457ca3782389da7dfa316749b328b1eea4a4813cc4f3ed6e84eb48057206,271,h2_pre_score_pairs_v1,2609,"sha256(seed,dataset,label,sample_id)_within_dataset_label",4e76aef0a62d2eb6430168d20678474c5767fbe15279cf8f95c4153f37310e3a
ASVspoof2019_LA,LA_E_4209580,LA_E_4209580,1,9492c4a85ad91508b6da03c92c98c58aeaa02424,010fb4b798477dd961c200184f9eccb9ff7bc654157a2dcd4e2bbf3d1ebe88c0,272,h2_pre_score_pairs_v1,2609,"sha256(seed,dataset,label,sample_id)_within_dataset_label",4e76aef0a62d2eb6430168d20678474c5767fbe15279cf8f95c4153f37310e3a
ASVspoof2019_LA,LA_E_5519777,LA_E_5519777,1,9492c4a85ad91508b6da03c92c98c58aeaa02424,010fcca06c442b37789744111cc8593ece277a89e191fbcfb208b3c1e3cf8cfb,273,h2_pre_score_pairs_v1,2609,"sha256(seed,dataset,label,sample_id)_within_dataset_label",4e76aef0a62d2eb6430168d20678474c5767fbe15279cf8f95c4153f37310e3a
ASVspoof2019_LA,LA_E_8544244,LA_E_8544244,1,9492c4a85ad91508b6da03c92c98c58aeaa02424,011083939108b8e9f5ead654bc7d2a8679fb8e5c3175593f7983b836942d1584,274,h2_pre_score_pairs_v1,2609,"sha256(seed,dataset,label,sample_id)_within_dataset_label",4e76aef0a62d2eb6430168d20678474c5767fbe15279cf8f95c4153f37310e3a
ASVspoof2019_LA,LA_E_4940220,LA_E_4940220,1,9492c4a85ad91508b6da03c92c98c58aeaa02424,011132a7f96e469986f7881d0f792f6031c7ea32ad0ab1ff05f77f53634db6cc,275,h2_pre_score_pairs_v1,2609,"sha256(seed,dataset,label,sample_id)_within_dataset_label",4e76aef0a62d2eb6430168d20678474c5767fbe15279cf8f95c4153f37310e3a
ASVspoof2019_LA,LA_E_7534998,LA_E_7534998,1,9492c4a85ad91508b6da03c92c98c58aeaa02424,0112538950e61068b0e72c36c466b3bc1c5e80a30129b0790d6a73b57b7eae24,276,h2_pre_score_pairs_v1,2609,"sha256(seed,dataset,label,sample_id)_within_dataset_label",4e76aef0a62d2eb6430168d20678474c5767fbe15279cf8f95c4153f37310e3a
ASVspoof2019_LA,LA_E_3611218,LA_E_3611218,1,9492c4a85ad91508b6da03c92c98c58aeaa02424,01127ef727fc971f13287d143ef7c8b76663cb448a31db63a3a5b0cce26714f3,277,h2_pre_score_pairs_v1,2609,"sha256(seed,dataset,label,sample_id)_within_dataset_label",4e76aef0a62d2eb6430168d20678474c5767fbe15279cf8f95c4153f37310e3a
ASVspoof2019_LA,LA_E_6802072,LA_E_6802072,1,9492c4a85ad91508b6da03c92c98c58aeaa02424,01130e2a7cbcc22f9c8dc6a1f9007fc974a290ebd76ba5109c1cb3436e108905,278,h2_pre_score_pairs_v1,2609,"sha256(seed,dataset,label,sample_id)_within_dataset_label",4e76aef0a62d2eb6430168d20678474c5767fbe15279cf8f95c4153f37310e3a
ASVspoof2019_LA,LA_E_9427844,LA_E_9427844,1,9492c4a85ad91508b6da03c92c98c58aeaa02424,011337815654ee800f2b50b589accf0e965f976cdaa37565c3e982006d70ee35,279,h2_pre_score_pairs_v1,2609,"sha256(seed,dataset,label,sample_id)_within_dataset_label",4e76aef0a62d2eb6430168d20678474c5767fbe15279cf8f95c4153f37310e3a
ASVspoof2019_LA,LA_E_3739518,LA_E_3739518,1,9492c4a85ad91508b6da03c92c98c58aeaa02424,0114e385cda7dd07205a160b347954c3fb54f4e4fafeebc9d51dc0fa89023530,280,h2_pre_score_pairs_v1,2609,"sha256(seed,dataset,label,sample_id)_within_dataset_label",4e76aef0a62d2eb6430168d20678474c5767fbe15279cf8f95c4153f37310e3a
ASVspoof2019_LA,LA_E_7676598,LA_E_7676598,1,9492c4a85ad91508b6da03c92c98c58aeaa02424,01153bbe92d1fb129d0728ac6c95b794938ca6bbe57da1231d669fdfc3a40fb1,281,h2_pre_score_pairs_v1,2609,"sha256(seed,dataset,label,sample_id)_within_dataset_label",4e76aef0a62d2eb6430168d20678474c5767fbe15279cf8f95c4153f37310e3a
ASVspoof2019_LA,LA_E_4657480,LA_E_4657480,1,9492c4a85ad91508b6da03c92c98c58aeaa02424,01154a28af6ba6890a0a068e6af1bf4db2abc8a7cc047da8032c065a1c328dc5,282,h2_pre_score_pairs_v1,2609,"sha256(seed,dataset,label,sample_id)_within_dataset_label",4e76aef0a62d2eb6430168d20678474c5767fbe15279cf8f95c4153f37310e3a
ASVspoof2019_LA,LA_E_1440013,LA_E_1440013,1,9492c4a85ad91508b6da03c92c98c58aeaa02424,0116bf9c9a6e6ac1ff7529ed0dd719d8b2e8a61936fd23f3eda6adcfcf185dce,283,h2_pre_score_pairs_v1,2609,"sha256(seed,dataset,label,sample_id)_within_dataset_label",4e76aef0a62d2eb6430168d20678474c5767fbe15279cf8f95c4153f37310e3a
ASVspoof2019_LA,LA_E_7420183,LA_E_7420183,1,9492c4a85ad91508b6da03c92c98c58aeaa02424,0116f428243da141b877416915818c28e9cc0e59ddfa443906513c795adb1832,284,h2_pre_score_pairs_v1,2609,"sha256(seed,dataset,label,sample_id)_within_dataset_label",4e76aef0a62d2eb6430168d20678474c5767fbe15279cf8f95c4153f37310e3a
ASVspoof2019_LA,LA_E_8670076,LA_E_8670076,1,9492c4a85ad91508b6da03c92c98c58aeaa02424,01171bd16f2584c5fcd485da2cc8e53b9f0291c48584ceee583fad80e7a7fedb,285,h2_pre_score_pairs_v1,2609,"sha256(seed,dataset,label,sample_id)_within_dataset_label",4e76aef0a62d2eb6430168d20678474c5767fbe15279cf8f95c4153f37310e3a
ASVspoof2019_LA,LA_E_6171872,LA_E_6171872,1,9492c4a85ad91508b6da03c92c98c58aeaa02424,011aae17d762289833adaf4bc57eb12eb7a0c3c51199caa7f3caa91893eca45a,286,h2_pre_score_pairs_v1,2609,"sha256(seed,dataset,label,sample_id)_within_dataset_label",4e76aef0a62d2eb6430168d20678474c5767fbe15279cf8f95c4153f37310e3a
ASVspoof2019_LA,LA_E_4772945,LA_E_4772945,1,9492c4a85ad91508b6da03c92c98c58aeaa02424,011b6621803c8b09d98884ba0b5b46e9d579d7e631e288180d485196f925b6e7,287,h2_pre_score_pairs_v1,2609,"sha256(seed,dataset,label,sample_id)_within_dataset_label",4e76aef0a62d2eb6430168d20678474c5767fbe15279cf8f95c4153f37310e3a
ASVspoof2019_LA,LA_E_5442506,LA_E_5442506,1,9492c4a85ad91508b6da03c92c98c58aeaa02424,011bd5fd39f02cb444917b96313bfe296620244799ef7ab25e907f7417642262,288,h2_pre_score_pairs_v1,2609,"sha256(seed,dataset,label,sample_id)_within_dataset_label",4e76aef0a62d2eb6430168d20678474c5767fbe15279cf8f95c4153f37310e3a
ASVspoof2019_LA,LA_E_9356401,LA_E_9356401,1,9492c4a85ad91508b6da03c92c98c58aeaa02424,011d24f2df134186faab35df9710f13a2a577f1792ae2c9fec725d94cf9cf554,289,h2_pre_score_pairs_v1,2609,"sha256(seed,dataset,label,sample_id)_within_dataset_label",4e76aef0a62d2eb6430168d20678474c5767fbe15279cf8f95c4153f37310e3a
ASVspoof2019_LA,LA_E_9516896,LA_E_9516896,1,9492c4a85ad91508b6da03c92c98c58aeaa02424,011e201d95247d5b499521b45f25ee6a39f051a8ba269f4ff3ed0dbaaf32576d,290,h2_pre_score_pairs_v1,2609,"sha256(seed,dataset,label,sample_id)_within_dataset_label",4e76aef0a62d2eb6430168d20678474c5767fbe15279cf8f95c4153f37310e3a
ASVspoof2019_LA,LA_E_5500639,LA_E_5500639,1,9492c4a85ad91508b6da03c92c98c58aeaa02424,011e39f4bc8fef749056ecfb07312acf334fe114548dcbc992efa56513bc6c41,291,h2_pre_score_pairs_v1,2609,"sha256(seed,dataset,label,sample_id)_within_dataset_label",4e76aef0a62d2eb6430168d20678474c5767fbe15279cf8f95c4153f37310e3a
ASVspoof2019_LA,LA_E_8314455,LA_E_8314455,1,9492c4a85ad91508b6da03c92c98c58aeaa02424,011f239fe226a8c693f7106f6ceb77bfb4778ee60c3f4a02b8b1c48fa6d94738,292,h2_pre_score_pairs_v1,2609,"sha256(seed,dataset,label,sample_id)_within_dataset_label",4e76aef0a62d2eb6430168d20678474c5767fbe15279cf8f95c4153f37310e3a
ASVspoof2019_LA,LA_E_6984242,LA_E_6984242,1,9492c4a85ad91508b6da03c92c98c58aeaa02424,012074af1df5b7e0c548373062a9cd2a9f2fe8008c6ac8989fcbb9264d4d149c,293,h2_pre_score_pairs_v1,2609,"sha256(seed,dataset,label,sample_id)_within_dataset_label",4e76aef0a62d2eb6430168d20678474c5767fbe15279cf8f95c4153f37310e3a
ASVspoof2019_LA,LA_E_9031652,LA_E_9031652,1,9492c4a85ad91508b6da03c92c98c58aeaa02424,0120dd21d7ca8815e55f099c1962071e3419b6d24aab823c80b6556cec8de4c4,294,h2_pre_score_pairs_v1,2609,"sha256(seed,dataset,label,sample_id)_within_dataset_label",4e76aef0a62d2eb6430168d20678474c5767fbe15279cf8f95c4153f37310e3a
ASVspoof2019_LA,LA_E_2669982,LA_E_2669982,1,9492c4a85ad91508b6da03c92c98c58aeaa02424,0120f864eabfdde9549a03cdf0614f7a8d6cc06e73f68b53e075dbf67770ef5a,295,h2_pre_score_pairs_v1,2609,"sha256(seed,dataset,label,sample_id)_within_dataset_label",4e76aef0a62d2eb6430168d20678474c5767fbe15279cf8f95c4153f37310e3a
ASVspoof2019_LA,LA_E_5677730,LA_E_5677730,1,9492c4a85ad91508b6da03c92c98c58aeaa02424,0121c9f232bdf4ba50e9052dd6ca35ca9d437d429dc2e63ab9f35ac2795a3b54,296,h2_pre_score_pairs_v1,2609,"sha256(seed,dataset,label,sample_id)_within_dataset_label",4e76aef0a62d2eb6430168d20678474c5767fbe15279cf8f95c4153f37310e3a
ASVspoof2019_LA,LA_E_3821798,LA_E_3821798,1,9492c4a85ad91508b6da03c92c98c58aeaa02424,01251d98754739a4b6abdc1b1511a799c083f56af8ed82cb72f2e695d9377f08,297,h2_pre_score_pairs_v1,2609,"sha256(seed,dataset,label,sample_id)_within_dataset_label",4e76aef0a62d2eb6430168d20678474c5767fbe15279cf8f95c4153f37310e3a
ASVspoof2019_LA,LA_E_7906586,LA_E_7906586,1,9492c4a85ad91508b6da03c92c98c58aeaa02424,01259b4a2229efa830925bb62a7a62f983428181252b16decf7d5b1bfa26f0c6,298,h2_pre_score_pairs_v1,2609,"sha256(seed,dataset,label,sample_id)_within_dataset_label",4e76aef0a62d2eb6430168d20678474c5767fbe15279cf8f95c4153f37310e3a
ASVspoof2019_LA,LA_E_6731519,LA_E_6731519,1,9492c4a85ad91508b6da03c92c98c58aeaa02424,0125e8cfd728351026d71eee8a2823c9bbcbf8dfc65357744635f82d482ee13e,299,h2_pre_score_pairs_v1,2609,"sha256(seed,dataset,label,sample_id)_within_dataset_label",4e76aef0a62d2eb6430168d20678474c5767fbe15279cf8f95c4153f37310e3a
ASVspoof2019_LA,LA_E_9956141,LA_E_9956141,1,9492c4a85ad91508b6da03c92c98c58aeaa02424,0126141c1fe059b00a5038fa214ec1fee3ca9e9e3dab1700991b236dccd1926a,300,h2_pre_score_pairs_v1,2609,"sha256(seed,dataset,label,sample_id)_within_dataset_label",4e76aef0a62d2eb6430168d20678474c5767fbe15279cf8f95c4153f37310e3a
ASVspoof2019_LA,LA_E_1470069,LA_E_1470069,1,9492c4a85ad91508b6da03c92c98c58aeaa02424,01265a3056f205f61ffa6195ca9a6558845ff852a786356a173ab186a8b6d2a1,301,h2_pre_score_pairs_v1,2609,"sha256(seed,dataset,label,sample_id)_within_dataset_label",4e76aef0a62d2eb6430168d20678474c5767fbe15279cf8f95c4153f37310e3a
ASVspoof2019_LA,LA_E_5556522,LA_E_5556522,1,9492c4a85ad91508b6da03c92c98c58aeaa02424,01270cdb595c7af6527870bc3d6c670d058f5eebbbb1344369882c6d290cee6d,302,h2_pre_score_pairs_v1,2609,"sha256(seed,dataset,label,sample_id)_within_dataset_label",4e76aef0a62d2eb6430168d20678474c5767fbe15279cf8f95c4153f37310e3a
ASVspoof2019_LA,LA_E_7914604,LA_E_7914604,1,9492c4a85ad91508b6da03c92c98c58aeaa02424,01274c4f3020c6315fc4fded45b968b20ac38e039e0d8b6e1fcec1e9ada736bd,303,h2_pre_score_pairs_v1,2609,"sha256(seed,dataset,label,sample_id)_within_dataset_label",4e76aef0a62d2eb6430168d20678474c5767fbe15279cf8f95c4153f37310e3a
ASVspoof2019_LA,LA_E_1388702,LA_E_1388702,1,9492c4a85ad91508b6da03c92c98c58aeaa02424,01277b7bd3c3bbe80ec46a59cf6eed3f735d6156d15a9c763c8aa299b10d3ef0,304,h2_pre_score_pairs_v1,2609,"sha256(seed,dataset,label,sample_id)_within_dataset_label",4e76aef0a62d2eb6430168d20678474c5767fbe15279cf8f95c4153f37310e3a
ASVspoof2019_LA,LA_E_4141454,LA_E_4141454,1,9492c4a85ad91508b6da03c92c98c58aeaa02424,0128059bf297adb7742ffde3fc7edd3b5c101ed19b1be060329b85815276f9af,305,h2_pre_score_pairs_v1,2609,"sha256(seed,dataset,label,sample_id)_within_dataset_label",4e76aef0a62d2eb6430168d20678474c5767fbe15279cf8f95c4153f37310e3a
ASVspoof2019_LA,LA_E_5126239,LA_E_5126239,1,9492c4a85ad91508b6da03c92c98c58aeaa02424,012896eb38725f6ec50950e379a1d22df645075b97c15fffd5285cb323b244f2,306,h2_pre_score_pairs_v1,2609,"sha256(seed,dataset,label,sample_id)_within_dataset_label",4e76aef0a62d2eb6430168d20678474c5767fbe15279cf8f95c4153f37310e3a
ASVspoof2019_LA,LA_E_6345053,LA_E_6345053,1,9492c4a85ad91508b6da03c92c98c58aeaa02424,012984c870f5997bfa5fd5046cb5cf6f9eea62a6793b95523a7706053fa1c132,307,h2_pre_score_pairs_v1,2609,"sha256(seed,dataset,label,sample_id)_within_dataset_label",4e76aef0a62d2eb6430168d20678474c5767fbe15279cf8f95c4153f37310e3a
ASVspoof2019_LA,LA_E_7513192,LA_E_7513192,1,9492c4a85ad91508b6da03c92c98c58aeaa02424,012b2ce9ad1375e6070504b56c57564d1d60c0d2cc80bea52734dfc77f91e505,308,h2_pre_score_pairs_v1,2609,"sha256(seed,dataset,label,sample_id)_within_dataset_label",4e76aef0a62d2eb6430168d20678474c5767fbe15279cf8f95c4153f37310e3a
ASVspoof2019_LA,LA_E_8469034,LA_E_8469034,1,9492c4a85ad91508b6da03c92c98c58aeaa02424,012c77bc5d1020c7d2b5f003a31674d575e83519d05a9dda88b0f1a83bda1fec,309,h2_pre_score_pairs_v1,2609,"sha256(seed,dataset,label,sample_id)_within_dataset_label",4e76aef0a62d2eb6430168d20678474c5767fbe15279cf8f95c4153f37310e3a
ASVspoof2019_LA,LA_E_5238723,LA_E_5238723,1,9492c4a85ad91508b6da03c92c98c58aeaa02424,012d7fc4e84a7714c5587972f8ba5dbf36f660d2f93f72e5a5e5ceafefc4bf98,310,h2_pre_score_pairs_v1,2609,"sha256(seed,dataset,label,sample_id)_within_dataset_label",4e76aef0a62d2eb6430168d20678474c5767fbe15279cf8f95c4153f37310e3a
ASVspoof2019_LA,LA_E_1560358,LA_E_1560358,1,9492c4a85ad91508b6da03c92c98c58aeaa02424,012e4e31b8c930001fcd34a276e0e6a613892245af56494b73a4ba993f1cac47,311,h2_pre_score_pairs_v1,2609,"sha256(seed,dataset,label,sample_id)_within_dataset_label",4e76aef0a62d2eb6430168d20678474c5767fbe15279cf8f95c4153f37310e3a
ASVspoof2019_LA,LA_E_8253483,LA_E_8253483,1,9492c4a85ad91508b6da03c92c98c58aeaa02424,012e7f72565d5a91447fddfdc6af3d7672c6c5d2ab7d7a1888b27bf4f6e5f37b,312,h2_pre_score_pairs_v1,2609,"sha256(seed,dataset,label,sample_id)_within_dataset_label",4e76aef0a62d2eb6430168d20678474c5767fbe15279cf8f95c4153f37310e3a
ASVspoof2019_LA,LA_E_4198807,LA_E_4198807,1,9492c4a85ad91508b6da03c92c98c58aeaa02424,0130419879ee1f3e2a6132ba13fd17993c4b4bc416268bfaed684409824f4414,313,h2_pre_score_pairs_v1,2609,"sha256(seed,dataset,label,sample_id)_within_dataset_label",4e76aef0a62d2eb6430168d20678474c5767fbe15279cf8f95c4153f37310e3a
ASVspoof2019_LA,LA_E_2972942,LA_E_2972942,1,9492c4a85ad91508b6da03c92c98c58aeaa02424,0130b0e873d79e9c99e588af010af17c2803bfd7d4fa59a3a2f26bb3bd68403c,314,h2_pre_score_pairs_v1,2609,"sha256(seed,dataset,label,sample_id)_within_dataset_label",4e76aef0a62d2eb6430168d20678474c5767fbe15279cf8f95c4153f37310e3a
ASVspoof2019_LA,LA_E_8531038,LA_E_8531038,1,9492c4a85ad91508b6da03c92c98c58aeaa02424,013175f72d465b0572d57160ab8115c369cfb183bd2a7010655d5c62155f4b43,315,h2_pre_score_pairs_v1,2609,"sha256(seed,dataset,label,sample_id)_within_dataset_label",4e76aef0a62d2eb6430168d20678474c5767fbe15279cf8f95c4153f37310e3a
ASVspoof2019_LA,LA_E_2368757,LA_E_2368757,1,9492c4a85ad91508b6da03c92c98c58aeaa02424,013185992c0c5627ff048d28b7bf3b3f5dfd1183c54520f7cc0d368907b082d3,316,h2_pre_score_pairs_v1,2609,"sha256(seed,dataset,label,sample_id)_within_dataset_label",4e76aef0a62d2eb6430168d20678474c5767fbe15279cf8f95c4153f37310e3a
ASVspoof2019_LA,LA_E_4425317,LA_E_4425317,1,9492c4a85ad91508b6da03c92c98c58aeaa02424,01321b1bfa6658b221f99f59e0b800a1b043e7df120f10bc2a27449e1206383e,317,h2_pre_score_pairs_v1,2609,"sha256(seed,dataset,label,sample_id)_within_dataset_label",4e76aef0a62d2eb6430168d20678474c5767fbe15279cf8f95c4153f37310e3a
ASVspoof2019_LA,LA_E_4432147,LA_E_4432147,1,9492c4a85ad91508b6da03c92c98c58aeaa02424,013489031cbff49def1df215b01bc16c23d7a3d7aba34a328ac45360a75545f4,318,h2_pre_score_pairs_v1,2609,"sha256(seed,dataset,label,sample_id)_within_dataset_label",4e76aef0a62d2eb6430168d20678474c5767fbe15279cf8f95c4153f37310e3a
ASVspoof2019_LA,LA_E_9139269,LA_E_9139269,1,9492c4a85ad91508b6da03c92c98c58aeaa02424,013549782a0c56c3dc0782cf270ccfe38b3f40f5f2b7e2c4abc44513460175f5,319,h2_pre_score_pairs_v1,2609,"sha256(seed,dataset,label,sample_id)_within_dataset_label",4e76aef0a62d2eb6430168d20678474c5767fbe15279cf8f95c4153f37310e3a
ASVspoof2019_LA,LA_E_8889991,LA_E_8889991,1,9492c4a85ad91508b6da03c92c98c58aeaa02424,01359d8e1421615094ba127af79a0101acadb2e1c1272afd62b6e98f0872ba10,320,h2_pre_score_pairs_v1,2609,"sha256(seed,dataset,label,sample_id)_within_dataset_label",4e76aef0a62d2eb6430168d20678474c5767fbe15279cf8f95c4153f37310e3a
ASVspoof2019_LA,LA_E_9564095,LA_E_9564095,1,9492c4a85ad91508b6da03c92c98c58aeaa02424,013870ddd8fbaa9c47ddf0bdb05ee1ba61851876a57d45b44e985b0eeffc57b3,321,h2_pre_score_pairs_v1,2609,"sha256(seed,dataset,label,sample_id)_within_dataset_label",4e76aef0a62d2eb6430168d20678474c5767fbe15279cf8f95c4153f37310e3a
ASVspoof2019_LA,LA_E_6483399,LA_E_6483399,1,9492c4a85ad91508b6da03c92c98c58aeaa02424,013a7a106558fe50d952eff5df8326a70ce69554555576ca6eff84255fc58a18,322,h2_pre_score_pairs_v1,2609,"sha256(seed,dataset,label,sample_id)_within_dataset_label",4e76aef0a62d2eb6430168d20678474c5767fbe15279cf8f95c4153f37310e3a
ASVspoof2019_LA,LA_E_7190546,LA_E_7190546,1,9492c4a85ad91508b6da03c92c98c58aeaa02424,013b38bc053ea0b438db1b66eb790c71fe3881c7ce2709fe28ea488f3aa5596d,323,h2_pre_score_pairs_v1,2609,"sha256(seed,dataset,label,sample_id)_within_dataset_label",4e76aef0a62d2eb6430168d20678474c5767fbe15279cf8f95c4153f37310e3a
ASVspoof2019_LA,LA_E_3576992,LA_E_3576992,1,9492c4a85ad91508b6da03c92c98c58aeaa02424,013c9bd8f7af729f32df767e2a3b126db26d1d08c38bbccae52c48bdd7d030d0,324,h2_pre_score_pairs_v1,2609,"sha256(seed,dataset,label,sample_id)_within_dataset_label",4e76aef0a62d2eb6430168d20678474c5767fbe15279cf8f95c4153f37310e3a
ASVspoof2019_LA,LA_E_9862958,LA_E_9862958,1,9492c4a85ad91508b6da03c92c98c58aeaa02424,013d7043de77adf9d6d1a5d5cbddba20aee00a5c82199b17ab9a0c20837cc99b,325,h2_pre_score_pairs_v1,2609,"sha256(seed,dataset,label,sample_id)_within_dataset_label",4e76aef0a62d2eb6430168d20678474c5767fbe15279cf8f95c4153f37310e3a
ASVspoof2019_LA,LA_E_7580686,LA_E_7580686,1,9492c4a85ad91508b6da03c92c98c58aeaa02424,0140d2c448213042992c756fec21b6bcc43333ee2b12776aad1a1a92ef93d645,326,h2_pre_score_pairs_v1,2609,"sha256(seed,dataset,label,sample_id)_within_dataset_label",4e76aef0a62d2eb6430168d20678474c5767fbe15279cf8f95c4153f37310e3a
ASVspoof2019_LA,LA_E_8374105,LA_E_8374105,1,9492c4a85ad91508b6da03c92c98c58aeaa02424,0141bce2d235e80ca1acb5aa4316884689844fa63b2af1da248e137c69d46fd7,327,h2_pre_score_pairs_v1,2609,"sha256(seed,dataset,label,sample_id)_within_dataset_label",4e76aef0a62d2eb6430168d20678474c5767fbe15279cf8f95c4153f37310e3a
ASVspoof2019_LA,LA_E_6071273,LA_E_6071273,1,9492c4a85ad91508b6da03c92c98c58aeaa02424,0141fe87f87f7f349b97370b3666878219221bfede2abed3a9aaeaf5243153bc,328,h2_pre_score_pairs_v1,2609,"sha256(seed,dataset,label,sample_id)_within_dataset_label",4e76aef0a62d2eb6430168d20678474c5767fbe15279cf8f95c4153f37310e3a
ASVspoof2019_LA,LA_E_7680518,LA_E_7680518,1,9492c4a85ad91508b6da03c92c98c58aeaa02424,014208223a7a0e27f1df6fab5d66b89adac55e2868087efac7441bd33e27aade,329,h2_pre_score_pairs_v1,2609,"sha256(seed,dataset,label,sample_id)_within_dataset_label",4e76aef0a62d2eb6430168d20678474c5767fbe15279cf8f95c4153f37310e3a
ASVspoof2019_LA,LA_E_2575801,LA_E_2575801,1,9492c4a85ad91508b6da03c92c98c58aeaa02424,01442caaa82857542f71e834d6e3ab7cfd8640a72e09b9f91da4f7a417db5399,330,h2_pre_score_pairs_v1,2609,"sha256(seed,dataset,label,sample_id)_within_dataset_label",4e76aef0a62d2eb6430168d20678474c5767fbe15279cf8f95c4153f37310e3a
ASVspoof2019_LA,LA_E_2864414,LA_E_2864414,1,9492c4a85ad91508b6da03c92c98c58aeaa02424,0144f5133377af3305cd82dd02e14c4b2784f944b50a09257f502eeb426382be,331,h2_pre_score_pairs_v1,2609,"sha256(seed,dataset,label,sample_id)_within_dataset_label",4e76aef0a62d2eb6430168d20678474c5767fbe15279cf8f95c4153f37310e3a
ASVspoof2019_LA,LA_E_7468784,LA_E_7468784,1,9492c4a85ad91508b6da03c92c98c58aeaa02424,0145111ff18d7c8bfc79a812ef48b944984451ef1518cafc827e4812a5f17ee9,332,h2_pre_score_pairs_v1,2609,"sha256(seed,dataset,label,sample_id)_within_dataset_label",4e76aef0a62d2eb6430168d20678474c5767fbe15279cf8f95c4153f37310e3a
ASVspoof2019_LA,LA_E_8424647,LA_E_8424647,1,9492c4a85ad91508b6da03c92c98c58aeaa02424,01467f69549cdff068d4cd5833ac82502c1fbbe61f187e353fde904ccabdf480,333,h2_pre_score_pairs_v1,2609,"sha256(seed,dataset,label,sample_id)_within_dataset_label",4e76aef0a62d2eb6430168d20678474c5767fbe15279cf8f95c4153f37310e3a
ASVspoof2019_LA,LA_E_2811112,LA_E_2811112,1,9492c4a85ad91508b6da03c92c98c58aeaa02424,0146c1a233fb32f2896d148020835c9b0acc321495180bff9b565024df1621b4,334,h2_pre_score_pairs_v1,2609,"sha256(seed,dataset,label,sample_id)_within_dataset_label",4e76aef0a62d2eb6430168d20678474c5767fbe15279cf8f95c4153f37310e3a
ASVspoof2019_LA,LA_E_6155985,LA_E_6155985,1,9492c4a85ad91508b6da03c92c98c58aeaa02424,014706bdf8b698c19f8976ebabd6593cf6697a008993e890974cfe0932b0089b,335,h2_pre_score_pairs_v1,2609,"sha256(seed,dataset,label,sample_id)_within_dataset_label",4e76aef0a62d2eb6430168d20678474c5767fbe15279cf8f95c4153f37310e3a
ASVspoof2019_LA,LA_E_3708712,LA_E_3708712,1,9492c4a85ad91508b6da03c92c98c58aeaa02424,014752bd8304766bef30e0d03b678938487c95b98b41b8cd68f68c1ca3ef0ff8,336,h2_pre_score_pairs_v1,2609,"sha256(seed,dataset,label,sample_id)_within_dataset_label",4e76aef0a62d2eb6430168d20678474c5767fbe15279cf8f95c4153f37310e3a
ASVspoof2019_LA,LA_E_1939447,LA_E_1939447,1,9492c4a85ad91508b6da03c92c98c58aeaa02424,01476be52500794bd5de914b4316516bc504070b262e801f106f7f3b7d58598d,337,h2_pre_score_pairs_v1,2609,"sha256(seed,dataset,label,sample_id)_within_dataset_label",4e76aef0a62d2eb6430168d20678474c5767fbe15279cf8f95c4153f37310e3a
ASVspoof2019_LA,LA_E_8414596,LA_E_8414596,1,9492c4a85ad91508b6da03c92c98c58aeaa02424,01478950cf9390450ef7a25b4c097a2c9881e2debbfc920445cd463d4deb36d7,338,h2_pre_score_pairs_v1,2609,"sha256(seed,dataset,label,sample_id)_within_dataset_label",4e76aef0a62d2eb6430168d20678474c5767fbe15279cf8f95c4153f37310e3a
ASVspoof2019_LA,LA_E_9638883,LA_E_9638883,1,9492c4a85ad91508b6da03c92c98c58aeaa02424,0149be27ba4af3f3ed89d12fc04d73aa9d52ec981077a3cb7a4abb0d34df3c2e,339,h2_pre_score_pairs_v1,2609,"sha256(seed,dataset,label,sample_id)_within_dataset_label",4e76aef0a62d2eb6430168d20678474c5767fbe15279cf8f95c4153f37310e3a
ASVspoof2019_LA,LA_E_3438968,LA_E_3438968,1,9492c4a85ad91508b6da03c92c98c58aeaa02424,014a8006a932ecad87ce52f50e623fc0ff65b93387e8f7f41df701478b158e14,340,h2_pre_score_pairs_v1,2609,"sha256(seed,dataset,label,sample_id)_within_dataset_label",4e76aef0a62d2eb6430168d20678474c5767fbe15279cf8f95c4153f37310e3a
ASVspoof2019_LA,LA_E_6905610,LA_E_6905610,1,9492c4a85ad91508b6da03c92c98c58aeaa02424,014b773c4f3a835e7f1a8b306e83ee4ed3861a53dd5166fb70ff1c91893c00e6,341,h2_pre_score_pairs_v1,2609,"sha256(seed,dataset,label,sample_id)_within_dataset_label",4e76aef0a62d2eb6430168d20678474c5767fbe15279cf8f95c4153f37310e3a
ASVspoof2019_LA,LA_E_8740258,LA_E_8740258,1,9492c4a85ad91508b6da03c92c98c58aeaa02424,014e9587eb202b80815b7bf41cc16a17a98f659c61c4deddb8b8ea801e69b758,342,h2_pre_score_pairs_v1,2609,"sha256(seed,dataset,label,sample_id)_within_dataset_label",4e76aef0a62d2eb6430168d20678474c5767fbe15279cf8f95c4153f37310e3a
ASVspoof2019_LA,LA_E_4462366,LA_E_4462366,1,9492c4a85ad91508b6da03c92c98c58aeaa02424,014f0699f54b008fd92765a4e3bc1597861adec9299a05fc64b03a116b5b9b19,343,h2_pre_score_pairs_v1,2609,"sha256(seed,dataset,label,sample_id)_within_dataset_label",4e76aef0a62d2eb6430168d20678474c5767fbe15279cf8f95c4153f37310e3a
ASVspoof2019_LA,LA_E_9973008,LA_E_9973008,1,9492c4a85ad91508b6da03c92c98c58aeaa02424,014f6ed2db3d742d17e6d00a779279386e84764c8480108058ab5a20ed204426,344,h2_pre_score_pairs_v1,2609,"sha256(seed,dataset,label,sample_id)_within_dataset_label",4e76aef0a62d2eb6430168d20678474c5767fbe15279cf8f95c4153f37310e3a
ASVspoof2019_LA,LA_E_3467541,LA_E_3467541,1,9492c4a85ad91508b6da03c92c98c58aeaa02424,015128b2c3db44700f2194b9a781a7190cb151240e55ee5bb081f396ecda909d,345,h2_pre_score_pairs_v1,2609,"sha256(seed,dataset,label,sample_id)_within_dataset_label",4e76aef0a62d2eb6430168d20678474c5767fbe15279cf8f95c4153f37310e3a
ASVspoof2019_LA,LA_E_9043847,LA_E_9043847,1,9492c4a85ad91508b6da03c92c98c58aeaa02424,015182d0023de5c8ef6ff84a1ed194d6e1028bd4ad5e748e757747e5b0a16f0b,346,h2_pre_score_pairs_v1,2609,"sha256(seed,dataset,label,sample_id)_within_dataset_label",4e76aef0a62d2eb6430168d20678474c5767fbe15279cf8f95c4153f37310e3a
ASVspoof2019_LA,LA_E_2139127,LA_E_2139127,1,9492c4a85ad91508b6da03c92c98c58aeaa02424,0151b11e2b6f7c302f9ce8d4b52d5fdf4fc7f2293744340d4b21dfb68bd69a27,347,h2_pre_score_pairs_v1,2609,"sha256(seed,dataset,label,sample_id)_within_dataset_label",4e76aef0a62d2eb6430168d20678474c5767fbe15279cf8f95c4153f37310e3a
ASVspoof2019_LA,LA_E_1373473,LA_E_1373473,1,9492c4a85ad91508b6da03c92c98c58aeaa02424,015320c1c6297484dd6d29c967548b5b4d98e1aa6209351122852010c4f1675f,348,h2_pre_score_pairs_v1,2609,"sha256(seed,dataset,label,sample_id)_within_dataset_label",4e76aef0a62d2eb6430168d20678474c5767fbe15279cf8f95c4153f37310e3a
ASVspoof2019_LA,LA_E_5167372,LA_E_5167372,1,9492c4a85ad91508b6da03c92c98c58aeaa02424,0153e18017c2e384d73cd7963072ad0e7d86ca823bcb2509b2c184ab9d06f1c8,349,h2_pre_score_pairs_v1,2609,"sha256(seed,dataset,label,sample_id)_within_dataset_label",4e76aef0a62d2eb6430168d20678474c5767fbe15279cf8f95c4153f37310e3a
ASVspoof2019_LA,LA_E_3355321,LA_E_3355321,1,9492c4a85ad91508b6da03c92c98c58aeaa02424,01558aba3e979766adafb36965d763793cab6f125d11c05cc54e9015051879c9,350,h2_pre_score_pairs_v1,2609,"sha256(seed,dataset,label,sample_id)_within_dataset_label",4e76aef0a62d2eb6430168d20678474c5767fbe15279cf8f95c4153f37310e3a
ASVspoof2019_LA,LA_E_4200961,LA_E_4200961,1,9492c4a85ad91508b6da03c92c98c58aeaa02424,0155fd65ed8bd7774f67a0ccb01ba36be8db7fa03973bbbc12783134b77f1f74,351,h2_pre_score_pairs_v1,2609,"sha256(seed,dataset,label,sample_id)_within_dataset_label",4e76aef0a62d2eb6430168d20678474c5767fbe15279cf8f95c4153f37310e3a
ASVspoof2019_LA,LA_E_4712499,LA_E_4712499,1,9492c4a85ad91508b6da03c92c98c58aeaa02424,0157e02d69647a793ad2b3b78562d6dea10587d76ae59d83a6725c46df2d3e0a,352,h2_pre_score_pairs_v1,2609,"sha256(seed,dataset,label,sample_id)_within_dataset_label",4e76aef0a62d2eb6430168d20678474c5767fbe15279cf8f95c4153f37310e3a
ASVspoof2019_LA,LA_E_6930391,LA_E_6930391,1,9492c4a85ad91508b6da03c92c98c58aeaa02424,01589bfbc18462bbf446093201e7955923826dc29ce76f5521ef84d6be034c58,353,h2_pre_score_pairs_v1,2609,"sha256(seed,dataset,label,sample_id)_within_dataset_label",4e76aef0a62d2eb6430168d20678474c5767fbe15279cf8f95c4153f37310e3a
ASVspoof2019_LA,LA_E_8957725,LA_E_8957725,1,9492c4a85ad91508b6da03c92c98c58aeaa02424,015974d08851d9d2e0b0cf629202b15f8fd443264a773415d17a1f8afe9e7daf,354,h2_pre_score_pairs_v1,2609,"sha256(seed,dataset,label,sample_id)_within_dataset_label",4e76aef0a62d2eb6430168d20678474c5767fbe15279cf8f95c4153f37310e3a
ASVspoof2019_LA,LA_E_3351473,LA_E_3351473,1,9492c4a85ad91508b6da03c92c98c58aeaa02424,01597fb9b82db8e0fff3c71f56538473bed3dba185c62c789d3d96d4178dc1ec,355,h2_pre_score_pairs_v1,2609,"sha256(seed,dataset,label,sample_id)_within_dataset_label",4e76aef0a62d2eb6430168d20678474c5767fbe15279cf8f95c4153f37310e3a
ASVspoof2019_LA,LA_E_2809196,LA_E_2809196,1,9492c4a85ad91508b6da03c92c98c58aeaa02424,015b5c61117e72eb2d0386f704b3045c2049bea4d7e259877e877156b8196fe2,356,h2_pre_score_pairs_v1,2609,"sha256(seed,dataset,label,sample_id)_within_dataset_label",4e76aef0a62d2eb6430168d20678474c5767fbe15279cf8f95c4153f37310e3a
ASVspoof2019_LA,LA_E_9847169,LA_E_9847169,1,9492c4a85ad91508b6da03c92c98c58aeaa02424,015c9a41c012f9c9b7172cf28dfb8b7a273c88a1069417ef66c0045a63776a05,357,h2_pre_score_pairs_v1,2609,"sha256(seed,dataset,label,sample_id)_within_dataset_label",4e76aef0a62d2eb6430168d20678474c5767fbe15279cf8f95c4153f37310e3a
ASVspoof2019_LA,LA_E_1759799,LA_E_1759799,1,9492c4a85ad91508b6da03c92c98c58aeaa02424,015d070bdf57de791224fc66e90a95a71959fa7a5dbe6a35171cd95a0006e769,358,h2_pre_score_pairs_v1,2609,"sha256(seed,dataset,label,sample_id)_within_dataset_label",4e76aef0a62d2eb6430168d20678474c5767fbe15279cf8f95c4153f37310e3a
ASVspoof2019_LA,LA_E_8318852,LA_E_8318852,1,9492c4a85ad91508b6da03c92c98c58aeaa02424,015d7e4b9b40332c1ca63a550441eeeaa3e1ca1fc8478310308f0e55d8ba27f4,359,h2_pre_score_pairs_v1,2609,"sha256(seed,dataset,label,sample_id)_within_dataset_label",4e76aef0a62d2eb6430168d20678474c5767fbe15279cf8f95c4153f37310e3a
ASVspoof2019_LA,LA_E_3015888,LA_E_3015888,1,9492c4a85ad91508b6da03c92c98c58aeaa02424,015dce11f72f191e90bbd33c861213bc2e052d4b8049f9f90676075a9cc758ef,360,h2_pre_score_pairs_v1,2609,"sha256(seed,dataset,label,sample_id)_within_dataset_label",4e76aef0a62d2eb6430168d20678474c5767fbe15279cf8f95c4153f37310e3a
ASVspoof2019_LA,LA_E_6179365,LA_E_6179365,1,9492c4a85ad91508b6da03c92c98c58aeaa02424,0160911237b99b4104ebaa22d6f448b347177526933d813ad78e88217c8553f1,361,h2_pre_score_pairs_v1,2609,"sha256(seed,dataset,label,sample_id)_within_dataset_label",4e76aef0a62d2eb6430168d20678474c5767fbe15279cf8f95c4153f37310e3a
ASVspoof2019_LA,LA_E_6546933,LA_E_6546933,1,9492c4a85ad91508b6da03c92c98c58aeaa02424,016185ecbf5b222fa7ccbf5d7c919e5ef8efac37a7e493aaac81287232a4630e,362,h2_pre_score_pairs_v1,2609,"sha256(seed,dataset,label,sample_id)_within_dataset_label",4e76aef0a62d2eb6430168d20678474c5767fbe15279cf8f95c4153f37310e3a
ASVspoof2019_LA,LA_E_2466260,LA_E_2466260,1,9492c4a85ad91508b6da03c92c98c58aeaa02424,016259a5a52051fdfc4b59f8319eb35aef25750173b677b6a5254a97a8aa7202,363,h2_pre_score_pairs_v1,2609,"sha256(seed,dataset,label,sample_id)_within_dataset_label",4e76aef0a62d2eb6430168d20678474c5767fbe15279cf8f95c4153f37310e3a
ASVspoof2019_LA,LA_E_6844136,LA_E_6844136,1,9492c4a85ad91508b6da03c92c98c58aeaa02424,016428959b5d95a077c3d201abdb296aca19944f3b3e4fcbffd8f0f685ad3e95,364,h2_pre_score_pairs_v1,2609,"sha256(seed,dataset,label,sample_id)_within_dataset_label",4e76aef0a62d2eb6430168d20678474c5767fbe15279cf8f95c4153f37310e3a
ASVspoof2019_LA,LA_E_7412196,LA_E_7412196,1,9492c4a85ad91508b6da03c92c98c58aeaa02424,01651c7e638b137daa74bb1dcd4003e22b60e2d1a93a1b03c859c176e9f38f36,365,h2_pre_score_pairs_v1,2609,"sha256(seed,dataset,label,sample_id)_within_dataset_label",4e76aef0a62d2eb6430168d20678474c5767fbe15279cf8f95c4153f37310e3a
ASVspoof2019_LA,LA_E_7601401,LA_E_7601401,1,9492c4a85ad91508b6da03c92c98c58aeaa02424,016715e90d9081abce8369df21a8c436941ac48e1c970797b78df2adf74ef0a5,366,h2_pre_score_pairs_v1,2609,"sha256(seed,dataset,label,sample_id)_within_dataset_label",4e76aef0a62d2eb6430168d20678474c5767fbe15279cf8f95c4153f37310e3a
ASVspoof2019_LA,LA_E_1856200,LA_E_1856200,1,9492c4a85ad91508b6da03c92c98c58aeaa02424,0167b0b652e5bd2f9e7cb66a7b75e3489eab220603f145c17e0f626eedf34ee9,367,h2_pre_score_pairs_v1,2609,"sha256(seed,dataset,label,sample_id)_within_dataset_label",4e76aef0a62d2eb6430168d20678474c5767fbe15279cf8f95c4153f37310e3a
ASVspoof2019_LA,LA_E_1651299,LA_E_1651299,1,9492c4a85ad91508b6da03c92c98c58aeaa02424,0169fc7922e33f2959a9afdada72297140b2a8d2ba185915d7abc214251f0e4d,368,h2_pre_score_pairs_v1,2609,"sha256(seed,dataset,label,sample_id)_within_dataset_label",4e76aef0a62d2eb6430168d20678474c5767fbe15279cf8f95c4153f37310e3a
ASVspoof2019_LA,LA_E_7567404,LA_E_7567404,1,9492c4a85ad91508b6da03c92c98c58aeaa02424,016a4c5e6b60eb8f931944e0e5ded398f4ab21707b2c613625e410c227fcc5d3,369,h2_pre_score_pairs_v1,2609,"sha256(seed,dataset,label,sample_id)_within_dataset_label",4e76aef0a62d2eb6430168d20678474c5767fbe15279cf8f95c4153f37310e3a
ASVspoof2019_LA,LA_E_5982890,LA_E_5982890,1,9492c4a85ad91508b6da03c92c98c58aeaa02424,016b4268c9b19aac0ddac51772d3a656eeea54e956ef639e0c513c77c1e414a1,370,h2_pre_score_pairs_v1,2609,"sha256(seed,dataset,label,sample_id)_within_dataset_label",4e76aef0a62d2eb6430168d20678474c5767fbe15279cf8f95c4153f37310e3a
ASVspoof2019_LA,LA_E_9564407,LA_E_9564407,1,9492c4a85ad91508b6da03c92c98c58aeaa02424,016caa72206e174389368c7bff8e9382cd8b9f3132e02e6aa408fea5ddd2ad52,371,h2_pre_score_pairs_v1,2609,"sha256(seed,dataset,label,sample_id)_within_dataset_label",4e76aef0a62d2eb6430168d20678474c5767fbe15279cf8f95c4153f37310e3a
ASVspoof2019_LA,LA_E_7068727,LA_E_7068727,1,9492c4a85ad91508b6da03c92c98c58aeaa02424,016cbcdb0de8e7b8a4516023a0ca447ea9897893f4b3d379a069b3ba9c236196,372,h2_pre_score_pairs_v1,2609,"sha256(seed,dataset,label,sample_id)_within_dataset_label",4e76aef0a62d2eb6430168d20678474c5767fbe15279cf8f95c4153f37310e3a
ASVspoof2019_LA,LA_E_4843963,LA_E_4843963,1,9492c4a85ad91508b6da03c92c98c58aeaa02424,016d8689d37659ab1234f717e525149bd07fd3eed88de192119382a8184c900f,373,h2_pre_score_pairs_v1,2609,"sha256(seed,dataset,label,sample_id)_within_dataset_label",4e76aef0a62d2eb6430168d20678474c5767fbe15279cf8f95c4153f37310e3a
ASVspoof2019_LA,LA_E_9334213,LA_E_9334213,1,9492c4a85ad91508b6da03c92c98c58aeaa02424,016d8a1ab319af7bef0d5d228e966bccf72f0c74924f703e60b7922670deb60c,374,h2_pre_score_pairs_v1,2609,"sha256(seed,dataset,label,sample_id)_within_dataset_label",4e76aef0a62d2eb6430168d20678474c5767fbe15279cf8f95c4153f37310e3a
ASVspoof2019_LA,LA_E_3833848,LA_E_3833848,1,9492c4a85ad91508b6da03c92c98c58aeaa02424,016de0ae01709cd093415f00cf94f89407290b8cad154803380093cb99f2ad47,375,h2_pre_score_pairs_v1,2609,"sha256(seed,dataset,label,sample_id)_within_dataset_label",4e76aef0a62d2eb6430168d20678474c5767fbe15279cf8f95c4153f37310e3a
ASVspoof2019_LA,LA_E_7948341,LA_E_7948341,1,9492c4a85ad91508b6da03c92c98c58aeaa02424,016e048496b713bd5fc3f63d44233afd29e74480a4f3d11deeab90cb471f0a8a,376,h2_pre_score_pairs_v1,2609,"sha256(seed,dataset,label,sample_id)_within_dataset_label",4e76aef0a62d2eb6430168d20678474c5767fbe15279cf8f95c4153f37310e3a
ASVspoof2019_LA,LA_E_9120124,LA_E_9120124,1,9492c4a85ad91508b6da03c92c98c58aeaa02424,016e83bdc4f328b884af3a306d974cbd1d5985584230e1732ea2f1247b0f2bff,377,h2_pre_score_pairs_v1,2609,"sha256(seed,dataset,label,sample_id)_within_dataset_label",4e76aef0a62d2eb6430168d20678474c5767fbe15279cf8f95c4153f37310e3a
ASVspoof2019_LA,LA_E_2312577,LA_E_2312577,1,9492c4a85ad91508b6da03c92c98c58aeaa02424,016fc7166f14ad4230795e7ed55786f3150b417f4a42f888198fe5d4d1ed2e8e,378,h2_pre_score_pairs_v1,2609,"sha256(seed,dataset,label,sample_id)_within_dataset_label",4e76aef0a62d2eb6430168d20678474c5767fbe15279cf8f95c4153f37310e3a
ASVspoof2019_LA,LA_E_4519558,LA_E_4519558,1,9492c4a85ad91508b6da03c92c98c58aeaa02424,01704136f71554a69b9ac53484d3d3e1119b39bb0e99f727979c572927e5c6e0,379,h2_pre_score_pairs_v1,2609,"sha256(seed,dataset,label,sample_id)_within_dataset_label",4e76aef0a62d2eb6430168d20678474c5767fbe15279cf8f95c4153f37310e3a
ASVspoof2019_LA,LA_E_5228537,LA_E_5228537,1,9492c4a85ad91508b6da03c92c98c58aeaa02424,01724a13202162b05d703c1623b891753ccff16f81c59028efab2afffc62721a,380,h2_pre_score_pairs_v1,2609,"sha256(seed,dataset,label,sample_id)_within_dataset_label",4e76aef0a62d2eb6430168d20678474c5767fbe15279cf8f95c4153f37310e3a
ASVspoof2019_LA,LA_E_4581175,LA_E_4581175,1,9492c4a85ad91508b6da03c92c98c58aeaa02424,0172e70583c79d1326e0b925194cdc7ddd30bbbb56a283da76875c934df0dbbc,381,h2_pre_score_pairs_v1,2609,"sha256(seed,dataset,label,sample_id)_within_dataset_label",4e76aef0a62d2eb6430168d20678474c5767fbe15279cf8f95c4153f37310e3a
ASVspoof2019_LA,LA_E_2735630,LA_E_2735630,1,9492c4a85ad91508b6da03c92c98c58aeaa02424,0173b62a6ea0fdbf0a38e2e9f33c1d9739c0b810642904002b17fe6f860cac1a,382,h2_pre_score_pairs_v1,2609,"sha256(seed,dataset,label,sample_id)_within_dataset_label",4e76aef0a62d2eb6430168d20678474c5767fbe15279cf8f95c4153f37310e3a
ASVspoof2019_LA,LA_E_5674028,LA_E_5674028,1,9492c4a85ad91508b6da03c92c98c58aeaa02424,0173cb64b104d173b403ffc0b936deb3a94972480016a0f6139802065322bc97,383,h2_pre_score_pairs_v1,2609,"sha256(seed,dataset,label,sample_id)_within_dataset_label",4e76aef0a62d2eb6430168d20678474c5767fbe15279cf8f95c4153f37310e3a
ASVspoof2019_LA,LA_E_4319734,LA_E_4319734,1,9492c4a85ad91508b6da03c92c98c58aeaa02424,0174678e404970a3fa8b13ed8d8f851efc465eef46bf5e616e54b9cbf3614984,384,h2_pre_score_pairs_v1,2609,"sha256(seed,dataset,label,sample_id)_within_dataset_label",4e76aef0a62d2eb6430168d20678474c5767fbe15279cf8f95c4153f37310e3a
ASVspoof2019_LA,LA_E_3485223,LA_E_3485223,1,9492c4a85ad91508b6da03c92c98c58aeaa02424,017656a20a2eaf7bf08f3cc2e3984d6cf8ab212394dcc61b4bd3fabcce5ae25f,385,h2_pre_score_pairs_v1,2609,"sha256(seed,dataset,label,sample_id)_within_dataset_label",4e76aef0a62d2eb6430168d20678474c5767fbe15279cf8f95c4153f37310e3a
ASVspoof2019_LA,LA_E_2075696,LA_E_2075696,1,9492c4a85ad91508b6da03c92c98c58aeaa02424,0176d1e00a7436b99ed759cb09c309324f35d9f07afb8baef58ecdfd50a950d4,386,h2_pre_score_pairs_v1,2609,"sha256(seed,dataset,label,sample_id)_within_dataset_label",4e76aef0a62d2eb6430168d20678474c5767fbe15279cf8f95c4153f37310e3a
ASVspoof2019_LA,LA_E_3492532,LA_E_3492532,1,9492c4a85ad91508b6da03c92c98c58aeaa02424,01797057dd7ef0a15fcaedae2086730cddcdfd211afa606fb40d48af9fd92e41,387,h2_pre_score_pairs_v1,2609,"sha256(seed,dataset,label,sample_id)_within_dataset_label",4e76aef0a62d2eb6430168d20678474c5767fbe15279cf8f95c4153f37310e3a
ASVspoof2019_LA,LA_E_2455573,LA_E_2455573,1,9492c4a85ad91508b6da03c92c98c58aeaa02424,017aa14e9aa31c67c6b682bb4594eed7d55a4e9c6e3f539a2568f4e5f0c1e1ea,388,h2_pre_score_pairs_v1,2609,"sha256(seed,dataset,label,sample_id)_within_dataset_label",4e76aef0a62d2eb6430168d20678474c5767fbe15279cf8f95c4153f37310e3a
ASVspoof2019_LA,LA_E_5427936,LA_E_5427936,1,9492c4a85ad91508b6da03c92c98c58aeaa02424,017ac01f548823ca9fb26b92db5dd4130ff0d09a511c42d2374fd9002877e6cc,389,h2_pre_score_pairs_v1,2609,"sha256(seed,dataset,label,sample_id)_within_dataset_label",4e76aef0a62d2eb6430168d20678474c5767fbe15279cf8f95c4153f37310e3a
ASVspoof2019_LA,LA_E_7869654,LA_E_7869654,1,9492c4a85ad91508b6da03c92c98c58aeaa02424,017c3ba3d7330e3fb3cbbe97594cf918335be372c9c0958577a749c59312404a,390,h2_pre_score_pairs_v1,2609,"sha256(seed,dataset,label,sample_id)_within_dataset_label",4e76aef0a62d2eb6430168d20678474c5767fbe15279cf8f95c4153f37310e3a
ASVspoof2019_LA,LA_E_2956879,LA_E_2956879,1,9492c4a85ad91508b6da03c92c98c58aeaa02424,017c6424c0d8dfb8fe93a8c9f7b699c6dff544d37d3b7d82179d30398356e999,391,h2_pre_score_pairs_v1,2609,"sha256(seed,dataset,label,sample_id)_within_dataset_label",4e76aef0a62d2eb6430168d20678474c5767fbe15279cf8f95c4153f37310e3a
ASVspoof2019_LA,LA_E_6528297,LA_E_6528297,1,9492c4a85ad91508b6da03c92c98c58aeaa02424,017da42581509b8e014fc6be78762856e676315536b20e0315aa1446e36b1cc1,392,h2_pre_score_pairs_v1,2609,"sha256(seed,dataset,label,sample_id)_within_dataset_label",4e76aef0a62d2eb6430168d20678474c5767fbe15279cf8f95c4153f37310e3a
ASVspoof2019_LA,LA_E_7060788,LA_E_7060788,1,9492c4a85ad91508b6da03c92c98c58aeaa02424,01802b4d31d93b0f7cceec871b0566a9a6e31c12bc6ae56f3962704660910dc1,393,h2_pre_score_pairs_v1,2609,"sha256(seed,dataset,label,sample_id)_within_dataset_label",4e76aef0a62d2eb6430168d20678474c5767fbe15279cf8f95c4153f37310e3a
ASVspoof2019_LA,LA_E_1524190,LA_E_1524190,1,9492c4a85ad91508b6da03c92c98c58aeaa02424,0181a8e1f25750ecad7be16baa66a1e9ed48729e3eb0353befb58dbcc7503c48,394,h2_pre_score_pairs_v1,2609,"sha256(seed,dataset,label,sample_id)_within_dataset_label",4e76aef0a62d2eb6430168d20678474c5767fbe15279cf8f95c4153f37310e3a
ASVspoof2019_LA,LA_E_8770330,LA_E_8770330,1,9492c4a85ad91508b6da03c92c98c58aeaa02424,01830d2017ddbdf00db8bbb5dce52d2e95b5c99380d4cb92a18d041f23814aa4,395,h2_pre_score_pairs_v1,2609,"sha256(seed,dataset,label,sample_id)_within_dataset_label",4e76aef0a62d2eb6430168d20678474c5767fbe15279cf8f95c4153f37310e3a
ASVspoof2019_LA,LA_E_8667890,LA_E_8667890,1,9492c4a85ad91508b6da03c92c98c58aeaa02424,01837631dc1bf2c945e6d317bfb95588a48e93a9473ae4c240d48291419a7e0f,396,h2_pre_score_pairs_v1,2609,"sha256(seed,dataset,label,sample_id)_within_dataset_label",4e76aef0a62d2eb6430168d20678474c5767fbe15279cf8f95c4153f37310e3a
ASVspoof2019_LA,LA_E_4141498,LA_E_4141498,1,9492c4a85ad91508b6da03c92c98c58aeaa02424,0183f22cb687d3c9844cd23478b081d3200992f0722ddce46eb6d3c05565d230,397,h2_pre_score_pairs_v1,2609,"sha256(seed,dataset,label,sample_id)_within_dataset_label",4e76aef0a62d2eb6430168d20678474c5767fbe15279cf8f95c4153f37310e3a
ASVspoof2019_LA,LA_E_5157600,LA_E_5157600,1,9492c4a85ad91508b6da03c92c98c58aeaa02424,018410380323c5395fb0f9fe47b3c5f3d12d1f7856a645374a09c38d70742101,398,h2_pre_score_pairs_v1,2609,"sha256(seed,dataset,label,sample_id)_within_dataset_label",4e76aef0a62d2eb6430168d20678474c5767fbe15279cf8f95c4153f37310e3a
ASVspoof2019_LA,LA_E_1717912,LA_E_1717912,1,9492c4a85ad91508b6da03c92c98c58aeaa02424,018497b6a74af7b08e53564e258510563612b9aa26e09254b0b7f98e83e61c3e,399,h2_pre_score_pairs_v1,2609,"sha256(seed,dataset,label,sample_id)_within_dataset_label",4e76aef0a62d2eb6430168d20678474c5767fbe15279cf8f95c4153f37310e3a
ASVspoof2019_LA,LA_E_5804114,LA_E_5804114,1,9492c4a85ad91508b6da03c92c98c58aeaa02424,0186e33d35103f4ffd7d1e0fdbd181fccf7c522720dd68395916fb1964f7e1cc,400,h2_pre_score_pairs_v1,2609,"sha256(seed,dataset,label,sample_id)_within_dataset_label",4e76aef0a62d2eb6430168d20678474c5767fbe15279cf8f95c4153f37310e3a
ASVspoof2019_LA,LA_E_9785225,LA_E_9785225,1,9492c4a85ad91508b6da03c92c98c58aeaa02424,018a382fdcdcc65315256305b5874147328d887c379958950b49c0c01030338b,401,h2_pre_score_pairs_v1,2609,"sha256(seed,dataset,label,sample_id)_within_dataset_label",4e76aef0a62d2eb6430168d20678474c5767fbe15279cf8f95c4153f37310e3a
ASVspoof2019_LA,LA_E_7762400,LA_E_7762400,1,9492c4a85ad91508b6da03c92c98c58aeaa02424,018a48987e0236ba9f4bb577005ba312cd99d387038daee8209155deb6854039,402,h2_pre_score_pairs_v1,2609,"sha256(seed,dataset,label,sample_id)_within_dataset_label",4e76aef0a62d2eb6430168d20678474c5767fbe15279cf8f95c4153f37310e3a
ASVspoof2019_LA,LA_E_2302534,LA_E_2302534,1,9492c4a85ad91508b6da03c92c98c58aeaa02424,018a5ef7fca548a65e6c7859df15f37ac9fd2227772b57a0b371bcc5a6c52372,403,h2_pre_score_pairs_v1,2609,"sha256(seed,dataset,label,sample_id)_within_dataset_label",4e76aef0a62d2eb6430168d20678474c5767fbe15279cf8f95c4153f37310e3a
ASVspoof2019_LA,LA_E_4497015,LA_E_4497015,1,9492c4a85ad91508b6da03c92c98c58aeaa02424,018ac15a6ee600620550c6519f52099190419af54a9fe58960346ab6912da226,404,h2_pre_score_pairs_v1,2609,"sha256(seed,dataset,label,sample_id)_within_dataset_label",4e76aef0a62d2eb6430168d20678474c5767fbe15279cf8f95c4153f37310e3a
ASVspoof2019_LA,LA_E_9050207,LA_E_9050207,1,9492c4a85ad91508b6da03c92c98c58aeaa02424,018aec7643bf1958c848e4de0ed504adcc926ec8fbf6484beb70e279360ce13a,405,h2_pre_score_pairs_v1,2609,"sha256(seed,dataset,label,sample_id)_within_dataset_label",4e76aef0a62d2eb6430168d20678474c5767fbe15279cf8f95c4153f37310e3a
ASVspoof2019_LA,LA_E_2956152,LA_E_2956152,1,9492c4a85ad91508b6da03c92c98c58aeaa02424,018ba256ac251123c9d7cee53171999bed79413667e973266be14526a5ee25f0,406,h2_pre_score_pairs_v1,2609,"sha256(seed,dataset,label,sample_id)_within_dataset_label",4e76aef0a62d2eb6430168d20678474c5767fbe15279cf8f95c4153f37310e3a
ASVspoof2019_LA,LA_E_1678707,LA_E_1678707,1,9492c4a85ad91508b6da03c92c98c58aeaa02424,018c64c66e1e8eb928bcba96e35a32c13bb4dfffe3f0fb04278cbb4839484613,407,h2_pre_score_pairs_v1,2609,"sha256(seed,dataset,label,sample_id)_within_dataset_label",4e76aef0a62d2eb6430168d20678474c5767fbe15279cf8f95c4153f37310e3a
ASVspoof2019_LA,LA_E_7486392,LA_E_7486392,1,9492c4a85ad91508b6da03c92c98c58aeaa02424,018cd61fe55fe82382dfd8e19761aa6c47fb32619e5781f60e146e9d5b7ef38d,408,h2_pre_score_pairs_v1,2609,"sha256(seed,dataset,label,sample_id)_within_dataset_label",4e76aef0a62d2eb6430168d20678474c5767fbe15279cf8f95c4153f37310e3a
ASVspoof2019_LA,LA_E_7448937,LA_E_7448937,1,9492c4a85ad91508b6da03c92c98c58aeaa02424,018da5d4f1a255fddea9dde2ec615960a40ba80553277135a6e6f64abf8f8d19,409,h2_pre_score_pairs_v1,2609,"sha256(seed,dataset,label,sample_id)_within_dataset_label",4e76aef0a62d2eb6430168d20678474c5767fbe15279cf8f95c4153f37310e3a
ASVspoof2019_LA,LA_E_8554117,LA_E_8554117,1,9492c4a85ad91508b6da03c92c98c58aeaa02424,018e2be28bcd31d03b297415ce2fa706b9ec12602e575110c9d0c67aff887bd8,410,h2_pre_score_pairs_v1,2609,"sha256(seed,dataset,label,sample_id)_within_dataset_label",4e76aef0a62d2eb6430168d20678474c5767fbe15279cf8f95c4153f37310e3a
ASVspoof2019_LA,LA_E_1669410,LA_E_1669410,1,9492c4a85ad91508b6da03c92c98c58aeaa02424,018e4d9cd9a981769dd58a41f7c6d82cb6ba31bd5d8196a1b1b5346aa27b60c7,411,h2_pre_score_pairs_v1,2609,"sha256(seed,dataset,label,sample_id)_within_dataset_label",4e76aef0a62d2eb6430168d20678474c5767fbe15279cf8f95c4153f37310e3a
ASVspoof2019_LA,LA_E_3706645,LA_E_3706645,1,9492c4a85ad91508b6da03c92c98c58aeaa02424,018ee21eff69264ab38e50dd49580c4a76b74c4ae30440c8a236c1443c28ee93,412,h2_pre_score_pairs_v1,2609,"sha256(seed,dataset,label,sample_id)_within_dataset_label",4e76aef0a62d2eb6430168d20678474c5767fbe15279cf8f95c4153f37310e3a
ASVspoof2019_LA,LA_E_8464165,LA_E_8464165,1,9492c4a85ad91508b6da03c92c98c58aeaa02424,0190c643b2d8e9727e1fcbb5d99eba10da90e98b352d516bdc4bfb6390f1cbe3,413,h2_pre_score_pairs_v1,2609,"sha256(seed,dataset,label,sample_id)_within_dataset_label",4e76aef0a62d2eb6430168d20678474c5767fbe15279cf8f95c4153f37310e3a
ASVspoof2019_LA,LA_E_1833685,LA_E_1833685,1,9492c4a85ad91508b6da03c92c98c58aeaa02424,01911ca2ebc7e77ceb4dca3d8f40491d22856cbd2052931445558c0f1ef1b1e1,414,h2_pre_score_pairs_v1,2609,"sha256(seed,dataset,label,sample_id)_within_dataset_label",4e76aef0a62d2eb6430168d20678474c5767fbe15279cf8f95c4153f37310e3a
ASVspoof2019_LA,LA_E_7341445,LA_E_7341445,1,9492c4a85ad91508b6da03c92c98c58aeaa02424,01918203711f42a353f8a4363f0c3bb8ccfe9057ee73ecf1bdd27b9e1de3646b,415,h2_pre_score_pairs_v1,2609,"sha256(seed,dataset,label,sample_id)_within_dataset_label",4e76aef0a62d2eb6430168d20678474c5767fbe15279cf8f95c4153f37310e3a
ASVspoof2019_LA,LA_E_9989667,LA_E_9989667,1,9492c4a85ad91508b6da03c92c98c58aeaa02424,019315b664e7022133ed04c34973daad3ef5abf151d422cb3ccf40bc5461bb1e,416,h2_pre_score_pairs_v1,2609,"sha256(seed,dataset,label,sample_id)_within_dataset_label",4e76aef0a62d2eb6430168d20678474c5767fbe15279cf8f95c4153f37310e3a
ASVspoof2019_LA,LA_E_8362370,LA_E_8362370,1,9492c4a85ad91508b6da03c92c98c58aeaa02424,0193596d6e1bb686afb676ae5164540e7c697210b757d14b037176b98154aa21,417,h2_pre_score_pairs_v1,2609,"sha256(seed,dataset,label,sample_id)_within_dataset_label",4e76aef0a62d2eb6430168d20678474c5767fbe15279cf8f95c4153f37310e3a
ASVspoof2019_LA,LA_E_6718705,LA_E_6718705,1,9492c4a85ad91508b6da03c92c98c58aeaa02424,0193faf2a776c4b3288d15a1e4879ff5d83e64cb86b1714fa1dea535e908f102,418,h2_pre_score_pairs_v1,2609,"sha256(seed,dataset,label,sample_id)_within_dataset_label",4e76aef0a62d2eb6430168d20678474c5767fbe15279cf8f95c4153f37310e3a
ASVspoof2019_LA,LA_E_6631313,LA_E_6631313,1,9492c4a85ad91508b6da03c92c98c58aeaa02424,0195e7c5f6bee2c466c33b790551a4cfa24609a68608762cd2b50297f86403bc,419,h2_pre_score_pairs_v1,2609,"sha256(seed,dataset,label,sample_id)_within_dataset_label",4e76aef0a62d2eb6430168d20678474c5767fbe15279cf8f95c4153f37310e3a
ASVspoof2019_LA,LA_E_9366516,LA_E_9366516,1,9492c4a85ad91508b6da03c92c98c58aeaa02424,0199b0d0b1702f670607b1de60ca9011aade3d06f4644c980312946d61fde029,420,h2_pre_score_pairs_v1,2609,"sha256(seed,dataset,label,sample_id)_within_dataset_label",4e76aef0a62d2eb6430168d20678474c5767fbe15279cf8f95c4153f37310e3a
ASVspoof2019_LA,LA_E_4598658,LA_E_4598658,1,9492c4a85ad91508b6da03c92c98c58aeaa02424,019a465a5e39c97c5be551cfc9591c54a1168ef31a864aa403944b7ab74d93c3,421,h2_pre_score_pairs_v1,2609,"sha256(seed,dataset,label,sample_id)_within_dataset_label",4e76aef0a62d2eb6430168d20678474c5767fbe15279cf8f95c4153f37310e3a
ASVspoof2019_LA,LA_E_1826167,LA_E_1826167,1,9492c4a85ad91508b6da03c92c98c58aeaa02424,019afa49bd21d75214c6c6fa09cff2d0b78107e8f11e2b1abef1e73bbff78145,422,h2_pre_score_pairs_v1,2609,"sha256(seed,dataset,label,sample_id)_within_dataset_label",4e76aef0a62d2eb6430168d20678474c5767fbe15279cf8f95c4153f37310e3a
ASVspoof2019_LA,LA_E_7349258,LA_E_7349258,1,9492c4a85ad91508b6da03c92c98c58aeaa02424,019b758eab551265c32875b751b4141a7762bddcfb942001c441b027c83df77a,423,h2_pre_score_pairs_v1,2609,"sha256(seed,dataset,label,sample_id)_within_dataset_label",4e76aef0a62d2eb6430168d20678474c5767fbe15279cf8f95c4153f37310e3a
ASVspoof2019_LA,LA_E_4847733,LA_E_4847733,1,9492c4a85ad91508b6da03c92c98c58aeaa02424,019cd575d284108bc040d7e91f1f0df14f8a5f63e97f89422c43ad99d434e672,424,h2_pre_score_pairs_v1,2609,"sha256(seed,dataset,label,sample_id)_within_dataset_label",4e76aef0a62d2eb6430168d20678474c5767fbe15279cf8f95c4153f37310e3a
ASVspoof2019_LA,LA_E_1592977,LA_E_1592977,1,9492c4a85ad91508b6da03c92c98c58aeaa02424,019d3e0d03db248f3266f934c68e70144e638aab8a000f8416206f00e9daaf72,425,h2_pre_score_pairs_v1,2609,"sha256(seed,dataset,label,sample_id)_within_dataset_label",4e76aef0a62d2eb6430168d20678474c5767fbe15279cf8f95c4153f37310e3a
ASVspoof2019_LA,LA_E_7089854,LA_E_7089854,1,9492c4a85ad91508b6da03c92c98c58aeaa02424,019e9ac629bf4892dbff8ba6013fe4c06b3adc0c3a25da5a193db889137c342b,426,h2_pre_score_pairs_v1,2609,"sha256(seed,dataset,label,sample_id)_within_dataset_label",4e76aef0a62d2eb6430168d20678474c5767fbe15279cf8f95c4153f37310e3a
ASVspoof2019_LA,LA_E_4044011,LA_E_4044011,1,9492c4a85ad91508b6da03c92c98c58aeaa02424,019f378760685baedbd36dd9386d00695f568c39ad617bc21005e2248459db23,427,h2_pre_score_pairs_v1,2609,"sha256(seed,dataset,label,sample_id)_within_dataset_label",4e76aef0a62d2eb6430168d20678474c5767fbe15279cf8f95c4153f37310e3a
ASVspoof2019_LA,LA_E_4865947,LA_E_4865947,1,9492c4a85ad91508b6da03c92c98c58aeaa02424,01a09a297d50192468714c6be24dfddfe042f7a14d9b325d776305def8e94b12,428,h2_pre_score_pairs_v1,2609,"sha256(seed,dataset,label,sample_id)_within_dataset_label",4e76aef0a62d2eb6430168d20678474c5767fbe15279cf8f95c4153f37310e3a
ASVspoof2019_LA,LA_E_5044186,LA_E_5044186,1,9492c4a85ad91508b6da03c92c98c58aeaa02424,01a160637f9d6386d8bdfd0e65efd91654688ab04c9c9aa119ff97bd51ef282f,429,h2_pre_score_pairs_v1,2609,"sha256(seed,dataset,label,sample_id)_within_dataset_label",4e76aef0a62d2eb6430168d20678474c5767fbe15279cf8f95c4153f37310e3a
ASVspoof2019_LA,LA_E_9069371,LA_E_9069371,1,9492c4a85ad91508b6da03c92c98c58aeaa02424,01a1656566c3752db340a3581194c67749592e66391bb4aaf431cd2a53474ebc,430,h2_pre_score_pairs_v1,2609,"sha256(seed,dataset,label,sample_id)_within_dataset_label",4e76aef0a62d2eb6430168d20678474c5767fbe15279cf8f95c4153f37310e3a
ASVspoof2019_LA,LA_E_6881302,LA_E_6881302,1,9492c4a85ad91508b6da03c92c98c58aeaa02424,01a241d6abfafd91c8c441b139fb0521226880d7fb98a7d07a5570636bf0896d,431,h2_pre_score_pairs_v1,2609,"sha256(seed,dataset,label,sample_id)_within_dataset_label",4e76aef0a62d2eb6430168d20678474c5767fbe15279cf8f95c4153f37310e3a
ASVspoof2019_LA,LA_E_2305439,LA_E_2305439,1,9492c4a85ad91508b6da03c92c98c58aeaa02424,01a29707712795f31461879ed07ab18905837cfdcb34bc52f95d5724622c64c5,432,h2_pre_score_pairs_v1,2609,"sha256(seed,dataset,label,sample_id)_within_dataset_label",4e76aef0a62d2eb6430168d20678474c5767fbe15279cf8f95c4153f37310e3a
ASVspoof2019_LA,LA_E_5437885,LA_E_5437885,1,9492c4a85ad91508b6da03c92c98c58aeaa02424,01a37db3feb9f667e0209ff1d00bc4ef8864d86428b97846994f68cb9091f23c,433,h2_pre_score_pairs_v1,2609,"sha256(seed,dataset,label,sample_id)_within_dataset_label",4e76aef0a62d2eb6430168d20678474c5767fbe15279cf8f95c4153f37310e3a
ASVspoof2019_LA,LA_E_9432034,LA_E_9432034,1,9492c4a85ad91508b6da03c92c98c58aeaa02424,01a412992ca7cda740e3457980b6dd2f3a65334259b70245915b28c61871bc4d,434,h2_pre_score_pairs_v1,2609,"sha256(seed,dataset,label,sample_id)_within_dataset_label",4e76aef0a62d2eb6430168d20678474c5767fbe15279cf8f95c4153f37310e3a
ASVspoof2019_LA,LA_E_4596963,LA_E_4596963,1,9492c4a85ad91508b6da03c92c98c58aeaa02424,01a49ef1c767c29328ff2d94440f4ce5fec07e5639d0f39a8ff501677a27f2c7,435,h2_pre_score_pairs_v1,2609,"sha256(seed,dataset,label,sample_id)_within_dataset_label",4e76aef0a62d2eb6430168d20678474c5767fbe15279cf8f95c4153f37310e3a
ASVspoof2019_LA,LA_E_3498443,LA_E_3498443,1,9492c4a85ad91508b6da03c92c98c58aeaa02424,01a6857dc4f8b734044444c3020c2c19626d568a7d49cd999b53e9135ca73c69,436,h2_pre_score_pairs_v1,2609,"sha256(seed,dataset,label,sample_id)_within_dataset_label",4e76aef0a62d2eb6430168d20678474c5767fbe15279cf8f95c4153f37310e3a
ASVspoof2019_LA,LA_E_1878973,LA_E_1878973,1,9492c4a85ad91508b6da03c92c98c58aeaa02424,01a754e633ed21756a62f30db5d4ef0f27f71a2720eb37a046a29e6e50a5c49a,437,h2_pre_score_pairs_v1,2609,"sha256(seed,dataset,label,sample_id)_within_dataset_label",4e76aef0a62d2eb6430168d20678474c5767fbe15279cf8f95c4153f37310e3a
ASVspoof2019_LA,LA_E_4569001,LA_E_4569001,1,9492c4a85ad91508b6da03c92c98c58aeaa02424,01a897ae2826eb1132da3a3d487f8a7a38207d5bdf7a92cda9d62c1622865a55,438,h2_pre_score_pairs_v1,2609,"sha256(seed,dataset,label,sample_id)_within_dataset_label",4e76aef0a62d2eb6430168d20678474c5767fbe15279cf8f95c4153f37310e3a
ASVspoof2019_LA,LA_E_1865843,LA_E_1865843,1,9492c4a85ad91508b6da03c92c98c58aeaa02424,01ab76c39b7d8045ebf97f50b16b09f19fa87a5adc07763565c97c9c9a1a7eb1,439,h2_pre_score_pairs_v1,2609,"sha256(seed,dataset,label,sample_id)_within_dataset_label",4e76aef0a62d2eb6430168d20678474c5767fbe15279cf8f95c4153f37310e3a
ASVspoof2019_LA,LA_E_5145130,LA_E_5145130,1,9492c4a85ad91508b6da03c92c98c58aeaa02424,01ac0e135fc76fc6753bdf2dd128a71ee04d171f3e83cb9f6cb90df08b50003a,440,h2_pre_score_pairs_v1,2609,"sha256(seed,dataset,label,sample_id)_within_dataset_label",4e76aef0a62d2eb6430168d20678474c5767fbe15279cf8f95c4153f37310e3a
ASVspoof2019_LA,LA_E_7115095,LA_E_7115095,1,9492c4a85ad91508b6da03c92c98c58aeaa02424,01accf881b02082fac0c73f14febe7402ee482a0b11cb8afce5912701d654f3c,441,h2_pre_score_pairs_v1,2609,"sha256(seed,dataset,label,sample_id)_within_dataset_label",4e76aef0a62d2eb6430168d20678474c5767fbe15279cf8f95c4153f37310e3a
ASVspoof2019_LA,LA_E_7082564,LA_E_7082564,1,9492c4a85ad91508b6da03c92c98c58aeaa02424,01ad13e3ad7f8eb24adf0a6d1ab6fa0db5879e2a8d6875ec8f53d518d7afd997,442,h2_pre_score_pairs_v1,2609,"sha256(seed,dataset,label,sample_id)_within_dataset_label",4e76aef0a62d2eb6430168d20678474c5767fbe15279cf8f95c4153f37310e3a
ASVspoof2019_LA,LA_E_9957254,LA_E_9957254,1,9492c4a85ad91508b6da03c92c98c58aeaa02424,01ad2461bb5d16124a87db48de59112d8ceb131a267a655fc7461f8bb4af10de,443,h2_pre_score_pairs_v1,2609,"sha256(seed,dataset,label,sample_id)_within_dataset_label",4e76aef0a62d2eb6430168d20678474c5767fbe15279cf8f95c4153f37310e3a
ASVspoof2019_LA,LA_E_8221583,LA_E_8221583,1,9492c4a85ad91508b6da03c92c98c58aeaa02424,01af0987464a16931cc88fe15d6bb624baf864e8feea33ab34b4a280aadaf14c,444,h2_pre_score_pairs_v1,2609,"sha256(seed,dataset,label,sample_id)_within_dataset_label",4e76aef0a62d2eb6430168d20678474c5767fbe15279cf8f95c4153f37310e3a
ASVspoof2019_LA,LA_E_7153175,LA_E_7153175,1,9492c4a85ad91508b6da03c92c98c58aeaa02424,01af92fbec136f44f8c1cbdf47b341dd8b235970bac8972e4ab1e67cb468a92e,445,h2_pre_score_pairs_v1,2609,"sha256(seed,dataset,label,sample_id)_within_dataset_label",4e76aef0a62d2eb6430168d20678474c5767fbe15279cf8f95c4153f37310e3a
ASVspoof2019_LA,LA_E_2132036,LA_E_2132036,1,9492c4a85ad91508b6da03c92c98c58aeaa02424,01afceb60c35b992a2570ae01eb84fe95e4990bc9d00170e8ce52137ef689cd3,446,h2_pre_score_pairs_v1,2609,"sha256(seed,dataset,label,sample_id)_within_dataset_label",4e76aef0a62d2eb6430168d20678474c5767fbe15279cf8f95c4153f37310e3a
ASVspoof2019_LA,LA_E_6136020,LA_E_6136020,1,9492c4a85ad91508b6da03c92c98c58aeaa02424,01b1848d9af5e5fcd2e93f0d5563961d019b650473a80f92645469264f743704,447,h2_pre_score_pairs_v1,2609,"sha256(seed,dataset,label,sample_id)_within_dataset_label",4e76aef0a62d2eb6430168d20678474c5767fbe15279cf8f95c4153f37310e3a
ASVspoof2019_LA,LA_E_7929992,LA_E_7929992,1,9492c4a85ad91508b6da03c92c98c58aeaa02424,01b19a600f33b63e8ff020352b0ba5c8881f7565d75b48f499d80a93d53d8c94,448,h2_pre_score_pairs_v1,2609,"sha256(seed,dataset,label,sample_id)_within_dataset_label",4e76aef0a62d2eb6430168d20678474c5767fbe15279cf8f95c4153f37310e3a
ASVspoof2019_LA,LA_E_2456748,LA_E_2456748,1,9492c4a85ad91508b6da03c92c98c58aeaa02424,01b30f308834d8b41f85f8ad7e271f34840dc74346aefb555303a89db1fea701,449,h2_pre_score_pairs_v1,2609,"sha256(seed,dataset,label,sample_id)_within_dataset_label",4e76aef0a62d2eb6430168d20678474c5767fbe15279cf8f95c4153f37310e3a
ASVspoof2019_LA,LA_E_2881709,LA_E_2881709,1,9492c4a85ad91508b6da03c92c98c58aeaa02424,01b34110d024723085c600d4c8f8b285c98c29ff5ad30e829dc1ca3f8e950e21,450,h2_pre_score_pairs_v1,2609,"sha256(seed,dataset,label,sample_id)_within_dataset_label",4e76aef0a62d2eb6430168d20678474c5767fbe15279cf8f95c4153f37310e3a
ASVspoof2019_LA,LA_E_2639704,LA_E_2639704,1,9492c4a85ad91508b6da03c92c98c58aeaa02424,01b38378f70521fa0e3c70776a5217dcbef68a62e68fb464f0e43beb76d53a81,451,h2_pre_score_pairs_v1,2609,"sha256(seed,dataset,label,sample_id)_within_dataset_label",4e76aef0a62d2eb6430168d20678474c5767fbe15279cf8f95c4153f37310e3a
ASVspoof2019_LA,LA_E_9019872,LA_E_9019872,1,9492c4a85ad91508b6da03c92c98c58aeaa02424,01b620074625b765b806c007d84feb03021df443afbbf51c5fa674ceb227765c,452,h2_pre_score_pairs_v1,2609,"sha256(seed,dataset,label,sample_id)_within_dataset_label",4e76aef0a62d2eb6430168d20678474c5767fbe15279cf8f95c4153f37310e3a
ASVspoof2019_LA,LA_E_7446726,LA_E_7446726,1,9492c4a85ad91508b6da03c92c98c58aeaa02424,01b7b6b59a3cadc7e8a3fa4a0baefcda5260dedcf1c59f7b90a9a8532dc6ed8b,453,h2_pre_score_pairs_v1,2609,"sha256(seed,dataset,label,sample_id)_within_dataset_label",4e76aef0a62d2eb6430168d20678474c5767fbe15279cf8f95c4153f37310e3a
ASVspoof2019_LA,LA_E_9202856,LA_E_9202856,1,9492c4a85ad91508b6da03c92c98c58aeaa02424,01b8202c584b6867812790228d356a260ebfc42c962b170dc72636dd81b952fc,454,h2_pre_score_pairs_v1,2609,"sha256(seed,dataset,label,sample_id)_within_dataset_label",4e76aef0a62d2eb6430168d20678474c5767fbe15279cf8f95c4153f37310e3a
ASVspoof2019_LA,LA_E_4185028,LA_E_4185028,1,9492c4a85ad91508b6da03c92c98c58aeaa02424,01b8e6db0f814b0775dd24fa7ce3b5933d66492b056b83ff056419c4755b4b6b,455,h2_pre_score_pairs_v1,2609,"sha256(seed,dataset,label,sample_id)_within_dataset_label",4e76aef0a62d2eb6430168d20678474c5767fbe15279cf8f95c4153f37310e3a
ASVspoof2019_LA,LA_E_8094995,LA_E_8094995,1,9492c4a85ad91508b6da03c92c98c58aeaa02424,01b8f74860afae7c2649abfd09e85791ee350e9ca44e9337ab5deb9c50a9fa02,456,h2_pre_score_pairs_v1,2609,"sha256(seed,dataset,label,sample_id)_within_dataset_label",4e76aef0a62d2eb6430168d20678474c5767fbe15279cf8f95c4153f37310e3a
ASVspoof2019_LA,LA_E_4133659,LA_E_4133659,1,9492c4a85ad91508b6da03c92c98c58aeaa02424,01b99b7dcf380edb38cb6a66a84a0bf3ccae9307d04a32ea04b65f62e02c260f,457,h2_pre_score_pairs_v1,2609,"sha256(seed,dataset,label,sample_id)_within_dataset_label",4e76aef0a62d2eb6430168d20678474c5767fbe15279cf8f95c4153f37310e3a
ASVspoof2019_LA,LA_E_5469608,LA_E_5469608,1,9492c4a85ad91508b6da03c92c98c58aeaa02424,01bab46a1ba9a3975d358ecbb5f9e37d3d31d651beb8ad360b6c2492f004e22c,458,h2_pre_score_pairs_v1,2609,"sha256(seed,dataset,label,sample_id)_within_dataset_label",4e76aef0a62d2eb6430168d20678474c5767fbe15279cf8f95c4153f37310e3a
ASVspoof2019_LA,LA_E_1814149,LA_E_1814149,1,9492c4a85ad91508b6da03c92c98c58aeaa02424,01bb1a582419686055e9a785894d51c52f0d82126ad5c02f503e7f7c01bea80b,459,h2_pre_score_pairs_v1,2609,"sha256(seed,dataset,label,sample_id)_within_dataset_label",4e76aef0a62d2eb6430168d20678474c5767fbe15279cf8f95c4153f37310e3a
ASVspoof2019_LA,LA_E_5153153,LA_E_5153153,1,9492c4a85ad91508b6da03c92c98c58aeaa02424,01bb6b637350b1b984fdcc6f4b6969b9f6475fe0c47e0ad13341e114c494a021,460,h2_pre_score_pairs_v1,2609,"sha256(seed,dataset,label,sample_id)_within_dataset_label",4e76aef0a62d2eb6430168d20678474c5767fbe15279cf8f95c4153f37310e3a
ASVspoof2019_LA,LA_E_8226901,LA_E_8226901,1,9492c4a85ad91508b6da03c92c98c58aeaa02424,01c01a6c58898d28b90f7ff9d94d8dd64045fdc174e408cf226d5bbbaca537ac,461,h2_pre_score_pairs_v1,2609,"sha256(seed,dataset,label,sample_id)_within_dataset_label",4e76aef0a62d2eb6430168d20678474c5767fbe15279cf8f95c4153f37310e3a
ASVspoof2019_LA,LA_E_8371290,LA_E_8371290,1,9492c4a85ad91508b6da03c92c98c58aeaa02424,01c0dd8b676dd6ae1180f0598d1a06bb2c893053207dccc6f556f79c9503310a,462,h2_pre_score_pairs_v1,2609,"sha256(seed,dataset,label,sample_id)_within_dataset_label",4e76aef0a62d2eb6430168d20678474c5767fbe15279cf8f95c4153f37310e3a
ASVspoof2019_LA,LA_E_5865330,LA_E_5865330,1,9492c4a85ad91508b6da03c92c98c58aeaa02424,01c3e057d065fb0f416fbb5ee0050f1d3d1cc66c89bc294ee5645b248ca7bafd,463,h2_pre_score_pairs_v1,2609,"sha256(seed,dataset,label,sample_id)_within_dataset_label",4e76aef0a62d2eb6430168d20678474c5767fbe15279cf8f95c4153f37310e3a
ASVspoof2019_LA,LA_E_8698840,LA_E_8698840,1,9492c4a85ad91508b6da03c92c98c58aeaa02424,01c3f50e8645445853bd841022df63ab1f18fd06e7e2f39ee8718d885659fcad,464,h2_pre_score_pairs_v1,2609,"sha256(seed,dataset,label,sample_id)_within_dataset_label",4e76aef0a62d2eb6430168d20678474c5767fbe15279cf8f95c4153f37310e3a
ASVspoof2019_LA,LA_E_6133546,LA_E_6133546,1,9492c4a85ad91508b6da03c92c98c58aeaa02424,01c462094623dde24598962c92b3ff92700fdc88118eec9f1033308973fde7e9,465,h2_pre_score_pairs_v1,2609,"sha256(seed,dataset,label,sample_id)_within_dataset_label",4e76aef0a62d2eb6430168d20678474c5767fbe15279cf8f95c4153f37310e3a
ASVspoof2019_LA,LA_E_9502983,LA_E_9502983,1,9492c4a85ad91508b6da03c92c98c58aeaa02424,01c6647445a5d4389e5b7016d7ac3178ae6a3da7709cc730056f06144ac9da5e,466,h2_pre_score_pairs_v1,2609,"sha256(seed,dataset,label,sample_id)_within_dataset_label",4e76aef0a62d2eb6430168d20678474c5767fbe15279cf8f95c4153f37310e3a
ASVspoof2019_LA,LA_E_4883882,LA_E_4883882,1,9492c4a85ad91508b6da03c92c98c58aeaa02424,01c6c3d25cfbb58939bb7610a6b46f5bc0aa5affb59346190999c1428613abb8,467,h2_pre_score_pairs_v1,2609,"sha256(seed,dataset,label,sample_id)_within_dataset_label",4e76aef0a62d2eb6430168d20678474c5767fbe15279cf8f95c4153f37310e3a
ASVspoof2019_LA,LA_E_7875385,LA_E_7875385,1,9492c4a85ad91508b6da03c92c98c58aeaa02424,01c790033f16d59633e733cf1632e4f7c0d165cef69f32a00cca091320250a22,468,h2_pre_score_pairs_v1,2609,"sha256(seed,dataset,label,sample_id)_within_dataset_label",4e76aef0a62d2eb6430168d20678474c5767fbe15279cf8f95c4153f37310e3a
ASVspoof2019_LA,LA_E_9523006,LA_E_9523006,1,9492c4a85ad91508b6da03c92c98c58aeaa02424,01ca38c4f971165b84ecd317d348c9d1e724db25c6298ab087f6450505c2d6d2,469,h2_pre_score_pairs_v1,2609,"sha256(seed,dataset,label,sample_id)_within_dataset_label",4e76aef0a62d2eb6430168d20678474c5767fbe15279cf8f95c4153f37310e3a
ASVspoof2019_LA,LA_E_6324208,LA_E_6324208,1,9492c4a85ad91508b6da03c92c98c58aeaa02424,01ca45670c16e6e6ccc6253f067b7ee8e5ce6ddd6ca89d6e0ca9499825dd8b0a,470,h2_pre_score_pairs_v1,2609,"sha256(seed,dataset,label,sample_id)_within_dataset_label",4e76aef0a62d2eb6430168d20678474c5767fbe15279cf8f95c4153f37310e3a
ASVspoof2019_LA,LA_E_5732034,LA_E_5732034,1,9492c4a85ad91508b6da03c92c98c58aeaa02424,01ce87377d3b22e84c3949ea4d96d7bfdd31a8c42187dbbb0d3bf939e0de4fc8,471,h2_pre_score_pairs_v1,2609,"sha256(seed,dataset,label,sample_id)_within_dataset_label",4e76aef0a62d2eb6430168d20678474c5767fbe15279cf8f95c4153f37310e3a
ASVspoof2019_LA,LA_E_4149484,LA_E_4149484,1,9492c4a85ad91508b6da03c92c98c58aeaa02424,01cec2e080135a6959263c35f283b8a4fc6f65a754853e7628234643a2a2d7e5,472,h2_pre_score_pairs_v1,2609,"sha256(seed,dataset,label,sample_id)_within_dataset_label",4e76aef0a62d2eb6430168d20678474c5767fbe15279cf8f95c4153f37310e3a
ASVspoof2019_LA,LA_E_5171733,LA_E_5171733,1,9492c4a85ad91508b6da03c92c98c58aeaa02424,01cf2befb85cb72d46d9a78045a6fcc3c754fecdcc35f8bd16ec9ba1ba64fe03,473,h2_pre_score_pairs_v1,2609,"sha256(seed,dataset,label,sample_id)_within_dataset_label",4e76aef0a62d2eb6430168d20678474c5767fbe15279cf8f95c4153f37310e3a
ASVspoof2019_LA,LA_E_3835788,LA_E_3835788,1,9492c4a85ad91508b6da03c92c98c58aeaa02424,01d485721bebaa792a5ba2cf530ae2ca578c72c7ccb432015d5fba8dbf3d2f01,474,h2_pre_score_pairs_v1,2609,"sha256(seed,dataset,label,sample_id)_within_dataset_label",4e76aef0a62d2eb6430168d20678474c5767fbe15279cf8f95c4153f37310e3a
ASVspoof2019_LA,LA_E_1092535,LA_E_1092535,1,9492c4a85ad91508b6da03c92c98c58aeaa02424,01d4d7708ab1e515b4f5c22cfc30fa4551191e57dd8688a8bd05049c8ca0e84b,475,h2_pre_score_pairs_v1,2609,"sha256(seed,dataset,label,sample_id)_within_dataset_label",4e76aef0a62d2eb6430168d20678474c5767fbe15279cf8f95c4153f37310e3a
ASVspoof2019_LA,LA_E_2217776,LA_E_2217776,1,9492c4a85ad91508b6da03c92c98c58aeaa02424,01d535c095c0199088945d35025bc64cca73ee64cc3b3dc3506914a9223112d8,476,h2_pre_score_pairs_v1,2609,"sha256(seed,dataset,label,sample_id)_within_dataset_label",4e76aef0a62d2eb6430168d20678474c5767fbe15279cf8f95c4153f37310e3a
ASVspoof2019_LA,LA_E_7083906,LA_E_7083906,1,9492c4a85ad91508b6da03c92c98c58aeaa02424,01d539f7035a999752027d6bcb14aaed27504233e51f1dce1137edab67bfa14c,477,h2_pre_score_pairs_v1,2609,"sha256(seed,dataset,label,sample_id)_within_dataset_label",4e76aef0a62d2eb6430168d20678474c5767fbe15279cf8f95c4153f37310e3a
ASVspoof2019_LA,LA_E_7106951,LA_E_7106951,1,9492c4a85ad91508b6da03c92c98c58aeaa02424,01d675830caa1c50c5774c658725a346081aa703be76c2c39110c2d2e1fd466a,478,h2_pre_score_pairs_v1,2609,"sha256(seed,dataset,label,sample_id)_within_dataset_label",4e76aef0a62d2eb6430168d20678474c5767fbe15279cf8f95c4153f37310e3a
ASVspoof2019_LA,LA_E_8331443,LA_E_8331443,1,9492c4a85ad91508b6da03c92c98c58aeaa02424,01d97acfc0c8d2996d10ac940721bb5b62bc0d0cd96d404c74db81bb13bdcce2,479,h2_pre_score_pairs_v1,2609,"sha256(seed,dataset,label,sample_id)_within_dataset_label",4e76aef0a62d2eb6430168d20678474c5767fbe15279cf8f95c4153f37310e3a
ASVspoof2019_LA,LA_E_8005209,LA_E_8005209,1,9492c4a85ad91508b6da03c92c98c58aeaa02424,01da46b74c4c0a7e0417f52370849dce5e8d6be7fda87e5dd810eee4d22e08d8,480,h2_pre_score_pairs_v1,2609,"sha256(seed,dataset,label,sample_id)_within_dataset_label",4e76aef0a62d2eb6430168d20678474c5767fbe15279cf8f95c4153f37310e3a
ASVspoof2019_LA,LA_E_2060274,LA_E_2060274,1,9492c4a85ad91508b6da03c92c98c58aeaa02424,01db90469223be2aaafbef5ec75f9cbf5a80d3f4d9dacdacab6a6ae9079496ad,481,h2_pre_score_pairs_v1,2609,"sha256(seed,dataset,label,sample_id)_within_dataset_label",4e76aef0a62d2eb6430168d20678474c5767fbe15279cf8f95c4153f37310e3a
ASVspoof2019_LA,LA_E_8027285,LA_E_8027285,1,9492c4a85ad91508b6da03c92c98c58aeaa02424,01dccf1e866a6096a925d22448738a0c426597b5181885f569db66fb80f4e38c,482,h2_pre_score_pairs_v1,2609,"sha256(seed,dataset,label,sample_id)_within_dataset_label",4e76aef0a62d2eb6430168d20678474c5767fbe15279cf8f95c4153f37310e3a
ASVspoof2019_LA,LA_E_1576214,LA_E_1576214,1,9492c4a85ad91508b6da03c92c98c58aeaa02424,01df9c33b74a1e16b9dd35661c3c26d1c176d4f65d049a75319ae9b1c3e47aa3,483,h2_pre_score_pairs_v1,2609,"sha256(seed,dataset,label,sample_id)_within_dataset_label",4e76aef0a62d2eb6430168d20678474c5767fbe15279cf8f95c4153f37310e3a
ASVspoof2019_LA,LA_E_4347578,LA_E_4347578,1,9492c4a85ad91508b6da03c92c98c58aeaa02424,01e0e7202a17bd0f1ec1fcfc4bc6dd8f381bae605589af2be97de20e9b19693d,484,h2_pre_score_pairs_v1,2609,"sha256(seed,dataset,label,sample_id)_within_dataset_label",4e76aef0a62d2eb6430168d20678474c5767fbe15279cf8f95c4153f37310e3a
ASVspoof2019_LA,LA_E_7556980,LA_E_7556980,1,9492c4a85ad91508b6da03c92c98c58aeaa02424,01e25e613bfe13d975ea62908bb5d3909f9a4c0bd9a67dca273739de344988d0,485,h2_pre_score_pairs_v1,2609,"sha256(seed,dataset,label,sample_id)_within_dataset_label",4e76aef0a62d2eb6430168d20678474c5767fbe15279cf8f95c4153f37310e3a
ASVspoof2019_LA,LA_E_7476525,LA_E_7476525,1,9492c4a85ad91508b6da03c92c98c58aeaa02424,01e3aeaf78a7597bd67bdfa28a69c8b35b13dddec932aa8d344514832314977f,486,h2_pre_score_pairs_v1,2609,"sha256(seed,dataset,label,sample_id)_within_dataset_label",4e76aef0a62d2eb6430168d20678474c5767fbe15279cf8f95c4153f37310e3a
ASVspoof2019_LA,LA_E_1418366,LA_E_1418366,1,9492c4a85ad91508b6da03c92c98c58aeaa02424,01e403f357d26fa9ca0d1c0e289fc4c63cd9f4e251b809245af862e73a320d45,487,h2_pre_score_pairs_v1,2609,"sha256(seed,dataset,label,sample_id)_within_dataset_label",4e76aef0a62d2eb6430168d20678474c5767fbe15279cf8f95c4153f37310e3a
ASVspoof2019_LA,LA_E_1134351,LA_E_1134351,1,9492c4a85ad91508b6da03c92c98c58aeaa02424,01e429a7875745cd0f469d7acdca57f22a60727898978a2f45d4af6d5f4e27e8,488,h2_pre_score_pairs_v1,2609,"sha256(seed,dataset,label,sample_id)_within_dataset_label",4e76aef0a62d2eb6430168d20678474c5767fbe15279cf8f95c4153f37310e3a
ASVspoof2019_LA,LA_E_8745702,LA_E_8745702,1,9492c4a85ad91508b6da03c92c98c58aeaa02424,01e6674078790ea5f6ebba3ae48b9f21a55e9f8ae3cd69f2b51c2e07f3510ec6,489,h2_pre_score_pairs_v1,2609,"sha256(seed,dataset,label,sample_id)_within_dataset_label",4e76aef0a62d2eb6430168d20678474c5767fbe15279cf8f95c4153f37310e3a
ASVspoof2019_LA,LA_E_3101450,LA_E_3101450,1,9492c4a85ad91508b6da03c92c98c58aeaa02424,01e7fdada7b2401dc150ef78a3ccbb9f010449478660138580837bcc6da26b9c,490,h2_pre_score_pairs_v1,2609,"sha256(seed,dataset,label,sample_id)_within_dataset_label",4e76aef0a62d2eb6430168d20678474c5767fbe15279cf8f95c4153f37310e3a
ASVspoof2019_LA,LA_E_2231054,LA_E_2231054,1,9492c4a85ad91508b6da03c92c98c58aeaa02424,01e7fee5b7646a8e7051db062bffc23844624a88a3f527a1d9cacf416c9f1d22,491,h2_pre_score_pairs_v1,2609,"sha256(seed,dataset,label,sample_id)_within_dataset_label",4e76aef0a62d2eb6430168d20678474c5767fbe15279cf8f95c4153f37310e3a
ASVspoof2019_LA,LA_E_7506309,LA_E_7506309,1,9492c4a85ad91508b6da03c92c98c58aeaa02424,01e98558d2b8c94d271d0832fa7c687fb5668c776a302da401e97ebd81a55185,492,h2_pre_score_pairs_v1,2609,"sha256(seed,dataset,label,sample_id)_within_dataset_label",4e76aef0a62d2eb6430168d20678474c5767fbe15279cf8f95c4153f37310e3a
ASVspoof2019_LA,LA_E_8810765,LA_E_8810765,1,9492c4a85ad91508b6da03c92c98c58aeaa02424,01ebbb9872004723644be58800148e33df6841efdd7c86aa42a503e7a992d4b2,493,h2_pre_score_pairs_v1,2609,"sha256(seed,dataset,label,sample_id)_within_dataset_label",4e76aef0a62d2eb6430168d20678474c5767fbe15279cf8f95c4153f37310e3a
ASVspoof2019_LA,LA_E_2711709,LA_E_2711709,1,9492c4a85ad91508b6da03c92c98c58aeaa02424,01ec8a3317a8c696f60f0680b90bd2c5ecd787e5cca8b5410be58d79685b673d,494,h2_pre_score_pairs_v1,2609,"sha256(seed,dataset,label,sample_id)_within_dataset_label",4e76aef0a62d2eb6430168d20678474c5767fbe15279cf8f95c4153f37310e3a
ASVspoof2019_LA,LA_E_4905910,LA_E_4905910,1,9492c4a85ad91508b6da03c92c98c58aeaa02424,01eca7c4688a402e5fa616bb1851255692b510b90ae9fb60d95e5aba8fb68e04,495,h2_pre_score_pairs_v1,2609,"sha256(seed,dataset,label,sample_id)_within_dataset_label",4e76aef0a62d2eb6430168d20678474c5767fbe15279cf8f95c4153f37310e3a
ASVspoof2019_LA,LA_E_1473368,LA_E_1473368,1,9492c4a85ad91508b6da03c92c98c58aeaa02424,01ecdbb2bc882791f514d8eb27439ed2ea6cc30028b808d2d0a4ea740b6c932e,496,h2_pre_score_pairs_v1,2609,"sha256(seed,dataset,label,sample_id)_within_dataset_label",4e76aef0a62d2eb6430168d20678474c5767fbe15279cf8f95c4153f37310e3a
ASVspoof2019_LA,LA_E_8686006,LA_E_8686006,1,9492c4a85ad91508b6da03c92c98c58aeaa02424,01ecf7dfbd65e4e08497000c0780d89c3864f2057892600a09b7f547d65d8ec4,497,h2_pre_score_pairs_v1,2609,"sha256(seed,dataset,label,sample_id)_within_dataset_label",4e76aef0a62d2eb6430168d20678474c5767fbe15279cf8f95c4153f37310e3a
ASVspoof2019_LA,LA_E_2709342,LA_E_2709342,1,9492c4a85ad91508b6da03c92c98c58aeaa02424,01eda587c7f42b27ae9c096a2a0ead735f066bc4ebd635b8d4efd596848ffc10,498,h2_pre_score_pairs_v1,2609,"sha256(seed,dataset,label,sample_id)_within_dataset_label",4e76aef0a62d2eb6430168d20678474c5767fbe15279cf8f95c4153f37310e3a
ASVspoof2019_LA,LA_E_4384214,LA_E_4384214,1,9492c4a85ad91508b6da03c92c98c58aeaa02424,01eeaa497b4fa92d3a163f527aa1aea91017cdc93329afb2cf57034ebbf327a2,499,h2_pre_score_pairs_v1,2609,"sha256(seed,dataset,label,sample_id)_within_dataset_label",4e76aef0a62d2eb6430168d20678474c5767fbe15279cf8f95c4153f37310e3a
ASVspoof2019_LA,LA_E_9444550,LA_E_9444550,1,9492c4a85ad91508b6da03c92c98c58aeaa02424,01ef9b5464decca32fa43e1fc7c4f99447aeee5d3601ddfc9b83a20b9ee1e0ab,500,h2_pre_score_pairs_v1,2609,"sha256(seed,dataset,label,sample_id)_within_dataset_label",4e76aef0a62d2eb6430168d20678474c5767fbe15279cf8f95c4153f37310e3a
