dataset,model,view,feature,class_label,n,spearman_rho,spearman_p,partial_n,partial_spearman_rho,partial_spearman_p,orientation,analysis_stage,spearman_q,partial_spearman_q
ASVspoof2021_DF,AASIST,deterministic_crop,crest_factor_db,0,5000,-0.4667692300643766,4.811853219204288e-269,5000,-0.4985794188882767,1.2111877968642255e-306,negated_raw_is_spoof,screen,7.791723767000679e-268,3.1304546134336904e-305
ASVspoof2021_DF,AASIST,deterministic_crop,peak_dbfs,0,5000,0.22049181544974922,4.149215339921177e-56,5000,0.1530655140024702,4.237027162129041e-27,negated_raw_is_spoof,screen,1.7001662856262383e-55,1.3181862282179239e-26
ASVspoof2021_DF,AASIST,deterministic_crop,rms_dbfs,0,5000,0.46178095596048646,1.245441419757872e-262,5000,0.5007826687222341,9.0565312732211e-310,negated_raw_is_spoof,screen,1.9239922622466437e-261,2.434395606241835e-308
ASVspoof2021_DF,AASIST,deterministic_crop,integrated_lufs,0,5000,0.0758464289913181,7.893469342874493e-08,5000,-0.09408749031715583,4.025723631620251e-11,negated_raw_is_spoof,screen,1.3195053229879747e-07,9.360852181483769e-11
ASVspoof2021_DF,AASIST,deterministic_crop,silence_fraction,0,5000,-0.42838755410528023,2.38607572947931e-222,5000,-0.48026805474438805,1.5759595498604647e-281,negated_raw_is_spoof,screen,3.0835440196348005e-221,3.06969512320647e-280
ASVspoof2021_DF,AASIST,deterministic_crop,clipping_fraction,0,5000,0.41287161443596887,4.044746281553081e-205,5000,0.26712653479462845,6.465581245638479e-81,negated_raw_is_spoof,screen,4.686326726213224e-204,3.635874976626827e-80
ASVspoof2021_DF,AASIST,deterministic_crop,frame_rms_cv,0,5000,-0.6554764775622535,0.0,5000,-0.5825857700689803,0.0,negated_raw_is_spoof,screen,0.0,0.0
ASVspoof2021_DF,AASIST,deterministic_crop,frame_rms_range_db,0,5000,-0.23794359070287555,2.62943331615017e-65,5000,-0.46829857339679815,6.396887069693522e-266,negated_raw_is_spoof,screen,1.2621279917520815e-64,1.0882805343883663e-264
ASVspoof2021_DF,AASIST,deterministic_crop,spectral_centroid_hz,0,5000,0.27524069365344506,1.2908539687979315e-87,5000,0.24548950289248267,3.075523304666076e-68,negated_raw_is_spoof,screen,7.95829235809367e-87,1.5898089697966177e-67
ASVspoof2021_DF,AASIST,deterministic_crop,spectral_centroid_std_hz,0,5000,0.22251997011682026,3.877630819307241e-57,5000,0.18196797281268384,8.779050026920779e-38,negated_raw_is_spoof,screen,1.6286049441090411e-56,3.181003401897617e-37
ASVspoof2021_DF,AASIST,deterministic_crop,spectral_bandwidth_hz,0,5000,-0.07296485111584751,2.404526047522951e-07,5000,-0.015315342992961998,0.2835357580053025,negated_raw_is_spoof,screen,3.931487844125117e-07,0.3322337042363789
ASVspoof2021_DF,AASIST,deterministic_crop,spectral_rolloff85_hz,0,5000,0.24460233313640792,5.071352326333636e-69,5000,0.2296344354632953,1.040723134459682e-59,negated_raw_is_spoof,screen,2.5150913382259805e-68,4.890670953544799e-59
ASVspoof2021_DF,AASIST,deterministic_crop,spectral_flatness,0,5000,-0.3247411535246151,3.9077275282460936e-123,5000,-0.2430686590504172,6.781377074683976e-67,negated_raw_is_spoof,screen,3.0713367239548243e-122,3.478691140601246e-66
ASVspoof2021_DF,AASIST,deterministic_crop,spectral_slope_db_per_khz,0,5000,-0.2536847607736557,2.83467109619878e-74,5000,-0.18351780565632905,2.069649377208539e-38,negated_raw_is_spoof,screen,1.5178477901558405e-73,7.641782315846913e-38
ASVspoof2021_DF,AASIST,deterministic_crop,low_high_energy_ratio_db,0,5000,0.1567369631965253,7.227070695594892e-29,5000,0.09416202555911089,3.903151709825046e-11,negated_raw_is_spoof,screen,2.084374037527797e-28,9.091570013873244e-11
ASVspoof2021_DF,AASIST,deterministic_crop,spectral_flux,0,5000,0.20711684838844038,1.4115039755197504e-49,5000,0.0853381293287921,2.1491269417768704e-09,negated_raw_is_spoof,screen,5.420175265995842e-49,4.71195205505402e-09
ASVspoof2021_DF,AASIST,deterministic_crop,f0_median_hz,0,4994,0.2399244918457241,2.536465651038697e-66,4994,0.2685495612549977,1.0759695027198917e-81,negated_raw_is_spoof,screen,1.226262530574104e-65,6.076063074182917e-81
ASVspoof2021_DF,AASIST,deterministic_crop,f0_iqr_hz,0,4994,-0.12154870373778806,6.72720181729902e-18,4994,-0.18637151196647886,1.5558597610385955e-39,negated_raw_is_spoof,screen,1.4630031136650296e-17,5.857354394498242e-39
ASVspoof2021_DF,AASIST,deterministic_crop,voiced_fraction,0,5000,0.002999359335728362,0.8320803674513009,5000,0.12682582686772995,4.830147273379878e-19,negated_raw_is_spoof,screen,0.8465677621911797,1.3114581687722337e-18
ASVspoof2021_DF,AASIST,deterministic_crop,hnr_db,0,4994,-0.18080398115990487,5.819405962378003e-38,4994,-0.0940474657543685,4.235581402690965e-11,negated_raw_is_spoof,screen,1.9504442926274406e-37,9.831815898474364e-11
ASVspoof2021_DF,AASIST,deterministic_crop,cpp_proxy_db,0,4994,0.3823455014924959,1.412214655677247e-173,4994,0.3714229364161403,4.281402387891138e-160,negated_raw_is_spoof,screen,1.3557260694501574e-172,3.5963780058285557e-159
ASVspoof2021_DF,AASIST,deterministic_crop,jitter_proxy,0,4994,-0.28136460722920975,1.5816004182971114e-91,4994,-0.3172204816494796,5.947661227815975e-115,negated_raw_is_spoof,screen,1.0074269962992028e-90,4.078396270502383e-114
ASVspoof2021_DF,AASIST,deterministic_crop,shimmer_proxy_db,0,4994,-0.01889791118230558,0.18178896726565802,4994,-0.040042704244826074,0.005061205169237441,negated_raw_is_spoof,screen,0.20109001811114763,0.0076173121472061815
ASVspoof2021_DF,AASIST,deterministic_crop,f0_delta_hz,0,4994,0.003632696132939541,0.7974467946318502,4994,-0.20307553764658517,9.211415170099965e-47,negated_raw_is_spoof,screen,0.8137953621755556,3.774433533114132e-46
ASVspoof2021_DF,AASIST,deterministic_crop,group_delay_var,0,5000,-0.6259675284757708,0.0,5000,-0.5568258233318399,0.0,negated_raw_is_spoof,screen,0.0,0.0
ASVspoof2021_DF,AASIST,deterministic_crop,inst_freq_dispersion,0,5000,0.13545073974859667,6.597119564407589e-22,5000,0.062475369030786126,1.1940635177657508e-05,negated_raw_is_spoof,screen,1.5804863983179677e-21,2.2445054096184183e-05
ASVspoof2021_DF,AASIST,deterministic_crop,modulation_centroid_hz,0,5000,0.3995838687161248,4.510298784838796e-191,5000,0.44482291093261395,4.6514790087690214e-237,negated_raw_is_spoof,screen,4.735813724080736e-190,6.251587787785566e-236
ASVspoof2021_DF,AASIST,deterministic_crop,modulation_entropy,0,5000,0.286456304790877,4.6850267329861774e-95,5000,0.34263799197194517,3.6348677141318365e-135,negated_raw_is_spoof,screen,3.0566388005502055e-94,2.807621958501832e-134
ASVspoof2021_DF,AASIST,deterministic_crop,crest_factor_db,1,5000,0.07834933168173404,2.9015159299789104e-08,5000,-0.08376885764235582,5.585551224823288e-09,negated_raw_is_spoof,screen,4.92378460844906e-08,1.206910103884646e-08
ASVspoof2021_DF,AASIST,deterministic_crop,peak_dbfs,1,5000,-0.1905947804177712,4.0845308433180834e-42,5000,0.035146372959419164,0.014607238844197415,negated_raw_is_spoof,screen,1.4221786148755192e-41,0.02090748563003336
ASVspoof2021_DF,AASIST,deterministic_crop,rms_dbfs,1,5000,-0.07526271147812105,9.924296618366248e-08,5000,0.07316023627779779,3.610423757183989e-07,negated_raw_is_spoof,screen,1.6487335791204248e-07,7.341012904168353e-07
ASVspoof2021_DF,AASIST,deterministic_crop,integrated_lufs,1,5000,-0.041307081766266004,0.0034849761383327358,5000,0.04441396184030976,0.0020234042650735073,negated_raw_is_spoof,screen,0.004556233394863032,0.003180649511413794
ASVspoof2021_DF,AASIST,deterministic_crop,silence_fraction,1,5000,0.15174517238328256,3.8438264209493805e-27,5000,-0.050545954795462714,0.0004429142040397698,negated_raw_is_spoof,screen,1.0564627218314862e-26,0.0007367285770166468
ASVspoof2021_DF,AASIST,deterministic_crop,clipping_fraction,1,5000,0.15405185326753623,6.229410170110014e-28,5000,0.04416233038387908,0.0021481124750621352,negated_raw_is_spoof,screen,1.7700480483356997e-27,0.003368801827868739
ASVspoof2021_DF,AASIST,deterministic_crop,frame_rms_cv,1,5000,0.052627057099608375,0.000196912923639018,5000,-0.09385796400244999,6.417665397482529e-11,negated_raw_is_spoof,screen,0.000280647899650944,1.476942173667212e-10
ASVspoof2021_DF,AASIST,deterministic_crop,frame_rms_range_db,1,5000,0.17049730806007615,6.328600863066115e-34,5000,-0.03968826033949035,0.005819564617321093,negated_raw_is_spoof,screen,1.991953058538843e-33,0.008700216736017296
ASVspoof2021_DF,AASIST,deterministic_crop,spectral_centroid_hz,1,5000,-0.06817215949815862,1.4006794517909074e-06,5000,0.019358095491463948,0.1787180604291136,negated_raw_is_spoof,screen,2.2304658568803072e-06,0.2187587187766199
ASVspoof2021_DF,AASIST,deterministic_crop,spectral_centroid_std_hz,1,5000,-0.0584413354444586,3.5506684469123234e-05,5000,0.011768823824838124,0.4136572698242902,negated_raw_is_spoof,screen,5.3082295802560205e-05,0.4691606503323595
ASVspoof2021_DF,AASIST,deterministic_crop,spectral_bandwidth_hz,1,5000,-0.057458607981102326,4.797484110179803e-05,5000,0.02002441735593282,0.1642230389142092,negated_raw_is_spoof,screen,7.116797620399178e-05,0.20212066327902672
ASVspoof2021_DF,AASIST,deterministic_crop,spectral_rolloff85_hz,1,5000,-0.06025158310245593,2.014853560476137e-05,5000,0.012599013701581264,0.38149509720479513,negated_raw_is_spoof,screen,3.0495080915314503e-05,0.4384548107978033
ASVspoof2021_DF,AASIST,deterministic_crop,spectral_flatness,1,5000,-0.15348659011851465,9.755637038724756e-28,5000,-0.004040129143514473,0.7789996161464896,negated_raw_is_spoof,screen,2.743007569047295e-27,0.8116089024037846
ASVspoof2021_DF,AASIST,deterministic_crop,spectral_slope_db_per_khz,1,5000,-0.044387728945639755,0.001692658992837004,5000,0.002579876449752014,0.8577846220917188,negated_raw_is_spoof,screen,0.0022747365396012698,0.880720039794706
ASVspoof2021_DF,AASIST,deterministic_crop,low_high_energy_ratio_db,1,5000,0.1003067206434909,1.1695672579376315e-12,5000,0.010873091759377259,0.45009762377387996,negated_raw_is_spoof,screen,2.248781680498107e-12,0.5045297801101707
ASVspoof2021_DF,AASIST,deterministic_crop,spectral_flux,1,5000,0.123072214892611,2.467730271923955e-18,5000,0.03658896952940703,0.011013487650852315,negated_raw_is_spoof,screen,5.4549827063582166e-18,0.016002299894860014
ASVspoof2021_DF,AASIST,deterministic_crop,f0_median_hz,1,4972,0.017118279686536324,0.2274952768219644,4972,0.05176665569824439,0.00033373994023069164,negated_raw_is_spoof,screen,0.2483782713637044,0.0005620883203885333
ASVspoof2021_DF,AASIST,deterministic_crop,f0_iqr_hz,1,4972,-0.006311097534920496,0.6563896835140857,4972,-0.03498131823271149,0.015374515700779029,negated_raw_is_spoof,screen,0.6791283561531417,0.021982286278560654
ASVspoof2021_DF,AASIST,deterministic_crop,voiced_fraction,1,5000,0.02567232658086433,0.06950041829492265,5000,0.03713800715517754,0.00986731031526967,negated_raw_is_spoof,screen,0.08101349712781963,0.014430538698283393
ASVspoof2021_DF,AASIST,deterministic_crop,hnr_db,1,4972,0.011789587192418226,0.4058990253351553,4972,-0.022248002951225768,0.12331300920085796,negated_raw_is_spoof,screen,0.4343378105497203,0.15489035922051692
ASVspoof2021_DF,AASIST,deterministic_crop,cpp_proxy_db,1,4972,0.22337204955334863,2.920223644204301e-57,4972,0.03286415856299168,0.02280531958050575,negated_raw_is_spoof,screen,1.2303387391255738e-56,0.03179496837780055
ASVspoof2021_DF,AASIST,deterministic_crop,jitter_proxy,1,4972,-0.016421426056207056,0.24698597637684064,4972,-0.046310081103103945,0.001331936856950889,negated_raw_is_spoof,screen,0.26878473866435126,0.002136185126183765
ASVspoof2021_DF,AASIST,deterministic_crop,shimmer_proxy_db,1,4972,0.02150773056380597,0.12942936157734994,4972,0.01721210470296351,0.23320515524078797,negated_raw_is_spoof,screen,0.14593377681204556,0.27860242546099473
ASVspoof2021_DF,AASIST,deterministic_crop,f0_delta_hz,1,4972,-0.022983882706535685,0.10513446238348916,4972,-0.010718816110552074,0.457862043725166,negated_raw_is_spoof,screen,0.11974637071475373,0.5123785068831166
ASVspoof2021_DF,AASIST,deterministic_crop,group_delay_var,1,5000,-0.09178274623571542,7.919316914937337e-11,5000,-0.1157959080833705,7.019243415727465e-16,negated_raw_is_spoof,screen,1.438319180226457e-10,1.7633389066799465e-15
ASVspoof2021_DF,AASIST,deterministic_crop,inst_freq_dispersion,1,5000,-0.04017366626990422,0.004495203315337695,5000,0.012443497428775622,0.38740024630670405,negated_raw_is_spoof,screen,0.005798035754139983,0.443119941307413
ASVspoof2021_DF,AASIST,deterministic_crop,modulation_centroid_hz,1,5000,-0.0992449017025598,2.0172141587270192e-12,5000,0.0296365208441062,0.03949767763307587,negated_raw_is_spoof,screen,3.856523228064173e-12,0.05303184689196201
ASVspoof2021_DF,AASIST,deterministic_crop,modulation_entropy,1,5000,-0.1709346367495903,4.298234839924407e-34,5000,0.010098350646588223,0.48303134057066005,negated_raw_is_spoof,screen,1.3592535587902125e-33,0.536524067542948
ASVspoof2021_DF,RawBMamba,deterministic_crop,crest_factor_db,0,5000,-0.46748717297148684,5.629946128991673e-270,5000,-0.43418252270017027,1.0482766960506535e-224,negated_raw_is_spoof,screen,9.45830949670601e-269,1.2692647562991696e-223
ASVspoof2021_DF,RawBMamba,deterministic_crop,peak_dbfs,0,5000,0.11671117592813515,1.2424598901252964e-16,5000,0.004569028312435062,0.7490325909206169,negated_raw_is_spoof,screen,2.6632633051489607e-16,0.7877150251935127
ASVspoof2021_DF,RawBMamba,deterministic_crop,rms_dbfs,0,5000,0.460408601168344,6.934515853523352e-261,5000,0.43450062505394377,4.5451719372218316e-225,negated_raw_is_spoof,screen,1.0590896939926574e-259,5.553373712387401e-224
ASVspoof2021_DF,RawBMamba,deterministic_crop,integrated_lufs,0,5000,0.0981856207594248,3.4549802494628238e-12,5000,-0.04609290612878056,0.0012406244988164587,negated_raw_is_spoof,screen,6.558606575251462e-12,0.001996885420849486
ASVspoof2021_DF,RawBMamba,deterministic_crop,silence_fraction,0,5000,-0.39192415880732095,2.914556416099188e-183,5000,-0.4254119863483427,7.498868988551921e-215,negated_raw_is_spoof,screen,2.9232565845054548e-182,8.46931085765864e-214
ASVspoof2021_DF,RawBMamba,deterministic_crop,clipping_fraction,0,5000,0.32335758609105386,4.7987832205377926e-122,5000,0.16015749535461196,1.5246610577169082e-29,negated_raw_is_spoof,screen,3.72807205109988e-121,4.878915384694106e-29
ASVspoof2021_DF,RawBMamba,deterministic_crop,frame_rms_cv,0,5000,-0.607860726074429,0.0,5000,-0.4968642344363762,3.1703402124769222e-304,negated_raw_is_spoof,screen,0.0,7.747158628307243e-303
ASVspoof2021_DF,RawBMamba,deterministic_crop,frame_rms_range_db,0,5000,-0.2158670978826839,8.448069446671065e-54,5000,-0.4547643333007829,5.260631366733317e-249,negated_raw_is_spoof,screen,3.409671272169943e-53,7.769547864713824e-248
ASVspoof2021_DF,RawBMamba,deterministic_crop,spectral_centroid_hz,0,5000,0.2476680300667212,9.041349593032754e-71,5000,0.24653832983183038,7.966322417078602e-69,negated_raw_is_spoof,screen,4.620370286325484e-70,4.1660456531337125e-68
ASVspoof2021_DF,RawBMamba,deterministic_crop,spectral_centroid_std_hz,0,5000,0.2294083082483323,1.0351562292028268e-60,5000,0.201564466661918,3.900975624546833e-46,negated_raw_is_spoof,screen,4.6374999068286635e-60,1.593590042368068e-45
ASVspoof2021_DF,RawBMamba,deterministic_crop,spectral_bandwidth_hz,0,5000,-0.11515055884602234,3.1479670418129773e-16,5000,0.0075316904564552475,0.5979434142369094,negated_raw_is_spoof,screen,6.662783786136444e-16,0.648093507043876
ASVspoof2021_DF,RawBMamba,deterministic_crop,spectral_rolloff85_hz,0,5000,0.2119890170789752,6.633400984733625e-52,5000,0.23577089629531475,6.183149470304912e-63,negated_raw_is_spoof,screen,2.6144548162703788e-51,3.0552032676800743e-62
ASVspoof2021_DF,RawBMamba,deterministic_crop,spectral_flatness,0,5000,-0.34812193389358714,2.018941103485898e-142,5000,-0.25478838255029085,1.5426792559833467e-73,negated_raw_is_spoof,screen,1.750617318119385e-141,8.293443680166472e-73
ASVspoof2021_DF,RawBMamba,deterministic_crop,spectral_slope_db_per_khz,0,5000,-0.2544441559697662,1.008158581959374e-74,5000,-0.18196774644056676,8.780894807321547e-38,negated_raw_is_spoof,screen,5.419860536613594e-74,3.181003401897617e-37
ASVspoof2021_DF,RawBMamba,deterministic_crop,low_high_energy_ratio_db,0,5000,0.18115780771466009,3.773770183410074e-38,5000,0.0662110639944339,3.466436179938644e-06,negated_raw_is_spoof,screen,1.2679867816257848e-37,6.6746278307128044e-06
ASVspoof2021_DF,RawBMamba,deterministic_crop,spectral_flux,0,5000,0.19477227829426377,6.12705870220083e-44,5000,0.03767542226227849,0.008317818777454241,negated_raw_is_spoof,screen,2.1842883012620466e-43,0.012271293564103732
ASVspoof2021_DF,RawBMamba,deterministic_crop,f0_median_hz,0,4994,0.1535911507736412,9.652427658366701e-28,4994,0.1712883385274469,1.4274134491242968e-33,negated_raw_is_spoof,screen,2.719677730156152e-27,4.8939889684261604e-33
ASVspoof2021_DF,RawBMamba,deterministic_crop,f0_iqr_hz,0,4994,-0.16413007249262976,1.707922643108816e-31,4994,-0.17461888259035876,7.64632238766013e-35,negated_raw_is_spoof,screen,5.135230497401005e-31,2.6692616335104452e-34
ASVspoof2021_DF,RawBMamba,deterministic_crop,voiced_fraction,0,5000,0.005175431859789339,0.7144626455730438,5000,0.138053694238637,2.6602689199339145e-22,negated_raw_is_spoof,screen,0.7341267550842285,7.738964130716842e-22
ASVspoof2021_DF,RawBMamba,deterministic_crop,hnr_db,0,4994,-0.17940930141870493,2.1430931223207592e-37,4994,-0.09214318355456767,1.0369188959785792e-10,negated_raw_is_spoof,screen,7.1294979118789615e-37,2.378189413302407e-10
ASVspoof2021_DF,RawBMamba,deterministic_crop,cpp_proxy_db,0,4994,0.32604756244900907,5.068664340755023e-124,4994,0.3587549723936039,9.907030586528443e-149,negated_raw_is_spoof,screen,4.030937795251332e-123,8.069726732299532e-148
ASVspoof2021_DF,RawBMamba,deterministic_crop,jitter_proxy,0,4994,-0.262451577537601,1.8608550279318688e-79,4994,-0.2946755377839289,9.84201344429646e-99,negated_raw_is_spoof,screen,1.0552696867259207e-78,6.23946512695021e-98
ASVspoof2021_DF,RawBMamba,deterministic_crop,shimmer_proxy_db,0,4994,-0.03439984219436686,0.015053591473697829,4994,-0.022754149133171444,0.11128864913361246,negated_raw_is_spoof,screen,0.0186298590613719,0.14057513574772101
ASVspoof2021_DF,RawBMamba,deterministic_crop,f0_delta_hz,0,4994,-0.02458555311329453,0.08234386687728408,4994,-0.19095102376849457,1.8891526923506823e-41,negated_raw_is_spoof,screen,0.09467079305651822,7.380875635230573e-41
ASVspoof2021_DF,RawBMamba,deterministic_crop,group_delay_var,0,5000,-0.5827036368761455,0.0,5000,-0.5300527902583151,0.0,negated_raw_is_spoof,screen,0.0,0.0
ASVspoof2021_DF,RawBMamba,deterministic_crop,inst_freq_dispersion,0,5000,0.14506815276577534,6.357892289437032e-25,5000,0.043564416092178766,0.002275223112180051,negated_raw_is_spoof,screen,1.6369745664757415e-24,0.0035515677848664213
ASVspoof2021_DF,RawBMamba,deterministic_crop,modulation_centroid_hz,0,5000,0.3732902456196098,4.1407972319674914e-165,5000,0.4279111355147674,1.2492224279227948e-217,negated_raw_is_spoof,screen,3.838090675699523e-164,1.4228431721425729e-216
ASVspoof2021_DF,RawBMamba,deterministic_crop,modulation_entropy,0,5000,0.28562661945706475,1.7100441668902644e-94,5000,0.33122332857151005,6.51080257862018e-126,negated_raw_is_spoof,screen,1.104951615529094e-93,4.6794217463451984e-125
ASVspoof2021_DF,RawBMamba,deterministic_crop,crest_factor_db,1,5000,0.16164402638527886,1.2767223722184812e-30,5000,-0.22421427437014635,4.633922712146158e-56,negated_raw_is_spoof,screen,3.779548167977178e-30,2.155014576167625e-55
ASVspoof2021_DF,RawBMamba,deterministic_crop,peak_dbfs,1,5000,-0.22625719467433275,4.619819118917809e-59,5000,0.01225643954727899,0.39457642203572435,negated_raw_is_spoof,screen,1.9900759281492097e-58,0.4505613519252451
ASVspoof2021_DF,RawBMamba,deterministic_crop,rms_dbfs,1,5000,-0.1607957999192684,2.588814388773575e-30,5000,0.2526636341332048,3.4642095155672743e-71,negated_raw_is_spoof,screen,7.646959425300405e-30,1.8258421917342808e-70
ASVspoof2021_DF,RawBMamba,deterministic_crop,integrated_lufs,1,5000,-0.23266080654476767,1.9314483650661637e-62,5000,-0.07712411732309479,8.073303896945394e-08,negated_raw_is_spoof,screen,8.982237379408042e-62,1.6744630304775632e-07
ASVspoof2021_DF,RawBMamba,deterministic_crop,silence_fraction,1,5000,0.03407707672354806,0.015965181193277247,5000,-0.20584192335202897,2.4165610220024474e-47,negated_raw_is_spoof,screen,0.01968550781996754,9.962754642856716e-47
ASVspoof2021_DF,RawBMamba,deterministic_crop,clipping_fraction,1,5000,0.05651757590745362,6.372013002202163e-05,5000,0.008099516587884274,0.5737137762416606,negated_raw_is_spoof,screen,9.380049808280073e-05,0.625361975076068
ASVspoof2021_DF,RawBMamba,deterministic_crop,frame_rms_cv,1,5000,-0.095317213949839,1.4418065549954298e-11,5000,-0.24095461607252394,1.0205239179545234e-64,negated_raw_is_spoof,screen,2.691372235991469e-11,5.1370192724002975e-64
ASVspoof2021_DF,RawBMamba,deterministic_crop,frame_rms_range_db,1,5000,0.0354125173719003,0.012272779310481404,5000,-0.18035324946004092,1.4283160744580187e-36,negated_raw_is_spoof,screen,0.015343828272825122,5.105470223594619e-36
ASVspoof2021_DF,RawBMamba,deterministic_crop,spectral_centroid_hz,1,5000,-0.04104483366173365,0.0036983618234063256,5000,0.05791121177894997,5.677913099232523e-05,negated_raw_is_spoof,screen,0.004811808606639014,0.00010312317845092581
ASVspoof2021_DF,RawBMamba,deterministic_crop,spectral_centroid_std_hz,1,5000,-0.024667598237072017,0.08114307490112377,5000,0.07100975260087629,7.873619249654705e-07,negated_raw_is_spoof,screen,0.09337011358485474,1.560788240639517e-06
ASVspoof2021_DF,RawBMamba,deterministic_crop,spectral_bandwidth_hz,1,5000,-0.0993146600621206,1.946595803390179e-12,5000,-0.002852530244667111,0.8429408341336967,negated_raw_is_spoof,screen,3.732132324902141e-12,0.8661410405777434
ASVspoof2021_DF,RawBMamba,deterministic_crop,spectral_rolloff85_hz,1,5000,-0.03238926550364402,0.02200421245475261,5000,0.04639438585267395,0.001263135952835833,negated_raw_is_spoof,screen,0.026885146853806826,0.002030687464846124
ASVspoof2021_DF,RawBMamba,deterministic_crop,spectral_flatness,1,5000,-0.21107016674013515,1.841853744974666e-51,5000,-0.10292920360336233,7.5898147300628e-13,negated_raw_is_spoof,screen,7.196079747807997e-51,1.834660251295756e-12
ASVspoof2021_DF,RawBMamba,deterministic_crop,spectral_slope_db_per_khz,1,5000,-0.14296387571627955,3.028834063289798e-24,5000,-0.07863947185092478,4.4835616013806024e-08,negated_raw_is_spoof,screen,7.724388958370946e-24,9.43021407238737e-08
ASVspoof2021_DF,RawBMamba,deterministic_crop,low_high_energy_ratio_db,1,5000,0.1706270460295571,5.643007154046568e-34,5000,0.02862045390499791,0.046773597720614894,negated_raw_is_spoof,screen,1.7803290176146918e-33,0.06224130231337269
ASVspoof2021_DF,RawBMamba,deterministic_crop,spectral_flux,1,5000,-0.0025923837201930868,0.8545911260792929,5000,0.042660610472193064,0.0030317848968623197,negated_raw_is_spoof,screen,0.8661919105962064,0.004656821601580523
ASVspoof2021_DF,RawBMamba,deterministic_crop,f0_median_hz,1,4972,-0.10283123113326803,3.6396137827955826e-13,4972,-0.013804858045967027,0.339008874147436,negated_raw_is_spoof,screen,7.109943203600673e-13,0.3941418052371574
ASVspoof2021_DF,RawBMamba,deterministic_crop,f0_iqr_hz,1,4972,-0.09874665241108599,2.990421512025851e-12,4972,-0.12071001941068801,4.833287170790873e-17,negated_raw_is_spoof,screen,5.692813756604453e-12,1.2444325589162708e-16
ASVspoof2021_DF,RawBMamba,deterministic_crop,voiced_fraction,1,5000,-0.017706398664147693,0.21063672191142283,5000,0.042690319328273156,0.003011485931873739,negated_raw_is_spoof,screen,0.230910076875165,0.004630934888373347
ASVspoof2021_DF,RawBMamba,deterministic_crop,hnr_db,1,4972,-0.10849956033941877,1.702655292900896e-14,4972,-0.06302710329580784,1.2458957255317997e-05,negated_raw_is_spoof,screen,3.446338424184946e-14,2.3386646021155566e-05
ASVspoof2021_DF,RawBMamba,deterministic_crop,cpp_proxy_db,1,4972,0.09945961799785692,2.08306338541921e-12,4972,-0.006058032292154424,0.6748042903886635,negated_raw_is_spoof,screen,3.976757372163946e-12,0.7209355852800984
ASVspoof2021_DF,RawBMamba,deterministic_crop,jitter_proxy,1,4972,0.01476011118563948,0.2980770149493228,4972,-0.048569009916604296,0.0007634444217233235,negated_raw_is_spoof,screen,0.3220381897844774,0.001242214652295577
ASVspoof2021_DF,RawBMamba,deterministic_crop,shimmer_proxy_db,1,4972,0.03660802035601505,0.009836173964072204,4972,0.017952912758438716,0.21369802830387813,negated_raw_is_spoof,screen,0.012389707411164987,0.2578188061404059
ASVspoof2021_DF,RawBMamba,deterministic_crop,f0_delta_hz,1,4972,-0.05457754726177771,0.00011797489635656022,4972,-0.03850872281424266,0.007630896859598126,negated_raw_is_spoof,screen,0.00017067627632208498,0.011357613930564654
ASVspoof2021_DF,RawBMamba,deterministic_crop,group_delay_var,1,5000,-0.14095381659568423,1.3164973904160153e-23,5000,-0.273093314979261,2.6022322953086735e-83,negated_raw_is_spoof,screen,3.313431634305477e-23,1.4819492393622273e-82
ASVspoof2021_DF,RawBMamba,deterministic_crop,inst_freq_dispersion,1,5000,-0.02943753702718504,0.037390101127867385,5000,0.017768873427757143,0.21709155232137595,negated_raw_is_spoof,screen,0.04474825994287958,0.26097589116272746
ASVspoof2021_DF,RawBMamba,deterministic_crop,modulation_centroid_hz,1,5000,0.09431962222983957,2.3467813207612836e-11,5000,0.1894167022542288,3.148126078384974e-40,negated_raw_is_spoof,screen,4.3504470277285036e-11,1.1986066428751855e-39
ASVspoof2021_DF,RawBMamba,deterministic_crop,modulation_entropy,1,5000,0.034123527192216944,0.015821943863566796,5000,0.15960398181696916,6.584327757932204e-29,negated_raw_is_spoof,screen,0.01952680675172982,2.087107666665302e-28
ASVspoof2021_DF,RawTFNet,deterministic_crop,crest_factor_db,0,5000,-0.49061850321961437,3.200927194596888e-301,5000,-0.44142237902373904,4.608093886897451e-233,negated_raw_is_spoof,screen,6.145780213626025e-300,5.95507517691363e-232
ASVspoof2021_DF,RawTFNet,deterministic_crop,peak_dbfs,0,5000,0.09252997642148278,5.553452865622303e-11,5000,-0.018686352926554566,0.1907062866198124,negated_raw_is_spoof,screen,1.0154885239995068e-10,0.23195407168961796
ASVspoof2021_DF,RawTFNet,deterministic_crop,rms_dbfs,0,5000,0.48494821364812235,2.4462209607231986e-293,5000,0.44188913841405697,1.3113935410535377e-233,negated_raw_is_spoof,screen,4.503727357824629e-292,1.7111775914329657e-232
ASVspoof2021_DF,RawTFNet,deterministic_crop,integrated_lufs,0,5000,0.14714222299134597,1.3339730436829036e-25,5000,-0.06457974659573365,5.984894841869643e-06,negated_raw_is_spoof,screen,3.508531840919418e-25,1.1458260210075215e-05
ASVspoof2021_DF,RawTFNet,deterministic_crop,silence_fraction,0,5000,-0.43649128521507335,1.0305141674873449e-231,5000,-0.45439911597179267,1.4688674127394643e-248,negated_raw_is_spoof,screen,1.4278464341267954e-230,2.1458236986106957e-247
ASVspoof2021_DF,RawTFNet,deterministic_crop,clipping_fraction,0,5000,0.4056221884988399,2.2387678706043997e-197,5000,0.25169062294796607,9.515766292447186e-72,negated_raw_is_spoof,screen,2.426535498461543e-196,5.0351141326964644e-71
ASVspoof2021_DF,RawTFNet,deterministic_crop,frame_rms_cv,0,5000,-0.5839399710276716,0.0,5000,-0.48439501043897765,4.679098715788231e-287,negated_raw_is_spoof,screen,0.0,9.982077260348225e-286
ASVspoof2021_DF,RawTFNet,deterministic_crop,frame_rms_range_db,0,5000,-0.2220281677717701,6.904486240372238e-57,5000,-0.46946368346551315,2.0597871555734167e-267,negated_raw_is_spoof,screen,2.8640831811914465e-56,3.642570969856147e-266
ASVspoof2021_DF,RawTFNet,deterministic_crop,spectral_centroid_hz,0,5000,0.22757819473043714,9.465357509050252e-60,5000,0.23962774293554362,5.190178719781194e-65,negated_raw_is_spoof,screen,4.143791691258481e-59,2.6323019620324243e-64
ASVspoof2021_DF,RawTFNet,deterministic_crop,spectral_centroid_std_hz,0,5000,0.20242628765734266,2.1659510545510895e-47,5000,0.19773608424220926,1.9702954840304478e-44,negated_raw_is_spoof,screen,8.041542036786366e-47,7.952183575185951e-44
ASVspoof2021_DF,RawTFNet,deterministic_crop,spectral_bandwidth_hz,0,5000,-0.09220988851546072,6.467463184593914e-11,5000,-0.0015280043595997795,0.9147987772205005,negated_raw_is_spoof,screen,1.177814433617103e-10,0.929319392731937
ASVspoof2021_DF,RawTFNet,deterministic_crop,spectral_rolloff85_hz,0,5000,0.19042636398656543,4.828240842271014e-42,5000,0.21643059590589322,4.386358987643552e-53,negated_raw_is_spoof,screen,1.6767844165406312e-41,1.9782773420781657e-52
ASVspoof2021_DF,RawTFNet,deterministic_crop,spectral_flatness,0,5000,-0.299515211118927,3.6832837101088157e-104,5000,-0.20876942583007146,1.950113187351554e-49,negated_raw_is_spoof,screen,2.6054385823085516e-103,8.427498790355268e-49
ASVspoof2021_DF,RawTFNet,deterministic_crop,spectral_slope_db_per_khz,0,5000,-0.22207121820549727,6.564810142735989e-57,5000,-0.1502614390972108,3.646157803535711e-26,negated_raw_is_spoof,screen,2.7316114030455633e-56,1.1162724573922541e-25
ASVspoof2021_DF,RawTFNet,deterministic_crop,low_high_energy_ratio_db,0,5000,0.16451209466817354,1.1365721977530727e-31,5000,0.06060061054201797,2.1662465566322453e-05,negated_raw_is_spoof,screen,3.440434760766058e-31,4.021319574742732e-05
ASVspoof2021_DF,RawTFNet,deterministic_crop,spectral_flux,0,5000,0.2375501910790197,4.3226891940040545e-65,5000,0.06805287009401993,1.8381774686010546e-06,negated_raw_is_spoof,screen,2.0601752754402303e-64,3.5908583107555483e-06
ASVspoof2021_DF,RawTFNet,deterministic_crop,f0_median_hz,0,4994,0.22859744624220452,3.2515104755833135e-60,4994,0.20928023178820165,1.2879032648577965e-49,negated_raw_is_spoof,screen,1.4327967472734339e-59,5.5836838321576725e-49
ASVspoof2021_DF,RawTFNet,deterministic_crop,f0_iqr_hz,0,4994,-0.10272471079809711,3.4179644478155227e-13,4994,-0.16329379677778108,1.2626828934955975e-30,negated_raw_is_spoof,screen,6.696420142658983e-13,4.169645722010032e-30
ASVspoof2021_DF,RawTFNet,deterministic_crop,voiced_fraction,0,5000,-0.033379968059047554,0.018255842100053595,5000,0.09906119005072433,3.571945333843228e-12,negated_raw_is_spoof,screen,0.022427652451985403,8.4968044755492e-12
ASVspoof2021_DF,RawTFNet,deterministic_crop,hnr_db,0,4994,-0.14835877208701453,5.649672138188104e-26,4994,-0.0716010159027094,5.256098842958996e-07,negated_raw_is_spoof,screen,1.5035959116286756e-25,1.0590999767521575e-06
ASVspoof2021_DF,RawTFNet,deterministic_crop,cpp_proxy_db,0,4994,0.32528886345763186,2.0189893248972263e-123,4994,0.2762091650403861,1.6863408440103294e-86,negated_raw_is_spoof,screen,1.59618920744816e-122,9.897127049562808e-86
ASVspoof2021_DF,RawTFNet,deterministic_crop,jitter_proxy,0,4994,-0.23011668351698852,5.150499551658883e-61,4994,-0.2779941039727665,1.2155332666308923e-87,negated_raw_is_spoof,screen,2.3151409355951635e-60,7.1652487296136805e-87
ASVspoof2021_DF,RawTFNet,deterministic_crop,shimmer_proxy_db,0,4994,-0.023826336124215974,0.09226234381358131,4994,-0.0023354521311436164,0.8701850203971996,negated_raw_is_spoof,screen,0.1055324170940028,0.890730135120972
ASVspoof2021_DF,RawTFNet,deterministic_crop,f0_delta_hz,0,4994,0.057466264659496676,4.836696092814104e-05,4994,-0.16570284759963813,1.6935204181503804e-31,negated_raw_is_spoof,screen,7.16705573179951e-05,5.661919009935601e-31
ASVspoof2021_DF,RawTFNet,deterministic_crop,group_delay_var,0,5000,-0.5431868924166581,0.0,5000,-0.4688072587566801,1.4295913312900661e-266,negated_raw_is_spoof,screen,0.0,2.4632958323767295e-265
ASVspoof2021_DF,RawTFNet,deterministic_crop,inst_freq_dispersion,0,5000,0.13775244261980665,1.3083815856701416e-22,5000,0.052212283149537464,0.0002539062978346801,negated_raw_is_spoof,screen,3.203032515738926e-22,0.0004314160104801644
ASVspoof2021_DF,RawTFNet,deterministic_crop,modulation_centroid_hz,0,5000,0.30232008046508163,3.5295634301451425e-106,5000,0.38729834799353463,2.745518957988612e-175,negated_raw_is_spoof,screen,2.578115896801669e-105,2.493228026713983e-174
ASVspoof2021_DF,RawTFNet,deterministic_crop,modulation_entropy,0,5000,0.22043296013977035,4.443080884674276e-56,5000,0.3113652267046146,9.818956020243097e-111,negated_raw_is_spoof,screen,1.8150458082073635e-55,6.468959260395452e-110
ASVspoof2021_DF,RawTFNet,deterministic_crop,crest_factor_db,1,5000,0.16438268021914276,1.2688561303935185e-31,5000,-0.1248118414076192,3.2234382250201736e-18,negated_raw_is_spoof,screen,3.8322306499975033e-31,8.578813810746758e-18
ASVspoof2021_DF,RawTFNet,deterministic_crop,peak_dbfs,1,5000,-0.17430465840284706,2.105846608415671e-35,5000,0.012540295716849113,0.383718174655677,negated_raw_is_spoof,screen,6.770951774427421e-35,0.4400317634276706
ASVspoof2021_DF,RawTFNet,deterministic_crop,rms_dbfs,1,5000,-0.16601274386846268,3.1497940549449026e-32,5000,0.1284576518498756,3.257607505239655e-19,negated_raw_is_spoof,screen,9.621189113286249e-32,8.862802605348372e-19
ASVspoof2021_DF,RawTFNet,deterministic_crop,integrated_lufs,1,5000,-0.19286400192044628,4.223146798169397e-43,5000,-0.07858815619666487,4.560457932197888e-08,negated_raw_is_spoof,screen,1.481960651890253e-42,9.576961657615565e-08
ASVspoof2021_DF,RawTFNet,deterministic_crop,silence_fraction,1,5000,0.07648559622953391,6.131295581954958e-08,5000,-0.07006819444593293,1.1001104792827123e-06,negated_raw_is_spoof,screen,1.0287716931519931e-07,2.174336006111714e-06
ASVspoof2021_DF,RawTFNet,deterministic_crop,clipping_fraction,1,5000,0.03711334034847814,0.008676165308807314,5000,-0.00917603576182615,0.5238850323431692,negated_raw_is_spoof,screen,0.011009829522869103,0.5780800356890142
ASVspoof2021_DF,RawTFNet,deterministic_crop,frame_rms_cv,1,5000,-0.010579286343933163,0.45451902963702195,5000,-0.0745825468451127,2.1299086095078895e-07,negated_raw_is_spoof,screen,0.4817614951357709,4.3637151999673833e-07
ASVspoof2021_DF,RawTFNet,deterministic_crop,frame_rms_range_db,1,5000,0.07431629712200266,1.4333824170105432e-07,5000,-0.05882123326832218,4.328962361713061e-05,negated_raw_is_spoof,screen,2.366665808921585e-07,7.883638772550615e-05
ASVspoof2021_DF,RawTFNet,deterministic_crop,spectral_centroid_hz,1,5000,0.02541155679429191,0.07238178833092634,5000,0.06039859225826786,2.680530126954827e-05,negated_raw_is_spoof,screen,0.08415322103526385,4.9486710036089115e-05
ASVspoof2021_DF,RawTFNet,deterministic_crop,spectral_centroid_std_hz,1,5000,0.02810779744633566,0.046876192461080095,5000,0.052499184061277696,0.0002632248551920843,negated_raw_is_spoof,screen,0.05560600411976315,0.0004455594526173316
ASVspoof2021_DF,RawTFNet,deterministic_crop,spectral_bandwidth_hz,1,5000,-0.02227548852462338,0.1152757255742331,5000,0.03767661647981307,0.008847395509571584,negated_raw_is_spoof,screen,0.13086075926706012,0.012981331402690184
ASVspoof2021_DF,RawTFNet,deterministic_crop,spectral_rolloff85_hz,1,5000,0.02787034353747114,0.04876725220964069,5000,0.05020834203763411,0.00048373847054445496,negated_raw_is_spoof,screen,0.057696467402955184,0.00080165783527959
ASVspoof2021_DF,RawTFNet,deterministic_crop,spectral_flatness,1,5000,-0.1107940217543971,3.948288636418379e-15,5000,-0.0016680686335812402,0.9077620490910961,negated_raw_is_spoof,screen,8.189043097756639e-15,0.9242668136200252
ASVspoof2021_DF,RawTFNet,deterministic_crop,spectral_slope_db_per_khz,1,5000,-0.04974685644145603,0.0004332858339685871,5000,0.009685024033248,0.5011227755537134,negated_raw_is_spoof,screen,0.0006028324646519472,0.5547850167579826
ASVspoof2021_DF,RawTFNet,deterministic_crop,low_high_energy_ratio_db,1,5000,0.04344943331014848,0.0021190293794309195,5000,-0.045334370372053,0.0016300098263176397,negated_raw_is_spoof,screen,0.002828178238287146,0.002583411800201542
ASVspoof2021_DF,RawTFNet,deterministic_crop,spectral_flux,1,5000,0.06098430168161744,1.5947312370058064e-05,5000,0.011333264242079226,0.43115415379489885,negated_raw_is_spoof,screen,2.435589525608868e-05,0.4869505736977682
ASVspoof2021_DF,RawTFNet,deterministic_crop,f0_median_hz,1,4972,0.030183070446541886,0.03331795494635382,4972,0.05483441961933664,0.0001443961771907067,negated_raw_is_spoof,screen,0.040088926990062244,0.00025253048779729837
ASVspoof2021_DF,RawTFNet,deterministic_crop,f0_iqr_hz,1,4972,0.026879179269838047,0.05806835305494227,4972,-0.03707535313465933,0.01021095924403414,negated_raw_is_spoof,screen,0.06827984821158567,0.01488452193490443
ASVspoof2021_DF,RawTFNet,deterministic_crop,voiced_fraction,1,5000,-0.08523732770359706,1.5732651861758815e-09,5000,-0.04345424028568869,0.0025302691379668167,negated_raw_is_spoof,screen,2.7604026243085962e-09,0.003931423955407401
ASVspoof2021_DF,RawTFNet,deterministic_crop,hnr_db,1,4972,-0.02998853424343767,0.03447192922560134,4972,-0.023270008250598447,0.10700028369053644,negated_raw_is_spoof,screen,0.04140328228704933,0.13528540101606865
ASVspoof2021_DF,RawTFNet,deterministic_crop,cpp_proxy_db,1,4972,0.11383827114676541,8.200196922079708e-16,4972,0.005462041059017358,0.7052180431662805,negated_raw_is_spoof,screen,1.7140069460770028e-15,0.7496583367836175
ASVspoof2021_DF,RawTFNet,deterministic_crop,jitter_proxy,1,4972,0.041634170623364435,0.0033219504938016096,4972,-0.026639030772782468,0.06499963373887635,negated_raw_is_spoof,screen,0.004347323723144463,0.08489748080179768
ASVspoof2021_DF,RawTFNet,deterministic_crop,shimmer_proxy_db,1,4972,0.011813305579285165,0.4049551299074852,4972,0.0003057424422200994,0.9831062690055966,negated_raw_is_spoof,screen,0.43367306342283674,0.9867773155664838
ASVspoof2021_DF,RawTFNet,deterministic_crop,f0_delta_hz,1,4972,0.05283653797946996,0.00019354324666463762,4972,-0.017936526449377196,0.21411638120222784,negated_raw_is_spoof,screen,0.000276431587159695,0.25789484315451916
ASVspoof2021_DF,RawTFNet,deterministic_crop,group_delay_var,1,5000,-0.1132550333063557,9.574638851528563e-16,5000,-0.13541182662689816,3.418582123116595e-21,negated_raw_is_spoof,screen,1.998185499449439e-15,9.693194880735662e-21
ASVspoof2021_DF,RawTFNet,deterministic_crop,inst_freq_dispersion,1,5000,-0.030364537256848928,0.031788885360488815,5000,0.028131085170680387,0.05066183415947656,negated_raw_is_spoof,screen,0.038317723699100414,0.06708325626634137
ASVspoof2021_DF,RawTFNet,deterministic_crop,modulation_centroid_hz,1,5000,0.05174044872934327,0.0002520784353098278,5000,0.09756420473561674,1.099126216358767e-11,negated_raw_is_spoof,screen,0.0003562496499015863,2.5870851747568877e-11
ASVspoof2021_DF,RawTFNet,deterministic_crop,modulation_entropy,1,5000,0.01462211717793748,0.301259333882628,5000,0.10161185913155076,1.482246176497974e-12,negated_raw_is_spoof,screen,0.324953888232947,3.5573908235951377e-12
ASVspoof2021_DF,Res2TCNGuard,deterministic_crop,crest_factor_db,0,5000,-0.5105759883712934,0.0,5000,-0.49531564880876305,4.702391967746122e-302,negated_raw_is_spoof,screen,0.0,1.1087745271317172e-300
ASVspoof2021_DF,Res2TCNGuard,deterministic_crop,peak_dbfs,0,5000,0.16435598399393606,1.2979892178430469e-31,5000,0.09162751222288754,1.2837069290570081e-10,negated_raw_is_spoof,screen,3.9114293918857732e-31,2.934187266416019e-10
ASVspoof2021_DF,Res2TCNGuard,deterministic_crop,rms_dbfs,0,5000,0.5047506129061385,0.0,5000,0.4952738779615877,5.37934351023329e-302,negated_raw_is_spoof,screen,0.0,1.246523737543714e-300
ASVspoof2021_DF,Res2TCNGuard,deterministic_crop,integrated_lufs,0,5000,0.15170128067969205,3.978165058329326e-27,5000,-0.013292913280452926,0.3519170275192444,negated_raw_is_spoof,screen,1.0911538445703295e-26,0.40844256043684324
ASVspoof2021_DF,Res2TCNGuard,deterministic_crop,silence_fraction,0,5000,-0.44783284903393844,2.9563129324643943e-245,5000,-0.5089794448068239,0.0,negated_raw_is_spoof,screen,4.1388381054501516e-244,0.0
ASVspoof2021_DF,Res2TCNGuard,deterministic_crop,clipping_fraction,0,5000,0.4188578551192559,1.1667481143780744e-211,5000,0.2744737046612674,1.686444413659132e-85,negated_raw_is_spoof,screen,1.3877074917912674e-210,9.769746948094282e-85
ASVspoof2021_DF,Res2TCNGuard,deterministic_crop,frame_rms_cv,0,5000,-0.6537211254285343,0.0,5000,-0.5871631418075571,0.0,negated_raw_is_spoof,screen,0.0,0.0
ASVspoof2021_DF,Res2TCNGuard,deterministic_crop,frame_rms_range_db,0,5000,-0.23072101787437801,2.0910733981812845e-61,5000,-0.4894488866571571,6.268072316171618e-294,negated_raw_is_spoof,screen,9.462635175608237e-61,1.3587563214410733e-292
ASVspoof2021_DF,Res2TCNGuard,deterministic_crop,spectral_centroid_hz,0,5000,0.29392302278797505,3.340721970767722e-100,5000,0.29933962988953144,4.290996792997785e-102,negated_raw_is_spoof,screen,2.2791524511227503e-99,2.7462379475185826e-101
ASVspoof2021_DF,Res2TCNGuard,deterministic_crop,spectral_centroid_std_hz,0,5000,0.2578079582865057,9.918828859231658e-77,5000,0.23488237074874233,1.837267868321716e-62,negated_raw_is_spoof,screen,5.531496260086036e-76,9.012000054833527e-62
ASVspoof2021_DF,Res2TCNGuard,deterministic_crop,spectral_bandwidth_hz,0,5000,-0.07426785609249667,1.460436129036992e-07,5000,0.030072661121844712,0.03519570751079381,negated_raw_is_spoof,screen,2.4083756532830884e-07,0.047540734567343604
ASVspoof2021_DF,Res2TCNGuard,deterministic_crop,spectral_rolloff85_hz,0,5000,0.2526829061727833,1.1028146192712938e-73,5000,0.27990040552847106,5.609465734826274e-89,negated_raw_is_spoof,screen,5.8816779694469e-73,3.3656794408957644e-88
ASVspoof2021_DF,Res2TCNGuard,deterministic_crop,spectral_flatness,0,5000,-0.33110404629200135,3.2263659997913435e-128,5000,-0.2329262815667637,1.9880292540477e-61,negated_raw_is_spoof,screen,2.6602674255948255e-127,9.57674307326204e-61
ASVspoof2021_DF,Res2TCNGuard,deterministic_crop,spectral_slope_db_per_khz,0,5000,-0.24429428446563445,7.577150996689006e-69,5000,-0.17142626434908761,1.1568995494306667e-33,negated_raw_is_spoof,screen,3.716675525383221e-68,3.9766572747693505e-33
ASVspoof2021_DF,Res2TCNGuard,deterministic_crop,low_high_energy_ratio_db,0,5000,0.13393212709171384,1.8894544205929696e-21,5000,0.04365464520364541,0.0022277317159777026,negated_raw_is_spoof,screen,4.486619684234896e-21,0.003486320059788268
ASVspoof2021_DF,Res2TCNGuard,deterministic_crop,spectral_flux,0,5000,0.21553383884439045,1.2332998673688023e-53,5000,0.031491840426624874,0.02741635634067808,negated_raw_is_spoof,screen,4.962739586058893e-53,0.037676465155287664
ASVspoof2021_DF,Res2TCNGuard,deterministic_crop,f0_median_hz,0,4994,0.2608514028032014,1.765141776662786e-78,4994,0.269362272859349,3.3835662945004397e-82,negated_raw_is_spoof,screen,9.967859444683968e-78,1.9187818986534138e-81
ASVspoof2021_DF,Res2TCNGuard,deterministic_crop,f0_iqr_hz,0,4994,-0.06857425052181332,1.2313904644141808e-06,4994,-0.18196566506079578,9.738933140720653e-38,negated_raw_is_spoof,screen,1.967882026364636e-06,3.5091490994982726e-37
ASVspoof2021_DF,Res2TCNGuard,deterministic_crop,voiced_fraction,0,5000,-0.01668817728704165,0.2380720351794917,5000,0.08723758594970285,9.365852736999363e-10,negated_raw_is_spoof,screen,0.2595043108525846,2.0806125749631643e-09
ASVspoof2021_DF,Res2TCNGuard,deterministic_crop,hnr_db,0,4994,-0.13713047009560247,2.1516706578566025e-22,4994,-0.08163710399139776,1.0520996841288541e-08,negated_raw_is_spoof,screen,5.2199374804319025e-22,2.2552184616733333e-08
ASVspoof2021_DF,Res2TCNGuard,deterministic_crop,cpp_proxy_db,0,4994,0.4123126178608754,2.843386578577264e-204,4994,0.3868259765525711,1.2838971209055133e-174,negated_raw_is_spoof,screen,3.266249197955421e-203,1.1503718203313399e-173
ASVspoof2021_DF,Res2TCNGuard,deterministic_crop,jitter_proxy,0,4994,-0.23474306048307617,1.7332077127489496e-63,4994,-0.302087036487384,6.598078058715369e-104,negated_raw_is_spoof,screen,8.173442687489783e-63,4.263373514862238e-103
ASVspoof2021_DF,Res2TCNGuard,deterministic_crop,shimmer_proxy_db,0,4994,-0.05856423261830374,3.455695022300139e-05,4994,-0.03611582703612245,0.011470470353670374,negated_raw_is_spoof,screen,5.1719978952910764e-05,0.016648285264938428
ASVspoof2021_DF,Res2TCNGuard,deterministic_crop,f0_delta_hz,0,4994,0.05724205069894872,5.176734299706364e-05,4994,-0.18469775305959207,7.582752811533247e-39,negated_raw_is_spoof,screen,7.645638350335552e-05,2.823052570277198e-38
ASVspoof2021_DF,Res2TCNGuard,deterministic_crop,group_delay_var,0,5000,-0.6079070690348726,0.0,5000,-0.5558020140365452,0.0,negated_raw_is_spoof,screen,0.0,0.0
ASVspoof2021_DF,Res2TCNGuard,deterministic_crop,inst_freq_dispersion,0,5000,0.14912237693921007,2.940803135924126e-26,5000,0.07251979078259213,3.688377415026561e-07,negated_raw_is_spoof,screen,7.873385288211206e-26,7.488186171896825e-07
ASVspoof2021_DF,Res2TCNGuard,deterministic_crop,modulation_centroid_hz,0,5000,0.3514705308992565,2.5352420385831655e-145,5000,0.44843285530072285,2.373755768778578e-241,negated_raw_is_spoof,screen,2.2416876972735358e-144,3.288997683750937e-240
ASVspoof2021_DF,Res2TCNGuard,deterministic_crop,modulation_entropy,0,5000,0.25169066778566734,4.2095835222366924e-73,5000,0.3597442454071851,8.83242210434485e-150,negated_raw_is_spoof,screen,2.227433170821305e-72,7.238277626975291e-149
ASVspoof2021_DF,Res2TCNGuard,deterministic_crop,crest_factor_db,1,5000,0.12695052565402098,2.0420029085893054e-19,5000,-0.13225530363907712,2.787668784459637e-20,negated_raw_is_spoof,screen,4.667435219632698e-19,7.740964558499488e-20
ASVspoof2021_DF,Res2TCNGuard,deterministic_crop,peak_dbfs,1,5000,-0.22999661313233963,5.0610227449817935e-61,5000,0.07539910017296653,1.566353810848584e-07,negated_raw_is_spoof,screen,2.2825552245823927e-60,3.218928932386081e-07
ASVspoof2021_DF,Res2TCNGuard,deterministic_crop,rms_dbfs,1,5000,-0.12453603138144125,9.72286822331753e-19,5000,0.13486226068580384,4.944163166548329e-21,negated_raw_is_spoof,screen,2.188866816103645e-18,1.395999011731293e-20
ASVspoof2021_DF,Res2TCNGuard,deterministic_crop,integrated_lufs,1,5000,-0.10659868995994759,4.1145262800519217e-14,5000,0.13468318131906004,5.5226567460147964e-21,negated_raw_is_spoof,screen,8.253616896104153e-14,1.5560693221475653e-20
ASVspoof2021_DF,Res2TCNGuard,deterministic_crop,silence_fraction,1,5000,0.11812896065438076,5.2817087941840655e-17,5000,-0.14252327616039995,2.5141501219246708e-23,negated_raw_is_spoof,screen,1.1357786591013415e-16,7.410126675146398e-23
ASVspoof2021_DF,Res2TCNGuard,deterministic_crop,clipping_fraction,1,5000,0.04284818553921137,0.002441827927342159,5000,0.031450408465622,0.028885731474727196,negated_raw_is_spoof,screen,0.0032461095295231077,0.03957433547607885
ASVspoof2021_DF,Res2TCNGuard,deterministic_crop,frame_rms_cv,1,5000,-0.05412556229302248,0.0001286100509084991,5000,-0.24753922290394392,2.589790331852019e-68,negated_raw_is_spoof,screen,0.00018586226711937934,1.3438911992313179e-67
ASVspoof2021_DF,Res2TCNGuard,deterministic_crop,frame_rms_range_db,1,5000,0.10194896212595847,4.977530754917559e-13,5000,-0.14805523177545962,4.609254425279769e-25,negated_raw_is_spoof,screen,9.681333335179739e-13,1.3889771182905851e-24
ASVspoof2021_DF,Res2TCNGuard,deterministic_crop,spectral_centroid_hz,1,5000,-0.06661220839248833,2.425989424838486e-06,5000,0.04625292957267038,0.0013072428167548397,negated_raw_is_spoof,screen,3.826912895519865e-06,0.0020990852398070545
ASVspoof2021_DF,Res2TCNGuard,deterministic_crop,spectral_centroid_std_hz,1,5000,-0.04188453930738157,0.003054061181219579,5000,0.052740445399947024,0.00024653776484495903,negated_raw_is_spoof,screen,0.004012373633977629,0.00041942627335648727
ASVspoof2021_DF,Res2TCNGuard,deterministic_crop,spectral_bandwidth_hz,1,5000,-0.06516004139040164,4.002364935339815e-06,5000,-0.003187162168588888,0.824799326786272,negated_raw_is_spoof,screen,6.2767543443368855e-06,0.8498843864340777
ASVspoof2021_DF,Res2TCNGuard,deterministic_crop,spectral_rolloff85_hz,1,5000,-0.05829917711368097,3.709731403523551e-05,5000,0.031752650797150776,0.027380389685063646,negated_raw_is_spoof,screen,5.533716988163877e-05,0.03766555141937108
ASVspoof2021_DF,Res2TCNGuard,deterministic_crop,spectral_flatness,1,5000,-0.147011967964007,1.472406351612833e-25,5000,-0.062013911365759906,1.621135515151553e-05,negated_raw_is_spoof,screen,3.850027503049898e-25,3.0345489308686456e-05
ASVspoof2021_DF,Res2TCNGuard,deterministic_crop,spectral_slope_db_per_khz,1,5000,-0.07691648074065922,5.165284933643312e-08,5000,-0.04935975672655621,0.0006023551914111012,negated_raw_is_spoof,screen,8.710342472793741e-08,0.000990900094561224
ASVspoof2021_DF,Res2TCNGuard,deterministic_crop,low_high_energy_ratio_db,1,5000,0.11980883476322879,1.8913628031072685e-17,5000,0.028919697734197145,0.04452202155939942,negated_raw_is_spoof,screen,4.0999864635099496e-17,0.05930386221588981
ASVspoof2021_DF,Res2TCNGuard,deterministic_crop,spectral_flux,1,5000,0.04090894301628498,0.003813542679472088,5000,0.03432478236058869,0.01708586562555096,negated_raw_is_spoof,screen,0.004952078609865205,0.024274210783023772
ASVspoof2021_DF,Res2TCNGuard,deterministic_crop,f0_median_hz,1,4972,-0.038534074628641196,0.006578579902516,4972,0.0405446731509642,0.004967279046778747,negated_raw_is_spoof,screen,0.00838862560624431,0.007484330761065736
ASVspoof2021_DF,Res2TCNGuard,deterministic_crop,f0_iqr_hz,1,4972,-0.03128562468945059,0.027383292848283333,4972,-0.07960987977196779,3.3461128884105884e-08,negated_raw_is_spoof,screen,0.033155987016299814,7.05993048983333e-08
ASVspoof2021_DF,Res2TCNGuard,deterministic_crop,voiced_fraction,1,5000,-0.03871779859492115,0.006179455123830005,5000,0.054471246816301735,0.0001529016610289433,negated_raw_is_spoof,screen,0.00789466510116685,0.00026688289925051923
ASVspoof2021_DF,Res2TCNGuard,deterministic_crop,hnr_db,1,4972,-0.05421087046165051,0.00013109611726011124,4972,-0.00947183405200364,0.5118219782716044,negated_raw_is_spoof,screen,0.00018904847810900162,0.5652331460945245
ASVspoof2021_DF,Res2TCNGuard,deterministic_crop,cpp_proxy_db,1,4972,0.19557244616456992,4.69255265395569e-44,4972,0.02056182323752058,0.1543897445411101,negated_raw_is_spoof,screen,1.6773379699245872e-43,0.19106797114479923
ASVspoof2021_DF,Res2TCNGuard,deterministic_crop,jitter_proxy,1,4972,0.012245821520603366,0.3879738377998919,4972,-0.05874682060817037,4.6584764760298627e-05,negated_raw_is_spoof,screen,0.41615070870156007,8.472249504444026e-05
ASVspoof2021_DF,Res2TCNGuard,deterministic_crop,shimmer_proxy_db,1,4972,-0.07027029712988798,7.056074512499e-07,4972,-0.04505884547988301,0.0017949533281249185,negated_raw_is_spoof,screen,1.138459081008242e-06,0.002838137968235165
ASVspoof2021_DF,Res2TCNGuard,deterministic_crop,f0_delta_hz,1,4972,-0.025712236521798482,0.06985101012592897,4972,-0.041854549355476556,0.0037318460252384394,negated_raw_is_spoof,screen,0.08135160971338694,0.005654567145344377
ASVspoof2021_DF,Res2TCNGuard,deterministic_crop,group_delay_var,1,5000,-0.05484322347372893,0.0001044770668128016,5000,-0.17532162415631494,1.268406114653724e-34,negated_raw_is_spoof,screen,0.00015147484120432074,4.405007281898205e-34
ASVspoof2021_DF,Res2TCNGuard,deterministic_crop,inst_freq_dispersion,1,5000,-0.06182620724265888,1.2150741847131057e-05,5000,0.032155696167047915,0.025478599390368655,negated_raw_is_spoof,screen,1.864223406683121e-05,0.03519346102842289
ASVspoof2021_DF,Res2TCNGuard,deterministic_crop,modulation_centroid_hz,1,5000,-0.05227757498710299,0.00021714462296191586,5000,0.08249981299554479,9.461508430560899e-09,negated_raw_is_spoof,screen,0.00030850145164991005,2.0346027729078158e-08
ASVspoof2021_DF,Res2TCNGuard,deterministic_crop,modulation_entropy,1,5000,-0.10050828949233157,1.0539175888140586e-12,5000,0.07974831351689318,2.8888061192987017e-08,negated_raw_is_spoof,screen,2.032231333380337e-12,6.123904454790939e-08
ASVspoof2021_DF,Spectra-AASIST,deterministic_crop,crest_factor_db,0,5000,-0.2494986860418873,7.947264372099393e-72,5000,-0.20916799929140523,1.269956687876514e-49,negated_raw_is_spoof,screen,4.1239858363326585e-71,5.5236951084337696e-49
ASVspoof2021_DF,Spectra-AASIST,deterministic_crop,peak_dbfs,0,5000,0.018324585035315026,0.19513793155241937,5000,0.003191372851171494,0.8231824525164846,negated_raw_is_spoof,screen,0.21444430090470293,0.8497367251783067
ASVspoof2021_DF,Spectra-AASIST,deterministic_crop,rms_dbfs,0,5000,0.2489973178137724,1.5498968201895382e-71,5000,0.20687446612773652,1.4804825577390577e-48,negated_raw_is_spoof,screen,7.950615749369235e-71,6.276872421455184e-48
ASVspoof2021_DF,Spectra-AASIST,deterministic_crop,integrated_lufs,0,5000,0.10890691104134526,1.1457852994518612e-14,5000,-0.014863877017485063,0.2979217658623251,negated_raw_is_spoof,screen,2.3367760887151767e-14,0.34817987245127385
ASVspoof2021_DF,Spectra-AASIST,deterministic_crop,silence_fraction,0,5000,-0.23079695193778896,1.9056970282834596e-61,5000,-0.2076682414147113,6.34883947919458e-49,negated_raw_is_spoof,screen,8.652894614908681e-61,2.717465050967362e-48
ASVspoof2021_DF,Spectra-AASIST,deterministic_crop,clipping_fraction,0,5000,0.323600736185305,3.091198169182582e-122,5000,0.13517444709515752,1.9381567820224107e-21,negated_raw_is_spoof,screen,2.4154478717333664e-121,5.55412092758661e-21
ASVspoof2021_DF,Spectra-AASIST,deterministic_crop,frame_rms_cv,0,5000,-0.27616350891967995,3.249006720170292e-88,5000,-0.22970334962728303,9.585771844490265e-60,negated_raw_is_spoof,screen,2.012288033137729e-87,4.520448196138568e-59
ASVspoof2021_DF,Spectra-AASIST,deterministic_crop,frame_rms_range_db,0,5000,-0.18540889444660483,6.5582587956194806e-40,5000,-0.23367941811374432,7.967993563255755e-62,negated_raw_is_spoof,screen,2.2485458727838217e-39,3.85215228381861e-61
ASVspoof2021_DF,Spectra-AASIST,deterministic_crop,spectral_centroid_hz,0,5000,-0.0018592750345941143,0.895428955781442,5000,0.07958435452363953,2.3889270794671382e-08,negated_raw_is_spoof,screen,0.9062172564535076,5.080249991778218e-08
ASVspoof2021_DF,Spectra-AASIST,deterministic_crop,spectral_centroid_std_hz,0,5000,-0.0062953648445700375,0.6562889495284976,5000,0.03559767905361981,0.012657494576540527,negated_raw_is_spoof,screen,0.6791283561531417,0.018292121194484375
ASVspoof2021_DF,Spectra-AASIST,deterministic_crop,spectral_bandwidth_hz,0,5000,-0.2319419413375107,4.681340190103987e-62,5000,-0.13470149933693298,2.6747972801852267e-21,negated_raw_is_spoof,screen,2.1621035104810165e-61,7.616371916459628e-21
ASVspoof2021_DF,Spectra-AASIST,deterministic_crop,spectral_rolloff85_hz,0,5000,-0.01097378938561595,0.4378709620780789,5000,0.08193608409028016,9.102723936772116e-09,negated_raw_is_spoof,screen,0.4659529477695471,1.960586694073994e-08
ASVspoof2021_DF,Spectra-AASIST,deterministic_crop,spectral_flatness,0,5000,-0.4066911906879717,1.660541478309938e-198,5000,-0.40283723043842,8.526450289866128e-191,negated_raw_is_spoof,screen,1.8598064557071303e-197,8.36463444494896e-190
ASVspoof2021_DF,Spectra-AASIST,deterministic_crop,spectral_slope_db_per_khz,0,5000,-0.3015723511230828,1.2246730185586454e-105,5000,-0.34161451032712015,2.548232508462585e-134,negated_raw_is_spoof,screen,8.84925019861731e-105,1.9349290911715897e-133
ASVspoof2021_DF,Spectra-AASIST,deterministic_crop,low_high_energy_ratio_db,0,5000,0.22642630484965762,3.7734029978709636e-59,5000,0.1747388761232461,6.259125040690875e-35,negated_raw_is_spoof,screen,1.630692485253561e-58,2.19641359130249e-34
ASVspoof2021_DF,Spectra-AASIST,deterministic_crop,spectral_flux,0,5000,0.24581057654741761,1.0441791978378032e-69,5000,0.18262563666396966,4.762518851885897e-38,negated_raw_is_spoof,screen,5.236480753335848e-69,1.7393547111235453e-37
ASVspoof2021_DF,Spectra-AASIST,deterministic_crop,f0_median_hz,0,4994,0.023131132499781003,0.10216526398065082,4994,0.06915623582776734,1.2660630810930778e-06,negated_raw_is_spoof,screen,0.11646320168786657,2.4949982125939832e-06
ASVspoof2021_DF,Spectra-AASIST,deterministic_crop,f0_iqr_hz,0,4994,-0.10960175585955736,8.047366767218931e-15,4994,-0.09110654982743796,1.6755410671731305e-10,negated_raw_is_spoof,screen,1.656303359133575e-14,3.8103675030130075e-10
ASVspoof2021_DF,Spectra-AASIST,deterministic_crop,voiced_fraction,0,5000,0.12299406787026566,2.592728810359692e-18,5000,0.08600769562087407,1.6068833655158837e-09,negated_raw_is_spoof,screen,5.721884271138631e-18,3.5462253583798812e-09
ASVspoof2021_DF,Spectra-AASIST,deterministic_crop,hnr_db,0,4994,-0.03611234501823118,0.010704830920408167,4994,-0.0349399359962814,0.014458384300193304,negated_raw_is_spoof,screen,0.013446067997222968,0.020716490937590405
ASVspoof2021_DF,Spectra-AASIST,deterministic_crop,cpp_proxy_db,0,4994,0.0979281818583424,4.052046386518085e-12,4994,0.19230010193824415,5.040615913843371e-42,negated_raw_is_spoof,screen,7.659564477468784e-12,1.9808736222823075e-41
ASVspoof2021_DF,Spectra-AASIST,deterministic_crop,jitter_proxy,0,4994,-0.08067741347232632,1.1350079317543523e-08,4994,-0.08793475784077497,7.040318887349662e-10,negated_raw_is_spoof,screen,1.95070416915326e-08,1.5796642044403916e-09
ASVspoof2021_DF,Spectra-AASIST,deterministic_crop,shimmer_proxy_db,0,4994,0.0375405934823695,0.007973291618045806,4994,0.037727774381847955,0.008267610924495995,negated_raw_is_spoof,screen,0.010138225103740362,0.01221062536540947
ASVspoof2021_DF,Spectra-AASIST,deterministic_crop,f0_delta_hz,0,4994,-0.05159474603929031,0.0002646739537886876,4994,-0.06301069905022592,1.016848031062233e-05,negated_raw_is_spoof,screen,0.0003732652611668375,1.9194434743646643e-05
ASVspoof2021_DF,Spectra-AASIST,deterministic_crop,group_delay_var,0,5000,-0.2798635422681253,1.219396072373636e-90,5000,-0.2857680815839075,7.921890029434337e-93,negated_raw_is_spoof,screen,7.694217470751955e-90,4.8839542199815366e-92
ASVspoof2021_DF,Spectra-AASIST,deterministic_crop,inst_freq_dispersion,0,5000,0.060210358713798436,2.0413792800422255e-05,5000,0.03323929847751377,0.019912761009230857,negated_raw_is_spoof,screen,3.086179698961475e-05,0.028141693792225312
ASVspoof2021_DF,Spectra-AASIST,deterministic_crop,modulation_centroid_hz,0,5000,0.176881555048488,2.012420762714968e-36,5000,0.23661345651263407,2.192210050691091e-63,negated_raw_is_spoof,screen,6.629150747766953e-36,1.0872067557670946e-62
ASVspoof2021_DF,Spectra-AASIST,deterministic_crop,modulation_entropy,0,5000,0.08787448538152436,4.841618255995052e-10,5000,0.1833753107792196,2.364994055506944e-38,negated_raw_is_spoof,screen,8.630152435089323e-10,8.708361672880364e-38
ASVspoof2021_DF,Spectra-AASIST,deterministic_crop,crest_factor_db,1,5000,-0.14494178069854285,6.987381632368335e-25,5000,-0.07252771734543703,4.55139031571345e-07,negated_raw_is_spoof,screen,1.7956101173810788e-24,9.198599374915604e-07
ASVspoof2021_DF,Spectra-AASIST,deterministic_crop,peak_dbfs,1,5000,0.05394947299878992,0.0001352870642962787,5000,-0.05330185999883562,0.00021146796237809232,negated_raw_is_spoof,screen,0.0001948829736486587,0.000362979490978488
ASVspoof2021_DF,Spectra-AASIST,deterministic_crop,rms_dbfs,1,5000,0.13940441695625092,4.027337308790938e-23,5000,0.08533341357462158,2.8856537408960872e-09,negated_raw_is_spoof,screen,9.968216101316796e-23,6.285767630088073e-09
ASVspoof2021_DF,Spectra-AASIST,deterministic_crop,integrated_lufs,1,5000,0.0454900732341535,0.0012931517411700678,5000,-0.051895470157429235,0.0003092900922110832,negated_raw_is_spoof,screen,0.0017520120364239629,0.0005228753257002463
ASVspoof2021_DF,Spectra-AASIST,deterministic_crop,silence_fraction,1,5000,-0.10919194596930949,9.766136671038495e-15,5000,0.012820345857707088,0.3731866603012949,negated_raw_is_spoof,screen,2.0008670252859355e-14,0.42978823602822647
ASVspoof2021_DF,Spectra-AASIST,deterministic_crop,clipping_fraction,1,5000,-0.00036414695455426916,0.9794626125670445,5000,0.018408192096868167,0.20099709139886127,negated_raw_is_spoof,screen,0.9801919220328428,0.24358890066733052
ASVspoof2021_DF,Spectra-AASIST,deterministic_crop,frame_rms_cv,1,5000,-0.06816142588827227,1.406040465772972e-06,5000,-0.006212856605860733,0.6660753263991325,negated_raw_is_spoof,screen,2.2363531195252953e-06,0.713879775662228
ASVspoof2021_DF,Spectra-AASIST,deterministic_crop,frame_rms_range_db,1,5000,-0.060760708599177884,1.713158758850145e-05,5000,0.0543475179582981,0.0001582861748635416,negated_raw_is_spoof,screen,2.601678386321576e-05,0.00027592298186329434
ASVspoof2021_DF,Spectra-AASIST,deterministic_crop,spectral_centroid_hz,1,5000,-0.04832048185977743,0.0006310252377425128,5000,-0.07683927834153294,9.039023068710788e-08,negated_raw_is_spoof,screen,0.0008671757868363365,1.8689918468226616e-07
ASVspoof2021_DF,Spectra-AASIST,deterministic_crop,spectral_centroid_std_hz,1,5000,-0.03049283052010419,0.031073440335842688,5000,-0.04830234541252456,0.0007880060150676098,negated_raw_is_spoof,screen,0.03752264493384778,0.0012806288805935519
ASVspoof2021_DF,Spectra-AASIST,deterministic_crop,spectral_bandwidth_hz,1,5000,-0.1027260586038349,3.306624770324447e-13,5000,-0.05664585580452439,8.226470317965674e-05,negated_raw_is_spoof,screen,6.487742615059937e-13,0.0001476151683223747
ASVspoof2021_DF,Spectra-AASIST,deterministic_crop,spectral_rolloff85_hz,1,5000,-0.061657524496689556,1.2834579473265775e-05,5000,-0.08745889599947697,1.154492800188646e-09,negated_raw_is_spoof,screen,1.964655445565968e-05,2.5520367162064807e-09
ASVspoof2021_DF,Spectra-AASIST,deterministic_crop,spectral_flatness,1,5000,0.06309799611852031,8.005528549356564e-06,5000,0.13794887908024472,6.102158368329116e-22,negated_raw_is_spoof,screen,1.2352962537698302e-05,1.763720612265448e-21
ASVspoof2021_DF,Spectra-AASIST,deterministic_crop,spectral_slope_db_per_khz,1,5000,0.04178287962933192,0.003126209562503636,5000,0.14606952091961597,1.9717025171657677e-24,negated_raw_is_spoof,screen,0.004099146977565744,5.888818184601759e-24
ASVspoof2021_DF,Spectra-AASIST,deterministic_crop,low_high_energy_ratio_db,1,5000,0.11072260884750577,4.112086281211837e-15,5000,0.0793917094521496,3.329599935572526e-08,negated_raw_is_spoof,screen,8.515630141677518e-15,7.03613571290798e-08
ASVspoof2021_DF,Spectra-AASIST,deterministic_crop,spectral_flux,1,5000,0.08664706467067788,8.415535630021831e-10,5000,0.10131825853756303,1.7187183253736817e-12,negated_raw_is_spoof,screen,1.4862654253284286e-09,4.110244536124961e-12
ASVspoof2021_DF,Spectra-AASIST,deterministic_crop,f0_median_hz,1,4972,0.0050758008733329495,0.7204785707734721,4972,0.0034615311168736214,0.8105355615957879,negated_raw_is_spoof,screen,0.7397427036818537,0.8379690729113376
ASVspoof2021_DF,Spectra-AASIST,deterministic_crop,f0_iqr_hz,1,4972,0.019552795606211888,0.1680490120783041,4972,0.038245295417340945,0.008055970830902249,negated_raw_is_spoof,screen,0.18665939853986838,0.011924256384066764
ASVspoof2021_DF,Spectra-AASIST,deterministic_crop,voiced_fraction,1,5000,0.16961440622642307,1.3776468799104374e-33,5000,0.03369859275712357,0.019215549720411465,negated_raw_is_spoof,screen,4.295956859859925e-33,0.02724229833779853
ASVspoof2021_DF,Spectra-AASIST,deterministic_crop,hnr_db,1,4972,0.007000761136399857,0.621643467630385,4972,-0.052927065147173116,0.00024433236661386014,negated_raw_is_spoof,screen,0.6461630475601218,0.00041620114160840056
ASVspoof2021_DF,Spectra-AASIST,deterministic_crop,cpp_proxy_db,1,4972,-0.14798563248161858,9.602410530103152e-26,4972,-0.07346350866796632,3.492383812518054e-07,negated_raw_is_spoof,screen,2.5305175985213013e-25,7.122555150264438e-07
ASVspoof2021_DF,Spectra-AASIST,deterministic_crop,jitter_proxy,1,4972,-0.015077760161194073,0.287799044570586,4972,0.04671152869759325,0.0012085421921961001,negated_raw_is_spoof,screen,0.31143471489763896,0.0019475787845462333
ASVspoof2021_DF,Spectra-AASIST,deterministic_crop,shimmer_proxy_db,1,4972,0.10529297216802734,9.820657482450447e-14,4972,0.05545059222803717,0.00012139792993244693,negated_raw_is_spoof,screen,1.941024067119618e-13,0.00021496550438630915
ASVspoof2021_DF,Spectra-AASIST,deterministic_crop,f0_delta_hz,1,4972,-0.00971463768633739,0.49344082574730735,4972,0.0419472802019436,0.003655993930206863,negated_raw_is_spoof,screen,0.5205529590301264,0.005558434210631249
ASVspoof2021_DF,Spectra-AASIST,deterministic_crop,group_delay_var,1,5000,0.009693270053126634,0.4931783400651543,5000,0.0041702343115005815,0.7720763727612907,negated_raw_is_spoof,screen,0.5205529590301264,0.8068978576914266
ASVspoof2021_DF,Spectra-AASIST,deterministic_crop,inst_freq_dispersion,1,5000,0.0034909971127507046,0.8050709007103035,5000,0.009643933201501354,0.5029407439341298,negated_raw_is_spoof,screen,0.8197085534504909,0.5563393908209634
ASVspoof2021_DF,Spectra-AASIST,deterministic_crop,modulation_centroid_hz,1,5000,0.12452923176710147,9.765275511838834e-19,5000,0.03152482777988308,0.028508619039598775,negated_raw_is_spoof,screen,2.194737506339698e-18,0.03909753468287832
ASVspoof2021_DF,Spectra-AASIST,deterministic_crop,modulation_entropy,1,5000,0.12689717439016016,2.1143342236289068e-19,5000,0.0024601090038111383,0.8643212389367411,negated_raw_is_spoof,screen,4.824558907567488e-19,0.8860776087955606
ASVspoof2021_DF,W2V2-AASIST,deterministic_crop,crest_factor_db,0,5000,-0.5714516392969249,0.0,5000,-0.609914756753353,0.0,negated_raw_is_spoof,screen,0.0,0.0
ASVspoof2021_DF,W2V2-AASIST,deterministic_crop,peak_dbfs,0,5000,0.07655773932399083,5.958178692368811e-08,5000,-0.011954081463741039,0.4025762404807121,negated_raw_is_spoof,screen,1.0009740203179602e-07,0.4589164268075293
ASVspoof2021_DF,W2V2-AASIST,deterministic_crop,rms_dbfs,0,5000,0.5672009092704877,0.0,5000,0.6148734328411954,0.0,negated_raw_is_spoof,screen,0.0,0.0
ASVspoof2021_DF,W2V2-AASIST,deterministic_crop,integrated_lufs,0,5000,0.14703612431156043,1.4457001698772518e-25,5000,0.021653720936314833,0.12939814850895096,negated_raw_is_spoof,screen,3.787565357339233e-25,0.16162742713385694
ASVspoof2021_DF,W2V2-AASIST,deterministic_crop,silence_fraction,0,5000,-0.4885780931390334,2.286309526661059e-298,5000,-0.5797758143818447,0.0,negated_raw_is_spoof,screen,4.2677777831006435e-297,0.0
ASVspoof2021_DF,W2V2-AASIST,deterministic_crop,clipping_fraction,0,5000,0.43544939660683285,1.7038399327633903e-230,5000,0.27432162356419515,2.1052606616235155e-85,negated_raw_is_spoof,screen,2.3366947649326495e-229,1.2143649481639505e-84
ASVspoof2021_DF,W2V2-AASIST,deterministic_crop,frame_rms_cv,0,5000,-0.7306797808493366,0.0,5000,-0.6707731353555618,0.0,negated_raw_is_spoof,screen,0.0,0.0
ASVspoof2021_DF,W2V2-AASIST,deterministic_crop,frame_rms_range_db,0,5000,-0.25585172777863086,1.469994116020587e-75,5000,-0.5364056706356737,0.0,negated_raw_is_spoof,screen,7.998672436970321e-75,0.0
ASVspoof2021_DF,W2V2-AASIST,deterministic_crop,spectral_centroid_hz,0,5000,0.3471389618868838,1.4126110886243758e-141,5000,0.3440280153512114,2.5511086414361077e-136,negated_raw_is_spoof,screen,1.217018784045616e-140,1.9934244267965864e-135
ASVspoof2021_DF,W2V2-AASIST,deterministic_crop,spectral_centroid_std_hz,0,5000,0.31544476389607323,6.325814370201606e-116,5000,0.2852398144006928,1.7753443597060402e-92,negated_raw_is_spoof,screen,4.858225436314833e-115,1.0845740088385991e-91
ASVspoof2021_DF,W2V2-AASIST,deterministic_crop,spectral_bandwidth_hz,0,5000,-0.11535331360120647,2.791787732083859e-16,5000,-0.04935030098739978,0.0005451942262340755,negated_raw_is_spoof,screen,5.946375137750724e-16,0.0009001732678852548
ASVspoof2021_DF,W2V2-AASIST,deterministic_crop,spectral_rolloff85_hz,0,5000,0.3034424579295529,5.4162511301006536e-107,5000,0.3166295078164478,1.2024015139957333e-114,negated_raw_is_spoof,screen,3.999693142228175e-106,8.161755731364978e-114
ASVspoof2021_DF,W2V2-AASIST,deterministic_crop,spectral_flatness,0,5000,-0.43456346133311563,1.8368637879144486e-229,5000,-0.3900570390269696,5.572753412894491e-178,negated_raw_is_spoof,screen,2.468744930957019e-228,5.095088834646392e-177
ASVspoof2021_DF,W2V2-AASIST,deterministic_crop,spectral_slope_db_per_khz,0,5000,-0.3261072384675959,3.2423235847280466e-124,5000,-0.31482846995789593,2.6755614272774804e-113,negated_raw_is_spoof,screen,2.5938588677824373e-123,1.8070123408346398e-112
ASVspoof2021_DF,W2V2-AASIST,deterministic_crop,low_high_energy_ratio_db,0,5000,0.1851939846139827,8.068639413899232e-40,5000,0.13312300873749228,7.773531451811813e-21,negated_raw_is_spoof,screen,2.7593514942189742e-39,2.1856958726433214e-20
ASVspoof2021_DF,W2V2-AASIST,deterministic_crop,spectral_flux,0,5000,0.29857702479157366,1.7234077829320086e-103,5000,0.16412826103154854,5.817483384546995e-31,negated_raw_is_spoof,screen,1.206385448052406e-102,1.935321205156228e-30
ASVspoof2021_DF,W2V2-AASIST,deterministic_crop,f0_median_hz,0,4994,0.3067516019270222,2.764540508246989e-109,4994,0.3195067264648425,1.1186237607683354e-116,negated_raw_is_spoof,screen,2.064190246157752e-108,7.74964089934352e-116
ASVspoof2021_DF,W2V2-AASIST,deterministic_crop,f0_iqr_hz,0,4994,-0.0609320472697935,1.6407861935759417e-05,4994,-0.1699339878167242,4.614282578799582e-33,negated_raw_is_spoof,screen,2.497414093053302e-05,1.574009082717421e-32
ASVspoof2021_DF,W2V2-AASIST,deterministic_crop,voiced_fraction,0,5000,-0.026154690455221497,0.06441886195950011,5000,0.07112658407566165,6.149980201977469e-07,negated_raw_is_spoof,screen,0.07561480390704642,1.2318291194422828e-06
ASVspoof2021_DF,W2V2-AASIST,deterministic_crop,hnr_db,0,4994,-0.19479142994643658,6.752273360196384e-44,4994,-0.16308410418444041,1.501796914389426e-30,negated_raw_is_spoof,screen,2.4008083058476033e-43,4.9350001294361574e-30
ASVspoof2021_DF,W2V2-AASIST,deterministic_crop,cpp_proxy_db,0,4994,0.43498637938863105,1.1092954669589238e-229,4994,0.44273521752845735,2.574775285631583e-234,negated_raw_is_spoof,screen,1.5059526339321148e-228,3.3926450822439683e-233
ASVspoof2021_DF,W2V2-AASIST,deterministic_crop,jitter_proxy,0,4994,-0.27484198297373386,2.9621617684499443e-87,4994,-0.35103718083472213,4.678174464453271e-142,negated_raw_is_spoof,screen,1.8178746195418834e-86,3.7203943669971575e-141
ASVspoof2021_DF,W2V2-AASIST,deterministic_crop,shimmer_proxy_db,0,4994,-0.006745343787543476,0.6336700164887525,4994,0.031941067941112296,0.025374936657650234,negated_raw_is_spoof,screen,0.6576467198153539,0.03508633216860279
ASVspoof2021_DF,W2V2-AASIST,deterministic_crop,f0_delta_hz,0,4994,0.04897564638808839,0.0005357113320872505,4994,-0.20481035894205055,1.4981724952872083e-47,negated_raw_is_spoof,screen,0.0007414995162979039,6.253241719459652e-47
ASVspoof2021_DF,W2V2-AASIST,deterministic_crop,group_delay_var,0,5000,-0.7003622500817248,0.0,5000,-0.6539897088343662,0.0,negated_raw_is_spoof,screen,0.0,0.0
ASVspoof2021_DF,W2V2-AASIST,deterministic_crop,inst_freq_dispersion,0,5000,0.16531822054204273,5.713095672766393e-32,5000,0.1247033867635778,1.8562164871325033e-18,negated_raw_is_spoof,screen,1.733273269570662e-31,4.989509917412169e-18
ASVspoof2021_DF,W2V2-AASIST,deterministic_crop,modulation_centroid_hz,0,5000,0.47310931560979114,2.3770740294200474e-277,5000,0.5916107439852387,0.0,negated_raw_is_spoof,screen,4.149074669533173e-276,0.0
ASVspoof2021_DF,W2V2-AASIST,deterministic_crop,modulation_entropy,0,5000,0.3498561247318312,6.413657033552453e-144,5000,0.4751325348201416,9.345281722238974e-275,negated_raw_is_spoof,screen,5.597373411100323e-143,1.7205559773546824e-273
ASVspoof2021_DF,W2V2-AASIST,deterministic_crop,crest_factor_db,1,5000,0.22215225372340167,5.969926744777072e-57,5000,-0.15074306297313433,6.241479540554522e-26,negated_raw_is_spoof,screen,2.4917955108634737e-56,1.8978616521505152e-25
ASVspoof2021_DF,W2V2-AASIST,deterministic_crop,peak_dbfs,1,5000,-0.2361494701444135,2.5189733467770174e-64,5000,-0.015691478966591017,0.2757238968584285,negated_raw_is_spoof,screen,1.1962898155718414e-63,0.32449467371079505
ASVspoof2021_DF,W2V2-AASIST,deterministic_crop,rms_dbfs,1,5000,-0.22904791974537975,1.6030406807352063e-60,5000,0.15572804001204868,1.3874514231014604e-27,negated_raw_is_spoof,screen,7.134061837444097e-60,4.336592354996192e-27
ASVspoof2021_DF,W2V2-AASIST,deterministic_crop,integrated_lufs,1,5000,-0.25758255414366793,1.3548367540580951e-76,5000,-0.07777372870159505,6.273941438093391e-08,negated_raw_is_spoof,screen,7.493418096518847e-76,1.3093443001238383e-07
ASVspoof2021_DF,W2V2-AASIST,deterministic_crop,silence_fraction,1,5000,0.1224994207177146,3.542180404460779e-18,5000,-0.13619866412567538,2.0103009696233323e-21,negated_raw_is_spoof,screen,7.76621609069378e-18,5.7486053259016136e-21
ASVspoof2021_DF,W2V2-AASIST,deterministic_crop,clipping_fraction,1,5000,-0.15365937791915765,8.507179164711652e-28,5000,-0.015511471648145456,0.2812702360656594,negated_raw_is_spoof,screen,2.402027058271525e-27,0.3304433542589565
ASVspoof2021_DF,W2V2-AASIST,deterministic_crop,frame_rms_cv,1,5000,-0.03973108182563937,0.004956941461256844,5000,-0.20607976826858068,1.8858338678518586e-47,negated_raw_is_spoof,screen,0.006381349927135248,7.822718266644747e-47
ASVspoof2021_DF,W2V2-AASIST,deterministic_crop,frame_rms_range_db,1,5000,0.09190375162482403,7.478450994016515e-11,5000,-0.14861351481960247,3.0520393271078324e-25,negated_raw_is_spoof,screen,1.3600863512798642e-10,9.23860553070479e-25
ASVspoof2021_DF,W2V2-AASIST,deterministic_crop,spectral_centroid_hz,1,5000,0.007500835214373669,0.5959289095066423,5000,0.048220283969826964,0.0008044361087086427,negated_raw_is_spoof,screen,0.6216395042910217,0.0013057513648604057
ASVspoof2021_DF,W2V2-AASIST,deterministic_crop,spectral_centroid_std_hz,1,5000,0.02614684348603155,0.06449900470707635,5000,0.053216681669281084,0.00021646900022512708,negated_raw_is_spoof,screen,0.07564281180306337,0.00037108971467164647
ASVspoof2021_DF,W2V2-AASIST,deterministic_crop,spectral_bandwidth_hz,1,5000,-0.05125503734619306,0.0002881179467573168,5000,-0.042619452021558236,0.003060113120218847,negated_raw_is_spoof,screen,0.0004059020130417545,0.004689614633493878
ASVspoof2021_DF,W2V2-AASIST,deterministic_crop,spectral_rolloff85_hz,1,5000,0.01888776016621399,0.18176132727688307,5000,0.038147175376648704,0.008034538866297252,negated_raw_is_spoof,screen,0.20109001811114763,0.011918786132785327
ASVspoof2021_DF,W2V2-AASIST,deterministic_crop,spectral_flatness,1,5000,-0.20354574873822134,6.589351165583313e-48,5000,-0.20771536759215709,3.398438889589058e-48,negated_raw_is_spoof,screen,2.4600244351511034e-47,1.4318187672751392e-47
ASVspoof2021_DF,W2V2-AASIST,deterministic_crop,spectral_slope_db_per_khz,1,5000,-0.1998569930806351,3.2373749291169095e-46,5000,-0.2131650579272455,1.0129818977085894e-50,negated_raw_is_spoof,screen,1.1888065313478487e-45,4.463762854165063e-50
ASVspoof2021_DF,W2V2-AASIST,deterministic_crop,low_high_energy_ratio_db,1,5000,0.10695070487396363,3.391631162877095e-14,5000,0.053366864713101245,0.00020772456657074613,negated_raw_is_spoof,screen,6.823880663034155e-14,0.00035746711584005476
ASVspoof2021_DF,W2V2-AASIST,deterministic_crop,spectral_flux,1,5000,0.0017270324377859265,0.902828381040969,5000,0.06024312625149663,2.8116506940649235e-05,negated_raw_is_spoof,screen,0.9130183176215668,5.176518538114051e-05
ASVspoof2021_DF,W2V2-AASIST,deterministic_crop,f0_median_hz,1,4972,-0.025411089568493854,0.07319130320414269,4972,-0.0056567084189736595,0.6952292855062251,negated_raw_is_spoof,screen,0.08487412554475218,0.7404026622189909
ASVspoof2021_DF,W2V2-AASIST,deterministic_crop,f0_iqr_hz,1,4972,0.004161261491617151,0.7692561138481662,4972,-0.05369184610960584,0.00019827206614363364,negated_raw_is_spoof,screen,0.7868190388218687,0.00034251626850519747
ASVspoof2021_DF,W2V2-AASIST,deterministic_crop,voiced_fraction,1,5000,-0.07311602431018133,2.2703468771335728e-07,5000,0.06725294196424635,2.9168220449160844e-06,negated_raw_is_spoof,screen,3.7256974393986837e-07,5.656866996200891e-06
ASVspoof2021_DF,W2V2-AASIST,deterministic_crop,hnr_db,1,4972,-0.057397398260394694,5.1316255370475994e-05,4972,0.0038072477754669703,0.7920275602370929,negated_raw_is_spoof,screen,7.587353929364109e-05,0.8219961706244424
ASVspoof2021_DF,W2V2-AASIST,deterministic_crop,cpp_proxy_db,1,4972,0.1409002194508696,1.8173073089713482e-23,4972,0.0306052572807708,0.033996108732047746,negated_raw_is_spoof,screen,4.5398903778020297e-23,0.046105721630547096
ASVspoof2021_DF,W2V2-AASIST,deterministic_crop,jitter_proxy,1,4972,0.03887445479821091,0.006116336266531391,4972,-0.07195104504670508,6.051557635181918e-07,negated_raw_is_spoof,screen,0.007821461410293235,1.2139243972663428e-06
ASVspoof2021_DF,W2V2-AASIST,deterministic_crop,shimmer_proxy_db,1,4972,-0.017836258588429948,0.2085866162215569,4972,-0.027243374327104143,0.05914172395653746,negated_raw_is_spoof,screen,0.22884931608307954,0.07777541780585749
ASVspoof2021_DF,W2V2-AASIST,deterministic_crop,f0_delta_hz,1,4972,0.024288266224731073,0.08681447587568458,4972,-0.06482158841812702,6.987777039718819e-06,negated_raw_is_spoof,screen,0.09955516687450519,1.3283694966594189e-05
ASVspoof2021_DF,W2V2-AASIST,deterministic_crop,group_delay_var,1,5000,-0.04102340781373561,0.003716309824597384,5000,-0.1420501176391746,3.5139714690603295e-23,negated_raw_is_spoof,screen,0.004830483949960236,1.0311741603530748e-22
ASVspoof2021_DF,W2V2-AASIST,deterministic_crop,inst_freq_dispersion,1,5000,-0.04274290577147266,0.002502775671370043,5000,0.011547980216136141,0.4224757243723498,negated_raw_is_spoof,screen,0.0033205631809687442,0.47875832508974553
ASVspoof2021_DF,W2V2-AASIST,deterministic_crop,modulation_centroid_hz,1,5000,0.09073522301771829,1.2962874386823824e-10,5000,0.16282650802326243,4.923471268348818e-30,negated_raw_is_spoof,screen,2.3416805343939815e-10,1.6022143788524968e-29
ASVspoof2021_DF,W2V2-AASIST,deterministic_crop,modulation_entropy,1,5000,0.06329292091946422,7.504369352094112e-06,5000,0.11852886956493254,1.4326310181351728e-16,negated_raw_is_spoof,screen,1.159295679220056e-05,3.6536168659841977e-16
ASVspoof2021_DF,WhisperMFCCMesoNet,deterministic_crop,crest_factor_db,0,5000,-0.02592755052634654,0.06677217367959504,5000,-0.01480576024745719,0.2998643196264586,negated_raw_is_spoof,screen,0.0781042658184297,0.3501456521094356
ASVspoof2021_DF,WhisperMFCCMesoNet,deterministic_crop,peak_dbfs,0,5000,0.04246536773004918,0.0026701733132470365,5000,0.031343828242834396,0.028151624907258376,negated_raw_is_spoof,screen,0.0035287246145565554,0.0386473788308021
ASVspoof2021_DF,WhisperMFCCMesoNet,deterministic_crop,rms_dbfs,0,5000,0.028854782019576305,0.04132484984398068,5000,0.01987926401393777,0.1639099909916856,negated_raw_is_spoof,screen,0.04932557565746895,0.20192028221157238
ASVspoof2021_DF,WhisperMFCCMesoNet,deterministic_crop,integrated_lufs,0,5000,0.012269989499388538,0.38570371240765383,5000,-0.03194804098500467,0.025238497110122618,negated_raw_is_spoof,screen,0.4140461577283441,0.0349336149495415
ASVspoof2021_DF,WhisperMFCCMesoNet,deterministic_crop,silence_fraction,0,5000,-0.03877777345468214,0.006100158724134033,5000,-0.007384651349774779,0.6051111359434069,negated_raw_is_spoof,screen,0.007808203166891562,0.6548062533880346
ASVspoof2021_DF,WhisperMFCCMesoNet,deterministic_crop,clipping_fraction,0,5000,0.02227509823819897,0.11528209744955296,5000,-0.004216485302175124,0.7678177515285252,negated_raw_is_spoof,screen,0.13086075926706012,0.8049509033185162
ASVspoof2021_DF,WhisperMFCCMesoNet,deterministic_crop,frame_rms_cv,0,5000,-0.008003818448536919,0.5715141184284355,5000,0.0011850974155906233,0.933869026214316,negated_raw_is_spoof,screen,0.5996213701544241,0.9465459813212976
ASVspoof2021_DF,WhisperMFCCMesoNet,deterministic_crop,frame_rms_range_db,0,5000,-0.029517734286126217,0.036874405997247575,5000,0.006045499722873591,0.672078735245615,negated_raw_is_spoof,screen,0.04417041146194362,0.7187757614016073
ASVspoof2021_DF,WhisperMFCCMesoNet,deterministic_crop,spectral_centroid_hz,0,5000,0.07168516938284765,3.891946679615488e-07,5000,0.026455336684972484,0.06392964883039379,negated_raw_is_spoof,screen,6.317362726332385e-07,0.08358117512456154
ASVspoof2021_DF,WhisperMFCCMesoNet,deterministic_crop,spectral_centroid_std_hz,0,5000,0.03304697551546527,0.01944812848591671,5000,0.016700701129708236,0.24223090344486808,negated_raw_is_spoof,screen,0.02384879989513874,0.28800650148200546
ASVspoof2021_DF,WhisperMFCCMesoNet,deterministic_crop,spectral_bandwidth_hz,0,5000,0.04125686042025474,0.0035249518977660426,5000,-0.010790860395645951,0.44990411231899613,negated_raw_is_spoof,screen,0.004599548884075302,0.5045297801101707
ASVspoof2021_DF,WhisperMFCCMesoNet,deterministic_crop,spectral_rolloff85_hz,0,5000,0.08245056630235742,5.263479478758086e-09,5000,0.033151158044668755,0.020243108700038093,negated_raw_is_spoof,screen,9.15150895142415e-09,0.028488730987278738
ASVspoof2021_DF,WhisperMFCCMesoNet,deterministic_crop,spectral_flatness,0,5000,-0.08729794022029819,6.283097486406031e-10,5000,-0.12656550833797595,5.704340847428535e-19,negated_raw_is_spoof,screen,1.1140478920487738e-09,1.542582313670815e-18
ASVspoof2021_DF,WhisperMFCCMesoNet,deterministic_crop,spectral_slope_db_per_khz,0,5000,-0.1060625055115912,5.515765197294755e-14,5000,-0.15155563851740436,1.3570930756628172e-26,negated_raw_is_spoof,screen,1.1015138818966049e-13,4.173759939795941e-26
ASVspoof2021_DF,WhisperMFCCMesoNet,deterministic_crop,low_high_energy_ratio_db,0,5000,-0.049822352860481325,0.0004246349757070567,5000,0.008954309202159455,0.5306762180622647,negated_raw_is_spoof,screen,0.0005920222067949006,0.584613800881708
ASVspoof2021_DF,WhisperMFCCMesoNet,deterministic_crop,spectral_flux,0,5000,0.10986493502105471,6.686450740189812e-15,5000,0.05979705828550286,2.7820326967857847e-05,negated_raw_is_spoof,screen,1.3804285399101548e-14,5.129015013004244e-05
ASVspoof2021_DF,WhisperMFCCMesoNet,deterministic_crop,f0_median_hz,0,4994,0.13230514169851418,6.072810302603039e-21,4994,0.012756274087145456,0.3720411303716914,negated_raw_is_spoof,screen,1.4219263147558335e-20,0.42957326393432405
ASVspoof2021_DF,WhisperMFCCMesoNet,deterministic_crop,f0_iqr_hz,0,4994,0.077550910886641,4.0817130671977365e-08,4994,-0.03323019892404846,0.02002253374795215,negated_raw_is_spoof,screen,6.909096174198688e-08,0.028267106467697155
ASVspoof2021_DF,WhisperMFCCMesoNet,deterministic_crop,voiced_fraction,0,5000,-0.06991993791307187,7.463125589972382e-07,5000,-0.028966265681246595,0.042500942525940597,negated_raw_is_spoof,screen,1.2026907425567006e-06,0.05683708134812354
ASVspoof2021_DF,WhisperMFCCMesoNet,deterministic_crop,hnr_db,0,4994,-0.020770479295704542,0.1422118028005374,4994,-0.03388498033958959,0.017702512423794822,negated_raw_is_spoof,screen,0.15967641016200693,0.025123734633136476
ASVspoof2021_DF,WhisperMFCCMesoNet,deterministic_crop,cpp_proxy_db,0,4994,0.05687893634728949,5.7759007309951324e-05,4994,-0.016629425360816904,0.2445357058631771,negated_raw_is_spoof,screen,8.521197126737056e-05,0.29033214547712904
ASVspoof2021_DF,WhisperMFCCMesoNet,deterministic_crop,jitter_proxy,0,4994,0.017165591394362655,0.22518801515628792,4994,0.01089398393109704,0.4458636112385936,negated_raw_is_spoof,screen,0.24625931030923592,0.5006187915661402
ASVspoof2021_DF,WhisperMFCCMesoNet,deterministic_crop,shimmer_proxy_db,0,4994,0.09316081356152132,4.2179778750415774e-11,4994,0.06308174536107329,9.936725420511102e-06,negated_raw_is_spoof,screen,7.744483967289454e-11,1.878334594256951e-05
ASVspoof2021_DF,WhisperMFCCMesoNet,deterministic_crop,f0_delta_hz,0,4994,0.1431805104897759,2.7491046294517732e-24,4994,0.028838995153687753,0.043546669630634215,negated_raw_is_spoof,screen,7.024328178675253e-24,0.05806222617417895
ASVspoof2021_DF,WhisperMFCCMesoNet,deterministic_crop,group_delay_var,0,5000,-0.044684434813522245,0.0015752280327310823,5000,-0.011132444005040895,0.435688768933149,negated_raw_is_spoof,screen,0.0021277452020005776,0.49042353889962503
ASVspoof2021_DF,WhisperMFCCMesoNet,deterministic_crop,inst_freq_dispersion,0,5000,-0.018358237058017892,0.1943188844914541,5000,-0.0218740214911502,0.12558282532030865,negated_raw_is_spoof,screen,0.2137189695225158,0.157447124282178
ASVspoof2021_DF,WhisperMFCCMesoNet,deterministic_crop,modulation_centroid_hz,0,5000,0.037215513362406874,0.00849368786900345,5000,0.01774048809907841,0.21414482511937752,negated_raw_is_spoof,screen,0.010789713134159393,0.25789484315451916
ASVspoof2021_DF,WhisperMFCCMesoNet,deterministic_crop,modulation_entropy,0,5000,0.025866694779909393,0.06741456016944926,5000,8.21072925810027e-05,0.9954130056615444,negated_raw_is_spoof,screen,0.07878710336325201,0.9961541918161696
ASVspoof2021_DF,WhisperMFCCMesoNet,deterministic_crop,crest_factor_db,1,5000,0.13942766863718434,3.960692860206489e-23,5000,-0.043512765741255045,0.002496471511574332,negated_raw_is_spoof,screen,9.821349085087678e-23,0.0038834001291156274
ASVspoof2021_DF,WhisperMFCCMesoNet,deterministic_crop,peak_dbfs,1,5000,0.0035435626098456107,0.8021961794188398,5000,-0.000670753715055607,0.962840294493204,negated_raw_is_spoof,screen,0.8174008075351938,0.9715145313805301
ASVspoof2021_DF,WhisperMFCCMesoNet,deterministic_crop,rms_dbfs,1,5000,-0.14446527325541392,9.967530267372237e-25,5000,0.05472861902793779,0.00014224851314036626,negated_raw_is_spoof,screen,2.5565573815550167e-24,0.0002492594545771216
ASVspoof2021_DF,WhisperMFCCMesoNet,deterministic_crop,integrated_lufs,1,5000,-0.15165745242413675,4.116952208260131e-27,5000,-0.03486961394895556,0.015393643229644715,negated_raw_is_spoof,screen,1.1269213376581704e-26,0.021986244952861316
ASVspoof2021_DF,WhisperMFCCMesoNet,deterministic_crop,silence_fraction,1,5000,-0.0633196501764144,7.438031655519765e-06,5000,-0.03803493881888048,0.008222100713472786,negated_raw_is_spoof,screen,1.1516952240804796e-05,0.01215676937173534
ASVspoof2021_DF,WhisperMFCCMesoNet,deterministic_crop,clipping_fraction,1,5000,-0.19408931698025583,1.2255125025267818e-43,5000,-0.0035011385689809643,0.8078620848053363,negated_raw_is_spoof,screen,4.323067725448805e-43,0.835848069267415
ASVspoof2021_DF,WhisperMFCCMesoNet,deterministic_crop,frame_rms_cv,1,5000,-0.0004758925151042291,0.9731624141706304,5000,-0.07736356932889833,7.381292585309764e-08,negated_raw_is_spoof,screen,0.9753395112940546,1.5356744945288425e-07
ASVspoof2021_DF,WhisperMFCCMesoNet,deterministic_crop,frame_rms_range_db,1,5000,-0.0796704391502901,1.689568098938537e-08,5000,-0.02831201970519878,0.04919380675904347,negated_raw_is_spoof,screen,2.8927127706667434e-08,0.06526799238317317
ASVspoof2021_DF,WhisperMFCCMesoNet,deterministic_crop,spectral_centroid_hz,1,5000,0.007743341446848699,0.5840983020573233,5000,0.025477032680336267,0.07674599774265427,negated_raw_is_spoof,screen,0.6104417713569538,0.09937054042979511
ASVspoof2021_DF,WhisperMFCCMesoNet,deterministic_crop,spectral_centroid_std_hz,1,5000,-0.017203133346602586,0.22389690998523312,5000,-0.015128182193939004,0.2933307937740538,negated_raw_is_spoof,screen,0.24504678096103688,0.34311278227356684
ASVspoof2021_DF,WhisperMFCCMesoNet,deterministic_crop,spectral_bandwidth_hz,1,5000,0.07376952598540384,1.7690059859187843e-07,5000,0.07002534335363879,1.1168733601800989e-06,negated_raw_is_spoof,screen,2.9100906304465685e-07,2.2042258385933228e-06
ASVspoof2021_DF,WhisperMFCCMesoNet,deterministic_crop,spectral_rolloff85_hz,1,5000,0.031756547854794044,0.024734006360335358,5000,0.05092757153566301,0.00040064921198184944,negated_raw_is_spoof,screen,0.03005651405812904,0.0006697419662980169
ASVspoof2021_DF,WhisperMFCCMesoNet,deterministic_crop,spectral_flatness,1,5000,0.1296504402957989,3.4406718253974683e-20,5000,0.05478459388895575,0.00014002603377044146,negated_raw_is_spoof,screen,7.945468957618896e-20,0.0002456853647356048
ASVspoof2021_DF,WhisperMFCCMesoNet,deterministic_crop,spectral_slope_db_per_khz,1,5000,0.01918196688204088,0.17504969144692936,5000,0.012486779362559451,0.385751207492014,negated_raw_is_spoof,screen,0.1939544808777189,0.4416095595138559
ASVspoof2021_DF,WhisperMFCCMesoNet,deterministic_crop,low_high_energy_ratio_db,1,5000,-0.02809712172060519,0.04695986888709712,5000,-0.03961807210655648,0.005907040572828081,negated_raw_is_spoof,screen,0.055656140903226216,0.0088211805887566
ASVspoof2021_DF,WhisperMFCCMesoNet,deterministic_crop,spectral_flux,1,5000,-0.17033767856638818,7.286578235192858e-34,5000,-0.05740191576207653,6.597637566876262e-05,negated_raw_is_spoof,screen,2.2881217635745794e-33,0.00011902315288431808
ASVspoof2021_DF,WhisperMFCCMesoNet,deterministic_crop,f0_median_hz,1,4972,-0.09060334224777952,1.5515292710563015e-10,4972,0.0074513989864873715,0.6058076287193486,negated_raw_is_spoof,screen,2.7915064796514987e-10,0.6550325446490785
ASVspoof2021_DF,WhisperMFCCMesoNet,deterministic_crop,f0_iqr_hz,1,4972,-0.021516537735098568,0.12927247537283343,4972,-0.03288020026063307,0.022738957257636423,negated_raw_is_spoof,screen,0.14587926691946948,0.03173536713838355
ASVspoof2021_DF,WhisperMFCCMesoNet,deterministic_crop,voiced_fraction,1,5000,-0.10791390571619257,1.9925311767179068e-14,5000,0.030979399736757146,0.031373502327853235,negated_raw_is_spoof,screen,4.027010378208822e-14,0.04285161293560442
ASVspoof2021_DF,WhisperMFCCMesoNet,deterministic_crop,hnr_db,1,4972,-0.13480353673136633,1.341066064505163e-21,4972,0.00508160519350862,0.7248848890330868,negated_raw_is_spoof,screen,3.1957318983952823e-21,0.7653144468660398
ASVspoof2021_DF,WhisperMFCCMesoNet,deterministic_crop,cpp_proxy_db,1,4972,-0.18798106892770847,8.92943415137699e-41,4972,-0.09331972424376847,9.346475863302589e-11,negated_raw_is_spoof,screen,3.0693502556139838e-40,2.1472929162869537e-10
ASVspoof2021_DF,WhisperMFCCMesoNet,deterministic_crop,jitter_proxy,1,4972,0.06110596900166701,1.620223741054202e-05,4972,-0.048908928755905995,0.0007007061445831181,negated_raw_is_spoof,screen,2.4702946660301667e-05,0.0011456801196103536
ASVspoof2021_DF,WhisperMFCCMesoNet,deterministic_crop,shimmer_proxy_db,1,4972,-0.0014366016620779164,0.9193338854715172,4972,0.00018989307110060512,0.9895070189085907,negated_raw_is_spoof,screen,0.926920286626946,0.9917206811432856
ASVspoof2021_DF,WhisperMFCCMesoNet,deterministic_crop,f0_delta_hz,1,4972,0.001541533792545584,0.9134642396148412,4972,-0.059288439242987885,3.9610303067841665e-05,negated_raw_is_spoof,screen,0.9216936471789389,7.233185777605869e-05
ASVspoof2021_DF,WhisperMFCCMesoNet,deterministic_crop,group_delay_var,1,5000,0.15926626004158473,9.171937177839077e-30,5000,0.031766481436716135,0.027313154882840293,negated_raw_is_spoof,screen,2.6798007754382e-29,0.037611557543583356
ASVspoof2021_DF,WhisperMFCCMesoNet,deterministic_crop,inst_freq_dispersion,1,5000,-0.048138948772033376,0.000661493524740872,5000,-0.016924680815302025,0.23973509119942574,negated_raw_is_spoof,screen,0.0009081177704307784,0.28564181079080514
ASVspoof2021_DF,WhisperMFCCMesoNet,deterministic_crop,modulation_centroid_hz,1,5000,0.06399402828097626,5.938371421246544e-06,5000,0.05049808134490663,0.0004485006614801792,negated_raw_is_spoof,screen,9.216133014036207e-06,0.0007441788753448899
ASVspoof2021_DF,WhisperMFCCMesoNet,deterministic_crop,modulation_entropy,1,5000,0.12382879745098324,1.5269638677042813e-18,5000,0.07195500296202277,5.60413025426827e-07,negated_raw_is_spoof,screen,3.4147078838511717e-18,1.1258521766422355e-06
ASVspoof2021_DF,XLSR-SLS,deterministic_crop,crest_factor_db,0,5000,-0.475048323735629,6.316803327171085e-280,5000,-0.5468389693364146,0.0,negated_raw_is_spoof,screen,1.1319711562290585e-278,0.0
ASVspoof2021_DF,XLSR-SLS,deterministic_crop,peak_dbfs,0,5000,0.14893297942862743,3.401467018292182e-26,5000,0.08985699836385172,2.894051434515039e-10,negated_raw_is_spoof,screen,9.088611675118673e-26,6.526183100651363e-10
ASVspoof2021_DF,XLSR-SLS,deterministic_crop,rms_dbfs,0,5000,0.47120152052467423,7.833472134029396e-275,5000,0.5504809778764056,0.0,negated_raw_is_spoof,screen,1.3326818415361404e-273,0.0
ASVspoof2021_DF,XLSR-SLS,deterministic_crop,integrated_lufs,0,5000,0.06736685448939514,1.8626553934171824e-06,5000,-0.09328961849477388,5.874916803235796e-11,negated_raw_is_spoof,screen,2.9521330763593078e-06,1.356681818479194e-10
ASVspoof2021_DF,XLSR-SLS,deterministic_crop,silence_fraction,0,5000,-0.36294279836680526,1.561716847315007e-155,5000,-0.4587237294661433,7.101992353269271e-254,negated_raw_is_spoof,screen,1.408689558920382e-154,1.0971353704360806e-252
ASVspoof2021_DF,XLSR-SLS,deterministic_crop,clipping_fraction,0,5000,0.46683451941304566,3.95973695584795e-269,5000,0.27414423328915116,2.7264241826691555e-85,negated_raw_is_spoof,screen,6.490105449584932e-268,1.565946197225361e-84
ASVspoof2021_DF,XLSR-SLS,deterministic_crop,frame_rms_cv,0,5000,-0.6722908611835691,0.0,5000,-0.6128581734293326,0.0,negated_raw_is_spoof,screen,0.0,0.0
ASVspoof2021_DF,XLSR-SLS,deterministic_crop,frame_rms_range_db,0,5000,-0.17481975040832337,1.3208582845253578e-35,5000,-0.46457961955190646,3.3902762621864267e-261,negated_raw_is_spoof,screen,4.2673883038511556e-35,5.5567454833884845e-260
ASVspoof2021_DF,XLSR-SLS,deterministic_crop,spectral_centroid_hz,0,5000,0.2593190512876317,1.2164423187394218e-77,5000,0.23147679033591,1.1445657405868167e-60,negated_raw_is_spoof,screen,6.840579399103694e-77,5.454951614711638e-60
ASVspoof2021_DF,XLSR-SLS,deterministic_crop,spectral_centroid_std_hz,0,5000,0.22120543664218795,1.806928840191069e-56,5000,0.18272842707226547,4.3274414760934844e-38,negated_raw_is_spoof,screen,7.44942442091042e-56,1.584763308956306e-37
ASVspoof2021_DF,XLSR-SLS,deterministic_crop,spectral_bandwidth_hz,0,5000,-0.16815588675582815,4.934051726648926e-33,5000,-0.1480777637487188,1.894420486126559e-25,negated_raw_is_spoof,screen,1.5314931918282117e-32,5.747406621566807e-25
ASVspoof2021_DF,XLSR-SLS,deterministic_crop,spectral_rolloff85_hz,0,5000,0.22438991107444747,4.2688474662370975e-58,5000,0.21152956132261064,9.822688336301988e-51,negated_raw_is_spoof,screen,1.815611074247677e-57,4.342662211838774e-50
ASVspoof2021_DF,XLSR-SLS,deterministic_crop,spectral_flatness,0,5000,-0.4823146037178484,9.991951623684581e-290,5000,-0.4676516645370463,4.285113238408607e-265,negated_raw_is_spoof,screen,1.8147544570583886e-288,7.19899024052646e-264
ASVspoof2021_DF,XLSR-SLS,deterministic_crop,spectral_slope_db_per_khz,0,5000,-0.3850889434833969,1.824244745572714e-176,5000,-0.39210597004231607,5.363824879870411e-180,negated_raw_is_spoof,screen,1.7766557522099475e-175,5.041245201780302e-179
ASVspoof2021_DF,XLSR-SLS,deterministic_crop,low_high_energy_ratio_db,0,5000,0.2561391558676049,9.906417560159244e-76,5000,0.23258625140690092,3.0007560730879066e-61,negated_raw_is_spoof,screen,5.412286667013831e-75,1.4403629150821952e-60
ASVspoof2021_DF,XLSR-SLS,deterministic_crop,spectral_flux,0,5000,0.28156484641911605,9.082644177120238e-92,5000,0.20696130957735379,1.3497334139012677e-48,negated_raw_is_spoof,screen,5.812892273356952e-91,5.740638317352227e-48
ASVspoof2021_DF,XLSR-SLS,deterministic_crop,f0_median_hz,0,4994,0.25697013204217,3.876382591224044e-76,4994,0.27326135448911304,1.2433138041520596e-84,negated_raw_is_spoof,screen,2.135187787952916e-75,7.110696820341992e-84
ASVspoof2021_DF,XLSR-SLS,deterministic_crop,f0_iqr_hz,0,4994,-0.08744911370563956,6.009204331406249e-10,4994,-0.18717010682906574,7.268703785474958e-40,negated_raw_is_spoof,screen,1.0683029922499997e-09,2.7441398560894222e-39
ASVspoof2021_DF,XLSR-SLS,deterministic_crop,voiced_fraction,0,5000,0.01957918939974752,0.16628366814090564,5000,0.14138324358007712,2.537965704925679e-23,negated_raw_is_spoof,screen,0.1851576221883821,7.463951657374425e-23
ASVspoof2021_DF,XLSR-SLS,deterministic_crop,hnr_db,0,4994,-0.15267829100329644,1.9839296308508394e-27,4994,-0.08685227773352658,1.136208632214183e-09,negated_raw_is_spoof,screen,5.5204998423675535e-27,2.5157568396966427e-09
ASVspoof2021_DF,XLSR-SLS,deterministic_crop,cpp_proxy_db,0,4994,0.40904156451100965,9.130830895145685e-201,4994,0.39953893148274944,3.3061929950771463e-187,negated_raw_is_spoof,screen,1.031246783451748e-199,3.151435025094812e-186
ASVspoof2021_DF,XLSR-SLS,deterministic_crop,jitter_proxy,0,4994,-0.26256056770567693,1.5955666283878574e-79,4994,-0.33737219288272724,1.0855276056094852e-130,negated_raw_is_spoof,screen,9.086616731157968e-79,8.150553642118145e-130
ASVspoof2021_DF,XLSR-SLS,deterministic_crop,shimmer_proxy_db,0,4994,0.0016991230085673969,0.9044482459151814,4994,-0.024572963391178232,0.08547740966546269,negated_raw_is_spoof,screen,0.9139687537669201,0.10951538473820958
ASVspoof2021_DF,XLSR-SLS,deterministic_crop,f0_delta_hz,0,4994,-0.00026227817653610953,0.9852159674385665,4994,-0.23965179804769646,6.0178842332859895e-65,negated_raw_is_spoof,screen,0.9852159674385665,3.0406151915550265e-64
ASVspoof2021_DF,XLSR-SLS,deterministic_crop,group_delay_var,0,5000,-0.6275828897355861,0.0,5000,-0.5600576988135463,0.0,negated_raw_is_spoof,screen,0.0,0.0
ASVspoof2021_DF,XLSR-SLS,deterministic_crop,inst_freq_dispersion,0,5000,0.1524986721206181,2.127900790618203e-27,5000,0.11440798188490119,9.206278488422947e-16,negated_raw_is_spoof,screen,5.908881534278646e-27,2.304141208275687e-15
ASVspoof2021_DF,XLSR-SLS,deterministic_crop,modulation_centroid_hz,0,5000,0.41290283076232137,3.7422477111536853e-205,5000,0.4958947293748892,7.273136359832599e-303,negated_raw_is_spoof,screen,4.37354862938309e-204,1.7455527263598238e-301
ASVspoof2021_DF,XLSR-SLS,deterministic_crop,modulation_entropy,0,5000,0.2877400552342532,6.26487023615099e-96,5000,0.3856542072572595,1.0741884625019833e-173,negated_raw_is_spoof,screen,4.127443920287711e-95,9.560988699355401e-173
ASVspoof2021_DF,XLSR-SLS,deterministic_crop,crest_factor_db,1,5000,-0.13190735820395208,7.542161489905576e-21,5000,-0.39493171911047625,6.3129988538600354e-180,negated_raw_is_spoof,screen,1.7628982682492338e-20,5.8921322636027e-179
ASVspoof2021_DF,XLSR-SLS,deterministic_crop,peak_dbfs,1,5000,-0.1636406060381316,2.381407222683658e-31,5000,-0.03997420782972346,0.00547512833458881,negated_raw_is_spoof,screen,7.144221668050974e-31,0.008203536768882231
ASVspoof2021_DF,XLSR-SLS,deterministic_crop,rms_dbfs,1,5000,0.12309567456936994,2.43138042453552e-18,5000,0.4189203914057837,1.7981809104969922e-204,negated_raw_is_spoof,screen,5.383484827966621e-18,1.9029568060692578e-203
ASVspoof2021_DF,XLSR-SLS,deterministic_crop,integrated_lufs,1,5000,0.006652416171693226,0.6381518063017959,5000,0.15125664048294948,4.1924746832306954e-26,negated_raw_is_spoof,screen,0.6617870583870477,1.2806104486959215e-25
ASVspoof2021_DF,XLSR-SLS,deterministic_crop,silence_fraction,1,5000,-0.20089464391193512,1.0908753481039785e-46,5000,-0.4064415342285602,1.8835650016381255e-191,negated_raw_is_spoof,screen,4.0278474391531514e-46,1.8891875837325676e-190
ASVspoof2021_DF,XLSR-SLS,deterministic_crop,clipping_fraction,1,5000,-0.06988941344233564,7.546606664132864e-07,5000,-0.028484323204140998,0.04782914625740864,negated_raw_is_spoof,screen,1.2146873480951578e-06,0.06358296000984887
ASVspoof2021_DF,XLSR-SLS,deterministic_crop,frame_rms_cv,1,5000,-0.4119654384654893,3.848622825372057e-204,5000,-0.5278867385556323,0.0,negated_raw_is_spoof,screen,4.3835161672034275e-203,0.0
ASVspoof2021_DF,XLSR-SLS,deterministic_crop,frame_rms_range_db,1,5000,-0.19891659637240383,8.631083259635351e-46,5000,-0.3943078976734498,2.5817505235859802e-179,negated_raw_is_spoof,screen,3.1522217122146504e-45,2.3930156577238325e-178
ASVspoof2021_DF,XLSR-SLS,deterministic_crop,spectral_centroid_hz,1,5000,0.0741378008233051,1.5355351133482024e-07,5000,0.0944315853466658,4.9053239622716076e-11,negated_raw_is_spoof,screen,2.529116657279392e-07,1.1353562327027088e-10
ASVspoof2021_DF,XLSR-SLS,deterministic_crop,spectral_centroid_std_hz,1,5000,0.08732750669805887,6.199934166431265e-10,5000,0.10895634279278836,3.185159554680274e-14,negated_raw_is_spoof,screen,1.1007544940136883e-09,7.783371711800525e-14
ASVspoof2021_DF,XLSR-SLS,deterministic_crop,spectral_bandwidth_hz,1,5000,-0.08163415461295839,7.442901122546273e-09,5000,-0.06432985578034459,7.71671954093402e-06,negated_raw_is_spoof,screen,1.285765952275346e-08,1.4648687942112037e-05
ASVspoof2021_DF,XLSR-SLS,deterministic_crop,spectral_rolloff85_hz,1,5000,0.05750437369237825,4.731202971334834e-05,5000,0.0670280385680303,3.148033798564166e-06,negated_raw_is_spoof,screen,7.034000877736744e-05,6.078961817917009e-06
ASVspoof2021_DF,XLSR-SLS,deterministic_crop,spectral_flatness,1,5000,-0.2632267053025601,5.0136228624267545e-80,5000,-0.2614958804076034,2.691488886040856e-76,negated_raw_is_spoof,screen,2.879619285086136e-79,1.4586133317898832e-75
ASVspoof2021_DF,XLSR-SLS,deterministic_crop,spectral_slope_db_per_khz,1,5000,-0.16718566051955097,1.1455323297616014e-32,5000,-0.18877147916317996,5.816502743626092e-40,negated_raw_is_spoof,screen,3.5311822275220006e-32,2.2020787851925262e-39
ASVspoof2021_DF,XLSR-SLS,deterministic_crop,low_high_energy_ratio_db,1,5000,0.08680147410297456,7.853407736227675e-10,5000,0.08421033251086976,4.641416409138232e-09,negated_raw_is_spoof,screen,1.3888131575644729e-09,1.0045191069052792e-08
ASVspoof2021_DF,XLSR-SLS,deterministic_crop,spectral_flux,1,5000,0.12274440322301826,3.035455601630295e-18,5000,0.13684885818600692,1.293287384224405e-21,negated_raw_is_spoof,screen,6.666098576129276e-18,3.722009088645825e-21
ASVspoof2021_DF,XLSR-SLS,deterministic_crop,f0_median_hz,1,4972,0.10247280661643049,4.3931901266643054e-13,4972,0.08920232366176319,6.008503688625623e-10,negated_raw_is_spoof,screen,8.569590029371302e-13,1.3504061801860931e-09
ASVspoof2021_DF,XLSR-SLS,deterministic_crop,f0_iqr_hz,1,4972,0.026689551066193366,0.05986228250329267,4972,-0.08476970608352885,4.066527667547971e-09,negated_raw_is_spoof,screen,0.07032771650736482,8.81518255674915e-09
ASVspoof2021_DF,XLSR-SLS,deterministic_crop,voiced_fraction,1,5000,0.1377228822271061,1.3360861245309656e-22,5000,0.22427299059242245,4.332959370223535e-56,negated_raw_is_spoof,screen,3.2649086388538504e-22,2.0220477061043164e-55
ASVspoof2021_DF,XLSR-SLS,deterministic_crop,hnr_db,1,4972,0.0468785394950341,0.0009446750683376057,4972,0.05512862085642715,0.0001329462105565288,negated_raw_is_spoof,screen,0.001287670681385134,0.00023387396202614492
ASVspoof2021_DF,XLSR-SLS,deterministic_crop,cpp_proxy_db,1,4972,0.24967715172086016,1.54657031899794e-71,4972,0.12651991388936087,1.3960671977472635e-18,negated_raw_is_spoof,screen,7.950615749369235e-71,3.767699425245627e-18
ASVspoof2021_DF,XLSR-SLS,deterministic_crop,jitter_proxy,1,4972,-0.07679833099983768,5.8974708165743413e-08,4972,-0.14715015224018266,1.2211240137159401e-24,negated_raw_is_spoof,screen,9.920151160795888e-08,3.66337204114782e-24
ASVspoof2021_DF,XLSR-SLS,deterministic_crop,shimmer_proxy_db,1,4972,-0.11939677946374531,2.9870721848568745e-17,4972,-0.10896765604153834,3.752527286293303e-14,negated_raw_is_spoof,screen,6.454381055382056e-17,9.153170005042103e-14
ASVspoof2021_DF,XLSR-SLS,deterministic_crop,f0_delta_hz,1,4972,0.04062640978607749,0.004168399120039328,4972,-0.09106644471062621,2.6138888561109034e-10,negated_raw_is_spoof,screen,0.005386854247435439,5.904313651450512e-10
ASVspoof2021_DF,XLSR-SLS,deterministic_crop,group_delay_var,1,5000,-0.17680495359463133,2.1590256577737335e-36,5000,-0.2619722342994009,1.408425766485524e-76,negated_raw_is_spoof,screen,7.09469556001931e-36,7.694813943725789e-76
ASVspoof2021_DF,XLSR-SLS,deterministic_crop,inst_freq_dispersion,1,5000,-0.025245750953213412,0.07426418736465579,5000,0.007857935660460008,0.5851966858172245,negated_raw_is_spoof,screen,0.0859699119880253,0.6363303768109625
ASVspoof2021_DF,XLSR-SLS,deterministic_crop,modulation_centroid_hz,1,5000,0.22121658213375522,1.7835790207802887e-56,5000,0.28534930035303363,4.1561691420372616e-91,negated_raw_is_spoof,screen,7.375785242857562e-56,2.5161672643685043e-90
ASVspoof2021_DF,XLSR-SLS,deterministic_crop,modulation_entropy,1,5000,0.19856978224644806,1.2376029412461789e-45,5000,0.25602375529758703,4.160922715574837e-73,negated_raw_is_spoof,screen,4.5076920136446185e-45,2.2280000516862872e-72
ASVspoof2021_DF,AASIST,full_waveform,crest_factor_db,0,5000,-0.3983164758973379,9.137859033986992e-190,5000,-0.45393604880557464,5.390435790345995e-248,negated_raw_is_spoof,screen,9.447140416675783e-189,7.707176278962784e-247
ASVspoof2021_DF,AASIST,full_waveform,peak_dbfs,0,5000,0.26722255213244456,1.6564191054938815e-82,5000,0.18903356138024233,1.088236121636204e-40,negated_raw_is_spoof,screen,9.637347522873493e-82,4.170068688550589e-40
ASVspoof2021_DF,AASIST,full_waveform,rms_dbfs,0,5000,0.39833261426598454,8.795129261601828e-190,5000,0.4539545400653948,5.117917633148181e-248,negated_raw_is_spoof,screen,9.163297463250276e-189,7.396216450485112e-247
ASVspoof2021_DF,AASIST,full_waveform,integrated_lufs,0,5000,0.062157178362762446,1.090868068242839e-05,5000,-0.11604491841867853,3.5323635113472826e-16,negated_raw_is_spoof,screen,1.675573352821001e-05,8.940671486347925e-16
ASVspoof2021_DF,AASIST,full_waveform,silence_fraction,0,5000,-0.39548549520429044,7.226397722146119e-187,5000,-0.42981739982897477,9.153199073357627e-220,negated_raw_is_spoof,screen,7.302465066589763e-186,1.0605085822924699e-218
ASVspoof2021_DF,AASIST,full_waveform,clipping_fraction,0,5000,0.2668561835538514,2.8082106603836873e-82,5000,0.03257079467898899,0.022540023664407736,negated_raw_is_spoof,screen,1.6268254860153774e-81,0.03149042807168815
ASVspoof2021_DF,AASIST,full_waveform,frame_rms_cv,0,5000,-0.6342519025197423,0.0,5000,-0.5183076226173933,0.0,negated_raw_is_spoof,screen,0.0,0.0
ASVspoof2021_DF,AASIST,full_waveform,frame_rms_range_db,0,5000,-0.2064160881755055,3.017823563226662e-49,5000,-0.47435044200098636,9.816283724394181e-274,negated_raw_is_spoof,screen,1.152259905959271e-48,1.7828493683224027e-272
ASVspoof2021_DF,AASIST,full_waveform,spectral_centroid_hz,0,5000,0.24717100888063664,1.7435359525438735e-70,5000,0.18145739935876326,1.4091423549488542e-37,negated_raw_is_spoof,screen,8.876183031132447e-70,5.063869853078235e-37
ASVspoof2021_DF,AASIST,full_waveform,spectral_centroid_std_hz,0,5000,0.20571863489955716,6.4113457426187985e-49,5000,0.13491229215665576,2.317384479354038e-21,negated_raw_is_spoof,screen,2.4410336198525962e-48,6.612663992042095e-21
ASVspoof2021_DF,AASIST,full_waveform,spectral_bandwidth_hz,0,5000,-0.05548798143951439,8.650079774950787e-05,5000,-0.015331910274525734,0.2830151951881727,negated_raw_is_spoof,screen,0.00012636638279928106,0.3319131084929355
ASVspoof2021_DF,AASIST,full_waveform,spectral_rolloff85_hz,0,5000,0.2178344910788523,8.935261050822613e-55,5000,0.16618647377776674,1.0358009158894981e-31,negated_raw_is_spoof,screen,3.617165919369154e-54,3.4716120472705373e-31
ASVspoof2021_DF,AASIST,full_waveform,spectral_flatness,0,5000,-0.2872450468224835,1.3626654404878052e-95,5000,-0.1853443658221286,3.70735375775238e-39,negated_raw_is_spoof,screen,8.933767570807855e-95,1.387934108751866e-38
ASVspoof2021_DF,AASIST,full_waveform,spectral_slope_db_per_khz,0,5000,-0.2095828683344047,9.522075214162972e-51,5000,-0.12434346179358903,2.3269730078887763e-18,negated_raw_is_spoof,screen,3.709469300821749e-50,6.217597858056691e-18
ASVspoof2021_DF,AASIST,full_waveform,low_high_energy_ratio_db,0,5000,0.1266742291080897,2.4449874714111595e-19,5000,0.0678098088126955,2.0005474105080254e-06,negated_raw_is_spoof,screen,5.569598578943387e-19,3.902374048944537e-06
ASVspoof2021_DF,AASIST,full_waveform,spectral_flux,0,5000,0.17880103360549746,3.419204132821319e-37,5000,0.061122354064659504,1.838425910162887e-05,negated_raw_is_spoof,screen,1.1346692233362599e-36,3.431728365637389e-05
ASVspoof2021_DF,AASIST,full_waveform,f0_median_hz,0,4992,0.17687862557808495,2.2932339709120716e-36,4992,0.18428190009253595,1.1609166302528156e-38,negated_raw_is_spoof,screen,7.517332821721523e-36,4.2982698376302595e-38
ASVspoof2021_DF,AASIST,full_waveform,f0_iqr_hz,0,4992,-0.1429104772082338,3.424013755091053e-24,4992,-0.1826206738687997,5.484270292282961e-38,negated_raw_is_spoof,screen,8.699195627301275e-24,1.997522838164851e-37
ASVspoof2021_DF,AASIST,full_waveform,voiced_fraction,0,5000,0.022266280075470393,0.11542613792952434,5000,0.15162390400983675,1.287845911792474e-26,negated_raw_is_spoof,screen,0.13091369567703015,3.9698736363511124e-26
ASVspoof2021_DF,AASIST,full_waveform,hnr_db,0,4992,-0.14698715537516902,1.638615189006474e-25,4992,-0.05118107542168935,0.00033965460526958965,negated_raw_is_spoof,screen,4.276308376746992e-25,0.0005713339042332021
ASVspoof2021_DF,AASIST,full_waveform,cpp_proxy_db,0,4992,0.3383306214294224,6.280036067840079e-134,4992,0.29206996816169,6.524105013249544e-97,negated_raw_is_spoof,screen,5.2752302969856664e-133,4.059443119355272e-96
ASVspoof2021_DF,AASIST,full_waveform,jitter_proxy,0,4992,-0.3112704236176049,1.357424327613153e-112,4992,-0.2938998161275602,3.6735190926246746e-98,negated_raw_is_spoof,screen,1.0249316271416167e-111,2.3071073179848424e-97
ASVspoof2021_DF,AASIST,full_waveform,shimmer_proxy_db,0,4992,-0.04034356230381227,0.004359782738622456,4992,-0.06590676025763224,3.9139108389299495e-06,negated_raw_is_spoof,screen,0.005628768492515448,7.525459467127112e-06
ASVspoof2021_DF,AASIST,full_waveform,f0_delta_hz,0,4992,-0.034963431301006265,0.013494470895916317,4992,-0.20469298450692153,1.769427309524079e-47,negated_raw_is_spoof,screen,0.016808682932448128,7.362570600620317e-47
ASVspoof2021_DF,AASIST,full_waveform,group_delay_var,0,5000,-0.5823144490145046,0.0,5000,-0.48140032966720936,4.881959884448343e-283,negated_raw_is_spoof,screen,0.0,9.649050124556724e-282
ASVspoof2021_DF,AASIST,full_waveform,inst_freq_dispersion,0,5000,0.13438803296774382,1.3794142510884638e-21,5000,0.05668345168180011,7.125756199465943e-05,negated_raw_is_spoof,screen,3.2812969087838855e-21,0.00012820637660083302
ASVspoof2021_DF,AASIST,full_waveform,modulation_centroid_hz,0,5000,0.4943839736029546,1.539877419185125e-306,5000,0.356117125399936,1.321677995062694e-146,negated_raw_is_spoof,screen,3.043522428507071e-305,1.0636737876432701e-145
ASVspoof2021_DF,AASIST,full_waveform,modulation_entropy,0,5000,0.15564376910095712,1.745197169348051e-28,5000,0.19607020209350745,1.0587741928473264e-43,negated_raw_is_spoof,screen,5.01184828120466e-28,4.2477388513039005e-43
ASVspoof2021_DF,AASIST,full_waveform,crest_factor_db,1,5000,0.0628471413809023,8.697683322748874e-06,5000,-0.04308983354536022,0.002750292407906358,negated_raw_is_spoof,screen,1.3390247864575585e-05,0.004248727581869133
ASVspoof2021_DF,AASIST,full_waveform,peak_dbfs,1,5000,-0.20560927368454168,7.213643469858622e-49,5000,0.06493404067678228,6.331851183778781e-06,negated_raw_is_spoof,screen,2.738739215675138e-48,1.2053835681301248e-05
ASVspoof2021_DF,AASIST,full_waveform,rms_dbfs,1,5000,-0.06285888198937249,8.664051625363144e-06,5000,0.04309547188175783,0.0027467589867209165,negated_raw_is_spoof,screen,1.3353767642761544e-05,0.004248151988668483
ASVspoof2021_DF,AASIST,full_waveform,integrated_lufs,1,5000,-0.015602042832830608,0.2700174721709723,5000,0.05284470899325323,0.0002392809076203339,negated_raw_is_spoof,screen,0.2929003087956309,0.00040863219801998574
ASVspoof2021_DF,AASIST,full_waveform,silence_fraction,1,5000,0.14290611636884096,3.1603966127144246e-24,5000,-0.036018032871733434,0.012329354776231033,negated_raw_is_spoof,screen,8.044645923273082e-24,0.01783708591954199
ASVspoof2021_DF,AASIST,full_waveform,clipping_fraction,1,5000,0.17786849936913085,8.1096909418983e-37,5000,0.013097399015426813,0.3629457748075873,negated_raw_is_spoof,screen,2.677991308577719e-36,0.42015428194780124
ASVspoof2021_DF,AASIST,full_waveform,frame_rms_cv,1,5000,0.036024917618725893,0.01084865607977342,5000,-0.07605821705463996,1.21940252881662e-07,negated_raw_is_spoof,screen,0.013613999786382332,2.509765694838495e-07
ASVspoof2021_DF,AASIST,full_waveform,frame_rms_range_db,1,5000,0.16754164482170777,8.414872375790171e-33,5000,-0.034661923163763174,0.016027311936131036,negated_raw_is_spoof,screen,2.599905396106204e-32,0.022866992826072307
ASVspoof2021_DF,AASIST,full_waveform,spectral_centroid_hz,1,5000,-0.06369873571900697,6.555496662517026e-06,5000,0.017501950122671663,0.2240784822716545,negated_raw_is_spoof,screen,1.0162153995874143e-05,0.26841486646444174
ASVspoof2021_DF,AASIST,full_waveform,spectral_centroid_std_hz,1,5000,-0.05964754986076507,2.4384541925534625e-05,5000,0.007615887509591246,0.5968077288640689,negated_raw_is_spoof,screen,3.6699691319057707e-05,0.64738465503899
ASVspoof2021_DF,AASIST,full_waveform,spectral_bandwidth_hz,1,5000,-0.055583936898025495,8.408960150035254e-05,5000,0.026443896174153075,0.06619841241645345,negated_raw_is_spoof,screen,0.00012297761089931862,0.08629550561368908
ASVspoof2021_DF,AASIST,full_waveform,spectral_rolloff85_hz,1,5000,-0.05199529266352156,0.0002348938958966563,5000,0.01696342557465544,0.23866071859969556,negated_raw_is_spoof,screen,0.0003330141308914621,0.28486679022912154
ASVspoof2021_DF,AASIST,full_waveform,spectral_flatness,1,5000,-0.15747508716212108,3.970748021092045e-29,5000,0.0089888041453117,0.5323895122321816,negated_raw_is_spoof,screen,1.1476742667414426e-28,0.5860208881572907
ASVspoof2021_DF,AASIST,full_waveform,spectral_slope_db_per_khz,1,5000,-0.04736243138477065,0.0008079047863117557,5000,0.009122196838393439,0.526323365424329,negated_raw_is_spoof,screen,0.0011046022714170903,0.5802941781216556
ASVspoof2021_DF,AASIST,full_waveform,low_high_energy_ratio_db,1,5000,0.10054183036732521,1.0357946343644501e-12,5000,0.0025581227540879456,0.8589711754382829,negated_raw_is_spoof,screen,2.0001551560141106e-12,0.8812650838084369
ASVspoof2021_DF,AASIST,full_waveform,spectral_flux,1,5000,0.11493572241094581,3.5742534668955075e-16,5000,0.02652903608449068,0.06532979829395556,negated_raw_is_spoof,screen,7.55313940174145e-16,0.08524587272531678
ASVspoof2021_DF,AASIST,full_waveform,f0_median_hz,1,4970,0.020741738488109118,0.14372881140249158,4970,0.04501537533690122,0.0018174317636953708,negated_raw_is_spoof,screen,0.1611105275437437,0.002870303513991279
ASVspoof2021_DF,AASIST,full_waveform,f0_iqr_hz,1,4970,-0.008530412208874858,0.547681075658145,4970,-0.025702729549853337,0.0750741799252493,negated_raw_is_spoof,screen,0.5750651294410523,0.09739353071383694
ASVspoof2021_DF,AASIST,full_waveform,voiced_fraction,1,5000,0.03228461044048333,0.02243679166805874,5000,0.027278362965093183,0.05808311644829973,negated_raw_is_spoof,screen,0.027388781109782878,0.07645808864497045
ASVspoof2021_DF,AASIST,full_waveform,hnr_db,1,4970,0.018290937867289782,0.19730695406094567,4970,-0.025293791783261292,0.07982863063476991,negated_raw_is_spoof,screen,0.21665077308652858,0.10306405338437154
ASVspoof2021_DF,AASIST,full_waveform,cpp_proxy_db,1,4970,0.2384387258779417,3.389862732310193e-65,4970,0.03212808113915537,0.02606797965600295,negated_raw_is_spoof,screen,1.6213435986565477e-64,0.03593370734119792
ASVspoof2021_DF,AASIST,full_waveform,jitter_proxy,1,4970,-0.03388829968123478,0.016887393213400218,4970,-0.03472587709122895,0.01616246895738193,negated_raw_is_spoof,screen,0.020784483954954115,0.023035374632790363
ASVspoof2021_DF,AASIST,full_waveform,shimmer_proxy_db,1,4970,0.007939074007012104,0.5757804990955921,4970,0.02366099259416215,0.1013025123591759,negated_raw_is_spoof,screen,0.6036263578662058,0.12844394019880415
ASVspoof2021_DF,AASIST,full_waveform,f0_delta_hz,1,4970,-0.03286394729335448,0.020509559589471926,4970,-0.0032032380897983564,0.8244693985727358,negated_raw_is_spoof,screen,0.02508175440241153,0.8498843864340777
ASVspoof2021_DF,AASIST,full_waveform,group_delay_var,1,5000,-0.08278197072325236,4.568591638203338e-09,5000,-0.10033585934893091,2.8117212044922365e-12,negated_raw_is_spoof,screen,7.963926279825276e-09,6.700271806449585e-12
ASVspoof2021_DF,AASIST,full_waveform,inst_freq_dispersion,1,5000,-0.043110649415955826,0.0022957502487938684,5000,0.00471626405245248,0.7432239382685075,negated_raw_is_spoof,screen,0.003057966634666956,0.7828314835680832
ASVspoof2021_DF,AASIST,full_waveform,modulation_centroid_hz,1,5000,-0.06409154325473812,5.747080815074299e-06,5000,-0.00033471472955905066,0.9814517930519652,negated_raw_is_spoof,screen,8.92956834157209e-06,0.9865902841150644
ASVspoof2021_DF,AASIST,full_waveform,modulation_entropy,1,5000,-0.20412234404669163,3.560051284402735e-48,5000,-0.004206494763036858,0.7701500591793121,negated_raw_is_spoof,screen,1.3440193613026055e-47,0.80613837970171
ASVspoof2021_DF,RawBMamba,full_waveform,crest_factor_db,0,5000,-0.4252565900342635,8.467491107585933e-219,5000,-0.4307658494831075,7.837064083715999e-221,negated_raw_is_spoof,screen,1.0440649585867425e-217,9.239486077644125e-220
ASVspoof2021_DF,RawBMamba,full_waveform,peak_dbfs,0,5000,0.16975772775628029,1.2145702794305255e-33,5000,0.03230578296506868,0.02366207593526615,negated_raw_is_spoof,screen,3.796238268731689e-33,0.03295526430776964
ASVspoof2021_DF,RawBMamba,full_waveform,rms_dbfs,0,5000,0.42526957125078285,8.186784678213186e-219,5000,0.4307732925807564,7.687110932796793e-221,negated_raw_is_spoof,screen,1.0187998710665299e-217,9.142900082901672e-220
ASVspoof2021_DF,RawBMamba,full_waveform,integrated_lufs,0,5000,0.09496423176656926,1.714016583953901e-11,5000,-0.05350359191300449,0.00017734703574489672,negated_raw_is_spoof,screen,3.195060039991738e-11,0.00030755408521437573
ASVspoof2021_DF,RawBMamba,full_waveform,silence_fraction,0,5000,-0.3756873929681947,2.2279245227929373e-167,5000,-0.40010506607683044,5.225956251353248e-188,negated_raw_is_spoof,screen,2.0939374535900053e-166,5.053010936560263e-187
ASVspoof2021_DF,RawBMamba,full_waveform,clipping_fraction,0,5000,0.2195046442108858,1.3040009713846546e-55,5000,0.01457272791233437,0.30753626741043305,negated_raw_is_spoof,screen,5.294795485018054e-55,0.35817048821457714
ASVspoof2021_DF,RawBMamba,full_waveform,frame_rms_cv,0,5000,-0.6169659803586391,0.0,5000,-0.4755451106235974,2.696045052104952e-275,negated_raw_is_spoof,screen,0.0,5.032617430595911e-274
ASVspoof2021_DF,RawBMamba,full_waveform,frame_rms_range_db,0,5000,-0.1653289604051584,5.660846304750724e-32,5000,-0.4473308320279512,4.91167027052857e-240,negated_raw_is_spoof,screen,1.7213071116708084e-31,6.7360049424391825e-239
ASVspoof2021_DF,RawBMamba,full_waveform,spectral_centroid_hz,0,5000,0.23257686171907443,2.1421464087986953e-62,5000,0.20927843121787845,1.1274860633692554e-49,negated_raw_is_spoof,screen,9.92774059801878e-62,4.9199391856112964e-49
ASVspoof2021_DF,RawBMamba,full_waveform,spectral_centroid_std_hz,0,5000,0.2281140529005621,4.9613059996103255e-60,5000,0.17884625823951833,1.5503210087418688e-36,negated_raw_is_spoof,screen,2.179083419436692e-59,5.526873834878174e-36
ASVspoof2021_DF,RawBMamba,full_waveform,spectral_bandwidth_hz,0,5000,-0.09844690243387609,3.027134223152291e-12,5000,0.0139304156036366,0.3293494153980771,negated_raw_is_spoof,screen,5.754552186586533e-12,0.3832429560995806
ASVspoof2021_DF,RawBMamba,full_waveform,spectral_rolloff85_hz,0,5000,0.19541713583517564,3.1764794086078293e-44,5000,0.19931302683053875,3.955017610323588e-45,negated_raw_is_spoof,screen,1.138450220045046e-43,1.6107708085681521e-44
ASVspoof2021_DF,RawBMamba,full_waveform,spectral_flatness,0,5000,-0.32700608988024354,6.258691912989711e-125,5000,-0.21829511327316153,5.40306782988053e-54,negated_raw_is_spoof,screen,5.0672782717217895e-124,2.469973865088242e-53
ASVspoof2021_DF,RawBMamba,full_waveform,spectral_slope_db_per_khz,0,5000,-0.22507866170714644,1.8842552426874018e-58,5000,-0.1432438986669043,6.659125034957585e-24,negated_raw_is_spoof,screen,8.065092503732064e-58,1.9800584174741134e-23
ASVspoof2021_DF,RawBMamba,full_waveform,low_high_energy_ratio_db,0,5000,0.15856993863079752,1.6246249146090732e-29,5000,0.045116247437297495,0.0015747040576704178,negated_raw_is_spoof,screen,4.7364335905305737e-29,0.0024987039592786796
ASVspoof2021_DF,RawBMamba,full_waveform,spectral_flux,0,5000,0.17500274644851,1.1187631004500157e-35,5000,0.01579458075193641,0.268738791099413,negated_raw_is_spoof,screen,3.623174956638123e-35,0.3173857075901679
ASVspoof2021_DF,RawBMamba,full_waveform,f0_median_hz,0,4992,0.1030746864099238,2.8718002094058475e-13,4992,0.11915296068412863,5.968677240750334e-17,negated_raw_is_spoof,screen,5.64283549918342e-13,1.533824514640239e-16
ASVspoof2021_DF,RawBMamba,full_waveform,f0_iqr_hz,0,4992,-0.18393487988766175,3.105054130882963e-39,4992,-0.17261509181922916,4.618445358474261e-34,negated_raw_is_spoof,screen,1.0538365535117936e-38,1.591587323535745e-33
ASVspoof2021_DF,RawBMamba,full_waveform,voiced_fraction,0,5000,0.028544153264417546,0.04356179675020657,5000,0.16133634576275474,5.8321673226132734e-30,negated_raw_is_spoof,screen,0.05172001310271875,1.888779007612588e-29
ASVspoof2021_DF,RawBMamba,full_waveform,hnr_db,0,4992,-0.1540068254750893,7.112683473911287e-28,4992,-0.05428118067515105,0.00014449103059235301,negated_raw_is_spoof,screen,2.0125150713551097e-27,0.00025253048779729837
ASVspoof2021_DF,RawBMamba,full_waveform,cpp_proxy_db,0,4992,0.29635543046565144,9.404766760663874e-102,4992,0.31462809411526904,5.730276017141417e-113,negated_raw_is_spoof,screen,6.448982921598086e-101,3.8315875457900817e-112
ASVspoof2021_DF,RawBMamba,full_waveform,jitter_proxy,0,4992,-0.2905886793689589,9.888626160956838e-98,4992,-0.2761749115410316,1.920105229931641e-86,negated_raw_is_spoof,screen,6.612096298669647e-97,1.1220093169687502e-85
ASVspoof2021_DF,RawBMamba,full_waveform,shimmer_proxy_db,0,4992,-0.05188473183465436,0.0002450097001927652,4992,-0.04339485844225764,0.0023865583661586737,negated_raw_is_spoof,screen,0.0003469895016428624,0.003716725891213508
ASVspoof2021_DF,RawBMamba,full_waveform,f0_delta_hz,0,4992,-0.05596034911937368,7.623519830673879e-05,4992,-0.19587131302974703,1.5130717912903307e-43,negated_raw_is_spoof,screen,0.00011197825849645568,6.052287165161324e-43
ASVspoof2021_DF,RawBMamba,full_waveform,group_delay_var,0,5000,-0.5668338871853554,0.0,5000,-0.4970628160698273,1.6667545053550796e-304,negated_raw_is_spoof,screen,0.0,4.1483667688837537e-303
ASVspoof2021_DF,RawBMamba,full_waveform,inst_freq_dispersion,0,5000,0.14787060375969788,7.667285811220514e-26,5000,0.041875322412128886,0.003353722492794262,negated_raw_is_spoof,screen,2.0285102618662146e-25,0.005116234994682733
ASVspoof2021_DF,RawBMamba,full_waveform,modulation_centroid_hz,0,5000,0.46307183884287345,2.792267064848019e-264,5000,0.34481100850839663,5.678320022428344e-137,negated_raw_is_spoof,screen,4.363728994367137e-263,4.4629602983296455e-136
ASVspoof2021_DF,RawBMamba,full_waveform,modulation_entropy,0,5000,0.15309718375588732,1.327480872155664e-27,5000,0.1679904005042845,2.24079665568729e-32,negated_raw_is_spoof,screen,3.7247062467165184e-27,7.547946629683503e-32
ASVspoof2021_DF,RawBMamba,full_waveform,crest_factor_db,1,5000,0.1503748478214299,1.11801479911048e-26,5000,-0.21871956335448922,2.281131247614864e-53,negated_raw_is_spoof,screen,3.017292951816235e-26,1.0322694938701606e-52
ASVspoof2021_DF,RawBMamba,full_waveform,peak_dbfs,1,5000,-0.23610554404947312,2.6616261258048548e-64,5000,0.024698916822308948,0.08619601219396299,negated_raw_is_spoof,screen,1.2595864482682129e-63,0.11033089560827262
ASVspoof2021_DF,RawBMamba,full_waveform,rms_dbfs,1,5000,-0.15038795537395544,1.1067073583209352e-26,5000,0.2187292073690255,2.2567791166891277e-53,negated_raw_is_spoof,screen,2.99278609574112e-26,1.0246997070372255e-52
ASVspoof2021_DF,RawBMamba,full_waveform,integrated_lufs,1,5000,-0.20649496989562233,2.7708059057226857e-49,5000,-0.05413518828062815,0.00016768261586181367,negated_raw_is_spoof,screen,1.0609581587724472e-48,0.0002911698135895059
ASVspoof2021_DF,RawBMamba,full_waveform,silence_fraction,1,5000,0.04657735325959085,0.0009860370705987518,5000,-0.2074557239155044,4.465251020191846e-48,negated_raw_is_spoof,screen,0.0013413297802476948,1.8754054284805754e-47
ASVspoof2021_DF,RawBMamba,full_waveform,clipping_fraction,1,5000,0.0788965340766463,2.3217008871267865e-08,5000,0.01282047562585799,0.3731818221137387,negated_raw_is_spoof,screen,3.954836492139925e-08,0.42978823602822647
ASVspoof2021_DF,RawBMamba,full_waveform,frame_rms_cv,1,5000,-0.10143177421100842,6.523729869331276e-13,5000,-0.23651087749453412,2.367176931247482e-62,negated_raw_is_spoof,screen,1.2670365526562478e-12,1.1527122447813826e-61
ASVspoof2021_DF,RawBMamba,full_waveform,frame_rms_range_db,1,5000,0.07504629521705626,1.0798885697749686e-07,5000,-0.16045611050159198,3.3340580891838964e-29,negated_raw_is_spoof,screen,1.789605718591317e-07,1.0643643876159518e-28
ASVspoof2021_DF,RawBMamba,full_waveform,spectral_centroid_hz,1,5000,-0.04215429106621846,0.002869914797227682,5000,0.05126757643264455,0.0003661960286480013,negated_raw_is_spoof,screen,0.0037815347916411815,0.000614441276532976
ASVspoof2021_DF,RawBMamba,full_waveform,spectral_centroid_std_hz,1,5000,-0.03498399884271842,0.013365421062966728,5000,0.06072217024476716,2.426023951668839e-05,negated_raw_is_spoof,screen,0.016663382104478,4.4911517782960324e-05
ASVspoof2021_DF,RawBMamba,full_waveform,spectral_bandwidth_hz,1,5000,-0.0912284615138964,1.0285572917747356e-10,5000,-0.0007226825152085817,0.9599657707891461,negated_raw_is_spoof,screen,1.8655614037047835e-10,0.9693418451845323
ASVspoof2021_DF,RawBMamba,full_waveform,spectral_rolloff85_hz,1,5000,-0.028818977919283888,0.04157762573682887,5000,0.041360075527180185,0.0040525305424054855,negated_raw_is_spoof,screen,0.04958325553708784,0.006133559739856951
ASVspoof2021_DF,RawBMamba,full_waveform,spectral_flatness,1,5000,-0.20388456525674198,4.590086880565495e-48,5000,-0.0944304027913175,4.9080503809544184e-11,negated_raw_is_spoof,screen,1.723205800972074e-47,1.1353562327027088e-10
ASVspoof2021_DF,RawBMamba,full_waveform,spectral_slope_db_per_khz,1,5000,-0.13731001649758243,1.7894739036577551e-22,5000,-0.06824101573098834,2.0803387512189913e-06,negated_raw_is_spoof,screen,4.356979939340622e-22,4.046273924223335e-06
ASVspoof2021_DF,RawBMamba,full_waveform,low_high_energy_ratio_db,1,5000,0.163399685743517,2.919612564456396e-31,5000,0.02138799700183873,0.13734507063495796,negated_raw_is_spoof,screen,8.739330259753666e-31,0.17091831012350325
ASVspoof2021_DF,RawBMamba,full_waveform,spectral_flux,1,5000,-0.013786600488787534,0.3297277281986247,5000,0.03076618175607388,0.032558766108878444,negated_raw_is_spoof,screen,0.354807099038392,0.04429046725742169
ASVspoof2021_DF,RawBMamba,full_waveform,f0_median_hz,1,4970,-0.09906389112502142,2.572558147023393e-12,4970,-0.010156738509975984,0.48187232422443177,negated_raw_is_spoof,screen,4.904281063261617e-12,0.5356794075745545
ASVspoof2021_DF,RawBMamba,full_waveform,f0_iqr_hz,1,4970,-0.10536921237548084,9.533277722098742e-14,4970,-0.11549657263625386,1.0225941512628744e-15,negated_raw_is_spoof,screen,1.8869993016937716e-13,2.5545846455340207e-15
ASVspoof2021_DF,RawBMamba,full_waveform,voiced_fraction,1,5000,-0.02446838503536688,0.08362982981189386,5000,0.0383155890708977,0.00776027849418977,negated_raw_is_spoof,screen,0.09598504805054257,0.011537405194901604
ASVspoof2021_DF,RawBMamba,full_waveform,hnr_db,1,4970,-0.10519467943107061,1.0471968288433017e-13,4970,-0.0689319839453451,1.764359981673956e-06,negated_raw_is_spoof,screen,2.0667144463515378e-13,3.4567052702183627e-06
ASVspoof2021_DF,RawBMamba,full_waveform,cpp_proxy_db,1,4970,0.11427433925166613,6.445212578585614e-16,4970,-0.0016175121988744243,0.9108231021504185,negated_raw_is_spoof,screen,1.353494641502979e-15,0.9260195170136204
ASVspoof2021_DF,RawBMamba,full_waveform,jitter_proxy,1,4970,0.009767428368120827,0.49118229160101134,4970,-0.026829000199726224,0.06316377910016645,negated_raw_is_spoof,screen,0.51898506282371,0.0826602912469559
ASVspoof2021_DF,RawBMamba,full_waveform,shimmer_proxy_db,1,4970,0.025420570568619235,0.0731419496338961,4970,0.031353394081667624,0.029892201301618997,negated_raw_is_spoof,screen,0.08487412554475218,0.04091152601769443
ASVspoof2021_DF,RawBMamba,full_waveform,f0_delta_hz,1,4970,-0.047505664552768403,0.0008077827728087979,4970,-0.0192947545101662,0.18150413931618056,negated_raw_is_spoof,screen,0.0011046022714170903,0.2217650574917697
ASVspoof2021_DF,RawBMamba,full_waveform,group_delay_var,1,5000,-0.13586893298380073,4.927103824825769e-22,5000,-0.267811777371463,4.499883478064351e-80,negated_raw_is_spoof,screen,1.1825049179581845e-21,2.509478586937132e-79
ASVspoof2021_DF,RawBMamba,full_waveform,inst_freq_dispersion,1,5000,-0.021332037267679158,0.13150404301584193,5000,0.02640578615892299,0.06659028862072655,negated_raw_is_spoof,screen,0.14814872909747823,0.08663828451718923
ASVspoof2021_DF,RawBMamba,full_waveform,modulation_centroid_hz,1,5000,0.05071414364943431,0.0003339363103423911,5000,0.11843412369846586,1.5147116463231843e-16,negated_raw_is_spoof,screen,0.0004684868487475717,3.848341120337164e-16
ASVspoof2021_DF,RawBMamba,full_waveform,modulation_entropy,1,5000,-0.014659741787797009,0.30001706735778616,5000,0.09566075006935401,2.7431111999706562e-11,negated_raw_is_spoof,screen,0.32387384620792337,6.422894517004464e-11
ASVspoof2021_DF,RawTFNet,full_waveform,crest_factor_db,0,5000,-0.43291558324057317,1.5020012517065421e-227,5000,-0.40338033984605187,2.3634756739457242e-191,negated_raw_is_spoof,screen,1.979107531660385e-226,2.335670077781657e-190
ASVspoof2021_DF,RawTFNet,full_waveform,peak_dbfs,0,5000,0.14093157914464305,1.3379140362089125e-23,5000,0.009882369796488957,0.4889629320061588,negated_raw_is_spoof,screen,3.354769523628318e-23,0.5426640632669508
ASVspoof2021_DF,RawTFNet,full_waveform,rms_dbfs,0,5000,0.4329269258330282,1.457276267638322e-227,5000,0.4033865806791765,2.328853375268811e-191,negated_raw_is_spoof,screen,1.9391874294117867e-226,2.3185029158231717e-190
ASVspoof2021_DF,RawTFNet,full_waveform,integrated_lufs,0,5000,0.13285024200195172,3.969235177530402e-21,5000,-0.09007595873399035,2.608537212244675e-10,negated_raw_is_spoof,screen,9.359038734387474e-21,5.9021448034627e-10
ASVspoof2021_DF,RawTFNet,full_waveform,silence_fraction,0,5000,-0.4257599012809578,2.2887790932765275e-219,5000,-0.43020818801670135,3.3279716302104696e-220,negated_raw_is_spoof,screen,2.8748776648258443e-218,3.889385974785106e-219
ASVspoof2021_DF,RawTFNet,full_waveform,clipping_fraction,0,5000,0.2693918362541772,7.150008813457798e-84,5000,0.0331186282759112,0.02036623143561898,negated_raw_is_spoof,screen,4.214742037406702e-83,0.028632024110326264
ASVspoof2021_DF,RawTFNet,full_waveform,frame_rms_cv,0,5000,-0.576618845277948,0.0,5000,-0.42258012084896374,9.88481587732062e-212,negated_raw_is_spoof,screen,0.0,1.0979497966213977e-210
ASVspoof2021_DF,RawTFNet,full_waveform,frame_rms_range_db,0,5000,-0.20199298304795849,3.426597383032102e-47,5000,-0.492004030269777,1.896842747631288e-297,negated_raw_is_spoof,screen,1.2686906013209768e-46,4.2489277546940855e-296
ASVspoof2021_DF,RawTFNet,full_waveform,spectral_centroid_hz,0,5000,0.20921634949775994,1.4246761915852822e-50,5000,0.18915718943339457,9.656453141212209e-41,negated_raw_is_spoof,screen,5.534002316446877e-50,3.7293887993647155e-40
ASVspoof2021_DF,RawTFNet,full_waveform,spectral_centroid_std_hz,0,5000,0.19693581564506493,6.699575306330605e-45,5000,0.16177698911340732,4.064574054128802e-30,negated_raw_is_spoof,screen,2.407547917569073e-44,1.3323872021339293e-29
ASVspoof2021_DF,RawTFNet,full_waveform,spectral_bandwidth_hz,0,5000,-0.07710325389338255,4.793972244771565e-08,5000,0.0017939934650400273,0.9000393204826797,negated_raw_is_spoof,screen,8.094345096699729e-08,0.9177942691416703
ASVspoof2021_DF,RawTFNet,full_waveform,spectral_rolloff85_hz,0,5000,0.17193293925660375,1.770365282524104e-34,5000,0.16775202347150697,2.7459377238940666e-32,negated_raw_is_spoof,screen,5.638319762351648e-34,9.226350752284064e-32
ASVspoof2021_DF,RawTFNet,full_waveform,spectral_flatness,0,5000,-0.2736049730250315,1.4694095477893154e-86,5000,-0.15917136372822543,3.387276408729878e-29,negated_raw_is_spoof,screen,8.89588482985964e-86,1.0787913491310322e-28
ASVspoof2021_DF,RawTFNet,full_waveform,spectral_slope_db_per_khz,0,5000,-0.18445447762431363,1.643185721110698e-39,5000,-0.09532682298658612,2.234477919566515e-11,negated_raw_is_spoof,screen,5.590991415627286e-39,5.2410790992973754e-11
ASVspoof2021_DF,RawTFNet,full_waveform,low_high_energy_ratio_db,0,5000,0.1387214951975064,6.566200832448788e-23,5000,0.032736984217975745,0.02186021787191373,negated_raw_is_spoof,screen,1.6162955895258554e-22,0.030572458709523468
ASVspoof2021_DF,RawTFNet,full_waveform,spectral_flux,0,5000,0.2229301333226576,2.394034806591037e-57,5000,0.05035441129790542,0.00041879773934665047,negated_raw_is_spoof,screen,1.01181848429508e-56,0.0006983426323596753
ASVspoof2021_DF,RawTFNet,full_waveform,f0_median_hz,0,4992,0.174179901681804,2.668447148935964e-35,4992,0.1133320650167279,1.7995842933406867e-15,negated_raw_is_spoof,screen,8.559410425226578e-35,4.47068630360422e-15
ASVspoof2021_DF,RawTFNet,full_waveform,f0_iqr_hz,0,4992,-0.13676180042898214,2.842863583217297e-22,4992,-0.17691063594800352,1.0180713593908562e-35,negated_raw_is_spoof,screen,6.871958014107998e-22,3.6102583298715325e-35
ASVspoof2021_DF,RawTFNet,full_waveform,voiced_fraction,0,5000,-0.0074449813180396075,0.5986691224163532,5000,0.12373174695984576,3.4116922891483676e-18,negated_raw_is_spoof,screen,0.6237296903314563,9.061886238370368e-18
ASVspoof2021_DF,RawTFNet,full_waveform,hnr_db,0,4992,-0.11543724763135405,2.8048593467391073e-16,4992,-0.028155398691152918,0.04881980195355177,negated_raw_is_spoof,screen,5.960824156103274e-16,0.06483578441262211
ASVspoof2021_DF,RawTFNet,full_waveform,cpp_proxy_db,0,4992,0.28930304178250305,7.568856471146773e-97,4992,0.20458447281735817,1.9830357354249776e-47,negated_raw_is_spoof,screen,5.011104974000623e-96,8.200615472034369e-47
ASVspoof2021_DF,RawTFNet,full_waveform,jitter_proxy,0,4992,-0.2698820767969721,4.7404538408776735e-84,4992,-0.260922026876075,4.9337911633763815e-77,negated_raw_is_spoof,screen,2.8066828027046664e-83,2.7176292309745314e-76
ASVspoof2021_DF,RawTFNet,full_waveform,shimmer_proxy_db,0,4992,-0.048543415693183656,0.0006014615951667916,4992,-0.03534577782000238,0.01337637242770167,negated_raw_is_spoof,screen,0.0008290916757991466,0.019289532771277942
ASVspoof2021_DF,RawTFNet,full_waveform,f0_delta_hz,0,4992,0.018743568165249847,0.18547170918110517,4992,-0.16849122257753682,1.6400836472402558e-32,negated_raw_is_spoof,screen,0.20499504698964258,5.538372919323878e-32
ASVspoof2021_DF,RawTFNet,full_waveform,group_delay_var,0,5000,-0.5158072729501878,0.0,5000,-0.40694200671460234,4.937441625338444e-195,negated_raw_is_spoof,screen,0.0,5.027213291253689e-194
ASVspoof2021_DF,RawTFNet,full_waveform,inst_freq_dispersion,0,5000,0.13830658384189584,8.826252515726881e-23,5000,0.047680892100077865,0.0008365368574124751,negated_raw_is_spoof,screen,2.1686441281785973e-22,0.00135295491740357
ASVspoof2021_DF,RawTFNet,full_waveform,modulation_centroid_hz,0,5000,0.43275543013014783,2.3013612596336853e-227,5000,0.31373697432412884,1.7354844391233972e-112,negated_raw_is_spoof,screen,3.0029412941239547e-226,1.1546985575157654e-111
ASVspoof2021_DF,RawTFNet,full_waveform,modulation_entropy,0,5000,0.10091660488077418,8.529709013844619e-13,5000,0.163796550382868,7.666751271846964e-31,negated_raw_is_spoof,screen,1.654246596624411e-12,2.537959041714857e-30
ASVspoof2021_DF,RawTFNet,full_waveform,crest_factor_db,1,5000,0.15242523332398394,2.2544411973684216e-27,5000,-0.12302054704725808,9.701185001336571e-18,negated_raw_is_spoof,screen,6.234504051981808e-27,2.5465610628508498e-17
ASVspoof2021_DF,RawTFNet,full_waveform,peak_dbfs,1,5000,-0.17440372253538072,1.9253800980438973e-35,5000,0.027739758704713062,0.053962657765559315,negated_raw_is_spoof,screen,6.205541610961626e-35,0.07117351524721464
ASVspoof2021_DF,RawTFNet,full_waveform,rms_dbfs,1,5000,-0.15243605828441772,2.235330604667694e-27,5000,0.12302072543584522,9.700128339231772e-18,negated_raw_is_spoof,screen,6.194400685924497e-27,2.5465610628508498e-17
ASVspoof2021_DF,RawTFNet,full_waveform,integrated_lufs,1,5000,-0.1714366942618112,2.7532694969210446e-34,5000,-0.06327185822975455,1.0843061209923583e-05,negated_raw_is_spoof,screen,8.74797684128105e-34,2.0410468159856157e-05
ASVspoof2021_DF,RawTFNet,full_waveform,silence_fraction,1,5000,0.08089932273760075,1.0137841492043577e-08,5000,-0.07637373711330206,1.0808703361491524e-07,negated_raw_is_spoof,screen,1.7445914168126205e-08,2.2314742423724436e-07
ASVspoof2021_DF,RawTFNet,full_waveform,clipping_fraction,1,5000,0.06038203817934136,1.9330577640088353e-05,5000,-0.0039016284864469733,0.7863889052316066,negated_raw_is_spoof,screen,2.9290074800765214e-05,0.817406565066728
ASVspoof2021_DF,RawTFNet,full_waveform,frame_rms_cv,1,5000,-0.02527427803679087,0.0739374992056559,5000,-0.08805393409078957,8.898477801900661e-10,negated_raw_is_spoof,screen,0.08566551632103579,1.9800586367143195e-09
ASVspoof2021_DF,RawTFNet,full_waveform,frame_rms_range_db,1,5000,0.09430109398683345,2.367998589935406e-11,5000,-0.06582582014125445,4.713866373219863e-06,negated_raw_is_spoof,screen,4.38373292682257e-11,9.037712418840936e-06
ASVspoof2021_DF,RawTFNet,full_waveform,spectral_centroid_hz,1,5000,0.023213192610199055,0.10074940613103127,5000,0.05725118191193838,6.895803681457964e-05,negated_raw_is_spoof,screen,0.11494669086596436,0.00012423539072224535
ASVspoof2021_DF,RawTFNet,full_waveform,spectral_centroid_std_hz,1,5000,0.02069743686138769,0.14337967099937626,5000,0.046156141030676855,0.0013382360893217217,negated_raw_is_spoof,screen,0.16085332038661243,0.0021437298022030917
ASVspoof2021_DF,RawTFNet,full_waveform,spectral_bandwidth_hz,1,5000,-0.021920394638394052,0.12118841677502602,5000,0.034361768770340494,0.01696681559596735,negated_raw_is_spoof,screen,0.13721755024906063,0.024130582180931344
ASVspoof2021_DF,RawTFNet,full_waveform,spectral_rolloff85_hz,1,5000,0.028688168793297074,0.042512287694702,5000,0.04743981223753838,0.0009773736073794617,negated_raw_is_spoof,screen,0.050563287311220784,0.001576938929553417
ASVspoof2021_DF,RawTFNet,full_waveform,spectral_flatness,1,5000,-0.11147663199244247,2.6735956643915124e-15,5000,-0.004216035793727988,0.7696434329045875,negated_raw_is_spoof,screen,5.5538061405598034e-15,0.80613837970171
ASVspoof2021_DF,RawTFNet,full_waveform,spectral_slope_db_per_khz,1,5000,-0.04877800064263205,0.0005599288267694906,5000,0.011303139902113759,0.43237993816423076,negated_raw_is_spoof,screen,0.0007734268686312388,0.48751563497711925
ASVspoof2021_DF,RawTFNet,full_waveform,low_high_energy_ratio_db,1,5000,0.042747245747019505,0.0025002359620021853,5000,-0.045869624596684186,0.0014339997565797947,negated_raw_is_spoof,screen,0.0033204714752281986,0.0022889497302176296
ASVspoof2021_DF,RawTFNet,full_waveform,spectral_flux,1,5000,0.05990663116857852,2.247312745491393e-05,5000,0.012569687298573426,0.38260441275201745,negated_raw_is_spoof,screen,3.386085571682099e-05,0.4391292320569697
ASVspoof2021_DF,RawTFNet,full_waveform,f0_median_hz,1,4970,0.0346816281615196,0.014480643904059107,4970,0.06021724176855137,3.00127760971611e-05,negated_raw_is_spoof,screen,0.01797043897235036,5.518080858356295e-05
ASVspoof2021_DF,RawTFNet,full_waveform,f0_iqr_hz,1,4970,0.013643535070179031,0.33622652886943677,4970,-0.05168690493397503,0.0003418685824092745,negated_raw_is_spoof,screen,0.3615107638404184,0.0005743392184475812
ASVspoof2021_DF,RawTFNet,full_waveform,voiced_fraction,1,5000,-0.08364620571783148,3.149999927561186e-09,5000,-0.03614240980541495,0.012031388665467787,negated_raw_is_spoof,screen,5.512499873232076e-09,0.017424769791367138
ASVspoof2021_DF,RawTFNet,full_waveform,hnr_db,1,4970,-0.0280906664465531,0.047677152756809955,4970,-0.03102313815890186,0.03166362654077684,negated_raw_is_spoof,screen,0.05645646987238113,0.04320397367594322
ASVspoof2021_DF,RawTFNet,full_waveform,cpp_proxy_db,1,4970,0.12544137103853836,6.915222762845533e-19,4970,0.006988630872276778,0.6284462072406496,negated_raw_is_spoof,screen,1.562026788783932e-18,0.6762463591124364
ASVspoof2021_DF,RawTFNet,full_waveform,jitter_proxy,1,4970,0.03383261665102202,0.017068802241070356,4970,-0.027030600434156612,0.061206086887471686,negated_raw_is_spoof,screen,0.020988536333027042,0.08017639451926115
ASVspoof2021_DF,RawTFNet,full_waveform,shimmer_proxy_db,1,4970,-0.001687840343224544,0.9053071206942759,4970,0.008836617482972545,0.5406172118701617,negated_raw_is_spoof,screen,0.9141493390030855,0.5945904523351041
ASVspoof2021_DF,RawTFNet,full_waveform,f0_delta_hz,1,4970,0.05546722932265159,9.13948580475041e-05,4970,-0.0114433987841357,0.42813125779883066,negated_raw_is_spoof,screen,0.00013293797534182414,0.48435051387342454
ASVspoof2021_DF,RawTFNet,full_waveform,group_delay_var,1,5000,-0.11728924770801474,8.777077200607427e-17,5000,-0.14117301874348925,6.516799956713416e-23,negated_raw_is_spoof,screen,1.8844076290122015e-16,1.9040389438745283e-22
ASVspoof2021_DF,RawTFNet,full_waveform,inst_freq_dispersion,1,5000,-0.03382911779724523,0.016749246061878973,5000,0.024675038102687126,0.0865002466408343,negated_raw_is_spoof,screen,0.020633351702259706,0.1106149681115902
ASVspoof2021_DF,RawTFNet,full_waveform,modulation_centroid_hz,1,5000,0.011286340292266227,0.4249339515505214,5000,0.054197134009215775,0.00016507089052356192,negated_raw_is_spoof,screen,0.4536228998283564,0.00028700553281198866
ASVspoof2021_DF,RawTFNet,full_waveform,modulation_entropy,1,5000,-0.04080005568293983,0.003908176652112125,5000,0.05256402798163222,0.0002586387445775329,negated_raw_is_spoof,screen,0.005065177840345898,0.0004383486415034101
ASVspoof2021_DF,Res2TCNGuard,full_waveform,crest_factor_db,0,5000,-0.45413629928035126,5.2316472860151243e-253,5000,-0.4554302720172397,8.063032781547202e-250,negated_raw_is_spoof,screen,7.560574142370244e-252,1.2040795620443822e-248
ASVspoof2021_DF,Res2TCNGuard,full_waveform,peak_dbfs,0,5000,0.21120371721700268,1.588260031935712e-51,5000,0.12265541819212805,6.658310942616604e-18,negated_raw_is_spoof,screen,6.223386247584831e-51,1.7650433741374194e-17
ASVspoof2021_DF,Res2TCNGuard,full_waveform,rms_dbfs,0,5000,0.45414902379286054,5.0445651706085536e-253,5000,0.455436998064219,7.911562236734002e-250,negated_raw_is_spoof,screen,7.369451727497713e-252,1.1947347917045504e-248
ASVspoof2021_DF,Res2TCNGuard,full_waveform,integrated_lufs,0,5000,0.13728297184661364,1.8239955885652792e-22,5000,-0.03762772294245697,0.008393559913372985,negated_raw_is_spoof,screen,4.433001936766249e-22,0.01235590856908356
ASVspoof2021_DF,Res2TCNGuard,full_waveform,silence_fraction,0,5000,-0.42642466416314667,4.052451062449305e-220,5000,-0.4644413753680667,5.0666792773360255e-261,negated_raw_is_spoof,screen,5.187137359935111e-219,8.204357769565804e-260
ASVspoof2021_DF,Res2TCNGuard,full_waveform,clipping_fraction,0,5000,0.28285831897684344,1.2454427136074518e-92,5000,0.04305172683263747,0.002563126070301888,negated_raw_is_spoof,screen,8.00897132578189e-92,0.003977876949752584
ASVspoof2021_DF,Res2TCNGuard,full_waveform,frame_rms_cv,0,5000,-0.6524055572158801,0.0,5000,-0.53460389824091,0.0,negated_raw_is_spoof,screen,0.0,0.0
ASVspoof2021_DF,Res2TCNGuard,full_waveform,frame_rms_range_db,0,5000,-0.19244587912645386,6.429219685656815e-43,5000,-0.48264544828163636,1.0536211684363609e-284,negated_raw_is_spoof,screen,2.2502268899798854e-42,2.1455558339067713e-283
ASVspoof2021_DF,Res2TCNGuard,full_waveform,spectral_centroid_hz,0,5000,0.27302043655936997,3.4901229392624834e-86,5000,0.23848115872278094,2.1690593666020815e-64,negated_raw_is_spoof,screen,2.0940737635574902e-85,1.0877670853407453e-63
ASVspoof2021_DF,Res2TCNGuard,full_waveform,spectral_centroid_std_hz,0,5000,0.24903818628750438,1.467849120145825e-71,5000,0.19177086895806544,7.568436478106521e-42,negated_raw_is_spoof,screen,7.58765083644611e-71,2.9655914363192897e-41
ASVspoof2021_DF,Res2TCNGuard,full_waveform,spectral_bandwidth_hz,0,5000,-0.06019238439314,2.0530485748331784e-05,5000,0.029292215756894707,0.040226230260838096,negated_raw_is_spoof,screen,3.1003340276132495e-05,0.053902346431272584
ASVspoof2021_DF,Res2TCNGuard,full_waveform,spectral_rolloff85_hz,0,5000,0.23166976054111207,6.540384576317714e-62,5000,0.22080581469318086,3.1226262168670158e-55,negated_raw_is_spoof,screen,3.0103687912914407e-61,1.4323582373615255e-54
ASVspoof2021_DF,Res2TCNGuard,full_waveform,spectral_flatness,0,5000,-0.3040652724739085,1.9073605475496468e-107,5000,-0.1787371858681815,1.7122982439222417e-36,negated_raw_is_spoof,screen,1.416294240832445e-106,6.088171533945748e-36
ASVspoof2021_DF,Res2TCNGuard,full_waveform,spectral_slope_db_per_khz,0,5000,-0.20783737326248303,6.443208952381443e-50,5000,-0.11459146438287629,8.280932846248866e-16,negated_raw_is_spoof,screen,2.4812816137537707e-49,2.0764130121937453e-15
ASVspoof2021_DF,Res2TCNGuard,full_waveform,low_high_energy_ratio_db,0,5000,0.10942600705166651,8.562789204106054e-15,5000,0.01770846935152199,0.21497307723612466,negated_raw_is_spoof,screen,1.7596924602933544e-14,0.258660533397808
ASVspoof2021_DF,Res2TCNGuard,full_waveform,spectral_flux,0,5000,0.1920471579997137,9.589976334096287e-43,5000,0.004154369820686744,0.7711420891162427,negated_raw_is_spoof,screen,3.347773556629976e-42,0.8065486130523193
ASVspoof2021_DF,Res2TCNGuard,full_waveform,f0_median_hz,0,4992,0.214033941508011,8.109046362141938e-53,4992,0.18504847136159128,5.642326949409602e-39,negated_raw_is_spoof,screen,3.253300988274258e-52,2.1064687277795848e-38
ASVspoof2021_DF,Res2TCNGuard,full_waveform,f0_iqr_hz,0,4992,-0.10038994628635972,1.1676090069866418e-12,4992,-0.196252218018415,1.032560977315369e-43,negated_raw_is_spoof,screen,2.2482328157450526e-12,4.154975908718132e-43
ASVspoof2021_DF,Res2TCNGuard,full_waveform,voiced_fraction,0,5000,0.006929651199294005,0.6242161961706854,5000,0.11742726067215578,1.5765039805196507e-16,negated_raw_is_spoof,screen,0.6483358328078833,3.99777613173285e-16
ASVspoof2021_DF,Res2TCNGuard,full_waveform,hnr_db,0,4992,-0.09725343789609567,5.7399225942493054e-12,4992,-0.024385372718947106,0.08795753540931374,negated_raw_is_spoof,screen,1.0804560177410458e-11,0.11236710084223174
ASVspoof2021_DF,Res2TCNGuard,full_waveform,cpp_proxy_db,0,4992,0.3823535170598427,1.624939934055877e-173,4992,0.31855352026648764,6.554886101302115e-116,negated_raw_is_spoof,screen,1.5488789158660275e-172,4.517829189820534e-115
ASVspoof2021_DF,Res2TCNGuard,full_waveform,jitter_proxy,0,4992,-0.274118358447587,9.385402864902576e-87,4992,-0.28462421988882125,6.365351751198323e-92,negated_raw_is_spoof,screen,5.707683914221295e-86,3.8710555446201564e-91
ASVspoof2021_DF,Res2TCNGuard,full_waveform,shimmer_proxy_db,0,4992,-0.08421169164413027,2.5379078406483238e-09,4992,-0.07229191144821825,4.100763832668922e-07,negated_raw_is_spoof,screen,4.447129254017402e-09,8.312860620070936e-07
ASVspoof2021_DF,Res2TCNGuard,full_waveform,f0_delta_hz,0,4992,0.015885131346979338,0.2618032684794791,4992,-0.19359923087140363,1.4539573974301187e-42,negated_raw_is_spoof,screen,0.2844491453810994,5.764362071227373e-42
ASVspoof2021_DF,Res2TCNGuard,full_waveform,group_delay_var,0,5000,-0.5777758338609,0.0,5000,-0.4826906580691171,9.163597602403465e-285,negated_raw_is_spoof,screen,0.0,1.8947500273277318e-283
ASVspoof2021_DF,Res2TCNGuard,full_waveform,inst_freq_dispersion,0,5000,0.1529517821190303,1.4889775751077946e-27,5000,0.07139964517619288,5.567695987050465e-07,negated_raw_is_spoof,screen,4.160469565373962e-27,1.1202070967957822e-06
ASVspoof2021_DF,Res2TCNGuard,full_waveform,modulation_centroid_hz,0,5000,0.4728963525752037,4.548889163916768e-277,5000,0.3673125367560111,1.535966008803066e-156,negated_raw_is_spoof,screen,7.838085943979662e-276,1.2821977116964725e-155
ASVspoof2021_DF,Res2TCNGuard,full_waveform,modulation_entropy,0,5000,0.13233773785668565,5.6297909954352554e-21,5000,0.20734615683920068,8.955306318933024e-49,negated_raw_is_spoof,screen,1.3228040380882838e-20,3.8209306960780905e-48
ASVspoof2021_DF,Res2TCNGuard,full_waveform,crest_factor_db,1,5000,0.1091358232774329,1.0078545904773683e-14,5000,-0.11602641581272591,6.147539377701167e-16,negated_raw_is_spoof,screen,2.0585966103367522e-14,1.5472458658483836e-15
ASVspoof2021_DF,Res2TCNGuard,full_waveform,peak_dbfs,1,5000,-0.24284868878724528,4.949389001497617e-68,5000,0.10159359157512877,1.4959786414042655e-12,negated_raw_is_spoof,screen,2.4189013883682897e-67,3.5839488307439087e-12
ASVspoof2021_DF,Res2TCNGuard,full_waveform,rms_dbfs,1,5000,-0.10914998826999951,9.998780577429058e-15,5000,0.11603490368711997,6.117564612853126e-16,negated_raw_is_spoof,screen,2.0454126478028393e-14,1.5425904014398877e-15
ASVspoof2021_DF,Res2TCNGuard,full_waveform,integrated_lufs,1,5000,-0.08117121060684841,9.045364810780894e-09,5000,0.14642326799280506,1.5075893659229175e-24,negated_raw_is_spoof,screen,1.5585859366268616e-08,4.512695117595548e-24
ASVspoof2021_DF,Res2TCNGuard,full_waveform,silence_fraction,1,5000,0.13787496691071952,1.1994845902377442e-22,5000,-0.1293179773053172,1.8783893378954575e-19,negated_raw_is_spoof,screen,2.941801622772862e-22,5.1521536125132545e-19
ASVspoof2021_DF,Res2TCNGuard,full_waveform,clipping_fraction,1,5000,0.07533320255258288,9.654524995138284e-08,5000,0.045996442095194864,0.001390859523810024,negated_raw_is_spoof,screen,1.6059011873101303e-07,0.0022227291319865303
ASVspoof2021_DF,Res2TCNGuard,full_waveform,frame_rms_cv,1,5000,-0.05332293352491733,0.00016178737659434725,5000,-0.2235491222493551,9.902449104046991e-56,negated_raw_is_spoof,screen,0.00023181474855309456,4.589272964082467e-55
ASVspoof2021_DF,Res2TCNGuard,full_waveform,frame_rms_range_db,1,5000,0.142735650381426,3.582583855325624e-24,5000,-0.12297008814867791,1.0004676797744724e-17,negated_raw_is_spoof,screen,9.084891889731393e-24,2.6211083072454013e-17
ASVspoof2021_DF,Res2TCNGuard,full_waveform,spectral_centroid_hz,1,5000,-0.06870350108414003,1.158523005304825e-06,5000,0.04482279303315958,0.0018401048863177765,negated_raw_is_spoof,screen,1.8558461491414599e-06,0.002902700665740718
ASVspoof2021_DF,Res2TCNGuard,full_waveform,spectral_centroid_std_hz,1,5000,-0.04948855205954207,0.0004641439945978707,5000,0.04810449441663139,0.0008281601916044994,negated_raw_is_spoof,screen,0.0006437662835289352,0.001342621260163202
ASVspoof2021_DF,Res2TCNGuard,full_waveform,spectral_bandwidth_hz,1,5000,-0.05835822003032879,3.6428632318031496e-05,5000,0.0054984185753169405,0.7025240737587216,negated_raw_is_spoof,screen,5.4400090928260365e-05,0.7475790618620125
ASVspoof2021_DF,Res2TCNGuard,full_waveform,spectral_rolloff85_hz,1,5000,-0.05544292947233789,8.765527037748657e-05,5000,0.0362573607756083,0.011761696468322364,negated_raw_is_spoof,screen,0.00012791387989939408,0.01705255669193663
ASVspoof2021_DF,Res2TCNGuard,full_waveform,spectral_flatness,1,5000,-0.14067246827365099,1.6143757928208026e-23,5000,-0.04892374500914313,0.0006733363873788267,negated_raw_is_spoof,screen,4.040448911640892e-23,0.0011035421095769613
ASVspoof2021_DF,Res2TCNGuard,full_waveform,spectral_slope_db_per_khz,1,5000,-0.07479037364761493,1.1929552355051324e-07,5000,-0.03987056513553391,0.005597785875442206,negated_raw_is_spoof,screen,1.97454659669815e-07,0.008377977969481431
ASVspoof2021_DF,Res2TCNGuard,full_waveform,low_high_energy_ratio_db,1,5000,0.11570542888977099,2.26517547225297e-16,5000,0.016506253049103293,0.25155537864029726,negated_raw_is_spoof,screen,4.832374340806336e-16,0.29813970801813006
ASVspoof2021_DF,Res2TCNGuard,full_waveform,spectral_flux,1,5000,0.03464978221799128,0.014276391349171325,5000,0.02163126307934867,0.13292841764790403,negated_raw_is_spoof,screen,0.01773333638935884,0.16572893628829594
ASVspoof2021_DF,Res2TCNGuard,full_waveform,f0_median_hz,1,4970,-0.033258701422322755,0.019040437375485213,4970,0.0429723364102799,0.002911982647022091,negated_raw_is_spoof,screen,0.0233701806690887,0.00448819343761203
ASVspoof2021_DF,Res2TCNGuard,full_waveform,f0_iqr_hz,1,4970,-0.030750922125909484,0.030169886433044985,4970,-0.07432254938114685,2.5581285368772705e-07,negated_raw_is_spoof,screen,0.036464323170874516,5.233066595986379e-07
ASVspoof2021_DF,Res2TCNGuard,full_waveform,voiced_fraction,1,5000,-0.05498149027860165,0.00010034808549026825,5000,0.033628585420442815,0.019467490255058752,negated_raw_is_spoof,screen,0.00014564560140272194,0.027570397157849275
ASVspoof2021_DF,Res2TCNGuard,full_waveform,hnr_db,1,4970,-0.04885615082602843,0.0005700817450709206,4970,-0.0022969181758950674,0.8736340723772373,negated_raw_is_spoof,screen,0.0007866425722539192,0.8935800557648454
ASVspoof2021_DF,Res2TCNGuard,full_waveform,cpp_proxy_db,1,4970,0.20869261073448347,4.949546430170271e-50,4970,0.02545812830257107,0.07788939181395521,negated_raw_is_spoof,screen,1.9115489661347255e-49,0.10065706019034211
ASVspoof2021_DF,Res2TCNGuard,full_waveform,jitter_proxy,1,4970,0.007517894752224857,0.5962003876719694,4970,-0.04463765255219705,0.001985743423659625,negated_raw_is_spoof,screen,0.6216395042910217,0.0031287680672901948
ASVspoof2021_DF,Res2TCNGuard,full_waveform,shimmer_proxy_db,1,4970,-0.08679173631194782,8.86046494953222e-10,4970,-0.0432385094122656,0.0027414281280605636,negated_raw_is_spoof,screen,1.560742449825859e-09,0.004244791940222808
ASVspoof2021_DF,Res2TCNGuard,full_waveform,f0_delta_hz,1,4970,-0.017197331080979435,0.225448835068147,4970,-0.024896570048086954,0.08467829421547916,negated_raw_is_spoof,screen,0.24634409295251183,0.10880270308375144
ASVspoof2021_DF,Res2TCNGuard,full_waveform,group_delay_var,1,5000,-0.051119798812791946,0.00029898692633692676,5000,-0.16300246426721468,4.2668095798406025e-30,negated_raw_is_spoof,screen,0.0004207732240804498,1.3952778772033505e-29
ASVspoof2021_DF,Res2TCNGuard,full_waveform,inst_freq_dispersion,1,5000,-0.06043427215235088,1.901201596232676e-05,5000,0.029595708215008672,0.039770233427369885,negated_raw_is_spoof,screen,2.883989780289748e-05,0.05334450471695123
ASVspoof2021_DF,Res2TCNGuard,full_waveform,modulation_centroid_hz,1,5000,-0.06721969814478793,1.9615751175211953e-06,5000,0.07318981883766405,3.5713600411975605e-07,negated_raw_is_spoof,screen,3.1052496560052843e-06,7.272587720256851e-07
ASVspoof2021_DF,Res2TCNGuard,full_waveform,modulation_entropy,1,5000,-0.10421332285653288,1.498698691881774e-13,5000,0.08248480872181484,9.520211041453155e-09,negated_raw_is_spoof,screen,2.949123048153886e-13,2.0439558529893036e-08
ASVspoof2021_DF,Spectra-AASIST,full_waveform,crest_factor_db,0,5000,-0.2287922280111442,2.1852652979469153e-60,5000,-0.176094921195898,1.8646787615216731e-35,negated_raw_is_spoof,screen,9.661172896186364e-60,6.560545171427039e-35
ASVspoof2021_DF,Spectra-AASIST,full_waveform,peak_dbfs,0,5000,0.018689480981192125,0.18639107278556669,5000,0.010490529500216107,0.46261689789900745,negated_raw_is_spoof,screen,0.20584190782563816,0.5159810047935818
ASVspoof2021_DF,Spectra-AASIST,full_waveform,rms_dbfs,0,5000,0.22879515821926175,2.1775245748261494e-60,5000,0.176097172509891,1.860918500795269e-35,negated_raw_is_spoof,screen,9.658722866555594e-60,6.560545171427039e-35
ASVspoof2021_DF,Spectra-AASIST,full_waveform,integrated_lufs,0,5000,0.10516684290729374,8.970400766549866e-14,5000,-0.016741181594863427,0.24104319211012645,negated_raw_is_spoof,screen,1.7782033377939559e-13,0.28694601434544725
ASVspoof2021_DF,Spectra-AASIST,full_waveform,silence_fraction,0,5000,-0.22940295840037436,1.0419044328431459e-60,5000,-0.17424974911491511,9.664114454917416e-35,negated_raw_is_spoof,screen,4.652224444322884e-60,3.3649144630593283e-34
ASVspoof2021_DF,Spectra-AASIST,full_waveform,clipping_fraction,0,5000,0.270044303519357,2.76251742647823e-84,5000,0.0035443925721532626,0.8040016817402114,negated_raw_is_spoof,screen,1.6428422217640445e-83,0.8324948075954114
ASVspoof2021_DF,Spectra-AASIST,full_waveform,frame_rms_cv,0,5000,-0.2683972566400979,3.0314342005606774e-83,5000,-0.18853380780664583,1.7626989637099865e-40,negated_raw_is_spoof,screen,1.7714119850232829e-82,6.7303051341654035e-40
ASVspoof2021_DF,Spectra-AASIST,full_waveform,frame_rms_range_db,0,5000,-0.16982236017327307,1.1474463469818167e-33,5000,-0.198192558861917,1.239572153224289e-44,negated_raw_is_spoof,screen,3.59479694718779e-33,5.018027029920013e-44
ASVspoof2021_DF,Spectra-AASIST,full_waveform,spectral_centroid_hz,0,5000,-0.007217722417575024,0.6098769679293964,5000,0.05576502870224533,9.32219375547268e-05,negated_raw_is_spoof,screen,0.6349145196724312,0.00016660942031057559
ASVspoof2021_DF,Spectra-AASIST,full_waveform,spectral_centroid_std_hz,0,5000,-0.00938868292067396,0.5068639196815389,5000,0.018984893122343895,0.18371561012928428,negated_raw_is_spoof,screen,0.5338754765297714,0.2240596914825391
ASVspoof2021_DF,Spectra-AASIST,full_waveform,spectral_bandwidth_hz,0,5000,-0.22049796995037854,4.119626434690571e-56,5000,-0.12174586999501245,1.1661992450416813e-17,negated_raw_is_spoof,screen,1.6932042593957576e-55,3.043440359875766e-17
ASVspoof2021_DF,Spectra-AASIST,full_waveform,spectral_rolloff85_hz,0,5000,-0.01568728623728032,0.2674088117445199,5000,0.05901719962848596,3.536234525334332e-05,negated_raw_is_spoof,screen,0.2903048812476856,6.475067032764772e-05
ASVspoof2021_DF,Spectra-AASIST,full_waveform,spectral_flatness,0,5000,-0.4028869839718258,1.6667506454251957e-194,5000,-0.3800894338578674,2.2568023070258927e-168,negated_raw_is_spoof,screen,1.7920902939611704e-193,1.9695729224953248e-167
ASVspoof2021_DF,Spectra-AASIST,full_waveform,spectral_slope_db_per_khz,0,5000,-0.2935237865921743,6.35326450255584e-100,5000,-0.3205851792178296,1.2241723354038567e-117,negated_raw_is_spoof,screen,4.312518935068206e-99,8.569206347826997e-117
ASVspoof2021_DF,Spectra-AASIST,full_waveform,low_high_energy_ratio_db,0,5000,0.211282054012636,1.4560118325091707e-51,5000,0.15043847422276402,3.1867267413696014e-26,negated_raw_is_spoof,screen,5.721871061088671e-51,9.778449178997133e-26
ASVspoof2021_DF,Spectra-AASIST,full_waveform,spectral_flux,0,5000,0.21959059606851508,1.1805231658510992e-55,5000,0.15808686320310184,8.10117073682747e-29,negated_raw_is_spoof,screen,4.8079488936481135e-55,2.5618761106579107e-28
ASVspoof2021_DF,Spectra-AASIST,full_waveform,f0_median_hz,0,4992,-0.005331122766645831,0.7064902432391993,4992,0.030107449952222233,0.035133536627831516,negated_raw_is_spoof,screen,0.7270466209138468,0.04751839588671563
ASVspoof2021_DF,Spectra-AASIST,full_waveform,f0_iqr_hz,0,4992,-0.11830501896256918,5.025182003038699e-17,4992,-0.08540112073094495,2.1551433774749177e-09,negated_raw_is_spoof,screen,1.0823468929621814e-16,4.717447393039559e-09
ASVspoof2021_DF,Spectra-AASIST,full_waveform,voiced_fraction,0,5000,0.13356949544052563,2.4248552499737452e-21,5000,0.0901146437097988,2.573641642193712e-10,negated_raw_is_spoof,screen,5.747805036974803e-21,5.833009050772933e-10
ASVspoof2021_DF,Spectra-AASIST,full_waveform,hnr_db,0,4992,-0.004220285336156207,0.765621452359801,4992,-0.003636531472702577,0.7991748548567373,negated_raw_is_spoof,screen,0.7841798462590434,0.828134930553165
ASVspoof2021_DF,Spectra-AASIST,full_waveform,cpp_proxy_db,0,4992,0.08890562343465946,3.125227157833226e-10,4992,0.16954189650633406,6.661729515643374e-33,negated_raw_is_spoof,screen,5.60040706683714e-10,2.2666745491201762e-32
ASVspoof2021_DF,Spectra-AASIST,full_waveform,jitter_proxy,0,4992,-0.1324295969360902,5.680771526669869e-21,4992,-0.09999945966174517,2.322327386329713e-12,negated_raw_is_spoof,screen,1.3324532167267546e-20,5.543886336105034e-12
ASVspoof2021_DF,Spectra-AASIST,full_waveform,shimmer_proxy_db,0,4992,0.014033138807360434,0.32153954442340343,4992,0.02364656192467506,0.09801349094787565,negated_raw_is_spoof,screen,0.3465510406616313,0.1246264255761068
ASVspoof2021_DF,Spectra-AASIST,full_waveform,f0_delta_hz,0,4992,-0.09679120076906829,7.2278419779810115e-12,4992,-0.08417344138364838,3.650372005743519e-09,negated_raw_is_spoof,screen,1.356734583576324e-11,7.925848102939077e-09
ASVspoof2021_DF,Spectra-AASIST,full_waveform,group_delay_var,0,5000,-0.27354131009447735,1.6147521870041856e-86,5000,-0.2605030379304918,6.616061939721539e-77,negated_raw_is_spoof,screen,9.731959369209082e-86,3.629382549790101e-76
ASVspoof2021_DF,Spectra-AASIST,full_waveform,inst_freq_dispersion,0,5000,0.06914072744042303,9.89968847162397e-07,5000,0.03292857248219024,0.0210987125975286,negated_raw_is_spoof,screen,1.587730466093391e-06,0.029599864019914865
ASVspoof2021_DF,Spectra-AASIST,full_waveform,modulation_centroid_hz,0,5000,0.22739319283501488,1.1825604873141568e-59,5000,0.16065204225364688,1.0197125257893227e-29,negated_raw_is_spoof,screen,5.143564061327594e-59,3.2786929058872004e-29
ASVspoof2021_DF,Spectra-AASIST,full_waveform,modulation_entropy,0,5000,-0.03156986454658296,0.025593505882840605,5000,0.08214577372205314,8.341431861574397e-09,negated_raw_is_spoof,screen,0.03104483024055756,1.7994999072160497e-08
ASVspoof2021_DF,Spectra-AASIST,full_waveform,crest_factor_db,1,5000,-0.12618522885757982,3.3596374115474236e-19,5000,-0.06494969491137322,6.299340815589665e-06,negated_raw_is_spoof,screen,7.627284934323881e-19,1.202601428430754e-05
ASVspoof2021_DF,Spectra-AASIST,full_waveform,peak_dbfs,1,5000,0.07055304022289195,5.91936301618175e-07,5000,-0.05362366191477187,0.00019353637665538457,negated_raw_is_spoof,screen,9.562047949216672e-07,0.00033493885001870414
ASVspoof2021_DF,Spectra-AASIST,full_waveform,rms_dbfs,1,5000,0.12618706552965356,3.3556374502819076e-19,5000,0.06494085745475457,6.317674571748168e-06,negated_raw_is_spoof,screen,7.627284934323881e-19,1.204390726869438e-05
ASVspoof2021_DF,Spectra-AASIST,full_waveform,integrated_lufs,1,5000,0.036797649301204834,0.009262311092755722,5000,-0.04578307921707921,0.0014624787922050215,negated_raw_is_spoof,screen,0.01172179482925018,0.002328876180952072
ASVspoof2021_DF,Spectra-AASIST,full_waveform,silence_fraction,1,5000,-0.13256104915198036,4.835357430976798e-21,5000,-0.01740323181022947,0.22670279279396982,negated_raw_is_spoof,screen,1.1381296650145038e-20,0.27107522554723795
ASVspoof2021_DF,Spectra-AASIST,full_waveform,clipping_fraction,1,5000,-0.035190289534946774,0.012829125389911914,5000,0.0034309780091073125,0.8116393455784026,negated_raw_is_spoof,screen,0.016024483758402985,0.8384652424730001
ASVspoof2021_DF,Spectra-AASIST,full_waveform,frame_rms_cv,1,5000,-0.06975162707210932,7.934760382879178e-07,5000,-0.019811868673711038,0.16874729809856312,negated_raw_is_spoof,screen,1.2756361189700497e-06,0.20730929492181793
ASVspoof2021_DF,Spectra-AASIST,full_waveform,frame_rms_range_db,1,5000,-0.094567706692326,2.0799988793537178e-11,5000,0.0248263342682903,0.0845871871521287,negated_raw_is_spoof,screen,3.871909271262322e-11,0.10878964548560859
ASVspoof2021_DF,Spectra-AASIST,full_waveform,spectral_centroid_hz,1,5000,-0.050798179607242124,0.0003263965043092356,5000,-0.0806401848345567,2.0198287196221646e-08,negated_raw_is_spoof,screen,0.0004583875671803685,4.302139142903628e-08
ASVspoof2021_DF,Spectra-AASIST,full_waveform,spectral_centroid_std_hz,1,5000,-0.03446175147943255,0.014812614589008323,5000,-0.0550829389235911,0.00012872150679797987,negated_raw_is_spoof,screen,0.018348529039287728,0.00022703635844683063
ASVspoof2021_DF,Spectra-AASIST,full_waveform,spectral_bandwidth_hz,1,5000,-0.10642145457618288,4.5338217204540537e-14,5000,-0.06715238028916502,3.0181164788911424e-06,negated_raw_is_spoof,screen,9.081157067496643e-14,5.83647273040244e-06
ASVspoof2021_DF,Spectra-AASIST,full_waveform,spectral_rolloff85_hz,1,5000,-0.06331520863155833,7.449015878942515e-06,5000,-0.09113121651850498,2.252595571428598e-10,negated_raw_is_spoof,screen,1.1520687389296594e-05,5.114000756756817e-10
ASVspoof2021_DF,Spectra-AASIST,full_waveform,spectral_flatness,1,5000,0.06175890531421392,1.2419307867128793e-05,5000,0.12864154695964497,2.8968343059241164e-19,negated_raw_is_spoof,screen,1.9032553903558833e-05,7.897252144344853e-19
ASVspoof2021_DF,Spectra-AASIST,full_waveform,spectral_slope_db_per_khz,1,5000,0.041293369993681044,0.0034958494574089858,5000,0.13817800298146324,5.21437402755699e-22,negated_raw_is_spoof,screen,0.004566007454575001,1.5103704079820246e-21
ASVspoof2021_DF,Spectra-AASIST,full_waveform,low_high_energy_ratio_db,1,5000,0.11354136254745444,8.103295205211497e-16,5000,0.08847193999893584,7.403514900113409e-10,negated_raw_is_spoof,screen,1.6963907719321264e-15,1.6556279576959103e-09
ASVspoof2021_DF,Spectra-AASIST,full_waveform,spectral_flux,1,5000,0.08043991782118007,1.228161222869429e-08,5000,0.10187163174984805,1.2998403561023867e-12,negated_raw_is_spoof,screen,2.108108152664767e-08,3.1364190998233533e-12
ASVspoof2021_DF,Spectra-AASIST,full_waveform,f0_median_hz,1,4970,0.0005267183045331886,0.9703866392269825,4970,0.006938666148019899,0.6309037641432695,negated_raw_is_spoof,screen,0.9732833157619885,0.6783477272068434
ASVspoof2021_DF,Spectra-AASIST,full_waveform,f0_iqr_hz,1,4970,0.01123939212678485,0.42825402157437537,4970,0.03254508058376163,0.024190241042696372,negated_raw_is_spoof,screen,0.4568042896793337,0.033655987537664515
ASVspoof2021_DF,Spectra-AASIST,full_waveform,voiced_fraction,1,5000,0.18025273209777296,8.829073641318615e-38,5000,0.04010368999884801,0.005325300627909261,negated_raw_is_spoof,screen,2.9518096950080147e-37,0.007987950941863891
ASVspoof2021_DF,Spectra-AASIST,full_waveform,hnr_db,1,4970,0.009188542962062113,0.5172264130077714,4970,-0.05100690626928626,0.0004091082977813496,negated_raw_is_spoof,screen,0.5439376362147456,0.0006830329841219054
ASVspoof2021_DF,Spectra-AASIST,full_waveform,cpp_proxy_db,1,4970,-0.15323076394486693,1.710983871711874e-27,4970,-0.07131398760929368,7.6440616046354e-07,negated_raw_is_spoof,screen,4.770876190001574e-27,1.5175212402703067e-06
ASVspoof2021_DF,Spectra-AASIST,full_waveform,jitter_proxy,1,4970,-0.026079843589314047,0.06599863623820237,4970,0.03591906359224408,0.012849177502016718,negated_raw_is_spoof,screen,0.07733406024772799,0.018549188574339924
ASVspoof2021_DF,Spectra-AASIST,full_waveform,shimmer_proxy_db,1,4970,0.12379710645282874,1.97003216341854e-18,4970,0.05803508909748804,5.7736801966630464e-05,negated_raw_is_spoof,screen,4.3909174587637115e-18,0.00010457986771314197
ASVspoof2021_DF,Spectra-AASIST,full_waveform,f0_delta_hz,1,4970,-0.019603736415921662,0.16702887986080278,4970,0.03919683882527365,0.006625101105901481,negated_raw_is_spoof,screen,0.18583345573917132,0.00988250375841464
ASVspoof2021_DF,Spectra-AASIST,full_waveform,group_delay_var,1,5000,0.01950369836695647,0.16792371750838384,5000,-5.935029892135785e-05,0.996710818045039,negated_raw_is_spoof,screen,0.18665939853986838,0.996710818045039
ASVspoof2021_DF,Spectra-AASIST,full_waveform,inst_freq_dispersion,1,5000,0.004469362075033864,0.7520372839643479,5000,0.01572655837098058,0.27465178369052473,negated_raw_is_spoof,screen,0.7713433868072386,0.3236241636400179
ASVspoof2021_DF,Spectra-AASIST,full_waveform,modulation_centroid_hz,1,5000,0.12197523854457398,4.923528815755588e-18,5000,0.012338724386311974,0.39140984538121937,negated_raw_is_spoof,screen,1.0748147968934565e-17,0.44732553757853644
ASVspoof2021_DF,Spectra-AASIST,full_waveform,modulation_entropy,1,5000,0.10884205737735556,1.188130525207789e-14,5000,-0.001611778834671136,0.910861459443457,negated_raw_is_spoof,screen,2.4194657967867704e-14,0.9260195170136204
ASVspoof2021_DF,W2V2-AASIST,full_waveform,crest_factor_db,0,5000,-0.5107880635525582,0.0,5000,-0.5881376751458429,0.0,negated_raw_is_spoof,screen,0.0,0.0
ASVspoof2021_DF,W2V2-AASIST,full_waveform,peak_dbfs,0,5000,0.12079612092224983,1.0273253130798707e-17,5000,0.01467920243267437,0.3040149146036074,negated_raw_is_spoof,screen,2.2305738623252765e-17,0.35468406703754196
ASVspoof2021_DF,W2V2-AASIST,full_waveform,rms_dbfs,0,5000,0.5107976156009412,0.0,5000,0.5881396002079137,0.0,negated_raw_is_spoof,screen,0.0,0.0
ASVspoof2021_DF,W2V2-AASIST,full_waveform,integrated_lufs,0,5000,0.13656186561958455,3.031623138686255e-22,5000,0.003871497551665745,0.7863121101137304,negated_raw_is_spoof,screen,7.315083480061628e-22,0.817406565066728
ASVspoof2021_DF,W2V2-AASIST,full_waveform,silence_fraction,0,5000,-0.4632277014215043,1.763314923745088e-264,5000,-0.5431220849947624,0.0,negated_raw_is_spoof,screen,2.7881120676628215e-263,0.0
ASVspoof2021_DF,W2V2-AASIST,full_waveform,clipping_fraction,0,5000,0.29010978657657854,1.4854114679595986e-97,5000,0.03316873458365892,0.020176853370571207,negated_raw_is_spoof,screen,9.883133727414358e-97,0.028425252547219813
ASVspoof2021_DF,W2V2-AASIST,full_waveform,frame_rms_cv,0,5000,-0.7246777402246787,0.0,5000,-0.6288377742354939,0.0,negated_raw_is_spoof,screen,0.0,0.0
ASVspoof2021_DF,W2V2-AASIST,full_waveform,frame_rms_range_db,0,5000,-0.22225262158344114,5.307027674966637e-57,5000,-0.5424518932851257,0.0,negated_raw_is_spoof,screen,2.2220078489579935e-56,0.0
ASVspoof2021_DF,W2V2-AASIST,full_waveform,spectral_centroid_hz,0,5000,0.31942367735161176,5.58346555425765e-119,5000,0.27912806393642575,1.7731996048252165e-88,negated_raw_is_spoof,screen,4.312745807426598e-118,1.059191230615596e-87
ASVspoof2021_DF,W2V2-AASIST,full_waveform,spectral_centroid_std_hz,0,5000,0.29734224232223455,1.3019247472338618e-102,5000,0.23502377325562956,1.5453841002904942e-62,negated_raw_is_spoof,screen,8.973265950165694e-102,7.608044801430126e-62
ASVspoof2021_DF,W2V2-AASIST,full_waveform,spectral_bandwidth_hz,0,5000,-0.09099056582435772,1.1501489719938543e-10,5000,-0.042879249411878616,0.002667229970077226,negated_raw_is_spoof,screen,2.0832887039888678e-10,0.004134667912092032
ASVspoof2021_DF,W2V2-AASIST,full_waveform,spectral_rolloff85_hz,0,5000,0.27964823594571836,1.691690627986796e-90,5000,0.2571197280898422,6.678015312850407e-75,negated_raw_is_spoof,screen,1.0624449551468477e-89,3.604519108622871e-74
ASVspoof2021_DF,W2V2-AASIST,full_waveform,spectral_flatness,0,5000,-0.40100568249472385,1.5189829351733167e-192,5000,-0.33577887668705575,1.471578211323081e-129,negated_raw_is_spoof,screen,1.6202484641848713e-191,1.0807656371684267e-128
ASVspoof2021_DF,W2V2-AASIST,full_waveform,spectral_slope_db_per_khz,0,5000,-0.28567731343851754,1.580177335793767e-94,5000,-0.25948721290236226,2.6634136586232128e-76,negated_raw_is_spoof,screen,1.0259702122255183e-93,1.4492420879310114e-75
ASVspoof2021_DF,W2V2-AASIST,full_waveform,low_high_energy_ratio_db,0,5000,0.1513847944539247,5.0947933207396156e-27,5000,0.10223733637557322,7.112660691919019e-13,negated_raw_is_spoof,screen,1.3917484193239926e-26,1.7224172918809298e-12
ASVspoof2021_DF,W2V2-AASIST,full_waveform,spectral_flux,0,5000,0.26281390770240154,8.995312253590761e-80,5000,0.13451513773691387,3.0358578158289933e-21,negated_raw_is_spoof,screen,5.144553050564248e-79,8.626200643708599e-21
ASVspoof2021_DF,W2V2-AASIST,full_waveform,f0_median_hz,0,4992,0.24464418428004844,6.151370978874238e-69,4992,0.23793959776159956,5.3711960255394726e-64,negated_raw_is_spoof,screen,3.0395009542672705e-68,2.6736620216018704e-63
ASVspoof2021_DF,W2V2-AASIST,full_waveform,f0_iqr_hz,0,4992,-0.09057396479847103,1.44569729271338e-10,4992,-0.18472159974758273,7.677827721243176e-39,negated_raw_is_spoof,screen,2.604580645317403e-10,2.850552612527853e-38
ASVspoof2021_DF,W2V2-AASIST,full_waveform,voiced_fraction,0,5000,-0.0007249842012330542,0.9591252631009743,5000,0.10090102929433394,1.4111179451805725e-12,negated_raw_is_spoof,screen,0.9627067614695366,3.3927415354609824e-12
ASVspoof2021_DF,W2V2-AASIST,full_waveform,hnr_db,0,4992,-0.16331391501190629,3.5002708763133823e-31,4992,-0.12075433014814338,2.269413253900977e-17,negated_raw_is_spoof,screen,1.0430962434069148e-30,5.888207361472805e-17
ASVspoof2021_DF,W2V2-AASIST,full_waveform,cpp_proxy_db,0,4992,0.3907577570255068,8.394979857673239e-182,4992,0.3603750787691228,4.281952700667022e-150,negated_raw_is_spoof,screen,8.357668836083579e-181,3.530640754415017e-149
ASVspoof2021_DF,W2V2-AASIST,full_waveform,jitter_proxy,0,4992,-0.31130944102671276,1.2691583251032803e-112,4992,-0.32879728654817414,8.493215380829874e-124,negated_raw_is_spoof,screen,9.636998807563892e-112,6.03961982636791e-123
ASVspoof2021_DF,W2V2-AASIST,full_waveform,shimmer_proxy_db,0,4992,-0.03634255893576348,0.0102300274152947,4992,-0.006972616846057743,0.6256808087170449,negated_raw_is_spoof,screen,0.01287374236531468,0.6738101016952791
ASVspoof2021_DF,W2V2-AASIST,full_waveform,f0_delta_hz,0,4992,0.006161946408546672,0.6633724089521631,4992,-0.21071467274524525,2.8613100036335206e-50,negated_raw_is_spoof,screen,0.6852226012654595,1.2526386465418409e-49
ASVspoof2021_DF,W2V2-AASIST,full_waveform,group_delay_var,0,5000,-0.6623879741431082,0.0,5000,-0.5843691227176153,0.0,negated_raw_is_spoof,screen,0.0,0.0
ASVspoof2021_DF,W2V2-AASIST,full_waveform,inst_freq_dispersion,0,5000,0.16039898085697826,3.5987244370352045e-30,5000,0.11246762587152381,2.7931483470005536e-15,negated_raw_is_spoof,screen,1.0583557206510536e-29,6.926183354923882e-15
ASVspoof2021_DF,W2V2-AASIST,full_waveform,modulation_centroid_hz,0,5000,0.5778714141463323,0.0,5000,0.4977329011377409,1.8978964458192893e-305,negated_raw_is_spoof,screen,0.0,4.8127789116625e-304
ASVspoof2021_DF,W2V2-AASIST,full_waveform,modulation_entropy,0,5000,0.20375579952979253,5.266589517057071e-48,5000,0.2943407533884397,1.2730514817025497e-98,negated_raw_is_spoof,screen,1.9716702815946248e-47,8.032775546517496e-98
ASVspoof2021_DF,W2V2-AASIST,full_waveform,crest_factor_db,1,5000,0.21384650359658022,8.293882916407823e-53,5000,-0.17452042702946108,2.55954662551614e-34,negated_raw_is_spoof,screen,3.3077087951489955e-52,8.843266490215147e-34
ASVspoof2021_DF,W2V2-AASIST,full_waveform,peak_dbfs,1,5000,-0.2275678165667941,9.584361538843563e-60,5000,-0.0028573622293960117,0.8426782578616827,negated_raw_is_spoof,screen,4.182266853313555e-59,0.8661410405777434
ASVspoof2021_DF,W2V2-AASIST,full_waveform,rms_dbfs,1,5000,-0.21385668852499082,8.199419559061277e-53,5000,0.17453280969609528,2.5319891190294827e-34,negated_raw_is_spoof,screen,3.279767823624511e-52,8.77060148447326e-34
ASVspoof2021_DF,W2V2-AASIST,full_waveform,integrated_lufs,1,5000,-0.23948698095019916,3.707062871094601e-66,5000,-0.06273337311001087,1.2880705455870692e-05,negated_raw_is_spoof,screen,1.7857679206993345e-65,2.414458595912163e-05
ASVspoof2021_DF,W2V2-AASIST,full_waveform,silence_fraction,1,5000,0.18275732276119894,8.310534107255313e-39,5000,-0.14016558111217647,1.318373339847366e-22,negated_raw_is_spoof,screen,2.813440262002806e-38,3.843587350878221e-22
ASVspoof2021_DF,W2V2-AASIST,full_waveform,clipping_fraction,1,5000,-0.13352869445112928,2.4937788366888887e-21,5000,0.03520055982186944,0.01445551043072701,negated_raw_is_spoof,screen,5.900772458644131e-21,0.020716490937590405
ASVspoof2021_DF,W2V2-AASIST,full_waveform,frame_rms_cv,1,5000,-0.016433257766457487,0.24531886378413592,5000,-0.21607024613125447,4.267265225845365e-52,negated_raw_is_spoof,screen,0.26718683381351593,1.9181285831224653e-51
ASVspoof2021_DF,W2V2-AASIST,full_waveform,frame_rms_range_db,1,5000,0.18485398609183387,1.119380288999986e-39,5000,-0.14311408776969697,1.6524723780200418e-23,negated_raw_is_spoof,screen,3.818393676182693e-39,4.881149178151508e-23
ASVspoof2021_DF,W2V2-AASIST,full_waveform,spectral_centroid_hz,1,5000,-0.00046272793865348867,0.9739045517012931,5000,0.04177436252544271,0.003697757678566164,negated_raw_is_spoof,screen,0.97535597428207,0.00561557776270387
ASVspoof2021_DF,W2V2-AASIST,full_waveform,spectral_centroid_std_hz,1,5000,0.013312813064666118,0.34662062919135656,5000,0.045802520563541574,0.0014573225812527157,negated_raw_is_spoof,screen,0.3723885896348387,0.002323418207833511
ASVspoof2021_DF,W2V2-AASIST,full_waveform,spectral_bandwidth_hz,1,5000,-0.03668105015068649,0.009487577981250776,5000,-0.04874155535900796,0.0007052381502570071,negated_raw_is_spoof,screen,0.01199558307319007,0.001151689032740483
ASVspoof2021_DF,W2V2-AASIST,full_waveform,spectral_rolloff85_hz,1,5000,0.01705063048630167,0.2280304718446717,5000,0.03321514121384522,0.021015014731855144,negated_raw_is_spoof,screen,0.24876051473964186,0.029513249529376503
ASVspoof2021_DF,W2V2-AASIST,full_waveform,spectral_flatness,1,5000,-0.18157794036848565,2.5395614890490654e-38,5000,-0.2099398543540849,3.2276871600026515e-49,negated_raw_is_spoof,screen,8.575805631361668e-38,1.3903883150780654e-48
ASVspoof2021_DF,W2V2-AASIST,full_waveform,spectral_slope_db_per_khz,1,5000,-0.1887153812394944,2.617892916645662e-41,5000,-0.21239695102830047,2.3220822140750067e-50,negated_raw_is_spoof,screen,9.044853676019974e-41,1.0198949332407872e-49
ASVspoof2021_DF,W2V2-AASIST,full_waveform,low_high_energy_ratio_db,1,5000,0.09735272735315607,5.253702555194828e-12,5000,0.05602706459280761,9.835204863038063e-05,negated_raw_is_spoof,screen,9.903192474308343e-12,0.00017531187448173948
ASVspoof2021_DF,W2V2-AASIST,full_waveform,spectral_flux,1,5000,-0.0012625491388958809,0.9288805118416166,5000,0.06133028785902091,2.0086123573165444e-05,negated_raw_is_spoof,screen,0.9344426705951592,3.733852016920381e-05
ASVspoof2021_DF,W2V2-AASIST,full_waveform,f0_median_hz,1,4970,-0.01997088049145998,0.15922054387566098,4970,-0.004481864202704735,0.756305251556731,negated_raw_is_spoof,screen,0.177734560605389,0.7947414058578941
ASVspoof2021_DF,W2V2-AASIST,full_waveform,f0_iqr_hz,1,4970,0.0028834262401391986,0.8389586043335696,4970,-0.06367012358726629,1.0187944269844094e-05,negated_raw_is_spoof,screen,0.8529200939669572,1.920420350444665e-05
ASVspoof2021_DF,W2V2-AASIST,full_waveform,voiced_fraction,1,5000,-0.10519322528693545,8.843332447873823e-14,5000,0.07227828135394727,4.984065244265334e-07,negated_raw_is_spoof,screen,1.7556039601096627e-13,1.0057933465904819e-06
ASVspoof2021_DF,W2V2-AASIST,full_waveform,hnr_db,1,4970,-0.06886841002748322,1.1759357626860844e-06,4970,-0.005265390838829532,0.7154171460922037,negated_raw_is_spoof,screen,1.881497220297735e-06,0.7571028695652927
ASVspoof2021_DF,W2V2-AASIST,full_waveform,cpp_proxy_db,1,4970,0.14658251146276874,2.830821295523965e-25,4970,0.0373197065249421,0.009737791711547568,negated_raw_is_spoof,screen,7.373301979039164e-25,0.014256636231285327
ASVspoof2021_DF,W2V2-AASIST,full_waveform,jitter_proxy,1,4970,0.07596145872457193,8.25115424232685e-08,4970,-0.05707149683460753,7.653883191792793e-05,negated_raw_is_spoof,screen,1.3758748513259661e-07,0.00013752431831242666
ASVspoof2021_DF,W2V2-AASIST,full_waveform,shimmer_proxy_db,1,4970,-0.02052408206800346,0.14798101654074053,4970,-0.018453022451733136,0.2013061888463437,negated_raw_is_spoof,screen,0.16560073791070382,0.2437437097382756
ASVspoof2021_DF,W2V2-AASIST,full_waveform,f0_delta_hz,1,4970,0.05545642587796309,9.168421200098812e-05,4970,-0.055601638059708205,0.00011669487511694307,negated_raw_is_spoof,screen,0.00013321468208576004,0.00020718350351013408
ASVspoof2021_DF,W2V2-AASIST,full_waveform,group_delay_var,1,5000,-0.04264272656701359,0.0025620592507746417,5000,-0.14432853866435577,6.935401699265072e-24,negated_raw_is_spoof,screen,0.003392519835508491,2.0576556034905647e-23
ASVspoof2021_DF,W2V2-AASIST,full_waveform,inst_freq_dispersion,1,5000,-0.04514638524087052,0.0014072426313603765,5000,0.00840637707408261,0.5592837748853061,negated_raw_is_spoof,screen,0.0019027506001492414,0.612614012588306
ASVspoof2021_DF,W2V2-AASIST,full_waveform,modulation_centroid_hz,1,5000,-0.03295271811238997,0.019797736921734047,5000,0.1228079922103664,1.1044411759370858e-17,negated_raw_is_spoof,screen,0.024255385982507344,2.887877316068956e-17
ASVspoof2021_DF,W2V2-AASIST,full_waveform,modulation_entropy,1,5000,0.09024752427805818,1.627513321683103e-10,5000,0.09859246881949746,6.657183351314081e-12,negated_raw_is_spoof,screen,2.9243020111525273e-10,1.577999016607782e-11
ASVspoof2021_DF,WhisperMFCCMesoNet,full_waveform,crest_factor_db,0,5000,-0.02506486175579758,0.07636325016794762,5000,-0.023495277693389462,0.09990465096688153,negated_raw_is_spoof,screen,0.08826524902997172,0.1268488066462631
ASVspoof2021_DF,WhisperMFCCMesoNet,full_waveform,peak_dbfs,0,5000,0.039497280506921584,0.005217794206153894,5000,0.026056565064791096,0.06804109140993239,negated_raw_is_spoof,screen,0.006704316838499841,0.08835480855550641
ASVspoof2021_DF,WhisperMFCCMesoNet,full_waveform,rms_dbfs,0,5000,0.025063576411746103,0.07637833677221512,5000,0.023492132796841918,0.09995006416547071,negated_raw_is_spoof,screen,0.08826524902997172,0.1268488066462631
ASVspoof2021_DF,WhisperMFCCMesoNet,full_waveform,integrated_lufs,0,5000,0.0061888830798523895,0.6617379789402936,5000,-0.03764199994730272,0.008368837845919672,negated_raw_is_spoof,screen,0.6841352643813498,0.012333024193986885
ASVspoof2021_DF,WhisperMFCCMesoNet,full_waveform,silence_fraction,0,5000,-0.050384015795919265,0.00036516138432368537,5000,-0.012397934343733364,0.3853340455380115,negated_raw_is_spoof,screen,0.0005117590203660408,0.4415080624067242
ASVspoof2021_DF,WhisperMFCCMesoNet,full_waveform,clipping_fraction,0,5000,0.015320157433527382,0.27876784565098955,5000,-0.027830274694956653,0.051296187006657855,negated_raw_is_spoof,screen,0.30190490294514905,0.06785637336313795
ASVspoof2021_DF,WhisperMFCCMesoNet,full_waveform,frame_rms_cv,0,5000,-0.010884814659915056,0.4415947766215501,5000,0.005915165910173456,0.6787489866849249,negated_raw_is_spoof,screen,0.4691726322366509,0.7245739778431605
ASVspoof2021_DF,WhisperMFCCMesoNet,full_waveform,frame_rms_range_db,0,5000,-0.04882967523553083,0.0005523855420014495,5000,0.007425815185713675,0.6031006417271505,negated_raw_is_spoof,screen,0.0007637923543723748,0.6531565370518052
ASVspoof2021_DF,WhisperMFCCMesoNet,full_waveform,spectral_centroid_hz,0,5000,0.07909355591953872,2.1418478676584478e-08,5000,0.026803999133290568,0.06050497120686143,negated_raw_is_spoof,screen,3.653100931640804e-08,0.07933529883124074
ASVspoof2021_DF,WhisperMFCCMesoNet,full_waveform,spectral_centroid_std_hz,0,5000,0.0393313077031402,0.005410428043051266,5000,0.019345354772700284,0.17553005013698278,negated_raw_is_spoof,screen,0.006945191298816524,0.21505231302106184
ASVspoof2021_DF,WhisperMFCCMesoNet,full_waveform,spectral_bandwidth_hz,0,5000,0.04212020213482985,0.0028926126385425475,5000,-0.01596040900057492,0.2637443711270252,negated_raw_is_spoof,screen,0.003807709486974715,0.3117611563717871
ASVspoof2021_DF,WhisperMFCCMesoNet,full_waveform,spectral_rolloff85_hz,0,5000,0.0896150750740705,2.1822651311374925e-10,5000,0.03183337010620988,0.025782696683778906,negated_raw_is_spoof,screen,3.9158402353121364e-10,0.03557694491067644
ASVspoof2021_DF,WhisperMFCCMesoNet,full_waveform,spectral_flatness,0,5000,-0.09228986692802457,6.22617328651222e-11,5000,-0.1314659927324776,2.3498280379366357e-20,negated_raw_is_spoof,screen,1.1354107051658648e-10,6.565839673569312e-20
ASVspoof2021_DF,WhisperMFCCMesoNet,full_waveform,spectral_slope_db_per_khz,0,5000,-0.11058903150086952,4.436620177620891e-15,5000,-0.15549599866644717,6.344629603108213e-28,negated_raw_is_spoof,screen,9.173565413419195e-15,1.9876881553793565e-27
ASVspoof2021_DF,WhisperMFCCMesoNet,full_waveform,low_high_energy_ratio_db,0,5000,-0.05376371188112913,0.00014268392402036711,5000,0.010234424640092728,0.47361401516965207,negated_raw_is_spoof,screen,0.00020524489721619483,0.5273713640331503
ASVspoof2021_DF,WhisperMFCCMesoNet,full_waveform,spectral_flux,0,5000,0.1138901169185381,6.60931815918052e-16,5000,0.06362969932478732,8.206122184809368e-06,negated_raw_is_spoof,screen,1.3857915141869922e-15,1.55557520682423e-05
ASVspoof2021_DF,WhisperMFCCMesoNet,full_waveform,f0_median_hz,0,4992,0.13650221139352672,3.4110700595142715e-22,4992,0.008059074169786832,0.5728714301247703,negated_raw_is_spoof,screen,8.21591068098061e-22,0.6249506510452039
ASVspoof2021_DF,WhisperMFCCMesoNet,full_waveform,f0_iqr_hz,0,4992,0.08243653304685525,5.445618625301465e-09,4992,-0.03289734293596949,0.02132703442904997,negated_raw_is_spoof,screen,9.455957923004095e-09,0.02988898255750069
ASVspoof2021_DF,WhisperMFCCMesoNet,full_waveform,voiced_fraction,0,5000,-0.06563491464426847,3.4017887853923517e-06,5000,-0.029049759403072327,0.04190814238557235,negated_raw_is_spoof,screen,5.3473732486167494e-06,0.05610014279502912
ASVspoof2021_DF,WhisperMFCCMesoNet,full_waveform,hnr_db,0,4992,-0.019341883363068718,0.1718232727319437,4992,-0.037441198241390264,0.008784438558941838,negated_raw_is_spoof,screen,0.1905366984750267,0.012903044178380141
ASVspoof2021_DF,WhisperMFCCMesoNet,full_waveform,cpp_proxy_db,0,4992,0.053139744233484935,0.0001724757488000827,4992,-0.027105737344905536,0.057869535680395726,negated_raw_is_spoof,screen,0.00024686624748382444,0.07625162348475673
ASVspoof2021_DF,WhisperMFCCMesoNet,full_waveform,jitter_proxy,0,4992,0.02492762906170445,0.07822631301385204,4992,0.021841805550788327,0.12645038516526236,negated_raw_is_spoof,screen,0.0903231655417673,0.15838706212685238
ASVspoof2021_DF,WhisperMFCCMesoNet,full_waveform,shimmer_proxy_db,0,4992,0.08229664958738693,5.779445101379093e-09,4992,0.04955326737602661,0.0005225696040632123,negated_raw_is_spoof,screen,1.0009760587955544e-08,0.0008638789026580041
ASVspoof2021_DF,WhisperMFCCMesoNet,full_waveform,f0_delta_hz,0,4992,0.1393608923095582,4.497711314724023e-23,4992,0.0296311608172695,0.03812836419090512,negated_raw_is_spoof,screen,1.111199265990641e-22,0.051295817289866354
ASVspoof2021_DF,WhisperMFCCMesoNet,full_waveform,group_delay_var,0,5000,-0.05091612602308901,0.00031608254432422765,5000,-0.011893015733070977,0.4049841029800402,negated_raw_is_spoof,screen,0.00044436709160226146,0.4612700291569271
ASVspoof2021_DF,WhisperMFCCMesoNet,full_waveform,inst_freq_dispersion,0,5000,-0.01966399272406715,0.16445570233335732,5000,-0.02097760259007709,0.1418413687344769,negated_raw_is_spoof,screen,0.18336723591525989,0.17635041589189357
ASVspoof2021_DF,WhisperMFCCMesoNet,full_waveform,modulation_centroid_hz,0,5000,0.05178689002596137,0.0002488614915511491,5000,0.01249326284457293,0.3816905718998734,negated_raw_is_spoof,screen,0.0003520735206786783,0.4384548107978033
ASVspoof2021_DF,WhisperMFCCMesoNet,full_waveform,modulation_entropy,0,5000,0.02738075471254446,0.052868853386226496,5000,0.0031539430685081395,0.8252225627205889,negated_raw_is_spoof,screen,0.06238431865767201,0.8498843864340777
ASVspoof2021_DF,WhisperMFCCMesoNet,full_waveform,crest_factor_db,1,5000,0.14572672525805366,3.881925088804791e-25,5000,-0.05969993148987807,3.3192824966616975e-05,negated_raw_is_spoof,screen,1.0033283306449306e-24,6.09442032173951e-05
ASVspoof2021_DF,WhisperMFCCMesoNet,full_waveform,peak_dbfs,1,5000,0.02188115144229028,0.12185615479846895,5000,-0.00206726746292702,0.88582447414309,negated_raw_is_spoof,screen,0.13785746805483357,0.9051329583000302
ASVspoof2021_DF,WhisperMFCCMesoNet,full_waveform,rms_dbfs,1,5000,-0.14572384117793788,3.8903408417743414e-25,5000,0.05969219434062154,3.3271059441497094e-05,negated_raw_is_spoof,screen,1.0035735300085826e-24,6.10045073524858e-05
ASVspoof2021_DF,WhisperMFCCMesoNet,full_waveform,integrated_lufs,1,5000,-0.1577845649741036,3.0863586716389476e-29,5000,-0.035450427563516775,0.013763885969692358,negated_raw_is_spoof,screen,8.939797531643848e-29,0.019827076895248156
ASVspoof2021_DF,WhisperMFCCMesoNet,full_waveform,silence_fraction,1,5000,-0.03070601201281594,0.02991515107323237,5000,-0.04239425946085533,0.0032194237955281892,negated_raw_is_spoof,screen,0.036188985636745545,0.004928138475159324
ASVspoof2021_DF,WhisperMFCCMesoNet,full_waveform,clipping_fraction,1,5000,-0.188888395786323,2.2081754393731857e-41,5000,0.0253867857471151,0.07779676248633699,negated_raw_is_spoof,screen,7.648937604426706e-41,0.10063411817289404
ASVspoof2021_DF,WhisperMFCCMesoNet,full_waveform,frame_rms_cv,1,5000,0.018544197240438254,0.18983829289849907,5000,-0.09185257199439556,1.6216090109154734e-10,negated_raw_is_spoof,screen,0.20947673699144725,3.6939703570684684e-10
ASVspoof2021_DF,WhisperMFCCMesoNet,full_waveform,frame_rms_range_db,1,5000,-0.04083991968747773,0.003873286179925798,5000,-0.04566935916765292,0.0015046425696636082,negated_raw_is_spoof,screen,0.005024803692876711,0.0023903541532244556
ASVspoof2021_DF,WhisperMFCCMesoNet,full_waveform,spectral_centroid_hz,1,5000,0.005459619003170946,0.699526505203604,5000,0.02705618213538814,0.06015863509708576,negated_raw_is_spoof,screen,0.7204318950142864,0.07903539156449976
ASVspoof2021_DF,WhisperMFCCMesoNet,full_waveform,spectral_centroid_std_hz,1,5000,-0.020909718407399736,0.13931885592290438,5000,-0.015723556047289314,0.2747434305902235,negated_raw_is_spoof,screen,0.15655898190667517,0.3236241636400179
ASVspoof2021_DF,WhisperMFCCMesoNet,full_waveform,spectral_bandwidth_hz,1,5000,0.08350406010418698,3.3494978810034178e-09,5000,0.07113490361055598,7.528857105016556e-07,negated_raw_is_spoof,screen,5.8463963013877845e-09,1.496861530938203e-06
ASVspoof2021_DF,WhisperMFCCMesoNet,full_waveform,spectral_rolloff85_hz,1,5000,0.029644926818161076,0.03606893768179893,5000,0.052594306739464705,0.00025652301777196417,negated_raw_is_spoof,screen,0.0432441144017286,0.0004353117877342422
ASVspoof2021_DF,WhisperMFCCMesoNet,full_waveform,spectral_flatness,1,5000,0.14602888604519298,3.0931884311108104e-25,5000,0.05519183598839466,0.00012481387346497424,negated_raw_is_spoof,screen,8.041093329618819e-25,0.00022043343749924492
ASVspoof2021_DF,WhisperMFCCMesoNet,full_waveform,spectral_slope_db_per_khz,1,5000,0.025836190733168042,0.067738465335577,5000,0.01183496289712352,0.411037633403338,negated_raw_is_spoof,screen,0.07909687003563465,0.4673727405195315
ASVspoof2021_DF,WhisperMFCCMesoNet,full_waveform,low_high_energy_ratio_db,1,5000,-0.03625500870516131,0.010352778631965548,5000,-0.03814092511206503,0.008044882301193849,negated_raw_is_spoof,screen,0.013016028513902428,0.01192097223021448
ASVspoof2021_DF,WhisperMFCCMesoNet,full_waveform,spectral_flux,1,5000,-0.16657464899097268,1.9419715038674338e-32,5000,-0.05521208195451765,0.00012409980831581198,negated_raw_is_spoof,screen,5.945352394528089e-32,0.00021946071365322537
ASVspoof2021_DF,WhisperMFCCMesoNet,full_waveform,f0_median_hz,1,4970,-0.09267790864588775,5.90682233126712e-11,4970,-0.010703688948792355,0.4585906291519187,negated_raw_is_spoof,screen,1.0786371213618221e-10,0.5127668931615464
ASVspoof2021_DF,WhisperMFCCMesoNet,full_waveform,f0_iqr_hz,1,4970,-0.03006524720213524,0.0340488610249452,4970,-0.0673993594952747,2.979879844502841e-06,negated_raw_is_spoof,screen,0.040931725597071866,5.770833589354205e-06
ASVspoof2021_DF,WhisperMFCCMesoNet,full_waveform,voiced_fraction,1,5000,-0.12999195216895576,2.7393149869611756e-20,5000,0.042163471461257165,0.0033904987623604057,negated_raw_is_spoof,screen,6.336728644536695e-20,0.0051664743045491904
ASVspoof2021_DF,WhisperMFCCMesoNet,full_waveform,hnr_db,1,4970,-0.14748846854204326,1.4306302382376864e-25,4970,0.00959495239872582,0.5064393647199519,negated_raw_is_spoof,screen,3.755404375373927e-25,0.5597487715325784
ASVspoof2021_DF,WhisperMFCCMesoNet,full_waveform,cpp_proxy_db,1,4970,-0.1990237729159925,1.419780257623926e-45,4970,-0.09866354308728044,7.467646675075074e-12,negated_raw_is_spoof,screen,5.157255854720423e-45,1.7638870178033214e-11
ASVspoof2021_DF,WhisperMFCCMesoNet,full_waveform,jitter_proxy,1,4970,0.10694557137860558,4.0535610820118873e-14,4970,-0.03356223474359198,0.020094315859438005,negated_raw_is_spoof,screen,8.143476971934196e-14,0.02833867839987899
ASVspoof2021_DF,WhisperMFCCMesoNet,full_waveform,shimmer_proxy_db,1,4970,0.011140461280112372,0.4323307006684298,4970,0.0005006543405376977,0.9723456944221555,negated_raw_is_spoof,screen,0.46078704337697834,0.9800232359992799
ASVspoof2021_DF,WhisperMFCCMesoNet,full_waveform,f0_delta_hz,1,4970,0.03236919304276516,0.022489655820126703,4970,-0.053551461686114174,0.00020669468054563276,negated_raw_is_spoof,screen,0.027403533474388297,0.0003561508341709364
ASVspoof2021_DF,WhisperMFCCMesoNet,full_waveform,group_delay_var,1,5000,0.15190974091426465,3.378986220564482e-27,5000,0.03043871284512196,0.03445373436738132,negated_raw_is_spoof,screen,9.325169364350439e-27,0.04667925301387147
ASVspoof2021_DF,WhisperMFCCMesoNet,full_waveform,inst_freq_dispersion,1,5000,-0.046925250379727876,0.0009030322823340821,5000,-0.017621159314581483,0.22093847622597135,negated_raw_is_spoof,screen,0.0012321577537634581,0.26512617147116563
ASVspoof2021_DF,WhisperMFCCMesoNet,full_waveform,modulation_centroid_hz,1,5000,-0.004056497538844037,0.7742906145499162,5000,0.09394775194837009,6.153958438445024e-11,negated_raw_is_spoof,screen,0.7913662250609029,1.4186827000463314e-10
ASVspoof2021_DF,WhisperMFCCMesoNet,full_waveform,modulation_entropy,1,5000,0.1667548046142049,1.662433275235694e-32,5000,0.09739985188628845,1.190269791629019e-11,negated_raw_is_spoof,screen,5.112838265255772e-32,2.7967178320793735e-11
ASVspoof2021_DF,XLSR-SLS,full_waveform,crest_factor_db,0,5000,-0.4064107077806315,3.289082854561304e-198,5000,-0.5140612420011499,0.0,negated_raw_is_spoof,screen,3.6233830791232723e-197,0.0
ASVspoof2021_DF,XLSR-SLS,full_waveform,peak_dbfs,0,5000,0.18773026161316725,6.877970820996285e-41,5000,0.12027991101956555,2.852702792586081e-17,negated_raw_is_spoof,screen,2.3702545598510277e-40,7.373139525453255e-17
ASVspoof2021_DF,XLSR-SLS,full_waveform,rms_dbfs,0,5000,0.40642361419648204,3.187298043596115e-198,5000,0.5140725364538166,0.0,negated_raw_is_spoof,screen,3.540271545944776e-197,0.0
ASVspoof2021_DF,XLSR-SLS,full_waveform,integrated_lufs,0,5000,0.05164944885588077,0.00025849526636170995,5000,-0.12062283646180924,2.299204196966567e-17,negated_raw_is_spoof,screen,0.00036493449368711997,5.954008556306485e-17
ASVspoof2021_DF,XLSR-SLS,full_waveform,silence_fraction,0,5000,-0.3366250435763606,9.967663134424702e-133,5000,-0.4100120723046807,3.0559414965639186e-198,negated_raw_is_spoof,screen,8.320831833954533e-132,3.183864628978222e-197
ASVspoof2021_DF,XLSR-SLS,full_waveform,clipping_fraction,0,5000,0.3271978344474849,4.403296199779158e-125,5000,0.0426679391914492,0.0028000328668956074,negated_raw_is_spoof,screen,3.586684904547387e-124,0.004320601806093796
ASVspoof2021_DF,XLSR-SLS,full_waveform,frame_rms_cv,0,5000,-0.6569770213330667,0.0,5000,-0.5525686405224588,0.0,negated_raw_is_spoof,screen,0.0,0.0
ASVspoof2021_DF,XLSR-SLS,full_waveform,frame_rms_range_db,0,5000,-0.14587316612585852,3.4775029657312396e-25,5000,-0.463350435590814,1.1991198714192858e-259,negated_raw_is_spoof,screen,9.005325599119047e-25,1.8960201261029648e-258
ASVspoof2021_DF,XLSR-SLS,full_waveform,spectral_centroid_hz,0,5000,0.2314502068715171,8.562835433314173e-62,5000,0.16124195669883595,6.300327632976211e-30,negated_raw_is_spoof,screen,3.9144390552293366e-61,2.0354904660384682e-29
ASVspoof2021_DF,XLSR-SLS,full_waveform,spectral_centroid_std_hz,0,5000,0.2040874219545773,3.695506511785449e-48,5000,0.13126703380265464,2.6810823378280193e-20,negated_raw_is_spoof,screen,1.3912495103192278e-47,7.460403026999706e-20
ASVspoof2021_DF,XLSR-SLS,full_waveform,spectral_bandwidth_hz,0,5000,-0.15014056990830232,1.3405650639666187e-26,5000,-0.1519500581986719,1.0024097233669368e-26,negated_raw_is_spoof,screen,3.610660212367005e-26,3.104236562684708e-26
ASVspoof2021_DF,XLSR-SLS,full_waveform,spectral_rolloff85_hz,0,5000,0.19822982470382264,1.7608355910225256e-45,5000,0.1421004240267403,1.5185718150777255e-23,negated_raw_is_spoof,screen,6.361728586920092e-45,4.4955077521243684e-23
ASVspoof2021_DF,XLSR-SLS,full_waveform,spectral_flatness,0,5000,-0.45512095833166066,3.11071954724824e-254,5000,-0.4202507851964101,3.458852058899987e-209,negated_raw_is_spoof,screen,4.594293485166632e-253,3.718957733729266e-208
ASVspoof2021_DF,XLSR-SLS,full_waveform,spectral_slope_db_per_khz,0,5000,-0.3499838072103956,4.970919344381992e-144,5000,-0.34237261650373363,6.026806998159538e-135,negated_raw_is_spoof,screen,4.3666115025159455e-143,4.602288980412739e-134
ASVspoof2021_DF,XLSR-SLS,full_waveform,low_high_energy_ratio_db,0,5000,0.2258049106844562,7.931146580079228e-59,5000,0.20575476417886596,4.858581281773671e-48,negated_raw_is_spoof,screen,3.4055785954078216e-58,2.0342471161071068e-47
ASVspoof2021_DF,XLSR-SLS,full_waveform,spectral_flux,0,5000,0.25164287957441744,4.489433070124656e-73,5000,0.1877850822332968,3.621421915922821e-40,negated_raw_is_spoof,screen,2.3569523618154444e-72,1.3749127274012066e-39
ASVspoof2021_DF,XLSR-SLS,full_waveform,f0_median_hz,0,4992,0.19854424297793863,1.493845054987037e-45,4992,0.1927626546767009,3.321193380182551e-42,negated_raw_is_spoof,screen,5.4116651048587e-45,1.308998212013299e-41
ASVspoof2021_DF,XLSR-SLS,full_waveform,f0_iqr_hz,0,4992,-0.11422607438511442,5.725274397668065e-16,4992,-0.19415435460442693,8.386622739298082e-43,negated_raw_is_spoof,screen,1.204189169086992e-15,3.3347991010700064e-42
ASVspoof2021_DF,XLSR-SLS,full_waveform,voiced_fraction,0,5000,0.03859866673085767,0.00633972426729357,5000,0.16162046652364348,4.6213486644035156e-30,negated_raw_is_spoof,screen,0.008091727839736522,1.5075467487762925e-29
ASVspoof2021_DF,XLSR-SLS,full_waveform,hnr_db,0,4992,-0.1045525756456913,1.306375940597231e-13,4992,-0.02437922690397025,0.0880376169545164,negated_raw_is_spoof,screen,2.574441736308913e-13,0.11236710084223174
ASVspoof2021_DF,XLSR-SLS,full_waveform,cpp_proxy_db,0,4992,0.37672775855860013,4.2007074940649634e-168,4992,0.332891370035163,4.9008752472255725e-127,negated_raw_is_spoof,screen,3.975880895791064e-167,3.5412775979952524e-126
ASVspoof2021_DF,XLSR-SLS,full_waveform,jitter_proxy,0,4992,-0.3123928267181471,1.9541666444402096e-113,4992,-0.3335440219149451,1.4769180170456779e-127,negated_raw_is_spoof,screen,1.4922727102997965e-112,1.0729609810321035e-126
ASVspoof2021_DF,XLSR-SLS,full_waveform,shimmer_proxy_db,0,4992,-0.03031097846022317,0.03222969325947545,4992,-0.06359649059214524,8.437786572953622e-06,negated_raw_is_spoof,screen,0.038814254247970435,1.5972373456407982e-05
ASVspoof2021_DF,XLSR-SLS,full_waveform,f0_delta_hz,0,4992,-0.04668492070949474,0.000968733240581505,4992,-0.25204121644814537,7.78839598280194e-72,negated_raw_is_spoof,screen,0.0013191261148343897,4.137392964776999e-71
ASVspoof2021_DF,XLSR-SLS,full_waveform,group_delay_var,0,5000,-0.5872457705671964,0.0,5000,-0.4819759923621859,8.303141353126432e-284,negated_raw_is_spoof,screen,0.0,1.6655853699405857e-282
ASVspoof2021_DF,XLSR-SLS,full_waveform,inst_freq_dispersion,0,5000,0.15105578717704404,6.585307583434511e-27,5000,0.10395745093132387,2.906477003512673e-13,negated_raw_is_spoof,screen,1.7952643797436073e-26,7.063842843980167e-13
ASVspoof2021_DF,XLSR-SLS,full_waveform,modulation_centroid_hz,0,5000,0.536415534106188,0.0,5000,0.4116354133744185,5.956838041005325e-200,negated_raw_is_spoof,screen,0.0,6.254679943055591e-199
ASVspoof2021_DF,XLSR-SLS,full_waveform,modulation_entropy,0,5000,0.15952333915212458,7.421770927925994e-30,5000,0.23810665351107113,3.454753455252068e-64,negated_raw_is_spoof,screen,2.1731721409874807e-29,1.7260924326612562e-63
ASVspoof2021_DF,XLSR-SLS,full_waveform,crest_factor_db,1,5000,-0.1289714193178099,5.4038440039383235e-20,5000,-0.4107693271435849,6.639688016606521e-196,negated_raw_is_spoof,screen,1.2436243735090936e-19,6.86441591870705e-195
ASVspoof2021_DF,XLSR-SLS,full_waveform,peak_dbfs,1,5000,-0.14588766213160934,3.439815767457189e-25,5000,-0.015207171352753087,0.29081737067446967,negated_raw_is_spoof,screen,8.92492739664568e-25,0.340469116887184
ASVspoof2021_DF,XLSR-SLS,full_waveform,rms_dbfs,1,5000,0.1289598562133446,5.445434043727742e-20,5000,0.41076485302141363,6.710968249430696e-196,negated_raw_is_spoof,screen,1.2510535649179632e-19,6.885146051324318e-195
ASVspoof2021_DF,XLSR-SLS,full_waveform,integrated_lufs,1,5000,0.018525560473468553,0.19028387293632448,5000,0.17049117693423627,8.18269656238495e-33,negated_raw_is_spoof,screen,0.209796165074996,2.777157621173074e-32
ASVspoof2021_DF,XLSR-SLS,full_waveform,silence_fraction,1,5000,-0.1550481518018581,2.8137699649938303e-28,5000,-0.40138660768092843,2.4716305016080014e-186,negated_raw_is_spoof,screen,8.04618475096108e-28,2.3393460522261646e-185
ASVspoof2021_DF,XLSR-SLS,full_waveform,clipping_fraction,1,5000,-0.05994760948218842,2.2184179856153723e-05,5000,0.000492131567161337,0.9727313964457138,negated_raw_is_spoof,screen,3.346300530490528e-05,0.9800232359992799
ASVspoof2021_DF,XLSR-SLS,full_waveform,frame_rms_cv,1,5000,-0.39767349861038154,4.183605306442551e-189,5000,-0.5226924772091421,0.0,negated_raw_is_spoof,screen,4.292187428899839e-188,0.0
ASVspoof2021_DF,XLSR-SLS,full_waveform,frame_rms_range_db,1,5000,-0.12217545784434042,4.342361866336981e-18,5000,-0.377138351519831,5.447974336376901e-163,negated_raw_is_spoof,screen,9.505104801884205e-18,4.63422627094339e-162
ASVspoof2021_DF,XLSR-SLS,full_waveform,spectral_centroid_hz,1,5000,0.0645715183263579,4.888349074036824e-06,5000,0.08576827782082654,2.3967039001832708e-09,negated_raw_is_spoof,screen,7.621741479704746e-06,5.2291721458544085e-09
ASVspoof2021_DF,XLSR-SLS,full_waveform,spectral_centroid_std_hz,1,5000,0.07304705708341358,2.3306389120279436e-07,5000,0.09831898722009841,7.610700265566638e-12,negated_raw_is_spoof,screen,3.8153211909446483e-07,1.794523009986239e-11
ASVspoof2021_DF,XLSR-SLS,full_waveform,spectral_bandwidth_hz,1,5000,-0.07059934066491748,5.819436830664908e-07,5000,-0.057870666242422694,5.7464355400796714e-05,negated_raw_is_spoof,screen,9.411941155732414e-07,0.0001042268470427406
ASVspoof2021_DF,XLSR-SLS,full_waveform,spectral_rolloff85_hz,1,5000,0.05237536324095376,0.00021129526518342843,5000,0.06160633455019653,1.8425787759485736e-05,negated_raw_is_spoof,screen,0.00030050882159420934,3.434709951282778e-05
ASVspoof2021_DF,XLSR-SLS,full_waveform,spectral_flatness,1,5000,-0.2443598268047687,6.957030976441165e-69,5000,-0.2476155210931725,2.34943910172564e-68,negated_raw_is_spoof,screen,3.4249998653248813e-68,1.223893857643124e-67
ASVspoof2021_DF,XLSR-SLS,full_waveform,spectral_slope_db_per_khz,1,5000,-0.15546721830400084,2.0110370574060138e-28,5000,-0.17795355748782588,1.233995067753363e-35,negated_raw_is_spoof,screen,5.7629718659993235e-28,4.3644457133171576e-35
ASVspoof2021_DF,XLSR-SLS,full_waveform,low_high_energy_ratio_db,1,5000,0.07846511960920273,2.7681644348715108e-08,5000,0.0785581082152366,4.629463285669926e-08,negated_raw_is_spoof,screen,4.7034298362418596e-08,9.706706171513855e-08
ASVspoof2021_DF,XLSR-SLS,full_waveform,spectral_flux,1,5000,0.11528109847891141,2.913844466243765e-16,5000,0.12560612839863117,1.967501687568045e-18,negated_raw_is_spoof,screen,6.176982590901609e-16,5.278088359463977e-18
ASVspoof2021_DF,XLSR-SLS,full_waveform,f0_median_hz,1,4970,0.10107534394574114,9.18912456131138e-13,4970,0.08659542339304954,1.885736229130438e-09,negated_raw_is_spoof,screen,1.7795653329110223e-12,4.1480024418188364e-09
ASVspoof2021_DF,XLSR-SLS,full_waveform,f0_iqr_hz,1,4970,0.025810862519685937,0.06884045148563545,4970,-0.0862450317790447,2.1912283781640457e-09,negated_raw_is_spoof,screen,0.08031386006657468,4.78863567520728e-09
ASVspoof2021_DF,XLSR-SLS,full_waveform,voiced_fraction,1,5000,0.10781968173354996,2.0993912337303083e-14,5000,0.21429555674999157,2.9701434800015803e-51,negated_raw_is_spoof,screen,4.2366093365368385e-14,1.3218121977225574e-50
ASVspoof2021_DF,XLSR-SLS,full_waveform,hnr_db,1,4970,0.04785821583339434,0.0007381447022913592,4970,0.05294834837435438,0.00024365302959113418,negated_raw_is_spoof,screen,0.001012312734571007,0.0004155706494549294
ASVspoof2021_DF,XLSR-SLS,full_waveform,cpp_proxy_db,1,4970,0.25198146675035277,7.632397032872104e-73,4970,0.13138406492603025,6.422676838432169e-20,negated_raw_is_spoof,screen,3.9914169697198863e-72,1.7761476688997605e-19
ASVspoof2021_DF,XLSR-SLS,full_waveform,jitter_proxy,1,4970,-0.05602136919514356,7.765734779433591e-05,4970,-0.12992652519219394,1.6440202168415474e-19,negated_raw_is_spoof,screen,0.00011394265877247539,4.518534092914192e-19
ASVspoof2021_DF,XLSR-SLS,full_waveform,shimmer_proxy_db,1,4970,-0.12938030206184792,5.3212653303082675e-20,4970,-0.11517157452260689,1.2302705642185178e-15,negated_raw_is_spoof,screen,1.2267205152545989e-19,3.0620067376105332e-15
ASVspoof2021_DF,XLSR-SLS,full_waveform,f0_delta_hz,1,4970,0.05632573508906445,7.096714949120122e-05,4970,-0.07276294614434525,4.536071605323486e-07,negated_raw_is_spoof,screen,0.00010435432047721493,9.18144614089573e-07
ASVspoof2021_DF,XLSR-SLS,full_waveform,group_delay_var,1,5000,-0.173284444620966,5.281956147976042e-35,5000,-0.25141773998579675,1.755432757497817e-70,negated_raw_is_spoof,screen,1.6902259673523335e-34,9.21602197686354e-70
ASVspoof2021_DF,XLSR-SLS,full_waveform,inst_freq_dispersion,1,5000,-0.0304226254360466,0.03146321800009744,5000,0.004610883111446377,0.7487657211625894,negated_raw_is_spoof,screen,0.03795921453512653,0.7877150251935127
ASVspoof2021_DF,XLSR-SLS,full_waveform,modulation_centroid_hz,1,5000,0.1517810513396695,3.7373606601012694e-27,5000,0.23332247693952873,1.0997316874878883e-60,negated_raw_is_spoof,screen,1.0293058867164151e-26,5.259926647628903e-60
ASVspoof2021_DF,XLSR-SLS,full_waveform,modulation_entropy,1,5000,0.17855337219298767,4.302686385243223e-37,5000,0.19468035628346944,1.9358849909407193e-42,negated_raw_is_spoof,screen,1.4243375620115497e-36,7.652439493600962e-42
ASVspoof2021_DF,AASIST,preemphasized_crop,crest_factor_db,0,5000,-0.1625599572341026,5.925196444638976e-31,5000,0.06834516832727416,1.6596488892903277e-06,negated_raw_is_spoof,screen,1.761828323361678e-30,3.2563038061404386e-06
ASVspoof2021_DF,AASIST,preemphasized_crop,peak_dbfs,0,5000,0.13918182288224892,4.724234003654459e-23,5000,0.28090472649371384,1.2489591466363725e-89,negated_raw_is_spoof,screen,1.165022110259008e-22,7.527359161790514e-89
ASVspoof2021_DF,AASIST,preemphasized_crop,rms_dbfs,0,5000,0.42580661200692255,2.026872847239067e-219,5000,0.4537569509435046,8.907847062129316e-248,negated_raw_is_spoof,screen,2.5699217987634966e-218,1.2602259422633475e-246
ASVspoof2021_DF,AASIST,preemphasized_crop,integrated_lufs,0,5000,0.04545901492563365,0.001303099779250786,5000,0.040675491487696766,0.004379071483955454,negated_raw_is_spoof,screen,0.001763712087928556,0.006612889971276551
ASVspoof2021_DF,AASIST,preemphasized_crop,silence_fraction,0,5000,-0.5813142438311224,0.0,5000,-0.508153468672773,0.0,negated_raw_is_spoof,screen,0.0,0.0
ASVspoof2021_DF,AASIST,preemphasized_crop,clipping_fraction,0,5000,0.30109643717703016,2.6982117122028096e-105,5000,0.3367121408185991,2.5894229295691252e-130,negated_raw_is_spoof,screen,1.9392494872730352e-104,1.9227538217353062e-129
ASVspoof2021_DF,AASIST,preemphasized_crop,frame_rms_cv,0,5000,-0.5921000443826329,0.0,5000,-0.490236162671598,5.2003861396867395e-295,negated_raw_is_spoof,screen,0.0,1.1457899953670455e-293
ASVspoof2021_DF,AASIST,preemphasized_crop,frame_rms_range_db,0,5000,-0.26396526328161607,1.7571641326267946e-80,5000,-0.41711927451432507,8.461164961428793e-206,negated_raw_is_spoof,screen,1.013574503970134e-79,9.025242625524045e-205
ASVspoof2021_DF,AASIST,preemphasized_crop,spectral_centroid_hz,0,5000,-0.3705333228640113,1.5964140728664876e-162,5000,-0.26487354662775164,1.540070976171531e-79,negated_raw_is_spoof,screen,1.459578580906503e-161,8.51792342376353e-79
ASVspoof2021_DF,AASIST,preemphasized_crop,spectral_centroid_std_hz,0,5000,0.25642741051555923,6.665082028762006e-76,5000,0.12234609148172494,8.060255007187249e-18,negated_raw_is_spoof,screen,3.656273570063729e-75,2.128287373214079e-17
ASVspoof2021_DF,AASIST,preemphasized_crop,spectral_bandwidth_hz,0,5000,-0.536497503546528,0.0,5000,-0.4308769758273462,5.873054715126926e-221,negated_raw_is_spoof,screen,0.0,7.0476656581523106e-220
ASVspoof2021_DF,AASIST,preemphasized_crop,spectral_rolloff85_hz,0,5000,-0.4588265802275317,6.97460785187731e-259,5000,-0.33546583686717185,2.6320950416351568e-129,negated_raw_is_spoof,screen,1.0532441520138318e-257,1.9225737695422017e-128
ASVspoof2021_DF,AASIST,preemphasized_crop,spectral_flatness,0,5000,-0.4633564911276213,1.205866279088844e-264,5000,-0.3574936847438741,8.337288867365787e-148,negated_raw_is_spoof,screen,1.9293860465421505e-263,6.750190504662421e-147
ASVspoof2021_DF,AASIST,preemphasized_crop,spectral_slope_db_per_khz,0,5000,-0.254675958317375,7.348161486988063e-75,5000,-0.18308893480230962,3.091122667486925e-38,negated_raw_is_spoof,screen,3.966236561651388e-74,1.1351007828148706e-37
ASVspoof2021_DF,AASIST,preemphasized_crop,low_high_energy_ratio_db,0,5000,0.3020124914942446,5.890802176100789e-106,5000,0.21772052905829642,1.0323217445793572e-53,negated_raw_is_spoof,screen,4.279588175502411e-105,4.703187880388665e-53
ASVspoof2021_DF,AASIST,preemphasized_crop,spectral_flux,0,5000,0.5590547978532784,0.0,5000,0.4204893762643517,1.9023049532381107e-209,negated_raw_is_spoof,screen,0.0,2.0618531106064686e-208
ASVspoof2021_DF,AASIST,preemphasized_crop,f0_median_hz,0,3742,0.04359711300520561,0.007646454104505469,3742,0.00576020128540442,0.7280320906614545,negated_raw_is_spoof,screen,0.009741075181474265,0.7680338538846113
ASVspoof2021_DF,AASIST,preemphasized_crop,f0_iqr_hz,0,3742,0.019972515509024888,0.2219080631124413,3742,-0.07083814190449833,1.8534038056416284e-05,negated_raw_is_spoof,screen,0.24306800067084033,3.450103483078045e-05
ASVspoof2021_DF,AASIST,preemphasized_crop,voiced_fraction,0,5000,0.09794570496593608,3.899712706845354e-12,5000,0.056018416699500216,8.659589018674105e-05,negated_raw_is_spoof,screen,7.381991377465008e-12,0.00015517983521463996
ASVspoof2021_DF,AASIST,preemphasized_crop,hnr_db,0,3742,-0.07523476156682543,4.080383736317861e-06,3742,-0.0323867749519844,0.05050136320762321,negated_raw_is_spoof,screen,6.391650048497908e-06,0.0669367180976781
ASVspoof2021_DF,AASIST,preemphasized_crop,cpp_proxy_db,0,3742,0.12518548481643413,1.5237164391017966e-14,3742,0.07602704354711286,4.298888225606521e-06,negated_raw_is_spoof,screen,3.088800745328529e-14,8.25386539316452e-06
ASVspoof2021_DF,AASIST,preemphasized_crop,jitter_proxy,0,3742,0.028296389879126842,0.08350317173232984,3742,-0.061680416828095885,0.00019363652266706332,negated_raw_is_spoof,screen,0.09592159214380454,0.00033493885001870414
ASVspoof2021_DF,AASIST,preemphasized_crop,shimmer_proxy_db,0,3742,0.0765762234357266,2.736940493454889e-06,3742,0.03546123863183558,0.03223715166031053,negated_raw_is_spoof,screen,4.312365795080154e-06,0.043897398005529234
ASVspoof2021_DF,AASIST,preemphasized_crop,f0_delta_hz,0,3742,0.05764777042574768,0.00041842906368963376,3742,-0.05875072322358987,0.000385480618620739,negated_raw_is_spoof,screen,0.0005839757649001743,0.0006459924581374977
ASVspoof2021_DF,AASIST,preemphasized_crop,group_delay_var,0,5000,-0.6268815192163962,0.0,5000,-0.5546785895389214,0.0,negated_raw_is_spoof,screen,0.0,0.0
ASVspoof2021_DF,AASIST,preemphasized_crop,inst_freq_dispersion,0,5000,0.14802338798284936,6.823996372572099e-26,5000,0.07058771082506882,7.475939299599304e-07,negated_raw_is_spoof,screen,1.808964718883018e-25,1.4885425805424392e-06
ASVspoof2021_DF,AASIST,preemphasized_crop,modulation_centroid_hz,0,5000,0.4058640533677843,1.2438273579537551e-197,5000,0.4588282561293292,5.271676487334602e-254,negated_raw_is_spoof,screen,1.359108917959225e-196,8.238526975555471e-253
ASVspoof2021_DF,AASIST,preemphasized_crop,modulation_entropy,0,5000,0.25251638994283676,1.3813680837100748e-73,5000,0.335854351414086,1.2789585624616621e-129,negated_raw_is_spoof,screen,7.33817669765352e-73,9.444617076639965e-129
ASVspoof2021_DF,AASIST,preemphasized_crop,crest_factor_db,1,5000,-0.07580392738779566,8.026614718665277e-08,5000,0.1038599064325146,4.705819345858272e-13,negated_raw_is_spoof,screen,1.3400956747684634e-07,1.1416283756017179e-12
ASVspoof2021_DF,AASIST,preemphasized_crop,peak_dbfs,1,5000,-0.06840379364528527,1.2896625178871408e-06,5000,0.11250366439802752,4.532544075744269e-15,negated_raw_is_spoof,screen,2.0585586983851746e-06,1.1218672629466478e-14
ASVspoof2021_DF,AASIST,preemphasized_crop,rms_dbfs,1,5000,0.02286766339580418,0.10592251841825298,5000,0.07157037892247245,6.438961170613117e-07,negated_raw_is_spoof,screen,0.1205417991144217,1.2858787241164977e-06
ASVspoof2021_DF,AASIST,preemphasized_crop,integrated_lufs,1,5000,0.03502556213870371,0.013255801956667538,5000,0.0618374646877073,1.7102547077792576e-05,negated_raw_is_spoof,screen,0.01654205926625921,3.196915615097806e-05
ASVspoof2021_DF,AASIST,preemphasized_crop,silence_fraction,1,5000,0.15629075760464997,1.0365181128040762e-28,5000,-0.09198111173447815,1.528961816278768e-10,negated_raw_is_spoof,screen,2.9830414210035937e-28,3.4888364704221804e-10
ASVspoof2021_DF,AASIST,preemphasized_crop,clipping_fraction,1,5000,0.021317723983876352,0.13176322179183017,5000,0.1908976489614001,7.628818386333737e-41,negated_raw_is_spoof,screen,0.14819227622445166,2.954793057992087e-40
ASVspoof2021_DF,AASIST,preemphasized_crop,frame_rms_cv,1,5000,0.15855341574174717,1.6467629685684283e-29,5000,-0.04809973762742742,0.0008291485460829299,negated_raw_is_spoof,screen,4.7905831812899736e-29,0.001342621260163202
ASVspoof2021_DF,AASIST,preemphasized_crop,frame_rms_range_db,1,5000,0.19411673505398694,1.1919360799047393e-43,5000,-0.06689588183920743,3.2919897188014894e-06,negated_raw_is_spoof,screen,4.215689714189394e-43,6.347825225350361e-06
ASVspoof2021_DF,AASIST,preemphasized_crop,spectral_centroid_hz,1,5000,-0.014797260064600668,0.295505654899092,5000,-0.024875326486840602,0.08397509233556161,negated_raw_is_spoof,screen,0.3195169752086722,0.10810586599520575
ASVspoof2021_DF,AASIST,preemphasized_crop,spectral_centroid_std_hz,1,5000,0.04300611378630884,0.0023529443553350292,5000,0.0018638819121225354,0.8969914745543965,negated_raw_is_spoof,screen,0.0031310467461091876,0.9153808214131427
ASVspoof2021_DF,AASIST,preemphasized_crop,spectral_bandwidth_hz,1,5000,-0.06506041359753943,4.140662461821891e-06,5000,-0.04891921454005877,0.0006741131487817599,negated_raw_is_spoof,screen,6.4785219425944385e-06,0.0011035421095769613
ASVspoof2021_DF,AASIST,preemphasized_crop,spectral_rolloff85_hz,1,5000,-0.03413152720569001,0.015797388949878564,5000,-0.038181864006440205,0.0079773494216558,negated_raw_is_spoof,screen,0.019514421643967637,0.011847024997464525
ASVspoof2021_DF,AASIST,preemphasized_crop,spectral_flatness,1,5000,-0.14770966513147665,8.667368177756541e-26,5000,-0.03228084327312035,0.02491182318092216,negated_raw_is_spoof,screen,2.2885938764056565e-25,0.03451700036614369
ASVspoof2021_DF,AASIST,preemphasized_crop,spectral_slope_db_per_khz,1,5000,-0.044484560165517655,0.0016534781622088413,5000,-0.005311108951352161,0.712198607084586,negated_raw_is_spoof,screen,0.0022267281062211246,0.7549873967561196
ASVspoof2021_DF,AASIST,preemphasized_crop,low_high_energy_ratio_db,1,5000,0.09416980495757242,2.5238141561140843e-11,5000,0.051692532083805046,0.0003270255603956676,negated_raw_is_spoof,screen,4.6657582198312646e-11,0.0005514709575555549
ASVspoof2021_DF,AASIST,preemphasized_crop,spectral_flux,1,5000,0.20420573003893203,3.2562665571073915e-48,5000,0.07822896740234385,5.2680580277790085e-08,negated_raw_is_spoof,screen,1.2327950007753054e-47,1.1011306359774475e-07
ASVspoof2021_DF,AASIST,preemphasized_crop,f0_median_hz,1,3986,-0.007124261734012423,0.6529604459693655,3986,-0.007516232636054927,0.6426199348280507,negated_raw_is_spoof,screen,0.676622081251216,0.6903926398152679
ASVspoof2021_DF,AASIST,preemphasized_crop,f0_iqr_hz,1,3986,0.02846414924339809,0.07235497181078285,3986,-0.02874945962627163,0.07585128689995509,negated_raw_is_spoof,screen,0.08415322103526385,0.09830677877872675
ASVspoof2021_DF,AASIST,preemphasized_crop,voiced_fraction,1,5000,0.11534387985699053,2.80744173423614e-16,5000,0.03232768558174705,0.024702504844741995,negated_raw_is_spoof,screen,5.960824156103274e-16,0.034291022138088705
ASVspoof2021_DF,AASIST,preemphasized_crop,hnr_db,1,3986,-0.03988453025908013,0.011791843960105715,3986,0.027575042689242758,0.08861790688759606,negated_raw_is_spoof,screen,0.014756330682152746,0.11300044293826292
ASVspoof2021_DF,AASIST,preemphasized_crop,cpp_proxy_db,1,3986,0.16863837478667562,8.158768727761166e-27,3986,0.022595686137946745,0.1629628232351173,negated_raw_is_spoof,screen,2.2107631391352838e-26,0.20093764626421803
ASVspoof2021_DF,AASIST,preemphasized_crop,jitter_proxy,1,3986,0.09907844999701705,3.639278721136109e-10,3986,0.005962961369342896,0.7127683328546551,negated_raw_is_spoof,screen,6.495605048083574e-10,0.7549873967561196
ASVspoof2021_DF,AASIST,preemphasized_crop,shimmer_proxy_db,1,3986,0.1567025653915279,2.476212021946174e-23,3986,0.03442050104432076,0.033531558259079386,negated_raw_is_spoof,screen,6.163016587954921e-23,0.045567658544188774
ASVspoof2021_DF,AASIST,preemphasized_crop,f0_delta_hz,1,3986,0.03548130973419495,0.02508395962900215,3986,0.01267679894502277,0.4338248102098567,negated_raw_is_spoof,screen,0.030454238248761416,0.48873474008553847
ASVspoof2021_DF,AASIST,preemphasized_crop,group_delay_var,1,5000,-0.09253044980165945,5.55219951778474e-11,5000,-0.10958127392895585,2.2693821673277765e-14,negated_raw_is_spoof,screen,1.0154885239995068e-10,5.5657840016214087e-14
ASVspoof2021_DF,AASIST,preemphasized_crop,inst_freq_dispersion,1,5000,-0.04272350669169039,0.0025141566822256467,5000,0.011159125160806544,0.4382678228991898,negated_raw_is_spoof,screen,0.0033323733539558868,0.49291376901800094
ASVspoof2021_DF,AASIST,preemphasized_crop,modulation_centroid_hz,1,5000,-0.06960330998747334,8.374048773417844e-07,5000,0.08835636337243677,7.790411858744786e-10,negated_raw_is_spoof,screen,1.344650125624084e-06,1.7392547405569756e-09
ASVspoof2021_DF,AASIST,preemphasized_crop,modulation_entropy,1,5000,-0.1709349889736044,4.296893971495583e-34,5000,0.038662220614546265,0.007222032145809669,negated_raw_is_spoof,screen,1.3592535587902125e-33,0.010760988031006868
ASVspoof2021_DF,RawBMamba,preemphasized_crop,crest_factor_db,0,5000,-0.2745972431438897,3.3670894478668852e-87,5000,-0.1141222132244683,1.0853976131814734e-15,negated_raw_is_spoof,screen,2.0569855536059515e-86,2.706445996504453e-15
ASVspoof2021_DF,RawBMamba,preemphasized_crop,peak_dbfs,0,5000,0.0044625256228921495,0.7524041518633109,5000,0.057215894674737054,6.086838398984203e-05,negated_raw_is_spoof,screen,0.7713433868072386,0.00011010377938404804
ASVspoof2021_DF,RawBMamba,preemphasized_crop,rms_dbfs,0,5000,0.3825432116537284,5.63973477510093e-174,5000,0.4009680862167763,6.926754299491135e-189,negated_raw_is_spoof,screen,5.453096070313417e-173,6.746056361243541e-188
ASVspoof2021_DF,RawBMamba,preemphasized_crop,integrated_lufs,0,5000,0.022438129953525194,0.1126444300334953,5000,0.018766099607040444,0.18877495078084047,negated_raw_is_spoof,screen,0.12808300673859363,0.2300213362189026
ASVspoof2021_DF,RawBMamba,preemphasized_crop,silence_fraction,0,5000,-0.54219108600966,0.0,5000,-0.4650831699194073,7.83404832325469e-262,negated_raw_is_spoof,screen,0.0,1.299871721784482e-260
ASVspoof2021_DF,RawBMamba,preemphasized_crop,clipping_fraction,0,5000,0.10634762954660644,4.7206164697281075e-14,5000,0.04959704783054634,0.0005112012478499217,negated_raw_is_spoof,screen,9.441232939456215e-14,0.0008461262033378013
ASVspoof2021_DF,RawBMamba,preemphasized_crop,frame_rms_cv,0,5000,-0.5634808202672328,0.0,5000,-0.46348308890399376,8.166581753530195e-260,negated_raw_is_spoof,screen,0.0,1.3066530805648311e-258
ASVspoof2021_DF,RawBMamba,preemphasized_crop,frame_rms_range_db,0,5000,-0.23129462672378504,1.0362439761086789e-61,5000,-0.4235349077842256,8.838658856730477e-213,negated_raw_is_spoof,screen,4.7210573013222525e-61,9.899297919538134e-212
ASVspoof2021_DF,RawBMamba,preemphasized_crop,spectral_centroid_hz,0,5000,-0.3738992610039704,1.1025530453800668e-165,5000,-0.23084559309157004,2.443689611598764e-60,negated_raw_is_spoof,screen,1.0290495090213955e-164,1.1564502950664572e-59
ASVspoof2021_DF,RawBMamba,preemphasized_crop,spectral_centroid_std_hz,0,5000,0.24576424947856992,1.1095868484120322e-69,5000,0.11865871239128059,7.575013989986069e-17,negated_raw_is_spoof,screen,5.543809383887625e-69,1.9429043516300146e-16
ASVspoof2021_DF,RawBMamba,preemphasized_crop,spectral_bandwidth_hz,0,5000,-0.5177923429196937,0.0,5000,-0.4038717527039386,7.387141798616177e-192,negated_raw_is_spoof,screen,0.0,7.46490118597003e-191
ASVspoof2021_DF,RawBMamba,preemphasized_crop,spectral_rolloff85_hz,0,5000,-0.4556429511729929,6.94076753393896e-255,5000,-0.30075787951490374,4.312551014956987e-103,negated_raw_is_spoof,screen,1.0364879517348847e-253,2.773238547417316e-102
ASVspoof2021_DF,RawBMamba,preemphasized_crop,spectral_flatness,0,5000,-0.46740067610402697,7.292651344803207e-270,5000,-0.37892252791572256,2.8606528004219776e-167,negated_raw_is_spoof,screen,1.2100399268414211e-268,2.480462815333637e-166
ASVspoof2021_DF,RawBMamba,preemphasized_crop,spectral_slope_db_per_khz,0,5000,-0.2552055610882224,3.5632047072896103e-75,5000,-0.18190857120519321,9.276586623836795e-38,negated_raw_is_spoof,screen,1.931027067176305e-74,3.3515409737732933e-37
ASVspoof2021_DF,RawBMamba,preemphasized_crop,low_high_energy_ratio_db,0,5000,0.2981900638316025,3.251376692293817e-103,5000,0.17457253744499102,7.256548176051153e-35,negated_raw_is_spoof,screen,2.264171126654347e-102,2.5397918616179036e-34
ASVspoof2021_DF,RawBMamba,preemphasized_crop,spectral_flux,0,5000,0.5336660478362578,0.0,5000,0.3870332683873136,4.9657983131491465e-175,negated_raw_is_spoof,screen,0.0,4.479216733471445e-174
ASVspoof2021_DF,RawBMamba,preemphasized_crop,f0_median_hz,0,3742,0.017887005630482587,0.2739971427915084,3742,0.005551748593573892,0.7375044316861467,negated_raw_is_spoof,screen,0.29697754831595746,0.7774164362244558
ASVspoof2021_DF,RawBMamba,preemphasized_crop,f0_iqr_hz,0,3742,-0.008097829711587564,0.620457425889116,3742,-0.025446647545853365,0.1244267966452889,negated_raw_is_spoof,screen,0.6454293965905356,0.1561434310842841
ASVspoof2021_DF,RawBMamba,preemphasized_crop,voiced_fraction,0,5000,0.08865581720631158,3.391973598884847e-10,5000,0.06980202160244077,9.913038624682616e-07,negated_raw_is_spoof,screen,6.070322925301243e-10,1.9621684700402703e-06
ASVspoof2021_DF,RawBMamba,preemphasized_crop,hnr_db,0,3742,-0.0490717845113191,0.002676666215333824,3742,-0.015086405447474065,0.3623936374316273,negated_raw_is_spoof,screen,0.0035338304453916107,0.4198767661276785
ASVspoof2021_DF,RawBMamba,preemphasized_crop,cpp_proxy_db,0,3742,0.06644367720792152,4.749522086481101e-05,3742,0.10178849029937759,7.231111259671746e-10,negated_raw_is_spoof,screen,7.053433905227181e-05,1.6197689221664708e-09
ASVspoof2021_DF,RawBMamba,preemphasized_crop,jitter_proxy,0,3742,0.023493757162145964,0.1507533260457899,3742,-0.04064893813615653,0.014089297209091762,negated_raw_is_spoof,screen,0.1685627871926303,0.02023078573613176
ASVspoof2021_DF,RawBMamba,preemphasized_crop,shimmer_proxy_db,0,3742,0.02488114898869705,0.12807074530155127,3742,0.009936075631454204,0.5486044357750589,negated_raw_is_spoof,screen,0.1446446064582226,0.6018974381074932
ASVspoof2021_DF,RawBMamba,preemphasized_crop,f0_delta_hz,0,3742,0.0411640990151622,0.011791889250470275,3742,-0.020663199170288468,0.21219069137199406,negated_raw_is_spoof,screen,0.014756330682152746,0.25623026882655886
ASVspoof2021_DF,RawBMamba,preemphasized_crop,group_delay_var,0,5000,-0.5833181966447277,0.0,5000,-0.5297077114659505,0.0,negated_raw_is_spoof,screen,0.0,0.0
ASVspoof2021_DF,RawBMamba,preemphasized_crop,inst_freq_dispersion,0,5000,0.15487371104664535,3.2351017363706744e-28,5000,0.04814288812140799,0.0007440326505141263,negated_raw_is_spoof,screen,9.231373107605491e-28,0.001213567818314303
ASVspoof2021_DF,RawBMamba,preemphasized_crop,modulation_centroid_hz,0,5000,0.3432482610259304,2.914086322047536e-138,5000,0.37447467311471455,4.1621174969766816e-163,negated_raw_is_spoof,screen,2.4946063801476994e-137,3.5629846598322675e-162
ASVspoof2021_DF,RawBMamba,preemphasized_crop,modulation_entropy,0,5000,0.213234301425372,1.649349904792886e-52,5000,0.25239391274664996,3.7513754028884083e-72,negated_raw_is_spoof,screen,6.5390155517452465e-52,2.0007335482071514e-71
ASVspoof2021_DF,RawBMamba,preemphasized_crop,crest_factor_db,1,5000,-0.059440452031324365,2.6022630114635917e-05,5000,0.05928230984241088,3.767531599853617e-05,negated_raw_is_spoof,screen,3.9121269434083524e-05,6.889200639732328e-05
ASVspoof2021_DF,RawBMamba,preemphasized_crop,peak_dbfs,1,5000,-0.13034136370893648,2.16809285160446e-20,5000,0.08771119160415039,1.0340413896586233e-09,negated_raw_is_spoof,screen,5.023994469924817e-20,2.293319517658729e-09
ASVspoof2021_DF,RawBMamba,preemphasized_crop,rms_dbfs,1,5000,-0.07156540827748661,4.069680878450385e-07,5000,0.11200482187933149,5.984820126672103e-15,negated_raw_is_spoof,screen,6.597890350587837e-07,1.4758895872013407e-14
ASVspoof2021_DF,RawBMamba,preemphasized_crop,integrated_lufs,1,5000,-0.09926089828396498,2.000801638182892e-12,5000,0.020852419394870127,0.14742476181115008,negated_raw_is_spoof,screen,3.830594589341605e-12,0.18295372102879567
ASVspoof2021_DF,RawBMamba,preemphasized_crop,silence_fraction,1,5000,-0.011719569905718668,0.4073760803366206,5000,-0.2331177175051822,1.404391577220442e-60,negated_raw_is_spoof,screen,0.4355715608372459,6.669619363195315e-60
ASVspoof2021_DF,RawBMamba,preemphasized_crop,clipping_fraction,1,5000,-0.028768393036436177,0.04193698333216673,5000,0.08620764830756072,1.9849398939814524e-09,negated_raw_is_spoof,screen,0.0499674695021561,4.359083688743582e-09
ASVspoof2021_DF,RawBMamba,preemphasized_crop,frame_rms_cv,1,5000,0.027719143687426787,0.05000444612251754,5000,-0.13497208630236648,4.593269122898407e-21,negated_raw_is_spoof,screen,0.059056217564730736,1.2996534107737809e-20
ASVspoof2021_DF,RawBMamba,preemphasized_crop,frame_rms_range_db,1,5000,0.06490153959429212,4.370718496041009e-06,5000,-0.1596763641537019,6.21542681819933e-29,negated_raw_is_spoof,screen,6.830518207766414e-06,1.9748306486193616e-28
ASVspoof2021_DF,RawBMamba,preemphasized_crop,spectral_centroid_hz,1,5000,-0.12579681101194892,4.3205200531324665e-19,5000,-0.04237195040211445,0.0032356105630439247,negated_raw_is_spoof,screen,9.792207337959587e-19,0.004947281680012554
ASVspoof2021_DF,RawBMamba,preemphasized_crop,spectral_centroid_std_hz,1,5000,0.027762556377167458,0.049646558067579394,5000,0.03747338070734173,0.009220627149413466,negated_raw_is_spoof,screen,0.05868511349413078,0.01351420162356783
ASVspoof2021_DF,RawBMamba,preemphasized_crop,spectral_bandwidth_hz,1,5000,-0.17611984387770127,4.043659201004464e-36,5000,-0.11162717984241777,7.380356988541259e-15,negated_raw_is_spoof,screen,1.3127241464130432e-35,1.8133820461790586e-14
ASVspoof2021_DF,RawBMamba,preemphasized_crop,spectral_rolloff85_hz,1,5000,-0.15847333493201857,1.7583716775334042e-29,5000,-0.08216679326585538,1.0851008453081055e-08,negated_raw_is_spoof,screen,5.10421497754837e-29,2.3222540383663915e-08
ASVspoof2021_DF,RawBMamba,preemphasized_crop,spectral_flatness,1,5000,-0.1941298110318289,1.1762469223237907e-43,5000,-0.12544328648208417,2.1776252140567938e-18,negated_raw_is_spoof,screen,4.1711764211165555e-43,5.830136031259624e-18
ASVspoof2021_DF,RawBMamba,preemphasized_crop,spectral_slope_db_per_khz,1,5000,-0.14211337333017782,5.654789501387774e-24,5000,-0.07165729013921528,6.240438369106127e-07,negated_raw_is_spoof,screen,1.4312687551535155e-23,1.2480876738212254e-06
ASVspoof2021_DF,RawBMamba,preemphasized_crop,low_high_energy_ratio_db,1,5000,0.17624966967913677,3.59103028466664e-36,5000,0.02908873498752109,0.0432910469577866,negated_raw_is_spoof,screen,1.1686064655186353e-35,0.05777871609857516
ASVspoof2021_DF,RawBMamba,preemphasized_crop,spectral_flux,1,5000,0.1373831725838129,1.699298696551475e-22,5000,0.08518257475557778,3.0769430966908537e-09,negated_raw_is_spoof,screen,4.144931847849696e-22,6.691604404453895e-09
ASVspoof2021_DF,RawBMamba,preemphasized_crop,f0_median_hz,1,3986,-0.12176680792318154,1.2190720685774078e-14,3986,-0.04988457463944367,0.0020584988867065478,negated_raw_is_spoof,screen,2.4787183966233525e-14,0.003232035635202804
ASVspoof2021_DF,RawBMamba,preemphasized_crop,f0_iqr_hz,1,3986,-0.06605562992643338,2.997474911257124e-05,3986,-0.08293872832264418,2.90889783387076e-07,negated_raw_is_spoof,screen,4.491199867034086e-05,5.941578554289211e-07
ASVspoof2021_DF,RawBMamba,preemphasized_crop,voiced_fraction,1,5000,-0.01068541684004367,0.45000558249160727,5000,-0.02020826642294574,0.16038387857593966,negated_raw_is_spoof,screen,0.47773104492000007,0.19793933223697238
ASVspoof2021_DF,RawBMamba,preemphasized_crop,hnr_db,1,3986,-0.11434076971811913,4.474591066028544e-13,3986,-0.024466424490386433,0.13086024607824884,negated_raw_is_spoof,screen,8.71572520687299e-13,0.1633019226826058
ASVspoof2021_DF,RawBMamba,preemphasized_crop,cpp_proxy_db,1,3986,0.04909482736970667,0.0019320176818762719,3986,-0.027382653364510713,0.09086556819990128,negated_raw_is_spoof,screen,0.00258628661796983,0.1157567048916278
ASVspoof2021_DF,RawBMamba,preemphasized_crop,jitter_proxy,1,3986,0.08512822846104993,7.340180603732426e-08,3986,-0.027866255574919604,0.08530113255355815,negated_raw_is_spoof,screen,1.2285433040369093e-07,0.10939381884731121
ASVspoof2021_DF,RawBMamba,preemphasized_crop,shimmer_proxy_db,1,3986,0.10494174213475989,3.099996537141469e-11,3986,0.0556944425288749,0.0005793585065226153,negated_raw_is_spoof,screen,5.707390884819362e-11,0.0009554083837624477
ASVspoof2021_DF,RawBMamba,preemphasized_crop,f0_delta_hz,1,3986,-0.035628254662089076,0.024487662508562918,3986,-0.03986743511018607,0.013805354784737184,negated_raw_is_spoof,screen,0.029784089060188746,0.01986552123199869
ASVspoof2021_DF,RawBMamba,preemphasized_crop,group_delay_var,1,5000,-0.14093441389090625,1.335164857838447e-23,5000,-0.27667330577663346,1.5102572484062362e-85,negated_raw_is_spoof,screen,3.354133773710043e-23,8.786951263454466e-85
ASVspoof2021_DF,RawBMamba,preemphasized_crop,inst_freq_dispersion,1,5000,-0.039963419002634434,0.0047094594355769044,5000,0.006121897634062082,0.6706744459697417,negated_raw_is_spoof,screen,0.006068565178729971,0.7182362194289506
ASVspoof2021_DF,RawBMamba,preemphasized_crop,modulation_centroid_hz,1,5000,0.07522128364007258,1.0086230384059861e-07,5000,0.18727430211014176,2.3965236411874242e-39,negated_raw_is_spoof,screen,1.6735671155773397e-07,8.997004954625414e-39
ASVspoof2021_DF,RawBMamba,preemphasized_crop,modulation_entropy,1,5000,-0.020627918987097038,0.14472905130821767,5000,0.11881390427852238,1.2112315230840551e-16,negated_raw_is_spoof,screen,0.16209653746520378,3.100752699095181e-16
ASVspoof2021_DF,RawTFNet,preemphasized_crop,crest_factor_db,0,5000,-0.2924427573808034,3.6026953686240525e-99,5000,-0.11987741972322949,3.6399203209613294e-17,negated_raw_is_spoof,screen,2.4210112877153636e-98,9.3897368740346e-17
ASVspoof2021_DF,RawTFNet,preemphasized_crop,peak_dbfs,0,5000,-0.0026135654034279924,0.8534164276885932,5000,0.055707924568055324,9.477990698259512e-05,negated_raw_is_spoof,screen,0.8656540972177126,0.0001691689176422415
ASVspoof2021_DF,RawTFNet,preemphasized_crop,rms_dbfs,0,5000,0.39674651220547,3.728367042034739e-188,5000,0.39072651572605316,1.2266956989690069e-178,negated_raw_is_spoof,screen,3.7961555337080984e-187,1.1292322050783187e-177
ASVspoof2021_DF,RawTFNet,preemphasized_crop,integrated_lufs,0,5000,0.041215770549576716,0.003557968828768664,5000,0.024836748657455686,0.08195361439934873,negated_raw_is_spoof,screen,0.004638128133719771,0.10560465748103996
ASVspoof2021_DF,RawTFNet,preemphasized_crop,silence_fraction,0,5000,-0.5448876086150642,0.0,5000,-0.4586480522921428,8.811710729044735e-254,negated_raw_is_spoof,screen,0.0,1.3457885477086506e-252
ASVspoof2021_DF,RawTFNet,preemphasized_crop,clipping_fraction,0,5000,0.11492690271581278,3.592919097509485e-16,5000,0.06843725565383368,1.6069425958741338e-06,negated_raw_is_spoof,screen,7.580664469470561e-16,3.1575012410158416e-06
ASVspoof2021_DF,RawTFNet,preemphasized_crop,frame_rms_cv,0,5000,-0.5446655913239836,0.0,5000,-0.4429480628893112,7.5221687223694e-235,negated_raw_is_spoof,screen,0.0,1.0009697785014331e-233
ASVspoof2021_DF,RawTFNet,preemphasized_crop,frame_rms_range_db,0,5000,-0.24639328170929845,4.8574692046955096e-70,5000,-0.42062726139171364,1.3462564076681067e-209,negated_raw_is_spoof,screen,2.454300229740889e-69,1.4710313917934435e-208
ASVspoof2021_DF,RawTFNet,preemphasized_crop,spectral_centroid_hz,0,5000,-0.3389666048313402,1.1417426526986812e-134,5000,-0.21280621810587846,2.430448557659975e-51,negated_raw_is_spoof,screen,9.650956762434135e-134,1.085223542024919e-50
ASVspoof2021_DF,RawTFNet,preemphasized_crop,spectral_centroid_std_hz,0,5000,0.24690628523388017,2.4721239855332356e-70,5000,0.0978929270743029,6.386076849923996e-12,negated_raw_is_spoof,screen,1.2537866553044032e-69,1.5164111813247085e-11
ASVspoof2021_DF,RawTFNet,preemphasized_crop,spectral_bandwidth_hz,0,5000,-0.489548777912697,1.0089827039074147e-299,5000,-0.38081237255386946,4.654711381274094e-169,negated_raw_is_spoof,screen,1.9099616254247402e-298,4.0888445074721455e-168
ASVspoof2021_DF,RawTFNet,preemphasized_crop,spectral_rolloff85_hz,0,5000,-0.423315145785677,1.2890223684116986e-216,5000,-0.27834632952664545,5.662863024690919e-88,negated_raw_is_spoof,screen,1.5607622190498405e-215,3.3676495155684048e-87
ASVspoof2021_DF,RawTFNet,preemphasized_crop,spectral_flatness,0,5000,-0.4191525420644,5.515457979605574e-212,5000,-0.32058049387955706,1.2342797440372325e-117,negated_raw_is_spoof,screen,6.618549575526689e-211,8.595191585419897e-117
ASVspoof2021_DF,RawTFNet,preemphasized_crop,spectral_slope_db_per_khz,0,5000,-0.2232698504935864,1.6045198085629707e-57,5000,-0.15003827742769765,4.319812408731236e-26,negated_raw_is_spoof,screen,6.802759062172343e-57,1.3165142578990432e-25
ASVspoof2021_DF,RawTFNet,preemphasized_crop,low_high_energy_ratio_db,0,5000,0.28035938267201843,5.731058671391067e-91,5000,0.16041498620247557,1.236761720549426e-29,negated_raw_is_spoof,screen,3.6332749312969783e-90,3.967082941332765e-29
ASVspoof2021_DF,RawTFNet,preemphasized_crop,spectral_flux,0,5000,0.5278434658424164,0.0,5000,0.3522263353342085,3.026991501460755e-143,negated_raw_is_spoof,screen,0.0,2.421593201168604e-142
ASVspoof2021_DF,RawTFNet,preemphasized_crop,f0_median_hz,0,3742,0.06547062547502663,6.125478348367078e-05,3742,0.009165548000465358,0.5800354383951872,negated_raw_is_spoof,screen,9.027020723909378e-05,0.6317403802294422
ASVspoof2021_DF,RawTFNet,preemphasized_crop,f0_iqr_hz,0,3742,0.05597264910053889,0.0006136819845773381,3742,-0.04226939729838945,0.010682048340715284,negated_raw_is_spoof,screen,0.0008442053093878632,0.01553752485922223
ASVspoof2021_DF,RawTFNet,preemphasized_crop,voiced_fraction,0,5000,0.10762325343668733,2.340605829680104e-14,5000,0.04869312954530597,0.0006462734591610099,negated_raw_is_spoof,screen,4.716303201034572e-14,0.0010605513175975547
ASVspoof2021_DF,RawTFNet,preemphasized_crop,hnr_db,0,3742,-0.04006967229730702,0.014234005814887877,3742,-0.00978568755940988,0.5546724518130587,negated_raw_is_spoof,screen,0.017697043307316657,0.6080585442387855
ASVspoof2021_DF,RawTFNet,preemphasized_crop,cpp_proxy_db,0,3742,0.09421589631437026,7.72798466018103e-09,3742,0.06115648404008659,0.0002194912092696075,negated_raw_is_spoof,screen,1.3333005626807838e-08,0.00037579131880044903
ASVspoof2021_DF,RawTFNet,preemphasized_crop,jitter_proxy,0,3742,0.0860627429775093,1.3447048502763005e-07,3742,-0.009478017423008866,0.567187931001567,negated_raw_is_spoof,screen,2.222980711895877e-07,0.6197565685090293
ASVspoof2021_DF,RawTFNet,preemphasized_crop,shimmer_proxy_db,0,3742,0.05780886867878587,0.00040308591350455365,3742,0.00015072065983770424,0.9927401802590747,negated_raw_is_spoof,screen,0.0005631470558733057,0.9942196738213089
ASVspoof2021_DF,RawTFNet,preemphasized_crop,f0_delta_hz,0,3742,0.11247065521856114,5.2132692376054805e-12,3742,-0.007597955854553345,0.6464547167463686,negated_raw_is_spoof,screen,9.840777886715962e-12,0.6934039419849316
ASVspoof2021_DF,RawTFNet,preemphasized_crop,group_delay_var,0,5000,-0.5449111005338334,0.0,5000,-0.4688704992652064,1.1864017580237605e-266,negated_raw_is_spoof,screen,0.0,2.0708103412778364e-265
ASVspoof2021_DF,RawTFNet,preemphasized_crop,inst_freq_dispersion,0,5000,0.15085632415841094,7.691685641396149e-27,5000,0.05857685194207153,4.044016491614281e-05,negated_raw_is_spoof,screen,2.0884091923305908e-26,7.374705786607318e-05
ASVspoof2021_DF,RawTFNet,preemphasized_crop,modulation_centroid_hz,0,5000,0.29946626142258637,3.992659334286967e-104,5000,0.3662841978640419,1.3050548646789417e-155,negated_raw_is_spoof,screen,2.809494316901405e-103,1.0827121840299369e-154
ASVspoof2021_DF,RawTFNet,preemphasized_crop,modulation_entropy,0,5000,0.17321202234126634,5.637043285354767e-35,5000,0.2652532259787097,9.045506894761836e-80,negated_raw_is_spoof,screen,1.7995691628305955e-34,5.0236203580826065e-79
ASVspoof2021_DF,RawTFNet,preemphasized_crop,crest_factor_db,1,5000,-0.07716013969996112,4.6861143426113776e-08,5000,0.030323277401263563,0.0351438136245501,negated_raw_is_spoof,screen,7.92218575656565e-08,0.04751839588671563
ASVspoof2021_DF,RawTFNet,preemphasized_crop,peak_dbfs,1,5000,-0.09453077703364973,2.1177430556017668e-11,5000,0.035358487449694866,0.01402119480650493,negated_raw_is_spoof,screen,3.9367173813675996e-11,0.020154530288708693
ASVspoof2021_DF,RawTFNet,preemphasized_crop,rms_dbfs,1,5000,-0.01842907715448998,0.19260297561045023,5000,0.017743004516878276,0.21776175502141143,negated_raw_is_spoof,screen,0.2120052409667855,0.26154763069595793
ASVspoof2021_DF,RawTFNet,preemphasized_crop,integrated_lufs,1,5000,-0.0104629741312723,0.4594946364617912,5000,0.02193904551072295,0.1274594564488536,negated_raw_is_spoof,screen,0.4866515298696985,0.15950233656169388
ASVspoof2021_DF,RawTFNet,preemphasized_crop,silence_fraction,1,5000,0.05578510980463695,7.92390362612892e-05,5000,-0.06936471106989392,1.4085726905788687e-06,negated_raw_is_spoof,screen,0.0001161366027646376,2.7717740792650065e-06
ASVspoof2021_DF,RawTFNet,preemphasized_crop,clipping_fraction,1,5000,-0.03571695384958524,0.01154534459995774,5000,0.025128557652065158,0.08086820830263797,negated_raw_is_spoof,screen,0.014474760393976868,0.10430601915426625
ASVspoof2021_DF,RawTFNet,preemphasized_crop,frame_rms_cv,1,5000,0.09279700591056163,4.8886591444854265e-11,5000,-0.042741060800438525,0.0029771025754901947,negated_raw_is_spoof,screen,8.963653329042856e-11,0.00458330568322889
ASVspoof2021_DF,RawTFNet,preemphasized_crop,frame_rms_range_db,1,5000,0.09080436608671255,1.2550146565816514e-10,5000,-0.060495980910027836,2.601376046995895e-05,negated_raw_is_spoof,screen,2.2701745604922468e-10,4.809146364735189e-05
ASVspoof2021_DF,RawTFNet,preemphasized_crop,spectral_centroid_hz,1,5000,-0.023448754107638477,0.09733953514375164,5000,0.029119204024628555,0.04307224952235937,negated_raw_is_spoof,screen,0.11124518302143044,0.057543840316154074
ASVspoof2021_DF,RawTFNet,preemphasized_crop,spectral_centroid_std_hz,1,5000,0.06082307624530232,1.6793086811082323e-05,5000,0.03015141840189227,0.03619302932624038,negated_raw_is_spoof,screen,2.5531570898297105e-05,0.04878980081691782
ASVspoof2021_DF,RawTFNet,preemphasized_crop,spectral_bandwidth_hz,1,5000,-0.09704282188869996,6.134846366394889e-12,5000,-0.01928177557072321,0.18043721937541313,negated_raw_is_spoof,screen,1.1531795127880743e-11,0.22066207719795747
ASVspoof2021_DF,RawTFNet,preemphasized_crop,spectral_rolloff85_hz,1,5000,-0.05465751079679554,0.00011027556973036022,5000,0.010657768848565905,0.4591210445400032,negated_raw_is_spoof,screen,0.00015970944581638377,0.5129332367928215
ASVspoof2021_DF,RawTFNet,preemphasized_crop,spectral_flatness,1,5000,-0.12279531967265406,2.939491228912223e-18,5000,-0.012744082819437152,0.37603671327687416,negated_raw_is_spoof,screen,6.4765183797672585e-18,0.4326997796610607
ASVspoof2021_DF,RawTFNet,preemphasized_crop,spectral_slope_db_per_khz,1,5000,-0.049787409771081086,0.00042861873737850447,5000,0.01552235090365455,0.28093289315490666,negated_raw_is_spoof,screen,0.000596957080867057,0.3303357903763732
ASVspoof2021_DF,RawTFNet,preemphasized_crop,low_high_energy_ratio_db,1,5000,0.0553529953074337,9.000352416748563e-05,5000,-0.0461453478271207,0.0013417339321744476,negated_raw_is_spoof,screen,0.00013105605252556953,0.002146774291479116
ASVspoof2021_DF,RawTFNet,preemphasized_crop,spectral_flux,1,5000,0.13159201559631348,9.338694111405465e-21,5000,0.0013716653043657104,0.9240971736124851,negated_raw_is_spoof,screen,2.1790286259946087e-20,0.9380563454193203
ASVspoof2021_DF,RawTFNet,preemphasized_crop,f0_median_hz,1,3986,0.03846247738600058,0.015163229954234346,3986,0.050853833162758454,0.0016801968799699085,negated_raw_is_spoof,screen,0.01874828064258598,0.0026598169689983
ASVspoof2021_DF,RawTFNet,preemphasized_crop,f0_iqr_hz,1,3986,0.036851531017509334,0.019982638461802947,3986,-0.018810805259756862,0.24546627424584125,negated_raw_is_spoof,screen,0.02445962303521235,0.2911797639774145
ASVspoof2021_DF,RawTFNet,preemphasized_crop,voiced_fraction,1,5000,-0.003591294088301325,0.7995881381859398,5000,-0.030182732002823214,0.0359998918169632,negated_raw_is_spoof,screen,0.8153615005477262,0.04857816727108287
ASVspoof2021_DF,RawTFNet,preemphasized_crop,hnr_db,1,3986,-0.027738465544077568,0.07993739112121827,3986,0.014445623930078737,0.37245670262628916,negated_raw_is_spoof,screen,0.09206157126556756,0.4296839556478392
ASVspoof2021_DF,RawTFNet,preemphasized_crop,cpp_proxy_db,1,3986,0.08576378217043285,5.8615948258599315e-08,3986,-0.013299738227610804,0.41157400648630493,negated_raw_is_spoof,screen,9.872159706711464e-08,0.467543601271805
ASVspoof2021_DF,RawTFNet,preemphasized_crop,jitter_proxy,1,3986,0.11256831833170212,1.022750829259266e-12,3986,0.0026504444724899834,0.8700210897321242,negated_raw_is_spoof,screen,1.9778087978769115e-12,0.890730135120972
ASVspoof2021_DF,RawTFNet,preemphasized_crop,shimmer_proxy_db,1,3986,0.11839184455326358,6.446190111280466e-14,3986,0.05542539347947931,0.0006160471645677764,negated_raw_is_spoof,screen,1.2835080754905107e-13,0.0010121850723460776
ASVspoof2021_DF,RawTFNet,preemphasized_crop,f0_delta_hz,1,3986,0.07965463840403601,4.76845248708918e-07,3986,0.023351024073923067,0.14935122309645146,negated_raw_is_spoof,screen,7.72144595499742e-07,0.18517347217862618
ASVspoof2021_DF,RawTFNet,preemphasized_crop,group_delay_var,1,5000,-0.11583339848167594,2.0991375484550897e-16,5000,-0.13891266670282443,3.1440285841194085e-22,negated_raw_is_spoof,screen,4.485279594791162e-16,9.126510619992407e-22
ASVspoof2021_DF,RawTFNet,preemphasized_crop,inst_freq_dispersion,1,5000,-0.03226376395275368,0.02252383536984455,5000,0.020248427389852535,0.15955432998504088,negated_raw_is_spoof,screen,0.027420321319810755,0.19709652527563873
ASVspoof2021_DF,RawTFNet,preemphasized_crop,modulation_centroid_hz,1,5000,0.06262680255758123,9.35247680065907e-06,5000,0.13319948077450355,1.4959284342254146e-20,negated_raw_is_spoof,screen,1.4381840755246901e-05,4.197344082670057e-20
ASVspoof2021_DF,RawTFNet,preemphasized_crop,modulation_entropy,1,5000,-0.009501721916753,0.5017617282127484,5000,0.09542754165027634,3.0646494911346755e-11,negated_raw_is_spoof,screen,0.5289158923277913,7.163285071452181e-11
ASVspoof2021_DF,Res2TCNGuard,preemphasized_crop,crest_factor_db,0,5000,-0.22457294434830755,3.435909906414239e-58,5000,-0.012894765939606785,0.36657823426046754,negated_raw_is_spoof,screen,1.465988226736742e-57,0.4236295329716839
ASVspoof2021_DF,Res2TCNGuard,preemphasized_crop,peak_dbfs,0,5000,0.14027530088840953,2.1515337002980817e-23,5000,0.1897035175493183,5.68864135418424e-41,negated_raw_is_spoof,screen,5.364863252691321e-23,2.20969190174093e-40
ASVspoof2021_DF,Res2TCNGuard,preemphasized_crop,rms_dbfs,0,5000,0.5123859091317335,0.0,5000,0.4721522350422251,7.054115183141802e-271,negated_raw_is_spoof,screen,0.0,1.2640974408190108e-269
ASVspoof2021_DF,Res2TCNGuard,preemphasized_crop,integrated_lufs,0,5000,0.14804568395738044,6.708876006071553e-26,5000,0.13580331013632368,1.2488453387592408e-21,negated_raw_is_spoof,screen,1.7819623225612978e-25,3.601820032816351e-21
ASVspoof2021_DF,Res2TCNGuard,preemphasized_crop,silence_fraction,0,5000,-0.562893909042898,0.0,5000,-0.5327101976344312,0.0,negated_raw_is_spoof,screen,0.0,0.0
ASVspoof2021_DF,Res2TCNGuard,preemphasized_crop,clipping_fraction,0,5000,0.25766504124331524,1.2087680126904843e-76,5000,0.24195097407410074,2.795944709387084e-66,negated_raw_is_spoof,screen,6.713157888661203e-76,1.4288021632761373e-65
ASVspoof2021_DF,Res2TCNGuard,preemphasized_crop,frame_rms_cv,0,5000,-0.5799856625093462,0.0,5000,-0.5210496404573559,0.0,negated_raw_is_spoof,screen,0.0,0.0
ASVspoof2021_DF,Res2TCNGuard,preemphasized_crop,frame_rms_range_db,0,5000,-0.227205251877663,1.48237147844125e-59,5000,-0.4295660689347486,1.7533050521623736e-219,negated_raw_is_spoof,screen,6.426797635564645e-59,2.014052982996778e-218
ASVspoof2021_DF,Res2TCNGuard,preemphasized_crop,spectral_centroid_hz,0,5000,-0.3567698211113553,5.497106114910318e-150,5000,-0.26642717167182683,1.7356451116892843e-80,negated_raw_is_spoof,screen,4.8927884890327595e-149,9.719612625459991e-80
ASVspoof2021_DF,Res2TCNGuard,preemphasized_crop,spectral_centroid_std_hz,0,5000,0.27061311084701917,1.2031501108810142e-84,5000,0.12241613098812962,7.719289985447937e-18,negated_raw_is_spoof,screen,7.186816662329258e-84,2.0422688465437063e-17
ASVspoof2021_DF,Res2TCNGuard,preemphasized_crop,spectral_bandwidth_hz,0,5000,-0.5344633319833604,0.0,5000,-0.4495521953431432,1.0814036557579516e-242,negated_raw_is_spoof,screen,0.0,1.5139651180611322e-241
ASVspoof2021_DF,Res2TCNGuard,preemphasized_crop,spectral_rolloff85_hz,0,5000,-0.4506407809969064,1.090640341898216e-248,5000,-0.34239841690490125,5.737818824008699e-135,negated_raw_is_spoof,screen,1.5429690731696866e-247,4.40664485683868e-134
ASVspoof2021_DF,Res2TCNGuard,preemphasized_crop,spectral_flatness,0,5000,-0.4734363195728153,8.767069800669783e-278,5000,-0.37506199488222447,1.1840273443861362e-163,negated_raw_is_spoof,screen,1.5503870805394987e-276,1.0200850967019019e-162
ASVspoof2021_DF,Res2TCNGuard,preemphasized_crop,spectral_slope_db_per_khz,0,5000,-0.2453617025083568,1.880195389993786e-69,5000,-0.190024576842971,4.165127969241499e-41,negated_raw_is_spoof,screen,9.359194830191292e-69,1.6225889828001664e-40
ASVspoof2021_DF,Res2TCNGuard,preemphasized_crop,low_high_energy_ratio_db,0,5000,0.2762181485433552,2.9936676122491265e-88,5000,0.2067640651836014,1.665041240510909e-48,negated_raw_is_spoof,screen,1.8627265142883454e-87,7.037155431593275e-48
ASVspoof2021_DF,Res2TCNGuard,preemphasized_crop,spectral_flux,0,5000,0.575421665778297,0.0,5000,0.4211857256748952,3.313290328264459e-210,negated_raw_is_spoof,screen,0.0,3.650050984579863e-209
ASVspoof2021_DF,Res2TCNGuard,preemphasized_crop,f0_median_hz,0,3742,0.09072746336379711,2.704171485741289e-08,3742,0.008990902808429027,0.5872750690880543,negated_raw_is_spoof,screen,4.6005145276408765e-08,0.6380741251854042
ASVspoof2021_DF,Res2TCNGuard,preemphasized_crop,f0_iqr_hz,0,3742,0.047599225991504006,0.003586486131316,3742,-0.04743054148102379,0.004170359658954726,negated_raw_is_spoof,screen,0.004670772636132465,0.006304795704876436
ASVspoof2021_DF,Res2TCNGuard,preemphasized_crop,voiced_fraction,0,5000,0.130636440215496,1.7786582193374235e-20,5000,0.07769320843281682,5.089698729989826e-08,negated_raw_is_spoof,screen,4.1286988718298744e-20,1.0655070238483373e-07
ASVspoof2021_DF,Res2TCNGuard,preemphasized_crop,hnr_db,0,3742,-0.042563700589572345,0.00921394961069639,3742,-0.006631626849978498,0.6888960282959565,negated_raw_is_spoof,screen,0.01167158178772474,0.7345281180940397
ASVspoof2021_DF,Res2TCNGuard,preemphasized_crop,cpp_proxy_db,0,3742,0.1632828093941128,8.955301577660389e-24,3742,0.09345827333510616,1.5636759643584093e-08,negated_raw_is_spoof,screen,2.258147339657704e-23,3.341145462794439e-08
ASVspoof2021_DF,Res2TCNGuard,preemphasized_crop,jitter_proxy,0,3742,0.028708575206730754,0.07909985887702753,3742,-0.05963625495742255,0.00031404560486654,negated_raw_is_spoof,screen,0.09117513750490995,0.0005302478554530524
ASVspoof2021_DF,Res2TCNGuard,preemphasized_crop,shimmer_proxy_db,0,3742,0.07747830639603114,2.0846043690454907e-06,3742,0.02593544380377045,0.11735371637766216,negated_raw_is_spoof,screen,3.2961273788201643e-06,0.147681081284249
ASVspoof2021_DF,Res2TCNGuard,preemphasized_crop,f0_delta_hz,0,3742,0.08424678974332102,2.4564693598124927e-07,3742,-0.05038977966262489,0.002334944597025487,negated_raw_is_spoof,screen,4.011536840325626e-07,0.003640563269608184
ASVspoof2021_DF,Res2TCNGuard,preemphasized_crop,group_delay_var,0,5000,-0.608958649476961,0.0,5000,-0.5553161116915514,0.0,negated_raw_is_spoof,screen,0.0,0.0
ASVspoof2021_DF,Res2TCNGuard,preemphasized_crop,inst_freq_dispersion,0,5000,0.16201873613748288,9.331271803527552e-31,5000,0.07636556974206013,8.566355886017226e-08,negated_raw_is_spoof,screen,2.7684832900532074e-30,1.7739880294001774e-07
ASVspoof2021_DF,Res2TCNGuard,preemphasized_crop,modulation_centroid_hz,0,5000,0.3610688749954207,7.769399926384114e-154,5000,0.4348275066382277,1.9239914529005107e-225,negated_raw_is_spoof,screen,6.961382334040167e-153,2.3723344153195287e-224
ASVspoof2021_DF,Res2TCNGuard,preemphasized_crop,modulation_entropy,0,5000,0.2136150785337299,1.0757892379317225e-52,5000,0.30692353656621935,1.7026090003930233e-107,negated_raw_is_spoof,screen,4.2776944845569085e-52,1.1162470714771822e-106
ASVspoof2021_DF,Res2TCNGuard,preemphasized_crop,crest_factor_db,1,5000,-0.02872564156502566,0.04224273762709712,5000,0.13247174277532608,2.4179314217244334e-20,negated_raw_is_spoof,screen,0.05028719164820065,6.742115831530369e-20
ASVspoof2021_DF,Res2TCNGuard,preemphasized_crop,peak_dbfs,1,5000,-0.03888296522491775,0.005963288312571799,5000,0.16546907011382717,5.6397293226719945e-31,negated_raw_is_spoof,screen,0.0076402855024752135,1.8808427319283277e-30
ASVspoof2021_DF,Res2TCNGuard,preemphasized_crop,rms_dbfs,1,5000,0.02859360968774438,0.04319894436069011,5000,0.15464869408221565,3.1977591122304914e-27,negated_raw_is_spoof,screen,0.05133455457185457,9.971666465980929e-27
ASVspoof2021_DF,Res2TCNGuard,preemphasized_crop,integrated_lufs,1,5000,0.04375710117428404,0.0019694370560181308,5000,0.21480386209422253,1.6668743477896165e-51,negated_raw_is_spoof,screen,0.0026337546301376793,7.467597078097481e-51
ASVspoof2021_DF,Res2TCNGuard,preemphasized_crop,silence_fraction,1,5000,0.1145996700989339,4.357667939608808e-16,5000,-0.16439035994250722,1.3717968830600753e-30,negated_raw_is_spoof,screen,9.179789515414166e-16,4.5188603206684835e-30
ASVspoof2021_DF,Res2TCNGuard,preemphasized_crop,clipping_fraction,1,5000,0.050264398672566594,0.0003771338834845786,5000,0.2365279372966897,2.3186939535059958e-62,negated_raw_is_spoof,screen,0.0005279874368784101,1.133208972186203e-61
ASVspoof2021_DF,Res2TCNGuard,preemphasized_crop,frame_rms_cv,1,5000,0.10922933889717355,9.563296286113048e-15,5000,-0.14193621529569556,3.808271883558931e-23,negated_raw_is_spoof,screen,1.9623007951963262e-14,1.115101832571504e-22
ASVspoof2021_DF,Res2TCNGuard,preemphasized_crop,frame_rms_range_db,1,5000,0.13342789004111558,2.672480997633453e-21,5000,-0.14560842987251188,2.7552506179852605e-24,negated_raw_is_spoof,screen,6.31250344607972e-21,8.210769025658958e-24
ASVspoof2021_DF,Res2TCNGuard,preemphasized_crop,spectral_centroid_hz,1,5000,-0.043752224854088986,0.0019717304092094277,5000,-0.10955453601030402,2.302627895824043e-14,negated_raw_is_spoof,screen,0.0026342004671744243,5.6370344116348147e-14
ASVspoof2021_DF,Res2TCNGuard,preemphasized_crop,spectral_centroid_std_hz,1,5000,0.04656317303052692,0.000989565613334404,5000,-0.004265022858987967,0.7670437844843906,negated_raw_is_spoof,screen,0.0013447686393543367,0.8047672492950984
ASVspoof2021_DF,Res2TCNGuard,preemphasized_crop,spectral_bandwidth_hz,1,5000,-0.07963680836947233,1.7131711789935268e-08,5000,-0.11658543408760336,4.4520879648993235e-16,negated_raw_is_spoof,screen,2.9293919396530535e-08,1.1247380121850922e-15
ASVspoof2021_DF,Res2TCNGuard,preemphasized_crop,spectral_rolloff85_hz,1,5000,-0.06616856743830668,2.830009344657802e-06,5000,-0.13177145146589758,3.828417330228186e-20,negated_raw_is_spoof,screen,4.453785198149984e-06,1.0609057508920994e-19
ASVspoof2021_DF,Res2TCNGuard,preemphasized_crop,spectral_flatness,1,5000,-0.12314095980563838,2.362701163020703e-18,5000,-0.08931541802061639,5.094948810080481e-10,negated_raw_is_spoof,screen,5.240050104125124e-18,1.1470035512140982e-09
ASVspoof2021_DF,Res2TCNGuard,preemphasized_crop,spectral_slope_db_per_khz,1,5000,-0.07634604535784181,6.480097653964299e-08,5000,-0.07775315085662023,6.344274795402556e-08,negated_raw_is_spoof,screen,1.085941551986037e-07,1.3219698178327187e-07
ASVspoof2021_DF,Res2TCNGuard,preemphasized_crop,low_high_energy_ratio_db,1,5000,0.12440810969931018,1.0552019952402943e-18,5000,0.13254705177838022,2.3010068776379552e-20,negated_raw_is_spoof,screen,2.3636524693382593e-18,6.442819257386274e-20
ASVspoof2021_DF,Res2TCNGuard,preemphasized_crop,spectral_flux,1,5000,0.14360629664369842,1.8852712096596176e-24,5000,0.130686739103996,7.763110472674658e-20,negated_raw_is_spoof,screen,4.826294296728621e-24,2.1424272023151417e-19
ASVspoof2021_DF,Res2TCNGuard,preemphasized_crop,f0_median_hz,1,3986,-0.07635603804900222,1.3912357237141544e-06,3986,-0.053622475532628715,0.0009233633536083618,negated_raw_is_spoof,screen,2.218055531046054e-06,0.0014915869558288922
ASVspoof2021_DF,Res2TCNGuard,preemphasized_crop,f0_iqr_hz,1,3986,-0.01128692604453915,0.4762191324818472,3986,-0.051491401753255686,0.0014674090446204532,negated_raw_is_spoof,screen,0.5035708214442193,0.002333961841384484
ASVspoof2021_DF,Res2TCNGuard,preemphasized_crop,voiced_fraction,1,5000,0.042396317316368115,0.002713380483393749,5000,0.04175226821931951,0.003715941119376633,negated_raw_is_spoof,screen,0.0035787864275576044,0.005636822646097286
ASVspoof2021_DF,Res2TCNGuard,preemphasized_crop,hnr_db,1,3986,-0.08878149597999181,1.9709575430238043e-08,3986,0.04264165167844955,0.008444008828903511,negated_raw_is_spoof,screen,3.365904622393892e-08,0.01241657315759991
ASVspoof2021_DF,Res2TCNGuard,preemphasized_crop,cpp_proxy_db,1,3986,0.14657252207335073,1.388768285947376e-20,3986,-0.004610432266994842,0.7759219778914481,negated_raw_is_spoof,screen,3.229246671822273e-20,0.8096577160606416
ASVspoof2021_DF,Res2TCNGuard,preemphasized_crop,jitter_proxy,1,3986,0.09251598178114517,4.8658252622378825e-09,3986,-0.02219049812205233,0.17063971249478588,negated_raw_is_spoof,screen,8.471074031668023e-09,0.2093101102272293
ASVspoof2021_DF,Res2TCNGuard,preemphasized_crop,shimmer_proxy_db,1,3986,0.06418995236278457,5.002077531505443e-05,3986,0.015037383668249185,0.353189403382901,negated_raw_is_spoof,screen,7.403956169981624e-05,0.4095656239401371
ASVspoof2021_DF,Res2TCNGuard,preemphasized_crop,f0_delta_hz,1,3986,-0.01223479981806149,0.43997941145717706,3986,-0.04177271253117037,0.009878241261328238,negated_raw_is_spoof,screen,0.4678262096506693,0.014430822016549077
ASVspoof2021_DF,Res2TCNGuard,preemphasized_crop,group_delay_var,1,5000,-0.055717846964713866,8.08306258033369e-05,5000,-0.15697217514407782,5.260072818838904e-28,negated_raw_is_spoof,screen,0.00011834026261403571,1.651761184233525e-27
ASVspoof2021_DF,Res2TCNGuard,preemphasized_crop,inst_freq_dispersion,1,5000,-0.06751445484114144,1.7682598534251254e-06,5000,0.03053346116110493,0.03389600361255306,negated_raw_is_spoof,screen,2.8058338170051576e-06,0.04601639278310233
ASVspoof2021_DF,Res2TCNGuard,preemphasized_crop,modulation_centroid_hz,1,5000,-0.027000464760018588,0.056250245693266115,5000,0.15870021816126959,1.3495083159626056e-28,negated_raw_is_spoof,screen,0.06625795811722145,4.2576037010651224e-28
ASVspoof2021_DF,Res2TCNGuard,preemphasized_crop,modulation_entropy,1,5000,-0.0935609578544383,3.387746159461593e-11,5000,0.13684064919923847,1.3005271710426538e-21,negated_raw_is_spoof,screen,6.228633157751547e-11,3.734847260430185e-21
ASVspoof2021_DF,Spectra-AASIST,preemphasized_crop,crest_factor_db,0,5000,-0.18124653453561096,3.4712244778464406e-38,5000,-0.07876716185225688,3.3195099381106615e-08,negated_raw_is_spoof,screen,1.169254560958801e-37,7.025860404442094e-08
ASVspoof2021_DF,Spectra-AASIST,preemphasized_crop,peak_dbfs,0,5000,-0.05409685004759693,0.00012967715836718243,5000,-0.00031391479765237307,0.9824641954715642,negated_raw_is_spoof,screen,0.00018720311583833853,0.9867773155664838
ASVspoof2021_DF,Spectra-AASIST,preemphasized_crop,rms_dbfs,0,5000,0.16552337080079763,4.792986858123625e-32,5000,0.18912369799295287,9.974305186566008e-41,negated_raw_is_spoof,screen,1.4607198043805335e-31,3.841107785313672e-40
ASVspoof2021_DF,Spectra-AASIST,preemphasized_crop,integrated_lufs,0,5000,0.013839442107238418,0.3278772645734117,5000,-0.022545951027406752,0.11434045779611646,negated_raw_is_spoof,screen,0.3530985926175203,0.14402396933269027
ASVspoof2021_DF,Spectra-AASIST,preemphasized_crop,silence_fraction,0,5000,-0.23454552556871677,1.8688595382812108e-63,5000,-0.2120810946244874,5.378746040242768e-51,negated_raw_is_spoof,screen,8.782332935139677e-63,2.385820025771049e-50
ASVspoof2021_DF,Spectra-AASIST,preemphasized_crop,clipping_fraction,0,5000,0.007760768103393469,0.5832523726164205,5000,0.007179314948412402,0.6151845542275007,negated_raw_is_spoof,screen,0.6100320535381083,0.6635698562453941
ASVspoof2021_DF,Spectra-AASIST,preemphasized_crop,frame_rms_cv,0,5000,-0.2462159826141852,6.132420159439422e-70,5000,-0.2210897802663327,2.2568940826282503e-55,negated_raw_is_spoof,screen,3.086881158908833e-69,1.0387896051549207e-54
ASVspoof2021_DF,Spectra-AASIST,preemphasized_crop,frame_rms_range_db,0,5000,-0.08852836780775812,3.595431325863437e-10,5000,-0.1109756923473683,6.473307426267909e-15,negated_raw_is_spoof,screen,6.425877263245292e-10,1.5934295203121006e-14
ASVspoof2021_DF,Spectra-AASIST,preemphasized_crop,spectral_centroid_hz,0,5000,-0.33327543981901064,5.571726152763734e-130,5000,-0.30691858323949256,1.7167053715129524e-107,negated_raw_is_spoof,screen,4.6224691045150974e-129,1.1200252520938875e-106
ASVspoof2021_DF,Spectra-AASIST,preemphasized_crop,spectral_centroid_std_hz,0,5000,-0.05211219012274107,0.00022738460718137974,5000,-0.08736064481596079,8.869785929648314e-10,negated_raw_is_spoof,screen,0.00032270846045593917,1.9769473116828085e-09
ASVspoof2021_DF,Spectra-AASIST,preemphasized_crop,spectral_bandwidth_hz,0,5000,-0.25797568615798455,7.863200153974823e-77,5000,-0.3131898189224493,4.417558155374399e-112,negated_raw_is_spoof,screen,4.4033920862259e-76,2.9247281580409812e-111
ASVspoof2021_DF,Spectra-AASIST,preemphasized_crop,spectral_rolloff85_hz,0,5000,-0.32640917664734403,1.8670599165364202e-124,5000,-0.3214223326554122,2.8103433281006618e-118,negated_raw_is_spoof,screen,1.5025919328293106e-123,1.977540017260361e-117
ASVspoof2021_DF,Spectra-AASIST,preemphasized_crop,spectral_flatness,0,5000,-0.38969695995464204,4.976748173643105e-181,5000,-0.4363698093282187,3.2893641539573776e-227,negated_raw_is_spoof,screen,4.918198195129657e-180,4.131687311138986e-226
ASVspoof2021_DF,Spectra-AASIST,preemphasized_crop,spectral_slope_db_per_khz,0,5000,-0.3010300675493263,3.0120778102968634e-105,5000,-0.33911845644237626,2.854223165418769e-132,negated_raw_is_spoof,screen,2.1533152005526514e-104,2.1550988395072053e-131
ASVspoof2021_DF,Spectra-AASIST,preemphasized_crop,low_high_energy_ratio_db,0,5000,0.24208597096048914,1.3255652130665842e-67,5000,0.22492114485610618,2.701110604342916e-57,negated_raw_is_spoof,screen,6.431623272063138e-67,1.2649103317898534e-56
ASVspoof2021_DF,Spectra-AASIST,preemphasized_crop,spectral_flux,0,5000,0.30299991069890037,1.135258329359196e-106,5000,0.3369694084224462,1.602252918411569e-130,negated_raw_is_spoof,screen,8.337634943490488e-106,1.1963488457473047e-129
ASVspoof2021_DF,Spectra-AASIST,preemphasized_crop,f0_median_hz,0,3742,-0.03610334934911394,0.027209982609809166,3742,-0.006252373575995595,0.7058335885343282,negated_raw_is_spoof,screen,0.03297584907807351,0.7496583367836175
ASVspoof2021_DF,Spectra-AASIST,preemphasized_crop,f0_iqr_hz,0,3742,-0.05159507119062481,0.0015928312018398877,3742,0.008794816509648713,0.5954529741647431,negated_raw_is_spoof,screen,0.002147206755539427,0.6464368314034045
ASVspoof2021_DF,Spectra-AASIST,preemphasized_crop,voiced_fraction,0,5000,0.029161896151918484,0.03920960395779728,5000,0.0422803068008725,0.003059450176425556,negated_raw_is_spoof,screen,0.04684240686158182,0.004689614633493878
ASVspoof2021_DF,Spectra-AASIST,preemphasized_crop,hnr_db,0,3742,0.007013170544871506,0.6680172273761763,3742,0.020220095019045953,0.22215957148181512,negated_raw_is_spoof,screen,0.6890369559428864,0.2663536700013912
ASVspoof2021_DF,Spectra-AASIST,preemphasized_crop,cpp_proxy_db,0,3742,-0.06863842755377803,2.6422143165303087e-05,3742,0.008415390975334329,0.6114227818254614,negated_raw_is_spoof,screen,3.967749766946073e-05,0.6600419427898956
ASVspoof2021_DF,Spectra-AASIST,preemphasized_crop,jitter_proxy,0,3742,0.05133082197218382,0.0016835768976007132,3742,0.0209924046415758,0.20499632001536472,negated_raw_is_spoof,screen,0.0022649923427180765,0.247765336421448
ASVspoof2021_DF,Spectra-AASIST,preemphasized_crop,shimmer_proxy_db,0,3742,0.0032936777352293965,0.840375087330507,3742,-0.009042540222025068,0.5851301742597773,negated_raw_is_spoof,screen,0.8537143744309912,0.6363303768109625
ASVspoof2021_DF,Spectra-AASIST,preemphasized_crop,f0_delta_hz,0,3742,-0.002739369307782922,0.8669634896637803,3742,0.006625540769814853,0.6891666346105536,negated_raw_is_spoof,screen,0.8780700302246577,0.7345281180940397
ASVspoof2021_DF,Spectra-AASIST,preemphasized_crop,group_delay_var,0,5000,-0.2790767244125582,4.028070038946973e-90,5000,-0.28699915020956224,1.2000009964419427e-93,negated_raw_is_spoof,screen,2.518012154578945e-89,7.432264236027516e-93
ASVspoof2021_DF,Spectra-AASIST,preemphasized_crop,inst_freq_dispersion,0,5000,0.05543857330124815,8.77676671157634e-05,5000,0.02681060299938198,0.060441602198322106,negated_raw_is_spoof,screen,0.00012793898547026683,0.07932960288529776
ASVspoof2021_DF,Spectra-AASIST,preemphasized_crop,modulation_centroid_hz,0,5000,0.12279059763035877,2.948263592970238e-18,5000,0.15611233001433847,3.900804940110044e-28,negated_raw_is_spoof,screen,6.485214842801964e-18,1.2277943418051286e-27
ASVspoof2021_DF,Spectra-AASIST,preemphasized_crop,modulation_entropy,0,5000,0.0011079078684492637,0.9375724322184312,5000,0.08008836703619843,1.947073757607369e-08,negated_raw_is_spoof,screen,0.9417767929010251,4.153757349562387e-08
ASVspoof2021_DF,Spectra-AASIST,preemphasized_crop,crest_factor_db,1,5000,-0.04208976423365149,0.0029130177771695778,5000,-0.01849879170136167,0.19878861197722977,negated_raw_is_spoof,screen,0.0038308178987435547,0.24112986867996103
ASVspoof2021_DF,Spectra-AASIST,preemphasized_crop,peak_dbfs,1,5000,-0.08762233289012857,5.42725416233759e-10,5000,-0.008134924587204261,0.5720397612220144,negated_raw_is_spoof,screen,9.661231250571817e-10,0.6245503160701765
ASVspoof2021_DF,Spectra-AASIST,preemphasized_crop,rms_dbfs,1,5000,-0.09536892526849014,1.4056619756324721e-11,5000,0.01023892472947101,0.47696016453261164,negated_raw_is_spoof,screen,2.6275517319193917e-11,0.5306576664998593
ASVspoof2021_DF,Spectra-AASIST,preemphasized_crop,integrated_lufs,1,5000,-0.16904976433833374,2.260625933614241e-33,5000,-0.13059572758381788,8.163932582696168e-20,negated_raw_is_spoof,screen,7.033058460133195e-33,2.248427334250748e-19
ASVspoof2021_DF,Spectra-AASIST,preemphasized_crop,silence_fraction,1,5000,-0.12331261105494147,2.119328211670517e-18,5000,0.023230180098499534,0.10658079055198573,negated_raw_is_spoof,screen,4.708061349562273e-18,0.13488190442737177
ASVspoof2021_DF,Spectra-AASIST,preemphasized_crop,clipping_fraction,1,5000,-0.061053560748535976,1.559658966300521e-05,5000,-0.05331008727772519,0.00021099070561092785,negated_raw_is_spoof,screen,2.3847345286779295e-05,0.00036262341220087853
ASVspoof2021_DF,Spectra-AASIST,preemphasized_crop,frame_rms_cv,1,5000,-0.15442630896728973,4.623701437124483e-28,5000,-0.0042777899453910525,0.7663666890110088,negated_raw_is_spoof,screen,1.3165793922659546e-27,0.8046850234615592
ASVspoof2021_DF,Spectra-AASIST,preemphasized_crop,frame_rms_range_db,1,5000,-0.09058616456449099,1.3898254486132734e-10,5000,0.03083485948978387,0.03217287325956255,negated_raw_is_spoof,screen,2.5072824200486437e-10,0.0438543018872739
ASVspoof2021_DF,Spectra-AASIST,preemphasized_crop,spectral_centroid_hz,1,5000,-0.1361746806185964,3.977975161571363e-22,5000,0.005113018015735993,0.7224805902539282,negated_raw_is_spoof,screen,9.564219350897876e-22,0.7633757180041505
ASVspoof2021_DF,Spectra-AASIST,preemphasized_crop,spectral_centroid_std_hz,1,5000,0.00787451249211443,0.5777450390732541,5000,0.04022904944833296,0.005183780499497307,negated_raw_is_spoof,screen,0.6052138211336349,0.007784358649524447
ASVspoof2021_DF,Spectra-AASIST,preemphasized_crop,spectral_bandwidth_hz,1,5000,-0.0654832501807596,3.58352457110221e-06,5000,0.04447505519448626,0.0019968171854003697,negated_raw_is_spoof,screen,5.626468485468891e-06,0.0031425319639087784
ASVspoof2021_DF,Spectra-AASIST,preemphasized_crop,spectral_rolloff85_hz,1,5000,-0.12835359412587968,8.131830766016161e-20,5000,0.005298406213718221,0.7128564036335683,negated_raw_is_spoof,screen,1.8650478753456862e-19,0.7549873967561196
ASVspoof2021_DF,Spectra-AASIST,preemphasized_crop,spectral_flatness,1,5000,0.0800986825434815,1.4152771142895377e-08,5000,0.1815276136641898,4.9170239043409474e-37,negated_raw_is_spoof,screen,2.4261893387820647e-08,1.7622613673157954e-36
ASVspoof2021_DF,Spectra-AASIST,preemphasized_crop,spectral_slope_db_per_khz,1,5000,0.041875755505060334,0.0030602346376525738,5000,0.16233152079384416,7.3584106895088e-30,negated_raw_is_spoof,screen,0.004016557961919003,2.371631646690606e-29
ASVspoof2021_DF,Spectra-AASIST,preemphasized_crop,low_high_energy_ratio_db,1,5000,0.10263426009061298,3.470863606009091e-13,5000,0.016332021150324925,0.2565952184359263,negated_raw_is_spoof,screen,6.790161115685906e-13,0.30384491064130836
ASVspoof2021_DF,Spectra-AASIST,preemphasized_crop,spectral_flux,1,5000,0.00872906857462923,0.5371715476878999,5000,0.008335145831196579,0.5626176540443869,negated_raw_is_spoof,screen,0.5644711181333366,0.6157639470974398
ASVspoof2021_DF,Spectra-AASIST,preemphasized_crop,f0_median_hz,1,3986,-0.01165187470157442,0.462075988497499,3986,0.017394881164261727,0.2828248916732161,negated_raw_is_spoof,screen,0.4890001012131013,0.3319131084929355
ASVspoof2021_DF,Spectra-AASIST,preemphasized_crop,f0_iqr_hz,1,3986,0.05429777745535834,0.0006046212177294226,3986,0.06105799690456648,0.00016124504494191542,negated_raw_is_spoof,screen,0.0008325931522831393,0.0002807167621786714
ASVspoof2021_DF,Spectra-AASIST,preemphasized_crop,voiced_fraction,1,5000,0.08542506223515456,1.4483237934122753e-09,5000,-0.022902407461814843,0.11161445952639104,negated_raw_is_spoof,screen,2.547836620871856e-09,0.14085430385302306
ASVspoof2021_DF,Spectra-AASIST,preemphasized_crop,hnr_db,1,3986,0.02180579812788832,0.16868667504554682,3986,-0.019062672339829872,0.23920119063730236,negated_raw_is_spoof,screen,0.1872129572759826,0.28525856274759037
ASVspoof2021_DF,Spectra-AASIST,preemphasized_crop,cpp_proxy_db,1,3986,-0.15893004460141247,5.807745025565435e-24,3986,-0.059557455515685864,0.00023306366317920693,negated_raw_is_spoof,screen,1.4672197959323204e-23,0.0003985210729171172
ASVspoof2021_DF,Spectra-AASIST,preemphasized_crop,jitter_proxy,1,3986,0.028446268013879887,0.07253446815397674,3986,0.06169579592618692,0.0001375309880541843,negated_raw_is_spoof,screen,0.08425784373288223,0.0002416230692089199
ASVspoof2021_DF,Spectra-AASIST,preemphasized_crop,shimmer_proxy_db,1,3986,0.09213348606431815,5.6297480185427594e-09,3986,0.07621429714421947,2.45149291460608e-06,negated_raw_is_spoof,screen,9.763072692801895e-09,4.761281036460364e-06
ASVspoof2021_DF,Spectra-AASIST,preemphasized_crop,f0_delta_hz,1,3986,0.02069985161412775,0.19134499587736617,3986,0.054479408663463,0.0007629051764396459,negated_raw_is_spoof,screen,0.21079317578621323,0.001242214652295577
ASVspoof2021_DF,Spectra-AASIST,preemphasized_crop,group_delay_var,1,5000,0.009181445216579936,0.5162882377798015,5000,-0.007392121936627209,0.6076340529913137,negated_raw_is_spoof,screen,0.5433761876084989,0.6564792340999401
ASVspoof2021_DF,Spectra-AASIST,preemphasized_crop,inst_freq_dispersion,1,5000,0.005674693220929792,0.6882991564895697,5000,0.011848408646750038,0.41050628107752846,negated_raw_is_spoof,screen,0.709412627547532,0.4671637948926319
ASVspoof2021_DF,Spectra-AASIST,preemphasized_crop,modulation_centroid_hz,1,5000,0.11666542327541675,1.2770161003805802e-16,5000,0.021049866032258457,0.14367088745511666,negated_raw_is_spoof,screen,2.732977132024681e-16,0.1784599563213279
ASVspoof2021_DF,Spectra-AASIST,preemphasized_crop,modulation_entropy,1,5000,0.12189850242949346,5.166062805625998e-18,5000,0.003910399962774054,0.785920350673175,negated_raw_is_spoof,screen,1.1253141670601851e-17,0.817406565066728
ASVspoof2021_DF,W2V2-AASIST,preemphasized_crop,crest_factor_db,0,5000,-0.3630896568144429,1.1485336034614172e-155,5000,-0.19870983821742902,7.321537684093254e-45,negated_raw_is_spoof,screen,1.0429926777379356e-154,2.9728539720306143e-44
ASVspoof2021_DF,W2V2-AASIST,preemphasized_crop,peak_dbfs,0,5000,0.00781252241693842,0.5807434727460971,5000,0.03995669113697604,0.005129298511795178,negated_raw_is_spoof,screen,0.6078810182015222,0.007711160178806174
ASVspoof2021_DF,W2V2-AASIST,preemphasized_crop,rms_dbfs,0,5000,0.5097759023919747,0.0,5000,0.586750930255428,0.0,negated_raw_is_spoof,screen,0.0,0.0
ASVspoof2021_DF,W2V2-AASIST,preemphasized_crop,integrated_lufs,0,5000,0.07188413261026619,3.613101344423464e-07,5000,0.07828713591637626,4.008333208850673e-08,negated_raw_is_spoof,screen,5.878944560417839e-07,8.443886885102359e-08
ASVspoof2021_DF,W2V2-AASIST,preemphasized_crop,silence_fraction,0,5000,-0.6443735061937317,0.0,5000,-0.6225202436937494,0.0,negated_raw_is_spoof,screen,0.0,0.0
ASVspoof2021_DF,W2V2-AASIST,preemphasized_crop,clipping_fraction,0,5000,0.10566959950326608,6.83085549328334e-14,5000,0.05577089035191558,9.306339001608791e-05,negated_raw_is_spoof,screen,1.3580872460018947e-13,0.00016654753153345157
ASVspoof2021_DF,W2V2-AASIST,preemphasized_crop,frame_rms_cv,0,5000,-0.6900668276369195,0.0,5000,-0.6421469527530693,0.0,negated_raw_is_spoof,screen,0.0,0.0
ASVspoof2021_DF,W2V2-AASIST,preemphasized_crop,frame_rms_range_db,0,5000,-0.23345647723267093,7.224038767048903e-63,5000,-0.4364067373201992,2.9832470380029806e-227,negated_raw_is_spoof,screen,3.382964495788755e-62,3.7825320934679304e-226
ASVspoof2021_DF,W2V2-AASIST,preemphasized_crop,spectral_centroid_hz,0,5000,-0.452247381781311,1.145098070170224e-250,5000,-0.3996073695441975,1.6714985275577618e-187,negated_raw_is_spoof,screen,1.63724660245615e-249,1.6046385864554512e-186
ASVspoof2021_DF,W2V2-AASIST,preemphasized_crop,spectral_centroid_std_hz,0,5000,0.2998996253047754,1.9539854060122367e-104,5000,0.12115346387637539,1.6762197587071708e-17,negated_raw_is_spoof,screen,1.3895007331642572e-103,4.3575229317261847e-17
ASVspoof2021_DF,W2V2-AASIST,preemphasized_crop,spectral_bandwidth_hz,0,5000,-0.6211759871946724,0.0,5000,-0.5833404760371425,0.0,negated_raw_is_spoof,screen,0.0,0.0
ASVspoof2021_DF,W2V2-AASIST,preemphasized_crop,spectral_rolloff85_hz,0,5000,-0.5464362553771045,0.0,5000,-0.4759606430198221,7.695614971533227e-276,negated_raw_is_spoof,screen,0.0,1.4567473974282615e-274
ASVspoof2021_DF,W2V2-AASIST,preemphasized_crop,spectral_flatness,0,5000,-0.5822865200833602,0.0,5000,-0.5391128705097735,0.0,negated_raw_is_spoof,screen,0.0,0.0
ASVspoof2021_DF,W2V2-AASIST,preemphasized_crop,spectral_slope_db_per_khz,0,5000,-0.32731421185999066,3.5566472018928713e-125,5000,-0.3288330527309347,5.033193012988772e-124,negated_raw_is_spoof,screen,2.9147157556975726e-124,3.5981975582217606e-123
ASVspoof2021_DF,W2V2-AASIST,preemphasized_crop,low_high_energy_ratio_db,0,5000,0.34307672820400453,4.069517864259906e-138,5000,0.30635221804110474,4.4022219326566375e-107,negated_raw_is_spoof,screen,3.4616658288388065e-137,2.8582542403335848e-106
ASVspoof2021_DF,W2V2-AASIST,preemphasized_crop,spectral_flux,0,5000,0.6630760874185264,0.0,5000,0.5712584728534968,0.0,negated_raw_is_spoof,screen,0.0,0.0
ASVspoof2021_DF,W2V2-AASIST,preemphasized_crop,f0_median_hz,0,3742,0.0620612620190977,0.00014539934374052503,3742,-0.022024257526294257,0.18359769367372328,negated_raw_is_spoof,screen,0.00020877854485818977,0.2240596914825391
ASVspoof2021_DF,W2V2-AASIST,preemphasized_crop,f0_iqr_hz,0,3742,0.07041858204344979,1.621130874582297e-05,3742,0.00760129024970051,0.646310143722248,negated_raw_is_spoof,screen,2.4702946660301667e-05,0.6934039419849316
ASVspoof2021_DF,W2V2-AASIST,preemphasized_crop,voiced_fraction,0,5000,0.13976366822304012,3.111090886717186e-23,5000,0.10566456151715005,1.1784504463617142e-13,negated_raw_is_spoof,screen,7.728846860901844e-23,2.86927065201113e-13
ASVspoof2021_DF,W2V2-AASIST,preemphasized_crop,hnr_db,0,3742,-0.05092043550703148,0.00183396944814815,3742,-0.020066113893975304,0.22570110023620754,negated_raw_is_spoof,screen,0.002459935068174764,0.2701177904875004
ASVspoof2021_DF,W2V2-AASIST,preemphasized_crop,cpp_proxy_db,0,3742,0.14449127353140587,6.537467434497517e-19,3742,0.10919570394049916,3.794431642336555e-11,negated_raw_is_spoof,screen,1.4791845508358019e-18,8.853673832118627e-11
ASVspoof2021_DF,W2V2-AASIST,preemphasized_crop,jitter_proxy,0,3742,0.07480111919451436,4.636105508204211e-06,3742,-0.00046306602569381544,0.9776979174179495,negated_raw_is_spoof,screen,7.2368476225626705e-06,0.9835523959653625
ASVspoof2021_DF,W2V2-AASIST,preemphasized_crop,shimmer_proxy_db,0,3742,0.08396412987441872,2.6950453179549776e-07,3742,0.042671114324824774,0.009959970222410845,negated_raw_is_spoof,screen,4.3958020720042354e-07,0.014534419086775436
ASVspoof2021_DF,W2V2-AASIST,preemphasized_crop,f0_delta_hz,0,3742,0.09647892886842101,3.346579457227516e-09,3742,-0.013085810058936472,0.42951598276561187,negated_raw_is_spoof,screen,5.8463963013877845e-09,0.48550839431201204
ASVspoof2021_DF,W2V2-AASIST,preemphasized_crop,group_delay_var,0,5000,-0.7019435481771286,0.0,5000,-0.6539737054004375,0.0,negated_raw_is_spoof,screen,0.0,0.0
ASVspoof2021_DF,W2V2-AASIST,preemphasized_crop,inst_freq_dispersion,0,5000,0.17643572160981244,3.0287667105945305e-36,5000,0.12678252830626838,4.96577708134563e-19,negated_raw_is_spoof,screen,9.880248686987983e-36,1.3455654026872031e-18
ASVspoof2021_DF,W2V2-AASIST,preemphasized_crop,modulation_centroid_hz,0,5000,0.42358500949606454,6.423133543960884e-217,5000,0.49422283683723445,1.576840608332492e-300,negated_raw_is_spoof,screen,7.847901348257663e-216,3.591989453557405e-299
ASVspoof2021_DF,W2V2-AASIST,preemphasized_crop,modulation_entropy,0,5000,0.2516783438032949,4.28004436953449e-73,5000,0.3434038002652945,8.42511559045718e-136,negated_raw_is_spoof,screen,2.2558351500605315e-72,6.545292111892745e-135
ASVspoof2021_DF,W2V2-AASIST,preemphasized_crop,crest_factor_db,1,5000,-0.022085270570301425,0.11841420957664724,5000,0.0037309800270717763,0.795519793640454,negated_raw_is_spoof,screen,0.13418945840726296,0.8249834897012116
ASVspoof2021_DF,W2V2-AASIST,preemphasized_crop,peak_dbfs,1,5000,-0.1276673081569086,1.27741275589738e-19,5000,0.029823686264459158,0.03826796131401458,negated_raw_is_spoof,screen,2.9247746915265394e-19,0.0514321400060356
ASVspoof2021_DF,W2V2-AASIST,preemphasized_crop,rms_dbfs,1,5000,-0.1190993971211349,2.923462646912374e-17,5000,0.11232038220276734,5.0205856360682366e-15,negated_raw_is_spoof,screen,6.327107564332094e-17,1.240379980675682e-14
ASVspoof2021_DF,W2V2-AASIST,preemphasized_crop,integrated_lufs,1,5000,-0.12337726380558425,2.034225610298377e-18,5000,0.0011658144876261355,0.9354544495348108,negated_raw_is_spoof,screen,4.526488775233474e-18,0.9474384176147596
ASVspoof2021_DF,W2V2-AASIST,preemphasized_crop,silence_fraction,1,5000,0.06422019366140702,5.503718206703871e-06,5000,-0.1698393183612004,1.4466233776649938e-32,negated_raw_is_spoof,screen,8.561339432650466e-06,4.8973849359741855e-32
ASVspoof2021_DF,W2V2-AASIST,preemphasized_crop,clipping_fraction,1,5000,-0.0530388322868721,0.000175348931623637,5000,0.020015925442581066,0.164402026012911,negated_raw_is_spoof,screen,0.0002507116639384767,0.2021558307057204
ASVspoof2021_DF,W2V2-AASIST,preemphasized_crop,frame_rms_cv,1,5000,0.04956290570997986,0.0004550575341563633,5000,-0.12255802168231687,1.2860229252562638e-17,negated_raw_is_spoof,screen,0.0006324687961800954,3.349641107644222e-17
ASVspoof2021_DF,W2V2-AASIST,preemphasized_crop,frame_rms_range_db,1,5000,0.0940689224641064,2.650317842936724e-11,5000,-0.12501045344217115,2.8499407388042456e-18,negated_raw_is_spoof,screen,4.886182689858652e-11,7.599841970144654e-18
ASVspoof2021_DF,W2V2-AASIST,preemphasized_crop,spectral_centroid_hz,1,5000,-0.08658433150638757,8.654957114734408e-10,5000,-0.09259750709265098,1.1518452110387003e-10,negated_raw_is_spoof,screen,1.5265436170870136e-09,2.637274214030687e-10
ASVspoof2021_DF,W2V2-AASIST,preemphasized_crop,spectral_centroid_std_hz,1,5000,0.08699510952294684,7.200028805779263e-10,5000,0.007075382590769086,0.6231064622943339,negated_raw_is_spoof,screen,1.2749458122486599e-09,0.6715758502995868
ASVspoof2021_DF,W2V2-AASIST,preemphasized_crop,spectral_bandwidth_hz,1,5000,-0.16332881410411115,3.0997809633867477e-31,5000,-0.1653004905130936,6.482763441761853e-31,negated_raw_is_spoof,screen,9.258012477315087e-31,2.151317053266156e-30
ASVspoof2021_DF,W2V2-AASIST,preemphasized_crop,spectral_rolloff85_hz,1,5000,-0.12468002832073777,8.866309773100965e-19,5000,-0.11855907189809556,1.4073995043324875e-16,negated_raw_is_spoof,screen,1.999382606551627e-18,3.5960930300814886e-16
ASVspoof2021_DF,W2V2-AASIST,preemphasized_crop,spectral_flatness,1,5000,-0.2091122662857337,1.5971563884985877e-50,5000,-0.22308698227306206,1.6758946050174094e-55,negated_raw_is_spoof,screen,6.186104282830265e-50,7.740214258224737e-55
ASVspoof2021_DF,W2V2-AASIST,preemphasized_crop,spectral_slope_db_per_khz,1,5000,-0.19973321389164533,3.684439150798369e-46,5000,-0.20556582343140112,3.221405456586699e-47,negated_raw_is_spoof,screen,1.3492877980035446e-45,1.324027196835634e-46
ASVspoof2021_DF,W2V2-AASIST,preemphasized_crop,low_high_energy_ratio_db,1,5000,0.13492865800248235,9.485279194604518e-22,5000,0.0747279047450528,2.016982258872934e-07,negated_raw_is_spoof,screen,2.268365700631401e-21,4.1386628334736234e-07
ASVspoof2021_DF,W2V2-AASIST,preemphasized_crop,spectral_flux,1,5000,0.12197436208795788,4.926234485761676e-18,5000,0.12602741445927979,1.5123074935270772e-18,negated_raw_is_spoof,screen,1.0748147968934565e-17,4.073229000601988e-18
ASVspoof2021_DF,W2V2-AASIST,preemphasized_crop,f0_median_hz,1,3986,-0.027024051400412228,0.0880203957596199,3986,-0.026517645858586677,0.10154336323462566,negated_raw_is_spoof,screen,0.10085201355577932,0.12862797378636842
ASVspoof2021_DF,W2V2-AASIST,preemphasized_crop,f0_iqr_hz,1,3986,0.02686363322679184,0.0899230902647134,3986,-0.01471881392614074,0.3634822379356621,negated_raw_is_spoof,screen,0.10294432139333459,0.42041319086534407
ASVspoof2021_DF,W2V2-AASIST,preemphasized_crop,voiced_fraction,1,5000,-0.0037951416494001657,0.788475403609435,5000,0.005428082566799308,0.7061513797381397,negated_raw_is_spoof,screen,0.805251476026657,0.7496583367836175
ASVspoof2021_DF,W2V2-AASIST,preemphasized_crop,hnr_db,1,3986,-0.08052844938628419,3.5651804539706244e-07,3986,-0.03491302631212349,0.031076255663892185,negated_raw_is_spoof,screen,5.808003066832144e-07,0.04248879716406012
ASVspoof2021_DF,W2V2-AASIST,preemphasized_crop,cpp_proxy_db,1,3986,0.10982990670037172,3.577149432636488e-12,3986,-0.02092501712832083,0.1963583584461121,negated_raw_is_spoof,screen,6.780943353262961e-12,0.23839713979365373
ASVspoof2021_DF,W2V2-AASIST,preemphasized_crop,jitter_proxy,1,3986,0.10769517461573758,9.295332527202384e-12,3986,0.0009752905091658723,0.9519868975093251,negated_raw_is_spoof,screen,1.7423886912914927e-11,0.9620078122199496
ASVspoof2021_DF,W2V2-AASIST,preemphasized_crop,shimmer_proxy_db,1,3986,0.04215825581721675,0.007767771841122135,3986,0.03645305658899323,0.02436887215034518,negated_raw_is_spoof,screen,0.00988625507051908,0.033869456225505606
ASVspoof2021_DF,W2V2-AASIST,preemphasized_crop,f0_delta_hz,1,3986,0.04435719780699845,0.005094735857410176,3986,-0.011085471237279668,0.4937171783536103,negated_raw_is_spoof,screen,0.0065524641075208395,0.5474883561941024
ASVspoof2021_DF,W2V2-AASIST,preemphasized_crop,group_delay_var,1,5000,-0.0425598804836739,0.002612052321837739,5000,-0.14727658230942417,8.169343517042035e-25,negated_raw_is_spoof,screen,0.0034553133076278752,2.4562858359965313e-24
ASVspoof2021_DF,W2V2-AASIST,preemphasized_crop,inst_freq_dispersion,1,5000,-0.04318245449820849,0.0022572044816396154,5000,0.008781165317305582,0.5419019569737136,negated_raw_is_spoof,screen,0.0030096059755194875,0.5955161326023475
ASVspoof2021_DF,W2V2-AASIST,preemphasized_crop,modulation_centroid_hz,1,5000,0.06455392700229791,4.917527493532786e-06,5000,0.16264867165208008,5.688960541232062e-30,negated_raw_is_spoof,screen,7.658351044389414e-06,1.846850958313017e-29
ASVspoof2021_DF,W2V2-AASIST,preemphasized_crop,modulation_entropy,1,5000,0.010587915018820029,0.45415112529404134,5000,0.09839199698420376,7.343792507815404e-12,negated_raw_is_spoof,screen,0.4817514699251709,1.737686114525335e-11
ASVspoof2021_DF,WhisperMFCCMesoNet,preemphasized_crop,crest_factor_db,0,5000,-0.006148496790234999,0.663809394975914,5000,0.02022442434004769,0.15671237537580537,negated_raw_is_spoof,screen,0.6852226012654595,0.193763967345982
ASVspoof2021_DF,WhisperMFCCMesoNet,preemphasized_crop,peak_dbfs,0,5000,0.0012927452210439218,0.9271842376273921,5000,0.032785469068278415,0.021665279547454116,negated_raw_is_spoof,screen,0.9334349178810599,0.030331391366435763
ASVspoof2021_DF,WhisperMFCCMesoNet,preemphasized_crop,rms_dbfs,0,5000,0.011037135226015191,0.43523082132164864,5000,-0.0030126235739445666,0.8329357144235164,negated_raw_is_spoof,screen,0.46351047849151805,0.8571712099427305
ASVspoof2021_DF,WhisperMFCCMesoNet,preemphasized_crop,integrated_lufs,0,5000,-0.02599212579293265,0.06609604322288881,5000,-0.020569429785512766,0.14971846247889345,negated_raw_is_spoof,screen,0.07738073352923568,0.18545770836095188
ASVspoof2021_DF,WhisperMFCCMesoNet,preemphasized_crop,silence_fraction,0,5000,-0.023331019843282823,0.0990320883669805,5000,0.00869045731061095,0.5428567879389055,negated_raw_is_spoof,screen,0.1130833702338333,0.5960780416584059
ASVspoof2021_DF,WhisperMFCCMesoNet,preemphasized_crop,clipping_fraction,0,5000,0.044383951024468404,0.0016942048185571957,5000,0.05304244382556618,0.00020197410920720638,negated_raw_is_spoof,screen,0.0022747365396012698,0.0003484636749351545
ASVspoof2021_DF,WhisperMFCCMesoNet,preemphasized_crop,frame_rms_cv,0,5000,-0.03227358273249244,0.022482800946748645,5000,0.00042510507045316213,0.9762545149749426,negated_raw_is_spoof,screen,0.027403533474388297,0.9828360060871333
ASVspoof2021_DF,WhisperMFCCMesoNet,preemphasized_crop,frame_rms_range_db,0,5000,-0.01966009667534755,0.16453935008467516,5000,0.043624096041153526,0.002243708383400468,negated_raw_is_spoof,screen,0.18336723591525989,0.0035064465898723596
ASVspoof2021_DF,WhisperMFCCMesoNet,preemphasized_crop,spectral_centroid_hz,0,5000,-0.04758284532959778,0.0007635512519458479,5000,-0.05545651378560485,0.00010193610748512882,negated_raw_is_spoof,screen,0.0010460885653570025,0.00018121974664022901
ASVspoof2021_DF,WhisperMFCCMesoNet,preemphasized_crop,spectral_centroid_std_hz,0,5000,0.004208178888529148,0.7660923646861041,5000,-0.040529554964671706,0.004526098142923953,negated_raw_is_spoof,screen,0.7841798462590434,0.006827245683602462
ASVspoof2021_DF,WhisperMFCCMesoNet,preemphasized_crop,spectral_bandwidth_hz,0,5000,-0.053761219769029325,0.00014278569858418316,5000,-0.05064584621050048,0.00038759287063330435,negated_raw_is_spoof,screen,0.00020524489721619483,0.0006487233102505119
ASVspoof2021_DF,WhisperMFCCMesoNet,preemphasized_crop,spectral_rolloff85_hz,0,5000,-0.059333649845156204,2.6907778601521704e-05,5000,-0.05555482484070249,9.907909976096128e-05,negated_raw_is_spoof,screen,4.0361667902282555e-05,0.00017637392063408208
ASVspoof2021_DF,WhisperMFCCMesoNet,preemphasized_crop,spectral_flatness,0,5000,-0.10984599953511257,6.758317366294898e-15,5000,-0.12794774997234892,2.349004956129226e-19,negated_raw_is_spoof,screen,1.3931255429908502e-14,6.416794026499349e-19
ASVspoof2021_DF,WhisperMFCCMesoNet,preemphasized_crop,spectral_slope_db_per_khz,0,5000,-0.10581650506973937,6.306547291710526e-14,5000,-0.14731899664076298,3.339045891112016e-25,negated_raw_is_spoof,screen,1.257566700305482e-13,1.008466893854955e-24
ASVspoof2021_DF,WhisperMFCCMesoNet,preemphasized_crop,low_high_energy_ratio_db,0,5000,0.0013100479244647991,0.9262124015177808,5000,0.01812201681077584,0.20445214117243443,negated_raw_is_spoof,screen,0.933155522968439,0.24733004296647335
ASVspoof2021_DF,WhisperMFCCMesoNet,preemphasized_crop,spectral_flux,0,5000,0.09413059399826028,2.57226552166528e-11,5000,0.05462684057421819,0.00012933980888519837,negated_raw_is_spoof,screen,4.7487978861512865e-11,0.00022782792023814756
ASVspoof2021_DF,WhisperMFCCMesoNet,preemphasized_crop,f0_median_hz,0,3742,0.13020112517247617,1.284788519524876e-15,3742,-0.0002697216602265211,0.987008608156486,negated_raw_is_spoof,screen,2.677140729056486e-15,0.9899549025091918
ASVspoof2021_DF,WhisperMFCCMesoNet,preemphasized_crop,f0_iqr_hz,0,3742,0.060864530227858704,0.00019499927626625733,3742,-0.03444362877473392,0.03752842406549932,negated_raw_is_spoof,screen,0.00027821552792128433,0.05053928050504117
ASVspoof2021_DF,WhisperMFCCMesoNet,preemphasized_crop,voiced_fraction,0,5000,0.058058027143107135,3.9951314340891394e-05,5000,-0.02781908133505133,0.05138990935770638,negated_raw_is_spoof,screen,5.952834420638363e-05,0.06791350853171818
ASVspoof2021_DF,WhisperMFCCMesoNet,preemphasized_crop,hnr_db,0,3742,0.00883686084482535,0.5889229876063798,3742,-0.0019878072167018464,0.9044804282520029,negated_raw_is_spoof,screen,0.6150058238873151,0.921623726740479
ASVspoof2021_DF,WhisperMFCCMesoNet,preemphasized_crop,cpp_proxy_db,0,3742,-0.0030391400776623293,0.8525637604532941,3742,-0.08191829085766518,7.281195237438052e-07,negated_raw_is_spoof,screen,0.865442367106667,1.4519178633704364e-06
ASVspoof2021_DF,WhisperMFCCMesoNet,preemphasized_crop,jitter_proxy,0,3742,0.051606531200796245,0.001588999497210679,3742,0.037186266638420416,0.02472321462188092,negated_raw_is_spoof,screen,0.002144192092621639,0.034291022138088705
ASVspoof2021_DF,WhisperMFCCMesoNet,preemphasized_crop,shimmer_proxy_db,0,3742,0.04007584765298642,0.014219060058061334,3742,0.005980110232840756,0.71808400523309,negated_raw_is_spoof,screen,0.017694830294476327,0.7593272250458482
ASVspoof2021_DF,WhisperMFCCMesoNet,preemphasized_crop,f0_delta_hz,0,3742,0.14369287709874395,1.019949705149597e-18,3742,0.04873523977618078,0.003241247907738755,negated_raw_is_spoof,screen,2.288501508716291e-18,0.004950269531819189
ASVspoof2021_DF,WhisperMFCCMesoNet,preemphasized_crop,group_delay_var,0,5000,-0.04560928757056074,0.0012556143285870798,5000,-0.012042339234212609,0.39911137858506385,negated_raw_is_spoof,screen,0.0017028715011312163,0.4553528801513802
ASVspoof2021_DF,WhisperMFCCMesoNet,preemphasized_crop,inst_freq_dispersion,0,5000,-0.012140944307358802,0.39072054288217156,5000,-0.02216298264810935,0.12066339099007359,negated_raw_is_spoof,screen,0.4187626871081648,0.15170402010351627
ASVspoof2021_DF,WhisperMFCCMesoNet,preemphasized_crop,modulation_centroid_hz,0,5000,0.04157281116890793,0.003280240506495391,5000,0.01573280000149894,0.270615999157034,negated_raw_is_spoof,screen,0.004296923236578758,0.31932212718793124
ASVspoof2021_DF,WhisperMFCCMesoNet,preemphasized_crop,modulation_entropy,0,5000,0.02734400749507281,0.053188004797662,5000,-0.0038457149568157647,0.7877221410649284,negated_raw_is_spoof,screen,0.06270585828776995,0.8181596271957217
ASVspoof2021_DF,WhisperMFCCMesoNet,preemphasized_crop,crest_factor_db,1,5000,0.09450417926577577,2.145341912088643e-11,5000,-0.01130538315658131,0.43228858881886045,negated_raw_is_spoof,screen,3.9825131627722875e-11,0.48751563497711925
ASVspoof2021_DF,WhisperMFCCMesoNet,preemphasized_crop,peak_dbfs,1,5000,-0.029879954499803612,0.03462000606239917,5000,-0.008303335710439926,0.5641095739224335,negated_raw_is_spoof,screen,0.041544007274879,0.6168944404814896
ASVspoof2021_DF,WhisperMFCCMesoNet,preemphasized_crop,rms_dbfs,1,5000,-0.13691444690429358,2.36557426919951e-22,5000,0.006090835538276298,0.6722478661323068,negated_raw_is_spoof,screen,5.728525797845301e-22,0.7187757614016073
ASVspoof2021_DF,WhisperMFCCMesoNet,preemphasized_crop,integrated_lufs,1,5000,-0.1120001643201346,1.979423039463838e-15,5000,-0.019719988574101035,0.17068741131625248,negated_raw_is_spoof,screen,4.1181804412374586e-15,0.2093101102272293
ASVspoof2021_DF,WhisperMFCCMesoNet,preemphasized_crop,silence_fraction,1,5000,-0.05333302481801235,0.00016132431159025638,5000,-0.05538180256603847,0.00011826344210111803,negated_raw_is_spoof,screen,0.00023139794533330265,0.00020969138018984518
ASVspoof2021_DF,WhisperMFCCMesoNet,preemphasized_crop,clipping_fraction,1,5000,0.029295652980985968,0.03831749865294929,5000,-0.0009813892090884328,0.9456535258919645,negated_raw_is_spoof,screen,0.04581736493733438,0.9565257406373323
ASVspoof2021_DF,WhisperMFCCMesoNet,preemphasized_crop,frame_rms_cv,1,5000,-0.03657744046036476,0.009691834730508206,5000,-0.06828611875973004,2.0482660563661665e-06,negated_raw_is_spoof,screen,0.012219348853473762,3.989666057617577e-06
ASVspoof2021_DF,WhisperMFCCMesoNet,preemphasized_crop,frame_rms_range_db,1,5000,-0.1000670481450916,1.3233520943448039e-12,5000,-0.04188115373626222,0.0036110042183224358,negated_raw_is_spoof,screen,2.5408360211420236e-12,0.005496251041251816
ASVspoof2021_DF,WhisperMFCCMesoNet,preemphasized_crop,spectral_centroid_hz,1,5000,0.03710935819371807,0.008683347689167596,5000,0.034395060573627276,0.016860280546095993,negated_raw_is_spoof,screen,0.011009829522869103,0.024004467218170567
ASVspoof2021_DF,WhisperMFCCMesoNet,preemphasized_crop,spectral_centroid_std_hz,1,5000,-0.02132058743189366,0.1317113400670121,5000,0.02636095827312497,0.0670536856303068,negated_raw_is_spoof,screen,0.14819227622445166,0.08715682155428658
ASVspoof2021_DF,WhisperMFCCMesoNet,preemphasized_crop,spectral_bandwidth_hz,1,5000,0.07175525668854302,3.7914306283127775e-07,5000,0.010982283327731391,0.44556045826260066,negated_raw_is_spoof,screen,6.161647840933946e-07,0.5006187915661402
ASVspoof2021_DF,WhisperMFCCMesoNet,preemphasized_crop,spectral_rolloff85_hz,1,5000,0.04711913336286683,0.0008596314108550513,5000,0.03352630073834809,0.01984077534405572,negated_raw_is_spoof,screen,0.0011741307075093385,0.028069475855169352
ASVspoof2021_DF,WhisperMFCCMesoNet,preemphasized_crop,spectral_flatness,1,5000,0.16806481039479373,5.3411669757023285e-33,5000,0.049457225655282655,0.0005874703188230184,negated_raw_is_spoof,screen,1.6540388053787857e-32,0.0009675981721790891
ASVspoof2021_DF,WhisperMFCCMesoNet,preemphasized_crop,spectral_slope_db_per_khz,1,5000,0.020187600234411022,0.1535028254410182,5000,0.01622712163033561,0.25966312971089384,negated_raw_is_spoof,screen,0.17149442842288318,0.3072070830382406
ASVspoof2021_DF,WhisperMFCCMesoNet,preemphasized_crop,low_high_energy_ratio_db,1,5000,-0.03658192385342272,0.009682915672209663,5000,-0.04400480913375594,0.0022282358120224123,negated_raw_is_spoof,screen,0.012219348853473762,0.003486320059788268
ASVspoof2021_DF,WhisperMFCCMesoNet,preemphasized_crop,spectral_flux,1,5000,-0.25016803950474986,3.2502272173966487e-72,5000,-0.07622792352156416,1.1428861138843048e-07,negated_raw_is_spoof,screen,1.693141620225231e-71,2.355887940276849e-07
ASVspoof2021_DF,WhisperMFCCMesoNet,preemphasized_crop,f0_median_hz,1,3986,-0.08209676544550609,2.0995755209249266e-07,3986,-0.001382157656521823,0.9319984156571529,negated_raw_is_spoof,screen,3.449669315553914e-07,0.9453629212401612
ASVspoof2021_DF,WhisperMFCCMesoNet,preemphasized_crop,f0_iqr_hz,1,3986,-0.0919966245483582,5.930462044757813e-09,3986,-0.027051289849412595,0.09484409956508005,negated_raw_is_spoof,screen,1.0258096509851353e-08,0.12071067217373825
ASVspoof2021_DF,WhisperMFCCMesoNet,preemphasized_crop,voiced_fraction,1,5000,-0.15086977136569182,7.611625940239138e-27,5000,-0.021897503044483884,0.12822151179656313,negated_raw_is_spoof,screen,2.0708553165346967e-26,0.16030670870193567
ASVspoof2021_DF,WhisperMFCCMesoNet,preemphasized_crop,hnr_db,1,3986,-0.0759484438333228,1.583345282435386e-06,3986,0.00458178012912429,0.7772776920205337,negated_raw_is_spoof,screen,2.5153854132306844e-06,0.8104431482355292
ASVspoof2021_DF,WhisperMFCCMesoNet,preemphasized_crop,cpp_proxy_db,1,3986,-0.16603073879774344,4.954594567055678e-26,3986,-0.09739745038231651,1.6662380708062944e-09,negated_raw_is_spoof,screen,1.3212252178815142e-25,3.6711868314158356e-09
ASVspoof2021_DF,WhisperMFCCMesoNet,preemphasized_crop,jitter_proxy,1,3986,-0.005881180137232598,0.710493231322206,3986,-0.013290935260191481,0.4118836487394472,negated_raw_is_spoof,screen,0.7306066586817482,0.467543601271805
ASVspoof2021_DF,WhisperMFCCMesoNet,preemphasized_crop,shimmer_proxy_db,1,3986,-0.09552649143262341,1.5129786312639899e-09,3986,-0.012097626134157012,0.4551223118386402,negated_raw_is_spoof,screen,2.6580957913971273e-09,0.509736989259277
ASVspoof2021_DF,WhisperMFCCMesoNet,preemphasized_crop,f0_delta_hz,1,3986,-0.05602093643424249,0.0004023480265192613,3986,-0.029723521341485058,0.06643802402939257,negated_raw_is_spoof,screen,0.0005627010901580511,0.08652393827083683
ASVspoof2021_DF,WhisperMFCCMesoNet,preemphasized_crop,group_delay_var,1,5000,0.15994608286887554,5.235566933641737e-30,5000,0.027959491806667756,0.05208779437616107,negated_raw_is_spoof,screen,1.5363759735402826e-29,0.06876816860664094
ASVspoof2021_DF,WhisperMFCCMesoNet,preemphasized_crop,inst_freq_dispersion,1,5000,-0.049304222394549894,0.0004874051462243763,5000,-0.013645062597618812,0.3432255004430614,negated_raw_is_spoof,screen,0.0006753324912634657,0.39869928487076445
ASVspoof2021_DF,WhisperMFCCMesoNet,preemphasized_crop,modulation_centroid_hz,1,5000,0.05755798599060779,4.6546618474267335e-05,5000,0.05051810771230395,0.00044615578985574895,negated_raw_is_spoof,screen,6.927868796170022e-05,0.0007412031910582528
ASVspoof2021_DF,WhisperMFCCMesoNet,preemphasized_crop,modulation_entropy,1,5000,0.10869213513133708,1.2920013796305543e-14,5000,0.06862343845817225,1.8230097975755515e-06,negated_raw_is_spoof,screen,2.623036033570189e-14,3.5664121804098127e-06
ASVspoof2021_DF,XLSR-SLS,preemphasized_crop,crest_factor_db,0,5000,-0.2685687618622114,2.3640674022859176e-83,5000,-0.06055957090322635,2.1942667244873978e-05,negated_raw_is_spoof,screen,1.3874701260577612e-82,4.067716520980776e-05
ASVspoof2021_DF,XLSR-SLS,preemphasized_crop,peak_dbfs,0,5000,0.03930713934699903,0.00543900785231459,5000,0.15188959908105346,1.0501108380997272e-26,negated_raw_is_spoof,screen,0.00697521617701413,3.2444803825426053e-26
ASVspoof2021_DF,XLSR-SLS,preemphasized_crop,rms_dbfs,0,5000,0.41761123808964395,2.753602447769714e-210,5000,0.4835088761805021,7.301304299306218e-286,negated_raw_is_spoof,screen,3.2463523594758735e-209,1.533273902854306e-284
ASVspoof2021_DF,XLSR-SLS,preemphasized_crop,integrated_lufs,0,5000,0.016133842531348298,0.25402645138610264,5000,-0.014666376407211868,0.3043883603570384,negated_raw_is_spoof,screen,0.2762229374295485,0.3548117574326623
ASVspoof2021_DF,XLSR-SLS,preemphasized_crop,silence_fraction,0,5000,-0.5596401332642861,0.0,5000,-0.519526330385299,0.0,negated_raw_is_spoof,screen,0.0,0.0
ASVspoof2021_DF,XLSR-SLS,preemphasized_crop,clipping_fraction,0,5000,0.17665716921663896,2.472499878906901e-36,5000,0.1943433456623588,5.954304957102223e-43,negated_raw_is_spoof,screen,8.085255078469282e-36,2.374654558559462e-42
ASVspoof2021_DF,XLSR-SLS,preemphasized_crop,frame_rms_cv,0,5000,-0.61493335285685,0.0,5000,-0.5374555845434225,0.0,negated_raw_is_spoof,screen,0.0,0.0
ASVspoof2021_DF,XLSR-SLS,preemphasized_crop,frame_rms_range_db,0,5000,-0.1496060570993911,2.0262417072630258e-26,5000,-0.32651524689444833,3.2857907434907635e-122,negated_raw_is_spoof,screen,5.435666376370273e-26,2.3242646101324137e-121
ASVspoof2021_DF,XLSR-SLS,preemphasized_crop,spectral_centroid_hz,0,5000,-0.49125378772634093,4.099778739130746e-302,5000,-0.44492502997302236,3.5227816935873115e-237,negated_raw_is_spoof,screen,7.985655978828583e-301,4.782443026445804e-236
ASVspoof2021_DF,XLSR-SLS,preemphasized_crop,spectral_centroid_std_hz,0,5000,0.21259190982587267,3.3852472862851464e-52,5000,0.050186630338815576,0.00043781078682154413,negated_raw_is_spoof,screen,1.338168339049187e-51,0.0007291421282381107
ASVspoof2021_DF,XLSR-SLS,preemphasized_crop,spectral_bandwidth_hz,0,5000,-0.5983049334340266,0.0,5000,-0.5551916047994525,0.0,negated_raw_is_spoof,screen,0.0,0.0
ASVspoof2021_DF,XLSR-SLS,preemphasized_crop,spectral_rolloff85_hz,0,5000,-0.5607818465630615,0.0,5000,-0.49951354938851733,5.761680516543464e-308,negated_raw_is_spoof,screen,0.0,1.5183722773008656e-306
ASVspoof2021_DF,XLSR-SLS,preemphasized_crop,spectral_flatness,0,5000,-0.5897929547914487,0.0,5000,-0.5544259059004482,0.0,negated_raw_is_spoof,screen,0.0,0.0
ASVspoof2021_DF,XLSR-SLS,preemphasized_crop,spectral_slope_db_per_khz,0,5000,-0.3860981407624591,1.852504645278351e-177,5000,-0.3852454358710487,2.6643135848270067e-173,negated_raw_is_spoof,screen,1.8173476228132144e-176,2.3558141171101954e-172
ASVspoof2021_DF,XLSR-SLS,preemphasized_crop,low_high_energy_ratio_db,0,5000,0.4001090173157332,1.2915744267958868e-191,5000,0.3504389374476662,1.0201825505498624e-141,negated_raw_is_spoof,screen,1.3668315193808442e-190,8.065443223170677e-141
ASVspoof2021_DF,XLSR-SLS,preemphasized_crop,spectral_flux,0,5000,0.6331978274331792,0.0,5000,0.5581372187054894,0.0,negated_raw_is_spoof,screen,0.0,0.0
ASVspoof2021_DF,XLSR-SLS,preemphasized_crop,f0_median_hz,0,3742,0.0398816235083157,0.014695810543326228,3742,-0.0122325442484125,0.46020909410740063,negated_raw_is_spoof,screen,0.018220635950397093,0.5137217794687263
ASVspoof2021_DF,XLSR-SLS,preemphasized_crop,f0_iqr_hz,0,3742,0.04236604550074722,0.009544505345397707,3742,0.0011250484670423143,0.9458502301391478,negated_raw_is_spoof,screen,0.012056217278397103,0.9565257406373323
ASVspoof2021_DF,XLSR-SLS,preemphasized_crop,voiced_fraction,0,5000,0.14961294310718032,2.0155065922392873e-26,5000,0.12809528035346598,2.1355414172559687e-19,negated_raw_is_spoof,screen,5.417681719939204e-26,5.845555325442e-19
ASVspoof2021_DF,XLSR-SLS,preemphasized_crop,hnr_db,0,3742,-0.047135887999743775,0.003926201287984105,3742,0.021706240081496037,0.19000866434764005,negated_raw_is_spoof,screen,0.005083636349759766,0.23131489572756178
ASVspoof2021_DF,XLSR-SLS,preemphasized_crop,cpp_proxy_db,0,3742,0.13663950505283654,4.654765049323458e-17,3742,0.08895327113574918,7.41758271750415e-08,negated_raw_is_spoof,screen,1.0041740331124763e-16,1.5408394393084355e-07
ASVspoof2021_DF,XLSR-SLS,preemphasized_crop,jitter_proxy,0,3742,0.05339513404251091,0.0010849385337115048,3742,-0.013270826611678853,0.4230210641505831,negated_raw_is_spoof,screen,0.0014728862518265278,0.4789724601671303
ASVspoof2021_DF,XLSR-SLS,preemphasized_crop,shimmer_proxy_db,0,3742,0.08961008203841929,4.0003664069407154e-08,3742,0.02851593716322391,0.08509695808741134,negated_raw_is_spoof,screen,6.779940039001667e-08,0.10923620980848218
ASVspoof2021_DF,XLSR-SLS,preemphasized_crop,f0_delta_hz,0,3742,0.060604360453915325,0.0002077063193110969,3742,-0.02616682424011738,0.11411747008630217,negated_raw_is_spoof,screen,0.0002957174715615617,0.14387793601875246
ASVspoof2021_DF,XLSR-SLS,preemphasized_crop,group_delay_var,0,5000,-0.6285940673245508,0.0,5000,-0.5600073134406106,0.0,negated_raw_is_spoof,screen,0.0,0.0
ASVspoof2021_DF,XLSR-SLS,preemphasized_crop,inst_freq_dispersion,0,5000,0.16064917564531744,2.924149922288337e-30,5000,0.11757338511091342,1.4457656034178543e-16,negated_raw_is_spoof,screen,8.618547139376152e-30,3.6801306268818107e-16
ASVspoof2021_DF,XLSR-SLS,preemphasized_crop,modulation_centroid_hz,0,5000,0.3729324466371707,8.997800181101042e-165,5000,0.4407072731661458,3.148091992705796e-232,negated_raw_is_spoof,screen,8.282906468082055e-164,4.029557750663419e-231
ASVspoof2021_DF,XLSR-SLS,preemphasized_crop,modulation_entropy,0,5000,0.20260391281112397,1.7941207243388643e-47,5000,0.31679467027071007,9.03695164846722e-115,negated_raw_is_spoof,screen,6.679496547123086e-47,6.165311175400986e-114
ASVspoof2021_DF,XLSR-SLS,preemphasized_crop,crest_factor_db,1,5000,-0.12366700856036042,1.6924512976060671e-18,5000,-0.10177320934914777,1.3662006135824534e-12,negated_raw_is_spoof,screen,3.778495920236802e-18,3.290633735940533e-12
ASVspoof2021_DF,XLSR-SLS,preemphasized_crop,peak_dbfs,1,5000,-0.040736188765090255,0.003964670598188856,5000,-0.01683043798612236,0.24236261397034833,negated_raw_is_spoof,screen,0.005128505566858348,0.28800650148200546
ASVspoof2021_DF,XLSR-SLS,preemphasized_crop,rms_dbfs,1,5000,0.09590464830720304,1.0797108102425425e-11,5000,0.2968875378833039,8.143481857117667e-99,negated_raw_is_spoof,screen,2.0210742743258734e-11,5.187127780078741e-98
ASVspoof2021_DF,XLSR-SLS,preemphasized_crop,integrated_lufs,1,5000,0.011398512890676157,0.4203459353290337,5000,0.12328340390424719,8.197363351504417e-18,negated_raw_is_spoof,screen,0.44908182597950813,2.160246342043517e-17
ASVspoof2021_DF,XLSR-SLS,preemphasized_crop,silence_fraction,1,5000,-0.2977071337391351,7.170012673439687e-103,5000,-0.48109879965879576,3.575920918298814e-278,negated_raw_is_spoof,screen,4.967266511908731e-102,6.865768163133723e-277
ASVspoof2021_DF,XLSR-SLS,preemphasized_crop,clipping_fraction,1,5000,-0.0011116190579080385,0.9373637461332326,5000,-0.004126088622851132,0.7744234805634973,negated_raw_is_spoof,screen,0.9417767929010251,0.8087219563926499
ASVspoof2021_DF,XLSR-SLS,preemphasized_crop,frame_rms_cv,1,5000,-0.30868991514168215,7.58206874782045e-111,5000,-0.4385490123762975,4.2253444264770426e-226,negated_raw_is_spoof,screen,5.69290524976016e-110,5.2582063973936535e-225
ASVspoof2021_DF,XLSR-SLS,preemphasized_crop,frame_rms_range_db,1,5000,-0.19761091049586305,3.340359912686782e-45,5000,-0.37447890946870893,1.5067187141068545e-160,negated_raw_is_spoof,screen,1.203604215187945e-44,1.273603743245039e-159
ASVspoof2021_DF,XLSR-SLS,preemphasized_crop,spectral_centroid_hz,1,5000,-0.19360039460647988,2.0097998945704835e-43,5000,-0.2363787087665574,2.778652546795003e-62,negated_raw_is_spoof,screen,7.071128424876256e-43,1.348198203210283e-61
ASVspoof2021_DF,XLSR-SLS,preemphasized_crop,spectral_centroid_std_hz,1,5000,0.021602361269279016,0.12668297393296535,5000,-0.036896668800703795,0.010357357302780814,negated_raw_is_spoof,screen,0.14319757524466392,0.015081569030268053
ASVspoof2021_DF,XLSR-SLS,preemphasized_crop,spectral_bandwidth_hz,1,5000,-0.23161487794418267,6.996249110801467e-62,5000,-0.2956539794293265,5.651009519562822e-98,negated_raw_is_spoof,screen,3.2092009573096145e-61,3.532538043856946e-97
ASVspoof2021_DF,XLSR-SLS,preemphasized_crop,spectral_rolloff85_hz,1,5000,-0.24238432854148947,9.020185431421434e-68,5000,-0.2878457434911277,9.583053782987134e-93,negated_raw_is_spoof,screen,4.392438123126959e-67,5.881106979148269e-92
ASVspoof2021_DF,XLSR-SLS,preemphasized_crop,spectral_flatness,1,5000,-0.2933277000435066,8.708460299620069e-100,5000,-0.31709354178469856,3.3862542558795014e-113,negated_raw_is_spoof,screen,5.881492785271041e-99,2.2755628599510247e-112
ASVspoof2021_DF,XLSR-SLS,preemphasized_crop,spectral_slope_db_per_khz,1,5000,-0.16674639498187493,1.6745446836710177e-32,5000,-0.20960690899296155,4.599019601577816e-49,negated_raw_is_spoof,screen,5.138328892360383e-32,1.974786691540123e-48
ASVspoof2021_DF,XLSR-SLS,preemphasized_crop,low_high_energy_ratio_db,1,5000,0.1315022172628053,9.923579535005906e-21,5000,0.17241213779495712,1.597705972089314e-33,negated_raw_is_spoof,screen,2.3114888899563152e-20,5.4639104999695625e-33
ASVspoof2021_DF,XLSR-SLS,preemphasized_crop,spectral_flux,1,5000,0.23286894812823536,1.4938674728208214e-62,5000,0.2802495117131996,8.153442933673719e-88,negated_raw_is_spoof,screen,6.9713815398305e-62,4.827412908747788e-87
ASVspoof2021_DF,XLSR-SLS,preemphasized_crop,f0_median_hz,1,3986,0.04930139725095333,0.0018485131570349935,3986,-0.011849473259682062,0.4644245158356287,negated_raw_is_spoof,screen,0.0024769707707428027,0.5175676196377156
ASVspoof2021_DF,XLSR-SLS,preemphasized_crop,f0_iqr_hz,1,3986,0.07499257474088444,2.1389799799891067e-06,3986,-0.002316551382001169,0.8862760216687795,negated_raw_is_spoof,screen,3.3781305441896114e-06,0.9051329583000302
ASVspoof2021_DF,XLSR-SLS,preemphasized_crop,voiced_fraction,1,5000,0.13476295489023055,1.0640735766243003e-21,5000,0.15415029465676605,4.692607505350091e-27,negated_raw_is_spoof,screen,2.5401685381581874e-21,1.4565506898823374e-26
ASVspoof2021_DF,XLSR-SLS,preemphasized_crop,hnr_db,1,3986,0.030124174478908222,0.057208022286935764,3986,0.06479658484167762,6.212831417572126e-05,negated_raw_is_spoof,screen,0.06732712955660392,0.00011223179334969001
ASVspoof2021_DF,XLSR-SLS,preemphasized_crop,cpp_proxy_db,1,3986,0.17117630765931602,1.3707784083553747e-27,3986,0.0732038227949735,6.0257940611285435e-06,negated_raw_is_spoof,screen,3.83817954339505e-27,1.152015251515898e-05
ASVspoof2021_DF,XLSR-SLS,preemphasized_crop,jitter_proxy,1,3986,0.0847575208494347,8.363108183849649e-08,3986,-0.021090258123678554,0.1928475420776369,negated_raw_is_spoof,screen,1.3928150432582315e-07,0.23434638024624235
ASVspoof2021_DF,XLSR-SLS,preemphasized_crop,shimmer_proxy_db,1,3986,-0.05546836724724587,0.00045904533936400326,3986,-0.09004098202389814,2.5443485704812285e-08,negated_raw_is_spoof,screen,0.000637352206720269,5.402218765761091e-08
ASVspoof2021_DF,XLSR-SLS,preemphasized_crop,f0_delta_hz,1,3986,0.08184560019459901,2.2868672275617864e-07,3986,-0.024162681140035412,0.13571025059801142,negated_raw_is_spoof,screen,3.748231163223221e-07,0.16904038628705037
ASVspoof2021_DF,XLSR-SLS,preemphasized_crop,group_delay_var,1,5000,-0.18019067208287262,9.357398941993375e-38,5000,-0.24564134307620372,2.889057257979689e-67,negated_raw_is_spoof,screen,3.120680937478684e-37,1.4876984500860928e-66
ASVspoof2021_DF,XLSR-SLS,preemphasized_crop,inst_freq_dispersion,1,5000,-0.02486758812865883,0.07870732073306375,5000,0.009812043796258389,0.4955251621955998,negated_raw_is_spoof,screen,0.09080054855385208,0.5490402456643744
ASVspoof2021_DF,XLSR-SLS,preemphasized_crop,modulation_centroid_hz,1,5000,0.20042340288103772,1.7891455536160313e-46,5000,0.24245213835674573,1.58716706643822e-65,negated_raw_is_spoof,screen,6.58797705221903e-46,8.080123247321846e-65
ASVspoof2021_DF,XLSR-SLS,preemphasized_crop,modulation_entropy,1,5000,0.15401660448562815,6.4064354625761675e-28,5000,0.19052689174045656,1.0890581173223636e-40,negated_raw_is_spoof,screen,1.8165082830595716e-27,4.170068688550589e-40
